HILICZ_positive|IK:CZDNLUMNELLDDD-QZFWYPLZSA-N,HILICZ_positive|NAME:,HILICZ_positive|IK:KWIUHFFTVRNATP-UHFFFAOYSA-N,HILICZ_negative|IK:FBPFZTCFMRRESA-KVTDHHQDSA-N,HILICZ_negative|IK:FBPFZTCFMRRESA-GUCUJZIJSA-N,HILICZ_negative|IK:HDTRYLNUVZCQOY-LIZSDCNHSA-N,HILICZ_positive|IK:OIRDTQYFTABQOQ-KQYNXXCUSA-N,HILICZ_negative|IK:IJFXRHURBJZNAO-UHFFFAOYSA-N,HILICZ_positive|IK:CZMRCDWAGMRECN-UGDNZRGBSA-N,C18_positive|IK:CZDNLUMNELLDDD-QZFWYPLZSA-N,HILICZ_negative|IK:CZMRCDWAGMRECN-UGDNZRGBSA-N,HILICZ_positive|IK:GFFGJBXGBJISGV-UHFFFAOYSA-N,C18_negative|IK:CZDNLUMNELLDDD-QZFWYPLZSA-N,HILICZ_negative|NAME:,HILICZ_positive|IK:HUMNYLRZRPPJDN-UHFFFAOYSA-N,HILICZ_negative|IK:KRKNYBCHXYNGOX-UHFFFAOYSA-N,HILICZ_negative|IK:HEBKCHPVOIAQTA-IMJSIDKUSA-N,HILICZ_negative|IK:FGSBNBBHOZHUBO-UHFFFAOYSA-N,C18_positive|NAME:,HILICZ_positive|IK:YNBADRVTZLEFNH-UHFFFAOYSA-N,HILICZ_positive|IK:RGHHSNMVTDWUBI-UHFFFAOYSA-N,C18_negative|NAME:,HILICZ_negative|IK:SLWWJZMPHJJOPH-PHDIDXHHSA-N,HILICZ_negative|IK:AAWZDTNXLSGCEK-LNVDRNJUSA-N,C18_negative|IK:NGFMICBWJRZIBI-UHFFFAOYSA-N,HILICZ_negative|IK:FTVWIRXFELQLPI-ZDUSSCGKSA-N,HILICZ_positive|IK:OLXZPDWKRNYJJZ-UHFFFAOYSA-N,C18_positive|IK:UAUDZVJPLUQNMU-KTKRTIGZSA-N,C18_positive|IK:RGHHSNMVTDWUBI-UHFFFAOYSA-N,HILICZ_positive|IK:OPTASPLRGRRNAP-UHFFFAOYSA-N,C18_positive|IK:XEAQIWGXBXCYFX-UHFFFAOYSA-N,HILICZ_negative|IK:CDAISMWEOUEBRE-UHFFFAOYSA-N,HILICZ_negative|IK:PFTAWBLQPZVEMU-UHFFFAOYSA-N,HILICZ_negative|IK:JVQYSWDUAOAHFM-UHFFFAOYSA-N,HILICZ_negative|IK:LCTONWCANYUPML-UHFFFAOYSA-N,HILICZ_positive|IK:LOIYMIARKYCTBW-OWOJBTEDSA-N,C18_negative|IK:OKUXNMMTKMWVBG-BFMVXSJESA-N,C18_positive|IK:OKVJCVWFVRATSG-UHFFFAOYSA-N,C18_positive|IK:CZMRCDWAGMRECN-UGDNZRGBSA-N,C18_negative|IK:YGSDEFSMJLZEOE-UHFFFAOYSA-N,C18_negative|IK:FJKROLUGYXJWQN-UHFFFAOYSA-N,C18_positive|IK:WQZGKKKJIJFFOK-PHYPRBDBSA-N,HILICZ_negative|IK:KCOOTJRKKIDHTM-UHFFFAOYSA-N,HILICZ_positive|IK:XEAQIWGXBXCYFX-UHFFFAOYSA-N,HILICZ_negative|IK:KDYFGRWQOYBRFD-UHFFFAOYSA-N,HILICZ_positive|IK:NTYJJOPFIAHURM-UHFFFAOYSA-N,C18_positive|IK:ZEYHEAKUIGZSGI-UHFFFAOYSA-N,HILICZ_negative|IK:BJEPYKJPYRNKOW-UWTATZPHSA-N,HILICZ_negative|IK:BJRNKVDFDLYUGJ-UHFFFAOYSA-N,HILICZ_negative|IK:GHOKWGTUZJEAQD-UHFFFAOYSA-N,HILICZ_negative|IK:OKVJCVWFVRATSG-UHFFFAOYSA-N,HILICZ_positive|IK:CDRPUGZCRXZLFL-UHFFFAOYSA-N,HILICZ_positive|IK:OLXZPDWKRNYJJZ-RRKCRQDMSA-N,C18_positive|IK:BJHIKXHVCXFQLS-PQLUHFTBSA-N,C18_negative|IK:BJEPYKJPYRNKOW-REOHCLBHSA-N,HILICZ_positive|IK:UYTPUPDQBNUYGX-UHFFFAOYSA-N,HILICZ_positive|IK:NJMQSVWMCODQIP-FQXXIRCGSA-N,HILICZ_positive|IK:FVXDQWZBHIXIEJ-LNDKUQBDSA-N,HILICZ_negative|IK:ODHCTXKNWHHXJC-UHFFFAOYSA-N,HILICZ_negative|IK:AKEUNCKRJATALU-UHFFFAOYSA-N,HILICZ_positive|IK:MWAYRGBWOVHDDZ-UHFFFAOYSA-N,C18_negative|IK:CZMRCDWAGMRECN-UGDNZRGBSA-N,HILICZ_negative|IK:NGFMICBWJRZIBI-UHFFFAOYSA-N,C18_positive|IK:SHGAZHPCJJPHSC-UHFFFAOYSA-N,HILICZ_negative|IK:VZCYOOQTPOCHFL-UPHRSURJSA-N,C18_negative|IK:RHBSLIMVGWKFQW-UHFFFAOYSA-N,C18_negative|IK:GUBGYTABKSRVRQ-QUYVBRFLSA-N,HILICZ_positive|IK:COLNVLDHVKWLRT-QMMMGPOBSA-N,HILICZ_negative|IK:BJHIKXHVCXFQLS-PQLUHFTBSA-N,C18_negative|IK:IJFXRHURBJZNAO-UHFFFAOYSA-N,C18_negative|IK:SMUMBCREXHTKFN-VZOUQOBNSA-N,HILICZ_negative|IK:KMQUGCQVIDIVLT-CKNMYDPISA-N,HILICZ_negative|IK:WCGUUGGRBIKTOS-GPOJBZKASA-N,HILICZ_positive|IK:OTBHHUPVCYLGQO-UHFFFAOYSA-N,C18_positive|IK:ZUUPZDSDPDQRJK-VXPJCVMDSA-N,C18_positive|IK:FLROYCKIIJCTDY-BFMVXSJESA-N,HILICZ_negative|IK:RHBSLIMVGWKFQW-UHFFFAOYSA-N,HILICZ_negative|IK:YCIMNLLNPGFGHC-UHFFFAOYSA-N,HILICZ_positive|IK:UHDGCWIWMRVCDJ-XVFCMESISA-N,HILICZ_positive|IK:UAUDZVJPLUQNMU-KTKRTIGZSA-N,HILICZ_negative|IK:OKJIRPAQVSHGFK-UHFFFAOYSA-N,C18_negative|IK:WJAOHEPEBANKEO-UHFFFAOYSA-N,HILICZ_positive|IK:UWHCKJMYHZGTIT-UHFFFAOYSA-N,HILICZ_positive|IK:ODKSFYDXXFIFQN-BYPYZUCNSA-N,HILICZ_positive|IK:JHAXQRDTTACRKJ-FQDDALBOSA-N,C18_positive|IK:RCFGIEPQSDGMJJ-UHFFFAOYSA-N,C18_negative|IK:NJRLDXGREKHXGV-IVABAYMNSA-N,HILICZ_positive|IK:MSWZFWKMSRAUBD-UHFFFAOYSA-N,C18_negative|IK:LWYJCVVIVLBLID-UHFFFAOYSA-N,HILICZ_positive|IK:MMOXZBCLCQITDF-UHFFFAOYSA-N,HILICZ_positive|IK:KDJVHSVOXOZBDR-UHFFFAOYSA-N,C18_positive|IK:NGFMICBWJRZIBI-UHFFFAOYSA-N,C18_positive|IK:SIKJAQJRHWYJAI-UHFFFAOYSA-N,HILICZ_positive|IK:FDGQSTZJBFJUBT-UHFFFAOYSA-N,HILICZ_negative|IK:DRTQHJPVMGBUCF-UHFFFAOYSA-N,HILICZ_positive|IK:MUPFEKGTMRGPLJ-ZQSKZDJDSA-N,HILICZ_positive|IK:WHUUTDBJXJRKMK-VKHMYHEASA-N,HILICZ_negative|IK:OXQKEKGBFMQTML-KVTDHHQDSA-N,HILICZ_negative|IK:CBQJSKKFNMDLON-UHFFFAOYSA-N,HILICZ_negative|IK:SMUMBCREXHTKFN-VZOUQOBNSA-N,C18_positive|IK:MDMCODCJMHTFIZ-UHFFFAOYSA-N,HILICZ_negative|IK:WXTMDXOMEHJXQO-UHFFFAOYSA-N,HILICZ_negative|IK:COLNVLDHVKWLRT-QMMMGPOBSA-N,HILICZ_positive|IK:ULSIYEODSMZIPX-UHFFFAOYSA-N,C18_positive|IK:WCGUUGGRBIKTOS-UHFFFAOYSA-N,HILICZ_negative|IK:LJCWONGJFPCTTL-ZETCQYMHSA-N,C18_positive|IK:MMOXZBCLCQITDF-UHFFFAOYSA-N,HILICZ_positive|IK:PUQSUZTXKPLAPR-UJPOAAIJSA-N,C18_negative|IK:FBPFZTCFMRRESA-GUCUJZIJSA-N,C18_positive|IK:FATBGEAMYMYZAF-KTKRTIGZSA-N,HILICZ_positive|IK:SIKJAQJRHWYJAI-UHFFFAOYSA-N,HILICZ_negative|IK:VRYALKFFQXWPIH-UHFFFAOYSA-N,HILICZ_positive|IK:VAWYEUIPHLMNNF-OESPXIITSA-N,C18_positive|IK:LVFCLUMIBMHAFL-HMUNZLOLSA-N,HILICZ_negative|IK:VZCYOOQTPOCHFL-OWOJBTEDSA-N,HILICZ_negative|IK:WHBMMWSBFZVSSR-GSVOUGTGSA-N,C18_positive|IK:NJMQSVWMCODQIP-FQXXIRCGSA-N,HILICZ_negative|IK:RYWDJUUPROVLNV-LXFHESFISA-N,HILICZ_negative|IK:ZBCATMYQYDCTIZ-UHFFFAOYSA-N,HILICZ_negative|IK:KQBFNIVRWYGXRN-QJMXJWGSSA-N,C18_positive|IK:CDRPUGZCRXZLFL-UHFFFAOYSA-N,C18_negative|IK:ROJOJPXRGHLGTC-UHFFFAOYSA-N,HILICZ_negative|IK:ROJOJPXRGHLGTC-UHFFFAOYSA-N,C18_negative|IK:KRKNYBCHXYNGOX-UHFFFAOYSA-N,C18_positive|IK:VQTDPCRSXHFMOL-UHFFFAOYSA-N,HILICZ_negative|IK:WHUUTDBJXJRKMK-VKHMYHEASA-N,HILICZ_positive|IK:ZTNYRNGTBAGYIZ-QXMHVHEDSA-N,C18_negative|IK:DLRVVLDZNNYCBX-ABXHMFFYSA-N,HILICZ_positive|IK:RYVGWQDLAVSRHO-UHFFFAOYSA-N,HILICZ_negative|IK:IAVREABSGIHHMO-UHFFFAOYSA-N,C18_positive|IK:KZSNJWFQEVHDMF-BYPYZUCNSA-N,HILICZ_negative|IK:DCXYFEDJOCDNAF-REOHCLBHSA-N,HILICZ_positive|IK:CKTSBUTUHBMZGZ-SHYZEUOFSA-N,HILICZ_positive|IK:HDTRYLNUVZCQOY-LIZSDCNHSA-N,HILICZ_positive|IK:SIOXPEMLGUPBBT-UHFFFAOYSA-N,HILICZ_negative|IK:CDRPUGZCRXZLFL-UHFFFAOYSA-N,C18_positive|IK:HHSKNLJWHGXWPK-BFMVXSJESA-N,HILICZ_positive|IK:FORFDCPQKJHEBF-VPUSDGANSA-N,HILICZ_positive|IK:GHOKWGTUZJEAQD-UHFFFAOYSA-N,HILICZ_negative|IK:GCFBQCLCBDJAGR-UHFFFAOYSA-N,HILICZ_negative|IK:WJAOHEPEBANKEO-UHFFFAOYSA-N,HILICZ_negative|IK:BJRNKVDFDLYUGJ-RMPHRYRLSA-N,HILICZ_positive|IK:WKOLLVMJNQIZCI-UHFFFAOYSA-N,HILICZ_positive|IK:RGHMISIYKIHAJW-UHFFFAOYSA-N,HILICZ_negative|IK:MUPFEKGTMRGPLJ-BQCSWRFHSA-N,C18_negative|IK:KHQBUXVQVFVJTF-UHFFFAOYSA-N,C18_positive|IK:KKVZAVRSVHUSPL-GQCTYLIASA-N,HILICZ_positive|IK:KQBFNIVRWYGXRN-QJMXJWGSSA-N,HILICZ_negative|IK:DLIKSSGEMUFQOK-UHFFFAOYSA-N,HILICZ_positive|IK:ACHDMUPTZYZIGR-CUHSZNQNSA-N
569428515.8203561,132540209.41217852,35722085.270437285,32273395.496824536,0.0,43706605.4595101,80848319.46729164,22612039.48519428,32364837.305518493,67407121.94265695,437017.58923048794,0.0,62751151.91289911,37900863.89735156,165693377.6954065,72417899.73291014,10076444.297737474,0.0,37071530.57401173,0.0,0.0,24463109.02744127,996289.794347029,1288398.9038696224,9427524.713284828,29525473.15805555,0.0,43125655.54218729,9309138.18582361,2701606.634328099,8091548.497141386,5994031.282897471,8050149.456074756,4604812.917752702,2980235.2868130207,959398.1725917113,18854332.2232655,21261159.57265299,10688168.415383618,0.0,2009691.6367808478,0.0,2564221.2324239747,0.0,1223569.5264822815,0.0,963472.7025329152,0.0,2236822.7241368596,1640980.7217818515,1859745.7241000163,0.0,31678226.86911761,8288933.749483972,0.0,4119197.1679665837,0.0,4508148.452933744,213874.58129717392,0.0,2383267.678790735,0.0,793148.0034772987,0.0,0.0,1144768.4291066313,8188184.8436386455,0.0,0.0,0.0,412767.4807167566,0.0,2344587.598165407,5055844.165312561,0.0,628702.4397795189,1951774.7543847845,0.0,0.0,0.0,0.0,616546.2569223131,6340270.445015909,0.0,0.0,6656338.004631526,0.0,0.0,0.0,0.0,0.0,4910265.286675756,1507227.317096905,1076505.457361163,4734294.956859636,762146.1876200434,0.0,884914.9124127885,0.0,0.0,149939.40046428228,569174.5967285624,0.0,248822.58215999586,852097.7721665521,0.0,330752.0848164949,873964.9918992392,0.0,1313886.2386312718,5984781.6478615515,610662.0445364548,0.0,1632062.747646959,0.0,1808970.0884647057,1011809.4932023814,1247491.1285720456,0.0,0.0,0.0,861128.6886819594,1265039.2311073833,0.0,0.0,253834.21828899143,0.0,0.0,12314662.062775858,0.0,0.0,0.0,1033585.5827064307,0.0,0.0,0.0,1391674.7097670746,1982215.0784062087,0.0,0.0,0.0,1755432.1832139394,0.0,3574426.4926993134,0.0,160451.6473545863,0.0,2240350.137598822,1640108.54961919,0.0
0.0,588289101.8180962,732235134.823454,459934997.7626598,0.0,136320275.96097654,99816739.47262585,292328969.9801121,124196177.59483711,126882791.9692311,0.0,0.0,64051071.704131536,41487639.68383217,0.0,0.0,0.0,290735419.392552,92353888.92776453,97712553.78507082,35620107.58119322,44972060.69645745,57100729.16472192,110537944.75117978,19172308.638746236,24126678.29975435,18422636.871464264,51035947.075389296,25670008.19950153,0.0,0.0,21750847.684888866,2745283.156539208,0.0,51460335.81054763,79115947.90394747,26467735.619222984,0.0,11238271.308387877,37137726.10477826,0.0,0.0,26226396.975104377,32324381.20293885,56681659.04416887,64958729.812306136,433437.47352203826,0.0,0.0,0.0,5565867.378801944,0.0,0.0,23630582.929710407,36161876.98215677,0.0,0.0,3305418.9565046765,45665418.27507316,30321704.84835246,6441597.080103415,0.0,660542.9843623622,224094.39069570656,12304058.129275322,424571.3568204495,0.0,11260935.328288719,0.0,0.0,8335158.562865866,6296982.390509812,2782522.6638003164,22722509.447212014,13134517.132990362,0.0,0.0,0.0,9948795.722698214,3477833.5587648246,5540292.3382853195,0.0,0.0,4274303.9965423355,0.0,22277389.460195575,6734910.845442685,0.0,104840.0561538452,0.0,0.0,3967071.9704986643,5351545.761240603,0.0,2254167.050118692,0.0,7418324.9513089685,3335263.1843078164,0.0,0.0,0.0,0.0,3107926.018934129,6064577.792183818,0.0,0.0,208066.58428907677,1517570.1386856134,0.0,13491218.555077756,0.0,9636114.228702195,0.0,3291796.652306967,0.0,0.0,4267169.964702912,4679402.770189403,10021267.856661435,0.0,6857403.11321044,74877.78432358579,0.0,12524563.966519035,2274045.641888095,6884698.143318571,788593.7909158769,0.0,0.0,0.0,14038040.334337132,3440227.9233277263,0.0,4181359.85094041,7197521.968345448,0.0,0.0,0.0,0.0,0.0,0.0,3195922.4720652034,0.0,1815285.574132451,0.0,0.0,0.0,0.0,0.0,0.0
0.0,153234286.6150144,32672555.543140396,57795374.016153015,0.0,61859165.59115712,17732026.255583413,48436496.93190042,57159882.43155047,62185936.83676125,1564672.6663504275,0.0,44416304.76693979,36210418.543732606,96668328.7492436,27592807.857540093,0.0,1313906.2158354095,48288796.994629554,2760168.9195025396,34184777.38781592,33121140.733918488,4609407.734490066,6562751.232986435,13713560.595246697,26519640.010842673,0.0,29906397.504798885,9035162.752482371,2091825.2248210702,4679062.638660349,6406342.924318786,6217365.116630898,1810870.629846921,4041739.176870946,930700.7946840975,16262205.987384632,0.0,8363750.057062686,0.0,4858518.0905301515,0.0,961050.4637688071,0.0,2895204.8777886233,0.0,153702.2559450828,0.0,12298517.621575762,1926450.7287658823,8902081.980422428,7206811.16019619,0.0,6491703.961062075,6660746.582567226,0.0,0.0,5413298.518436389,629361.0080682175,0.0,6090123.556882572,3180426.21416336,8058925.35075616,79961.55364209406,0.0,116441.4396329731,0.0,358023.1930186334,0.0,0.0,1575741.2319660785,2105111.3302615853,2870261.3815163383,3746918.95757513,10486532.29584598,0.0,0.0,5461697.360633122,0.0,0.0,635661.8571947897,65848.6125325579,4264795.4493172085,2761361.64128509,7380611.253866847,8166119.600170392,0.0,0.0,0.0,0.0,0.0,6072425.05811962,2233417.598769576,0.0,3544814.610344572,0.0,726791.8931654135,0.0,335926.64257991314,1924464.714506297,0.0,1125971.6615181265,377960.6199387704,0.0,367518.7192538309,0.0,0.0,2423195.7890842613,2437873.0115716904,5608183.410676954,0.0,1617772.758727377,5415844.163093076,3286226.0526265115,0.0,1439130.6878130168,1030516.0665523943,1760318.1887126258,0.0,0.0,0.0,53884.54301807771,0.0,821406.9251479019,0.0,1690751.7778618636,346659.17006909364,0.0,4159241.0459090066,0.0,918272.8233316144,1084766.8977605102,736082.9446986162,320959.2150239946,722230.640709598,0.0,1969014.7487694002,0.0,0.0,0.0,0.0,0.0,1251833.3473493976,3009776.543129436,1673382.3649521186,36764.91744154714,4570906.007281653,1483304.8226338925,0.0,0.0
168193686.97327542,73801158.72928894,0.0,0.0,0.0,38579365.93834094,18545993.809130147,175744.44918213505,21661606.095923573,14828590.733833365,0.0,0.0,11146863.961863812,25372626.96116687,35792921.68205161,68884641.74583425,0.0,0.0,20472157.10803313,0.0,21004490.399792857,8053223.226220918,0.0,0.0,998789.0090626753,39679086.30526919,4768643.134239944,20011501.394896597,2461867.0743617653,491604.20541560376,217637.91354425525,770740.000150741,2326239.952078164,93155.92078255123,0.0,169445.83685975967,5851503.77815519,3409220.3378433585,6153766.087043748,0.0,0.0,0.0,0.0,438412.1756218558,1028539.4979344918,208412.94528079795,951434.1291260944,0.0,10221888.541128082,0.0,1188883.2693246424,0.0,0.0,0.0,0.0,1421895.1949556211,996823.3942985721,0.0,0.0,0.0,1960938.611367617,0.0,1058878.7974168684,0.0,0.0,1763733.4262907961,3083478.560939276,0.0,0.0,0.0,199127.8681624178,0.0,0.0,4298420.119179362,3697168.895179911,0.0,2603279.459691093,526472.683535233,0.0,0.0,0.0,1119856.769943402,5553961.4665051075,3412030.9513880317,0.0,5872985.301003431,1064090.76402789,0.0,1679100.6805962613,0.0,3158648.6107619493,846214.452407381,331799.9288411586,110127.73093188179,0.0,1121608.5504595686,0.0,0.0,0.0,879951.2141312181,214801.2884787099,0.0,0.0,198239.43723270344,970419.3022076322,5566606.081706606,658639.4813214213,0.0,0.0,4800767.387707789,3972326.674983641,0.0,0.0,100879.192030008,0.0,0.0,257870.7664584456,410884.10750150355,0.0,0.0,889930.1679681545,1523916.4278985036,2025677.8581416542,0.0,230667.0310763119,275573.9156471566,311299.8357988277,0.0,0.0,1124463.4973902537,0.0,0.0,0.0,1917034.0442824687,0.0,205332.5159510095,441942.5911744941,0.0,0.0,0.0,1292695.982267459,0.0,212231.68085251603,1999336.5094262632,0.0,255401.22139678223,0.0,0.0,0.0,0.0
48155354.94436667,260886560.45055744,0.0,0.0,0.0,18054032.651410587,26408639.088298697,894666.1821307956,5629884.844020902,104929940.16141824,0.0,8906824.022732554,86370712.75183357,36826405.28546129,10445034.291987265,74494241.24438474,0.0,0.0,35348908.730635464,0.0,4535095.010235203,22653144.89105799,0.0,0.0,37717810.66381262,34956466.43617722,0.0,42688014.477818936,28709257.077352762,3371020.352826162,1899039.604126488,753229.6405756177,0.0,0.0,0.0,4562154.315599851,24381564.3274576,0.0,24549732.026751,1059353.2831961955,0.0,0.0,0.0,159264.21276718934,1076242.7213592536,0.0,252876.96263670168,0.0,1425905.0615157166,0.0,546299.5443488517,0.0,0.0,19453250.50961297,0.0,6315394.221772237,0.0,0.0,267181.9834709318,0.0,0.0,8140155.667264609,476739.8186660412,0.0,0.0,268487.8837001832,0.0,0.0,0.0,0.0,12238282.035091786,0.0,622693.3446439169,3413314.741641762,0.0,15595938.048955139,0.0,0.0,0.0,0.0,0.0,149542.2510420127,7414065.050548909,0.0,255201.61966720532,5448286.447083329,0.0,0.0,202792.78967945426,0.0,0.0,9274743.869597953,1436924.0557581033,1439640.6064033518,0.0,0.0,0.0,0.0,0.0,0.0,0.0,0.0,0.0,250237.1460463996,162301.89238451386,0.0,0.0,0.0,0.0,9622270.841784352,1330767.2816746384,0.0,0.0,9453292.326789277,215814.56088205616,169570.82129956232,1080027.3770906662,0.0,0.0,0.0,4780730.159561626,255098.4196176953,376328.70443741523,0.0,0.0,241126.2555521282,0.0,0.0,1337550.0701890513,274638.4441073002,0.0,0.0,1411571.5410215105,0.0,0.0,0.0,1385170.5687134562,0.0,0.0,0.0,0.0,0.0,131901.75098508413,873481.011548688,0.0,0.0,165687.9322284163,0.0,0.0,0.0
58508360.16923976,328529293.08002824,0.0,13736684.616582083,0.0,71277923.56709912,0.0,0.0,22135645.455618843,5842554.781764061,0.0,0.0,0.0,32701998.789078653,13208156.124376297,67406560.19023314,0.0,195332.59980484645,22812067.593251485,0.0,6385576.628031852,10144416.174171286,0.0,0.0,651832.869453173,34540419.280843616,20080980.88096574,12228701.344984578,1439227.0677266351,2870698.8966494836,0.0,704686.1504120828,356483.4353625697,0.0,0.0,250734.21941945548,5338336.04243693,1488366.1984447513,9374673.65048851,0.0,0.0,0.0,0.0,284353.8924783544,1374000.1067580725,0.0,3231666.464839085,0.0,1113266.7718205974,0.0,574804.3377228939,0.0,0.0,0.0,0.0,4991669.332416817,431647.7366615401,0.0,0.0,0.0,492212.7382309874,0.0,504255.72274626786,0.0,0.0,1972194.5228081204,0.0,0.0,0.0,204320.2032971235,365473.32737809775,0.0,548241.9281559131,4749989.23848685,1590881.3158529692,0.0,1865115.7668294304,0.0,0.0,0.0,0.0,1340011.112931385,8732302.231735224,2350714.8291339856,0.0,6861495.211924433,0.0,0.0,3865848.482260551,0.0,3036849.51365131,529479.7956172961,0.0,365451.02846918657,0.0,1421307.9758316057,0.0,0.0,0.0,0.0,255371.8868063092,0.0,0.0,0.0,1255415.9236537516,0.0,373370.6621070381,0.0,0.0,2167723.085641331,1753354.45485796,0.0,0.0,272602.0550498122,258202.37431008162,0.0,179491.9208610005,0.0,0.0,0.0,0.0,2122192.491960303,1906273.1415830401,0.0,624783.4168410073,288382.6447342932,0.0,4045253.697369405,0.0,3210823.1929747476,0.0,0.0,1068493.38433749,1131460.220352295,0.0,0.0,252236.56263451293,0.0,0.0,0.0,1384787.8070734094,0.0,174980.6948605544,1949923.9179231494,0.0,205694.40068146633,0.0,0.0,0.0,0.0
492506136.48552746,374515325.4651493,0.0,0.0,0.0,36525321.09154801,139796399.64294568,6582594.588836234,13924803.24281045,59253808.1207111,0.0,0.0,42700276.91385803,34380772.352137394,99982642.91607095,59231694.949472405,0.0,0.0,55314757.916587874,0.0,49661337.31321548,35121402.37952515,491514.523664077,0.0,5476730.781274476,0.0,36246349.45331631,18366168.977393717,11939006.680224275,0.0,3694114.5274682464,2129795.2712230724,1371281.5995306217,0.0,0.0,327053.13926950673,0.0,3730519.312241432,8596464.038245007,0.0,0.0,0.0,0.0,2866890.045965432,1279044.035975642,10079995.193764957,3469662.3326271246,0.0,0.0,0.0,4068697.5900927605,14273530.399555136,0.0,5411956.032213232,0.0,1610501.6135474702,1037224.9853463701,0.0,0.0,216106.2784281148,5313932.710562972,0.0,3649603.7329704505,0.0,0.0,4010366.1868286473,3371311.470379218,0.0,0.0,513389.2826078392,1650399.9476477855,0.0,636454.5422511178,4775993.089491263,0.0,963627.031486333,5915295.406439242,1480574.3644819537,850350.6592690229,0.0,0.0,3142852.37927659,8959686.38974386,0.0,5302568.320211257,6941185.562219983,4497300.5335180955,0.0,4820059.511825357,1645757.1781014793,7228561.440122517,3462507.0295293764,2370770.9685243377,0.0,744976.0093124644,781751.8640076633,0.0,0.0,0.0,997344.4159228945,667603.4784664157,0.0,0.0,353925.6339443627,565979.490766764,0.0,1526209.3751455594,529522.6422313906,0.0,1361373.4346933526,0.0,0.0,0.0,4122336.7839552946,0.0,0.0,388273.81405431917,0.0,449109.78133702284,0.0,3797528.52464549,4932172.680583289,7479706.3646378545,0.0,4645121.588845972,335248.91854476155,471533.88335170114,0.0,0.0,2407531.3048266754,0.0,719981.7506996485,1416160.248126747,432034.76277196384,0.0,1388786.1546707887,0.0,0.0,0.0,0.0,4216004.420144976,0.0,240790.09185904337,4467674.906072725,0.0,684703.0380127768,0.0,0.0,408306.2281050772,436190.5164211395
307730949.99767166,325740074.7141901,0.0,0.0,56492946.56666281,59905168.84963992,37578232.92455079,3027066.9634079947,17778919.568172224,28829153.836649127,0.0,0.0,21390801.5096079,63059056.96617806,71945735.33962755,66189544.46316245,0.0,0.0,20158412.10429072,0.0,14729876.55857604,11173244.45712246,0.0,0.0,2488808.350244208,41918168.80220169,14256696.761155017,16282946.217835898,3546095.098320541,1911136.115800708,905917.6528309982,2765393.704892638,7607210.170963275,0.0,0.0,370844.86354606505,7348512.186462959,1433358.67469856,12894674.922502458,0.0,0.0,9046958.342738599,218559.62950380883,0.0,1574048.926033199,0.0,1532619.1804913573,0.0,41232501.254064284,731025.992296768,2243995.7223863495,0.0,0.0,0.0,0.0,3425719.4381277584,2395312.3234393788,0.0,159917.3154533803,0.0,2013621.5751785473,0.0,1898625.5196141007,0.0,0.0,1777842.3403264205,7383203.339913138,0.0,0.0,190768.7132433055,322321.3661168295,1591235.109141276,0.0,5476196.115770442,6827306.209812162,0.0,1688294.5134928846,1333447.9117472384,0.0,686263.4760891126,0.0,916243.2692694066,9350468.988099456,0.0,0.0,6716533.950784459,2136911.2771968273,0.0,2290221.243785441,0.0,2742206.575109126,2102634.3080409747,576623.394007578,2945455.081689819,4176289.8742911397,1587000.1153808269,0.0,0.0,1916802.942703458,2442520.7616229486,241404.78201216456,0.0,0.0,324859.24231213325,1468982.2715464826,3698582.6310144854,451588.60287805885,0.0,0.0,1265761.347143008,7095591.714301995,0.0,0.0,376143.3163894994,228203.84605019135,0.0,627464.7515475708,0.0,0.0,1560832.2299732126,1235187.2104767256,1392962.3907086183,1054267.6274609594,0.0,0.0,361753.45188558195,0.0,0.0,0.0,1218686.698163364,0.0,0.0,666482.7171800591,941554.8138449412,0.0,388596.2877298587,705952.381119981,0.0,0.0,0.0,699210.4989094392,0.0,0.0,1740834.9803027185,0.0,228255.53568307692,0.0,1150520.6279626926,1616265.0123486079,0.0
377211313.6651895,322760912.5462141,46448511.96348579,21138864.04854999,0.0,29998940.840427447,45109049.951770626,41507394.335196085,9553761.920624968,45849987.23863346,0.0,0.0,32589823.328528658,35473627.197078176,19254031.6415322,51620785.46984868,0.0,0.0,53261660.96805364,2625235.069611663,43250460.52660391,34992242.90576097,761339.5815333227,209472.97512604334,6838413.3704236485,29482648.88039936,35562169.99945321,23967909.47972969,8731110.388440872,11103925.189865338,2421551.962753886,2838836.2882802193,3208084.830209012,0.0,3192578.1627895837,1193318.56316832,20024886.92138638,10564538.605383405,7912055.009813876,3424074.014167309,0.0,20346331.756071866,2544094.8094310267,6375092.329276906,2917420.368112549,0.0,2464091.564133261,0.0,0.0,2036587.9524326331,4760684.497056217,21763280.802537233,0.0,0.0,0.0,852912.1692358686,4364562.495357912,3163790.937922577,848863.8501141372,804940.5600429106,11037762.822977856,0.0,4377625.161383859,0.0,0.0,4473257.5388121605,4799763.724962283,617339.6338780518,0.0,0.0,3100012.626783665,0.0,2057628.896442202,6891109.246319448,0.0,0.0,7325964.732653214,0.0,1104435.470843327,3836874.8234602762,1178977.9872563176,2358540.7753584767,10290193.072512744,2263918.0261124345,13003705.654037433,6120131.005382406,3348471.036115591,737812.1411029089,3248802.628515582,7045273.752486611,12139907.844764283,3154544.2671043854,2419818.8798936023,0.0,410693.97988496546,293286.51100746245,0.0,0.0,0.0,3216198.7917779903,744884.109678611,542121.7913134698,586671.2634001821,449549.37947225594,919844.2178491647,0.0,4837055.118562103,668211.6005731707,0.0,972866.1719084685,0.0,0.0,1895121.7661125052,3163395.5677847103,509032.0232402153,3736817.7310206327,1218870.7591908423,1141843.0135328711,1550303.0599049656,0.0,4024111.254698695,2463449.666713861,3422746.979690686,0.0,0.0,461757.66156850103,1259826.9270536166,0.0,0.0,1746554.0850282612,551879.1645620328,566839.9261958522,0.0,0.0,0.0,3509012.582744094,2083623.6986768823,0.0,0.0,0.0,2189019.3719656467,0.0,1799724.6593874965,7670128.319546317,0.0,714005.8228089293,0.0,0.0,1161042.7208915157,1465041.8905527438
123852663.63422261,243441072.1595918,0.0,9424894.20130712,0.0,34728257.4611943,16709059.605453417,2222326.9715730916,11401926.971510546,8812069.334878182,6977337.840760922,0.0,7469220.169361803,31015210.487874538,30766375.2449404,0.0,0.0,0.0,12955071.011112241,0.0,9544237.6137211,7115778.876519521,0.0,26661.298037916415,552147.8020276803,33763365.479907125,0.0,13022027.025372969,1254382.9451170722,2301085.950653659,131430.9391209213,840063.6632274092,0.0,692480.4396031725,0.0,276887.0654787008,6896992.051161702,2285904.485945761,8833639.30180819,393207.08935321827,0.0,0.0,0.0,777814.3742437108,1205423.77213431,0.0,707725.1854894841,0.0,380462.2556772269,0.0,491216.10028644616,0.0,0.0,10398867.96847923,0.0,2415395.2841591258,0.0,0.0,0.0,0.0,1951416.1970303874,0.0,1080771.0865543657,0.0,0.0,1491900.6156006842,6507775.643728393,0.0,0.0,0.0,619156.7069734794,0.0,447036.79458886414,4545985.2875421345,1674898.5587403337,0.0,2007872.1335674177,510233.63758675754,0.0,757611.3279023464,0.0,709256.355977684,9113227.03066494,2068824.416710508,1004990.0409554275,5548086.881340963,0.0,0.0,0.0,3655765.0857754904,0.0,433927.9444698823,347005.0418868212,88524.27088008165,2203184.1073583616,795661.3825207141,0.0,0.0,0.0,0.0,210689.36359746056,0.0,0.0,268481.1781911554,965335.219624818,0.0,2534588.963995189,0.0,0.0,1660840.358205995,0.0,0.0,0.0,694541.9048464487,0.0,150525.62857612228,186991.51198079574,0.0,0.0,0.0,990876.4413445746,1391555.3932337568,1603831.8656863524,0.0,0.0,232840.44091866547,0.0,0.0,0.0,815773.4783816788,0.0,0.0,941047.3260137567,451570.1483517096,0.0,0.0,418667.1974232014,0.0,0.0,0.0,599120.092577111,0.0,531789.7117706665,3464749.6614040174,329495.97800499364,199646.36087670966,0.0,0.0,0.0,0.0
394867294.92596614,174674247.03828725,262380889.7640119,0.0,0.0,47461780.73316797,0.0,0.0,51229593.00735002,99007794.47131927,0.0,308551454.68629014,53654983.976726785,283544246.62039894,46075394.84209633,0.0,18907540.43632388,4655118.698518029,48166512.552425295,22662679.891097557,39805635.99732328,43543689.758488595,7792785.278840395,39309541.543598205,13021337.726563426,0.0,28174002.49880896,36568011.350495346,19734979.72858429,75110951.60793808,0.0,29677792.27505115,11504071.821865687,44704095.53200278,50905924.621480696,14940152.537717294,18981543.2735245,8882243.02191866,4758144.54520918,63702878.91560473,0.0,13792542.0238776,28626833.219929226,11666436.367974995,18790933.271196306,0.0,0.0,63384760.46093753,0.0,31508153.450213205,4857330.1046610065,12830795.151846197,0.0,0.0,16228965.643447885,9503988.356721511,2509392.542123871,22371696.30215386,14403700.853581943,33506459.47488152,9114125.13809932,0.0,7581889.48673235,20615986.923100006,15506567.162637109,294053.914788582,9412110.64937391,32018637.71708379,0.0,0.0,3425402.9332836415,2665512.458836646,1054963.9387097214,13203614.054897664,0.0,0.0,0.0,4551426.942499276,1199950.0842238748,8325951.006559607,28570479.12138044,0.0,3976296.648511261,0.0,0.0,5074547.4174973965,4908264.732999253,24181282.6319618,165977.5030019599,0.0,7185883.7008714,4139235.100807667,5071364.202410223,3943028.7858008076,0.0,0.0,2773422.0746597527,4048647.1960172965,341670.0959297417,602867.8288315235,0.0,0.0,24481058.48877214,22141749.324762754,0.0,0.0,122146.1432423277,5468986.680984147,18652551.126361117,2935624.3590824893,0.0,0.0,9450922.622016905,4098500.8009051736,0.0,16602917.08012246,2063591.5987147677,6911518.507874072,10112094.151399188,0.0,6284450.119971146,99427.4972995836,0.0,2265309.207678321,0.0,5760276.119387416,1517501.496647426,0.0,0.0,1935522.630496861,5209408.42879364,0.0,13104124.944756722,2688230.858921882,1385688.3792385932,3384129.94538307,4063336.5003702664,7895914.203742207,10077720.469026664,547876.8397545753,0.0,2030457.1748055352,0.0,4629759.627250674,0.0,0.0,0.0,0.0,1689354.9578390783,3208753.3383607264
21854105.115288112,70649682.71871041,0.0,0.0,0.0,22543348.599975917,10449711.993472189,597938.0394593254,7135058.554844218,980045.1070265924,342290.016374521,3788068.895729892,766323.7488729357,30594324.393346902,5231583.370945997,0.0,0.0,0.0,11300307.84576208,0.0,0.0,4608184.47972034,0.0,0.0,104819.04267230247,36861573.63768684,0.0,11778937.511792587,227197.22808560726,896537.6045052073,0.0,361074.47891762835,0.0,0.0,0.0,567380.837731031,1051464.8122286673,387255.34181055403,4260742.619233111,0.0,0.0,0.0,0.0,0.0,962069.8930883699,0.0,408869.27475225937,0.0,361791.9569315929,0.0,0.0,0.0,0.0,0.0,0.0,1425196.4853752374,0.0,0.0,0.0,0.0,0.0,0.0,0.0,0.0,0.0,698918.0239627267,1963363.4783292182,0.0,0.0,0.0,18415.25136873706,0.0,215974.48350188317,3609037.760324559,0.0,0.0,1005438.3908071511,0.0,0.0,0.0,0.0,424686.0900951815,7116889.0011535315,0.0,0.0,5151793.58382805,0.0,0.0,0.0,553541.6682751774,0.0,209649.35888173655,0.0,0.0,0.0,0.0,0.0,0.0,0.0,0.0,80957.57096642995,0.0,0.0,264233.4737199845,492567.67622406816,0.0,333870.0352785587,0.0,0.0,1252901.1279314407,0.0,0.0,0.0,34509.94089274481,0.0,0.0,34585.29881170429,0.0,0.0,0.0,0.0,808475.1757943851,1070554.3675464669,0.0,0.0,212174.22607494862,0.0,0.0,0.0,461696.53910725954,0.0,0.0,347894.0353933184,0.0,0.0,0.0,43753.59638537932,0.0,0.0,0.0,515204.5669589165,0.0,0.0,785018.0593838696,148208.96927784855,71406.65572303074,2752929.5039915787,0.0,0.0,0.0
157333.46570360323,7099027.350465772,0.0,0.0,0.0,0.0,0.0,2475462.892051703,0.0,139544819.52189445,0.0,0.0,41470550.1679546,992241.8773782252,0.0,0.0,0.0,0.0,99870389.33113317,0.0,0.0,21131372.36563511,0.0,0.0,13402518.496446352,0.0,0.0,10077703.289418686,29101190.19445916,0.0,32531026.40864355,0.0,0.0,0.0,0.0,0.0,15544961.839597601,0.0,25669319.496705342,3659968.3311338057,0.0,21208180.57658964,0.0,0.0,0.0,0.0,406867.05838225014,0.0,0.0,0.0,0.0,0.0,0.0,0.0,4692942.943231103,0.0,0.0,0.0,0.0,0.0,0.0,0.0,0.0,0.0,0.0,334118.7127661519,3115675.569729326,0.0,0.0,0.0,1782208.61731021,0.0,0.0,0.0,0.0,0.0,0.0,0.0,0.0,0.0,0.0,232904.70144708172,0.0,0.0,0.0,22680729.100702055,4206941.593248871,0.0,65955.11424212619,0.0,0.0,6094739.491995317,6683827.835701288,0.0,0.0,0.0,0.0,0.0,0.0,0.0,278145.15637936426,0.0,0.0,381649.4832491876,0.0,0.0,0.0,0.0,0.0,2155199.438337259,0.0,0.0,0.0,2455765.048461483,0.0,0.0,6527848.239000002,0.0,0.0,0.0,6470707.166231867,91493.60258351816,0.0,921822.3641236757,1245252.883811294,151826.02897281933,0.0,0.0,0.0,0.0,2252462.58056666,0.0,0.0,0.0,0.0,0.0,5086908.454413425,0.0,0.0,0.0,0.0,0.0,0.0,0.0,0.0,182653.52382289662,0.0,0.0,0.0,0.0
0.0,358916713.10701793,0.0,278373876.9356641,0.0,0.0,0.0,32148541.57305534,109968222.1564575,105587756.86708653,150390897.38084298,0.0,77494857.50778452,44396644.0785424,0.0,0.0,27493659.490277503,0.0,46747077.9519563,0.0,19218532.150398772,33448163.607828442,3233633.081199935,22417646.577546798,26506264.832950477,0.0,0.0,55770950.04758387,11747925.247735875,0.0,15870319.995870108,18955338.285617813,24486322.37158659,0.0,5663852.210390387,0.0,26293172.693482097,3691545.4432932134,21165871.623843998,0.0,2740952.291734812,0.0,5007619.987660041,4801121.628909229,6990079.934455896,0.0,1042869.3950577026,2208117.52721143,7787842.33173657,4904763.769181665,9087099.68499825,0.0,2059212.125313125,5563291.246121518,8187864.2135411855,0.0,0.0,0.0,0.0,653489.6019677441,0.0,12936729.910096264,8212066.87302018,0.0,3967422.3005894404,3822501.890710333,0.0,494574.496901944,0.0,0.0,1804369.8476935914,5353828.581180935,2441116.9692148822,13640427.81539793,0.0,0.0,3402747.555860104,1109148.344071594,0.0,5920650.210695472,1204402.2058063901,1456322.1678279694,0.0,2551291.526571391,0.0,13882929.090891125,0.0,0.0,0.0,0.0,0.0,13618909.436555352,2198135.0164436866,0.0,4632714.784363794,2216099.04616999,0.0,0.0,365680.6941930056,0.0,663261.1457751838,0.0,305480.14445024746,0.0,1925500.347309829,0.0,561867.2054168875,3076243.216589245,4038027.818149348,4148522.723391709,0.0,6219290.039537553,0.0,2675511.8185546296,862670.9598916012,0.0,1776962.316821095,0.0,2339105.745867284,0.0,0.0,2611076.7003207803,1916738.1758388595,0.0,0.0,485956.04895347456,0.0,0.0,0.0,0.0,1967629.352018154,0.0,0.0,0.0,0.0,0.0,1916460.2422134613,4447635.556281516,1272151.8921497562,0.0,769712.0290889912,0.0,0.0,3559395.9719559355,643855.5416903195,362184.3187918685,0.0,0.0,635017.127414086,0.0
426020533.06776744,294891505.84244555,116144680.43208727,17887773.11204431,131185243.49038155,56750993.414258905,53700582.33956888,16329609.655493042,39553881.87237836,52055587.73379738,0.0,41391123.39668073,37427249.72418218,29354011.25800543,108569666.54048505,73270688.899641,0.0,569604.6422503367,25701752.107938718,2333856.105509681,17491577.753656622,14031468.43134792,901262.3851404437,1225145.4964738332,7700086.058619455,29571734.329363193,11921356.755293708,22611562.703293536,6289837.570881992,2467001.2372008828,2902135.790544071,2514021.3856325466,15570603.5280319,1319067.4702639738,0.0,281369.7128910398,14726883.322110241,11993529.571893232,10404496.256839259,0.0,0.0,11049293.941179292,592902.02434881,3712170.3639523955,0.0,3373308.4881285136,15696139.764166262,0.0,11199536.538399866,3867681.5992182363,4055382.692301116,8829497.144037712,0.0,0.0,0.0,0.0,6196631.121862535,4209452.752815472,343642.89404477197,0.0,2759011.242661347,0.0,3704625.4690549998,0.0,0.0,20862281.281736877,10954682.080968432,319231.36450470344,0.0,1168284.2079655675,2416287.3418618683,678691.206659854,0.0,7567506.5843575755,0.0,0.0,22049355.078418504,0.0,0.0,941987.7460301808,518753.86773386603,12137370.000159832,7145208.95054024,2612104.9734338815,4149260.7132638628,7193306.30720116,3895498.873683773,1084141.490404607,8429018.697254429,0.0,4483407.189370575,3215127.5785426735,556426.6980017575,0.0,5756800.0142378835,0.0,0.0,0.0,0.0,4842088.62854049,9479049.613727441,1410725.6099455059,0.0,323590.34151667345,0.0,0.0,0.0,832984.2245021113,0.0,2615121.214487341,10207950.664325934,2352928.2198377354,0.0,1881091.397295523,0.0,973562.7737983161,1685916.735587922,3547902.003015108,484883.1032603683,10149715.415825827,2981860.2634952054,9195762.74460541,6805800.995505525,0.0,6521896.380255964,364509.6818893326,0.0,0.0,0.0,2203936.2623206987,0.0,0.0,796641.8140286647,908872.2564117147,0.0,0.0,902688.657290593,0.0,0.0,0.0,0.0,0.0,0.0,2717831.8678037114,0.0,5397864.720717477,0.0,0.0,127875.31395114603,0.0
419088547.57270634,250846034.0868652,0.0,0.0,172175531.85037526,96054277.60702167,63603500.847698495,58868050.41608744,71637700.31878896,56394632.14716093,809574.1568901015,73791743.04762167,40637519.26111691,22285598.24819626,112790549.3301545,57493330.62496943,15404900.417762691,0.0,36501442.83269055,8284935.909014917,21717636.824657768,22933249.837360702,2286230.6951184613,6033750.626179668,11322151.528206723,25829584.23567282,10927762.214768616,15591557.070563773,6830322.049543354,5271079.770229329,3743928.291916983,7197877.346384055,4903450.681759986,8253274.485503898,0.0,2409526.248320895,17349098.00439538,6370823.735095357,11277176.657351026,5670177.637111698,0.0,8552273.216210244,1524037.9798652688,0.0,7192216.12771411,6712401.368245318,3777552.912583975,0.0,0.0,0.0,5329781.978808723,0.0,0.0,0.0,0.0,962921.285125494,4391062.097163646,6922513.866070194,1566513.5848656306,3886233.237411185,2903534.5591515685,0.0,0.0,0.0,0.0,8332114.093944274,13179167.293766068,2384767.435521378,0.0,0.0,1115302.1828951987,0.0,0.0,6303651.546434291,7719830.878457493,13434517.204696812,9283893.919384224,454981.40715019713,0.0,0.0,824133.5904633256,3999569.351476764,7820140.484069229,2604714.9572450817,5550725.04053791,5637451.181039874,3717347.606098286,911995.4426812534,5465044.870085274,0.0,6584136.848965375,4931198.914954482,1308258.3785734505,0.0,6495426.621473129,0.0,267363.30414766027,1355566.4209330534,0.0,3041142.785906492,2135838.0920435623,2893407.96987346,2430243.7888068543,0.0,0.0,0.0,416539.9446006455,1388775.2531932509,0.0,1168590.7034083891,0.0,3804169.6226617056,0.0,4250557.842436528,287008.83699093014,1697568.3518257132,1382198.1956708732,1716917.3436643167,743444.1507177344,2838237.3622660046,3432807.5675781094,5874750.547080163,5611200.666416853,0.0,8341767.278841845,593937.8186462972,0.0,0.0,0.0,2162134.359623434,5388521.190571417,0.0,1820516.7406326178,539439.8711150809,308767.5365317572,568939.5933410894,1337971.3523051145,3190443.1192363957,1203282.5053143646,0.0,2488652.561474281,0.0,0.0,4059772.91890043,0.0,1874975.1278919526,0.0,2690671.2759373807,185455.2002685711,0.0
83329946.79412208,307748658.96801937,0.0,0.0,0.0,38409624.90261725,27114862.320471626,2942067.62352085,11728311.480276497,7768013.096720849,0.0,0.0,5987361.973909432,33560715.41822253,19848235.903462224,55833338.067718536,0.0,92720.72648064798,16332305.427875148,0.0,2749162.0781434923,4688224.610079031,0.0,0.0,1061792.9095960273,34742266.59104809,9576442.433440164,8104838.954143009,507346.34033670975,1040420.4371479091,88820.63211768905,0.0,580759.4316972016,0.0,0.0,330381.70835302107,2678920.7025602437,2066508.9447366896,5846824.188874039,0.0,0.0,0.0,0.0,468800.5113469768,1052138.2703795435,0.0,1437660.0977772626,0.0,2736093.0252122064,0.0,855870.7107537616,0.0,0.0,2075591.3881232676,0.0,2274929.6077794656,332789.92242156266,0.0,0.0,0.0,431703.2744278675,0.0,692477.1674235091,0.0,0.0,3835999.904149999,2905253.714880867,0.0,1473301.905395984,0.0,122020.01109528918,0.0,256894.09069003467,4085030.5819798233,1064263.8939060792,0.0,4620792.482518086,0.0,0.0,0.0,0.0,1558472.091004322,6489899.1722195,0.0,574764.7547123311,6707869.785258079,0.0,0.0,3278635.390354958,809352.2191339805,0.0,942523.4327069429,0.0,0.0,0.0,824850.5246347209,0.0,0.0,0.0,379786.5450011494,702876.5094911689,0.0,0.0,299926.8671534217,1157409.9345196811,0.0,1018412.2818584667,0.0,0.0,486427.800167523,676133.315793574,0.0,0.0,0.0,0.0,276427.45832698816,123147.79244090641,0.0,0.0,0.0,0.0,4455107.006382585,4779068.421316918,0.0,0.0,243490.89453208444,0.0,0.0,0.0,2572594.2975071655,0.0,0.0,0.0,0.0,0.0,0.0,145221.6522517168,0.0,0.0,0.0,1530440.3986836304,0.0,0.0,727916.0887289706,0.0,491017.41440243047,0.0,0.0,0.0,0.0
19635347.203057636,238987298.43530056,0.0,0.0,0.0,32058445.074665777,20870374.41184197,1707487.2859776025,17152711.479609754,940109.5281148424,0.0,0.0,699465.1705966137,44239247.39594005,4021176.0466781473,70632321.36644173,0.0,977462.738666171,21627061.704080515,0.0,1382830.700104135,7703123.711450105,0.0,0.0,292529.19438237016,41824693.029105306,0.0,11013269.962880503,115465.55326016621,490953.814229548,0.0,0.0,88771.25081246975,139806.11358779678,0.0,237841.34449502447,520041.7795431407,300546.8960020994,4935854.621595779,0.0,0.0,0.0,0.0,219395.54032599926,1716847.1940851226,0.0,124541.97654908159,0.0,5376075.594223741,0.0,409765.5842978026,0.0,0.0,0.0,0.0,1234774.5670738467,337267.6523069868,0.0,116823.85073634952,0.0,382700.42237683653,0.0,517270.77648407203,0.0,0.0,527132.3272622343,3704882.773268741,0.0,0.0,0.0,119981.80396728152,0.0,0.0,4295183.298110264,90089.49457403176,0.0,896373.4885650569,180810.79647748763,0.0,672616.3206073,0.0,197784.8247585691,5918192.424206309,3333563.695438505,235211.7248969881,5897692.915784001,0.0,0.0,696762.0850559588,0.0,0.0,195305.32742990725,0.0,497466.4388570114,2878012.8431210425,755930.1295045761,0.0,0.0,343264.25152945466,0.0,58870.01136846639,0.0,0.0,179529.09749516853,52181.34249494974,9697762.496425636,24191.683353373763,0.0,0.0,845283.4839341806,457294.7699359479,0.0,0.0,0.0,0.0,0.0,89196.17735613884,0.0,0.0,0.0,0.0,522101.3699136823,770298.468884415,0.0,0.0,293734.0665031222,0.0,0.0,0.0,408205.90514986945,0.0,0.0,0.0,1657258.6865625794,0.0,0.0,26295.272846756518,1261060.8874571135,0.0,0.0,225600.73920939676,0.0,150590.09807631868,451897.4106758722,0.0,36609.50984593472,0.0,0.0,0.0,0.0
563088481.3734722,349168819.45189464,0.0,194674812.17541426,23123425.513362855,91686031.74659058,76749727.59139545,97107325.53450418,70357865.78117043,109292632.922116,811848.5400504253,67500566.87641251,76052248.20689134,53107013.62023887,0.0,60247627.21447946,24466721.171650812,0.0,79902685.78279689,5876710.535906945,95201530.41029724,54421333.085000314,8235674.634168341,3464071.6696411353,26439787.978320558,26758860.264255878,23033357.686345294,35854842.48926304,26418389.950054165,7516234.062297622,11914984.361187715,10258302.604474777,9761386.723997733,9386049.558122016,5699578.14635158,6294988.1183396,28528648.759884816,0.0,15752876.130281094,0.0,0.0,16957683.079390984,2376627.0681771734,16047465.262364717,5183227.934368909,0.0,1542858.8585628865,0.0,9593879.639601571,5423921.725322405,0.0,21002750.590324227,0.0,0.0,1167833.022325977,820963.7201460003,12098768.437737718,0.0,1503881.5152997824,1413308.8123167004,15011633.299563153,0.0,1340224.3121539347,0.0,0.0,2673952.8331766343,12577431.449202163,764937.6263105841,0.0,5387430.452667643,7988850.902318757,9930036.727362875,3086569.752190825,7694248.448819878,15765628.224791138,88654.66374815992,3945253.86672264,5071069.121193541,0.0,12562483.549913095,1774138.4119641492,862356.4868149005,6810578.124363988,2348160.453473211,0.0,7301895.298491167,8000551.006748611,1758556.852455139,1120042.7234129605,912039.3656033347,11366825.3645352,6530966.028014554,4331678.954539707,0.0,6426035.317486541,6841664.4515693085,0.0,2497455.4551954586,493335.1311942336,7802581.65870517,365510.84672144067,5828616.6970663695,847827.7689804934,0.0,0.0,2066380.2721314293,599045.1703401988,7192809.806812181,0.0,2053324.6439300764,0.0,3675233.579859356,0.0,4514353.294452995,0.0,4714625.614022065,3373137.6549974494,4721374.268549927,2413588.6569310436,5760415.425170127,6647373.171711772,1823723.0180844753,2284413.9941309695,0.0,1297405.2264573884,566141.3536603004,816227.4108743635,0.0,0.0,2555259.5937077985,1720345.19522898,754605.0342933466,2181987.77862616,0.0,564893.2051207839,5410459.761418342,0.0,4125302.022882509,0.0,1609479.1225497006,491775.27002430713,4407704.992520188,1389776.1937748466,6980881.53264749,0.0,273162.77776202554,0.0,4950270.295200963,4133224.067899104,2635844.2411111295
0.0,236217424.07028943,0.0,0.0,0.0,31368330.10889975,0.0,1737589.0148382187,17066603.121202007,6452754.864086906,0.0,0.0,4817402.645907404,43546039.3570354,19347674.278255016,64802447.6955556,0.0,599893.006728426,20829914.992966495,0.0,11057372.334650105,9765525.574765796,0.0,0.0,1269677.4470258364,0.0,0.0,12469313.070354706,1000786.4444640139,0.0,69546.27162154295,140432.67925715438,1796717.7877351292,138400.95904792854,0.0,158772.77820216244,2854765.287538353,1564398.0777929418,6548346.5000898065,0.0,0.0,3214823.420931678,0.0,626303.9599423432,931964.5291204691,0.0,114383.2782425099,2541253.2708570976,10730729.134259045,0.0,1809814.6219636432,0.0,0.0,0.0,0.0,448518.3362786361,751698.1294551934,0.0,0.0,0.0,1046788.1746497185,0.0,1611041.612161129,3031743.064974984,132463.8474786606,493323.2886243443,4109025.22857048,0.0,0.0,0.0,247566.90681849627,362166.24653524614,0.0,4360573.36717005,1102441.9388344816,0.0,690530.2625525297,178895.17102764535,0.0,726339.2319588346,0.0,0.0,7181840.535938617,3074898.34435101,0.0,6028537.599696413,449767.55516263994,0.0,406307.7100805045,0.0,2042704.6218220564,917689.4541968203,0.0,317108.20561148046,142926.79024878523,222559.17443197395,0.0,0.0,0.0,672403.2729465773,56813.06312068458,0.0,0.0,184998.65443235642,0.0,0.0,0.0,365098.7765521781,0.0,1308682.5421140708,2144655.936406487,0.0,0.0,69804.27600855211,0.0,0.0,185094.82462052227,0.0,0.0,0.0,0.0,477104.477031285,547129.4406827872,0.0,0.0,275005.8584321886,0.0,0.0,0.0,795313.8087815042,0.0,0.0,0.0,1539194.7696499217,0.0,0.0,153536.19748776229,0.0,0.0,0.0,0.0,0.0,320354.2442298489,1380959.148412452,0.0,27447.38046871824,0.0,0.0,0.0,0.0
500526169.42387474,179035378.74763963,132933235.44066834,136633027.98598498,20904023.529747017,124572193.76112969,81119205.35158546,65318523.133747764,91260017.12751248,125064349.25715733,0.0,0.0,106401037.88558729,153645062.37298015,0.0,59248608.65061376,0.0,0.0,71096220.60519345,5849197.048608211,74893030.50737669,65540326.017506175,12947591.820928227,7565658.318443948,41647406.54076676,19156185.66125053,54525500.341712676,49911570.8745461,31465746.252564304,17445595.53669959,32841912.39930766,19086762.33989087,25549064.64330694,15440056.78570038,0.0,14303308.68946977,0.0,0.0,22192466.395540223,6029385.595536681,0.0,0.0,4431212.481310361,22400086.518666737,7648382.046009729,0.0,200351.04339462516,0.0,0.0,0.0,1218192.0263697924,21829862.11977098,0.0,19931790.119189847,0.0,15001013.508548465,24381865.825222503,11008839.168523198,2979143.8043770473,711905.8407035235,0.0,0.0,2534765.9757342404,38303805.9601636,3544353.2798385145,249431.9332262276,16770322.090933984,2845705.930073595,0.0,0.0,6998725.4384480985,0.0,0.0,12448980.433917403,0.0,2945433.911746025,0.0,5979022.591401227,838928.7874912765,12375670.37405837,3145992.923022755,0.0,0.0,3185110.834340453,1775454.3238794082,13664573.96034278,10225320.643575842,0.0,71986.42100349159,0.0,10123197.671929438,7553077.501541613,6947301.910851832,0.0,0.0,9985330.713327425,382588.79523010337,0.0,0.0,11752009.650371013,0.0,5055648.960612292,2225016.641674456,0.0,0.0,0.0,907166.6107326169,6749117.092616841,1090695.86542657,4908986.454756252,0.0,2700380.936605426,0.0,3371989.078723899,0.0,6748640.3042721525,9572328.827778712,2923278.0771272606,3809837.0771771683,2636388.8694662005,0.0,0.0,0.0,0.0,1325429.3138229258,802869.4156825899,879907.1092513573,0.0,0.0,3083388.461987882,1515233.1828455157,2104858.37011248,5160028.664615411,0.0,953018.0522387257,764639.8227625475,4807592.21492278,5601528.793333781,2023715.8990432112,0.0,0.0,263154.9667093755,1271488.6660604458,6148817.263974101,0.0,0.0,0.0,1931223.7010527572,0.0,13745109.18522932
318520834.9817199,382285715.4490194,0.0,0.0,0.0,51637902.38173714,45268176.22806618,1685793.575283706,15862032.39744241,38025816.84157642,0.0,0.0,28096449.416908517,35385564.7590312,99166778.67285979,0.0,0.0,341920.89309406275,22791514.961463142,0.0,20717826.212252207,13294214.867382156,0.0,0.0,5345646.202140397,39024663.13866181,23575971.846134413,18088208.713488434,5129953.608084864,2145899.5835332233,1653139.6909214554,692631.4538143859,0.0,0.0,0.0,0.0,12162863.56407644,9142200.409960197,9357444.030591566,0.0,0.0,4510907.700089682,0.0,2763820.616388729,1093351.3860758233,0.0,2956990.1876843404,0.0,7367106.74105708,0.0,1941482.2454949818,13061923.334748907,0.0,0.0,0.0,3648299.388999649,2145343.039989143,0.0,0.0,0.0,7164051.537031675,0.0,1392333.830781654,0.0,0.0,3008088.528073833,4302614.5309121,0.0,5411571.595214844,0.0,607120.3770885249,0.0,0.0,5221974.643793146,5384591.078608993,0.0,4082093.5633161673,0.0,0.0,0.0,0.0,1925791.33120588,7445530.044615394,2719010.842194914,4833340.761368834,7657209.80635417,2477233.1056791395,0.0,3339545.6167947277,3396290.624543429,6272574.347515579,3506354.493515834,688030.9570813472,612421.1874044461,0.0,1209752.7291709497,0.0,0.0,2374698.098368131,2091646.1852729921,479320.8436034776,0.0,0.0,0.0,1212338.5292139929,0.0,3352543.5262854397,1191293.494420611,0.0,1796484.062244956,0.0,0.0,0.0,561911.4068414192,0.0,623112.0846429017,750693.2986312045,180157.30417228167,322865.73561129026,0.0,2263833.562683404,3484369.5541923107,4360927.67978913,0.0,1495793.6615478967,278891.9525599627,0.0,0.0,0.0,2059013.401504093,0.0,0.0,801880.6904297903,750912.4514156622,0.0,320288.97366765124,825620.8057773414,0.0,0.0,0.0,2126167.9145434718,0.0,343641.6605578838,4005474.0133207035,0.0,378659.08398539893,0.0,0.0,0.0,0.0
0.0,243192512.78531492,0.0,0.0,0.0,27038351.86069,31595322.116004325,1035498.1178950964,13023692.841883516,11228455.640578259,19899451.855476283,0.0,10005695.960256917,29983366.424288366,34772343.94150466,0.0,0.0,712409.581957245,15522611.4212927,0.0,23334270.91000561,10943544.52432219,0.0,0.0,2532096.404212566,35089171.73887348,0.0,13208532.347674448,2769004.4326695697,0.0,199759.7754279747,270264.1069265611,796836.1382023722,0.0,0.0,306899.3342508194,6535349.567382438,3264591.3290074216,7339652.900895585,188733.43143080157,0.0,0.0,169528.29339220753,802629.8206734929,953950.4020686528,0.0,91073.0411815941,0.0,11572039.741855497,0.0,2540047.0310236653,0.0,2161642.925637417,0.0,0.0,0.0,0.0,0.0,0.0,0.0,1406097.388583508,3980693.915949993,0.0,0.0,0.0,463095.2695864292,0.0,0.0,0.0,0.0,330609.1899739541,0.0,277975.19635915,3656054.4750163932,2641479.0891247443,0.0,787128.9052915726,443856.8865323774,0.0,0.0,0.0,141728.1057237499,7168196.916448464,2110379.164088907,0.0,7549205.659695505,0.0,0.0,146563.87297108222,0.0,0.0,1930843.1477685075,642751.4201832128,0.0,2040983.6035930703,0.0,0.0,0.0,405706.87103569583,0.0,56480.33368054782,0.0,0.0,252913.68738329355,0.0,0.0,49988.50255092607,274102.4286709244,0.0,1829719.616027772,0.0,0.0,0.0,2289300.082910179,0.0,0.0,258729.0635933619,335826.85379445954,0.0,0.0,0.0,759941.3643792983,1223802.051536464,0.0,0.0,237528.1701460184,0.0,0.0,0.0,1138861.1977221807,0.0,0.0,0.0,302935.69051396544,0.0,0.0,582994.8960565553,1403446.117170595,0.0,0.0,128382.9906048207,0.0,276367.2196853515,3070849.0815582215,0.0,28037.079331115143,448045.1222359242,0.0,0.0,0.0
24567467.589066327,164505195.1499579,0.0,0.0,0.0,39864974.14004719,13541990.98958013,988852.7479104953,12198274.629795616,1418424.075813939,0.0,0.0,1042023.5362231524,32512833.779849503,5497469.856139134,55712086.91522225,0.0,0.0,11298817.798494024,0.0,0.0,6653064.701058076,0.0,0.0,160406.36888024025,39772307.12720325,9917658.999530435,17047637.305379394,120683.94970607015,1219928.586949943,0.0,345869.96173644054,223287.02658330702,0.0,0.0,0.0,945279.2092235025,417822.7953576296,5505810.755090738,0.0,0.0,749427.5867114883,0.0,0.0,1202870.49390632,0.0,2451478.322139005,0.0,0.0,0.0,0.0,0.0,0.0,0.0,0.0,2118969.1461181133,0.0,0.0,0.0,0.0,0.0,0.0,0.0,0.0,0.0,2791705.799547488,2062419.113738686,0.0,0.0,180378.2232015132,25397.51629865238,0.0,455511.09915430815,3994875.8634784357,0.0,0.0,3898862.574669184,0.0,0.0,1247744.654184477,0.0,1159457.790791881,6919215.612194241,0.0,0.0,6648204.955070435,0.0,0.0,3402407.0344454325,0.0,0.0,100781.08813309103,0.0,0.0,0.0,728540.618140012,0.0,0.0,0.0,0.0,374911.5316794222,0.0,0.0,313521.72905534523,1084796.4718484576,0.0,195688.44379126653,0.0,0.0,641130.1604524694,0.0,0.0,0.0,0.0,0.0,0.0,0.0,0.0,0.0,0.0,0.0,1995548.6164986063,2407025.8644237826,0.0,0.0,238702.14272795667,0.0,0.0,0.0,2385247.8284504605,0.0,0.0,457992.10196852835,470558.89994088636,0.0,0.0,34652.25252641357,0.0,0.0,0.0,1394236.3391993898,0.0,0.0,512950.89830289036,0.0,317683.5111555565,0.0,0.0,0.0,0.0
20915372.83475034,344013280.0594262,0.0,12356719.871487485,0.0,41150124.42742705,20252151.780879177,2898491.3024640144,11899932.339630745,1078427.3660579496,0.0,0.0,873417.2478787185,33448394.103196073,4093612.4892679555,75757277.03047,0.0,1621023.0148166395,18027093.303187765,0.0,0.0,7905487.944486121,0.0,0.0,192193.21766642435,42259687.910406,0.0,9435771.377604248,98267.05656837665,1799845.7543767972,0.0,343602.76487463724,858519.2854928444,0.0,0.0,263965.0256100156,625776.4358103785,379892.5824412255,6069962.286153037,0.0,0.0,2797603.853163172,0.0,0.0,1191991.7743135693,0.0,1111858.2239847938,0.0,17128712.33587761,334555.3746080529,193850.78485222516,0.0,0.0,0.0,0.0,3183535.2556146323,305669.63108880376,0.0,0.0,0.0,0.0,0.0,0.0,0.0,0.0,1372200.9003778594,4043524.901043987,0.0,4843387.870516331,0.0,55631.48054288883,0.0,0.0,4387701.117676091,158945.13654352698,0.0,1659826.8204022485,0.0,0.0,0.0,0.0,589981.4367625768,6567918.757862089,2078766.0085024843,0.0,6752703.990485247,0.0,0.0,1891140.374762184,8420676.41025852,0.0,134964.65964082794,0.0,1268480.784894409,0.0,791138.5029932556,0.0,0.0,0.0,0.0,156387.12020202365,0.0,0.0,325726.15589907684,1014622.5897668,6086514.368051571,5771304.939807349,0.0,0.0,486961.71319045173,0.0,0.0,0.0,0.0,0.0,0.0,74947.90921482179,0.0,0.0,0.0,0.0,1195616.3975836996,1226597.7714869524,0.0,0.0,285171.7942548767,0.0,0.0,0.0,1657708.6532007197,0.0,0.0,689577.7821351787,473134.05100597907,0.0,0.0,34398.071830018445,0.0,0.0,0.0,614124.5325104628,0.0,0.0,301905.7167242455,0.0,159445.35935461806,0.0,0.0,0.0,0.0
27646569.247493062,308208888.6910861,0.0,0.0,0.0,29783588.20985891,13438370.067518946,0.0,9587795.820636274,1458332.8169412662,0.0,0.0,1098925.8788114155,31084824.388181783,6442873.586634011,0.0,0.0,156828.6673241875,10164285.360210886,0.0,1717718.502394284,7128428.303946378,0.0,0.0,213309.47282180877,38334687.38163357,0.0,5984678.34540783,200094.16196437186,686356.2285766414,0.0,0.0,0.0,0.0,0.0,0.0,851616.904652068,473571.9933369156,5896035.861634256,0.0,0.0,0.0,0.0,0.0,963894.1745783521,0.0,599536.2043598592,0.0,926061.7987622854,0.0,0.0,0.0,0.0,0.0,0.0,1567942.7779742372,0.0,0.0,0.0,0.0,0.0,0.0,0.0,0.0,0.0,607643.8119357764,2715614.857938879,0.0,0.0,0.0,65827.12377555516,0.0,436595.45754915464,3901171.4255070426,0.0,1893043.5430165366,768239.7743588452,0.0,0.0,0.0,0.0,400513.03587779705,5284333.291387971,0.0,0.0,6150194.303947169,0.0,0.0,948169.2282074786,778460.7306678167,0.0,144886.16936018536,0.0,347155.0569914786,0.0,500207.71185370884,0.0,0.0,391851.95109725004,0.0,68704.07487710936,0.0,0.0,283869.18456561875,1025119.8586604146,0.0,474239.42391203187,0.0,0.0,520720.4496259608,0.0,0.0,0.0,0.0,0.0,0.0,72009.58782046106,0.0,0.0,0.0,0.0,938139.9470319451,1101059.6154543757,0.0,0.0,245151.02134507886,0.0,0.0,0.0,711970.3035183995,0.0,0.0,0.0,373546.92458907893,0.0,0.0,30197.485825262986,0.0,0.0,0.0,344683.666209089,0.0,0.0,489091.1049610194,0.0,75241.25611619075,0.0,0.0,0.0,0.0
554978853.6282957,222599065.340942,244730846.8114595,201803495.14100623,44668206.72617225,35660306.8947248,157300047.6089419,177718700.05588865,77430444.56169592,0.0,99852445.0169543,204271688.91850394,98038740.47282282,43735390.64757169,0.0,0.0,39426938.57538839,0.0,46800408.126293205,0.0,55767085.67781813,71256986.76063329,19383854.00150165,8534843.800245496,31803453.65472161,19437251.62503108,0.0,31157045.093833867,24226984.242971394,50318275.49715378,23888663.18935892,21875808.946722534,16572601.916707218,31685574.951333355,17600031.120809074,6287181.2684028875,0.0,15633446.036602711,14292277.741820535,1113889.5608229032,23906277.617864467,0.0,15774589.150935562,0.0,3968901.7283516205,0.0,2088363.2192379106,0.0,0.0,8160434.8962239865,11344637.430547552,0.0,0.0,32628212.528823737,0.0,3925662.5517072654,0.0,0.0,3927708.1264421945,7934997.4290192975,18503202.085955653,0.0,2133151.0245238557,515465.9458872525,0.0,3143136.949997866,13360077.586201526,4367024.027580484,0.0,0.0,13092920.431319835,4663939.174825042,2625307.1060868385,12172483.809548285,15354395.350919502,11017951.399313891,2971391.2809221623,9576655.839031443,1288398.6213723116,0.0,7613717.634898096,1469298.3124271035,4037202.624730184,3195409.3744357834,0.0,7965024.157497822,0.0,9468382.949085724,0.0,0.0,0.0,7523158.8171745,7515263.865909579,4762707.067329738,9270352.320361722,0.0,0.0,3486742.4434713004,0.0,5894778.849204959,577242.3998543831,8406289.664054869,4420498.157315635,2867837.031804949,1450356.659171195,0.0,0.0,4803074.943290246,4179636.8878539484,2170400.5530476654,0.0,4393106.34999252,0.0,4019109.593571702,705763.3738938365,11003591.897538593,6268227.268169571,4975727.448741079,6732943.026825909,0.0,0.0,1562075.2331962127,1297472.474537518,0.0,0.0,607081.0822080362,3907226.121219218,0.0,7459488.378682548,0.0,2304268.3225625413,1248868.038862224,12161824.925757084,3147568.06190402,3535755.173403857,5741163.247883271,5280596.381128339,5543787.377310847,1880108.821886555,0.0,522196.3551538361,0.0,1440763.311932305,5850566.000500505,4220160.786747216,485186.4117586717,185824.36744103592,4564525.117887468,3469081.379635873,0.0
125639599.98450144,296082190.18113,35045895.17442132,37383428.13501431,0.0,53009081.252634585,34252670.012230426,1865469.5394782987,16333687.456227649,12242799.044328555,0.0,0.0,9088643.978696425,32429661.24672405,27166912.816226788,0.0,0.0,0.0,30224540.757486243,833318.8578496276,5487201.141363431,10050621.347257286,0.0,0.0,917357.7543809934,38721764.47650913,7023392.83111309,12140777.530610189,1147370.4226570807,938736.9396490386,0.0,997355.3707759075,2942936.8370579793,0.0,0.0,229561.49935566407,5977548.888890514,3180089.1039429554,12982977.723395582,0.0,0.0,7702528.126429942,0.0,325272.331394007,1492872.5992599875,0.0,840710.7118646913,0.0,7220792.975971295,837688.0547819348,734068.8603395039,6616506.652272709,0.0,0.0,0.0,1171865.474009261,966479.3670912626,0.0,0.0,0.0,970118.9525230224,0.0,0.0,0.0,0.0,1282892.2716801371,0.0,0.0,0.0,125530.51499247519,213345.27329899187,0.0,805906.5765931458,4607325.332624627,1839874.0846129095,0.0,1502118.890084729,0.0,0.0,0.0,0.0,1186441.9575118637,9886234.537822949,2152695.4548541587,0.0,6947240.035855015,879916.4755042123,0.0,2192249.3347290596,0.0,2982657.401049619,667994.2335583122,0.0,198505.01316659668,1770407.0706971318,373891.0261453316,0.0,0.0,0.0,1057839.2793482465,224350.27325457326,0.0,0.0,328883.0076489153,1170331.1761448388,3696986.4013790186,207024.10326826165,0.0,0.0,1254443.5698686019,3488828.476290337,0.0,1876243.1878478422,130850.55409532873,274305.606741021,248302.6247483864,249307.70853982714,669031.6875640516,0.0,0.0,955450.8062222264,2421400.7166956966,2302434.6629788433,0.0,0.0,284542.48991385114,0.0,6927658.9875228545,0.0,1794374.586191,0.0,0.0,330665.8556168891,359895.87812738534,0.0,0.0,151947.53075397384,0.0,0.0,0.0,954183.8551142679,0.0,0.0,1901530.7504242694,0.0,144139.67398482477,0.0,1054497.4784217891,780280.0674781108,0.0
44871881.583997905,212991802.820889,0.0,1795581.8172129532,0.0,55805613.937591605,31943486.632179204,1844834.271996494,30791630.06305288,3905557.1992544015,0.0,0.0,3036211.507771482,35912298.84904272,9745708.761580272,82087188.3042469,0.0,101481.24673072346,17817821.958787713,0.0,3567295.6077011595,11330970.23950653,0.0,0.0,605129.1244132954,36403878.84272023,0.0,23122972.18097114,551853.5451212452,2022189.7303514697,23608.33556874703,295887.1236494331,987901.4657805202,0.0,0.0,197908.96902299256,2480268.918746984,958968.5043108152,7268569.417513783,0.0,0.0,0.0,0.0,152692.48587931303,1022225.1072163179,0.0,3089188.3906545513,0.0,950397.9742895766,0.0,665093.2662801299,0.0,0.0,3561039.6289453176,0.0,3461536.8237631363,352587.56247007486,0.0,0.0,0.0,614356.6648061243,0.0,577237.6666112334,0.0,0.0,4979092.692332898,5982436.795927065,0.0,0.0,0.0,152397.6787301557,0.0,312326.801320553,4639340.184881446,817892.9285569233,0.0,7891899.46367738,0.0,0.0,1264469.984764396,0.0,3015469.733085304,4976993.521617503,0.0,162867.66366437374,7739735.709175167,0.0,0.0,4828214.766174541,1013637.9206969062,0.0,501458.2835678414,0.0,0.0,200384.26441421427,1372167.236119178,0.0,0.0,0.0,0.0,851513.1892524309,98210.8611770123,0.0,186221.6040667294,152281.93296653064,0.0,1092710.4822483426,0.0,0.0,590568.0119135651,1088023.9232420952,0.0,0.0,95060.84797459836,0.0,657165.0341485775,93930.58279051303,0.0,0.0,0.0,0.0,3752541.04371006,5488364.527018129,0.0,94669.22011529654,268122.5741121771,0.0,0.0,0.0,2678215.0751056075,0.0,0.0,743041.1852039999,3016223.965045079,0.0,0.0,43948.645798821046,0.0,0.0,0.0,4093039.082182025,0.0,0.0,987455.3096107374,0.0,783940.4873446302,0.0,0.0,0.0,0.0
63837780.70105971,254058043.92151305,0.0,0.0,0.0,22798069.88173563,16457162.617278695,1587974.2662911415,11488791.011263164,3312043.165588315,0.0,0.0,2476438.7903138543,50301790.96723733,2231223.6082943543,66569877.44117156,0.0,93977.56569227536,9257974.734346418,0.0,9262920.886932809,7694386.056771353,0.0,0.0,884736.1109369098,43685346.62421159,4052799.7461233786,22238404.652756866,594676.2115454039,0.0,77176.94351609239,0.0,632954.1807893141,119108.55255753547,0.0,0.0,1851383.6603838613,849471.8417241129,4846333.677339289,0.0,0.0,2306920.05171069,0.0,730822.5036150009,1805246.356865649,0.0,39463.644741907774,1529113.2119798649,1973951.2664808678,0.0,1425496.644612884,0.0,0.0,0.0,0.0,459597.0294186001,408437.01475606876,0.0,0.0,0.0,330589.06058302766,0.0,1729088.1010196425,0.0,0.0,124717.28628031167,2770198.8235763693,0.0,270006.2897246965,0.0,203537.24010901907,0.0,0.0,4410682.702298112,224232.47899332174,0.0,213713.98121712028,402964.8371166581,0.0,3139118.915667402,0.0,45287.110983196624,5280994.275044561,2531879.7208685,716493.1949301937,6171696.421989505,0.0,0.0,89437.2934884695,0.0,0.0,701909.0723056091,0.0,0.0,2068069.5460360383,363922.24141229154,0.0,0.0,0.0,366240.40697973955,0.0,0.0,0.0,191690.6028682108,0.0,0.0,62623.83142984214,247194.37796164112,0.0,833061.4243107592,1432255.852975912,0.0,0.0,33021.450042724064,0.0,0.0,105940.33258412685,0.0,0.0,0.0,0.0,115505.88815878564,0.0,0.0,0.0,258449.03713065386,0.0,0.0,0.0,641310.6396801632,0.0,0.0,0.0,978886.1048895099,0.0,444493.30966028536,104687.92110014151,0.0,0.0,0.0,0.0,0.0,199627.07246532812,1328012.239641171,0.0,0.0,0.0,0.0,0.0,0.0
28172419.650425706,224962474.6789557,0.0,0.0,0.0,28291114.515154112,11078281.922655324,1522427.1178231237,15807165.448345372,2325057.0987721677,0.0,0.0,1268313.752372535,44889758.15019161,6586490.140195923,92349816.83009814,0.0,0.0,17642452.496596765,478354.5643716081,2042066.774357435,4847430.717066599,0.0,5070947.230965232,3231881.7677538726,40389345.09253936,0.0,13814044.09021533,725575.8250907889,0.0,0.0,658066.5568687316,2686136.3476960314,145182.00670224027,0.0,946707.035049379,688410.9363478422,1401511.112007293,6858565.658648554,0.0,0.0,0.0,0.0,185034.38532514867,1169338.3042407676,0.0,71079.96450367558,0.0,0.0,0.0,3511846.57731047,0.0,0.0,964658.3290921128,0.0,0.0,0.0,0.0,137707.57948987215,0.0,0.0,0.0,3134964.1679585865,0.0,153471.18066883466,236723.9173445952,0.0,1436298.9135671116,502105.25051342684,0.0,28835.74350291903,0.0,762572.2565654197,4119349.335969162,57104.02459226258,0.0,449441.2038463189,0.0,0.0,1132791.80304204,0.0,107089.57274389264,7965208.17711604,0.0,589508.8521745857,6878887.2766187815,0.0,0.0,245901.1808959487,0.0,888780.0117289487,2244361.8511334294,0.0,367445.9023819917,0.0,0.0,0.0,0.0,27637432.24331052,0.0,25115.457749167617,0.0,919679.5431053588,1157706.4670831831,0.0,7597575.792925161,0.0,1482313.3667903158,0.0,1965394.2447745178,0.0,0.0,0.0,0.0,0.0,0.0,0.0,0.0,0.0,0.0,0.0,324853.93754513765,574196.3139400013,0.0,8915152.615178637,304994.5508944994,0.0,4613003.650676488,0.0,1365540.154297455,0.0,0.0,0.0,1618407.98848014,0.0,0.0,0.0,0.0,0.0,0.0,0.0,416344.3560906595,0.0,518948.1959564274,0.0,0.0,0.0,0.0,0.0,0.0
72760199.65796119,256595159.23626357,0.0,0.0,0.0,19463088.589868885,23510004.527165223,1892800.2452342503,9718092.56724983,3720155.7503632796,0.0,0.0,2800414.5224806024,51148121.24346038,14322065.449327383,81801809.39398752,0.0,0.0,24286003.07969262,0.0,6959935.049337572,5317958.175986393,0.0,0.0,1250806.6096927633,44961712.29293076,1620650.3697541994,14758970.588557815,417599.05970259034,0.0,0.0,236474.91041779539,997569.8236225748,0.0,0.0,199943.53308598555,995430.278553437,637862.0100163227,3884071.130923893,0.0,0.0,901921.5283624347,0.0,580234.4508722047,1051046.5020697045,0.0,0.0,0.0,570040.5621348809,0.0,2015640.7625566926,0.0,0.0,0.0,0.0,0.0,356926.4070596144,0.0,0.0,0.0,0.0,0.0,1765975.0888228705,40978.675397820836,0.0,52033.64137498474,2865194.327914925,0.0,0.0,0.0,144735.8137152604,0.0,3314367.1443194295,4298352.195961444,0.0,0.0,0.0,0.0,0.0,1150478.6964645495,0.0,0.0,7702119.719597339,2449704.9037887654,627216.7785015928,6204265.155754031,258408.30081615326,0.0,34055.033754561475,0.0,1036948.4365310961,1073727.904365128,0.0,106467.39050973814,0.0,182589.86149215675,0.0,0.0,0.0,0.0,0.0,0.0,0.0,197958.49482572082,3141069.605557174,0.0,0.0,452299.11334073904,0.0,1377578.8456305906,1537415.9138120448,0.0,0.0,87998.43264906848,0.0,0.0,61683.452545342,0.0,0.0,0.0,0.0,135147.05033696897,238556.56350638505,0.0,0.0,275377.8948374469,0.0,0.0,0.0,863587.0063842983,0.0,0.0,0.0,767909.7860951574,0.0,0.0,36821.820563411384,0.0,0.0,0.0,0.0,0.0,0.0,604721.547408316,0.0,0.0,0.0,0.0,0.0,0.0
180395243.46262193,79125682.8919482,0.0,0.0,0.0,9666312.650686907,24391222.275096387,9137082.535094451,4413232.519129402,18833289.51414331,0.0,0.0,14258814.886588002,28584338.129791673,47873192.95689613,62429241.16206744,0.0,1006627.049093847,27735565.201540306,0.0,22855311.129426125,17543913.01721581,0.0,0.0,1535550.2744566533,38995617.65272471,40009010.64979252,20387924.507371325,2908915.716512057,7113342.12747957,427761.4159938359,2477565.4490171038,326958.44334670994,1598440.8222908536,0.0,198594.21537875533,7386844.707754356,0.0,3092545.1841709404,0.0,0.0,9981797.736246454,1409231.2600239124,939938.7305168143,908432.6347853994,0.0,54448.332094177575,0.0,2881129.0364450295,251261.92442316518,984290.619845748,0.0,0.0,0.0,0.0,6435379.901659069,1142792.3626223588,0.0,0.0,140488.91789335755,3801173.2041161736,0.0,2867773.5910623684,0.0,0.0,141437.81553958656,1935926.3292521867,0.0,0.0,921373.5844645649,489293.66623210884,0.0,1335738.103493609,5077789.420733862,6231785.975688218,0.0,0.0,0.0,208037.60152371495,3199524.0550401667,0.0,60781.46790044941,4532422.707050566,2956373.09801057,0.0,5551330.765508275,1356906.8564544136,0.0,104634.52288950337,525021.791790977,3946146.4800506383,1441142.8474471169,893823.0986837676,4457646.606654379,0.0,157106.5226310514,0.0,0.0,327232.8338023425,869011.8248666518,0.0,0.0,0.0,175005.75169120714,185339.6121548119,0.0,354920.05297471944,0.0,0.0,1110202.7559529324,0.0,0.0,0.0,774010.0611960144,0.0,809675.3597505062,296415.0718036847,1149650.0519378788,0.0,0.0,1254361.430123821,93051.2086210579,0.0,0.0,159574.6140726057,272808.0025438105,547198.035782447,0.0,0.0,0.0,0.0,0.0,0.0,0.0,0.0,8882126.596771177,1003045.0579669987,0.0,0.0,0.0,0.0,0.0,309751.7913671974,2882721.883741931,0.0,0.0,0.0,0.0,469867.08571399725,285243.3002235181
215185685.84936982,128631190.77616554,0.0,0.0,0.0,28917940.402866747,29056250.149871,2714070.497303963,7495780.488617458,18544196.125874743,0.0,0.0,14211813.854977025,33678687.57042087,46353236.43151716,69759711.8825665,0.0,0.0,20266785.584216624,0.0,18552605.92758056,12199628.931677684,0.0,0.0,2334942.4972260054,46934608.73849602,0.0,12598295.83345735,2915182.507841891,2620957.524231208,416932.41556010384,459181.47564873105,423985.7810797059,0.0,0.0,0.0,6749923.602116683,4302606.828906174,6083128.249717902,0.0,0.0,3542472.2632470136,0.0,1216089.3820767105,1346108.6948856558,0.0,1655675.3110053798,0.0,0.0,0.0,2547867.2264507767,0.0,0.0,0.0,0.0,3908859.6121215415,1256720.7541102932,0.0,0.0,0.0,2152325.6852870383,0.0,1965412.5103301487,0.0,0.0,1828237.0905211712,1913692.6944449262,0.0,0.0,276779.2527006344,962216.6503368041,0.0,0.0,4857948.331526234,3963003.2255493845,0.0,2790206.5704225725,0.0,0.0,0.0,0.0,697005.3824824021,8959809.792169102,1913227.0898065895,3962385.830042394,6537198.774846839,1383384.4928868366,0.0,2624452.801832438,0.0,3457042.2669756017,1831430.8698881357,627958.8699166193,0.0,0.0,0.0,0.0,0.0,0.0,1274620.250671572,227884.53444306942,0.0,0.0,356294.5704976023,860489.6056481018,6295506.050390856,207897.69832490472,0.0,0.0,585818.1960321075,0.0,0.0,0.0,779390.9995848791,0.0,274956.80618542415,366829.7643685663,0.0,0.0,0.0,1103834.817684427,1228548.0974619994,1556262.5013736533,0.0,473678.6722059394,318542.91136626893,0.0,0.0,0.0,2353303.0389008946,0.0,0.0,936580.8174136952,311585.97283303214,0.0,440876.39387429884,734425.0597050394,0.0,0.0,0.0,997968.0138883892,0.0,473244.67600248486,2109486.037745724,0.0,153703.78940342227,0.0,0.0,0.0,0.0
575316331.7209446,325809400.79271036,0.0,23581885.339524038,369538784.4408869,260136260.19266486,234537469.04822332,69869164.48125637,182033122.66156128,0.0,788221.1073872594,122297572.13483122,95568713.65241022,86248305.97026816,0.0,0.0,278828961.4826293,0.0,93143837.76562087,16371806.409381358,84388809.57512128,81435148.65439676,72700149.69579434,116968567.78313877,22300521.937855426,12082344.705161296,16903679.369828433,26682023.019771572,35867574.692361355,0.0,31637861.286175612,44310602.51253557,27667292.356397193,15808673.927556917,17142468.939428307,929396.7035444113,0.0,0.0,9228093.431092007,4872901.1108174315,0.0,0.0,7130076.318669805,0.0,5526181.208139777,10702818.943008427,1823417.0632797051,0.0,8661690.580188245,11354684.625278063,7205992.358024613,20089511.699834123,0.0,3982809.145308586,20602719.51358111,2973478.815488892,24699364.52868977,25989155.132958584,7282924.520220765,2803021.53689585,8735033.794253439,0.0,0.0,0.0,6554670.766964436,420982.22520479094,6900705.903338498,4590245.863435638,0.0,0.0,9537872.335153382,11582945.501604399,4335329.5714418,9615970.009928625,14719645.750961414,229595.89874722052,0.0,2559640.3304300304,752898.088754274,5123299.477638393,2860595.554552676,298931.23473919975,7172720.9500902165,4646082.934024097,0.0,8124956.413010501,10313348.129532533,3974788.7862937404,458362.6217467298,0.0,8243063.401664372,4755130.0868317615,10369014.215025188,23189503.038184043,5750195.996435772,0.0,2547465.4923254275,26270161.469965346,0.0,9436087.815483857,0.0,0.0,2539282.1885673003,2750894.4156246176,0.0,0.0,353394.7090844563,1787196.3258647625,2151562.881713938,1743031.4974126364,0.0,7700797.555525297,0.0,8034375.680452923,0.0,3318696.1266273386,7408025.886177166,3151576.2116146903,3796336.4537961464,0.0,0.0,488110.40170502075,0.0,7838240.525827238,2670978.381019926,4738611.304982721,11518912.16685928,0.0,0.0,0.0,3448482.740431155,1681093.9572458228,1187706.814229512,0.0,2526656.6116980347,1537020.3896858704,7155064.5199206425,10246586.257207265,0.0,18154111.417602956,0.0,0.0,2857201.70057602,4841719.317311977,0.0,124711.81847006796,0.0,0.0,4433525.089522214,0.0
0.0,450895223.64062274,0.0,0.0,11856368.857424513,34822659.91341048,36304108.259626456,2743943.2682161327,9232821.594169902,13897172.626831044,0.0,10504585.741575463,10888118.556343196,33638938.053758785,50460671.91247917,101709937.71882904,0.0,1260205.1602182612,17598940.381996516,0.0,6148365.227632448,6572821.358621655,0.0,0.0,1951119.5151135626,48397515.56796876,36115896.76526263,17914003.149173047,826751.7943141541,2968529.582242947,0.0,323337.13698986155,553294.3502393396,0.0,0.0,0.0,3704908.179140264,3367048.576211256,5417050.189348281,0.0,0.0,0.0,0.0,1102324.8430750323,1240009.9178231074,0.0,353071.396956749,2061339.6540441506,24226470.665489536,0.0,2601028.441158455,0.0,0.0,3357111.1651868653,0.0,5876660.415368981,729633.2685274247,0.0,0.0,0.0,1533960.1060305538,0.0,2199456.945530053,0.0,0.0,1049888.7785049933,2961256.3670488973,0.0,4223793.906169536,149464.65247353914,246317.18468837225,223139.1816903169,0.0,4673764.72261864,1528702.6182823775,0.0,1669764.524004012,0.0,0.0,1957233.2437558554,0.0,428428.1083854104,9042812.768333072,2373306.758375823,1739870.741410875,0.0,1063945.246101876,0.0,1057705.161777269,0.0,2290067.628142069,1808215.7505800575,0.0,3144881.550215601,0.0,733635.0081473232,0.0,0.0,0.0,788119.6779664382,114091.03495031965,0.0,0.0,353485.51152864017,0.0,7758482.385018213,238944.82006398952,0.0,0.0,703794.6042465696,0.0,0.0,0.0,92566.17441787757,0.0,255565.7133964838,176536.04862051175,273575.1064086612,0.0,0.0,0.0,906711.4792676896,1233648.4067746988,0.0,5262485.687083139,272800.5834773485,0.0,0.0,0.0,1090828.994210274,0.0,0.0,1139269.8652343894,0.0,0.0,334228.1639644711,332348.3828204016,0.0,0.0,0.0,584061.8093689854,0.0,0.0,1318195.1902182053,0.0,107746.08479298875,0.0,0.0,552550.04584412,0.0
304670180.12460774,390757263.66068774,0.0,8634177.129524194,48389308.541922875,19776897.783189557,45926209.74214153,50435583.09070199,9981693.080782916,33966819.716414645,0.0,0.0,25204712.85546319,32592018.678454123,93701124.76521695,63386078.89890289,0.0,0.0,33773943.13231829,1697037.385449436,9991179.67115665,19354867.88078711,408365.63854890235,403311.9085247518,3111032.000559403,41030272.51075096,41464393.887061745,18167361.90603983,3021324.393806281,11973716.969509646,1364813.180968327,5556162.838355182,994552.4579932805,6786572.416414045,4272976.342754482,2563837.653680919,12500685.159083517,7588551.153995752,8002513.595816078,0.0,0.0,16963739.665388387,1051454.8809592465,0.0,3059306.3580810004,7187796.220178117,988487.5753750689,0.0,0.0,0.0,3035258.513744827,0.0,0.0,0.0,0.0,0.0,2580486.732382254,0.0,695430.9304382816,531796.2410703187,6042181.536927015,0.0,3680010.3043261454,0.0,0.0,1944257.6171257703,4512832.723533474,254047.29643492005,0.0,3132774.948294357,1617779.2251872288,0.0,1502792.841671764,5749430.77175951,5418639.824213504,0.0,4043039.6976401443,0.0,619185.3087824568,2293477.0368288765,870792.3555014881,1355291.509184551,9111576.359507317,1853069.45969121,821630.9295797688,5434640.508268716,2584306.0130904685,0.0,1600320.555889751,13109707.817547934,6513274.743074116,2387065.7819396127,1102160.8107748027,1475557.6887725452,275679.45748352836,873168.6819854223,0.0,0.0,0.0,2517534.888899351,268328.6171946806,471071.2630876903,0.0,323482.83948665846,630002.8934664427,0.0,9428301.27467761,0.0,0.0,852066.5990440329,0.0,846693.2131257502,0.0,1649993.5175465143,990063.9857773061,2849375.420581742,745402.2908102362,550049.6717883905,0.0,0.0,2553066.3717760146,3405829.413797785,6903702.713138282,0.0,0.0,577801.3764337448,0.0,0.0,0.0,2179559.184208439,384584.34663138905,498072.34968766605,4156877.6743444595,191591.678132333,0.0,5246353.303306799,1215138.6224745798,2088297.0105494696,0.0,0.0,1500304.208265407,0.0,462302.9362143272,4196373.473452308,0.0,216103.2798973265,0.0,0.0,664681.0883745495,789161.5010710951
105357123.51017511,363785772.257832,0.0,0.0,0.0,39027156.39571494,38262338.489180796,1351704.8834524772,12023578.597100358,7394819.135817249,0.0,0.0,0.0,33425521.627194934,23206444.47894634,0.0,0.0,0.0,15990745.245368049,0.0,13094888.101684205,6238208.309926114,0.0,0.0,1163879.62732134,40287292.77758146,0.0,18394955.19390427,1621089.0042165297,3509413.3208945086,61166.130363570046,506867.1418628094,0.0,0.0,0.0,0.0,5144944.241547371,1899958.8618662357,5899717.030736155,0.0,0.0,0.0,0.0,278458.3071596125,1030924.3266757572,0.0,564510.8883153499,2395629.010223395,126087.72595380056,0.0,814632.8693066348,0.0,0.0,0.0,0.0,6100664.490724192,470676.219429921,0.0,0.0,0.0,4630710.707751204,0.0,704458.7657792941,0.0,0.0,629731.6028962845,1876649.9930770185,0.0,0.0,0.0,416475.22536022257,0.0,474838.439975553,4090061.657101158,2399144.290883571,0.0,774001.7133842354,0.0,0.0,1683997.224037999,0.0,247082.0787142905,9192429.009476053,2546708.6873378195,1372644.7177635583,8389572.161801077,511704.9726708276,0.0,875361.0352670389,0.0,4186134.3154462297,1049456.1396789872,0.0,1582664.4771523953,0.0,901062.9630323035,0.0,0.0,0.0,0.0,63751.195449780724,0.0,0.0,300296.823732376,841662.2192902402,0.0,234871.97171330082,0.0,0.0,1017188.0075611089,2840416.391787636,0.0,0.0,236325.39567605776,0.0,0.0,149534.6231174687,0.0,0.0,0.0,770069.8757050636,597768.9885511759,654414.2853527744,0.0,223354.7425583898,280668.3725437557,0.0,0.0,0.0,1631979.454494475,0.0,0.0,1460005.4365728123,463230.05911546113,0.0,263012.920308466,246378.05703500676,0.0,0.0,0.0,252479.33179482401,0.0,395125.2523544178,2728488.901872679,0.0,61003.75882006389,0.0,0.0,0.0,0.0
119476857.47526996,274179704.2824503,0.0,10225744.274574582,0.0,36135852.82864593,20901153.893117283,1914444.9675235744,19944040.789643742,10545315.862822553,0.0,0.0,7624483.131971362,25726773.71339508,28199409.656882826,72056948.50140387,0.0,226729.37443816682,15521753.671297178,0.0,3312791.3284769473,6600508.917191744,0.0,0.0,1346405.0485106127,38635008.21761938,9816444.60842589,11181475.293351978,408198.51104564563,1241985.524747097,0.0,835238.2766498339,2609776.9241136573,92517.90793091794,0.0,184867.8952963841,3990487.2154092826,2504723.532186685,5719816.168138307,0.0,0.0,3508669.360026596,0.0,1522864.23678373,1040027.391557172,0.0,587010.229324088,0.0,3523174.054789244,0.0,1536954.8380039637,0.0,0.0,0.0,0.0,3047153.829742843,895470.34778516,0.0,0.0,0.0,2067765.3861727663,0.0,1420604.4732677194,0.0,0.0,2237577.881841382,3700736.746441504,0.0,0.0,190860.9003187717,197667.73243343577,0.0,899251.5295197502,4511615.129009125,748637.3701390468,0.0,3481487.5644578366,1780046.0160501823,0.0,0.0,0.0,834836.6997182963,4695037.163518401,0.0,761234.8376204277,7031503.0879411055,736639.0485915587,0.0,1770643.8794184818,0.0,2396145.378629944,1239924.507608495,0.0,0.0,0.0,1061782.1665894245,0.0,0.0,0.0,568164.7316661046,294800.44821075373,0.0,0.0,188875.12105265242,643476.797004014,0.0,256482.97213148323,298644.69606301375,0.0,523698.1466730664,853453.3003510836,0.0,0.0,134430.46392770935,0.0,496086.3760587716,201702.03561992737,0.0,138098.8193502091,0.0,0.0,1590510.8300375573,2122305.068458901,0.0,0.0,274935.59840944386,0.0,0.0,0.0,1532431.969680805,0.0,0.0,447530.81522337254,1800249.8630009321,0.0,475307.48529202765,196403.71467412458,0.0,0.0,0.0,958428.9375722427,0.0,224467.90894517303,1619492.9063917603,0.0,240964.76029923928,0.0,298798.6778064477,562140.0333993597,0.0
0.0,1201327832.4343553,670932115.7446604,449924264.7371649,0.0,315945049.47697365,0.0,0.0,219896785.43515056,0.0,864524.7033635973,0.0,95224502.57539636,197160855.23077154,0.0,0.0,85335422.04989631,3432082.333732608,96506230.92651726,221983921.61296487,79218781.90236624,41794894.74530934,175887353.26781887,52295989.732933976,35560008.83087642,0.0,31582181.588419717,47093095.03758843,43761071.99441221,6021749.748554141,32211638.153504033,35578169.1570434,6960460.260179892,15620839.975862514,24141284.79955415,5667904.168569988,31289504.768922314,0.0,10628009.41590911,0.0,0.0,0.0,60660483.550660245,0.0,42496026.81375735,0.0,604770.3579211233,0.0,0.0,28072590.026368856,9671150.307459334,0.0,0.0,7987757.8752053175,27309544.596316937,46800339.446577825,9583786.875246987,0.0,15243349.751778439,13090645.05684652,12863447.228802754,5865188.9998590825,8381855.879743104,0.0,14006061.898096548,2006824.483618378,0.0,23709836.32038535,0.0,40265428.080384195,5849876.415520732,0.0,2145480.050395876,16444722.019076247,0.0,7403824.888625257,860375.2022619084,14973115.412693892,35487308.19405793,5227928.187334511,15065436.97517745,431328.8889167976,0.0,32962653.262949035,0.0,13811602.698911883,8768280.146891428,17024285.570145834,916234.4779879306,0.0,0.0,5811132.542956735,11303186.666387903,0.0,11103265.766925707,0.0,27814855.69593166,7987765.371102145,0.0,4944557.645165914,345269.1235801044,0.0,9256462.09007606,13944563.611611921,0.0,0.0,6961541.360960914,2819431.5936101074,6127794.433702715,6426020.01913414,0.0,8500744.816059718,0.0,7958955.34788008,0.0,5332644.63352331,7060016.0171910245,9420069.799127424,0.0,0.0,3439712.3806654536,1436771.962832895,510171.5682776817,16768527.437506553,0.0,20311406.143899623,0.0,0.0,0.0,0.0,12398119.290295804,20482826.930998754,4249023.0483064465,0.0,8369647.776186015,4779393.617506861,7404237.58472228,0.0,0.0,3284629.136575588,0.0,0.0,0.0,4291663.641669237,0.0,204890.90369024302,0.0,4164381.7716355165,0.0,0.0
189276535.12666982,256675479.80700237,0.0,0.0,0.0,35912931.33294954,12800047.019048423,2345151.5228500366,12948135.27845778,15805210.956820846,14960555.360133762,0.0,13627542.276815854,28261579.218375232,48819423.47974572,0.0,0.0,129501.61633052958,12609539.13122321,352868.4368034004,7572801.350549863,9890930.560118113,0.0,223241.27094443352,1101595.5261299012,33382621.167291395,0.0,11561570.370887442,1290775.6776479424,0.0,0.0,559535.757990182,0.0,0.0,0.0,782330.1451656887,4381197.892225707,4215675.608190754,7491512.181789816,0.0,0.0,0.0,0.0,611664.7698164467,1035717.9762971419,0.0,1323269.538556911,0.0,2936927.91201929,0.0,995812.3021937349,0.0,618808.9861626418,0.0,0.0,0.0,0.0,0.0,0.0,0.0,976303.295759818,2645825.524640692,965291.8763122546,0.0,0.0,2345370.961798391,0.0,0.0,0.0,0.0,284850.4963693725,0.0,0.0,3398645.9874535636,1748908.289393771,0.0,3133966.0934436945,0.0,0.0,0.0,0.0,969635.7512806621,8997155.897576924,0.0,0.0,6716115.622430758,0.0,0.0,0.0,0.0,0.0,925606.7613287793,0.0,0.0,0.0,615302.8090535463,0.0,0.0,719538.5068189871,0.0,336144.29574551433,0.0,0.0,251088.38080064967,1027232.5565955644,0.0,304224.8173632378,0.0,0.0,1583763.7310223817,6241758.080521832,0.0,0.0,44009.50131339021,0.0,0.0,0.0,0.0,0.0,0.0,542548.3830026484,1524040.8549769074,1746400.488305399,0.0,0.0,265887.10720492527,0.0,0.0,0.0,916637.9644735454,0.0,580798.2001200528,0.0,469877.2860758137,0.0,0.0,247803.84182800367,0.0,0.0,0.0,990584.9520514625,0.0,0.0,1133485.3365888323,206062.4575881473,269044.34547328233,120171.76497961581,194215.141675394,0.0,0.0
592356201.8934631,234534354.72915146,159909782.41331953,155117125.26815397,0.0,43281436.824705124,156857591.42980558,110263387.9162167,94807841.98405989,174898609.22014996,124212254.51022838,0.0,118969727.66149928,69370612.43872707,85630233.2103161,0.0,42527155.155507915,1426302.9000616062,68026631.25442116,3630537.9314960656,64125648.0040277,93464490.38454805,17824997.85445093,15545855.038341984,41983487.32306123,16475085.59787676,0.0,24645221.04763603,34254863.886395425,10793067.447695583,43306227.802387334,37027512.507295154,4454606.782542037,13815667.107240323,12689545.487938153,0.0,0.0,34446820.06817598,13661522.3596755,0.0,13815680.234978775,19263166.830158394,9648415.500310007,0.0,1484955.2732476136,0.0,3358615.214400866,0.0,0.0,3233447.891972275,14587403.813970169,0.0,21105217.780343037,0.0,5445407.006245767,2429718.714283823,0.0,9229424.693362765,3725258.425845383,3349183.716731817,10866972.262680924,0.0,3181433.450642581,0.0,0.0,1835579.4493253338,0.0,1756417.0642998233,0.0,0.0,10166749.631053453,3754835.7471573977,3035670.178795977,9099906.70636985,17721797.49415804,0.0,2117592.8749447777,8079806.632319182,842932.8945303727,5998955.402251576,2411012.4109829734,1023425.031666771,6460015.216991889,2832466.347483753,0.0,6483235.806256378,0.0,3635561.490496632,0.0,0.0,0.0,7335243.737000515,10803010.263181688,1814105.1657342243,6276799.78455363,0.0,0.0,3751969.311990208,0.0,2740396.3890087623,272741.8597059064,19720197.767365653,1948749.39138865,1243180.3496930902,4153797.679784774,0.0,0.0,4613351.113597303,2250928.1450625053,3416879.0473596603,0.0,3408071.70621282,7189497.805273291,4590542.684089793,6688508.478586618,2309825.437213214,2291573.4345681914,4229811.060551585,6387344.447471503,0.0,6970779.722525356,1621626.173364259,1591237.5550544264,232550.20023943097,0.0,551133.1139753457,5937998.714407985,12351848.98343876,0.0,5037981.315790834,1923334.9336168794,601868.6823551367,3005013.985291197,0.0,5798781.901982844,6953726.222411156,6627580.528406633,0.0,0.0,4108898.247704812,0.0,13033332.153688539,6126252.646795692,6730149.854621474,2353707.844693427,195236.0307794042,0.0,0.0,4395980.312755588,3330086.648243607
26253120.080607418,311002263.42631155,0.0,0.0,12983356.80129303,52082970.86234474,35122769.64917827,2892259.7377271676,14952152.472529445,1787161.1600894248,0.0,0.0,1281399.3178554194,39434612.73373744,5641639.499229368,75390309.21342625,0.0,0.0,25122150.573926333,0.0,0.0,7279354.416983655,0.0,0.0,260665.35087410797,41997053.78270963,16929469.207784608,12772076.891284226,175698.70991656173,2246091.946740669,0.0,374965.2461539658,1643841.6214749732,0.0,0.0,570846.5598769697,982864.6494915306,467799.41408356983,7200465.024612799,0.0,0.0,0.0,0.0,0.0,1379895.9537470127,0.0,2681812.4381846897,0.0,1168757.7593737124,0.0,266187.69475537917,0.0,0.0,0.0,0.0,3806852.62870373,0.0,0.0,0.0,0.0,0.0,0.0,222708.71721259927,0.0,0.0,3947131.943259962,6639372.69846635,0.0,0.0,0.0,21780.59363552961,0.0,0.0,4592814.949353698,0.0,0.0,4802019.108124496,0.0,0.0,0.0,0.0,1314154.0875207584,12894039.460210342,2585198.9903359395,0.0,6492984.61775521,0.0,0.0,4969973.031530783,0.0,0.0,185619.95797532637,0.0,1323424.3421430937,2915800.3439685884,946064.2532956374,0.0,0.0,0.0,0.0,605829.604896241,0.0,0.0,347538.8535652456,1053175.2907236523,4754598.265535553,88847.0993586389,0.0,0.0,1105805.1340151988,0.0,0.0,0.0,0.0,0.0,370678.49838257575,49863.90197782121,0.0,0.0,0.0,0.0,2571492.219201371,2528089.5523039415,0.0,432207.37059082853,285307.85337420536,0.0,0.0,0.0,2064186.0007792104,0.0,0.0,841400.0892289921,728977.7574251854,0.0,0.0,32216.684203460787,0.0,0.0,0.0,1390417.9899751262,0.0,0.0,344065.61744671874,0.0,457612.1859195707,0.0,0.0,240478.993839007,0.0
123916012.76132055,250768081.61447412,0.0,0.0,0.0,29912966.186085843,30186470.87151235,1561612.8040595069,15974019.22507045,13522287.938122688,0.0,0.0,9817575.88551648,24901766.05518743,27162878.744160734,64829287.13211431,0.0,0.0,20212154.860990405,0.0,14838883.253816448,5650073.9286865,0.0,0.0,2469974.8437664374,36577025.70651319,17382200.815034095,18339256.40001074,2075230.2302942004,1386489.8594613657,201132.35727951681,257044.33930113874,1325068.0237131359,84613.76155469938,0.0,249478.07538139872,6868960.469152011,3150970.3042489863,5547644.846636764,0.0,0.0,0.0,118351.86288311245,976763.3346948166,1695131.3294391625,0.0,534248.1040126166,1235251.0771803826,1267931.0111947383,0.0,2333866.822578853,7651648.339403658,0.0,3466353.4103358225,0.0,2835651.4380972954,1398173.0837410826,0.0,0.0,0.0,2772723.8438700624,0.0,2132831.7428270383,0.0,0.0,2016389.0384065495,2603296.661487002,0.0,0.0,189345.4385232925,1146272.0620695183,0.0,861355.365271651,4436744.821072049,2713050.4038657895,0.0,3220195.229771285,0.0,0.0,0.0,0.0,744591.5282432084,5728825.667468971,2732152.1027326044,0.0,6158006.776308643,920070.543200426,0.0,2463676.2729368373,0.0,3897701.546703941,1797637.9675714332,837116.3469956216,0.0,0.0,847523.7381386324,0.0,0.0,0.0,1178597.8968363856,254884.2015176415,0.0,0.0,169914.2217668968,62581.014737442005,6512703.831791352,147801.82166249567,603738.4382403459,0.0,1243088.6237044747,2988642.1420842083,0.0,0.0,74596.80942226104,0.0,0.0,388102.4601924086,202448.54537883837,135313.51790741464,0.0,1183760.0041653733,1354159.8975319061,1829434.7106807823,0.0,9379073.33478614,285167.0863959865,308569.2525556766,0.0,0.0,1041356.5819800787,0.0,0.0,489210.94743373187,1598093.758818901,0.0,0.0,333305.309977208,0.0,0.0,0.0,876211.9704889939,0.0,476162.5069265821,2545351.3012106703,0.0,215494.11972299207,0.0,0.0,524891.1799241274,0.0
765039444.3269383,351908642.1120033,108303034.10167679,134098643.28149131,13988751.947868358,193817346.16069376,113140668.37264852,135808369.2600112,139968530.51353908,0.0,0.0,0.0,119729024.86877422,115327073.40546599,0.0,0.0,0.0,0.0,90609651.81852253,3308524.1389063057,79768273.34520967,60980523.47891707,28057884.066259608,8189811.019579363,53520256.618533336,21137007.47139823,46102708.167968504,47255509.08031265,29643087.722051837,17269271.52850447,4958493.337399701,13451638.318705106,4178652.6680849907,12330703.114779444,0.0,11912293.852822706,29597823.12015036,41550231.58791451,18591543.907127906,14333198.763324304,0.0,14461651.793572856,6490066.968956952,25778385.399815835,4636959.891162605,0.0,683430.503593638,0.0,0.0,3841232.22155512,29871442.34065023,9736909.568064291,0.0,0.0,0.0,6956896.494259089,9876284.097000485,0.0,4027431.7457328583,2956555.812068508,14425989.486505238,0.0,27367738.363942154,0.0,0.0,1607206.9537108808,16748892.084327199,1654162.7757659242,0.0,0.0,6563111.2460514875,3996814.202251084,4048405.802203119,8991623.64845676,0.0,0.0,2444073.99342592,11704585.40525152,0.0,19760519.233198296,1030917.2151488347,832570.4684346686,7516730.462201097,2773426.2702562087,0.0,8333676.60409022,13009967.301482609,0.0,437486.2746258471,0.0,0.0,11741965.035205914,0.0,13522646.189445337,6875285.764706954,0.0,0.0,0.0,0.0,5436977.716195707,195619.13338945457,7106183.361472052,1847437.0591246854,1125959.438545391,0.0,0.0,0.0,15457694.435805844,0.0,2359200.042108127,0.0,0.0,0.0,3619086.2906743046,0.0,4787217.624142367,3360388.439166235,4950215.413000401,4730081.922713993,4022359.243835865,2329889.982927842,1384240.0344680059,1845495.677376435,0.0,0.0,467157.3650644359,3078816.441869984,0.0,0.0,10246644.110889332,1072138.4629042968,0.0,5548180.514330037,598216.1264462662,6198445.57840639,7174772.415963022,4188498.081676362,2062910.2585571439,0.0,0.0,440270.6743060948,9432132.40560927,10710203.334435137,3740617.596644774,0.0,160809.06440944195,0.0,3467586.382052231,5122660.29617572,3838537.4422883163
84489646.20146231,229846293.20637628,0.0,1406772.3169384138,0.0,20386538.969153736,22364744.853759132,1572295.289482117,10318701.01285478,6744662.225997508,0.0,0.0,4650195.466000047,39283630.08185674,20945854.45366745,61490670.99133022,0.0,286115.42858344724,14979069.57484505,0.0,9722147.115553182,5145215.7292813845,0.0,0.0,767401.42446623,39732517.99745032,0.0,11802237.714792874,873850.6722992625,0.0,52629.165362918335,931267.7436142877,0.0,0.0,0.0,426491.91844340676,3337522.187538975,1618454.5953699064,4517471.567007247,0.0,0.0,5181660.881738303,226246.82475095626,269824.2434606304,932648.1659257418,0.0,0.0,0.0,2347961.29748982,0.0,799661.0663596559,0.0,0.0,0.0,0.0,2787278.2933546645,1044642.3491258362,0.0,0.0,0.0,1022792.9244993267,0.0,0.0,65985.57288585596,0.0,128495.39687900704,4030475.329894431,0.0,0.0,169598.4882940353,162253.62684855447,0.0,2027726.5115297271,4726060.669078838,980677.9449243417,0.0,0.0,0.0,0.0,965159.8914230526,0.0,42650.055271255886,6329168.364198401,3078447.205251823,0.0,6842045.136915153,422594.9274629334,0.0,30271.181706459713,0.0,2513001.169547655,626235.831836976,0.0,2137333.618365641,212043.0189784898,159246.15140316446,0.0,0.0,0.0,894230.5413088943,0.0,0.0,0.0,175008.70864474776,264061.77873362583,0.0,60060.67512833029,139123.1708008033,0.0,1442715.072852078,1536691.1366825593,0.0,0.0,128086.04812397972,0.0,0.0,250340.82862716887,633450.8647535103,109285.55479519839,0.0,0.0,102142.47870128562,0.0,0.0,300818.8831195236,322153.5413627773,0.0,0.0,0.0,0.0,0.0,0.0,474317.501887739,1025665.4402635243,0.0,0.0,0.0,0.0,0.0,0.0,0.0,0.0,138300.22364374186,1711441.6135936424,0.0,0.0,0.0,749557.9397908476,721337.1127437092,0.0
7584211.564013032,280204890.9671984,0.0,0.0,0.0,17993070.477458622,6013485.347164387,1627180.081350087,8742762.226884449,343357.38398060494,0.0,2786263.599726919,259776.86311004322,24509876.555430047,1567723.7557818852,89476058.92165397,0.0,0.0,14734621.88065106,0.0,0.0,4529372.612124922,0.0,0.0,86495.28501876436,41309384.27173458,0.0,13268667.289579043,97851.97343822576,914156.3830034367,0.0,410762.8149754414,961885.9660225027,81811.12405111644,0.0,0.0,437749.3370376006,0.0,3364601.4457072527,0.0,0.0,690990.1299717402,0.0,0.0,917783.1667138643,0.0,818127.9850711595,0.0,0.0,0.0,0.0,0.0,0.0,0.0,0.0,1839783.3816549373,167638.27890620206,0.0,508624.1816952232,0.0,0.0,0.0,0.0,0.0,0.0,2095716.2142961896,0.0,0.0,0.0,0.0,19617.235797121146,0.0,407474.27416023606,4233251.973257722,66219.53065708275,0.0,3421928.9934137487,0.0,0.0,937217.2269001367,0.0,861649.5068148114,7941067.676267168,2528697.265670547,0.0,5496607.08778575,0.0,0.0,2076624.7043444635,0.0,0.0,44061.51371842494,0.0,501688.01522706024,0.0,150578.14969783474,0.0,0.0,0.0,0.0,282389.7828053201,0.0,0.0,191233.0388395785,755387.6233074949,0.0,27518.104789501165,0.0,0.0,1158581.478361741,0.0,229390.59600007723,0.0,0.0,0.0,0.0,36942.29190345483,0.0,0.0,0.0,0.0,1342045.798950711,1882462.6793431644,0.0,0.0,271581.30894568586,0.0,1277135.7570140911,0.0,1116592.2788285615,0.0,0.0,148353.9828534167,762342.3070416603,0.0,0.0,0.0,0.0,0.0,0.0,1370350.3629368532,0.0,0.0,394971.07703888975,0.0,221763.31837811854,0.0,0.0,0.0,0.0
754908799.160074,362322118.83246946,141146246.5149044,0.0,463639473.56062126,192633251.16249958,230918579.04988253,0.0,141633191.92629346,145527802.9825543,0.0,0.0,0.0,75218706.69843473,96970994.67374505,51407939.18811983,32681258.50023043,0.0,61872974.05104889,8372712.090432827,64348142.23769047,58488561.42625364,23236854.46928947,9574635.661085553,36272554.14087732,18219520.028502285,0.0,43538141.998856,26213862.88731076,12613124.06173325,30517685.85915585,21573949.828600414,40457046.09756375,11655777.019202847,0.0,6680755.4999354975,0.0,0.0,18178701.708956677,5774166.415425424,0.0,13810295.88111913,9611724.555117534,0.0,0.0,0.0,2297420.6267506843,0.0,0.0,8564643.386574935,16005683.11763727,15635555.87145415,0.0,0.0,0.0,4308847.288945558,5839710.635913773,0.0,1794242.6258417207,2179840.579654355,16926164.664602805,0.0,15565244.012010958,209518.14625194686,0.0,7594438.065074704,13153553.896836612,1941074.1383024326,0.0,0.0,9560620.031035049,0.0,2489172.6984744384,10759742.735668622,0.0,9553245.395032736,11470696.73375319,5847227.996422099,1016500.2199877393,16527259.74343791,0.0,0.0,8838324.54335183,0.0,0.0,6851327.719349171,0.0,3676957.3854553695,1617795.1381637848,0.0,8729401.620314911,7806169.650526568,5354971.826508105,11054523.501883635,9824580.10137634,14810382.278214676,0.0,3186005.7830156735,0.0,9348701.627813047,1829410.1167213647,9513757.288643375,1639341.1397384794,0.0,0.0,0.0,0.0,8171194.126773046,5794517.243076143,3197721.708343668,10391133.388805375,8750305.846659295,0.0,2632691.7153214584,0.0,4340673.3593084505,5661586.362504958,10477815.456863396,4743431.801093338,0.0,7229635.474990842,4484732.837929789,4943487.507721571,169073.8819037608,4910462.09220437,485774.3088960571,11057113.31615756,0.0,0.0,4892235.763553074,1160394.404266038,0.0,3717522.659491156,6144105.6025582,4619594.443311323,4615760.59219932,4179337.9157819683,5812815.3162369765,1870485.4969060607,1431473.5848356418,2890086.6109369076,0.0,1352313.902893062,5361368.82497827,0.0,1416881.2537158504,0.0,0.0,8331558.298251988,3630578.924908214
7327474.402708468,167593233.0824017,0.0,0.0,0.0,27289070.445042633,8298408.110116459,1692307.7862863531,17352798.671035588,408268.9334641694,0.0,545072.5105246006,317318.59549796645,40812803.717263244,1995383.238163942,65276259.02633661,0.0,118174.92218105152,16343843.28704784,0.0,0.0,8231156.094182965,0.0,0.0,116075.51415625589,35975283.466923326,0.0,9520621.632129626,159084.58308903116,0.0,0.0,0.0,0.0,103749.31582793611,0.0,0.0,336116.1950522958,0.0,4695362.940949959,0.0,0.0,0.0,0.0,0.0,700459.2484475522,0.0,23862.01527688978,1878262.4476113343,3735228.7983943243,0.0,134783.140288977,0.0,0.0,0.0,0.0,0.0,0.0,0.0,0.0,0.0,0.0,0.0,114065.44121033224,0.0,0.0,291283.8425915444,0.0,0.0,0.0,0.0,15959.054564070979,0.0,0.0,3121156.652034221,0.0,0.0,451754.7911556659,0.0,0.0,0.0,0.0,116284.09066153322,4341182.301727952,2592016.4738306394,0.0,5613456.919499159,0.0,0.0,0.0,0.0,0.0,71484.3773021596,0.0,51855.13808515193,0.0,288494.0056246592,0.0,0.0,0.0,0.0,31142.830408581074,0.0,0.0,143996.4105230571,0.0,0.0,0.0,0.0,0.0,966022.1608011418,0.0,0.0,0.0,0.0,0.0,0.0,0.0,0.0,0.0,0.0,0.0,353006.0215953559,486094.3877470945,0.0,0.0,197306.44305231763,0.0,2867878.7131667514,0.0,0.0,0.0,0.0,0.0,1440586.6733145863,0.0,0.0,0.0,0.0,0.0,0.0,0.0,0.0,0.0,311096.5681462355,0.0,0.0,2160463.454697634,0.0,0.0,0.0
308563.0297926662,384076575.56215376,466639069.2272536,286853911.3865431,0.0,182530149.824503,0.0,105261597.44817208,125649358.28197113,22233496.442123912,1404132.9554295551,0.0,98415787.83236669,47879586.67578359,0.0,0.0,12814394.138061797,0.0,101583246.95085718,16362096.023298685,41280960.11430098,30514244.891334567,55357180.56010658,20149553.690541197,26159158.447326846,19928509.88051844,24918694.703269135,39463920.26518733,30016644.423869822,0.0,29791968.79605458,23855080.4226513,9846659.318458756,10698674.526283015,9656809.013279684,1659220.3410260635,32537153.57931138,0.0,23594034.119401608,9494795.691594277,0.0,0.0,6002228.415199811,17800495.30745745,15251745.818293927,0.0,8250431.045946916,19774687.632637743,0.0,4437008.057286461,11403000.428754624,13804536.292968445,0.0,16940646.501284048,13289991.130085625,10049397.001629123,15366189.782823792,12027710.152125806,5939369.947868592,4481900.610944652,7485916.375228274,0.0,8769493.917869246,0.0,0.0,5233749.474324519,10733564.248045737,3059893.7332426975,0.0,0.0,15008255.660395747,0.0,1499738.4182958892,16952530.537935387,0.0,3418626.909178249,5337949.610068752,12884268.589547824,1371835.7080476526,2907844.344294161,1593414.7579986744,2583736.6045843465,0.0,3040831.246904224,0.0,16639536.498818625,10531286.873314645,1966963.9021224391,5910316.019402311,0.0,8940917.00707392,5088653.298549424,9319520.222916005,0.0,0.0,0.0,637553.5776600386,1848335.7523510454,0.0,1799736.3401537312,1373660.0451626647,0.0,1853223.191138428,1887670.4410761893,0.0,745511.3675693423,0.0,1448209.4326463514,2889202.7378502227,18088526.921928134,0.0,5948685.170973537,0.0,4086037.1175936223,1540652.4639508694,0.0,5685592.756767708,3154718.9623079845,4048286.4478117186,220031.52894913175,5414006.695306779,4124885.3726185663,3676932.310898477,1874878.6523972799,0.0,1634960.9490765356,770533.4609306757,0.0,0.0,0.0,5402044.100784239,0.0,3920838.800162676,0.0,2987886.8259561528,3000520.643102683,6143889.444388629,6355348.135050081,3910157.676291902,739010.3020988271,913181.7447402165,0.0,2146598.311741118,5295835.056404829,0.0,651073.053824078,0.0,2409153.2712324164,0.0,0.0
309248295.06426936,116249503.98274024,0.0,10696466.632103533,0.0,83208744.89315878,0.0,4163103.782998629,47362421.85491482,104183538.87422356,0.0,0.0,65974659.838042974,40369187.25918863,0.0,70314497.12954421,0.0,0.0,64067029.42142396,0.0,31259207.063311048,41220299.90901611,0.0,621083.4179989252,25384028.901888557,38128432.6438638,8633220.222158186,34460087.591180965,15686516.717251489,0.0,12729206.491752423,1229227.5131609237,12698397.301894644,101216.2085492667,0.0,0.0,0.0,27294234.301139157,19293702.697516732,0.0,0.0,9414882.415353158,252748.2223192269,13194213.730365729,2775675.109756304,0.0,1904298.4496602218,0.0,0.0,0.0,11590220.739420056,0.0,0.0,0.0,0.0,6345021.972855747,9749240.865796395,0.0,153563.83988894522,160827.2037374226,8751959.089712637,0.0,0.0,0.0,0.0,2865607.9471000256,11010726.369451763,0.0,0.0,471933.18650478096,9417155.996879531,14774569.998298116,729906.1953576936,13337413.220769556,0.0,1384760.0011193154,1862581.9674266304,0.0,0.0,0.0,0.0,0.0,0.0,3247358.29635462,0.0,13977826.481415203,6697504.057237565,0.0,2912682.4540345236,0.0,0.0,5426848.2292113295,2989511.2333097192,0.0,0.0,8398480.333933948,0.0,0.0,0.0,4835619.518007309,438387.8568837673,0.0,0.0,150404.63028296822,1432833.9438770409,0.0,1116251.6023197898,3060846.0352026317,0.0,4979463.301499565,11024710.78747322,0.0,0.0,5169798.716697782,0.0,0.0,3246118.021637158,0.0,1129204.6868281339,3030354.5265395786,6815371.003180906,2076279.226934626,1140487.1129551374,0.0,805302.3084943289,396611.29387177626,0.0,0.0,0.0,0.0,0.0,233373.23877860955,0.0,6137000.692834282,0.0,664360.2337668244,2712899.864808261,0.0,0.0,0.0,712605.5318310559,0.0,857246.1221978219,4587070.440473261,0.0,560508.563956073,0.0,1829701.3140569031,223657.98130836524,0.0
581945410.4729056,273847808.23362035,67686019.58004756,71501514.78826094,0.0,131999311.81531097,106256589.55838883,31961861.781859618,98427425.83010039,89687775.48869915,13614202.332491998,0.0,68293601.490917,39384050.76019601,24617766.11698958,0.0,11531663.72030451,314274.5320334993,63461618.5140253,0.0,47372156.78008966,43367345.10804011,206365.9711745057,4258126.522156654,11160144.886714734,22044544.263614316,0.0,31743500.82698144,13898313.637633452,3118088.398212426,9860234.643151926,8206883.964341636,7809083.890723057,5420962.248450518,5270905.458646905,6837567.844428615,0.0,24955008.230483767,19250125.787007995,0.0,2423936.1031222944,12159919.451943228,3441092.3826402077,4823264.829235199,3657487.2314033834,5363040.100727635,189660.97763420644,0.0,10309739.44397684,2663527.8110889643,4767394.140133458,0.0,17062728.145024266,0.0,0.0,2613648.2079901746,0.0,7281822.304711725,619809.7245670703,0.0,9616123.946854942,14253027.433992798,4370973.976870027,0.0,0.0,374870.4494984324,0.0,363983.3065270715,0.0,0.0,3175407.9919674047,0.0,3490995.2722045453,6330163.768352765,0.0,0.0,412519.61925245816,2460032.7849480947,0.0,0.0,527591.6438544827,498717.30681047414,7772677.663820902,0.0,0.0,6841751.594555916,0.0,941659.7976925371,0.0,0.0,0.0,5311474.497283773,3118077.8886421304,0.0,5147061.765811657,0.0,0.0,904138.0849097628,0.0,3219109.107478857,0.0,981558.6547067142,452657.03068677784,221819.3701173065,888735.358283729,0.0,0.0,1008527.4044706268,0.0,1645064.0171112297,0.0,1617944.1173913185,4966574.668067809,2539195.3094999953,0.0,0.0,1439510.2429547743,3351630.371324264,1803311.4295442991,0.0,0.0,1118071.9859458646,1290213.4502548862,0.0,0.0,304918.1926902538,444321.2621464395,0.0,3856845.6626719465,1729653.3507143538,941087.9456283384,0.0,1090593.0030712297,0.0,0.0,0.0,2657066.6558674434,2727424.1712539624,0.0,0.0,400284.8019420891,0.0,1701039.819071735,5358097.8822542885,1665983.815968157,68686.18400988827,172436.08188186603,6849184.376142413,5599705.574362817,827180.3920761124
115355082.01404865,354831436.90582895,0.0,0.0,0.0,25294293.52104688,26382109.605396807,2621373.5679302225,6098118.5668848865,5576602.754659215,0.0,9269516.959258283,4370388.308382265,38738800.63894816,25813242.671702895,0.0,0.0,0.0,11861497.72155593,0.0,4509597.116028049,5529810.824377857,0.0,143339.51049087345,561563.5227734377,49706704.8095141,0.0,19425126.400577694,480595.63848008565,2283605.6327833864,31445.05276922227,539587.740377605,855374.4079985938,0.0,0.0,304616.0908486936,2543815.634462796,1487466.2225409,4948745.313491825,0.0,0.0,0.0,0.0,203012.59228705845,1237637.1828412125,0.0,181352.78461857134,3560993.9455025136,181960.60616826624,0.0,776828.1785481687,0.0,0.0,0.0,0.0,5408452.583250888,293921.58158908214,0.0,0.0,0.0,471754.49350712314,0.0,755722.5289999773,0.0,0.0,696143.8312411802,2599969.570183032,0.0,0.0,0.0,42667.41073631121,0.0,672915.961012199,4367582.647584104,595879.4244602104,0.0,1044085.1188567376,0.0,0.0,2204894.339424773,0.0,348649.19862405054,15564286.472517753,1979548.2869991362,349144.8170158235,8177847.405332145,391602.2619823338,0.0,395122.5901593742,1447816.5160084951,2171905.008326548,486953.9155781933,0.0,1788898.3695534172,0.0,461937.5660948902,0.0,0.0,938335.4176312048,0.0,79345.71847425969,0.0,0.0,349656.15447771526,0.0,0.0,777803.3539872989,0.0,0.0,885784.0900493199,2708680.202285045,0.0,0.0,0.0,0.0,0.0,70859.17047502419,253197.39577111753,0.0,0.0,0.0,620870.4888810923,827772.1472068749,0.0,0.0,268977.0826659499,0.0,0.0,0.0,509249.70464815653,0.0,0.0,883962.2704468885,218405.30045949665,0.0,0.0,101716.74055069103,0.0,0.0,0.0,450157.15445863653,0.0,0.0,1283798.907249338,0.0,67882.25398902314,0.0,0.0,0.0,0.0
0.0,336242310.7350156,111984314.65292746,243587470.52127114,0.0,47508041.49379095,232458212.77583805,84863623.58484937,173002932.96595523,0.0,258748458.45702842,0.0,139896560.28397927,102046402.4187651,0.0,0.0,10028287.028509093,0.0,104623230.12910986,0.0,83497910.87699379,83615355.26280919,15278349.802750075,13956753.313506417,64624144.26067978,11383109.286034113,0.0,30907224.219505336,51000800.84035421,0.0,0.0,13864563.870704759,6043325.28912136,5718749.18397293,7080176.4046357805,5040128.436645453,0.0,0.0,19661012.131885678,0.0,12119422.19504212,0.0,4431078.19705726,19172244.562546227,8969309.24313232,0.0,717989.3676519996,0.0,0.0,8012852.242969502,30713356.17842462,0.0,26104137.153146897,8100341.242860195,7259257.198667686,1290266.340242266,0.0,0.0,3007983.799088225,804347.3590332677,13393422.521636564,13155785.614904197,3973747.8858742705,0.0,0.0,724886.9164403093,0.0,1296251.0081979362,0.0,0.0,17085564.666091025,30784260.48662407,0.0,5620163.3663351275,0.0,5435934.672641284,0.0,2953987.644265713,0.0,0.0,1007546.6953370415,318662.866316229,0.0,0.0,0.0,9985703.78980744,0.0,0.0,0.0,0.0,0.0,10290811.392921032,10146349.0829898,1508119.0751699302,4794017.140352372,2061176.8368978489,495651.8210969108,711983.3299326447,0.0,8021494.892821623,95592.47893478342,2823368.1036877055,0.0,982109.8699461824,11739072.120224932,0.0,369162.97645545023,9697241.628023801,4364295.411600138,2897477.834415355,0.0,6021117.974774119,16148389.652601248,14273982.99049995,23149379.169107046,2884177.310830362,7624707.695056067,2299482.496997199,7866109.701325432,0.0,5736144.108589469,814018.9506696294,0.0,1212046.4170780336,0.0,1129425.3649855694,13544313.046885723,0.0,2184588.5581184495,11195851.42399324,1350651.0280577315,440028.7891683206,1061294.8996783174,0.0,2623156.7017730176,0.0,0.0,0.0,0.0,0.0,0.0,274151.2552475936,12640364.888057966,4703489.335093383,8835905.460971836,80241.65227136685,273889.94580083736,1151645.46471571,8265806.538580359,0.0
135480114.52070472,310161640.92524874,0.0,0.0,0.0,22875105.453865703,16379415.847044107,1775887.0120244059,13122216.244803207,13321945.704211764,0.0,0.0,9358975.468995877,45995409.089914374,0.0,0.0,0.0,0.0,51851946.473832645,0.0,9826484.724359931,5757335.133412457,0.0,0.0,4097513.920302802,66365666.538396105,1121330.4293395549,52799503.032980636,1460970.8153365897,0.0,267532.7654283566,947880.1256081163,1790066.6967928475,310261.5507017969,0.0,293324.26597118145,4763119.106691165,3169488.5108349305,11696086.725647232,0.0,0.0,3100592.3942233007,0.0,2348243.7141624773,2447221.3560624784,0.0,0.0,0.0,2200387.1483717747,0.0,4361742.526235653,4852842.863493089,0.0,0.0,0.0,0.0,0.0,0.0,0.0,0.0,1384822.9418797279,0.0,4047024.4699064447,0.0,0.0,118190.8692338951,4134238.5303535545,0.0,0.0,314878.62815156573,272493.43152475473,0.0,1055901.9384136044,9768276.919754336,526330.2792049272,0.0,0.0,0.0,0.0,2151420.6431778343,0.0,0.0,0.0,2845846.612425976,1345668.2225123155,17257639.971456334,895487.0536600593,0.0,31247.936968963542,0.0,2322273.461940316,2573607.9664328843,402264.6288424135,0.0,0.0,497787.4468513433,0.0,1672951.2678771813,339874.714618265,0.0,0.0,0.0,0.0,173773.26244908935,0.0,16510626.345942287,0.0,891456.7292236484,0.0,4734279.4662785195,0.0,0.0,0.0,493046.9349440245,0.0,0.0,85783.75460602914,0.0,158750.54273275667,0.0,796192.2128212157,114188.26645016483,0.0,0.0,7019730.343195499,316558.41714685754,0.0,0.0,0.0,0.0,0.0,0.0,0.0,1252522.0784580933,0.0,0.0,340237.17802015616,0.0,0.0,2909570.561738299,0.0,0.0,385258.8375556724,1445120.0992726458,0.0,0.0,0.0,0.0,264676.27769666794,0.0
198921057.8950543,237557880.16454202,0.0,3064385.3533367496,0.0,17215133.139454048,25340278.23571252,9014525.42709597,12503699.047879506,18666314.11532155,0.0,0.0,13759193.82285312,42753370.2308038,0.0,66213405.043830894,0.0,1197318.7980932398,23824296.787688836,0.0,15168315.125961296,5610322.112052636,0.0,0.0,7794519.641674538,39773982.17606069,13173150.889276195,20056988.64548762,1872514.4996002028,765308.2818957567,911133.1326089941,397050.28105871327,1577639.1860438676,136027.7174400761,0.0,170425.30733004547,8631953.852137577,3831916.9140192247,5700417.788810296,0.0,0.0,0.0,0.0,6271807.366508971,982645.6930289262,0.0,86707.11337617021,0.0,0.0,0.0,8414955.66344789,0.0,0.0,5346569.487914014,0.0,1404531.088758982,755481.7548869544,0.0,0.0,0.0,3043255.302509613,0.0,9689965.876927068,118297.38543131939,0.0,291123.3581288414,3710502.72820684,0.0,0.0,873091.4418611669,480068.5839661098,0.0,1496812.1081173886,4796175.491977279,1490638.5516332893,9606147.04288242,562188.3826099784,0.0,0.0,2028570.6877503847,0.0,0.0,7357444.397822029,3028830.154623566,1016400.3347153302,5781200.102517541,1356328.8683842467,0.0,197984.40421119198,0.0,5337504.545035234,3210733.5483478913,186047.7761412449,2002012.4287308943,3212472.239859769,745643.2060755192,0.0,0.0,326460.04687732493,617824.6758349175,30155.223091708496,132140.22083526102,0.0,181347.915641278,1136122.748450458,0.0,29797.992063122172,4162826.836231485,458871.16834560724,1272467.6856079171,2421146.2096191496,253366.12524637586,0.0,398791.1208824664,292064.50073660753,0.0,212940.1693669256,201407.71156604786,0.0,0.0,1605859.4401716627,352475.3365785116,646586.747373082,0.0,147983.94345878073,264622.9793573768,0.0,0.0,0.0,3089118.7872452587,0.0,0.0,0.0,677962.6559838355,0.0,3010424.7940036245,219536.62087763488,0.0,0.0,0.0,202678.87905861778,0.0,852845.4631281539,3631561.7479932774,0.0,0.0,0.0,0.0,295747.84884253406,0.0
0.0,349914411.7040394,200036694.14386392,0.0,312221092.7842232,111965996.97702314,83148163.34753588,53362631.52296064,84986457.51677723,83985547.27101064,924522.6456887296,90008422.97182,67572983.97244583,37597344.52030364,0.0,0.0,25567631.83454154,2133526.808868274,60764729.50091591,13781676.945216984,63906551.85228396,36966867.82005083,3882527.864158349,4898263.239070893,10812312.236268854,27146415.20514076,20491454.126570873,26223627.38333289,17475196.540869065,8446974.828659175,10004172.887438308,9479016.55456424,26651699.18388749,4332963.625254297,0.0,7779197.587684446,0.0,24939900.803265948,12852802.333085751,0.0,0.0,12118572.290903809,2585448.052792357,0.0,3191639.5847226395,0.0,2760953.1060669282,0.0,23782734.169125784,14953483.523082078,5366148.7963311225,14786745.830860235,0.0,0.0,0.0,1171197.23649609,10910332.591354595,7384226.598576658,808580.1469858139,632628.6029189976,10293436.871201592,0.0,754160.076550051,219771.7839252646,0.0,3848916.907824941,12537601.435926838,1136356.8843123217,0.0,2970882.7257365882,3122846.4021661426,9381391.633133063,3420778.443703324,8720544.139512924,0.0,0.0,5943817.962038308,2936039.9367816746,571635.381622619,7797507.908266126,867554.7425417,1341372.1684331885,7225478.911723556,2749994.6543691875,15453893.76760946,6111254.617862102,7108826.714825338,2152182.3246618505,3544274.714340906,0.0,7901257.563324279,4290987.78716558,2683235.0214383616,759426.0327486063,0.0,0.0,0.0,2477828.539864853,0.0,7480897.237744575,572891.7978080363,5728428.089396065,1245782.8749739388,297594.67753948254,0.0,0.0,0.0,1394790.3350522406,6043710.828717459,768060.7503320654,0.0,6141692.010683056,0.0,2467972.4087637234,514690.4086609338,3665387.1825720146,2699078.9231459955,7256279.273142751,1642792.4789724357,8568162.489617163,4786406.021854235,3421698.771023395,4910750.505067376,206276.43947766285,274784.04391139734,600257.3305239221,0.0,0.0,0.0,0.0,1982819.4344020144,0.0,2701632.437315621,0.0,0.0,1294660.2838743336,2451928.319028539,5456913.050236771,0.0,0.0,1541238.249559586,0.0,0.0,4906387.8138617305,0.0,380643.8301865944,0.0,0.0,4437832.286131613,0.0
522442556.62102133,153423403.69965717,45518713.830219254,18535700.72684147,0.0,35605255.0303524,42567842.35523679,3994870.633555024,10887310.53584437,75461581.41583851,0.0,12031493.674763408,57287317.07664941,45896988.55969431,0.0,0.0,0.0,0.0,44705016.26184938,0.0,52650580.02109535,28243591.43151979,712077.252308741,403754.52873784286,11152741.131345317,0.0,0.0,14473402.825170835,12426423.787644459,0.0,6383741.682894426,2875035.153986095,0.0,648188.2838946732,0.0,1159430.1162382788,0.0,5034575.464163248,9325141.216363873,0.0,0.0,5214417.290352065,0.0,784105.4154025996,1324763.0047197724,1742695.7721670908,153353.31264258907,0.0,0.0,709790.4552320668,7636004.775582721,13085514.47952143,0.0,0.0,181776.27048876561,0.0,2073695.6082264471,0.0,0.0,0.0,4265472.979423952,5940756.346007637,6828078.761442119,0.0,0.0,1436979.9897777156,0.0,0.0,0.0,424188.7688271997,2487038.31967662,0.0,1378254.172647834,4718700.672374403,0.0,0.0,2046643.8323520015,0.0,0.0,1076108.687492964,0.0,545969.4970417618,8085061.27797204,0.0,11814030.690707473,6761103.72637734,5905436.421179553,0.0,618933.8292948793,0.0,7246757.3853566805,5055390.982547757,1862347.3669842475,0.0,2498576.478891315,2224004.996815384,0.0,0.0,468322.6093685625,2270113.8739160937,177519.24930235939,0.0,0.0,298101.7792702908,0.0,0.0,229829.0104208608,1745388.6337114412,0.0,1325347.0274686036,3209346.039959075,0.0,0.0,1859280.515129656,0.0,0.0,809167.9332020628,2404185.8897756385,0.0,3636494.861628976,3545226.476978749,1433512.451649832,1876446.276091094,0.0,0.0,311777.1590421387,0.0,0.0,0.0,0.0,0.0,0.0,0.0,0.0,0.0,284923.85493625706,0.0,0.0,0.0,0.0,663449.749006455,0.0,804815.5804913183,4508254.751081108,0.0,98783.98684807123,0.0,2523709.742751944,1645023.738056518,1492476.1988761476
0.0,240174295.03414845,0.0,0.0,0.0,31020404.363898832,24931517.848134518,10281863.061553277,17249403.679156337,51202791.16382955,0.0,0.0,38966097.414047234,32011605.7540694,18451622.630100496,81256698.61451434,0.0,0.0,45565862.12063967,0.0,30189937.106248584,27682570.787357725,253787.54051939002,0.0,7467483.977809859,31211396.416896455,27867267.147222538,20555075.247793786,6810722.660822507,3523233.096943862,3028067.572091407,1611673.8569309404,0.0,106812.0430741905,0.0,0.0,15252779.388997732,12080891.429043487,6246178.682578756,0.0,0.0,6725330.891340953,321100.2488014401,5847762.2319573,974635.7634162604,0.0,1804502.064057873,0.0,0.0,0.0,5045818.967685498,10216989.240696369,0.0,0.0,0.0,3655899.712234254,2665625.4729194315,0.0,120002.98498000955,0.0,9854102.321943711,0.0,4479691.759374451,0.0,0.0,2022715.6617155245,2723379.5754542956,0.0,6957198.345374587,941032.862632648,2014546.232141355,0.0,809241.7279078945,4830502.12744006,7380027.907356743,0.0,3185873.529219865,3364541.52368079,0.0,1787418.0337354976,0.0,900101.881779813,3801207.8103598496,3160825.1668028818,6802789.275264941,6478665.04501344,4083516.9436079403,0.0,1922418.4221871586,785701.0492367805,5159054.426438091,4029656.4331101724,1687852.1522986882,0.0,0.0,433234.7507743844,0.0,0.0,373335.69380891346,0.0,243450.75268928296,0.0,0.0,180217.98899533565,936396.8235999502,0.0,614947.3312206942,1848755.4914353658,0.0,855097.576959561,5641642.5542712165,0.0,0.0,3715099.5412413096,0.0,401419.13849426823,717078.3463861344,298967.24032268237,0.0,0.0,3175433.3177882587,1411977.9689341306,1905836.604358025,0.0,0.0,303056.1220657901,0.0,0.0,0.0,1850955.0999805292,0.0,0.0,1254826.2956579467,1633333.7303981814,0.0,1809139.3592640457,1746696.059200023,0.0,0.0,0.0,833525.1271429813,0.0,749950.521743954,3460518.6502743685,0.0,292618.25116379524,0.0,0.0,458198.3514518701,523903.1550675655
461115770.8968754,246982737.32578942,22692710.96144488,21070539.769917734,0.0,42752411.42895831,43209512.10995226,24960280.196247593,38749739.73818523,61037138.47996465,0.0,0.0,44974402.10631026,36366942.97741026,0.0,0.0,0.0,1335065.206171929,42021496.746549755,542962.3038531467,43134971.88462257,26329214.847454086,989585.7819858061,581733.1372250305,11971189.426770242,32499186.454297826,17801529.484688286,26941000.55458161,8851270.405583007,0.0,4050716.2933086227,2868070.254751622,14246376.762638446,3066907.2962845354,0.0,914494.6916160473,16787877.299947806,6415372.565948008,9816705.709844017,0.0,0.0,9412661.061980907,1380191.2238951505,5978848.911357048,1139795.548532792,0.0,360811.25552336144,0.0,11992560.782890148,635795.344606321,8399043.115151763,0.0,0.0,0.0,0.0,3446503.12071869,5955948.876422855,0.0,168531.2041238545,1022473.1805546886,6722554.27826481,0.0,7548833.956171518,0.0,0.0,2775045.928408025,5319984.291866141,0.0,0.0,1827875.9726727454,1782203.0139537444,746815.4153066686,2745365.1730597517,5122410.3702332135,0.0,0.0,6512792.308682506,0.0,0.0,5086873.38406442,0.0,1837317.1780308937,6887044.468520527,3025669.482019537,9501835.295933418,7172622.0056526875,4730996.685709927,0.0,802876.0376285417,0.0,5432880.834990848,6196850.543125788,1411948.66571875,6322670.686851107,0.0,2400955.695988654,0.0,0.0,721297.1172977813,4305339.033125642,398639.1177356507,650680.620603652,0.0,0.0,0.0,0.0,59913.80777385181,4134410.7954057963,0.0,1492531.594482244,3293142.67043489,388599.51558788924,0.0,771007.3046745197,0.0,951174.6387812343,1310559.562868604,6260718.836764462,0.0,6095922.81471397,3413271.475720208,1620278.2415802593,3433568.1664115055,0.0,0.0,262427.6076119396,743890.236602466,0.0,0.0,0.0,0.0,0.0,0.0,2106427.7421462373,339344.1737417557,3453962.7034437656,1553836.2487285133,0.0,0.0,0.0,2511558.6616866887,0.0,838083.3734476633,3632780.66758293,0.0,314184.52205041994,0.0,5396160.988445219,1892378.3197982267,1488553.5314678184
636169361.1282178,269955402.23143345,55397770.85747814,11552752.845402602,0.0,93843558.6180875,79999654.31001875,32136792.328530636,71651196.7984713,119203629.90670413,12199285.154915709,0.0,101366035.44276033,72185282.81038624,0.0,47910104.15618893,9295229.332080318,0.0,69534735.34713541,714477.0271589303,49083924.07669604,46003026.418478616,1791180.4592951396,1606310.382889913,36506156.43694868,21031334.58139695,0.0,43882859.53284526,20005852.71865458,0.0,20607540.532499004,4240141.535186405,13122896.25997326,1695944.0625048093,0.0,629007.6544953735,0.0,6679456.80805181,12168734.471101146,0.0,2432704.8728623977,0.0,599663.0625916454,0.0,1967331.7087193115,0.0,755575.0098310714,0.0,0.0,2201639.9175735386,2395148.9157736446,0.0,9038292.293561224,4526172.918438226,0.0,585441.4340449871,0.0,7093511.078238456,242193.94976420712,0.0,11702371.637667265,10757992.840364449,18017932.841252703,0.0,0.0,1246659.802029054,0.0,0.0,0.0,0.0,12105341.26576725,6360311.961940154,3426200.338592824,4414593.6643751655,0.0,1211024.6106359048,1491919.595929683,1980950.6490995705,0.0,0.0,0.0,1221553.687253018,4665159.701682956,2257048.4224299807,0.0,7199265.482686197,0.0,0.0,0.0,0.0,0.0,9624890.185481647,4002047.1815682068,0.0,3472827.9742768495,5579550.849183319,0.0,764490.1095409812,0.0,5037104.501681503,184971.89097414515,589774.7586696148,0.0,238176.32980267744,908427.8528636403,0.0,240319.1234466292,8293445.834210608,0.0,1723681.8430541304,0.0,1392088.6570242362,0.0,6059258.515045282,4574219.983354903,1492189.722620993,3153846.174354393,0.0,2806319.402828818,0.0,4775038.286430094,1706808.3577760067,1952494.4260432268,0.0,0.0,283766.07344570773,0.0,0.0,7597299.048182665,6885503.707520878,865647.3599985519,0.0,0.0,1020455.6884706912,630241.2022914948,0.0,3167067.757899284,2943993.9311668384,0.0,0.0,857015.6575208042,0.0,1424377.6564800176,4000223.860996055,1971066.0596122148,232917.94526403688,0.0,1883736.7842037575,3410958.864949393,2429967.066171673
347491910.0906564,162399202.29924643,46887575.99646659,5330306.827901841,30860123.290582262,13599699.123514943,43801841.23438835,1682266.8557906153,182424053.83042336,177235720.738105,220228245.24031904,4737052.308702169,103071989.86218546,68438042.09660324,0.0,55566143.07562264,0.0,0.0,94484532.98369117,0.0,38334319.698059484,78991428.24695182,5428685.534870225,23105191.263043355,43606624.02711739,12373626.040910698,0.0,18233444.375055183,24430912.420693386,0.0,32510311.6955834,10529520.714699803,55695083.86051404,0.0,0.0,995034.2956472327,0.0,0.0,13754465.147442581,482160.33899477153,0.0,0.0,0.0,0.0,4655998.467802378,0.0,3453155.768650415,0.0,3224537.530659029,2971600.361125025,0.0,0.0,0.0,3763914.435885483,11176582.328218488,0.0,0.0,0.0,429201.07031548064,608943.6883967384,10756312.247762274,11522059.577830914,1081020.8024814713,0.0,942118.0615839438,3406016.653966657,0.0,554075.4612579393,0.0,0.0,10857663.456907079,0.0,3320879.9129207116,3430362.288872605,0.0,2144361.5713009224,4524409.530372587,370967.5780155882,0.0,0.0,0.0,1326651.7737289516,3368142.582491109,4248536.170003423,0.0,8378549.258931499,0.0,0.0,1260869.0786039303,0.0,0.0,9824079.83258819,7975459.3624867825,0.0,805285.2763224418,11860377.642823156,555795.4042107775,0.0,0.0,3534769.0056224526,562272.7721329336,426596.159570366,390399.300524383,541897.3439385666,923528.6452883482,0.0,0.0,7798986.440209949,430098.0131960067,1115134.662317206,0.0,830722.6947128023,0.0,5661697.649869336,0.0,0.0,3796542.7772464827,1809513.3051381551,2706993.569788159,0.0,3448377.937329112,2567801.5369834504,3025955.4646100556,660977.0816054739,0.0,1230918.007957483,0.0,0.0,816747.7536165236,0.0,1325618.3272464708,684750.507084863,0.0,4795218.293092807,0.0,0.0,5472696.850933328,0.0,627875.9891681906,0.0,912893.0343372687,0.0,152078.7687578666,3188364.8956349893,4785245.910325756,337887.12788142636,0.0,848569.926854212,0.0,1106197.0915137222
130612785.29514574,337081243.75799954,0.0,0.0,0.0,51001235.03152707,37791889.86431737,0.0,16963038.17946495,10200187.487454537,10172431.773308482,0.0,8582890.773125388,33593602.253118396,27091971.236596044,82850895.27476522,0.0,291175.43156644556,22916466.60052022,0.0,15903555.68579192,7598674.595003004,0.0,0.0,1900325.8096679552,36331725.76427779,0.0,12087588.710306723,2359216.3565985584,455451.7863157058,169167.19396025463,0.0,0.0,0.0,0.0,179988.27698449785,6278595.317814855,2722793.9008879117,6516475.507887708,0.0,0.0,0.0,0.0,877249.117654022,984050.8708279767,0.0,673722.6832163021,0.0,6675562.317032932,0.0,1711778.5788844968,0.0,8791343.58436209,0.0,0.0,949828.5823151313,0.0,0.0,0.0,0.0,0.0,0.0,1494548.9209801266,0.0,0.0,557162.2714659291,0.0,0.0,998303.3677782264,0.0,894011.3837743198,0.0,858154.6389852695,4116425.9453956336,3160697.334754045,0.0,672446.4366512217,0.0,0.0,0.0,0.0,671946.5232509975,9279591.899651295,2106938.5904418523,1755386.3973103743,5976018.574936155,0.0,0.0,0.0,476139.3893856342,0.0,1437558.6601590987,0.0,0.0,0.0,0.0,0.0,0.0,0.0,1362313.171109869,65696.2798873634,0.0,0.0,305126.03657114506,601109.5003220285,0.0,383068.06954779493,0.0,0.0,933232.5261885205,3467330.1175094717,0.0,0.0,562010.7527842263,0.0,0.0,396303.86784850585,0.0,0.0,0.0,0.0,1923579.8808788396,2509658.2766256877,0.0,0.0,229575.7687775791,0.0,2535369.0512511707,0.0,1658252.4544638582,0.0,0.0,0.0,0.0,0.0,0.0,282628.6114348247,1718510.3920621916,0.0,0.0,946793.8115703212,0.0,980346.5512938482,2649421.6762120025,0.0,49825.99457351493,0.0,552064.0382464534,0.0,0.0
126574041.83787173,64726445.95805114,108341661.56596196,263987541.8112997,0.0,25099029.922799855,38934450.79587196,90972702.29997867,14897135.540984632,20332272.345459722,0.0,106909383.39679322,14807800.98943924,17556459.760216426,28574824.994295813,56364364.51070588,10840503.160583325,0.0,32236596.83804057,15152813.481384765,18645673.22871843,15755070.4741552,2444354.4577093925,3447780.420604892,3210617.895933865,20974946.024280243,18103650.233635608,20434633.568387974,5692232.474579724,14753644.441138368,476437.96663936594,12103185.348218327,17449194.70307236,28819439.27782806,0.0,2431880.276004353,10505109.912302379,4937038.560647843,6727829.350786942,11802291.10185183,0.0,21032744.04016092,2450128.991677932,1347841.9966765412,3373884.468280158,0.0,8452250.239736171,0.0,0.0,7957360.3725285875,1087410.146474806,0.0,0.0,0.0,0.0,1950328.3943397366,5651069.2233374305,6995482.018621665,3266454.0063868547,5494844.863082888,2907883.4241022887,0.0,2916384.8032762315,0.0,0.0,17505974.59816452,5847285.32160851,648639.8289513858,0.0,0.0,676039.8546790625,0.0,368142.9328457394,7935048.556594278,6674238.85591812,0.0,22351189.37334945,0.0,1049053.1129663489,0.0,1301313.4485471845,16361226.255956236,0.0,3208138.7713796506,0.0,5073479.692731615,1421177.2820245316,0.0,12607286.776614686,0.0,3692315.1689482615,2071727.7870812463,986478.4792947762,0.0,289882.76106341433,0.0,0.0,1526074.7084113378,0.0,2646805.171578554,9224070.189443476,4476724.70515907,654244.4281845089,141579.0984624028,0.0,0.0,186294.38448439733,470783.731513342,10499954.59256239,1052057.1104866527,385799.65944018477,6187969.85944656,1872898.6519439234,722275.1488922833,0.0,0.0,1336889.5167815452,0.0,873495.988245889,2084478.8493096216,2180166.8707796326,10765457.367900249,13124476.860463748,0.0,2798970.4772282834,303443.72496352275,0.0,0.0,0.0,0.0,2065514.5182611183,0.0,0.0,494774.95676951815,195036.28812661025,0.0,1137309.2966220523,0.0,2514083.3252272015,478188.03941988695,12519475.362891564,0.0,219018.6059078509,2542744.0918189455,0.0,5130247.3609404415,0.0,0.0,1784212.9692808406,0.0
96782118.11099741,421125993.80987793,0.0,0.0,0.0,44952677.85605669,45053456.03364734,2795165.5006523174,12499227.455937617,5581310.145225315,0.0,0.0,4253381.091848271,36061303.44882306,17593941.420540277,0.0,0.0,507205.3768001805,26001327.531408213,0.0,8688023.670926362,7055711.666033006,0.0,0.0,503503.2307751512,46741115.393917374,10188989.82216317,10579580.093034998,1151783.4222658507,627833.2865197215,42304.375458400675,0.0,0.0,0.0,0.0,0.0,3663335.5492568817,1411354.5572349732,8028262.520713332,0.0,0.0,3975787.4354761946,0.0,0.0,1205988.4144265326,0.0,1253048.1602663393,0.0,8421768.346554099,0.0,491655.1579620584,0.0,0.0,0.0,0.0,0.0,789678.705149214,0.0,0.0,0.0,652923.0453870519,0.0,509415.63301676995,0.0,0.0,1617926.3234105553,2561163.7264001546,0.0,0.0,0.0,175238.9345183521,173727.16310190444,195814.72479489248,4819632.250571713,1648523.358565923,0.0,2748434.314630158,0.0,0.0,0.0,0.0,1278343.437705406,15522380.855918862,2015740.4275852432,0.0,6020687.2631016895,396215.2531730123,0.0,1849621.4067068317,0.0,0.0,392622.64434362226,0.0,654152.1835754232,0.0,711632.1485818909,0.0,0.0,0.0,893731.61002606,238900.34452570236,0.0,0.0,347611.4978706205,429112.1741034248,0.0,181250.7972267755,0.0,0.0,974717.9571240783,2215467.3260486317,0.0,0.0,83904.66490951605,323997.73023173655,0.0,190946.8285303809,0.0,0.0,1854954.4572233267,501546.9200303271,2758694.1476811734,4686772.999118683,0.0,0.0,273785.4236982835,0.0,0.0,0.0,3651869.0820218325,0.0,0.0,0.0,570959.8658500916,0.0,0.0,131622.98853122408,0.0,0.0,0.0,2441679.1015750957,0.0,191110.25968202148,1543306.8067788444,0.0,163165.44958373805,0.0,0.0,0.0,0.0
4591282.4569605775,247293965.81382418,0.0,0.0,0.0,12115827.789283568,10010487.90154945,1557297.5876371835,5551025.125378758,151261.47637871155,0.0,0.0,105349.5508082672,49765226.4297936,980026.7057513199,60298626.45001787,0.0,0.0,11721916.332732579,0.0,711868.4311664136,4621085.795238206,0.0,0.0,415626.0259557403,43853261.43004123,0.0,10542022.53222734,0.0,0.0,0.0,0.0,114368.97468153246,157267.08699420097,0.0,351594.19691805344,168253.83836947178,0.0,2803409.9862482524,0.0,0.0,0.0,0.0,0.0,974016.5918343667,0.0,0.0,2525184.6268658633,0.0,0.0,725229.0262133578,0.0,0.0,0.0,0.0,177424.8057638126,0.0,0.0,0.0,0.0,0.0,0.0,643649.8647454423,0.0,0.0,72356.49798733585,1895053.2206426908,0.0,0.0,0.0,17077.89793420367,0.0,0.0,4266772.044893296,0.0,0.0,115337.30308563075,0.0,0.0,1040243.845400133,0.0,0.0,4652249.891695332,2436408.7663302165,0.0,6840895.166615013,0.0,0.0,32339.729180917555,0.0,0.0,319878.47495241516,0.0,0.0,0.0,0.0,0.0,0.0,0.0,0.0,0.0,0.0,0.0,182935.449789956,0.0,0.0,0.0,0.0,0.0,438982.55107609404,0.0,0.0,0.0,0.0,0.0,0.0,0.0,0.0,0.0,0.0,0.0,84958.31126927205,125964.82743061671,0.0,0.0,276650.43756072206,0.0,0.0,0.0,396084.9247311946,0.0,0.0,0.0,488052.8080512282,0.0,0.0,0.0,0.0,0.0,0.0,0.0,0.0,0.0,239578.96731853028,0.0,0.0,0.0,0.0,0.0,0.0
241215774.0695954,74543754.92179748,0.0,0.0,0.0,22716675.18417131,27934521.89014919,0.0,6233732.241889721,22072074.122517377,0.0,0.0,18206434.286627617,34275088.70979604,54635831.87222439,0.0,0.0,211889.4067756406,20391179.51749619,0.0,13201479.913646035,13161385.60197799,0.0,0.0,4962664.273622071,38337692.12929046,9272251.715505484,14207862.525705753,2321346.403716639,0.0,647737.853470473,376993.6781545876,0.0,0.0,0.0,0.0,7343881.797782356,5348882.0369477095,4192354.796793694,0.0,0.0,2495839.33659956,0.0,474529.7092424599,1004335.0736761682,627089.4849539546,513598.6939671402,0.0,2614629.024495322,0.0,1206422.6810189863,7038735.844923218,0.0,0.0,0.0,2045035.086099905,1783968.095864162,0.0,0.0,0.0,5156511.36245895,0.0,1060160.07187168,0.0,0.0,2563278.2074663765,0.0,0.0,0.0,177089.89137208456,485455.942547717,0.0,449091.8980461678,4329886.857239826,5157243.034663786,0.0,4338252.020982235,0.0,0.0,1174152.493574986,0.0,1266428.2461518098,8545590.809214229,0.0,0.0,6999210.430035353,1744419.1256352551,0.0,3342102.388111518,2344281.283547901,3416779.242294361,3530208.533849672,573477.7809686954,0.0,0.0,1515532.2294254003,0.0,0.0,0.0,1760798.9075620465,364989.09963052435,0.0,0.0,322602.979373395,391388.7398497016,0.0,1370727.9679859772,1955444.5350067364,0.0,1144794.6156123718,1526745.1583464474,0.0,0.0,243245.12310654117,0.0,180501.63398049574,398539.56339546345,219986.7687406922,0.0,469178.5877320616,1175593.5160785115,2259050.056693318,3401030.388481288,0.0,4165323.070289518,235023.01073123876,0.0,1009774.9083847497,0.0,1805684.9545315623,0.0,0.0,0.0,218180.19719749686,0.0,273310.77136141044,713480.6147130432,0.0,0.0,0.0,2373108.1036981544,0.0,0.0,2065304.2596737866,0.0,219730.05534626465,0.0,0.0,731805.7099692464,0.0
0.0,244619688.26314336,0.0,0.0,0.0,16489710.037889963,26083189.60622175,2735585.907748163,8180391.4808084965,17393979.58705548,0.0,0.0,0.0,42286027.77320117,51957607.01494062,96032188.3174515,0.0,0.0,13859740.974458942,0.0,11793642.667244567,12942575.86287101,0.0,0.0,1096737.2602622076,41286073.88797085,14807752.927294927,22289505.752434175,1560004.0491333364,0.0,394508.8830261794,915179.3441807919,393362.78685160825,856947.3449829465,0.0,454538.7370150706,5854911.308693733,4227100.884311195,4739979.04608583,0.0,0.0,0.0,441052.87360544223,408309.63094379817,1084070.5311447983,0.0,152105.67668262872,0.0,0.0,0.0,1158666.2399185854,5240581.32374815,0.0,2109501.963247054,0.0,2036700.7472532375,408588.54546127334,0.0,0.0,0.0,719437.8459573414,0.0,1032882.8619482359,0.0,0.0,1340980.3425006268,2834235.046680223,0.0,0.0,345850.5253213937,70219.51462556652,0.0,357838.4674497995,4386123.875128037,1913305.7513559812,0.0,2589792.4902500585,0.0,0.0,1588050.8665538586,0.0,603953.4680477538,8694742.36833292,2998560.316972906,0.0,8370021.758788716,1273806.8749725495,0.0,472489.4129875601,0.0,2498856.9598695575,948595.0962850377,360652.4006839396,1478663.8657895154,1666997.1957682509,193747.52768924081,0.0,0.0,0.0,0.0,170457.37575573486,80904.95234249534,0.0,182248.63206116864,109226.93197793499,8461305.78572196,0.0,210037.34906284843,0.0,880900.1340574219,2282474.7335147858,0.0,0.0,138862.49205623762,0.0,277824.8855031168,105266.43920541719,548355.6385148321,0.0,0.0,912836.4798506201,1365007.2441835843,2520254.6278562006,0.0,3506372.266382338,0.0,0.0,0.0,0.0,926494.3213492366,0.0,0.0,297405.0137380351,678811.3604618347,0.0,894773.9238485828,478215.9443034456,0.0,0.0,0.0,740877.2713289021,0.0,0.0,1650815.9314041394,0.0,130700.73586092328,0.0,0.0,281713.4115159589,310100.7629075343
390747054.91846514,393911682.91886926,0.0,20845949.7978045,0.0,54548469.8709859,36095458.00948555,4273036.509367591,15620102.089965947,38254408.5577125,0.0,0.0,29361864.560957465,33933074.82446883,72907189.75563385,76671017.9915106,0.0,276455.30070638825,26012924.64600981,0.0,21773756.975611012,15198944.403355885,0.0,0.0,4779009.196391265,39297393.6598319,11996213.510611577,13881752.6488403,5179433.879793414,1615060.1077100867,1652696.7235316213,2440948.2263894035,3595406.8063111315,0.0,0.0,0.0,11472918.827345792,2579800.2551881014,10568889.861259865,0.0,0.0,7605162.2635408705,301757.6076776961,0.0,1450378.8738221368,3495484.072151339,3949351.169264619,0.0,5433165.436641136,0.0,0.0,8716797.701124135,0.0,0.0,0.0,2108906.8271784433,2639330.265299125,0.0,0.0,0.0,3661068.709235683,0.0,0.0,0.0,0.0,4327021.991420357,3819591.768788131,0.0,0.0,306210.7374370395,1150718.6907229563,0.0,594168.3760116694,5165250.985625593,0.0,0.0,5570485.270382508,1350578.9800187638,0.0,633951.3530418908,0.0,1609995.0374185003,8906198.144781703,2527535.800285099,4373998.922035584,5783149.438494916,2974731.6562181134,0.0,5086082.370499235,1390983.377965158,4011677.295358656,3441498.2600318645,796623.8236474702,631537.8441023749,0.0,3161639.6195825106,0.0,0.0,0.0,2589287.381172149,669625.4585220581,0.0,0.0,344760.2290067084,1357770.3517443542,3709062.285446122,1375291.8539904875,642445.8050606285,0.0,740859.5204683237,9546726.249825934,0.0,0.0,1073860.6947389673,0.0,532434.9632111939,635281.7663158539,647375.0062120737,282136.5792206824,0.0,2055803.7258506103,2548384.8635918195,2644368.226223164,0.0,0.0,317057.7306974379,0.0,0.0,0.0,3181151.024369916,0.0,0.0,570120.689847371,767480.9303199719,0.0,528682.7803480404,927859.0249655091,0.0,0.0,0.0,1487115.064128279,0.0,0.0,2530856.1877802936,0.0,458077.90024841606,0.0,0.0,0.0,0.0
381790998.3095606,212884192.7625399,58822879.53202624,56132137.08603951,0.0,56096346.89468637,46036441.83935152,18794917.763032332,40655143.13621907,52992575.99515728,9738841.217697611,0.0,41751250.575695075,29065589.835977014,0.0,48534022.30303948,0.0,380264.88744076603,32338647.11829296,546977.0592312667,34112290.836431995,22116225.53868363,582492.7254229252,323262.4115778953,5725240.42318226,26587234.526149802,0.0,24356908.44648393,8179214.716405667,1358557.4644497484,3502926.702766754,1062056.7934615833,4916165.596184378,2274078.6257889066,0.0,1198260.8553674074,18578866.254648127,13601461.115341015,10772434.922541214,0.0,1382538.980609776,0.0,1127698.3969799543,0.0,1162368.5981172912,0.0,1593643.395713775,0.0,7199964.402996872,0.0,2682293.468129529,0.0,12835620.01479581,5871761.239104369,0.0,1861083.6762845654,0.0,2663502.965064259,346799.752998069,262767.78593319276,1285858.8057959003,10571651.106856152,2425466.5102719325,0.0,0.0,2697098.571573472,0.0,0.0,0.0,0.0,2324271.503149777,675116.309981086,1694151.9103897861,4497498.087601312,7080227.186706071,14782713.85287989,4002773.8275665916,0.0,0.0,0.0,0.0,1073129.943211243,6585523.199370621,2170963.4100985834,612537.5431556478,7168673.7397038955,0.0,0.0,0.0,0.0,0.0,3755870.2476921664,1206769.587004007,0.0,3679088.7408688827,0.0,0.0,0.0,0.0,2349359.5160545395,429906.0336758715,658748.2269474567,0.0,228038.22145590247,433631.3208234607,0.0,40296.81714313851,0.0,1290537.8779011066,908735.6543596138,0.0,1169459.460535049,2128368.0810110616,2050518.9739848445,0.0,1210886.2291999222,959459.0688195447,741982.6925596583,635776.639557541,0.0,0.0,2152773.0490214736,2549457.1546307774,0.0,0.0,233972.05071383328,0.0,0.0,1491426.6864048021,897629.4471526002,997350.2469572027,0.0,481400.87378947495,0.0,0.0,0.0,1210742.649220626,0.0,0.0,0.0,832310.6811586039,0.0,490340.1792083942,4752840.002447948,671495.7551097563,296585.6426747066,193562.78428988165,0.0,1125244.883285723,307369.4178115385
73769463.3644019,298775038.60620165,0.0,1770577.3017546053,0.0,38027244.66669439,22944883.743623443,4009931.6810748586,11172901.441359527,6527922.433844782,0.0,0.0,4644617.069198085,35218356.788818106,16603284.621910302,81665565.59287345,0.0,0.0,13634223.533632273,361763.30667389155,5362616.00557288,4477669.942972803,0.0,0.0,550307.8628639537,0.0,20413422.795508683,17966714.988719683,1021575.9304643126,3898394.0663419096,53467.286665415326,2365716.3436610685,649174.8190953383,886932.665668204,0.0,821123.3445696168,5875322.441988547,1614209.9768072083,7081594.560364929,0.0,0.0,10596598.878142899,605966.1126091252,265950.829735996,1404674.6632531814,0.0,3178028.0006917887,0.0,732919.902082916,428440.4757042506,433427.8850043041,0.0,0.0,0.0,0.0,266632.3390595149,964666.0475604978,0.0,146040.33388125882,262518.16572133824,1194759.7093484907,0.0,0.0,0.0,186068.1621356207,4805832.791755625,6250500.448132936,0.0,0.0,446200.2593726519,161943.30880668387,0.0,0.0,5617466.485837301,1670491.329263274,0.0,5016030.922514919,692033.2282885731,289984.4162103332,963197.6976059452,302871.55517900723,1474591.303850553,7704783.069960235,0.0,0.0,6284982.597115912,435812.04280775035,0.0,4529082.545916262,25797128.173516147,4075612.7597835576,511980.6302916561,830583.0018330234,1468328.912996727,828594.0403430806,806603.6092652214,0.0,0.0,0.0,909051.9336337451,790644.9576196512,0.0,0.0,320307.34137439705,1305075.3244838438,0.0,22489591.56745801,0.0,0.0,795141.4884226252,2172775.3979667085,0.0,0.0,181576.4851518308,0.0,571631.327938955,234676.96982016525,820486.6159847951,246921.45037574318,0.0,0.0,2644105.1615806483,2202887.9779012804,0.0,633263.8306778673,299632.7615607754,0.0,0.0,0.0,2101387.813538323,0.0,0.0,1546150.2319086844,0.0,0.0,605469.2233124074,179897.77171247458,1116113.090381235,0.0,0.0,1428579.4819818689,0.0,175323.83606710605,2737360.1492549637,0.0,574811.7815872431,0.0,473199.1120208304,210185.40693848577,0.0
0.0,399456869.0090152,0.0,7755793.524649924,35603604.94111704,62019089.9420556,40030177.74557372,11641456.658383003,18867126.102769163,15177015.916340493,0.0,0.0,10795214.049431335,33158816.777940456,32842934.403420087,69161212.71602827,0.0,2498696.228755293,23897446.487850327,0.0,15299886.163626209,9561939.977845674,0.0,0.0,2324753.7207888276,39161404.33849218,31383852.003402397,18906756.446062785,2933506.794296339,6137990.549886241,246256.48808680588,2909875.6586071826,5969043.1161608435,1081964.6281420805,0.0,0.0,8791035.06307252,3417733.189992608,12818937.479915928,0.0,0.0,14944830.43313,721671.2434875662,790105.0803197898,2247178.9516520044,0.0,3681621.8636237527,0.0,16836906.017511014,1697484.3822817618,1930363.273369353,0.0,0.0,0.0,0.0,5683495.478950951,4396617.497118322,0.0,170136.45841784764,256615.26921517728,3076468.9483754355,0.0,2866178.9453164544,110583.07330499224,0.0,4586522.426647773,8798837.708120465,0.0,0.0,824092.9394409652,1580228.1739523418,0.0,560777.993000676,6439283.669894281,0.0,0.0,7105908.246277869,0.0,0.0,0.0,428233.27004811174,2122891.8587021935,9081155.120128743,0.0,1959285.3369230751,7553040.5578070935,995371.5255735562,0.0,3830052.142348601,1253921.0584400145,4932949.620024391,1607216.1284199392,461362.7396001813,0.0,0.0,2063087.4261539273,0.0,0.0,0.0,3958146.3536945204,825825.4809074773,237363.25649896264,0.0,319460.79369643325,1124389.6269007637,0.0,1319132.0493718693,0.0,0.0,3276607.109716385,0.0,580879.0837956823,0.0,865122.7899612702,359497.23525435093,1965195.3303026971,1135580.095988047,550715.830412632,328722.1526089535,1837235.5761058943,1531707.8409889948,3997369.2498986246,5355849.455116714,0.0,7844172.889614946,307942.3170615282,0.0,0.0,0.0,2533000.573784282,0.0,0.0,2333178.816638999,1004294.553044447,0.0,930329.2631274619,598480.6950185857,1795326.8599122302,0.0,0.0,2476435.3095601853,0.0,668829.2681662132,3148297.8272592546,0.0,509105.5321651842,0.0,0.0,1576772.7722880552,0.0
0.0,184653758.2757452,144542151.7904656,261352409.62769562,0.0,316199387.94813055,269773023.80486333,8909170.326883603,208062951.75849074,0.0,1054936.565864831,0.0,114946795.46390165,67365537.88714997,0.0,0.0,0.0,0.0,91551864.96630858,12218138.33606059,54335136.845903784,90042363.69033347,44831537.27752978,24679142.657419577,42942052.65034829,23271430.746962667,25542259.86049748,47464160.69623953,37804334.78426986,12088997.430924818,50485658.27862961,21486894.700448032,38949790.98206807,8385787.0198577605,0.0,2962979.45721757,0.0,0.0,62106478.87313223,0.0,0.0,33043099.44420039,10164214.242442507,25890661.182412654,7432052.5417544795,23030850.707373884,503048.93710732384,0.0,0.0,0.0,9379342.037022123,0.0,0.0,0.0,0.0,11914350.41858607,30453340.83135678,23274170.13486254,880349.6161735054,906402.8502105928,16378467.336150607,24642009.406776503,1464595.2028570168,235819.8445210008,0.0,358427.5549569,0.0,3679646.654628081,32148877.75150295,3548714.944878725,10355180.638078826,0.0,1594729.0457805393,22828376.176623598,0.0,7679908.755653981,0.0,15169868.606071806,707858.1458679311,6819380.810118258,2161907.892460763,215790.93341150886,0.0,3438992.2613757877,0.0,16420798.04244701,13039823.265731066,3024974.8389168987,0.0,0.0,0.0,9245094.537608478,10913954.427810187,2092155.0631257007,1254227.628087842,14788957.52616882,398588.0834982467,0.0,0.0,13179061.404811839,0.0,4715039.826347355,1954347.2073566476,2234502.655750813,0.0,0.0,2278732.840809184,0.0,0.0,8596072.821370244,0.0,4943633.367986378,0.0,6459838.198771886,0.0,0.0,10022495.62014246,0.0,5431913.75352358,12300779.141807161,3759571.1826001275,374077.70969256933,0.0,0.0,308460.78013281536,996438.4373507856,0.0,0.0,0.0,0.0,0.0,0.0,1569271.9450915945,1764043.0081375993,0.0,1997610.723606403,7794522.846153264,3228587.6980364276,3208550.262584395,0.0,0.0,0.0,0.0,4375781.774780784,0.0,85124.86854093744,0.0,8187787.502749044,0.0,7680143.4571319185
351781366.45466816,81602630.13942091,81704901.81135157,107023550.77786975,19981256.398077264,27761088.27648908,63240389.07334048,58619718.391097225,19200595.95285395,45296087.88346302,0.0,0.0,31718543.034755543,99203816.12735403,0.0,0.0,0.0,1480497.5026352587,38789239.94915708,3075954.564970587,32929922.574246626,21658527.840951186,2219252.5986684742,2726482.610610576,12023509.37835309,20966245.396440104,0.0,47391126.20310812,7471481.999862873,9511881.811870553,2499787.976170681,4318358.072245362,21301971.081818372,13132077.767302731,4558786.197416428,1152420.0471684553,18081116.089175984,6914809.386580705,4233119.200427678,0.0,7409835.075415861,0.0,778437.4313179106,5459739.095611938,3890534.6988142002,0.0,242273.66516265282,0.0,0.0,5626654.446767067,5284426.278129804,0.0,25474161.19706842,5025283.492489074,0.0,5377506.340405099,0.0,7591395.333086145,2018805.5181257895,2622826.812897975,3764608.5407703966,0.0,3117710.4155517276,0.0,14153191.095386552,437886.1906011853,5277904.825841538,751864.6331900422,0.0,0.0,2003643.1693348296,0.0,0.0,3937221.8744863686,0.0,14596325.412316157,407081.4614903546,1219574.060259413,0.0,0.0,0.0,173835.4919544959,5911097.356505511,0.0,10097181.158430666,6360613.12655805,0.0,0.0,0.0,6495928.682214288,0.0,4078546.310695487,1561123.35086754,0.0,3706177.930564444,0.0,253940.13278609506,0.0,0.0,1629734.7332125294,0.0,1271947.7025987378,528181.3484357831,216749.938382238,0.0,0.0,7094505.389712717,0.0,0.0,1824948.683605623,0.0,2449638.8758815844,1555321.689742922,1200962.014907867,0.0,5767188.27231723,1073961.6809686748,775685.1341768125,730289.3136986943,0.0,0.0,222333.40863129773,0.0,0.0,0.0,572816.0483002064,0.0,0.0,11784948.755866919,0.0,1724232.6922990587,1201730.1709180218,3373008.4846845446,0.0,684418.0917550926,0.0,1458147.661313474,4615912.011298753,985820.9858878289,0.0,173294.8401074807,0.0,3376879.604673373,5672100.807196361,0.0,35064.12575280204,0.0,0.0,921998.8136204549,1043031.7877643837
154866674.4190288,243385698.95196953,0.0,0.0,0.0,29167919.576223254,26010826.978331093,813866.5727856173,10172430.148661405,13096908.893174062,12051990.981916439,7855914.221627917,11166927.375053281,28903157.40788938,39357896.26128065,0.0,0.0,294719.28684504353,18475598.24521748,188135.9864249512,18444677.37763151,11790505.1339316,0.0,791111.738721199,2477144.5887895008,33410317.236016933,0.0,12276431.35557324,2581346.8469178462,1524006.5957623112,262767.46339268953,218335.69357983768,0.0,0.0,0.0,229246.36142739144,8735680.275106268,3406978.599837477,6530964.101922789,0.0,0.0,0.0,0.0,728990.6103433355,951906.9004082442,0.0,1187260.1146433626,0.0,5619835.50773855,0.0,2346978.4045420345,0.0,0.0,0.0,0.0,2864583.8400286348,0.0,0.0,0.0,0.0,1844895.738428624,0.0,2173204.8198235496,0.0,0.0,2359338.515693867,4146689.9563409393,248897.53852534472,0.0,0.0,440866.0630267221,0.0,420053.06143641414,3419067.587779662,3872580.6203220068,0.0,3798488.564771906,0.0,0.0,631767.7997777755,0.0,1243290.9692514536,0.0,0.0,1764697.7393329467,6434388.519198574,0.0,0.0,0.0,1590120.4886961856,0.0,1927715.0293874624,608187.2655173097,918129.6726878805,0.0,902669.5808410336,0.0,0.0,4873298.546728114,0.0,342232.1078697479,0.0,181555.7117467933,236445.5113352241,506894.0378219336,0.0,1171405.9856939756,0.0,0.0,788145.8917711516,4935281.174200478,0.0,0.0,267561.5001558476,0.0,0.0,194262.85758516312,102659.45511972951,0.0,0.0,0.0,2406851.982446598,3644947.169489822,0.0,0.0,220851.6520467028,0.0,0.0,0.0,976545.9841571224,0.0,0.0,589253.9115498892,309778.9094070723,0.0,0.0,665429.6378350859,0.0,0.0,0.0,1661063.8529946834,0.0,0.0,3981535.978673354,326605.6183331777,205561.17898655153,1074607.0521140844,0.0,456628.963121133,0.0
181021267.61940736,246916121.6475595,0.0,430200503.5565922,0.0,54811032.05950817,250482902.41885254,1765996.6632409089,51804702.28361712,18124395.594723932,0.0,75677854.98575713,13484488.478090666,28346693.934624277,8957127.12359796,0.0,0.0,202018.70227182895,21623470.961055424,6092057.368571999,14273448.245670367,20399182.187722825,0.0,525061.5671315345,4252150.612471928,34529720.34010057,8874092.721709266,13411297.81144245,1987660.1137726672,0.0,392565.54158482986,14065265.05579298,5509193.281588752,0.0,0.0,0.0,4932914.643562988,4107620.097293201,7500141.648110743,0.0,0.0,0.0,0.0,267822.31186159304,2514399.737752518,0.0,678182.231764324,0.0,2463739.579973905,40489839.68398115,3410977.336368402,0.0,0.0,0.0,0.0,2408545.2934660376,5218691.621808413,6056220.507570389,396535.47115721647,0.0,595250.9527257299,7358233.052380554,3001053.3516270216,0.0,0.0,918279.9228055328,0.0,1368448.2126680918,0.0,711972.7958829398,878405.8049127106,0.0,37220687.97787953,5791989.08348858,2657322.429531276,0.0,445035.74915504624,0.0,563633.4265387629,1011158.3058596805,0.0,415680.54659473896,4371616.117799137,3104282.7826211755,364024.8147633047,7274751.220242707,1307533.5059497128,0.0,348492.4797614074,0.0,1932647.2203133984,1485621.56999369,0.0,0.0,18043086.804957777,0.0,0.0,0.0,0.0,3732637.372881151,98081.83336465807,0.0,0.0,1007401.4979331617,20875618.40250446,0.0,0.0,1238517.3764953262,11266740.256263824,631417.844651398,992567.4561814215,10342996.69473628,0.0,654611.0998030376,0.0,1505928.5602810294,1180981.8529155005,0.0,0.0,0.0,792398.794739093,1503962.2854206623,898737.258265649,0.0,0.0,370104.48970304447,0.0,0.0,0.0,1331607.8437655405,0.0,0.0,370886.66575480445,2897479.1007342357,352578.4397347887,0.0,476450.0616055955,973898.7119647877,11449666.551601745,0.0,746612.6333078309,0.0,0.0,1284157.7753728167,0.0,64606.786565463284,0.0,771272.8317990601,985093.9329048934,0.0
41088609.5398887,384818159.65348697,0.0,0.0,0.0,28404589.30015711,14459833.00769657,2814083.805346491,7270633.0707315635,2333762.6868235962,0.0,0.0,1682325.3365313667,34441326.07344808,8126005.305473973,0.0,0.0,241597.91317393447,15259975.962380208,0.0,2711925.9260871354,6424324.966045232,0.0,0.0,253205.9605372548,48936271.86628338,0.0,9478926.424910087,322311.52907185245,1124896.2019716091,0.0,411360.677406445,2827126.268389291,0.0,0.0,178263.75814662906,1508355.8768824455,579594.8518267574,5151568.839730315,0.0,0.0,2802094.302146313,0.0,142960.93081631555,1385233.6634718787,0.0,3002653.3180287504,0.0,2223209.6846884973,0.0,0.0,0.0,0.0,0.0,0.0,1967651.804968809,590316.8370076526,0.0,0.0,0.0,315136.4568279104,0.0,436447.12621648936,0.0,188806.12283613146,3486192.2847684007,2609888.0431948313,0.0,0.0,136747.63604272154,48484.255216221674,728128.8557791295,0.0,4576245.998354722,388369.54308543337,0.0,5427969.967521141,0.0,0.0,492759.453616751,0.0,1399449.6173717913,10113746.897719491,2363462.6039342848,263732.22124406305,7141105.953043517,0.0,0.0,2650612.2235525087,0.0,0.0,191664.6903987423,0.0,0.0,0.0,381233.64640814794,0.0,0.0,0.0,0.0,496426.59564762237,0.0,0.0,366989.05088970094,996902.7799532858,6919455.150814721,156638.19134967955,0.0,0.0,619959.1482125507,892882.6182964463,0.0,0.0,0.0,0.0,178627.25350752287,120748.84374966442,0.0,0.0,0.0,0.0,3051280.113793867,4193813.9684591526,0.0,1307140.1983501308,294926.4852153065,0.0,0.0,0.0,2346374.6320483075,0.0,0.0,398491.80597577454,291634.38495932124,0.0,0.0,148440.4068378058,0.0,0.0,0.0,1879007.9832540387,0.0,0.0,719840.673325442,0.0,326730.9031531202,0.0,0.0,0.0,0.0
180563841.4430699,260779180.38464636,0.0,0.0,0.0,12153079.776885621,17145138.911034063,3118368.1499382285,3099578.936292026,11621514.974831244,2391155.207327379,0.0,10252581.757497001,33390064.467403166,45767029.7813547,0.0,0.0,0.0,18646155.80558988,0.0,22957210.492877368,10911654.999803979,0.0,0.0,1325716.4595117262,0.0,0.0,15839734.202599568,2308659.2477210076,709669.3451924763,0.0,374800.1170502911,0.0,0.0,0.0,271918.54512577335,5839248.148237993,3273846.619000239,3656378.2297349796,428690.06625059317,0.0,0.0,328508.5590020884,1240425.8460472033,0.0,0.0,45845.57481095936,0.0,0.0,0.0,1412730.831244208,0.0,11431753.374325903,0.0,0.0,1147348.9853384246,0.0,0.0,0.0,90971.74013996709,1403292.2744869664,0.0,2328375.2102702726,324508.51754155825,0.0,662957.3269890129,2467793.5767987343,0.0,0.0,0.0,616598.1971375421,0.0,413409.80491040624,3954218.5294581293,2716043.144491185,0.0,1304573.228365242,0.0,0.0,0.0,0.0,227925.64704793767,9520013.689512745,1935090.3558343342,1670638.3289401694,5519912.333636252,0.0,0.0,327387.52415514324,0.0,0.0,999594.1218351641,514540.03600727057,407048.5088732743,1613988.028438882,0.0,0.0,0.0,0.0,314383.7893307263,86311.68810306718,0.0,0.0,270413.6653333602,0.0,0.0,0.0,0.0,0.0,4031957.1320900843,4946777.69588382,0.0,0.0,1480563.9144367883,0.0,0.0,133564.34570421698,102563.54004285869,0.0,0.0,763687.4959368375,364782.42320739175,525157.2610689476,0.0,0.0,238149.9786893053,0.0,0.0,0.0,0.0,0.0,0.0,0.0,0.0,0.0,0.0,599801.4156606568,900056.6449477011,0.0,0.0,209636.55273337243,0.0,571854.5160787364,2396108.103701495,0.0,66883.160089294,0.0,0.0,0.0,0.0
196978126.56450424,69666744.77877711,0.0,0.0,0.0,29875994.843294304,16784699.17958286,17483572.15026838,8880199.231901221,18321946.58958989,0.0,0.0,14278241.430857703,34344859.511128515,43626001.93226549,0.0,0.0,0.0,27246784.82944808,240333.19601681098,25975539.90580474,17057373.10311139,198166.7307682925,0.0,1981254.573917151,33976750.113218345,0.0,17676388.11711727,4337648.915409522,5741187.255415713,409821.8026822323,3062152.15943229,1584168.7747847736,0.0,0.0,486938.34564155305,8951167.463919777,4537654.733653017,7091586.734464947,0.0,0.0,8793618.793223804,529869.299906829,1232980.5553150633,1402181.0096234954,0.0,901766.2941804624,0.0,0.0,636524.412713923,1685897.2112157643,9849820.452814046,0.0,0.0,0.0,4236712.361594946,1289701.9650218703,0.0,0.0,0.0,4422581.804494263,0.0,0.0,0.0,0.0,2610700.77678363,3335549.1488581765,0.0,0.0,1485676.2399235668,689656.8385647759,0.0,1355444.410091556,4368504.403255177,5537673.37888861,0.0,4210359.734745861,0.0,0.0,1897216.0252216696,0.0,979961.9106989425,8408616.96096801,2058153.7323138139,2561816.9809159306,5924815.1981400205,1373198.3910435836,0.0,2082760.4314679476,4182870.844395272,4948061.022346976,1454618.4390681186,881185.744891643,0.0,0.0,515344.2662425267,0.0,0.0,0.0,1270137.560556523,386260.5229622646,0.0,0.0,297074.0968017279,716826.3188716461,0.0,2869543.3026499134,0.0,0.0,2850144.359545908,5800478.682664988,0.0,0.0,1669095.0721034552,237090.65009574755,818883.4647793275,406571.98517459416,0.0,378249.28637468815,0.0,1484171.5818415289,1801523.0091794836,2447602.7330517466,0.0,105773.0569172577,263198.23687354435,0.0,0.0,0.0,1103643.5961619632,0.0,0.0,2349768.5707424614,323175.734192893,0.0,1322779.5907830226,1002435.7988511997,1788980.553046354,0.0,0.0,1200355.4094230789,0.0,438747.3244867808,3174077.925716665,0.0,286552.01368450036,0.0,0.0,721972.2658732521,0.0
51042954.68632006,217813092.20637944,0.0,0.0,0.0,37797148.000974596,10005592.800092546,1715953.7740860027,19930521.955339577,3848068.9318145784,0.0,3727293.5702322572,2886416.7941286582,36244707.91957903,12140172.610047396,92306894.13573118,0.0,0.0,16020413.586918207,0.0,11490753.974011827,9327212.742443046,0.0,0.0,172997.91130879518,0.0,0.0,16219070.382245129,1372775.8003716161,757518.4340230769,69762.70329192262,461002.30099195265,136569.94127681706,0.0,0.0,0.0,3443884.4791810527,934660.1198273287,5454676.213481181,0.0,0.0,0.0,0.0,229872.6660055175,915455.8137774486,0.0,2220102.3939406737,0.0,644882.7400244261,0.0,0.0,5530220.878181612,0.0,0.0,0.0,1782516.8580304747,462641.29364441003,0.0,0.0,0.0,343566.67457655264,0.0,238166.42263453422,0.0,0.0,2345516.237300798,3221545.037075646,0.0,0.0,136933.96980673078,69102.43029435785,0.0,394749.95534129435,4143444.776280671,1518499.7048699148,0.0,3965178.682961083,0.0,0.0,894921.3441148362,0.0,1442522.2368585132,5291646.80263153,0.0,192340.90465925363,6091974.649851918,0.0,0.0,3520611.1460249103,638626.285989709,0.0,105918.74899712944,0.0,109075.5091096169,0.0,953379.3224160442,0.0,0.0,0.0,0.0,413751.4416608962,0.0,0.0,191970.13396590986,1174225.8261488082,0.0,550432.7313932411,0.0,0.0,1116065.4883836184,1215045.7100437281,228495.17678191545,0.0,261878.76735835866,0.0,0.0,98367.05845604467,0.0,0.0,0.0,0.0,1908033.7632736687,2280836.41964695,0.0,0.0,262288.1766044423,0.0,0.0,0.0,1617128.2482817464,0.0,0.0,256573.96515888756,1965516.231365824,0.0,249268.85807902314,228959.3385362919,0.0,0.0,0.0,1453125.8630845537,0.0,107087.78915689039,1764302.5096621981,0.0,373950.84152711974,0.0,0.0,0.0,0.0
174940711.31619456,160372602.63839996,0.0,22567085.39410623,0.0,12962729.764094379,0.0,19735351.916970756,9108876.57476568,23596630.33987859,3659014.9686327823,0.0,19269439.507076267,29174012.78828945,0.0,0.0,0.0,0.0,17730095.500829615,0.0,18868070.205951896,12028331.2885443,291114.8109446409,548908.1398895029,5710757.136585332,29642370.160185017,0.0,42350143.89394057,2942345.902979991,0.0,758256.5759542062,1435071.7678212512,1480366.15093249,2995612.1995705683,0.0,2049359.6896076463,11501304.574354818,3921920.647329214,5835126.09473575,2127232.0065576113,0.0,0.0,1725870.511300477,1735380.8189055023,1328126.5667886722,0.0,0.0,0.0,3318347.804727763,0.0,5475355.761776153,8439008.109225951,0.0,11881544.107069083,0.0,4886546.831287473,0.0,0.0,305579.2373759149,0.0,4014943.6104251905,0.0,5142401.852903758,0.0,0.0,129926.98330068159,4013166.2230319264,191695.5350265813,0.0,0.0,1075703.6994251923,0.0,2422803.820898842,3789429.1428121766,4041631.5437741494,0.0,0.0,0.0,0.0,0.0,0.0,82788.65578450542,5501332.551380725,2708258.443864288,6848456.835639197,8046332.511183316,0.0,0.0,144575.71265580363,0.0,0.0,3703888.131953685,592160.1292675439,3265706.0317625124,5631677.868604063,1972781.236092209,0.0,0.0,2210075.315638471,1305366.4268896645,0.0,142046.57263977817,282818.94878991845,128321.25249502063,198368.99421156934,0.0,62012.45964938222,989595.5085159648,826571.572559731,3281154.265167235,5510499.017131653,609629.3343596985,0.0,651687.738031968,0.0,0.0,430238.6742052881,975434.800541253,0.0,0.0,0.0,260647.62985755445,452382.2109435423,0.0,0.0,215135.6037096535,0.0,0.0,6402644.253704516,2104122.105248332,0.0,0.0,0.0,623887.8616018319,0.0,0.0,669200.034726635,0.0,0.0,0.0,0.0,0.0,902787.2683302176,3747479.664274429,569626.0303368559,0.0,74367.94557036467,455772.17431995185,930288.1154243591,438872.6555954555
209229882.27305827,208893252.91399944,0.0,866015.1122929079,0.0,43634176.86994187,0.0,1827755.437410358,17814766.849171326,22988765.676607043,12012982.125545446,0.0,19649253.983496565,33021362.326452073,59528322.87099139,26050524.08059312,0.0,131359.8466946999,14060620.778821936,239353.5963829695,13968873.17747181,9629091.979116622,0.0,0.0,4402141.669024329,9850860.691594424,0.0,9955234.928862434,2889258.904069122,355518.3652192943,814760.6777705139,322409.32451453846,0.0,0.0,0.0,580609.4468591592,9638637.524669448,6028615.175166381,9238211.401685627,215619.72530895457,0.0,0.0,0.0,2738863.9620004874,0.0,0.0,5083492.101139898,0.0,2385016.47856162,0.0,3775478.5621753475,7496820.285240191,4372647.138127863,0.0,0.0,488985.13765519863,0.0,0.0,0.0,0.0,2503401.5839658105,0.0,3343811.8088672496,0.0,0.0,5355586.358696273,0.0,0.0,1124573.4632496538,0.0,869963.3872995495,450007.5282145797,731154.0217913406,3378278.79976784,3291973.4007917703,10199529.83760242,10301521.595370647,165236.858116083,0.0,0.0,0.0,2454687.275676317,5443154.135087932,2559189.2962412178,0.0,5813184.614799846,0.0,0.0,0.0,2231133.8919707644,0.0,2124734.2883400577,264607.9606529395,0.0,2419999.883802976,792593.7004540816,0.0,0.0,0.0,0.0,1010919.2308067213,0.0,0.0,244678.48032920065,466863.2119855585,0.0,2080057.9038220623,384860.4100647871,0.0,557634.7451345706,0.0,0.0,0.0,1159425.8325395654,0.0,0.0,299551.60800183425,261944.79377954785,0.0,0.0,0.0,3943999.6531798784,7262883.9545851955,0.0,0.0,263434.56710758846,0.0,6056161.942752539,0.0,1687241.3530780664,0.0,0.0,0.0,669728.0841152597,0.0,0.0,410963.5262912926,1696315.9217396711,0.0,0.0,2463266.7006493304,0.0,359807.45496543066,3020543.153186557,0.0,638071.7300034313,0.0,0.0,630768.0634272256,0.0
482830286.8534715,286745937.46216273,0.0,92045076.09454867,15719570.462522907,75790516.09340824,74175314.02747501,17671588.24867716,56144070.04779847,79524191.73883942,661519.2569757473,0.0,55302708.41897521,33490884.391647205,0.0,60843407.762201406,9933658.368967108,0.0,55638444.57693869,0.0,51627676.58986899,32580015.453832977,1936026.067631978,256552.8797543049,13549269.592864307,30303450.43788498,13497171.30395533,33278367.75567697,13982226.80204528,1511816.908819186,6419137.536506707,4335126.318431617,6444799.758827491,3712980.654542907,0.0,0.0,20244709.899535682,19533239.909765117,15422925.377208987,0.0,0.0,8665464.234549774,475931.0552965465,6478258.641069767,1366948.5170365428,0.0,156195.08704505832,0.0,13676941.650758222,0.0,6623123.827936386,13450867.528170642,0.0,0.0,0.0,1823360.749728612,12354861.126753163,3312478.659203567,0.0,0.0,7153108.299248927,8736627.107070064,7125499.7024900885,0.0,0.0,328991.05448974366,0.0,0.0,0.0,1251730.0813142986,5420036.12872648,1396272.0469679534,12556087.030536404,5245726.804970715,0.0,0.0,238678.1783171092,0.0,0.0,6407765.918849317,0.0,150204.2877681126,7016780.429250005,2518061.593450512,9034892.055251457,7837469.275605141,6032383.833687809,0.0,160920.9079728302,0.0,7407431.201864511,4422800.095344063,2330036.801757098,0.0,0.0,3099510.4628651156,0.0,0.0,0.0,9907875.180326927,0.0,318818.7545905111,0.0,307361.5448498724,12633198.965955252,0.0,232749.8558549126,1145584.8325053153,0.0,1947197.93142948,0.0,1793997.6588181553,0.0,2449069.829531804,3049712.4233570555,1391847.9224545148,3373147.6169157587,2966654.0176108805,821632.1100018622,6577449.541917922,4487917.0325564,230138.65533876803,0.0,0.0,0.0,276547.18367771787,0.0,0.0,0.0,2411889.6954635386,0.0,0.0,0.0,383008.19066727697,0.0,0.0,2184187.5383177996,0.0,0.0,382250.12034777296,0.0,0.0,0.0,4687626.740582634,0.0,51392.528021153754,0.0,0.0,2571874.0034513967,1006182.1799117065
355214678.06855434,273671872.10544115,142447035.735386,133128350.67171867,18931401.38133815,77185289.04367444,56528877.46472759,2769294.9698901107,58493162.333154105,57503335.72193296,694341.2973094875,0.0,43134147.7615757,28784696.1157293,84930265.83707081,0.0,25099113.51002879,0.0,38846601.85830663,3576132.7833349123,15755982.80886547,18688654.096952517,3367354.913982556,2181203.2609870443,10084758.747573825,19576505.913193688,12673326.421097053,31214805.18343926,8919021.381416133,918814.0241024767,4170297.357203043,6048751.285042272,5284116.400395051,0.0,0.0,0.0,17044991.602406513,15700108.761774687,11296439.099158922,0.0,0.0,0.0,4420729.658214368,0.0,4895281.809492149,4660184.817257863,64185289.03959057,0.0,5008161.3688092865,0.0,3299195.925775499,8176723.401245971,0.0,9029663.267759018,0.0,0.0,3527064.1994828437,3878505.9524616916,791566.3213119208,1033702.8108731292,506451.1014533439,0.0,0.0,0.0,0.0,32217051.760298528,10842993.074410819,485560.43226731603,0.0,3298593.015077558,837781.7860293115,0.0,625761.1894435479,6572379.040842852,0.0,12479527.926499784,1187503.2512509022,0.0,0.0,3551855.887916051,757442.3473697448,29599282.828633446,0.0,0.0,2949293.9815388643,5031829.69194271,4598098.757290638,909848.5654662243,24700239.36280712,0.0,3958511.883287323,4957902.084118552,0.0,1410598.268590108,2667110.569638221,3121805.674649716,0.0,2452556.068845774,0.0,2392181.301397724,24660751.332456313,3140070.1455500713,435352.5664922001,337727.4404726326,0.0,0.0,0.0,647672.9499139625,0.0,533540.8571843964,0.0,2306042.861902745,0.0,1165894.2739107592,0.0,1970148.6773729916,1094453.4499186343,1262763.7829800784,1749918.220799149,0.0,3615744.685960708,15877857.120788181,0.0,84834.9847472376,330379.3995611066,408402.1082087682,0.0,0.0,0.0,0.0,0.0,0.0,0.0,483432.28617396933,0.0,0.0,1405561.5157431955,1740267.4712422758,0.0,1541779.3999213823,12041308.31466109,0.0,0.0,2446057.3408409646,0.0,16290127.381620564,0.0,0.0,865518.7236665036,0.0
0.0,259646493.48245963,0.0,143164661.7562854,0.0,45310449.15455182,95079316.7173368,54903364.38857262,207791044.1284938,142159793.30439696,0.0,0.0,111512287.2975534,59499865.23159027,0.0,82089679.9508343,0.0,0.0,63497976.39160457,830999.7957417214,73445182.34494673,62089824.467508,5041386.66646507,1096215.9892402017,50903378.812303826,21479582.507072344,9661203.951620607,44240305.081172936,29719359.193759095,0.0,24965412.6726665,9590427.237364063,10597659.22915452,2714356.6911021397,9715563.52187164,24900118.426273357,0.0,0.0,34933239.18888094,4425690.4943681555,0.0,24088245.246057235,2731826.0939310067,30862464.703854006,2483938.697552959,0.0,158224.81192870426,0.0,0.0,5336685.390752139,30283997.561433442,12698435.033672817,0.0,0.0,0.0,670751.0040208398,9437195.601763073,0.0,3314343.721499235,0.0,15702290.916989643,22347076.9684682,1752469.7548558102,0.0,17970190.01521152,506366.4430603622,0.0,828468.7601971304,21926913.559273757,0.0,8520534.04110461,0.0,4552625.99299851,9774841.74907707,0.0,2248166.7328637782,451070.2386210451,5847777.2940568905,0.0,14676993.120838594,697098.2675397989,364834.4274803078,5086691.930739313,3275350.678482565,0.0,7210453.4202633845,9813889.890222019,3263058.272530437,168229.3737122641,1934170.6141798282,7831279.692926384,9982980.152731387,5103698.10116696,541996.3592082781,0.0,0.0,0.0,0.0,0.0,3943968.8080048594,0.0,1051713.2646936476,1164235.3511435634,955313.2274520561,4208696.7733106585,0.0,2157233.8650058564,0.0,0.0,3363524.077996937,0.0,3301998.2431081035,13416294.037069798,6117627.829783115,0.0,4155778.5896167755,3909117.3811657913,1950335.1012982777,3879052.616406792,4184652.610487846,7861141.217682067,341239.6622519237,0.0,0.0,663026.4931825254,453321.8878885883,2184938.99584956,0.0,0.0,10860295.57899911,0.0,0.0,0.0,17277791.252520524,1029586.5408437316,3980763.7451901445,4217649.911939027,0.0,1656686.5531363643,0.0,0.0,7907707.225977281,0.0,4713967.975783794,0.0,127945.03877181478,0.0,0.0,6228887.859253352,1401362.4299443103
212451965.38643858,167218825.23225173,0.0,0.0,0.0,27879117.01723136,12513582.283738514,4556770.726037808,23604958.034571208,26038783.285086945,0.0,0.0,21637428.702950258,36103260.465015195,0.0,0.0,0.0,184649.4578267262,14892272.428614402,0.0,25912994.943155777,6971531.493672865,0.0,0.0,10437348.050058955,33914367.4083257,0.0,25454634.381697796,3662581.681965426,474320.42791057145,1255586.5217809086,0.0,0.0,410650.94911913556,0.0,122010.24986825866,6558161.608787694,0.0,6024430.3762772335,605566.9600288861,0.0,0.0,0.0,4499792.683060642,688529.8228608294,0.0,0.0,0.0,1808991.2412174074,0.0,11239263.490638979,3973949.407497675,0.0,0.0,0.0,1258275.8288048194,0.0,0.0,0.0,0.0,1618615.4847451558,2487355.286985772,10145443.971744142,0.0,0.0,91612.36179918425,0.0,0.0,0.0,0.0,341269.2896705559,0.0,3106464.0605519055,3021097.142976289,644258.4218391491,0.0,0.0,1605493.3012252608,0.0,3285695.878296174,0.0,0.0,4627247.175772789,2494925.7380198576,3231994.722790227,7766185.139473556,0.0,0.0,51448.497615591405,0.0,0.0,5539464.5712175565,0.0,1397585.179351204,0.0,336830.95937958366,0.0,0.0,0.0,176656.24382744895,0.0,0.0,0.0,0.0,2534334.504846597,0.0,72354.13040511121,3338874.0382913463,0.0,723090.8664884297,3488378.98513415,0.0,0.0,435912.7078432216,292511.4389880147,0.0,0.0,0.0,0.0,0.0,0.0,86691.39421859614,0.0,0.0,0.0,190626.00957683142,0.0,0.0,0.0,0.0,0.0,0.0,0.0,0.0,0.0,0.0,307902.0142381855,529437.0805170238,0.0,0.0,0.0,0.0,327355.47439982265,1569252.088254733,0.0,0.0,0.0,0.0,529108.6483848433,0.0
33925170.52999815,47785464.813850544,19882323.461021435,0.0,0.0,16061375.18362176,4349777.944979345,4181843.2445830083,9980094.64016204,2875069.745198759,4577233.473628953,0.0,2026351.237529877,34744588.76200785,9548998.13476714,49520280.498092644,0.0,0.0,10932999.067469215,200049.70018312373,4055958.299245245,4506046.444202546,0.0,0.0,386267.3804124149,31945173.614102058,0.0,14477611.768220058,418545.90849873394,0.0,0.0,443195.36462450045,761737.5123933201,0.0,0.0,789928.3088508073,3313371.3564807875,1110534.6175966256,3626097.592272235,922817.4646494986,0.0,0.0,90146.4403081015,0.0,1530680.4143981931,0.0,704112.803475604,0.0,248869.47634111898,0.0,415812.3098907625,0.0,0.0,0.0,0.0,685636.4988597154,0.0,0.0,0.0,427746.9298297971,0.0,0.0,342717.4382921131,0.0,0.0,3574948.206481724,0.0,0.0,0.0,0.0,62158.96985656839,0.0,317315.76859810355,3228279.863629602,191687.12729219114,0.0,6052628.848212782,0.0,0.0,755527.068380799,0.0,1324117.635943965,4052704.687331491,2445080.374459876,0.0,5301876.012545853,0.0,0.0,1622676.1116809368,0.0,0.0,296606.92350889393,830265.5759601587,0.0,0.0,0.0,0.0,0.0,0.0,0.0,598702.2498650555,175306.0252394563,0.0,0.0,225239.45855730755,0.0,123973.48041022466,0.0,0.0,1407081.1332703468,592596.1542497239,308982.3100714795,0.0,51340.085775189116,0.0,0.0,53659.314901125275,270034.702678664,0.0,0.0,420681.87182104937,2439954.758749243,3658722.5630316413,0.0,0.0,216930.59118896734,0.0,0.0,0.0,351698.4353992934,0.0,0.0,0.0,0.0,0.0,0.0,135823.51376710852,0.0,0.0,0.0,1227436.7841115752,0.0,0.0,1965186.0353379506,0.0,435701.9683770024,8677946.161664808,295819.36176644923,0.0,0.0
117093828.91448279,324529929.68065727,0.0,14536784.497663813,0.0,63771198.92194976,0.0,2454499.3582820892,21056699.744731016,11694090.519004902,0.0,0.0,8798195.294667225,30892431.416315287,25122051.063601382,0.0,0.0,216229.47769766345,19247222.061803605,0.0,5836532.217440097,5414117.355779913,0.0,0.0,1330184.4144500033,33513318.858835727,1433496.9663307408,13987899.561447924,1348627.6679341835,0.0,174009.07635468533,421578.05720371014,2867740.6452144696,0.0,0.0,163121.3343399686,3562056.4266527942,3093228.880113185,8531472.06486053,233273.08759437507,0.0,0.0,0.0,208603.84328173398,986067.6290600603,0.0,3718321.8493209467,0.0,7978365.651790649,318383.2276539358,990781.4938657447,0.0,0.0,3262511.765042598,0.0,0.0,657009.2873420977,0.0,0.0,0.0,626078.7307317606,0.0,885094.5474256804,0.0,0.0,5937578.211902202,0.0,0.0,4841959.147397045,0.0,234343.51612423005,251057.00506367354,360650.7249936757,4280479.544793526,3029778.3454404534,0.0,7162166.917050987,0.0,0.0,571048.9655178882,0.0,3279076.8307329267,7677752.585420842,2324702.424954041,0.0,5483652.546445278,852688.5358642719,0.0,6153660.902779789,969694.1215747381,1355674.0036060775,1141371.1658312087,0.0,0.0,0.0,251008.82893949607,0.0,0.0,0.0,0.0,1125854.590182371,0.0,0.0,283952.70996022224,1117759.5993196224,0.0,994271.038403224,0.0,0.0,775370.4433720404,3198223.4173248424,0.0,0.0,83516.31008979301,227929.22020764678,483060.80788776994,221595.3199107683,0.0,0.0,0.0,0.0,4407736.7175370725,4779159.453117445,0.0,0.0,266489.61917267,0.0,8630812.389913028,0.0,2883752.0207989877,0.0,0.0,0.0,0.0,0.0,0.0,319955.8930855358,0.0,0.0,0.0,3263773.9900292666,0.0,0.0,806512.815011103,0.0,987802.1271340527,0.0,0.0,458869.5492949556,0.0
85357174.09970362,186048983.17532772,0.0,0.0,0.0,45331915.51893911,0.0,1855514.8166310783,30076755.976940986,11270821.27290868,0.0,0.0,9331573.949310381,20899343.59486776,2718408.404770165,0.0,0.0,0.0,16759025.721817888,0.0,19222561.981776856,7817993.015098867,0.0,0.0,1396725.771430623,27986982.690164745,0.0,11280949.608650196,3171345.6245614197,0.0,171088.79945627597,226217.6278790087,0.0,0.0,0.0,112200.02224105281,7621707.493738724,2903322.9399239407,7910015.980052032,373716.01913709956,0.0,0.0,0.0,890664.4177185411,757939.3710875653,0.0,1765788.5852127373,1434692.1293377872,839459.7058717669,185901.9799686712,1331537.0131456396,0.0,0.0,5001780.696001048,0.0,3346527.8748776815,0.0,0.0,0.0,0.0,1603609.1759089662,0.0,0.0,0.0,0.0,3436616.6427084804,0.0,0.0,0.0,0.0,330045.3243945948,0.0,1307754.3956814345,3139213.4558808687,4183369.097500195,0.0,5598689.643273415,572645.8962878617,0.0,0.0,0.0,1387057.2046985477,4423522.242903989,3693378.8894763505,803398.0983890203,6562652.518860919,0.0,0.0,0.0,335190.578884571,0.0,1083063.6272968238,377782.338929593,88936.37855677401,0.0,1932070.6075886188,0.0,548318.1671650418,0.0,0.0,587002.4632475831,0.0,0.0,135041.7742900848,787654.1167279177,0.0,362518.5809566264,0.0,0.0,1025578.31437631,2783662.7564102705,287422.11361035326,0.0,1046078.6315513257,0.0,107116.2455426045,221186.41158108605,0.0,133620.46849864704,0.0,0.0,1931716.35152405,2456797.057089746,0.0,0.0,203939.48332217,0.0,4449097.679784787,0.0,991828.8722096848,0.0,0.0,703344.7778090112,2749455.313732002,0.0,0.0,467870.58874681254,1419606.4717783555,0.0,0.0,1465824.1877010083,0.0,480958.34040548356,2724878.551686756,758103.1278676455,447655.7037983307,6857304.467296701,0.0,0.0,487356.40574169
42288144.938216,247767448.80824214,0.0,0.0,0.0,16638123.32656733,21678782.999095168,1516793.8387837408,8400764.628468651,3550238.6893957923,0.0,6940955.8289066795,2571634.5181069477,29217437.04881386,9490481.938414596,84719812.5097456,0.0,0.0,18899880.063714698,0.0,5611692.76878349,7183040.930244515,0.0,0.0,568321.5326355995,37569211.41260286,0.0,22278850.72253757,660975.5884015115,2853597.809473034,0.0,874779.2820508776,268667.7751105815,104725.79747109463,0.0,5401834.364554806,2000737.0627924763,950782.3488000798,4360503.946641596,0.0,0.0,3410982.481611874,0.0,225695.43557844788,1029450.2466744126,0.0,83916.90474345538,2146760.911977051,1757372.6443335498,0.0,646684.380661415,3184073.5541662946,0.0,0.0,0.0,5711225.220221308,481849.449178583,0.0,293730.5275303271,0.0,0.0,0.0,562779.9550729267,0.0,207387.29116402208,139822.52875438504,2554079.0159451934,0.0,1888346.878686995,0.0,142906.46801484583,0.0,695339.7067070227,3638257.558420026,1252502.1959840977,0.0,0.0,0.0,0.0,1210652.7037658577,0.0,94940.24412498041,6349720.842517376,0.0,304162.3584495895,8019912.67015279,225339.2976081036,0.0,219048.88847439396,0.0,0.0,428575.5235443066,0.0,1325893.2796750397,0.0,198878.14995902762,0.0,0.0,0.0,0.0,0.0,0.0,0.0,167870.4635086058,156136.1852286012,0.0,77781.48383888899,0.0,0.0,3336598.980139962,1055232.0909825189,0.0,0.0,189417.77542231235,0.0,240558.31743469374,161420.42339550215,78633.06875104926,0.0,0.0,0.0,409999.00064392044,421735.072653089,0.0,7965471.328320824,326596.356122129,0.0,0.0,0.0,324214.97123528615,0.0,0.0,1027185.6269440445,900197.091333687,0.0,0.0,258410.21486882106,0.0,0.0,0.0,0.0,0.0,151819.4746144753,1034409.3503539636,0.0,0.0,0.0,0.0,0.0,0.0
160574509.48609436,275952225.8869229,0.0,0.0,0.0,22430477.013996243,30550949.860581025,1690078.0757479658,11368853.291247752,14022277.117787305,0.0,7955868.689664895,10553019.031414052,26904790.334927607,39316795.39581328,0.0,0.0,0.0,20423435.80137666,0.0,15432715.785450332,12243649.680937724,0.0,0.0,1006672.8060728926,39497924.43388756,26069270.16368874,13241741.757483127,1923928.386365585,1871259.1028128439,233194.05706666227,445784.06863313925,463594.5989868637,83757.55166517555,0.0,0.0,4396003.674995286,3203114.324748187,3856190.1180399926,0.0,0.0,0.0,205123.72491937317,204709.27296719197,1015672.1563597627,0.0,1549318.6509635532,0.0,1013051.147499812,0.0,1116882.0576980545,0.0,0.0,0.0,0.0,3824653.5860378435,424286.94530130905,0.0,0.0,0.0,1123061.5246271556,0.0,0.0,0.0,0.0,1388838.060957373,0.0,0.0,0.0,0.0,86182.83146626134,0.0,424147.6421189095,4157609.961926706,0.0,0.0,2760462.6347424043,0.0,0.0,1097320.7150574892,0.0,1351051.5552641002,4548306.914020239,3035255.6949729538,892918.0422446771,6001167.236737251,1006507.5021596511,0.0,2611316.7580191093,0.0,2151590.808963648,969906.1809395468,592052.8433038663,1134593.4037781572,0.0,629511.8108235634,0.0,0.0,0.0,0.0,193840.24909637854,0.0,0.0,181138.39445847264,296739.2711308894,0.0,105615.35957706091,0.0,0.0,465640.3865906698,2709618.1899511805,0.0,0.0,53411.62655128446,0.0,0.0,88529.47699832561,0.0,0.0,0.0,693721.0233756853,1338061.4362331838,2181768.5376012493,0.0,0.0,270180.02575291705,0.0,2014666.0078483887,0.0,1894768.0003592088,0.0,0.0,0.0,995534.7146080974,0.0,344989.48549588653,712124.4015199075,1089919.4516539848,0.0,0.0,1742727.62692812,0.0,0.0,1367573.924483318,0.0,149451.0957668518,0.0,0.0,0.0,0.0
186313798.4138696,188203653.0093902,0.0,0.0,0.0,23204520.230066333,20728455.95100784,2878942.7954617157,12340974.732096443,31213827.67599067,0.0,0.0,22075055.012072608,41192064.214181915,42661411.65186439,72483034.8733169,0.0,0.0,32008812.01269516,0.0,10118274.894403731,16224514.868152881,0.0,0.0,4930654.290795117,27250633.976281993,10767196.28436616,18016329.909080517,3556579.694439057,1405684.7028393906,1038675.7237966427,1244257.054895579,1271475.0426234812,0.0,0.0,222770.85097286146,9748445.697654082,7278389.811632549,5907969.117732732,0.0,0.0,3613803.0189008405,239079.2405619788,1471430.0931447425,1141415.6045622148,0.0,13718852.497240225,1593097.4535651212,0.0,0.0,3198264.972964667,4958253.001432813,0.0,0.0,0.0,2416348.487226194,741006.2599305914,0.0,0.0,0.0,1727941.6715410475,0.0,2878082.938405556,0.0,0.0,6939999.569487855,3858401.602764963,0.0,0.0,398490.63157121884,324935.4280745106,292798.5757617898,753095.5789146802,4438095.420161246,7663953.661445988,0.0,12734467.12333023,0.0,0.0,1047840.8876988001,0.0,6818759.407366937,3248455.418212735,3061400.3809104287,258315.31703064614,5332836.458310607,2153957.240072967,0.0,7592321.3438913515,0.0,2383301.193606754,3755302.5467840885,991084.4691001159,0.0,0.0,2519080.215756506,0.0,0.0,352881.38350439083,0.0,2325422.867666337,0.0,0.0,168090.7276480794,797193.6497434392,0.0,414801.72406797105,942081.3202627391,0.0,506341.3486515146,4904338.513318763,0.0,0.0,917115.3346502632,0.0,520798.33714020986,0.0,152710.13814973366,236748.50613936075,0.0,1977095.3015025703,4381810.023469444,8567650.323488772,0.0,1015033.5670507917,335504.9521002024,0.0,0.0,0.0,1775662.0104154935,0.0,0.0,461743.16088786913,1350080.3861910708,0.0,0.0,1133529.3378499977,0.0,0.0,0.0,5495849.950131988,0.0,256854.58526404412,1677906.283912637,0.0,1794369.71308794,0.0,0.0,332499.7810645025,0.0
219429017.2580007,273445117.0566671,0.0,0.0,0.0,25764360.43810484,23106136.375181593,0.0,13973262.618284144,23421511.53258142,0.0,5024038.900077027,17500257.066969898,26012983.255471084,59436702.990094885,0.0,0.0,373068.0901329851,15662897.846198449,0.0,21798240.580172073,8645052.770219265,0.0,0.0,4288975.03794284,37992522.53469366,15336302.650378413,14090254.101278815,3087692.948613492,1133901.9227831445,600969.5976759872,439956.978632897,1001037.5499147186,101801.78471145403,0.0,0.0,10544797.514598878,5170787.402556206,4777267.2368088495,0.0,0.0,0.0,0.0,2343027.5555222607,898308.9009374671,0.0,465307.3615397328,0.0,6615386.178805295,0.0,4237228.333415365,0.0,0.0,0.0,0.0,2553410.8466722444,4905821.903001239,0.0,0.0,0.0,6578143.5456380565,0.0,3809419.0200993936,0.0,0.0,1037767.177469681,2006885.4220737189,0.0,0.0,0.0,628695.825529367,0.0,1336548.134558649,4260713.069184563,3358209.538506266,0.0,1778492.3532647481,0.0,0.0,1054014.2474437773,0.0,407601.66253209126,5321207.106624611,2569302.658324211,7134825.501222987,6774614.860558925,1685913.8501276986,0.0,1080636.5195955879,0.0,5519006.08819605,2907010.7995305425,403653.55783605546,866940.7544699016,0.0,862899.6856221711,0.0,0.0,0.0,1641312.607664004,121710.23009758447,0.0,0.0,185047.58962231866,242830.84759956566,0.0,154528.62967054074,1255548.5048116813,0.0,807314.7876083159,5335652.2568387445,0.0,0.0,187229.31930542554,0.0,0.0,778063.9970723012,0.0,0.0,0.0,1987283.4330321646,848997.8708920149,1338147.7336464815,0.0,0.0,294597.338814251,675610.7970277133,0.0,0.0,1096856.6698495897,0.0,0.0,399117.95557388535,1283350.7773647634,0.0,0.0,519845.40725386085,0.0,0.0,0.0,616942.82657781,0.0,0.0,3647738.7540750057,0.0,88160.03850563435,0.0,0.0,468436.1568900866,0.0
626048192.7682369,141945473.62416634,33123410.62636948,19029782.514836326,0.0,44492900.71217175,93246174.2932695,41254981.729541406,32902267.97445282,101656893.28940432,0.0,0.0,72102992.40153286,79318918.67455189,159071476.19217274,57933005.64897156,0.0,0.0,63619319.5922589,0.0,45167826.714403585,37992557.147203885,5037973.9610405015,0.0,31948682.373681426,29709275.153444376,28990566.046275,22844105.291519992,16454738.04417526,2910834.118789569,13938021.377406226,1412223.923968612,3124214.990817888,2782137.18651609,0.0,0.0,0.0,4897699.68006611,11225487.562370537,0.0,2884864.4322682624,9359174.043313367,2051082.955134707,0.0,1359582.6868981738,5351294.783602423,356053.76867236214,0.0,0.0,731934.9853231743,21730056.315226465,14383129.390620733,0.0,0.0,0.0,3455140.2865860253,2983117.7216210617,0.0,657847.6202124206,334317.88276822155,8688487.458661849,0.0,18375846.094707035,0.0,0.0,621225.1273546217,8598895.728168122,0.0,12219452.902496113,0.0,5411631.2029825905,0.0,7883474.1982231,5372398.0839999225,0.0,0.0,0.0,0.0,0.0,2090059.105609177,0.0,210454.21250646093,6284827.592864702,0.0,2080207.0927742545,8309129.205782778,7684144.114302732,0.0,481097.2876102532,0.0,8143653.734597019,9744820.605449535,2960807.691963909,0.0,5817055.330189839,2267972.813466312,0.0,0.0,0.0,2427251.560811459,69950.97957992186,605673.4005661305,238418.16248065542,299340.8537671126,0.0,2357887.308586064,105412.9286950179,8604313.769125313,0.0,1854490.6965789355,0.0,0.0,0.0,5303793.158456135,1230373.2278070152,1461742.5123602028,1264612.728438815,2745189.3512646058,2326920.428929569,0.0,5410849.451573742,480045.5648157447,0.0,0.0,0.0,267478.26572971063,0.0,0.0,0.0,7821466.00516058,0.0,0.0,0.0,616928.7312598489,0.0,730357.2955109855,2683450.2346531358,0.0,0.0,0.0,0.0,2857517.4499445865,0.0,5009080.775849259,0.0,81909.24419956797,0.0,1367928.7618098895,1993724.1913572035,0.0
150354575.8314008,351381961.1641115,57233729.82686989,0.0,0.0,18344321.854350105,22428026.70844531,2636567.6668152814,4110693.936178789,8422329.015278393,0.0,0.0,6284652.349098706,46886627.8765304,36056517.81792497,56703266.594787546,0.0,0.0,16285122.873093564,0.0,9054043.574243458,4561905.673474249,0.0,0.0,540421.0107104075,49981380.02012322,610587.8085625842,14928452.568822375,957099.4926508644,0.0,97270.76361281396,578569.3956630232,1145334.8135562888,0.0,0.0,786600.1871408363,3258185.027574848,2056085.3117164532,3891449.4118278334,0.0,0.0,0.0,0.0,0.0,1264559.5787551918,0.0,549985.4499490557,0.0,909831.1014815116,0.0,478590.8293212968,0.0,0.0,0.0,0.0,0.0,0.0,0.0,0.0,0.0,0.0,0.0,557003.9903317869,0.0,0.0,2381912.110309042,3359629.8225008296,0.0,0.0,0.0,41079.72930704479,0.0,220770.72813976934,4338876.0443911385,722343.7360240928,0.0,5009941.74449583,0.0,0.0,1176289.3946027001,0.0,839026.1306111675,15661487.437953735,2332763.421063484,0.0,6307545.101727224,576776.7425138867,0.0,1166657.0959933796,0.0,2400108.354541415,403732.89778757154,0.0,0.0,0.0,238751.34777535885,0.0,0.0,0.0,0.0,337299.86516121856,0.0,0.0,339755.7393507361,0.0,0.0,0.0,0.0,0.0,923553.6741678717,0.0,0.0,0.0,50999.07942315007,0.0,0.0,0.0,315787.9958759311,0.0,0.0,0.0,1575730.1892483782,2751643.949456927,0.0,0.0,248102.5979976802,0.0,0.0,0.0,624627.8700864996,0.0,0.0,0.0,144402.8427283708,0.0,0.0,226750.87774139273,0.0,0.0,0.0,1344021.315426743,0.0,0.0,1309984.4690222775,0.0,255702.62472312438,0.0,0.0,0.0,0.0
272893750.22520196,238912501.9403539,0.0,0.0,0.0,30284055.680633254,21177306.280843053,2595039.7844544863,25515409.522274204,34232553.89140932,0.0,0.0,26249580.697706927,42120817.91196978,64815997.28418663,53762266.94736383,0.0,0.0,30448437.93563233,0.0,28672982.82932783,19238938.168114647,191080.36255114787,0.0,9617668.848355934,40845333.04904106,0.0,27344332.12218739,4630850.448538582,658039.9886317746,1366062.116938929,306186.9478298729,207283.4617686661,158316.68823310733,0.0,245609.8375493527,10696842.959484667,4961362.741884402,7296854.965834358,0.0,0.0,0.0,751666.5871215708,2716110.0224978453,1038308.006432548,0.0,0.0,2811811.1518249437,0.0,0.0,10901831.411810605,0.0,0.0,5973851.047716507,0.0,1627905.136398963,2868400.8606720464,0.0,0.0,0.0,7921387.212885901,0.0,10177986.918033248,3652143.2198151345,0.0,103506.77232521222,5284339.800784571,0.0,0.0,275577.23238502466,2794976.0291914204,0.0,0.0,4901542.527705624,0.0,10579437.570753792,0.0,0.0,0.0,3159730.745221214,0.0,51747.97935449897,7123245.843714661,3070757.452204081,10645847.671453899,8258172.232347132,2662825.5746581177,0.0,45212.94624347843,0.0,4349547.710980158,3921250.508297658,973734.0144253973,1440267.944719266,2145309.2930030767,2073695.5767212524,0.0,0.0,0.0,882336.4440143984,0.0,0.0,0.0,190547.1736621262,0.0,0.0,562297.0464166274,4596365.653020262,0.0,956991.678536769,3542091.0709152534,0.0,0.0,1408289.3224083746,0.0,0.0,362529.12405495724,1638291.408508386,0.0,0.0,1954285.8471175053,86838.67670734834,0.0,0.0,0.0,292164.1145358237,341302.447356778,0.0,0.0,0.0,0.0,0.0,0.0,568346.7856870099,0.0,1934469.371985065,1098158.4451311843,0.0,0.0,0.0,0.0,0.0,1480986.3878418268,2990706.6160433497,0.0,0.0,0.0,0.0,576027.7253913983,0.0
133980271.8568858,234429507.51377094,0.0,0.0,0.0,27003884.772963382,26453153.881700635,0.0,9023764.874344468,9497742.207540428,5836142.4997067945,0.0,8380574.113951422,29782588.755589437,34704155.0038769,46927161.898300104,0.0,0.0,15730654.847911036,0.0,16670526.958138686,10801024.68605551,0.0,0.0,471254.40055806906,35751582.43830113,0.0,10266833.830642436,1918521.7969932382,1020288.0047065738,146946.53670043146,0.0,0.0,0.0,0.0,137748.1889541769,4224965.220392928,2669817.8319916683,5012544.271250116,0.0,0.0,0.0,0.0,0.0,938241.3866692951,0.0,1044927.3930403447,0.0,0.0,0.0,474536.85131789965,0.0,0.0,0.0,0.0,1753291.2101876293,0.0,0.0,0.0,0.0,759928.2945858975,0.0,0.0,0.0,0.0,1298955.4132504507,0.0,0.0,0.0,0.0,53034.0795466928,0.0,282834.4675298909,3574734.1879624436,3229100.628995773,0.0,1971568.005655604,0.0,0.0,0.0,0.0,552736.6944647939,5427146.970619977,0.0,0.0,6057756.358742891,0.0,0.0,0.0,1003303.9161263766,0.0,391162.74546517263,493659.90141131077,502257.3333325692,1065807.181465921,461260.39650757617,0.0,0.0,0.0,0.0,166999.60714264592,0.0,0.0,258733.26949286423,498066.87362621666,0.0,650426.6502131526,0.0,0.0,671436.6746347974,3728597.692799755,0.0,0.0,471907.0370361646,0.0,0.0,62278.645833438764,0.0,0.0,0.0,537054.7221623737,1127057.2885260084,1514655.306669208,0.0,0.0,222819.29373001299,0.0,3437779.2586925547,0.0,1268860.097818524,0.0,0.0,385404.7350074559,0.0,0.0,0.0,567524.1916433352,1114892.775706522,0.0,0.0,667050.4531155439,0.0,0.0,1525475.5077296344,216920.2507495209,108128.21381628016,0.0,171765.96015862154,0.0,0.0
22253941.180449463,156364160.47782624,0.0,0.0,0.0,36638552.8636059,12687846.095987396,1744048.4015181055,23774142.392194122,1715009.3105823165,10361736.083297167,0.0,1464094.6271608819,33391248.28099071,6075704.340775904,48535417.964355476,0.0,179871.8663979846,10981806.159133757,0.0,741333.327749111,9612376.5699406,0.0,0.0,340032.84785459907,0.0,0.0,11739572.345430424,99410.9201235697,260875.50237110187,24900.34865715539,0.0,0.0,79698.58500165495,0.0,0.0,478464.7008352213,739301.1574651903,5981299.490593512,0.0,0.0,0.0,0.0,0.0,715739.3368579443,0.0,307794.35007971484,0.0,6435111.11898495,0.0,387596.3696829491,0.0,0.0,0.0,0.0,684270.1537187474,0.0,0.0,0.0,0.0,0.0,0.0,332084.860156283,0.0,0.0,1539789.500561595,0.0,0.0,951890.2357650467,0.0,0.0,0.0,0.0,3096532.063402709,0.0,0.0,2455928.4741049204,0.0,0.0,480032.71864898666,0.0,607399.3636268345,3033183.4388815453,2735564.932137252,0.0,6183938.170095002,0.0,0.0,1639062.6948297382,0.0,0.0,208607.03758286484,0.0,53374.14380322129,1922944.6833635743,833220.828690334,0.0,0.0,0.0,0.0,211678.00034785457,0.0,0.0,0.0,363847.1382549703,0.0,100267.51371661662,0.0,0.0,909927.2642696619,231568.55141650158,0.0,0.0,0.0,0.0,0.0,48112.73573743945,0.0,0.0,0.0,0.0,792896.6418436496,1044779.6335053256,0.0,0.0,221385.08900016558,0.0,3755489.35067847,0.0,593554.1590324343,0.0,0.0,0.0,2193817.4147964325,0.0,0.0,37104.382479429325,0.0,0.0,0.0,663659.63855277,0.0,0.0,255509.95989955714,345078.31307545275,206826.6356747177,0.0,104666.22774469016,174262.81225772024,0.0
348789358.9226734,113845831.58716065,0.0,11329768.868616123,0.0,23838000.510039784,29775123.649219926,6106884.291966295,19074814.549158845,47651821.59307427,0.0,0.0,34710750.47628792,37578984.243746735,101069007.74774384,73474748.80859475,0.0,263122.0763382458,18544843.845250327,0.0,18400822.61447537,10914673.74797529,235083.75538259555,0.0,6005098.038292613,35763955.19076864,18317433.349254694,21053225.421568956,3515754.054939751,927167.4772489966,2536127.745084461,782754.1749885397,1976716.4328449084,782742.5508275403,0.0,247983.66118728108,9605676.724645322,10526604.831784055,7410178.216123757,0.0,0.0,8945250.97349095,361628.877381117,0.0,1743475.1920485494,0.0,0.0,1519920.353099349,6071760.973685133,0.0,5109639.999373787,5581797.436016622,0.0,0.0,0.0,2088948.8087232495,1660862.3785485257,0.0,0.0,0.0,2404729.938737707,0.0,3989167.2968560928,10695247.108013742,0.0,237330.0764425697,5107745.23729369,0.0,0.0,649134.6253272449,533126.3855764843,0.0,0.0,5958585.0995755335,3499528.215410234,0.0,0.0,0.0,0.0,2382594.5167078516,0.0,0.0,4556618.145228807,3145620.6421121536,0.0,6399777.6574953245,3555783.330407944,221466.8429604249,78611.62970339635,0.0,2826227.9691830957,4072913.5477166194,512522.03999780107,2525926.4054936105,213195.63415480472,143112.5987340976,0.0,0.0,0.0,967160.520739572,0.0,0.0,0.0,164108.12787231797,0.0,0.0,260117.07063220552,1616857.0628009879,449819.09655090165,1052937.1579696336,1433565.700548976,0.0,0.0,790672.5647855197,222429.60752720037,198045.4029534757,436584.32643665996,1065492.8689884075,0.0,0.0,1858109.5659296808,0.0,0.0,0.0,431791.6898483039,292381.5843546844,351443.9125701161,0.0,0.0,1874775.394407004,0.0,0.0,0.0,1072125.6021400476,0.0,0.0,653362.8672326494,0.0,0.0,0.0,0.0,0.0,523099.9447415793,1849112.1243405808,0.0,27912.98389529809,0.0,0.0,1413498.864383682,0.0
42719453.39309043,66031509.64670792,0.0,0.0,0.0,36673684.12833843,18135080.49041574,1681607.7282066334,19803686.02025405,3398640.1175406566,0.0,0.0,2587587.5189799163,26095823.853741612,653462.8863293218,70926640.4212016,0.0,0.0,27177717.2765108,0.0,2249099.5880716853,6633392.077648596,0.0,0.0,396396.087776009,37353083.11591423,0.0,8306129.178742284,243803.16274482768,792436.8708355493,0.0,283534.587736875,0.0,77829.2908856459,0.0,287822.3316666319,1641753.78585108,844568.4595961866,4101728.027054242,0.0,0.0,0.0,0.0,0.0,883071.3812323192,0.0,633615.0065465984,0.0,0.0,0.0,237065.1652205437,0.0,0.0,909194.5949642363,0.0,1616140.2822633153,0.0,0.0,0.0,0.0,336850.5435159256,0.0,205731.33394185995,0.0,0.0,1473067.397055451,0.0,0.0,856267.4797966778,0.0,22943.583942212146,0.0,457452.99465517676,4228722.334675968,417639.8552016329,0.0,1749039.8418390045,0.0,0.0,0.0,0.0,693454.9435042071,5943388.30526643,2609595.4659794583,0.0,6300164.8051976655,0.0,0.0,1559799.6740372137,0.0,0.0,293929.04914068175,0.0,0.0,0.0,886183.1948673812,0.0,0.0,0.0,0.0,179200.84986249742,0.0,0.0,188092.08859999513,1180907.3033716385,0.0,469216.22608245554,0.0,0.0,916550.6632567656,347818.989320971,0.0,0.0,0.0,0.0,98503.92454428485,0.0,0.0,0.0,0.0,0.0,1619505.091521376,1773777.101663034,0.0,309490.75834470976,272090.7965625825,0.0,0.0,0.0,1576571.4758660584,0.0,0.0,279315.4078871709,1852329.6082277868,0.0,0.0,79434.68419636138,1401218.5566351647,0.0,0.0,837865.3235882684,0.0,0.0,753664.5209639273,0.0,119966.66096133924,0.0,0.0,0.0,0.0
0.0,148752590.44901428,231511031.9947441,260668674.40195504,0.0,38055706.86788388,38208403.90679275,367534813.80579424,169440353.33560184,0.0,181983388.89964086,0.0,90004860.7114781,134107401.13992447,0.0,0.0,0.0,0.0,104378862.04102445,0.0,51707149.08709923,76283669.10467039,29093839.99596474,84928363.35566917,40084912.13604212,0.0,0.0,35289729.108604856,44662432.30814506,75153753.4399293,0.0,42498458.9317846,5299988.439220765,52525159.366892844,28222365.76274868,5331538.893928811,0.0,40287448.98648997,15517560.684740042,0.0,71122052.79359977,39617017.62069383,20533523.30106431,36393205.89010645,21458488.405228477,0.0,0.0,0.0,0.0,0.0,13518011.6317445,0.0,17361904.678543497,0.0,21363227.95742406,24539046.829867143,0.0,20717414.916427433,5153485.1054734,18371598.368299033,17987600.809195656,0.0,11151928.517428042,1573770.2740988731,7567309.781054721,437797.313941473,0.0,6410334.753110216,0.0,0.0,12746675.558693998,10925075.061802853,3037778.644249501,16214091.120005166,0.0,7278064.561033716,0.0,22234422.347557515,2463778.68545451,0.0,13457523.660285454,199295.4827066731,0.0,4563005.75639249,0.0,9972261.929120552,0.0,0.0,0.0,0.0,0.0,3748898.5335934185,11231731.645944102,1237038.2647623336,1368977.1877188373,0.0,1004071.8970540058,1408974.4521197085,0.0,0.0,75234.57935264724,0.0,2936532.4981406922,5673371.025407794,0.0,0.0,0.0,4344104.358958928,0.0,5938448.131759344,0.0,7617249.006979929,0.0,4424299.897812377,0.0,0.0,8969209.20539554,4301542.245784588,9990936.675538769,0.0,4662319.959284899,232280.60853761452,0.0,2849907.215580747,0.0,2057757.4526339266,2420474.5216971687,9993804.298092442,3043856.732522274,0.0,2349568.351049004,0.0,0.0,0.0,13218477.64740304,8063525.820753902,7145466.414249676,0.0,9829739.306553017,0.0,0.0,472440.07596849615,984141.7989616712,3364799.655418779,14098229.572664728,0.0,0.0,1730760.1307071848,0.0,0.0
11396747.249957683,273437050.5237615,0.0,0.0,0.0,26879968.31336452,9204165.600319525,1749323.1726601114,14044542.020109277,596114.9216872404,0.0,0.0,445131.77586678567,28277926.348246366,2392941.3761379183,67374533.15909472,0.0,0.0,14508413.505662162,0.0,0.0,6234042.245005308,0.0,441315.0382032388,595271.8882841212,39687790.722064056,0.0,17885721.89710662,97579.44026242939,459053.74966532504,0.0,273874.8397061827,506851.94815351145,0.0,0.0,118972.95423180048,411687.0396571382,339265.6549875883,4632923.321669096,0.0,0.0,0.0,0.0,0.0,1035530.3866791046,0.0,1182187.5040184064,1843165.583602428,254049.22781467196,0.0,793467.6369890666,0.0,0.0,0.0,0.0,0.0,0.0,0.0,0.0,0.0,0.0,0.0,690084.718576496,0.0,0.0,1441890.9096751588,0.0,174137.79607746014,0.0,0.0,0.0,0.0,0.0,4253529.219343884,51100.07079183497,0.0,2055039.2119406287,0.0,0.0,1115940.5445981084,0.0,665396.5319232793,4879905.547795622,3195386.6144921463,0.0,6395875.307371854,0.0,0.0,1410443.2098391613,0.0,0.0,504001.28553773445,0.0,324868.6091287767,0.0,590521.4379660788,0.0,0.0,4609553.285603798,0.0,176114.3370797193,0.0,0.0,190433.2567801477,1050954.5587825184,0.0,191951.33124505766,141609.35097144675,0.0,764361.4904732825,0.0,0.0,0.0,0.0,0.0,0.0,0.0,0.0,0.0,0.0,0.0,1381782.4983523425,1742470.3661620393,0.0,0.0,264621.74929580407,0.0,2541444.790312065,0.0,1032347.4225777752,0.0,0.0,0.0,1265233.4831665012,0.0,0.0,44786.0580116138,0.0,0.0,0.0,749275.1584850826,0.0,0.0,319908.34142525593,0.0,149299.7007085261,0.0,0.0,0.0,0.0
67874402.30887951,320501057.11719376,0.0,0.0,0.0,32226468.03420552,21705971.654856823,0.0,10758927.64417577,4062942.12442529,6397085.483878666,0.0,3293773.236261256,30491024.024049588,14164086.065917335,56055820.50460817,0.0,0.0,21398172.12495207,0.0,6460149.022331934,5969296.041129497,0.0,0.0,357133.3516204734,35427492.71339016,0.0,13175943.933646262,1053591.4714133735,869053.5636689219,26126.980425603684,0.0,0.0,0.0,0.0,0.0,1694894.5136074757,345224.9960910976,5510889.449053678,0.0,0.0,0.0,0.0,130333.39771699352,1005312.4480466543,0.0,417824.3410245146,0.0,0.0,0.0,375442.7411561451,0.0,0.0,0.0,0.0,2263192.2826612564,0.0,0.0,0.0,0.0,0.0,0.0,430902.9262071368,0.0,0.0,1116590.328253071,2837591.951950404,0.0,0.0,0.0,39826.12896486107,0.0,0.0,3718043.978548322,1509336.8954788526,0.0,1545780.618408351,0.0,0.0,0.0,0.0,599420.8501663902,8740945.509520127,0.0,0.0,5534211.532014407,0.0,0.0,0.0,0.0,0.0,295011.95516611665,740534.13531278,106209.28196642053,0.0,638134.4850200334,0.0,0.0,0.0,0.0,142116.5357077252,0.0,0.0,277543.63562475133,668913.6068463614,0.0,67531.82833259735,0.0,0.0,1553937.3692024837,1762322.7172941132,0.0,0.0,0.0,0.0,97022.94692712928,81636.74893522641,0.0,0.0,0.0,0.0,991111.2649456895,1177249.4133126668,0.0,0.0,244416.04823784513,0.0,0.0,0.0,543758.7567647026,0.0,0.0,323307.6330200057,0.0,0.0,0.0,200965.87509631395,0.0,0.0,0.0,528628.7671220578,0.0,0.0,820141.5441678393,274396.0987883044,131036.99737600729,12756578.506545324,0.0,0.0,0.0
413394946.2214501,184809425.31793246,166448043.2455258,127079696.57662305,12387125.12006249,109588028.5988371,86728887.8147963,97034844.60366936,103575938.32944675,123551843.1918394,992642.7562207811,88174910.19254176,82378699.19093065,54140368.65233168,38400894.8708811,0.0,21178035.71137962,0.0,77517897.45655486,15089491.052393885,35326872.626794666,46574900.0122838,4037975.1917100255,0.0,20856534.711521402,19472556.66524088,22193907.122167278,31330030.942539383,16120793.939274697,20022685.17087087,15460113.123509796,30747493.2713715,21962234.64572672,6573761.825387982,16727122.237971805,3860745.480708672,27362770.705741722,18140269.70146973,12409134.466848908,13589341.181314811,0.0,0.0,7258391.877155672,0.0,7165261.974750224,0.0,1762164.1512370557,4388101.220779079,0.0,13062444.276662657,7653347.179182231,0.0,0.0,24301035.585499328,8862099.76648541,2025468.653997144,13019353.387469389,12003505.462683795,1791665.7072088572,5550512.032972406,13426712.582067221,0.0,6428028.392996891,0.0,27979478.457804337,2561918.9004633874,12078207.506598614,5632611.996241962,0.0,0.0,6877969.087225185,2169210.85588967,2812006.490978481,12789467.435365282,12528048.647003755,0.0,2359647.0725034755,8220102.62366056,551009.9498586138,4606291.108329155,1741304.4511480965,862366.6679891313,4471265.539167372,0.0,11152287.647400731,8855797.022814177,8475495.16681972,7495880.128385786,677390.9078089887,0.0,6352076.046910036,5747846.938080873,3925771.2232415667,1242410.9058864287,0.0,13033929.517241497,314748.2925127142,1602691.6242764744,0.0,4998635.386000488,400320.39860103285,8713417.32077741,4543220.110292838,3913700.597725629,4224461.764358283,0.0,0.0,0.0,0.0,2546458.6857204745,0.0,2884144.29030785,0.0,2378120.500485577,396358.95562355255,6284233.5541149285,4947959.442659262,10903827.064519623,3241037.420968681,8064161.885464656,6798922.277903752,1538788.4985168641,1229464.4262310716,291299.7763249253,0.0,689184.5097346834,524934.8164524253,0.0,0.0,2455929.6402677554,2619392.072465583,0.0,4415924.423057133,4014456.7406873708,878438.8785682641,3729325.5840516076,3480082.680768807,0.0,4316181.796545216,907189.0319562025,0.0,0.0,1214482.304531658,4142374.355169795,0.0,225068.3699332094,0.0,9279146.99157918,3166300.3140068967,1374213.7094737012
7474404.201340295,176248796.2596627,0.0,0.0,0.0,20111096.44359862,5516812.870884619,1764157.0199990286,12627412.327644035,385980.5249642706,5608945.044211201,5192761.398839606,345041.4456078485,25961195.943998724,1937678.6815931676,0.0,0.0,0.0,13091831.454082204,0.0,2182743.929495439,5154704.860823315,0.0,0.0,156468.34688680607,35129422.742953904,0.0,9304404.918889338,199722.76497344702,912393.5999602105,0.0,0.0,0.0,0.0,0.0,0.0,617432.8930403411,0.0,3932615.5031248443,0.0,0.0,0.0,0.0,0.0,736891.588558881,0.0,168477.1421481482,1382811.6550312017,72111.89406136361,0.0,0.0,0.0,0.0,0.0,0.0,2024310.5073499954,0.0,0.0,0.0,0.0,0.0,0.0,143441.21894455145,0.0,0.0,948700.0711057228,0.0,0.0,0.0,0.0,18523.750111761135,0.0,435352.7107600325,3101733.7705420037,108374.50648755852,1454508.4413010667,1597096.3697068628,0.0,0.0,0.0,0.0,497207.36265195557,5542601.074091272,2609582.574267183,0.0,5600121.519595391,0.0,0.0,0.0,216322.96062575668,0.0,90541.03706476087,0.0,966458.0508517484,0.0,429465.9716293666,0.0,0.0,0.0,0.0,119268.79543841629,0.0,0.0,139088.94371683116,556268.763808817,0.0,148254.1330055914,0.0,0.0,738726.6105580592,270802.8238608918,0.0,0.0,0.0,0.0,0.0,34048.93207761184,0.0,0.0,0.0,0.0,990147.7219037923,1529745.7949869072,0.0,0.0,215525.52101925004,0.0,2007960.9464743244,461021.22204242117,496303.8178442494,0.0,0.0,338406.9904471984,0.0,0.0,0.0,36644.06859554726,0.0,0.0,0.0,624366.2216119544,0.0,0.0,624559.4011622792,195876.67127945327,76499.52813276267,0.0,0.0,0.0,0.0
