feature_id	0	1	2	3	4	5	6	7	8	9	10	11	12	13	14	15	16	17	18	19	20	21	22	23	24	25	26	27	28	29	30	31	32	33	34	35	36	37	38	39	40	41	42	43	44	45	46	47	48	49	50	51	52	53	54	55	56	57	58	59	60	61	62	63	64	65	66	67	68	69	70	71	72	73	74	75	76	77	78	79	80	81	82	83	84	85	86	87	88	89	90	91	92	93	94	95	96	97	98	99	100	101	102	103	104
Massilia sp. WG5	5.541	7.12	3.621	0.052	8.129999999999999	2.335	0.382	0.384	0.1139999999999999	0.053	1.944	0.415	6.379	2.1590000000000003	2.945	0.296	1.879	2.479	4.101	6.441	6.114	0.235	13.031	0.086	0.404	1.5730000000000002	5.98	0.6669999999999999	0.292	1.324	12.006	6.497999999999999	2.368	0.8659999999999999	7.15	0.633	0.08	0.207	0.2799999999999999	3.154	0.823	6.497999999999999	0.054	6.67	5.1450000000000005	1.902	0.058	7.771	0.4969999999999999	3.4520000000000004	2.761	14.182	0.5660000000000001	1.479	3.763	6.381	3.408	8.138	4.847	2.648	0.602	0.921	1.658	1.822	1.483	1.7579999999999998	2.247	8.716	0.084	3.691	1.7399999999999998	0.172	7.641000000000001	1.701	0.072	4.233	0.748	5.099	0.666	0.083	5.798	0.055	2.419	0.093	11.31	8.512	0.517	1.686	2.149	0.6649999999999999	0.924	0.466	2.307	2.839	2.086	10.562	0.086	0.763	10.004	0.293	3.679	0.66	5.829	6.022	1.876
Pseudomonas fluorescens	1.954	4.259	4.298	0.0809999999999999	0.624	0.894	0.443	0.767	0.087	0.082	3.847	2.775	6.010999999999999	9.485	2.897	5.155	1.489	0.6779999999999999	3.984	2.867	0.771	0.107	2.125	0.107	0.202	3.781	1.5789999999999995	1.279	0.117	15.184	1.777	11.46	2.789	3.095	1.945	0.095	0.097	0.516	0.133	4.656	0.475	3.154	0.08	0.5599999999999999	6.128	0.703	0.097	2.373	0.165	4.719	0.539	2.069	0.455	7.553	4.021	2.931	1.5789999999999995	2.745	0.29	0.8109999999999999	3.3840000000000003	3.151	0.321	0.174	0.2249999999999999	0.141	0.116	0.91	0.292	0.6930000000000001	0.446	0.1389999999999999	1.964	2.568	0.093	3.975	1.307	4.005	0.769	0.16	1.053	0.068	3.75	0.064	1.587	1.098	0.134	0.856	0.308	0.123	0.695	0.158	1.319	1.184	5.543	1.114	0.124	1.052	0.259	0.109	4.984999999999999	0.372	0.83	6.21	0.251
Pseudomonas frederiksbergensis	2.716	5.724	0.733	0.012	1.256	0.443	0.2259999999999999	0.064	0.018	0.011	2.021	0.147	3.064	1.001	11.13	0.687	0.759	2.14	1.804	8.276	5.431	0.024	1.2970000000000002	0.022	0.038	0.511	3.817	0.451	0.039	2.384	1.196	6.384	6.938999999999999	1.3390000000000002	1.075	0.026	0.0139999999999999	0.087	0.049	0.5369999999999999	0.244	0.998	0.01	1.6230000000000002	2.039	3.148	0.016	2.2030000000000003	0.142	2.168	0.19	3.485	0.1379999999999999	1.856	11.198	4.006	2.274	2.39	0.905	2.89	4.537	1.018	0.305	0.319	0.305	0.129	0.05	0.357	0.04	2.975	0.154	0.034	2.726	1.598	0.015	2.393	0.44	4.824	0.168	0.06	0.625	0.012	7.038	0.009	0.366	1.513	0.153	0.186	0.3399999999999999	0.073	1.847	0.061	1.337	0.383	0.906	2.375	0.023	0.122	1.234	0.031	3.504	0.091	1.695	1.401	0.453
Paraburkholderia hospita	0.163	0.617	0.905	0.0569999999999999	3.581	0.181	0.292	0.437	0.127	0.044	0.349	1.101	0.949	0.017	5.982	0.144	0.4649999999999999	2.255	0.905	1.343	1.096	0.105	0.2299999999999999	0.15	0.661	0.306	4.5440000000000005	0.143	0.398	0.1129999999999999	0.196	1.6789999999999998	1.423	0.212	1.353	0.434	0.2759999999999999	0.143	2.318	0.438	0.155	0.5660000000000001	0.046	0.283	0.102	0.148	0.06	0.622	0.064	0.208	1.114	0.1119999999999999	0.347	0.19	0.212	0.89	0.176	1.053	0.7230000000000001	0.327	1.814	0.147	0.436	0.099	0.2729999999999999	0.061	2.308	0.185	0.206	0.09	0.232	0.078	0.647	0.346	0.066	3.0	0.551	0.387	0.237	0.582	0.06	0.149	1.458	0.159	0.485	0.5519999999999999	0.0809999999999999	0.471	0.363	20.144	0.118	0.808	1.5730000000000002	0.143	0.284	1.068	0.061	0.193	1.165	0.36	0.307	0.502	0.322	0.079	0.541
Erwinia billingiae	0.073	0.005	0.145	0.0139999999999999	0.004	0.042	0.023	0.013	0.015	0.0279999999999999	0.013	0.018	0.8699999999999999	0.063	1.583	0.03	0.0069999999999999	0.051	0.337	2.2110000000000003	0.005	0.025	0.06	0.0279999999999999	0.043	0.042	1.882	0.046	0.019	14.127999999999998	0.414	0.005	0.165	0.026	0.0349999999999999	0.021	0.013	0.009	0.011	0.509	0.067	0.2749999999999999	0.015	0.009	0.285	0.006	0.02	0.017	0.0069999999999999	0.009	0.044	0.0569999999999999	0.033	1.0739999999999998	0.041	0.356	0.332	0.3899999999999999	0.0069999999999999	0.011	4.143	14.521	0.043	0.01	0.018	0.006	0.008	0.12	0.034	0.009	0.012	0.063	0.959	0.031	0.018	0.928	0.009	0.48	0.017	0.019	0.04	0.5890000000000001	2.243	0.006	0.147	1.304	0.009	0.013	0.047	0.006	0.02	0.013	0.0069999999999999	0.022	0.059	0.006	0.0689999999999999	0.314	0.013	0.013	0.008	0.033	0.1379999999999999	0.016	0.078
Pseudomonas cichorii	2.224	3.167	9.565	0.362	0.506	0.685	0.512	0.418	0.331	0.3899999999999999	3.27	0.781	7.144	6.775	1.923	4.125	0.869	0.726	2.784	4.735	0.61	0.3419999999999999	4.807	0.295	0.311	1.205	2.231	0.6709999999999999	0.3429999999999999	4.6	2.087	2.799	1.82	1.343	1.244	0.311	0.306	0.553	0.268	4.268000000000001	0.478	2.615	0.351	1.395	4.87	0.79	0.398	2.498	0.493	6.408	0.5640000000000001	1.778	0.466	8.847	5.424	1.7319999999999998	0.835	2.611	0.42	0.819	4.134	7.263	0.4969999999999999	0.409	0.392	0.311	0.357	1.778	0.356	0.656	0.4629999999999999	0.3409999999999999	1.783	1.472	0.48	2.919	0.655	5.492	0.468	0.322	1.816	0.377	2.306	0.262	1.77	1.778	0.482	0.505	0.414	0.264	1.051	0.316	0.8130000000000001	1.666	5.143	0.734	0.557	2.629	0.43	0.3	2.489	0.643	0.651	2.784	0.419
Paraburkholderia caledonica	0.049	0.361	0.402	0.044	1.191	0.7230000000000001	4.251	7.364	2.789	0.052	0.093	6.2330000000000005	0.318	0.022	0.4649999999999999	0.419	4.8950000000000005	0.613	1.192	0.444	0.604	1.258	0.126	0.929	3.1780000000000004	5.037	1.656	1.812	1.343	0.0699999999999999	0.156	0.184	0.142	4.006	0.819	2.653	4.229	1.459	7.595000000000001	1.143	2.387	0.086	0.031	0.134	0.08	0.0279999999999999	0.053	0.351	0.038	0.151	1.728	0.12	2.169	0.073	0.1709999999999999	0.6910000000000001	0.363	0.119	0.189	0.048	0.222	0.8019999999999999	1.934	0.037	2.029	0.029	5.872	0.132	2.471	0.039	6.2700000000000005	1.6809999999999998	0.198	0.06	0.062	0.416	4.06	0.134	0.781	9.188	0.029	1.543	0.242	0.093	0.851	0.088	0.042	5.71	1.89	1.612	0.16	3.612	3.628	0.356	0.214	0.508	0.048	5.642	0.094	1.43	0.044	1.622	0.419	0.1379999999999999	3.24
Pseudomonas umsongensis	1.016	5.9270000000000005	0.326	0.006	0.124	0.1399999999999999	0.096	0.023	0.008	0.006	0.784	0.065	2.448	0.787	0.661	0.94	0.4049999999999999	0.132	1.978	1.118	0.335	0.008	0.935	0.011	0.016	0.2259999999999999	1.989	0.176	0.02	3.014	0.519	0.198	0.308	0.5559999999999999	1.979	0.009	0.0069999999999999	0.086	0.021	1.333	0.06	0.541	0.006	0.076	5.691	0.08	0.008	7.457	0.1119999999999999	3.931	0.063	0.6669999999999999	0.047	6.48	0.438	0.534	1.569	2.914	0.091	0.126	2.303	1.505	0.048	0.133	0.029	0.0569999999999999	0.015	0.7849999999999999	0.0139999999999999	0.5890000000000001	0.145	0.031	1.911	4.585	0.009	1.3390000000000002	0.158	1.521	0.053	0.023	0.22	0.006	8.165	0.0069999999999999	2.735	3.776	0.033	0.077	0.042	0.009	0.116	0.0279999999999999	0.2729999999999999	0.792	0.953	0.307	0.01	0.051	0.334	0.016	2.069	0.032	0.117	5.691	0.31
Massilia putida	1.502	6.866	0.906	0.062	8.862	1.335	0.235	0.223	0.0849999999999999	0.061	0.515	0.205	1.355	0.451	0.8920000000000001	0.118	0.925	0.602	1.163	2.565	1.315	0.149	9.366	0.073	0.242	0.677	1.703	0.33	0.144	0.322	2.473	1.951	0.7979999999999999	0.326	2.23	0.2749999999999999	0.074	0.128	0.165	1.769	0.291	1.537	0.064	1.913	0.977	0.923	0.066	2.2030000000000003	0.241	0.915	1.259	3.505	0.301	0.259	2.768	3.751	3.955	3.598	1.385	0.8920000000000001	0.373	0.473	0.611	1.201	0.703	0.5780000000000001	1.172	2.343	0.074	1.831	0.945	0.104	3.167	0.4519999999999999	0.083	1.211	0.3969999999999999	3.01	0.2249999999999999	0.0699999999999999	1.609	0.0559999999999999	1.001	0.0699999999999999	2.928	1.858	0.214	0.851	0.553	0.398	0.3969999999999999	0.242	1.159	0.907	0.606	3.456	0.1119999999999999	0.312	5.699	0.2279999999999999	0.853	0.8999999999999999	3.882	1.286	0.525
Burkholderia ambifaria	3.626	2.178	2.883	5.667	4.238	4.997999999999999	6.476	5.936	6.027	5.486	1.7399999999999998	5.208	1.915	1.022	2.721	2.235	5.251	4.132000000000001	3.111	2.559	5.995	5.929	2.516	4.949	5.772	4.89	3.569	4.68	5.351	1.1	3.052	3.093	2.887	5.118	4.628	5.639	5.76	6.143	6.981	3.044	5.238	2.864	6.098	4.22	1.5810000000000002	5.633	5.771	3.093	7.209	1.6740000000000002	7.312	3.353	5.538	1.214	1.932	3.666	2.406	2.893	4.426	4.559	2.181	2.084	6.376999999999999	4.807	5.447	4.346	7.167999999999999	3.478	5.7700000000000005	4.629	5.615	4.82	4.170999999999999	2.382	6.805999999999999	2.772	5.173	2.015	4.716	6.511	3.181	5.576	2.1	4.776	4.511	4.423	7.059	4.887	5.404	6.478000000000001	4.814	6.547	5.071	4.263	1.836	5.478000000000001	6.363	3.403	4.91	6.157	2.218	6.970999999999999	3.878	1.91	4.884
Pseudomonas koreensis	1.0670000000000002	2.177	1.142	0.016	0.096	0.3	0.083	1.548	0.019	0.02	3.149	6.008	4.226	9.197	1.223	4.58	0.37	0.1399999999999999	2.2110000000000003	0.6779999999999999	0.103	0.016	0.625	0.06	0.079	5.953	0.517	0.899	0.021	4.958	1.172	0.946	1.703	2.258	0.4629999999999999	0.037	0.051	0.668	0.0279999999999999	2.789	0.156	2.946	0.016	0.142	2.819	0.132	0.023	0.8170000000000001	0.031	2.974	0.0569999999999999	1.107	0.384	5.126	1.7160000000000002	1.658	0.6859999999999999	1.744	0.051	0.126	1.629	1.321	0.047	0.039	0.032	0.04	0.02	0.504	0.439	0.146	0.165	0.043	0.6709999999999999	1.146	0.02	2.756	1.271	1.845	0.86	0.048	0.521	0.0139999999999999	3.735	0.013	1.009	0.4	0.0279999999999999	1.195	0.132	0.099	0.214	0.029	0.508	0.742	4.349	0.209	0.041	0.889	0.041	0.02	3.628	0.354	0.272	3.863	0.073
Luteibacter rhizovicinus	0.464	0.03	1.147	0.024	0.015	0.044	0.033	0.018	0.025	0.026	3.626	0.022	0.722	0.032	1.208	1.11	0.025	0.023	0.065	0.142	0.031	0.027	0.344	0.043	0.039	0.0279999999999999	0.18	0.026	0.037	0.01	0.6649999999999999	0.624	0.116	0.02	0.119	0.0349999999999999	0.023	0.025	0.023	2.023	0.024	13.928	0.029	0.025	0.135	0.0279999999999999	0.027	0.059	0.037	0.627	0.039	0.886	0.041	0.0139999999999999	0.282	1.246	0.104	1.748	0.02	0.034	7.289	0.365	0.034	0.072	0.025	0.0349999999999999	0.025	0.222	0.027	0.038	0.027	0.027	0.3419999999999999	0.784	0.039	0.352	0.021	0.726	0.022	0.025	0.066	0.038	0.025	0.023	0.039	0.038	0.067	0.021	0.042	0.017	0.039	0.0279999999999999	0.019	2.191	0.575	0.02	0.048	0.026	0.04	0.025	3.523	0.046	0.021	0.093	0.034
Bradyrhizobium erythrophlei	1.185	0.491	0.644	3.96	0.305	4.041	2.232	3.258	3.889	4.41	1.1	1.974	0.53	0.338	1.294	0.913	3.245	2.357	1.0659999999999998	1.125	2.382	4.138	0.677	4.601999999999999	3.4750000000000005	2.023	1.056	3.495	2.785	0.356	1.329	0.5740000000000001	1.433	2.529	1.61	3.091	2.673	3.53	2.711	1.0659999999999998	3.03	1.098	4.415	2.077	0.615	1.846	3.792	0.934	1.814	1.134	1.6070000000000002	1.136	2.804	0.319	0.937	1.092	0.856	1.13	1.4489999999999998	1.238	1.117	0.584	2.623	1.6760000000000002	3.1220000000000003	1.417	2.551	1.516	3.381	1.832	4.404	4.087	1.54	1.558	3.182	1.227	2.317	0.638	2.018	2.305	1.132	2.625	1.064	2.823	1.248	1.6209999999999998	1.69	2.861	2.27	1.7160000000000002	3.164	3.305	1.808	1.429	0.611	1.302	2.515	1.406	1.422	3.504	1.229	2.788	1.53	0.521	1.493
Pseudomonas arsenicoxydans	0.2779999999999999	0.623	0.255	0.006	0.101	6.074	1.137	0.286	0.101	0.0069999999999999	0.311	0.078	0.5329999999999999	0.487	0.5890000000000001	0.326	0.939	0.196	0.38	0.835	0.241	0.021	0.209	0.039	0.2259999999999999	3.264	0.283	0.35	0.092	0.464	0.247	0.348	0.445	1.583	0.169	0.025	0.011	0.063	0.69	0.285	1.105	0.188	0.006	0.193	0.583	0.1399999999999999	0.01	0.288	0.023	0.44	0.102	0.3409999999999999	1.584	0.666	0.709	0.355	0.24	0.316	0.059	0.184	0.5579999999999999	0.362	0.082	0.031	0.082	0.016	0.259	0.093	0.032	0.1699999999999999	0.969	0.025	0.381	0.338	0.0069999999999999	0.385	7.463999999999999	0.481	0.434	0.297	0.147	0.005	0.473	0.004	0.153	0.183	0.017	1.475	0.059	0.065	0.253	0.223	5.84	0.1129999999999999	0.415	0.222	0.01	0.068	0.063	0.331	0.555	0.184	0.134	0.601	0.1619999999999999
Pseudomonas sp. GR 6-02	0.26	2.155	0.09	0.003	2.225	0.134	0.05	0.02	0.005	0.003	0.188	0.044	0.559	0.22	1.281	0.1379999999999999	0.145	0.309	1.494	1.407	0.265	0.005	0.165	0.0069999999999999	0.012	0.148	2.6780000000000004	0.079	0.009	0.447	0.15	0.507	4.735	0.246	0.371	0.004	0.004	0.021	0.017	0.111	0.052	0.143	0.002	0.676	0.358	3.412	0.004	0.351	0.021	0.383	0.061	0.159	0.043	0.249	1.318	1.51	0.745	0.38	0.297	0.881	0.494	0.1709999999999999	0.145	0.024	0.808	0.052	0.075	0.042	0.009	0.16	0.047	0.009	0.478	0.4669999999999999	0.004	0.2239999999999999	0.169	1.121	0.0349999999999999	0.0139999999999999	0.102	0.003	2.198	0.003	0.059	0.118	0.011	0.052	0.022	0.246	7.098	0.015	0.7939999999999999	0.098	0.178	0.246	0.016	0.025	0.054	0.011	0.7100000000000001	0.02	0.214	0.2299999999999999	0.02
Streptomyces bingchenggensis	1.028	0.4559999999999999	0.567	1.86	3.074	2.068	2.124	1.424	2.172	1.722	1.189	1.6469999999999998	0.515	0.488	0.366	1.321	2.256	3.706	0.937	0.8580000000000001	0.622	2.777	0.592	3.006	2.343	1.318	1.511	2.93	3.379	0.2269999999999999	1.148	0.894	1.99	1.54	0.996	2.777	2.428	2.445	1.645	0.543	2.703	1.487	1.685	3.596	0.611	1.213	1.933	0.913	0.885	0.559	1.727	1.344	3.042	0.239	0.6839999999999999	1.694	1.017	0.772	3.581	2.1420000000000003	0.315	0.256	1.842	1.118	2.494	0.844	1.317	1.28	2.446	1.135	2.127	3.454	0.7230000000000001	0.978	1.433	0.555	2.015	0.8380000000000001	4.606	2.351	1.092	1.965	0.367	1.936	0.921	1.087	0.8750000000000001	3.108	3.2030000000000003	0.8840000000000001	1.402	2.389	2.246	0.988	0.54	0.927	1.683	4.005	1.204	2.216	1.0	2.209	2.139	0.8210000000000001	4.054
Pseudomonas sp. UW4	1.095	4.386	0.492	0.009	1.596	0.157	0.105	0.034	0.011	0.009	1.295	0.103	1.496	0.856	1.5810000000000002	0.853	0.416	0.326	2.968	1.363	0.544	0.012	0.507	0.0139999999999999	0.018	0.282	1.529	0.188	0.024	1.456	0.471	0.5599999999999999	1.007	0.616	1.526	0.013	0.012	0.09	0.019	1.428	0.079	0.209	0.01	0.129	1.926	0.206	0.016	0.783	0.065	0.919	0.072	0.49	0.059	3.488	1.29	1.031	0.527	0.788	0.178	0.257	1.264	0.532	0.078	0.091	0.039	0.073	0.018	0.818	0.02	0.235	0.141	0.032	1.051	1.751	0.023	3.032	0.159	0.766	0.132	0.025	0.486	0.008	2.692	0.024	0.381	0.4629999999999999	0.084	0.088	0.077	0.012	0.263	0.029	0.266	0.694	3.152	4.0120000000000005	0.03	0.076	0.097	0.018	2.21	0.037	0.819	2.054	0.101
Rhizobium leguminosarum	2.132	0.942	0.965	0.8580000000000001	1.9290000000000005	0.484	0.4559999999999999	0.396	0.494	0.786	4.439	0.398	1.525	0.718	0.8540000000000001	3.539	0.353	0.52	1.398	1.919	1.041	0.471	1.448	0.4599999999999999	0.43	0.2729999999999999	1.345	0.6709999999999999	0.617	0.987	2.405	1.209	0.652	0.312	1.23	0.555	0.569	0.504	0.4	2.151	0.516	1.228	0.658	0.58	0.804	1.319	0.69	1.916	0.792	2.31	0.426	2.286	0.48	0.359	1.53	0.935	3.685	1.83	1.806	1.998	0.654	1.3259999999999998	0.532	3.572	0.424	2.0650000000000004	0.381	2.376	0.6709999999999999	2.158	0.432	0.494	1.0659999999999998	2.476	0.743	1.729	0.392	2.266	0.407	0.426	2.878	0.503	0.415	1.957	1.715	1.419	1.568	0.532	0.626	0.304	0.5479999999999999	0.481	0.366	3.9	3.796	0.914	0.8829999999999999	0.365	1.462	0.436	1.427	0.478	1.3050000000000002	1.355	0.432
Paraburkholderia phytofirmans	0.097	0.2789999999999999	2.423	0.0349999999999999	0.353	0.5479999999999999	1.347	2.791	0.367	0.0349999999999999	0.179	2.775	0.444	0.015	2.365	0.387	1.356	0.473	1.114	0.508	0.382	0.217	0.443	0.935	1.261	1.308	1.051	0.516	0.6459999999999999	0.058	0.11	1.227	0.2239999999999999	0.913	1.045	0.697	0.894	0.534	3.136	0.7080000000000001	0.47	0.353	0.029	0.238	0.059	0.037	0.037	0.244	0.0349999999999999	0.135	0.907	0.072	0.977	0.203	0.204	0.382	0.12	0.093	0.2249999999999999	0.0559999999999999	1.125	0.468	0.93	0.037	0.4519999999999999	0.026	1.856	0.09	0.636	0.034	1.227	0.364	0.126	0.272	0.049	3.238	1.5789999999999995	0.106	0.812	2.026	0.034	0.505	0.868	0.131	0.414	0.208	0.039	1.0739999999999998	1.6969999999999998	5.707	0.073	0.96	1.281	0.373	0.062	0.402	0.04	0.6669999999999999	0.153	3.572	0.108	0.622	0.245	0.124	1.068
Rhodopseudomonas palustris	1.534	0.607	0.677	4.408	0.32	2.469	2.363	2.087	2.792	4.086	1.152	1.821	0.6479999999999999	0.415	1.118	1.11	2.186	2.048	1.114	1.09	2.804	2.999	0.776	2.547	2.258	1.469	1.048	2.327	2.63	0.478	1.39	0.721	1.397	1.911	2.004	2.871	2.65	2.984	2.36	1.151	2.406	1.093	4.299	1.981	0.8099999999999999	2.078	4.1160000000000005	1.228	2.766	1.1809999999999998	1.948	0.979	2.495	0.446	0.938	1.224	1.13	1.29	1.723	1.43	1.028	0.649	2.5860000000000003	2.047	2.502	1.839	2.216	1.7049999999999998	2.702	2.09	2.545	2.511	1.72	2.0420000000000003	3.503	0.972	1.836	0.756	1.961	2.028	1.219	2.5780000000000003	1.127	3.137	1.29	1.767	2.411	1.963	2.08	1.5709999999999995	2.733	2.861	1.767	2.068	0.773	1.509	2.913	1.402	1.796	2.605	1.1820000000000002	2.54	1.34	0.619	1.5
Pseudomonas putida	0.7849999999999999	2.347	2.083	0.156	0.3409999999999999	0.423	0.295	0.191	0.144	0.15	1.156	0.309	1.928	1.972	1.009	3.293	0.733	0.326	1.582	1.106	0.308	0.144	1.163	0.127	0.146	0.7270000000000001	0.8210000000000001	0.393	0.142	1.871	0.764	0.652	1.192	1.057	0.647	0.136	0.133	0.2789999999999999	0.136	1.411	0.233	0.76	0.164	0.272	2.681	0.326	0.169	1.103	0.2249999999999999	3.028	0.262	0.83	0.208	3.004	1.195	0.7929999999999999	5.4510000000000005	1.118	0.215	0.35	1.397	1.838	0.213	0.198	0.168	0.199	0.146	0.54	0.155	0.352	0.344	0.157	0.916	1.49	0.187	2.163	0.404	1.416	0.231	0.1369999999999999	0.455	0.13	1.094	0.117	1.202	0.75	0.214	0.246	0.178	0.121	0.42	0.149	0.5660000000000001	0.624	1.746	0.716	0.184	0.5890000000000001	0.1949999999999999	0.143	1.646	0.219	0.3239999999999999	2.543	0.193
Collimonas fungivorans	0.1149999999999999	0.078	0.064	1.118	0.2299999999999999	0.1949999999999999	0.106	3.542	1.467	0.282	0.08	0.658	0.102	0.038	0.129	0.023	0.076	0.037	0.052	0.0699999999999999	0.08	0.187	0.129	5.077	4.175	1.093	0.08	1.105	0.063	0.032	0.156	0.211	0.337	0.047	0.097	0.1949999999999999	1.086	0.25	0.164	0.097	0.5499999999999999	0.232	0.068	0.086	0.061	0.136	0.344	0.1149999999999999	0.08	0.042	0.125	0.161	0.351	0.019	0.083	0.065	0.076	0.101	0.116	0.159	0.096	0.092	0.173	0.094	0.062	0.071	0.11	0.126	1.076	0.095	1.121	0.634	0.1399999999999999	0.0689999999999999	0.0569999999999999	0.121	1.087	0.082	0.2269999999999999	1.184	0.145	0.119	0.075	0.032	0.116	0.123	0.1389999999999999	0.644	0.086	0.041	0.122	0.1139999999999999	0.126	0.078	0.102	0.135	0.375	0.2769999999999999	0.15	1.143	0.102	1.004	0.135	0.062	0.074
Pseudomonas lini	1.5810000000000002	1.265	0.22	0.004	0.726	0.148	0.076	0.025	0.0069999999999999	0.004	0.655	0.068	2.0	0.505	1.743	0.289	0.259	0.183	1.917	2.466	0.382	0.008	0.4309999999999999	0.008	0.013	0.198	0.7000000000000001	0.152	0.0139999999999999	0.673	0.421	0.517	0.504	0.453	0.927	0.008	0.005	0.034	0.017	0.245	0.079	0.417	0.005	0.136	1.699	1.306	0.005	0.8710000000000001	0.191	0.8750000000000001	0.0559999999999999	0.481	0.049	0.603	3.237	1.861	1.598	0.853	0.386	1.6740000000000002	1.261	0.409	0.064	0.076	0.045	0.031	0.0139999999999999	0.098	0.015	0.35	0.055	0.012	2.114	0.482	0.006	0.6459999999999999	0.154	3.342	0.059	0.021	0.296	0.005	3.057	0.004	0.144	0.419	0.033	0.066	0.048	0.012	0.186	0.02	0.253	0.1119999999999999	0.408	0.606	0.008	0.05	0.308	0.011	1.718	0.031	0.145	0.622	0.043
Pseudomonas sp. URMO17WK12:I11	0.7979999999999999	0.803	0.305	0.011	0.1149999999999999	0.294	0.121	0.04	0.015	0.015	0.8059999999999999	0.096	0.7080000000000001	0.701	0.741	0.924	0.424	0.765	0.874	0.759	0.27	0.021	0.768	0.022	0.025	0.312	2.357	0.33	0.061	0.8670000000000001	3.288	0.365	0.812	0.666	0.272	0.021	0.017	0.061	0.033	1.078	0.167	0.261	0.012	0.354	1.883	0.146	0.015	0.378	0.072	0.654	0.091	1.83	0.109	1.295	0.89	0.902	0.445	1.033	0.117	0.203	3.288	3.454	0.093	0.095	0.0699999999999999	0.037	0.021	0.21	0.032	0.237	0.117	0.037	2.163	0.502	0.018	1.221	0.2769999999999999	0.849	0.163	0.033	1.813	0.011	0.618	0.0069999999999999	0.284	0.538	0.044	0.12	0.08	0.0139999999999999	0.516	0.034	0.359	0.328	1.051	0.346	0.021	0.068	0.073	0.023	2.086	0.049	0.249	1.382	0.075
Pseudomonas protegens	0.826	2.248	1.068	0.102	0.425	0.416	0.258	0.126	0.096	0.106	1.17	0.243	1.804	2.222	1.473	1.308	0.641	0.359	1.7319999999999998	1.08	0.529	0.074	0.8340000000000001	0.0809999999999999	0.153	0.93	0.947	0.387	0.111	1.997	0.601	0.765	1.111	1.0619999999999998	0.766	0.109	0.084	0.2269999999999999	0.089	1.151	0.18	1.075	0.1119999999999999	0.2299999999999999	2.464	0.527	0.109	0.934	0.231	1.602	0.25	0.878	0.169	2.414	1.372	1.2	0.331	1.108	0.215	0.562	1.362	0.8380000000000001	0.203	0.1619999999999999	0.148	0.158	0.109	0.41	0.122	0.477	0.256	0.1369999999999999	1.008	1.662	0.1	1.489	0.393	1.472	0.251	0.106	0.613	0.088	1.669	0.098	0.659	0.633	0.163	0.255	0.159	0.084	0.581	0.116	0.6	0.5519999999999999	1.884	0.734	0.132	0.283	0.216	0.109	2.019	0.19	0.329	3.0380000000000003	0.168
Bradyrhizobium japonicum	1.592	0.7889999999999999	1.017	3.083	0.986	2.408	1.955	2.276	2.611	3.013	2.011	2.787	0.927	0.4479999999999999	2.27	1.63	1.813	2.528	1.963	1.771	3.08	2.514	1.417	2.673	3.177	1.411	1.834	2.617	2.69	0.62	2.099	1.068	2.921	1.687	2.434	2.877	2.727	2.325	2.28	2.633	2.897	1.785	2.697	2.169	0.855	2.009	2.673	1.495	2.002	1.7579999999999998	1.451	1.718	2.527	0.412	1.699	1.672	1.698	1.931	1.733	1.4500000000000002	2.048	0.876	2.5170000000000003	2.28	2.883	1.633	2.343	2.484	3.184	2.176	2.4330000000000003	2.545	1.984	2.179	2.791	2.355	2.405	1.198	1.903	2.188	1.417	2.859	1.213	3.358	2.075	1.86	1.939	2.957	2.718	1.363	2.862	3.072	1.87	2.819	1.338	1.7049999999999998	2.35	2.011	2.164	2.382	1.991	2.207	2.438	0.779	1.775
Paraburkholderia aromaticivorans	0.06	0.1129999999999999	1.15	0.036	0.1619999999999999	0.513	2.141	2.979	0.411	0.032	0.074	1.884	0.172	0.013	0.872	0.15	1.102	0.351	0.42	0.208	0.213	0.243	0.25	1.086	1.274	1.017	0.4479999999999999	0.422	0.379	0.033	0.067	0.4309999999999999	0.163	0.931	0.3969999999999999	0.47	0.737	0.7060000000000001	1.725	0.304	0.36	0.157	0.03	0.148	0.034	0.033	0.038	0.1129999999999999	0.039	0.062	0.652	0.049	0.88	0.125	0.088	0.2299999999999999	0.06	0.059	0.125	0.041	0.439	0.236	0.507	0.033	0.358	0.027	1.229	0.0559999999999999	0.541	0.034	0.95	0.417	0.068	0.1139999999999999	0.047	1.347	1.315	0.066	0.575	1.885	0.032	0.299	0.335	0.092	0.233	0.119	0.046	0.926	0.857	3.2230000000000003	0.067	0.7020000000000001	1.11	0.1619999999999999	0.04	0.211	0.041	0.398	0.082	2.864	0.053	0.525	0.153	0.079	0.6910000000000001
Pseudomonas moraviensis	0.473	0.897	0.455	0.009	0.038	0.055	0.033	0.0849999999999999	0.009	0.01	1.399	0.31	1.936	4.041	0.536	1.994	0.091	0.0569999999999999	0.8959999999999999	0.2789999999999999	0.039	0.008	0.264	0.01	0.015	0.698	0.213	0.099	0.012	2.103	0.5579999999999999	0.422	0.77	0.2279999999999999	0.177	0.01	0.01	0.046	0.01	1.1809999999999998	0.032	1.34	0.008	0.058	1.1820000000000002	0.052	0.011	0.344	0.015	1.261	0.025	0.42	0.038	2.0340000000000003	0.7250000000000001	0.717	0.303	0.6779999999999999	0.022	0.051	0.65	0.541	0.02	0.017	0.0139999999999999	0.019	0.01	0.194	0.03	0.058	0.034	0.012	0.2749999999999999	0.4629999999999999	0.01	1.188	0.097	0.7060000000000001	0.077	0.013	0.2289999999999999	0.0069999999999999	0.457	0.0069999999999999	0.443	0.165	0.0139999999999999	0.079	0.058	0.011	0.084	0.012	0.088	0.307	1.5630000000000002	0.073	0.02	0.251	0.017	0.009	1.5699999999999998	0.036	0.076	1.633	0.032
Pseudomonas chlororaphis	0.772	1.977	1.416	0.094	0.5459999999999999	0.4519999999999999	0.261	0.179	0.088	0.082	1.08	0.8109999999999999	1.851	2.32	1.411	1.494	1.053	0.3419999999999999	1.549	1.164	0.457	0.108	0.853	0.086	0.1	0.962	0.695	0.504	0.109	1.927	0.641	0.818	1.126	1.401	0.855	0.09	0.086	0.217	0.1139999999999999	1.457	0.26	0.848	0.091	0.281	2.323	0.512	0.1119999999999999	0.919	0.152	1.652	0.21	0.788	0.194	2.386	1.897	1.1	0.536	1.009	0.248	0.601	1.237	1.284	0.215	0.142	0.159	0.1149999999999999	0.099	0.369	0.125	0.3969999999999999	0.322	0.102	0.937	1.117	0.122	1.6150000000000002	0.487	1.548	0.242	0.124	0.414	0.088	1.817	0.089	0.675	0.526	0.141	0.268	0.173	0.087	0.4599999999999999	0.132	0.666	0.428	1.439	0.697	0.1149999999999999	0.409	0.2	0.097	1.7579999999999998	0.178	0.304	1.988	0.152
Bradyrhizobium icense	1.521	0.64	0.6459999999999999	0.8880000000000001	0.375	0.675	0.65	0.529	0.716	0.922	1.722	0.8580000000000001	0.697	0.423	1.643	1.054	0.544	1.771	1.353	1.362	3.1910000000000003	0.782	0.76	0.698	0.6930000000000001	0.394	1.364	0.737	0.937	0.391	1.771	0.763	1.248	0.519	2.137	0.803	0.6799999999999999	0.6479999999999999	0.7040000000000001	1.024	0.799	1.619	0.8959999999999999	1.421	0.734	2.3120000000000003	0.8540000000000001	1.167	2.102	1.895	0.542	1.695	0.772	0.359	1.345	1.4460000000000002	1.082	1.587	1.4540000000000002	1.501	1.333	0.7799999999999999	1.151	1.933	1.372	1.609	0.906	2.127	0.7020000000000001	2.568	0.69	0.618	2.261	2.713	1.508	1.089	0.5559999999999999	0.767	0.524	0.534	1.5630000000000002	1.328	0.729	1.781	1.58	2.04	2.02	0.635	0.917	0.6799999999999999	1.488	0.951	0.8200000000000001	1.38	0.855	1.428	0.979	0.759	1.777	0.674	2.198	0.63	1.214	0.582	0.598
Tessaracoccus sp. T2.5-30	0.7779999999999999	0.25	0.486	1.911	0.163	1.271	1.712	1.125	2.062	1.906	0.211	1.04	0.218	0.306	0.2289999999999999	0.651	1.084	1.002	0.447	0.479	0.735	2.101	0.355	1.566	1.412	1.29	0.404	1.338	1.5630000000000002	0.179	0.749	0.244	0.486	1.443	0.7270000000000001	1.598	1.691	1.967	1.493	0.2779999999999999	1.65	0.446	2.179	0.904	0.409	1.131	1.844	0.4669999999999999	1.6070000000000002	0.371	1.51	0.4479999999999999	1.459	0.314	0.47	0.638	0.423	0.521	0.8869999999999999	0.8460000000000001	0.262	0.296	1.741	1.204	1.459	1.1780000000000002	1.34	0.624	1.584	1.335	1.164	1.736	0.7000000000000001	0.337	1.938	0.1709999999999999	1.15	0.4009999999999999	1.119	1.31	0.601	2.436	0.244	1.7420000000000002	0.899	1.155	1.36	1.112	1.227	0.649	1.345	1.5610000000000002	0.933	0.5479999999999999	0.253	0.758	1.906	1.102	0.913	1.622	0.429	1.656	0.784	0.2749999999999999	1.084
Paraburkholderia xenovorans	0.077	0.109	1.105	0.042	0.156	0.464	1.469	2.3	0.357	0.039	0.075	1.608	0.165	0.016	0.8130000000000001	0.146	0.8699999999999999	0.387	0.4009999999999999	0.197	0.204	0.208	0.25	0.843	1.149	0.907	0.424	0.369	0.365	0.032	0.0699999999999999	0.413	0.159	0.774	0.374	0.4539999999999999	0.641	0.5309999999999999	1.629	0.291	0.335	0.158	0.038	0.145	0.036	0.039	0.044	0.109	0.046	0.06	0.585	0.053	0.845	0.128	0.088	0.2289999999999999	0.06	0.059	0.119	0.046	0.421	0.254	0.485	0.038	0.334	0.031	1.072	0.0569999999999999	0.58	0.038	0.757	0.31	0.0699999999999999	0.108	0.055	1.294	1.114	0.065	0.562	1.6049999999999998	0.037	0.289	0.32	0.091	0.234	0.119	0.051	0.758	0.8109999999999999	2.773	0.065	0.616	0.898	0.18	0.039	0.1949999999999999	0.048	0.36	0.083	2.16	0.054	0.479	0.148	0.079	0.651
Massilia oculi	1.129	1.187	0.475	0.045	1.162	0.651	0.143	0.129	0.067	0.047	0.441	0.161	0.761	0.3	0.584	0.101	0.645	0.375	0.49	0.904	0.751	0.105	1.6049999999999998	0.0559999999999999	0.143	0.4009999999999999	0.8659999999999999	0.2299999999999999	0.109	0.199	1.343	1.554	0.657	0.176	0.8880000000000001	0.16	0.061	0.08	0.1369999999999999	0.711	0.177	1.053	0.047	1.244	0.511	0.894	0.049	1.486	0.2279999999999999	0.428	0.732	2.475	0.182	0.142	0.7000000000000001	0.769	0.688	1.365	0.908	0.852	0.425	0.4579999999999999	0.367	0.5720000000000001	0.524	0.4969999999999999	0.986	1.492	0.051	0.761	0.612	0.079	2.056	0.396	0.064	0.653	0.175	0.732	0.156	0.059	1.317	0.043	0.608	0.062	1.892	1.1780000000000002	0.196	0.681	0.369	0.232	0.327	0.127	0.754	0.492	0.498	1.458	0.0689999999999999	0.257	1.654	0.108	0.638	0.183	1.43	0.734	0.347
Streptomyces dengpaensis	0.233	0.196	0.117	0.1129999999999999	2.698	0.313	0.335	0.188	0.373	0.1389999999999999	0.608	0.628	0.283	0.16	0.134	0.675	0.501	1.771	0.449	0.415	0.1	0.4539999999999999	0.2	0.451	0.347	0.146	0.936	0.6930000000000001	1.587	0.084	0.421	0.635	1.048	0.438	0.354	0.836	0.83	0.385	0.2749999999999999	0.2759999999999999	0.647	0.799	0.125	1.824	0.22	0.265	0.153	0.479	0.043	0.1379999999999999	0.416	0.6839999999999999	0.939	0.033	0.281	0.843	0.481	0.329	1.821	1.372	0.083	0.053	0.505	0.174	0.814	0.094	0.249	0.6459999999999999	0.486	0.211	0.291	1.363	0.173	0.387	0.094	0.2759999999999999	0.375	0.373	2.553	0.5349999999999999	0.426	0.211	0.134	0.2299999999999999	0.263	0.269	0.076	0.524	0.985	0.313	0.394	0.569	0.911	0.329	0.202	0.371	0.123	1.6389999999999998	0.402	0.303	0.516	0.3	0.6459999999999999	0.291	1.53
Caulobacter sp. K31	0.747	0.034	0.329	0.065	0.126	0.058	0.0559999999999999	0.064	0.059	0.055	2.2960000000000003	0.046	0.311	0.291	0.051	0.373	0.041	0.034	0.104	0.1	0.141	0.047	0.097	0.053	0.055	0.031	0.271	0.05	0.05	0.4479999999999999	0.396	2.069	0.083	0.034	0.175	0.043	0.077	0.052	0.038	0.8959999999999999	0.051	0.116	0.053	0.067	0.626	0.396	0.068	0.418	0.093	0.815	0.068	0.181	0.047	0.044	0.2739999999999999	0.232	0.597	0.657	0.163	0.205	0.991	1.753	0.06	0.208	0.047	0.694	0.048	1.521	0.08	0.1	0.0559999999999999	0.054	0.117	1.6310000000000002	0.079	0.509	0.0809999999999999	0.193	0.05	0.049	0.565	0.058	0.201	0.09	0.096	0.16	0.15	0.039	0.065	0.039	0.061	0.054	0.05	1.6389999999999998	1.006	0.084	0.096	0.031	0.218	0.059	0.173	0.0699999999999999	0.143	0.357	0.053
Homo sapiens	0.459	0.436	0.2729999999999999	0.7100000000000001	0.148	1.015	1.209	1.829	1.394	0.885	0.172	1.097	0.544	0.189	0.4479999999999999	0.2759999999999999	0.6459999999999999	0.461	0.419	0.1699999999999999	0.345	1.026	0.368	0.876	1.187	1.044	0.265	0.594	0.745	0.175	0.329	0.241	0.538	1.037	0.3399999999999999	1.347	1.62	1.127	0.8880000000000001	0.221	1.046	0.321	0.721	0.8699999999999999	0.335	0.429	0.649	0.269	0.633	0.219	0.788	0.289	1.217	0.208	0.19	0.53	0.2269999999999999	0.242	0.413	0.588	0.312	0.103	0.8059999999999999	0.748	0.5539999999999999	0.421	0.659	0.318	1.429	0.5660000000000001	1.045	1.4449999999999998	0.284	0.255	0.8009999999999999	0.213	1.098	0.301	0.948	0.914	0.407	2.032	0.473	0.8019999999999999	0.449	0.451	0.498	0.619	0.59	0.383	0.6709999999999999	0.605	0.629	0.423	0.178	0.318	0.74	2.263	0.318	0.943	0.287	0.761	0.7929999999999999	0.304	1.221
Pseudomonas reinekei	0.373	1.6129999999999998	0.348	0.005	0.119	0.102	0.084	0.024	0.0069999999999999	0.006	0.52	0.0809999999999999	0.75	0.694	0.32	0.582	0.387	0.1	0.6799999999999999	0.442	0.1	0.0069999999999999	0.464	0.01	0.013	0.234	0.325	0.157	0.017	0.955	0.268	0.189	0.2749999999999999	0.524	0.37	0.008	0.006	0.09	0.012	0.6	0.047	0.213	0.005	0.065	2.237	0.065	0.0069999999999999	0.734	0.0349999999999999	1.065	0.0559999999999999	0.562	0.0349999999999999	1.85	0.395	0.318	0.384	0.5369999999999999	0.05	0.098	0.792	0.561	0.04	0.04	0.022	0.025	0.012	0.223	0.013	0.128	0.141	0.032	0.6799999999999999	0.981	0.008	0.751	0.099	0.468	0.05	0.02	0.161	0.005	0.472	0.0069999999999999	0.461	0.387	0.024	0.066	0.031	0.009	0.094	0.025	0.202	0.441	1.104	0.362	0.01	0.067	0.03	0.0139999999999999	1.055	0.0279999999999999	0.11	1.7340000000000002	0.043
Pantoea agglomerans	0.065	0.004	0.5539999999999999	0.005	0.002	0.003	0.005	0.002	0.003	0.004	0.0069999999999999	0.002	0.344	0.075	0.004	0.012	0.003	0.003	0.009	0.0349999999999999	0.004	0.003	0.006	0.003	0.003	0.002	0.027	0.003	0.004	0.039	0.033	0.004	0.003	0.002	0.0069999999999999	0.003	0.003	0.004	0.004	0.013	0.003	0.01	0.004	0.003	0.012	0.003	0.004	0.01	0.004	0.006	0.004	0.322	0.004	0.355	0.024	0.006	0.541	0.1139999999999999	0.003	0.003	0.032	0.009	0.004	0.003	0.003	0.006	0.003	0.017	0.003	0.004	0.003	0.003	0.02	0.005	0.004	0.428	0.002	0.1	0.002	0.003	0.003	0.004	3.811	0.006	0.21	0.013	0.005	0.003	0.003	0.002	0.003	0.003	0.002	0.022	0.0279999999999999	0.006	0.005	0.003	0.003	0.003	0.016	0.003	0.003	0.0689999999999999	0.003
Bradyrhizobium diazoefficiens	0.603	0.575	0.474	1.394	1.662	1.17	0.947	1.183	1.394	1.426	0.932	1.205	0.484	0.179	1.328	0.932	0.944	0.752	1.185	0.955	1.34	1.294	0.658	1.49	1.583	0.729	1.227	1.436	1.188	0.3399999999999999	1.0710000000000002	0.641	0.99	0.86	1.201	1.414	1.311	1.219	1.092	1.577	1.498	0.717	1.285	0.694	0.3409999999999999	0.771	1.279	1.173	0.764	1.025	0.651	0.642	1.24	0.1709999999999999	0.877	0.745	2.084	1.26	0.937	0.741	1.048	0.42	0.905	0.953	1.088	0.726	0.839	1.526	1.664	0.8580000000000001	1.272	1.4489999999999998	0.91	1.143	1.175	1.325	1.291	0.62	0.96	1.167	0.525	1.137	0.5349999999999999	2.008	1.002	0.695	0.8	1.624	1.1860000000000002	0.4989999999999999	1.122	1.6049999999999998	0.72	1.382	0.939	0.907	1.004	0.762	1.065	1.202	0.733	1.106	0.631	0.286	0.643
Massilia sp. NR 4-1	0.592	0.299	0.3419999999999999	0.034	1.84	0.176	0.053	0.053	0.043	0.034	0.551	0.058	0.641	0.201	1.27	0.044	0.177	0.105	0.294	0.328	0.348	0.044	0.5760000000000001	0.039	0.06	0.1949999999999999	0.357	0.077	0.04	0.163	0.358	2.243	0.4	0.0559999999999999	0.48	0.055	0.05	0.037	0.047	0.58	0.067	0.4579999999999999	0.029	0.332	0.187	0.83	0.038	0.597	0.131	0.1379999999999999	0.209	0.8840000000000001	0.073	0.055	0.632	0.248	0.37	0.621	0.8250000000000001	0.654	0.692	0.607	0.11	0.326	0.153	0.231	0.268	0.7060000000000001	0.034	0.51	0.174	0.039	0.757	0.37	0.04	0.601	0.066	0.5740000000000001	0.054	0.033	0.93	0.031	0.649	0.0349999999999999	0.4669999999999999	0.717	0.133	0.194	0.111	0.068	0.151	0.046	0.213	0.384	0.698	0.54	0.051	0.078	0.961	0.046	0.662	0.065	0.396	0.266	0.1
Sphingobium sp. YG1	0.074	0.0069999999999999	0.01	0.018	0.016	0.016	0.013	0.012	0.013	0.019	0.073	0.012	0.061	0.701	0.037	0.048	0.01	0.009	0.019	0.025	0.034	0.012	0.04	0.013	0.0139999999999999	0.009	0.052	0.018	0.013	0.03	0.188	0.04	0.076	0.008	0.02	0.012	0.016	0.012	0.009	0.025	0.015	0.026	0.017	0.04	0.172	0.062	0.023	0.044	0.03	0.2289999999999999	0.019	0.02	0.013	0.03	0.022	0.009	1.988	0.0569999999999999	0.025	0.025	0.15	0.038	0.017	0.166	0.011	2.639	0.011	0.042	0.015	0.019	0.0139999999999999	0.012	0.075	0.145	0.021	0.294	0.012	0.063	0.012	0.011	1.764	0.016	0.096	0.017	0.018	0.015	0.062	0.01	0.017	0.009	0.049	0.013	0.013	0.2789999999999999	0.267	0.024	0.023	0.012	0.037	0.013	0.089	0.0139999999999999	0.104	0.289	0.017
Stenotrophomonas rhizophila	0.04	0.012	0.0809999999999999	0.0279999999999999	0.016	0.032	0.024	0.017	0.029	0.023	1.409	0.0139999999999999	0.068	0.603	0.02	0.1139999999999999	0.017	0.018	0.0699999999999999	0.016	0.025	0.023	0.026	0.024	0.024	0.019	0.0139999999999999	0.026	0.02	0.015	0.25	0.022	0.043	0.017	0.018	0.025	0.021	0.021	0.019	0.04	0.021	0.039	0.027	0.031	0.032	0.045	0.041	0.1	0.049	0.037	0.031	0.025	0.02	0.242	0.192	0.016	0.941	0.295	0.029	0.086	0.05	0.024	0.032	0.078	0.02	1.341	0.021	0.027	0.025	0.041	0.02	0.023	0.024	1.6789999999999998	0.033	0.134	0.016	0.045	0.025	0.017	0.688	0.022	2.51	0.027	0.0689999999999999	0.031	0.067	0.018	0.026	0.017	0.065	0.017	0.018	0.538	0.43	0.024	0.034	0.016	0.039	0.019	0.021	0.022	0.133	0.268	0.0279999999999999
Streptomyces avermitilis	0.173	0.142	0.092	0.111	1.706	0.264	0.254	0.166	0.297	0.126	0.489	0.483	0.211	0.116	0.104	0.5559999999999999	0.357	1.29	0.337	0.295	0.074	0.346	0.15	0.393	0.288	0.123	0.722	0.5700000000000001	1.042	0.063	0.352	0.444	0.7779999999999999	0.318	0.285	0.645	0.641	0.312	0.221	0.202	0.508	0.59	0.106	1.321	0.1619999999999999	0.168	0.151	0.4499999999999999	0.04	0.116	0.304	0.506	0.745	0.027	0.206	0.585	0.518	0.25	1.171	0.735	0.062	0.04	0.359	0.141	0.5950000000000001	0.076	0.188	0.492	0.4	0.147	0.241	0.995	0.136	0.27	0.087	0.211	0.3229999999999999	0.2729999999999999	1.871	0.422	0.307	0.182	0.089	0.19	0.196	0.181	0.059	0.4539999999999999	0.763	0.2289999999999999	0.255	0.4629999999999999	0.7000000000000001	0.266	0.16	0.2279999999999999	0.13	1.311	0.313	0.252	0.386	0.238	0.523	0.206	1.285
Pseudomonas sp. LAB-08	0.372	1.433	0.309	0.006	0.181	0.192	0.134	0.029	0.01	0.006	0.4049999999999999	0.074	0.677	0.511	0.579	0.415	0.581	0.1399999999999999	0.615	0.525	0.174	0.01	0.327	0.0139999999999999	0.02	0.289	0.36	0.236	0.024	0.719	0.241	0.263	0.377	0.791	0.308	0.01	0.008	0.118	0.023	0.461	0.089	0.163	0.006	0.103	1.389	0.107	0.009	0.597	0.0349999999999999	0.831	0.0849999999999999	0.32	0.06	1.506	0.5479999999999999	0.336	0.334	0.473	0.06	0.143	0.707	0.489	0.068	0.039	0.038	0.025	0.019	0.205	0.017	0.158	0.186	0.044	0.477	0.792	0.01	0.634	0.188	0.473	0.0699999999999999	0.03	0.146	0.006	0.5910000000000001	0.0069999999999999	0.453	0.379	0.023	0.1	0.047	0.013	0.134	0.038	0.337	0.238	0.614	0.396	0.011	0.059	0.048	0.021	0.791	0.041	0.142	1.2970000000000002	0.073
Delftia acidovorans	0.703	0.306	0.1619999999999999	0.874	0.604	0.598	0.524	0.282	0.5890000000000001	0.886	0.446	0.346	0.282	0.179	0.322	0.354	0.418	0.406	0.289	0.288	0.729	0.594	0.393	0.483	0.368	0.328	0.259	0.484	0.457	0.1699999999999999	0.5559999999999999	0.571	0.442	0.332	0.581	0.559	0.643	0.528	0.293	0.29	0.5680000000000001	0.3889999999999999	0.882	0.5930000000000001	0.2789999999999999	1.0659999999999998	1.034	0.8330000000000001	1.785	0.317	0.869	0.636	0.485	0.136	0.322	0.3419999999999999	0.481	0.5479999999999999	0.7889999999999999	0.909	0.26	0.27	0.64	1.352	0.525	1.329	0.3989999999999999	0.743	0.622	1.119	0.4329999999999999	0.604	0.641	0.501	1.214	0.237	0.334	0.29	0.464	0.359	0.996	0.6930000000000001	0.222	0.72	0.532	0.629	1.943	0.404	0.496	0.2759999999999999	0.953	0.396	0.509	0.5950000000000001	0.344	0.8880000000000001	1.2919999999999998	0.359	0.965	0.446	0.37	0.472	0.772	0.349	0.511
Massilia violaceinigra	0.716	0.521	0.283	0.044	1.051	0.302	0.082	0.079	0.055	0.045	0.373	0.095	0.549	0.212	0.562	0.065	0.3229999999999999	0.182	0.25	0.449	0.396	0.066	0.763	0.052	0.088	0.2299999999999999	0.44	0.129	0.067	0.133	0.611	1.41	0.4329999999999999	0.09	0.506	0.086	0.058	0.055	0.0849999999999999	0.528	0.106	0.555	0.04	0.615	0.231	1.029	0.048	0.886	0.232	0.1949999999999999	0.369	1.291	0.107	0.065	0.485	0.353	0.473	0.6819999999999999	0.728	1.137	0.4539999999999999	0.5	0.19	0.59	0.292	0.455	0.516	0.8540000000000001	0.045	0.58	0.31	0.0559999999999999	1.169	0.32	0.0569999999999999	0.523	0.096	0.437	0.09	0.046	0.947	0.041	0.449	0.06	0.8099999999999999	0.673	0.2	0.355	0.187	0.12	0.269	0.0689999999999999	0.382	0.325	0.496	0.8699999999999999	0.0689999999999999	0.145	1.048	0.067	0.466	0.102	0.859	0.372	0.181
Janthinobacterium agaricidamnosum	0.5539999999999999	0.3409999999999999	0.359	0.064	1.568	0.1949999999999999	0.074	0.083	0.071	0.059	0.446	0.078	0.741	0.294	1.061	0.0559999999999999	0.189	0.121	0.24	0.325	0.288	0.065	0.567	0.077	0.099	0.246	0.337	0.1	0.062	0.283	0.368	1.582	0.688	0.078	0.5	0.082	0.083	0.065	0.068	0.668	0.092	0.411	0.058	0.349	0.213	0.7020000000000001	0.067	0.639	0.18	0.161	0.234	0.827	0.098	0.059	0.524	0.249	0.438	0.54	0.6	0.6479999999999999	0.747	0.7020000000000001	0.133	0.383	0.174	0.264	0.281	0.651	0.062	0.4579999999999999	0.1949999999999999	0.066	0.696	0.369	0.072	0.635	0.095	0.476	0.088	0.059	1.25	0.055	0.516	0.0569999999999999	0.49	0.608	0.18	0.207	0.13	0.088	0.211	0.065	0.231	0.473	0.7929999999999999	0.583	0.0849999999999999	0.103	0.804	0.0699999999999999	0.5599999999999999	0.095	0.4519999999999999	0.268	0.122
Bradyrhizobium lablabi	0.4479999999999999	0.19	0.241	1.234	0.117	1.006	0.772	0.8370000000000001	1.069	1.304	0.451	0.709	0.206	0.129	0.498	0.352	0.843	0.8670000000000001	0.422	0.432	0.928	1.122	0.254	1.136	0.93	0.553	0.402	0.967	0.966	0.136	0.524	0.221	0.527	0.696	0.639	0.966	0.835	1.01	0.88	0.424	0.904	0.4309999999999999	1.31	0.744	0.2289999999999999	0.672	1.234	0.368	0.67	0.462	0.551	0.434	0.894	0.119	0.366	0.423	0.336	0.446	0.5519999999999999	0.464	0.434	0.233	0.934	0.636	1.101	0.536	0.8789999999999999	0.61	0.976	0.6930000000000001	1.106	1.055	0.5950000000000001	0.63	1.138	0.4519999999999999	0.7000000000000001	0.238	0.657	0.701	0.428	0.951	0.4	1.052	0.483	0.609	0.632	0.795	0.742	0.594	1.15	1.111	0.632	0.557	0.242	0.498	0.894	0.49	0.543	0.961	0.49	0.849	0.5519999999999999	0.196	0.524
Variovorax paradoxus	0.8290000000000001	0.1369999999999999	0.221	0.366	0.335	0.406	0.2789999999999999	0.404	0.293	0.306	1.4	0.419	0.2269999999999999	0.742	0.152	0.994	0.183	0.174	0.192	0.194	0.377	0.243	0.455	0.37	0.293	0.2249999999999999	0.16	0.4559999999999999	0.232	0.363	0.519	0.286	0.4649999999999999	0.196	0.404	0.251	0.54	0.208	0.153	0.231	0.5579999999999999	0.254	0.352	0.217	1.008	1.0	0.569	0.346	0.679	0.236	0.404	0.191	0.394	0.116	0.332	0.196	0.309	0.512	0.3899999999999999	0.366	0.129	0.1949999999999999	0.455	0.828	0.367	0.675	0.193	0.5	0.48	0.613	0.286	0.308	0.178	0.502	0.474	0.251	0.36	0.258	0.347	0.296	0.659	0.281	0.095	0.368	0.167	0.193	1.406	0.233	0.555	0.127	0.5890000000000001	0.248	0.345	0.4579999999999999	0.66	0.457	1.084	0.8009999999999999	0.735	0.35	0.192	0.356	1.802	0.486	1.149
Pseudomonas sp. NC02	0.046	0.111	0.232	0.004	0.017	0.025	0.013	0.01	0.005	0.006	0.072	0.026	0.166	1.084	0.097	0.364	0.034	0.017	0.095	0.098	0.016	0.004	1.751	0.009	0.0069999999999999	0.048	0.044	0.024	0.005	0.194	0.061	0.102	0.058	0.0569999999999999	0.033	0.025	0.01	0.01	0.005	1.361	0.012	0.072	0.005	0.016	0.129	0.019	0.005	0.0559999999999999	0.0069999999999999	0.4499999999999999	0.011	0.049	0.009	0.694	0.102	0.11	0.316	0.2289999999999999	0.009	0.018	0.1369999999999999	0.125	0.01	0.0069999999999999	0.006	0.01	0.005	0.029	0.008	0.017	0.012	0.0069999999999999	0.047	0.065	0.005	0.088	0.022	1.564	0.015	0.006	0.039	0.004	0.068	0.004	0.041	0.032	0.0069999999999999	0.013	0.009	0.004	0.123	0.006	0.029	0.294	0.249	0.032	0.0069999999999999	0.037	0.008	0.005	0.157	0.012	0.019	0.65	0.009
Pseudomonas silesiensis	0.367	1.2	0.305	0.0069999999999999	0.116	0.183	0.102	0.027	0.01	0.0069999999999999	0.421	0.064	0.656	0.451	0.615	0.321	0.358	0.172	0.481	0.617	0.262	0.012	0.299	0.012	0.02	0.2279999999999999	0.336	0.198	0.02	0.567	0.219	0.366	0.4029999999999999	0.596	0.251	0.011	0.008	0.048	0.026	0.363	0.095	0.168	0.006	0.122	1.068	0.159	0.009	0.532	0.068	1.022	0.074	0.4349999999999999	0.055	1.104	0.721	0.373	0.322	0.49	0.0689999999999999	0.205	0.711	0.4499999999999999	0.077	0.045	0.045	0.025	0.019	0.175	0.019	0.214	0.086	0.018	0.485	1.012	0.011	0.487	0.19	0.526	0.071	0.031	0.136	0.0069999999999999	0.567	0.006	0.415	0.3399999999999999	0.025	0.0849999999999999	0.053	0.016	0.1389999999999999	0.029	0.291	0.173	0.4539999999999999	0.325	0.012	0.065	0.071	0.017	0.6459999999999999	0.044	0.144	1.16	0.059
Sphingobium yanoikuyae	0.125	0.02	0.04	0.05	0.039	0.043	0.034	0.031	0.036	0.049	0.119	0.027	0.0569999999999999	0.142	0.053	0.09	0.027	0.025	0.037	0.054	0.096	0.036	0.048	0.033	0.036	0.025	0.061	0.044	0.0349999999999999	0.033	0.083	0.094	0.0559999999999999	0.024	0.047	0.0349999999999999	0.04	0.034	0.027	0.054	0.0349999999999999	0.048	0.045	0.039	0.13	0.147	0.053	0.071	0.087	0.223	0.04	0.046	0.033	0.019	0.034	0.0279999999999999	1.729	0.111	0.058	0.095	0.141	0.06	0.047	0.132	0.031	2.024	0.031	0.099	0.042	0.048	0.039	0.033	0.086	0.416	0.0559999999999999	0.175	0.031	0.046	0.031	0.031	1.383	0.043	0.039	0.048	0.05	0.043	0.108	0.0279999999999999	0.04	0.023	0.051	0.036	0.031	0.2269999999999999	0.186	0.054	0.0559999999999999	0.026	0.201	0.036	0.079	0.038	0.059	0.174	0.032
Pseudomonas sp. S09G 359	0.048	0.0809999999999999	1.656	0.005	0.013	0.0139999999999999	0.009	0.009	0.0069999999999999	0.004	0.1129999999999999	0.025	0.118	0.307	0.051	0.097	0.02	0.013	0.068	0.066	0.015	0.004	2.353	0.004	0.012	0.033	0.037	0.0139999999999999	0.004	0.166	0.1379999999999999	0.073	0.048	0.033	0.03	0.005	0.006	0.008	0.004	0.076	0.008	0.099	0.005	0.012	0.132	0.0139999999999999	0.005	0.046	0.006	0.133	0.009	0.047	0.008	0.41	0.091	0.042	0.042	0.062	0.0069999999999999	0.0139999999999999	0.076	0.095	0.0069999999999999	0.0069999999999999	0.005	0.012	0.004	0.047	0.005	0.0139999999999999	0.009	0.004	0.039	0.052	0.005	0.4049999999999999	0.017	0.134	0.011	0.005	0.2269999999999999	0.004	0.0559999999999999	0.005	0.043	0.029	0.006	0.009	0.0069999999999999	0.004	0.054	0.005	0.019	0.029	0.417	0.026	0.006	0.027	0.0069999999999999	0.004	0.119	0.009	0.017	0.145	0.0069999999999999
Acinetobacter calcoaceticus	0.026	0.0	0.0	0.0	0.0	0.0	0.0	0.0	0.0	0.0	0.001	0.0	0.0	0.469	0.852	0.0	0.0	0.0	0.077	0.0	0.0	0.0	0.107	0.0	0.0	0.0	0.0	0.0	0.0	0.049	0.001	0.001	0.0	0.0	0.011	0.0	0.0	0.0	0.0	0.037	0.0	0.0	0.0	0.0	0.002	0.0	0.0	0.027	0.002	0.521	0.0	0.0	0.0	0.0	0.0	0.0	0.29	0.0	0.0	0.048	0.0	0.0	0.0	0.15	0.0	2.235	0.0	0.0	0.0	0.027	0.0	0.0	0.0	0.249	0.0	0.0	0.0	1.478	0.0	0.0	0.42	0.0	0.0	0.0	0.0	0.001	0.018	0.0	0.0	0.0	0.001	0.0	0.0	0.006	0.017	0.0	0.0	0.0	0.002	0.0	0.001	0.0	0.0	0.176	0.0
Catenulispora acidiphila	0.04	0.019	0.029	0.942	0.024	0.491	0.385	0.285	0.5309999999999999	0.5349999999999999	0.021	0.159	0.015	0.0139999999999999	0.023	0.034	0.4599999999999999	0.095	0.0279999999999999	0.027	0.037	0.672	0.02	1.424	1.102	0.249	0.038	0.779	0.321	0.01	0.042	0.023	0.369	0.161	0.04	0.381	0.37	0.4649999999999999	0.359	0.018	0.3969999999999999	0.0279999999999999	0.308	0.151	0.021	0.058	0.881	0.026	0.068	0.068	0.308	0.0349999999999999	0.481	0.016	0.025	0.037	0.024	0.0279999999999999	0.093	0.061	0.029	0.016	0.283	0.0559999999999999	0.5780000000000001	0.053	0.337	0.036	0.814	0.061	0.585	0.6709999999999999	0.039	0.026	0.15	0.0139999999999999	0.516	0.023	0.268	0.724	0.034	0.234	0.016	0.098	0.047	0.0569999999999999	0.061	0.657	0.26	0.143	0.181	0.4539999999999999	0.202	0.031	0.015	0.061	0.186	0.157	0.053	0.476	0.024	0.8420000000000001	0.1139999999999999	0.017	0.1119999999999999
Lelliottia jeotgali	0.002	0.001	0.027	0.002	0.001	0.001	0.002	0.001	0.002	0.002	0.002	0.001	0.001	0.002	0.001	0.006	0.001	0.001	0.026	0.001	0.002	0.002	0.001	0.001	0.001	0.001	0.001	0.001	0.001	0.166	0.001	0.001	0.001	0.001	0.001	0.002	0.002	0.002	0.001	0.001	0.002	0.002	0.002	0.002	0.001	0.002	0.002	0.002	0.002	0.001	0.002	0.002	0.001	0.016	0.001	0.001	0.005	0.002	0.001	0.002	2.835	0.001	0.002	0.002	0.002	0.004	0.002	0.001	0.002	0.002	0.001	0.002	0.001	0.006	0.002	0.001	0.001	0.002	0.001	0.001	0.002	0.002	0.009	0.002	0.002	0.002	0.002	0.001	0.002	0.001	0.002	0.002	0.001	0.003	0.001	0.001	0.002	0.001	0.001	0.002	0.001	0.002	0.001	0.001	0.001
Paraburkholderia terricola	0.04	0.059	0.626	0.032	0.094	0.301	0.444	1.057	0.244	0.027	0.038	0.8109999999999999	0.076	0.0139999999999999	0.337	0.063	0.413	0.264	0.186	0.097	0.146	0.134	0.167	0.302	0.779	0.5740000000000001	0.2259999999999999	0.222	0.241	0.025	0.054	0.143	0.147	0.468	0.19	0.3239999999999999	0.384	0.2239999999999999	1.038	0.155	0.24	0.084	0.0279999999999999	0.11	0.026	0.033	0.036	0.065	0.038	0.034	0.411	0.041	0.516	0.095	0.045	0.175	0.192	0.048	0.087	0.037	0.1709999999999999	0.166	0.317	0.031	0.2749999999999999	0.026	0.731	0.049	0.384	0.034	0.3899999999999999	0.121	0.049	0.051	0.043	0.622	0.641	0.049	0.362	1.036	0.032	0.199	0.131	0.075	0.168	0.084	0.045	0.426	0.4349999999999999	1.513	0.0569999999999999	0.4309999999999999	0.4599999999999999	0.088	0.033	0.241	0.039	0.25	0.0569999999999999	0.709	0.03	0.427	0.118	0.061	0.484
Pseudomonas mandelii	0.3889999999999999	0.8750000000000001	0.283	0.008	0.147	0.386	0.146	0.047	0.0139999999999999	0.008	0.432	0.097	0.7000000000000001	0.681	0.877	0.422	0.3989999999999999	0.244	0.529	0.737	0.363	0.0139999999999999	0.262	0.0139999999999999	0.026	0.384	0.378	0.231	0.025	0.654	0.3229999999999999	0.493	0.58	0.703	0.265	0.012	0.009	0.053	0.047	0.357	0.147	0.256	0.0069999999999999	0.169	0.827	0.2269999999999999	0.01	0.409	0.037	0.583	0.084	0.473	0.1139999999999999	0.865	1.045	0.495	0.3239999999999999	0.4349999999999999	0.087	0.298	0.779	0.425	0.095	0.044	0.0569999999999999	0.023	0.0279999999999999	0.1149999999999999	0.023	0.249	0.1149999999999999	0.019	0.539	0.4599999999999999	0.009	0.503	0.4479999999999999	0.683	0.1	0.039	0.191	0.0069999999999999	0.696	0.006	0.214	0.255	0.025	0.144	0.0699999999999999	0.017	0.187	0.036	0.501	0.149	0.516	0.304	0.012	0.073	0.094	0.026	0.7799999999999999	0.051	0.1699999999999999	0.8619999999999999	0.064
Archangium gephyra	0.126	0.017	0.029	0.063	0.01	0.04	0.053	0.031	0.048	0.065	0.019	0.038	0.018	0.019	0.025	0.15	0.036	0.058	0.031	0.059	0.073	0.052	0.136	0.036	0.031	0.0279999999999999	0.042	0.0349999999999999	0.05	0.0139999999999999	0.19	0.027	0.034	0.037	0.06	0.052	0.045	0.052	0.047	0.051	0.047	0.04	0.0699999999999999	0.077	0.025	0.2299999999999999	0.068	0.053	0.851	0.025	0.064	0.053	0.046	0.027	0.03	0.125	0.064	0.059	0.293	0.893	0.032	0.0139999999999999	0.086	2.4410000000000003	0.0699999999999999	0.255	0.093	0.13	0.043	0.374	0.037	0.046	0.0809999999999999	0.042	0.11	0.016	0.029	0.049	0.041	0.036	0.132	0.08	0.02	0.218	0.172	0.144	0.52	0.033	0.0569999999999999	0.048	0.078	0.042	0.066	0.049	0.052	0.102	0.099	0.073	0.191	0.044	0.03	0.045	0.29	0.027	0.044
Pseudomonas yamanorum	0.052	0.119	1.046	0.005	0.016	0.021	0.012	0.01	0.008	0.005	0.087	0.026	0.175	0.942	0.106	0.36	0.034	0.02	0.093	0.106	0.021	0.006	1.602	0.0069999999999999	0.0069999999999999	0.048	0.049	0.025	0.006	0.214	0.064	0.075	0.059	0.058	0.0349999999999999	0.0069999999999999	0.006	0.011	0.006	0.177	0.011	0.082	0.005	0.018	0.146	0.019	0.006	0.059	0.0069999999999999	0.4349999999999999	0.011	0.054	0.01	0.6689999999999999	0.1149999999999999	0.917	0.075	0.079	0.01	0.021	0.143	0.151	0.011	0.0069999999999999	0.0069999999999999	0.01	0.005	0.032	0.0069999999999999	0.019	0.016	0.009	0.053	0.072	0.006	0.1	0.024	1.244	0.013	0.006	0.041	0.005	0.075	0.004	0.048	0.036	0.006	0.013	0.011	0.005	0.03	0.005	0.029	0.054	0.257	0.033	0.008	0.042	0.009	0.006	0.165	0.018	0.017	0.396	0.009
Candidatus Solibacter usitatus	0.126	0.021	0.052	0.386	0.011	0.5680000000000001	0.488	0.586	0.523	0.317	0.02	0.236	0.027	0.017	0.047	0.037	0.712	0.148	0.044	0.076	0.302	0.7230000000000001	0.041	0.657	0.4479999999999999	0.266	0.054	0.369	0.5720000000000001	0.031	0.047	0.032	0.091	0.337	0.102	0.66	0.48	1.214	0.709	0.021	0.5329999999999999	0.0559999999999999	0.335	0.327	0.034	0.251	0.409	0.038	0.203	0.024	0.462	0.075	0.396	0.033	0.0569999999999999	0.066	0.031	0.043	0.129	0.208	0.026	0.013	0.437	0.134	0.328	0.174	0.557	0.065	0.477	0.117	1.12	0.487	0.095	0.026	0.346	0.015	0.387	0.045	0.4309999999999999	0.47	0.1139999999999999	0.146	0.024	0.12	0.0569999999999999	0.124	0.281	0.498	0.198	0.517	0.387	0.692	0.364	0.031	0.024	0.2239999999999999	0.348	0.127	0.152	0.762	0.047	0.901	0.132	0.033	0.258
Pseudomonas kribbensis	0.191	0.422	0.281	0.005	0.033	0.049	0.026	0.072	0.005	0.006	0.506	0.2749999999999999	0.726	1.433	0.256	0.746	0.084	0.04	0.418	0.173	0.033	0.005	0.136	0.0069999999999999	0.01	0.406	0.117	0.075	0.0069999999999999	0.826	0.202	0.168	0.299	0.196	0.208	0.006	0.006	0.044	0.0069999999999999	0.494	0.024	0.459	0.004	0.034	0.534	0.034	0.006	0.161	0.009	0.5309999999999999	0.017	0.205	0.076	0.947	0.335	0.296	0.136	0.326	0.016	0.041	0.318	0.298	0.015	0.01	0.01	0.009	0.006	0.098	0.025	0.036	0.032	0.009	0.144	0.309	0.006	0.488	0.09	0.4009999999999999	0.2729999999999999	0.009	0.1	0.004	0.311	0.004	0.18	0.088	0.008	0.0699999999999999	0.027	0.009	0.045	0.009	0.072	0.133	0.76	0.071	0.01	0.111	0.012	0.006	0.732	0.027	0.046	0.687	0.018
Burkholderia insecticola	0.096	0.118	0.19	0.055	0.473	0.2749999999999999	0.543	0.6819999999999999	0.261	0.043	0.064	0.64	0.194	0.022	0.13	0.207	0.496	0.172	0.373	0.189	0.5700000000000001	0.19	0.103	0.22	0.567	0.6629999999999999	0.471	0.368	0.421	0.098	0.102	0.12	0.05	0.569	0.477	0.179	0.204	0.172	1.107	0.524	0.429	0.0689999999999999	0.048	0.083	0.079	0.047	0.068	0.256	0.067	0.103	0.488	0.074	0.301	0.0699999999999999	0.072	0.281	0.0809999999999999	0.126	0.184	0.058	0.12	0.189	0.312	0.063	0.352	0.0559999999999999	1.108	0.124	0.322	0.084	0.668	0.101	0.163	0.101	0.063	0.124	0.63	0.108	0.21	0.651	0.053	0.065	0.099	0.051	0.263	0.128	0.094	0.393	0.513	0.334	0.15	1.278	0.361	0.164	0.058	0.288	0.059	0.133	0.12	0.388	0.053	0.964	0.147	0.097	0.33
Paraburkholderia caffeinilytica	0.032	0.043	0.508	0.027	0.0689999999999999	0.241	0.3989999999999999	0.826	0.173	0.023	0.033	0.729	0.063	0.01	0.361	0.053	0.32	0.196	0.1399999999999999	0.078	0.105	0.098	0.129	0.247	0.5890000000000001	0.4309999999999999	0.176	0.18	0.193	0.017	0.038	0.1389999999999999	0.101	0.346	0.13	0.255	0.3	0.183	0.882	0.119	0.181	0.073	0.022	0.0809999999999999	0.02	0.026	0.0279999999999999	0.051	0.0279999999999999	0.0279999999999999	0.3429999999999999	0.031	0.383	0.066	0.039	0.12	0.029	0.034	0.064	0.027	0.155	0.243	0.253	0.024	0.21	0.02	0.5660000000000001	0.032	0.313	0.025	0.296	0.095	0.036	0.043	0.033	0.512	0.509	0.037	0.2799999999999999	0.8	0.025	0.16	0.119	0.055	0.116	0.063	0.032	0.3409999999999999	0.359	1.691	0.041	0.3429999999999999	0.411	0.094	0.024	0.097	0.03	0.298	0.043	0.624	0.027	0.345	0.109	0.044	0.384
Gordonia bronchialis	0.321	0.134	0.201	0.835	0.0849999999999999	0.543	0.715	0.523	0.845	0.828	0.116	0.4499999999999999	0.097	0.135	0.126	0.315	0.472	0.442	0.256	0.2279999999999999	0.322	0.876	0.155	0.7100000000000001	0.631	0.54	0.247	0.598	0.6910000000000001	0.0849999999999999	0.3389999999999999	0.132	0.2289999999999999	0.616	0.363	0.757	0.7230000000000001	0.808	0.637	0.157	0.726	0.203	0.907	0.416	0.182	0.4559999999999999	0.818	0.2249999999999999	0.605	0.189	0.616	0.203	0.617	0.135	0.193	0.298	0.212	0.258	0.377	0.352	0.152	0.152	0.701	0.4969999999999999	0.623	0.4579999999999999	0.583	0.309	0.697	0.522	0.525	0.73	0.3	0.208	0.803	0.118	0.536	0.18	0.494	0.5559999999999999	0.265	0.992	0.185	0.8	0.409	0.492	0.5720000000000001	0.5	0.527	0.299	0.563	0.6930000000000001	0.422	0.315	0.116	0.316	0.7849999999999999	0.498	0.3969999999999999	0.6910000000000001	0.199	0.718	0.379	0.133	0.48
Paraburkholderia fungorum	0.036	0.047	0.5309999999999999	0.032	0.08	0.253	0.387	0.849	0.2	0.026	0.033	0.709	0.065	0.011	0.328	0.055	0.347	0.214	0.147	0.0809999999999999	0.12	0.1149999999999999	0.1389999999999999	0.257	0.6479999999999999	0.4649999999999999	0.188	0.188	0.203	0.02	0.043	0.1369999999999999	0.101	0.379	0.133	0.271	0.3239999999999999	0.193	0.913	0.128	0.2	0.077	0.027	0.084	0.021	0.0279999999999999	0.031	0.054	0.033	0.03	0.357	0.033	0.424	0.075	0.037	0.141	0.031	0.038	0.0699999999999999	0.03	0.158	0.2269999999999999	0.267	0.027	0.2259999999999999	0.022	0.587	0.0349999999999999	0.312	0.0279999999999999	0.326	0.12	0.039	0.049	0.036	0.547	0.542	0.04	0.303	0.861	0.027	0.169	0.118	0.059	0.132	0.0689999999999999	0.037	0.35	0.372	1.396	0.046	0.362	0.395	0.096	0.027	0.109	0.031	0.2299999999999999	0.047	0.5930000000000001	0.027	0.358	0.097	0.049	0.407
Pseudomonas sp. Z003-0.4C(8344-21)	0.168	0.337	0.196	0.003	0.012	0.018	0.011	0.0279999999999999	0.003	0.003	0.49	0.1129999999999999	0.6709999999999999	1.52	0.198	0.737	0.0279999999999999	0.018	0.312	0.089	0.013	0.002	0.093	0.003	0.005	0.241	0.073	0.031	0.003	0.782	0.184	0.156	0.265	0.0699999999999999	0.06	0.003	0.004	0.015	0.003	0.423	0.01	0.4989999999999999	0.003	0.019	0.42	0.017	0.004	0.126	0.005	0.475	0.008	0.146	0.013	0.738	0.255	0.241	0.105	0.245	0.0069999999999999	0.013	0.243	0.207	0.006	0.006	0.004	0.0069999999999999	0.003	0.0689999999999999	0.01	0.019	0.011	0.004	0.099	0.152	0.003	0.417	0.033	0.247	0.0279999999999999	0.004	0.082	0.002	0.156	0.002	0.164	0.06	0.004	0.027	0.02	0.004	0.025	0.004	0.026	0.123	0.563	0.02	0.006	0.09	0.006	0.003	0.5680000000000001	0.011	0.025	0.594	0.011
Pseudomonas syringae	0.16	0.319	1.344	0.022	0.039	0.055	0.0349999999999999	0.036	0.02	0.023	0.281	0.08	0.707	0.645	0.19	0.378	0.0699999999999999	0.052	0.244	0.4579999999999999	0.047	0.02	0.5349999999999999	0.02	0.024	0.128	0.192	0.052	0.02	0.442	0.174	0.2739999999999999	0.1399999999999999	0.124	0.104	0.02	0.02	0.034	0.021	0.44	0.034	0.203	0.021	0.078	0.478	0.046	0.024	0.244	0.029	0.699	0.036	0.153	0.031	0.931	0.5760000000000001	0.1369999999999999	0.131	0.223	0.029	0.053	0.398	0.938	0.032	0.026	0.025	0.023	0.025	0.145	0.026	0.044	0.0349999999999999	0.022	0.143	0.149	0.026	0.313	0.061	0.585	0.036	0.024	0.135	0.02	0.223	0.018	0.156	0.143	0.0279999999999999	0.039	0.0279999999999999	0.022	0.0569999999999999	0.022	0.068	0.135	0.4539999999999999	0.061	0.03	0.265	0.03	0.021	0.236	0.049	0.046	0.3	0.029
Pseudomonas granadensis	0.16	0.319	0.196	0.003	0.011	0.017	0.011	0.026	0.003	0.003	0.491	0.107	0.6689999999999999	1.452	0.182	0.735	0.026	0.017	0.302	0.089	0.011	0.003	0.089	0.003	0.005	0.2299999999999999	0.0699999999999999	0.03	0.003	0.752	0.1709999999999999	0.146	0.268	0.0699999999999999	0.0569999999999999	0.003	0.004	0.016	0.003	0.423	0.01	0.488	0.003	0.018	0.417	0.016	0.003	0.117	0.004	0.48	0.0069999999999999	0.1399999999999999	0.013	0.726	0.26	0.255	0.099	0.241	0.0069999999999999	0.0139999999999999	0.231	0.194	0.005	0.006	0.004	0.006	0.003	0.0699999999999999	0.011	0.018	0.011	0.004	0.093	0.15	0.003	0.415	0.032	0.232	0.025	0.004	0.078	0.002	0.155	0.002	0.16	0.058	0.004	0.026	0.019	0.003	0.024	0.004	0.025	0.1139999999999999	0.542	0.025	0.006	0.09	0.005	0.003	0.549	0.012	0.025	0.5599999999999999	0.01
Pseudomonas vancouverensis	0.251	0.8	0.292	0.006	0.153	0.091	0.062	0.027	0.008	0.0069999999999999	0.364	0.082	0.526	0.549	0.295	0.365	0.251	0.087	0.594	0.331	0.095	0.0069999999999999	0.2239999999999999	0.009	0.012	0.198	0.289	0.108	0.0139999999999999	0.549	0.185	0.168	0.266	0.353	0.237	0.008	0.0069999999999999	0.06	0.013	0.418	0.042	0.187	0.006	0.055	0.979	0.0569999999999999	0.008	0.306	0.023	0.5640000000000001	0.041	0.221	0.033	1.028	0.3429999999999999	0.265	0.209	0.314	0.037	0.071	0.421	0.365	0.033	0.026	0.019	0.019	0.011	0.1619999999999999	0.0139999999999999	0.08	0.089	0.021	0.298	0.63	0.009	0.569	0.097	0.347	0.048	0.015	0.127	0.006	0.428	0.0069999999999999	0.246	0.196	0.02	0.055	0.0279999999999999	0.008	0.083	0.018	0.151	0.185	0.656	0.416	0.011	0.0689999999999999	0.027	0.012	0.5499999999999999	0.026	0.118	0.7969999999999999	0.0349999999999999
Streptomyces atratus	0.175	0.033	0.043	0.088	0.186	0.094	0.103	0.067	0.099	0.095	0.106	0.131	0.039	0.043	0.024	0.169	0.109	1.393	0.054	0.118	0.043	0.142	0.094	0.129	0.108	0.062	0.174	0.151	0.311	0.013	0.177	0.072	0.4029999999999999	0.1139999999999999	0.061	0.2249999999999999	0.127	0.107	0.0699999999999999	0.0279999999999999	0.149	0.345	0.09	0.651	0.083	0.103	0.1	0.074	0.033	0.0569999999999999	0.088	0.261	0.211	0.018	0.06	0.271	0.062	0.086	0.37	0.321	0.043	0.017	0.1949999999999999	0.062	0.295	0.043	0.068	0.1129999999999999	0.107	0.131	0.092	0.239	0.0809999999999999	0.185	0.066	0.066	0.088	0.119	0.666	0.106	0.161	0.0809999999999999	0.034	0.091	0.084	0.169	0.039	0.145	1.01	0.045	0.084	0.107	0.202	0.066	0.04	0.072	0.0689999999999999	1.099	0.144	0.092	0.178	0.097	0.363	0.047	0.929
Streptomyces scabiei	0.155	0.078	0.079	0.19	0.719	0.325	0.291	0.185	0.293	0.202	0.2749999999999999	0.302	0.099	0.0849999999999999	0.06	0.261	0.35	0.7040000000000001	0.19	0.153	0.076	0.364	0.1	0.422	0.295	0.155	0.311	0.5599999999999999	0.773	0.037	0.201	0.199	0.3899999999999999	0.247	0.169	0.449	0.453	0.3239999999999999	0.214	0.098	0.48	0.2799999999999999	0.19	0.692	0.092	0.161	0.242	0.177	0.09	0.089	0.291	0.245	0.573	0.029	0.118	0.33	0.206	0.128	0.7250000000000001	0.449	0.044	0.036	0.312	0.191	0.474	0.097	0.177	0.242	0.355	0.161	0.267	0.74	0.094	0.191	0.149	0.11	0.31	0.144	1.106	0.3429999999999999	0.192	0.212	0.051	0.222	0.1389999999999999	0.145	0.093	0.434	0.645	0.148	0.247	0.402	0.4049999999999999	0.191	0.109	0.161	0.213	0.767	0.211	0.265	0.179	0.29	0.551	0.1709999999999999	1.016
Pseudomonas sp. 31-12	0.296	0.644	0.194	0.005	0.102	0.322	0.108	0.032	0.01	0.005	0.3229999999999999	0.061	0.532	0.479	0.631	0.345	0.288	0.179	0.379	0.5640000000000001	0.261	0.01	0.203	0.01	0.019	0.297	0.286	0.1619999999999999	0.019	0.4559999999999999	0.245	0.355	0.432	0.49	0.166	0.008	0.006	0.036	0.036	0.267	0.11	0.199	0.005	0.129	0.602	0.158	0.006	0.309	0.027	0.439	0.059	0.352	0.093	0.712	0.724	0.378	0.253	0.317	0.061	0.201	0.608	0.325	0.063	0.033	0.038	0.018	0.021	0.084	0.016	0.184	0.087	0.0139999999999999	0.423	0.349	0.0069999999999999	0.388	0.365	0.494	0.071	0.029	0.152	0.004	0.503	0.004	0.147	0.186	0.018	0.106	0.049	0.012	0.1379999999999999	0.027	0.391	0.111	0.408	0.213	0.009	0.049	0.067	0.021	0.5680000000000001	0.038	0.127	0.677	0.047
Streptomyces virus R4	0.362	0.395	0.004	0.0	0.0	0.0	0.001	0.0	0.0	0.0	0.24	0.0	0.0279999999999999	0.036	0.015	0.016	0.0	0.019	0.235	0.316	0.004	0.0	0.5519999999999999	0.0	0.0	0.0	0.525	0.0	0.0	0.0069999999999999	0.4	0.009	0.103	0.0	0.366	0.0	0.0	0.0	0.0	0.857	0.0	0.193	0.0	0.0139999999999999	0.972	0.033	0.0	0.765	0.0	0.023	0.0	0.436	0.0	0.011	0.066	0.2259999999999999	0.495	0.204	0.175	0.29	0.0069999999999999	0.001	0.0	0.04	0.0	0.025	0.0	0.221	0.0	0.169	0.0	0.0	0.375	0.055	0.0	0.233	0.0	0.359	0.0	0.0	0.489	0.0	0.231	0.0	0.102	0.427	0.0	0.0	0.027	0.0	0.0	0.0	0.0	0.238	0.089	0.009	0.0	0.033	0.287	0.0	0.098	0.0	0.434	0.294	0.001
Pseudomonas sp. DR 5-09	0.158	0.346	0.181	0.004	0.022	0.0279999999999999	0.016	0.031	0.004	0.004	0.524	0.142	0.633	1.044	0.193	0.577	0.046	0.025	0.322	0.119	0.024	0.003	0.1	0.004	0.006	0.209	0.087	0.038	0.004	0.697	0.183	0.155	0.293	0.097	0.083	0.004	0.004	0.02	0.005	0.4329999999999999	0.0139999999999999	0.453	0.003	0.022	0.413	0.022	0.004	0.1369999999999999	0.0069999999999999	0.377	0.011	0.141	0.021	0.782	0.268	0.282	0.117	0.256	0.012	0.026	0.251	0.219	0.009	0.008	0.0069999999999999	0.008	0.005	0.068	0.011	0.027	0.018	0.005	0.118	0.186	0.004	0.419	0.043	0.259	0.047	0.006	0.083	0.003	0.194	0.003	0.152	0.066	0.006	0.031	0.018	0.004	0.031	0.005	0.038	0.116	0.5	0.048	0.006	0.061	0.009	0.004	0.517	0.0139999999999999	0.029	0.492	0.013
Rahnella aquatilis	0.005	0.003	0.019	0.005	0.003	0.006	0.005	0.005	0.004	0.004	0.005	0.011	0.0069999999999999	0.03	0.005	0.055	0.003	0.004	0.045	0.006	0.004	0.004	0.0139999999999999	0.004	0.006	0.011	0.006	0.005	0.004	0.017	0.006	0.005	0.0069999999999999	0.003	0.004	0.004	0.004	0.004	0.003	0.004	0.005	0.0069999999999999	0.004	0.003	0.005	0.004	0.008	0.004	0.004	0.089	0.009	0.004	0.004	0.022	0.163	0.005	0.037	0.005	0.003	0.004	0.005	2.02	0.004	0.004	0.0069999999999999	0.003	0.005	0.005	0.006	0.003	0.004	0.004	0.004	0.004	0.006	0.004	0.006	0.005	0.003	0.004	0.003	0.004	0.011	0.003	0.0069999999999999	0.008	0.004	0.004	0.027	0.004	0.012	0.004	0.003	0.004	0.02	0.004	0.008	0.013	0.005	0.005	0.005	0.009	0.01	0.01	0.0139999999999999
Burkholderia sp. OLGA172	0.03	0.037	0.409	0.0279999999999999	0.067	0.189	0.2729999999999999	0.584	0.141	0.023	0.026	0.59	0.051	0.009	0.261	0.04	0.241	0.189	0.102	0.064	0.106	0.089	0.105	0.1699999999999999	0.49	0.359	0.143	0.145	0.1709999999999999	0.017	0.034	0.108	0.075	0.269	0.103	0.216	0.232	0.144	0.756	0.102	0.154	0.06	0.023	0.0699999999999999	0.019	0.0279999999999999	0.03	0.044	0.0279999999999999	0.024	0.311	0.0279999999999999	0.295	0.053	0.033	0.102	0.025	0.034	0.068	0.03	0.118	0.181	0.2239999999999999	0.022	0.191	0.02	0.518	0.03	0.238	0.027	0.239	0.0699999999999999	0.036	0.036	0.032	0.385	0.428	0.0349999999999999	0.233	0.675	0.023	0.142	0.098	0.0569999999999999	0.094	0.062	0.033	0.258	0.325	1.347	0.041	0.321	0.317	0.075	0.019	0.102	0.0279999999999999	0.219	0.043	0.415	0.023	0.331	0.091	0.042	0.338
Conexibacter woesei	0.357	0.146	0.247	0.668	0.073	0.33	0.512	0.327	0.5760000000000001	0.627	0.077	0.309	0.098	0.143	0.089	0.362	0.247	0.329	0.222	0.302	0.328	0.502	0.194	0.36	0.349	0.311	0.209	0.314	0.409	0.088	0.426	0.107	0.133	0.367	0.407	0.406	0.472	0.4969999999999999	0.366	0.127	0.412	0.208	0.893	0.27	0.257	0.508	0.63	0.272	0.6859999999999999	0.182	0.381	0.2289999999999999	0.406	0.159	0.291	0.404	0.256	0.3	0.428	0.32	0.117	0.12	0.5599999999999999	0.577	0.388	0.623	0.349	0.303	0.418	0.696	0.308	0.484	0.428	0.103	0.583	0.06	0.282	0.218	0.337	0.3239999999999999	0.25	0.873	0.201	1.134	0.599	0.6459999999999999	0.58	0.306	0.3409999999999999	0.151	0.352	0.371	0.251	0.2749999999999999	0.105	0.349	0.582	0.376	0.49	0.367	0.199	0.383	0.252	0.121	0.372
Rhodococcus opacus	0.185	0.03	0.055	0.125	0.022	0.0849999999999999	0.119	0.08	0.135	0.127	0.04	0.075	0.0279999999999999	0.074	0.025	0.124	0.079	0.362	0.079	0.077	0.3969999999999999	0.152	0.068	0.108	0.095	0.087	0.062	0.102	0.483	0.0279999999999999	0.177	0.03	0.061	0.103	0.142	0.118	0.1149999999999999	0.144	0.108	0.037	0.179	0.066	0.1379999999999999	0.125	0.072	0.394	0.126	0.073	0.5519999999999999	0.048	0.121	0.0699999999999999	0.102	0.054	0.058	0.1139999999999999	0.095	0.1149999999999999	0.298	0.096	0.0349999999999999	0.0349999999999999	0.249	0.382	0.922	0.185	1.022	0.132	0.107	0.754	0.08	0.12	0.068	0.066	0.132	0.027	0.08	0.066	0.09	0.0849999999999999	0.132	0.161	0.032	0.241	0.126	0.157	0.886	0.079	0.154	0.337	0.388	0.116	0.1399999999999999	0.074	0.036	0.098	0.128	0.092	0.516	0.107	0.061	0.11	0.534	0.046	0.1369999999999999
Kytococcus sedentarius	0.232	0.072	0.123	0.544	0.08	0.395	0.507	0.351	0.6459999999999999	0.624	0.061	0.3229999999999999	0.058	0.101	0.059	0.207	0.374	0.32	0.136	0.135	0.205	0.6669999999999999	0.106	0.492	0.419	0.409	0.121	0.462	0.509	0.051	0.2279999999999999	0.071	0.146	0.468	0.211	0.501	0.494	0.62	0.438	0.087	0.528	0.122	0.675	0.288	0.108	0.314	0.5369999999999999	0.134	0.451	0.105	0.476	0.125	0.4329999999999999	0.09	0.129	0.193	0.132	0.152	0.268	0.244	0.074	0.082	0.565	0.351	0.519	0.331	0.425	0.188	0.476	0.391	0.375	0.565	0.189	0.102	0.59	0.052	0.355	0.1129999999999999	0.349	0.3969999999999999	0.193	0.8160000000000001	0.071	0.509	0.261	0.328	0.387	0.348	0.391	0.196	0.4499999999999999	0.4969999999999999	0.2759999999999999	0.176	0.0849999999999999	0.21	0.601	0.36	0.263	0.488	0.119	0.516	0.2749999999999999	0.087	0.368
Rhodoplanes sp. Z2-YC6860	0.2749999999999999	0.133	0.1699999999999999	0.974	0.047	0.382	0.491	0.333	0.476	0.8059999999999999	0.181	0.354	0.128	0.079	0.238	0.2279999999999999	0.349	0.347	0.265	0.266	0.569	0.478	0.117	0.368	0.354	0.242	0.207	0.344	0.482	0.08	0.247	0.1129999999999999	0.217	0.314	0.487	0.547	0.522	0.498	0.439	0.204	0.374	0.222	0.934	0.326	0.156	0.4649999999999999	0.83	0.208	0.632	0.198	0.361	0.184	0.429	0.102	0.19	0.231	0.194	0.21	0.366	0.327	0.208	0.093	0.4349999999999999	0.484	0.383	0.41	0.361	0.302	0.524	0.523	0.344	0.357	0.374	0.35	0.718	0.144	0.311	0.145	0.382	0.404	0.235	0.493	0.22	0.943	0.239	0.396	0.577	0.328	0.357	0.235	0.411	0.471	0.308	0.402	0.1379999999999999	0.336	0.5599999999999999	0.261	0.356	0.4349999999999999	0.222	0.412	0.221	0.117	0.247
Pseudomonas prosekii	0.196	0.478	0.271	0.006	0.058	0.094	0.05	0.026	0.0069999999999999	0.006	0.357	0.08	0.581	0.763	0.325	0.4579999999999999	0.166	0.0849999999999999	0.386	0.308	0.105	0.0069999999999999	0.178	0.0069999999999999	0.011	0.202	0.174	0.1	0.012	0.586	0.204	0.215	0.292	0.29	0.128	0.0069999999999999	0.006	0.03	0.013	0.386	0.049	0.2759999999999999	0.005	0.064	0.522	0.078	0.0069999999999999	0.21	0.017	0.445	0.037	0.263	0.0349999999999999	0.741	0.439	0.2769999999999999	0.179	0.29	0.033	0.102	0.406	0.317	0.038	0.019	0.023	0.013	0.011	0.093	0.013	0.082	0.041	0.011	0.235	0.282	0.0069999999999999	0.386	0.1	0.415	0.044	0.015	0.144	0.005	0.316	0.005	0.15	0.119	0.012	0.053	0.032	0.009	0.078	0.015	0.1379999999999999	0.1129999999999999	0.599	0.119	0.009	0.076	0.03	0.009	0.494	0.026	0.066	0.565	0.025
Massilia armeniaca	0.366	0.291	0.192	0.029	0.901	0.156	0.047	0.043	0.0349999999999999	0.0279999999999999	0.256	0.047	0.368	0.127	0.476	0.034	0.151	0.09	0.19	0.247	0.231	0.039	0.4599999999999999	0.031	0.049	0.125	0.24	0.065	0.036	0.087	0.307	0.935	0.246	0.049	0.319	0.048	0.037	0.033	0.04	0.347	0.054	0.303	0.0279999999999999	0.2759999999999999	0.135	0.415	0.03	0.428	0.098	0.1129999999999999	0.179	0.62	0.058	0.041	0.329	0.209	0.2799999999999999	0.402	0.398	0.355	0.321	0.301	0.095	0.215	0.127	0.159	0.2259999999999999	0.4649999999999999	0.029	0.291	0.147	0.033	0.5369999999999999	0.2	0.038	0.326	0.054	0.31	0.046	0.0279999999999999	0.517	0.026	0.312	0.03	0.3989999999999999	0.3989999999999999	0.093	0.163	0.091	0.061	0.111	0.041	0.175	0.2279999999999999	0.35	0.41	0.044	0.064	0.579	0.039	0.318	0.06	0.349	0.197	0.084
Massilia sp. YMA4	0.366	0.299	0.186	0.031	0.889	0.156	0.047	0.043	0.0349999999999999	0.03	0.258	0.047	0.368	0.123	0.481	0.037	0.15	0.091	0.193	0.246	0.232	0.04	0.466	0.031	0.049	0.126	0.245	0.064	0.037	0.087	0.319	0.933	0.246	0.049	0.322	0.048	0.038	0.033	0.041	0.345	0.054	0.303	0.029	0.2769999999999999	0.143	0.417	0.032	0.434	0.102	0.1149999999999999	0.177	0.622	0.059	0.041	0.328	0.214	0.285	0.407	0.4009999999999999	0.354	0.3239999999999999	0.294	0.097	0.22	0.127	0.161	0.2239999999999999	0.469	0.03	0.294	0.146	0.033	0.545	0.2	0.04	0.3239999999999999	0.053	0.315	0.046	0.0279999999999999	0.523	0.027	0.322	0.032	0.406	0.402	0.096	0.163	0.091	0.063	0.1129999999999999	0.041	0.177	0.234	0.348	0.4049999999999999	0.045	0.065	0.5760000000000001	0.04	0.314	0.059	0.3429999999999999	0.199	0.084
Mesorhizobium loti	0.326	0.2269999999999999	0.16	0.679	0.234	0.262	0.15	0.2769999999999999	0.25	0.767	0.638	0.189	0.1369999999999999	0.161	0.2279999999999999	0.479	0.123	0.13	0.264	0.1949999999999999	0.386	0.206	0.1949999999999999	0.219	0.238	0.116	0.2249999999999999	0.325	0.236	0.1129999999999999	0.286	0.175	0.2789999999999999	0.11	0.3	0.202	0.271	0.16	0.148	0.299	0.281	0.181	0.422	0.152	0.234	0.266	0.53	0.337	0.246	0.331	0.203	0.1369999999999999	0.241	0.064	0.1379999999999999	0.187	0.545	0.261	0.285	0.259	0.174	0.201	0.29	0.598	0.183	0.288	0.15	0.538	0.42	0.3419999999999999	0.185	0.196	0.194	0.5329999999999999	0.4349999999999999	0.212	0.203	0.1379999999999999	0.184	0.2299999999999999	0.21	0.308	0.2249999999999999	1.418	0.313	0.169	0.307	0.206	0.376	0.101	0.3239999999999999	0.221	0.158	0.7979999999999999	0.4579999999999999	0.33	0.611	0.443	0.3429999999999999	0.236	0.179	0.314	0.419	0.285	0.285
Paucimonas lemoignei	0.067	0.0689999999999999	0.524	0.006	0.005	0.0069999999999999	0.006	0.004	0.005	0.006	0.076	0.006	0.316	0.621	0.041	0.128	0.0069999999999999	0.012	0.063	0.4309999999999999	0.0069999999999999	0.004	0.321	0.004	0.005	0.009	0.108	0.0069999999999999	0.005	0.12	0.0689999999999999	0.1399999999999999	0.0349999999999999	0.011	0.031	0.005	0.005	0.005	0.004	0.1389999999999999	0.005	0.06	0.006	0.044	0.173	0.006	0.006	0.306	0.006	0.22	0.0069999999999999	0.041	0.006	1.366	0.284	0.042	0.031	0.065	0.005	0.006	0.151	0.356	0.006	0.006	0.005	0.005	0.005	0.118	0.005	0.0069999999999999	0.005	0.004	0.0279999999999999	0.022	0.0069999999999999	0.092	0.0069999999999999	0.6709999999999999	0.005	0.005	0.092	0.0069999999999999	0.145	0.004	0.0349999999999999	0.099	0.0069999999999999	0.005	0.006	0.004	0.015	0.005	0.008	0.065	0.207	0.006	0.009	0.083	0.006	0.005	0.03	0.012	0.012	0.044	0.008
Novosphingobium resinovorum	0.078	0.031	0.026	0.038	0.018	0.036	0.026	0.021	0.029	0.038	0.151	0.022	0.049	0.187	0.043	0.16	0.02	0.02	0.034	0.045	0.052	0.027	0.045	0.024	0.024	0.018	0.0559999999999999	0.03	0.027	0.04	0.073	0.19	0.033	0.019	0.027	0.0279999999999999	0.031	0.027	0.02	0.087	0.0279999999999999	0.037	0.037	0.036	0.054	0.048	0.04	0.0569999999999999	0.072	0.159	0.031	0.044	0.025	0.027	0.079	0.018	0.687	0.236	0.039	0.048	0.045	0.1379999999999999	0.033	1.637	0.025	0.31	0.022	0.082	0.029	0.033	0.024	0.025	0.045	0.121	0.043	0.0559999999999999	0.022	0.129	0.024	0.023	0.1949999999999999	0.037	0.015	0.033	0.163	0.061	0.077	0.02	0.038	0.019	0.048	0.027	0.021	0.111	0.437	0.037	0.045	0.024	0.047	0.026	0.025	0.0279999999999999	0.037	0.254	0.037
Arthrobacter sp. U41	0.393	0.008	0.013	0.0349999999999999	0.01	0.218	0.145	0.029	0.066	0.047	0.017	0.037	0.005	0.048	0.006	0.032	0.59	0.08	0.026	0.025	0.125	0.29	0.071	0.055	0.039	0.107	0.023	0.393	0.246	0.0279999999999999	0.15	0.054	0.091	0.124	0.098	0.05	0.037	0.149	0.064	0.043	0.099	0.036	0.053	0.2779999999999999	0.015	0.374	0.046	0.048	0.192	0.013	0.745	0.042	0.062	0.01	0.016	0.044	0.0809999999999999	0.042	0.191	0.298	0.0069999999999999	0.016	0.3409999999999999	0.234	1.1820000000000002	0.177	0.392	0.109	0.033	0.4669999999999999	0.108	0.134	0.036	0.086	0.05	0.006	0.042	0.038	0.079	0.029	0.223	0.054	0.005	0.05	0.024	0.071	0.157	0.058	0.108	0.202	0.3399999999999999	0.146	0.041	0.045	0.055	0.272	0.054	0.046	0.2769999999999999	0.0699999999999999	0.017	0.271	0.6	0.108	0.054
Bacillus megaterium	0.2259999999999999	0.102	0.004	0.002	0.001	0.002	0.005	0.002	0.002	0.006	0.016	0.003	0.02	0.005	0.004	0.04	0.002	1.4529999999999998	0.018	0.106	0.012	0.002	0.223	0.001	0.002	0.003	0.374	0.001	0.0069999999999999	0.006	0.214	0.015	0.3239999999999999	0.004	0.051	0.004	0.002	0.005	0.003	0.102	0.002	0.11	0.002	0.2259999999999999	0.04	0.031	0.004	0.089	0.005	0.023	0.002	0.518	0.002	0.004	0.034	0.174	0.0809999999999999	0.063	0.157	0.096	0.001	0.025	0.021	0.01	0.127	0.013	0.004	0.09	0.003	0.076	0.002	0.006	0.451	0.021	0.005	0.004	0.001	0.11	0.019	0.001	0.377	0.008	0.004	0.042	0.0139999999999999	0.1149999999999999	0.008	0.003	0.09	0.0069999999999999	0.003	0.001	0.0069999999999999	0.0699999999999999	0.034	0.008	0.005	0.348	0.059	0.002	0.016	0.002	0.196	0.091	0.301
Pseudomonas azotoformans	0.123	0.2729999999999999	1.048	0.012	0.05	0.052	0.033	0.02	0.013	0.013	0.179	0.044	0.357	0.439	0.164	0.253	0.083	0.047	0.222	0.222	0.05	0.0139999999999999	0.365	0.013	0.018	0.102	0.131	0.045	0.0139999999999999	0.6779999999999999	0.128	0.178	0.13	0.12	0.1	0.012	0.013	0.023	0.0139999999999999	0.249	0.027	0.136	0.0139999999999999	0.046	0.402	0.046	0.013	0.142	0.021	0.429	0.0279999999999999	0.126	0.024	0.539	0.268	0.141	0.11	0.156	0.024	0.054	0.232	0.325	0.024	0.021	0.017	0.02	0.015	0.078	0.013	0.047	0.032	0.0139999999999999	0.124	0.1709999999999999	0.016	0.241	0.0569999999999999	0.361	0.029	0.017	0.087	0.012	0.16	0.012	0.1139999999999999	0.086	0.019	0.029	0.021	0.011	0.062	0.015	0.0689999999999999	0.094	0.674	0.075	0.018	0.087	0.023	0.0139999999999999	0.261	0.025	0.041	0.36	0.022
Pseudomonas sp. LG1E9	0.037	0.0699999999999999	0.299	0.005	0.018	0.012	0.008	0.006	0.004	0.004	0.087	0.015	0.11	0.231	0.052	0.091	0.02	0.011	0.059	0.058	0.012	0.003	0.0809999999999999	0.003	0.005	0.032	0.029	0.012	0.003	0.47	0.042	0.047	0.06	0.032	0.024	0.006	0.003	0.0069999999999999	0.004	0.074	0.0069999999999999	0.05	0.004	0.011	0.095	0.012	0.004	0.036	0.005	0.095	0.0069999999999999	0.033	0.006	0.134	0.074	0.039	0.0279999999999999	0.048	0.006	0.0139999999999999	0.061	0.09	0.006	0.006	0.004	0.005	0.004	0.023	0.004	0.011	0.009	0.004	0.03	0.038	0.004	0.071	0.013	0.172	0.008	0.004	0.023	0.003	0.051	0.002	0.0279999999999999	0.021	0.004	0.008	0.005	0.003	0.017	0.004	0.019	0.023	1.617	0.024	0.004	0.0279999999999999	0.006	0.003	0.0689999999999999	0.0069999999999999	0.013	0.086	0.006
Agrobacterium tumefaciens	0.201	0.038	0.067	0.123	1.435	0.071	0.058	0.076	0.066	0.11	0.259	0.065	0.189	0.2279999999999999	0.204	0.313	0.047	0.044	0.1	0.08	0.082	0.059	0.173	0.0809999999999999	0.072	0.038	0.08	0.117	0.082	0.089	0.087	0.136	0.144	0.04	0.083	0.068	0.1119999999999999	0.062	0.052	0.106	0.093	0.1399999999999999	0.077	0.051	0.109	0.153	0.132	0.11	0.072	0.103	0.054	0.104	0.064	0.025	0.152	0.072	0.353	0.12	0.049	0.092	0.08	0.08	0.066	0.235	0.049	0.4349999999999999	0.048	0.087	0.104	0.082	0.072	0.065	0.054	0.2769999999999999	0.087	0.18	0.092	0.251	0.1399999999999999	0.064	0.608	0.06	0.042	0.122	0.049	0.053	0.084	0.076	0.101	0.038	0.077	0.0699999999999999	0.047	0.256	0.186	0.049	0.172	0.06	0.066	0.067	0.12	0.08	0.5579999999999999	0.49	0.0569999999999999
Sphingobium japonicum	0.321	0.058	0.071	0.164	0.117	0.133	0.116	0.1	0.124	0.164	0.257	0.089	0.1129999999999999	0.157	0.096	0.1709999999999999	0.088	0.083	0.11	0.104	0.387	0.12	0.101	0.106	0.108	0.079	0.1389999999999999	0.136	0.119	0.087	0.1699999999999999	0.192	0.125	0.0809999999999999	0.149	0.1149999999999999	0.134	0.122	0.089	0.155	0.121	0.121	0.16	0.111	0.148	0.242	0.177	0.184	0.335	0.222	0.134	0.126	0.11	0.047	0.09	0.089	0.943	0.181	0.207	0.1699999999999999	0.183	0.152	0.158	0.27	0.103	1.206	0.101	0.3	0.134	0.143	0.128	0.111	0.165	0.409	0.198	0.216	0.097	0.11	0.102	0.098	0.8670000000000001	0.142	0.0809999999999999	0.182	0.1369999999999999	0.126	0.391	0.084	0.1369999999999999	0.0849999999999999	0.153	0.1149999999999999	0.096	0.408	0.256	0.185	0.192	0.092	0.293	0.116	0.1369999999999999	0.123	0.13	0.221	0.105
Variovorax sp. PMC12	0.412	0.063	0.12	0.2279999999999999	0.196	0.2789999999999999	0.144	0.288	0.157	0.163	0.509	0.282	0.165	0.371	0.071	0.419	0.089	0.083	0.095	0.108	0.183	0.119	0.182	0.243	0.181	0.122	0.094	0.309	0.119	0.186	0.3889999999999999	0.154	0.329	0.101	0.167	0.131	0.315	0.102	0.073	0.159	0.365	0.124	0.176	0.103	0.352	0.338	0.3419999999999999	0.169	0.315	0.131	0.201	0.095	0.209	0.049	0.1139999999999999	0.099	0.159	0.3399999999999999	0.198	0.164	0.059	0.109	0.261	0.384	0.182	0.3389999999999999	0.089	0.269	0.292	0.271	0.154	0.172	0.08	0.299	0.237	0.1129999999999999	0.239	0.092	0.207	0.178	0.264	0.142	0.041	0.245	0.083	0.092	0.89	0.126	0.31	0.058	0.281	0.128	0.188	0.267	0.429	0.211	0.707	0.5930000000000001	0.325	0.207	0.096	0.197	0.8840000000000001	0.157	0.8240000000000001
Paraburkholderia sprentiae	0.033	0.0349999999999999	0.367	0.031	0.0699999999999999	0.197	0.252	0.603	0.161	0.0279999999999999	0.023	0.4669999999999999	0.041	0.01	0.126	0.036	0.241	0.179	0.082	0.0559999999999999	0.104	0.092	0.109	0.1699999999999999	0.503	0.357	0.125	0.141	0.16	0.018	0.039	0.061	0.091	0.292	0.077	0.208	0.243	0.144	0.627	0.088	0.16	0.051	0.03	0.071	0.019	0.032	0.034	0.046	0.04	0.023	0.286	0.032	0.328	0.06	0.029	0.1129999999999999	0.0279999999999999	0.036	0.063	0.03	0.0849999999999999	0.074	0.205	0.029	0.1949999999999999	0.026	0.441	0.034	0.247	0.031	0.231	0.072	0.037	0.033	0.041	0.32	0.3899999999999999	0.036	0.234	0.67	0.0279999999999999	0.131	0.064	0.0569999999999999	0.107	0.059	0.044	0.252	0.25	0.897	0.047	0.284	0.2799999999999999	0.05	0.024	0.09	0.037	0.147	0.044	0.338	0.021	0.301	0.076	0.042	0.326
Pseudopropionibacterium propionicum	0.191	0.066	0.104	0.509	0.05	0.357	0.455	0.321	0.544	0.491	0.061	0.262	0.051	0.0699999999999999	0.063	0.154	0.306	0.233	0.11	0.121	0.199	0.583	0.093	0.473	0.3969999999999999	0.347	0.102	0.361	0.387	0.043	0.18	0.092	0.119	0.4049999999999999	0.186	0.415	0.4499999999999999	0.553	0.392	0.063	0.421	0.127	0.557	0.234	0.104	0.308	0.501	0.123	0.411	0.09	0.379	0.1129999999999999	0.374	0.072	0.124	0.158	0.104	0.1369999999999999	0.238	0.236	0.067	0.062	0.44	0.293	0.353	0.297	0.356	0.152	0.427	0.336	0.352	0.484	0.192	0.0809999999999999	0.484	0.04	0.312	0.105	0.3	0.368	0.148	0.573	0.064	0.4349999999999999	0.2239999999999999	0.308	0.352	0.312	0.296	0.181	0.311	0.422	0.245	0.129	0.062	0.194	0.4559999999999999	0.262	0.2299999999999999	0.4649999999999999	0.11	0.44	0.188	0.067	0.269
Afipia sp. GAS231	0.376	0.157	0.196	0.627	0.095	0.508	0.498	0.393	0.5479999999999999	0.652	0.461	0.482	0.182	0.1149999999999999	0.4329999999999999	0.299	0.419	0.607	0.361	0.35	0.8200000000000001	0.577	0.215	0.555	0.4649999999999999	0.31	0.3429999999999999	0.561	0.622	0.1119999999999999	0.472	0.1949999999999999	0.472	0.3899999999999999	0.5369999999999999	0.547	0.469	0.4599999999999999	0.506	0.387	0.524	0.386	0.659	0.487	0.181	0.514	0.594	0.295	0.536	0.457	0.354	0.386	0.555	0.095	0.351	0.374	0.2769999999999999	0.41	0.416	0.355	0.345	0.216	0.5700000000000001	0.525	0.644	0.424	0.461	0.571	0.601	0.605	0.5640000000000001	0.501	0.495	0.613	0.728	0.302	0.425	0.191	0.357	0.449	0.384	0.674	0.254	0.677	0.427	0.5	0.523	0.461	0.545	0.291	0.721	0.733	0.368	0.511	0.218	0.37	0.542	0.316	0.469	0.525	0.474	0.504	0.4	0.169	0.314
Pseudomonas sp. B10	0.107	0.236	0.1369999999999999	0.002	0.009	0.015	0.01	0.025	0.002	0.003	0.316	0.096	0.502	0.933	0.133	0.441	0.026	0.015	0.2279999999999999	0.0699999999999999	0.012	0.003	0.0689999999999999	0.003	0.004	0.189	0.054	0.029	0.003	0.518	0.1379999999999999	0.094	0.192	0.0699999999999999	0.045	0.003	0.003	0.0139999999999999	0.003	0.286	0.01	0.283	0.002	0.016	0.2749999999999999	0.015	0.003	0.084	0.005	0.307	0.0069999999999999	0.106	0.011	0.472	0.177	0.173	0.076	0.166	0.006	0.013	0.167	0.1379999999999999	0.0069999999999999	0.005	0.005	0.005	0.003	0.047	0.009	0.015	0.009	0.003	0.0699999999999999	0.111	0.003	0.2789999999999999	0.0279999999999999	0.1709999999999999	0.023	0.004	0.0559999999999999	0.003	0.128	0.002	0.103	0.044	0.004	0.023	0.016	0.004	0.022	0.003	0.024	0.0689999999999999	0.4	0.019	0.006	0.068	0.005	0.003	0.361	0.01	0.021	0.382	0.008
Bacillus cereus	0.0569999999999999	0.041	0.008	0.0139999999999999	0.003	0.152	0.244	0.592	0.423	0.034	0.006	0.354	0.017	0.0069999999999999	0.024	0.0569999999999999	0.141	0.357	0.0139999999999999	0.034	0.009	0.2279999999999999	0.099	0.297	0.378	0.2789999999999999	0.111	0.179	0.187	0.008	0.075	0.012	0.061	0.307	0.019	0.521	0.464	0.387	0.259	0.047	0.22	0.067	0.012	0.13	0.02	0.01	0.016	0.022	0.011	0.012	0.058	0.106	0.3239999999999999	0.015	0.018	0.064	0.023	0.029	0.036	0.019	0.019	0.01	0.172	0.015	0.073	0.015	0.106	0.034	0.326	0.025	0.289	0.42	0.0699999999999999	0.015	0.021	0.023	0.198	0.052	0.2739999999999999	0.252	0.067	0.54	0.016	0.03	0.059	0.036	0.006	0.159	0.13	0.037	0.02	0.21	0.094	0.022	0.011	0.009	0.015	0.5760000000000001	0.021	0.237	0.017	0.145	0.163	0.03	0.384
Burkholderia sp. CCGE1002	0.036	0.032	0.3239999999999999	0.0349999999999999	0.077	0.187	0.2289999999999999	0.553	0.156	0.03	0.024	0.4329999999999999	0.041	0.012	0.104	0.036	0.234	0.172	0.076	0.054	0.1129999999999999	0.094	0.102	0.158	0.475	0.338	0.118	0.141	0.154	0.02	0.041	0.0569999999999999	0.0849999999999999	0.2799999999999999	0.076	0.198	0.2279999999999999	0.136	0.5910000000000001	0.088	0.158	0.05	0.032	0.0699999999999999	0.021	0.0349999999999999	0.037	0.05	0.042	0.024	0.2739999999999999	0.036	0.305	0.0569999999999999	0.03	0.111	0.027	0.039	0.064	0.034	0.074	0.072	0.1949999999999999	0.033	0.185	0.0279999999999999	0.425	0.037	0.239	0.0349999999999999	0.2269999999999999	0.0699999999999999	0.042	0.034	0.042	0.2749999999999999	0.37	0.037	0.22	0.63	0.03	0.125	0.054	0.053	0.105	0.06	0.049	0.244	0.242	0.7979999999999999	0.05	0.292	0.265	0.058	0.026	0.092	0.039	0.1369999999999999	0.047	0.312	0.023	0.309	0.077	0.043	0.304
Bradyrhizobium sp. SK17	0.361	0.161	0.187	0.6910000000000001	0.1119999999999999	0.4969999999999999	0.4539999999999999	0.425	0.524	0.635	0.413	0.486	0.179	0.107	0.4049999999999999	0.318	0.4049999999999999	0.5579999999999999	0.38	0.3419999999999999	0.768	0.5499999999999999	0.2249999999999999	0.543	0.515	0.281	0.3399999999999999	0.506	0.58	0.117	0.447	0.191	0.393	0.35	0.545	0.545	0.489	0.496	0.509	0.409	0.509	0.329	0.622	0.462	0.173	0.453	0.695	0.312	0.517	0.415	0.3429999999999999	0.3389999999999999	0.515	0.096	0.306	0.355	0.335	0.393	0.413	0.3229999999999999	0.3399999999999999	0.207	0.5539999999999999	0.516	0.634	0.411	0.4969999999999999	0.555	0.5579999999999999	0.559	0.543	0.49	0.445	0.5599999999999999	0.712	0.336	0.428	0.2	0.36	0.418	0.353	0.586	0.2789999999999999	0.747	0.419	0.4669999999999999	0.498	0.4649999999999999	0.471	0.318	0.679	0.701	0.377	0.547	0.233	0.362	0.5499999999999999	0.316	0.457	0.52	0.42	0.513	0.382	0.167	0.312
Serratia proteamaculans	0.002	0.001	0.054	0.002	0.001	0.003	0.002	0.006	0.004	0.006	0.003	0.004	0.11	0.077	0.003	0.005	0.002	0.003	0.059	0.009	0.002	0.004	0.006	0.003	0.004	0.005	0.002	0.003	0.002	0.6629999999999999	0.005	0.003	0.002	0.003	0.002	0.003	0.003	0.003	0.005	0.002	0.0069999999999999	0.003	0.002	0.0069999999999999	0.004	0.003	0.005	0.002	0.003	0.003	0.004	0.002	0.005	0.004	0.037	1.346	0.002	0.002	0.002	0.002	0.003	0.003	0.003	0.005	0.005	0.055	0.003	0.002	0.002	0.002	0.002	0.006	0.002	0.002	0.004	0.003	0.002	0.002	0.017	0.002	0.002	0.003	0.004	0.002	0.006	0.003	0.003	0.002	0.016	0.002	0.002	0.002	0.002	0.002	0.002	0.002	0.027	0.094	0.003	0.002	0.002	0.002	0.075	0.168	0.004
Streptomyces sp. CdTB01	0.0849999999999999	0.047	0.051	0.1379999999999999	0.498	0.255	0.198	0.1389999999999999	0.204	0.149	0.178	0.185	0.0569999999999999	0.045	0.04	0.155	0.2239999999999999	0.391	0.121	0.0849999999999999	0.043	0.247	0.0559999999999999	0.332	0.21	0.1119999999999999	0.181	0.429	0.477	0.021	0.1129999999999999	0.1129999999999999	0.238	0.156	0.103	0.282	0.299	0.2299999999999999	0.145	0.062	0.3419999999999999	0.165	0.132	0.421	0.0569999999999999	0.101	0.176	0.099	0.046	0.058	0.185	0.136	0.412	0.016	0.068	0.176	0.127	0.073	0.442	0.268	0.026	0.018	0.213	0.103	0.322	0.0569999999999999	0.116	0.1399999999999999	0.258	0.086	0.182	0.494	0.0559999999999999	0.1129999999999999	0.099	0.067	0.234	0.0809999999999999	0.688	0.2269999999999999	0.107	0.147	0.033	0.174	0.078	0.077	0.05	0.3239999999999999	0.471	0.093	0.147	0.29	0.25	0.142	0.0699999999999999	0.102	0.161	0.4559999999999999	0.121	0.188	0.104	0.205	0.4029999999999999	0.118	0.787
Paraburkholderia terrae	0.029	0.051	0.175	0.025	0.268	0.072	0.099	0.167	0.055	0.021	0.04	0.223	0.077	0.008	0.437	0.031	0.094	0.177	0.103	0.105	0.1119999999999999	0.042	0.053	0.062	0.1709999999999999	0.123	0.296	0.058	0.084	0.017	0.031	0.166	0.1	0.088	0.125	0.087	0.0849999999999999	0.0569999999999999	0.3229999999999999	0.073	0.062	0.059	0.022	0.046	0.018	0.031	0.026	0.059	0.034	0.026	0.161	0.0279999999999999	0.11	0.03	0.029	0.088	0.025	0.083	0.074	0.036	0.161	0.048	0.1	0.027	0.079	0.022	0.2729999999999999	0.03	0.086	0.0279999999999999	0.083	0.029	0.06	0.04	0.03	0.301	0.151	0.039	0.09	0.216	0.022	0.0559999999999999	0.128	0.032	0.065	0.063	0.039	0.093	0.134	1.3299999999999998	0.033	0.155	0.172	0.044	0.0279999999999999	0.105	0.0279999999999999	0.061	0.093	0.121	0.034	0.1619999999999999	0.053	0.025	0.129
Saccharopolyspora erythraea	0.146	0.071	0.093	0.443	0.065	0.331	0.395	0.301	0.519	0.421	0.054	0.244	0.046	0.059	0.053	0.15	0.265	0.219	0.11	0.109	0.142	0.5349999999999999	0.075	0.459	0.394	0.326	0.101	0.337	0.361	0.037	0.159	0.063	0.1119999999999999	0.359	0.1709999999999999	0.396	0.445	0.512	0.375	0.072	0.407	0.097	0.451	0.208	0.083	0.215	0.428	0.111	0.2739999999999999	0.088	0.311	0.095	0.364	0.061	0.098	0.1389999999999999	0.103	0.117	0.194	0.1709999999999999	0.0559999999999999	0.072	0.364	0.231	0.318	0.233	0.306	0.149	0.43	0.251	0.326	0.4349999999999999	0.152	0.079	0.383	0.042	0.316	0.086	0.284	0.349	0.118	0.518	0.064	0.381	0.194	0.222	0.253	0.298	0.2749999999999999	0.151	0.2779999999999999	0.4029999999999999	0.2289999999999999	0.116	0.0569999999999999	0.149	0.3889999999999999	0.2749999999999999	0.183	0.438	0.095	0.423	0.176	0.062	0.255
Cupriavidus necator	0.338	0.165	0.155	0.191	0.335	0.187	0.221	0.201	0.178	0.179	0.142	0.219	0.149	0.071	0.19	0.1139999999999999	0.178	0.1709999999999999	0.182	0.252	0.332	0.181	0.2799999999999999	0.159	0.181	0.158	0.164	0.153	0.165	0.075	0.207	0.309	0.192	0.15	0.297	0.179	0.188	0.185	0.209	0.165	0.166	0.2	0.188	0.303	0.118	0.6799999999999999	0.197	0.2789999999999999	0.344	0.13	0.294	0.293	0.1699999999999999	0.098	0.2249999999999999	0.172	0.201	0.295	0.668	1.183	0.155	0.141	0.245	0.287	0.189	0.36	0.363	0.236	0.189	0.365	0.185	0.149	0.346	0.165	0.255	0.183	0.168	0.221	0.155	0.196	0.253	0.1709999999999999	0.164	0.156	0.333	0.271	0.372	0.374	0.193	0.406	0.206	0.183	0.415	0.169	0.198	0.4669999999999999	0.248	0.152	0.447	0.191	0.1709999999999999	0.2239999999999999	0.2749999999999999	0.142	0.184
Burkholderia sp. HB1	0.018	0.143	0.1139999999999999	0.008	0.7969999999999999	0.038	0.061	0.131	0.037	0.0069999999999999	0.0849999999999999	0.12	0.062	0.004	0.0559999999999999	0.073	0.063	0.039	0.267	0.18	0.24	0.023	0.044	0.038	0.1	0.0809999999999999	0.569	0.033	0.039	0.031	0.073	0.079	0.017	0.065	0.164	0.045	0.055	0.033	0.145	0.4049999999999999	0.037	0.025	0.0069999999999999	0.018	0.0349999999999999	0.008	0.009	0.084	0.011	0.02	0.062	0.017	0.067	0.017	0.065	0.238	0.142	0.039	0.166	0.0279999999999999	0.033	0.0559999999999999	0.049	0.017	0.046	0.011	0.11	0.0849999999999999	0.052	0.0139999999999999	0.062	0.019	0.067	0.016	0.011	0.1699999999999999	0.09	0.0279999999999999	0.046	0.143	0.008	0.031	0.043	0.048	0.877	0.026	0.015	0.062	0.064	0.183	0.016	0.0699999999999999	0.064	0.0689999999999999	0.291	0.413	0.009	0.067	0.094	0.079	0.0069999999999999	0.0689999999999999	0.027	0.038	0.073
Bradyrhizobium sp.	0.262	0.158	0.212	0.373	0.269	0.357	0.253	0.349	0.369	0.413	0.377	0.538	0.185	0.071	0.4349999999999999	0.367	0.2269999999999999	0.518	0.402	0.367	0.481	0.3429999999999999	0.374	0.382	0.5599999999999999	0.209	0.412	0.388	0.434	0.127	0.437	0.222	0.815	0.2299999999999999	0.4329999999999999	0.439	0.414	0.297	0.309	0.769	0.494	0.3419999999999999	0.321	0.4029999999999999	0.144	0.2769999999999999	0.284	0.309	0.2289999999999999	0.318	0.179	0.3899999999999999	0.363	0.062	0.378	0.318	0.421	0.4029999999999999	0.304	0.222	0.432	0.1369999999999999	0.411	0.423	0.5349999999999999	0.231	0.4329999999999999	0.516	0.49	0.307	0.335	0.398	0.3229999999999999	0.294	0.344	0.525	0.386	0.268	0.3	0.308	0.2249999999999999	0.534	0.191	0.705	0.487	0.285	0.249	0.515	0.5680000000000001	0.204	0.441	0.387	0.326	0.523	0.335	0.3	0.334	0.4649999999999999	0.414	0.312	0.363	0.269	0.699	0.156	0.371
Bradyrhizobium sp. S23321	0.188	0.117	0.134	0.419	0.206	0.3969999999999999	0.2739999999999999	0.429	0.464	0.4349999999999999	0.293	0.451	0.1399999999999999	0.0569999999999999	0.36	0.2279999999999999	0.297	0.2249999999999999	0.304	0.236	0.328	0.4	0.217	0.521	0.629	0.246	0.2729999999999999	0.514	0.374	0.094	0.308	0.163	0.381	0.2759999999999999	0.2769999999999999	0.48	0.473	0.369	0.335	0.461	0.5499999999999999	0.233	0.366	0.21	0.092	0.176	0.351	0.209	0.18	0.247	0.1949999999999999	0.19	0.413	0.05	0.218	0.196	0.284	0.267	0.186	0.158	0.315	0.183	0.2749999999999999	0.24	0.336	0.1709999999999999	0.257	0.334	0.628	0.214	0.423	0.509	0.196	0.353	0.318	0.4669999999999999	0.488	0.181	0.335	0.42	0.147	0.363	0.1619999999999999	0.432	0.264	0.1709999999999999	0.193	0.642	0.438	0.131	0.334	0.5329999999999999	0.2269999999999999	0.5479999999999999	0.218	0.205	0.295	0.265	0.252	0.3969999999999999	0.247	0.357	0.217	0.088	0.22
Caulobacter flavus	0.253	0.026	0.111	0.068	0.066	0.067	0.06	0.054	0.059	0.062	0.6459999999999999	0.04	0.1369999999999999	0.088	0.039	0.142	0.048	0.036	0.059	0.059	0.151	0.055	0.051	0.06	0.0569999999999999	0.036	0.104	0.055	0.055	0.136	0.175	0.66	0.058	0.037	0.1389999999999999	0.049	0.058	0.062	0.042	0.2749999999999999	0.052	0.071	0.062	0.052	0.193	0.1699999999999999	0.075	0.2259999999999999	0.103	0.25	0.075	0.09	0.046	0.025	0.095	0.088	0.218	0.212	0.097	0.109	0.318	0.459	0.067	0.128	0.05	0.249	0.0569999999999999	0.627	0.0689999999999999	0.063	0.068	0.059	0.075	0.543	0.0849999999999999	0.207	0.053	0.0699999999999999	0.058	0.0559999999999999	0.199	0.061	0.08	0.0699999999999999	0.071	0.087	0.131	0.043	0.0559999999999999	0.047	0.063	0.06	0.044	0.53	0.318	0.097	0.093	0.033	0.145	0.068	0.074	0.086	0.071	0.131	0.047
Lelliottia sp. WB101	0.001	0.001	0.03	0.002	0.001	0.002	0.002	0.001	0.002	0.002	0.002	0.001	0.001	0.004	0.001	0.008	0.002	0.001	0.029	0.001	0.002	0.002	0.001	0.002	0.002	0.001	0.001	0.002	0.002	0.008	0.001	0.001	0.02	0.001	0.002	0.002	0.002	0.002	0.002	0.001	0.001	0.002	0.002	0.002	0.001	0.002	0.002	0.003	0.003	0.002	0.002	0.006	0.002	1.323	0.001	0.011	0.169	0.002	0.002	0.002	0.054	0.002	0.002	0.002	0.002	0.002	0.002	0.002	0.002	0.002	0.002	0.002	0.002	0.006	0.003	0.001	0.001	0.002	0.002	0.001	0.003	0.002	0.0069999999999999	0.002	0.002	0.067	0.002	0.001	0.002	0.002	0.002	0.002	0.002	0.002	0.003	0.002	0.003	0.001	0.002	0.002	0.001	0.002	0.002	0.002	0.001
Streptomyces lincolnensis	0.089	0.047	0.053	0.11	0.471	0.217	0.154	0.111	0.152	0.1119999999999999	0.205	0.1619999999999999	0.0569999999999999	0.054	0.038	0.165	0.169	0.374	0.116	0.083	0.043	0.18	0.065	0.2729999999999999	0.1619999999999999	0.083	0.181	0.374	0.3989999999999999	0.023	0.12	0.116	0.234	0.1139999999999999	0.106	0.2269999999999999	0.245	0.177	0.1129999999999999	0.059	0.286	0.1709999999999999	0.095	0.396	0.0569999999999999	0.109	0.15	0.102	0.041	0.0689999999999999	0.148	0.1379999999999999	0.361	0.0139999999999999	0.068	0.178	0.136	0.072	0.503	0.272	0.024	0.019	0.167	0.133	0.265	0.062	0.0849999999999999	0.15	0.206	0.091	0.141	0.396	0.053	0.128	0.077	0.068	0.201	0.084	0.577	0.182	0.12	0.1129999999999999	0.03	0.172	0.082	0.073	0.044	0.265	0.418	0.073	0.116	0.247	0.231	0.145	0.0849999999999999	0.098	0.134	0.434	0.131	0.146	0.104	0.1619999999999999	0.376	0.133	0.728
Paraburkholderia caribensis	0.0559999999999999	0.063	0.217	0.051	0.24	0.117	0.169	0.313	0.107	0.047	0.045	0.2729999999999999	0.088	0.016	0.3389999999999999	0.054	0.179	0.177	0.129	0.1129999999999999	0.154	0.083	0.082	0.1149999999999999	0.257	0.1949999999999999	0.267	0.106	0.122	0.03	0.052	0.144	0.104	0.1619999999999999	0.149	0.129	0.1369999999999999	0.099	0.412	0.11	0.107	0.063	0.049	0.067	0.029	0.054	0.054	0.0809999999999999	0.068	0.041	0.202	0.053	0.173	0.049	0.046	0.116	0.043	0.086	0.094	0.0559999999999999	0.144	0.093	0.1399999999999999	0.051	0.124	0.045	0.325	0.053	0.147	0.054	0.1699999999999999	0.064	0.075	0.0559999999999999	0.062	0.29	0.232	0.055	0.125	0.321	0.046	0.08	0.118	0.052	0.101	0.084	0.077	0.164	0.18	1.093	0.063	0.234	0.204	0.0809999999999999	0.043	0.134	0.058	0.092	0.101	0.249	0.041	0.244	0.075	0.043	0.167
Pseudolabrys taiwanensis	0.12	0.047	0.06	0.67	0.023	0.246	0.233	0.22	0.309	0.601	0.064	0.174	0.045	0.034	0.0689999999999999	0.0809999999999999	0.2299999999999999	0.177	0.076	0.091	0.198	0.335	0.052	0.264	0.243	0.158	0.071	0.222	0.246	0.03	0.094	0.047	0.11	0.215	0.15	0.3239999999999999	0.316	0.328	0.244	0.047	0.242	0.083	0.6629999999999999	0.189	0.074	0.214	0.538	0.077	0.249	0.071	0.176	0.088	0.256	0.04	0.08	0.089	0.074	0.084	0.131	0.133	0.059	0.031	0.237	0.189	0.211	0.163	0.204	0.098	0.3229999999999999	0.198	0.236	0.262	0.16	0.127	0.357	0.046	0.188	0.067	0.205	0.233	0.106	0.256	0.079	0.268	0.087	0.1619999999999999	0.218	0.202	0.201	0.1379999999999999	0.218	0.262	0.166	0.121	0.044	0.122	0.293	0.147	0.143	0.299	0.0849999999999999	0.26	0.12	0.042	0.143
Sorangium cellulosum	0.1949999999999999	0.075	0.106	0.4669999999999999	0.059	0.255	0.32	0.207	0.298	0.491	0.059	0.196	0.073	0.0569999999999999	0.079	0.141	0.235	0.26	0.144	0.123	0.286	0.359	0.0849999999999999	0.215	0.191	0.158	0.103	0.216	0.299	0.0559999999999999	0.1379999999999999	0.095	0.212	0.249	0.239	0.372	0.301	0.32	0.233	0.065	0.289	0.133	0.541	0.299	0.095	0.388	0.519	0.124	0.503	0.1149999999999999	0.364	0.126	0.2759999999999999	0.08	0.111	0.167	0.108	0.131	0.2259999999999999	0.31	0.079	0.062	0.348	0.32	0.316	0.3	0.258	0.18	0.2729999999999999	0.315	0.244	0.288	0.199	0.093	0.5559999999999999	0.048	0.183	0.097	0.243	0.242	0.167	0.386	0.096	0.474	0.188	0.284	0.439	0.22	0.271	0.185	0.345	0.245	0.24	0.145	0.074	0.25	0.462	0.1949999999999999	0.252	0.271	0.12	0.2799999999999999	0.174	0.0689999999999999	0.231
Buttiauxella sp. 3AFRM03	0.0139999999999999	0.002	0.466	0.006	0.001	0.005	0.004	0.004	0.008	0.017	0.077	0.009	0.002	0.034	0.002	0.025	0.003	0.0069999999999999	0.026	0.002	0.001	0.002	0.003	0.006	0.006	0.0069999999999999	0.009	0.008	0.0069999999999999	0.2249999999999999	0.002	0.002	0.03	0.002	0.001	0.005	0.003	0.002	0.002	0.002	0.0069999999999999	0.002	0.004	0.006	0.198	0.002	0.017	0.734	0.002	0.003	0.004	0.001	0.008	0.026	0.002	0.002	0.026	0.048	0.001	0.003	0.002	0.01	0.003	0.002	0.004	0.0139999999999999	0.002	0.002	0.006	0.002	0.006	0.011	0.002	0.009	0.0139999999999999	0.005	0.002	0.005	0.011	0.002	0.025	0.005	0.6479999999999999	0.002	0.004	0.002	0.003	0.002	0.022	0.002	0.043	0.002	0.002	0.003	0.002	0.001	0.005	0.0069999999999999	0.001	0.003	0.002	0.003	0.513	0.302	0.005
Streptomyces sp. 3214.6	0.098	0.044	0.045	0.098	0.4499999999999999	0.188	0.142	0.101	0.146	0.102	0.176	0.151	0.054	0.05	0.034	0.158	0.165	0.351	0.118	0.0849999999999999	0.045	0.179	0.072	0.247	0.158	0.077	0.176	0.316	0.363	0.021	0.12	0.111	0.213	0.111	0.117	0.215	0.2239999999999999	0.167	0.104	0.0559999999999999	0.253	0.166	0.089	0.371	0.053	0.106	0.128	0.111	0.036	0.058	0.135	0.143	0.313	0.013	0.064	0.2	0.142	0.073	0.59	0.309	0.024	0.016	0.149	0.124	0.238	0.0569999999999999	0.083	0.147	0.189	0.1	0.1379999999999999	0.37	0.049	0.13	0.072	0.066	0.174	0.087	0.547	0.172	0.127	0.102	0.027	0.135	0.072	0.0699999999999999	0.046	0.249	0.351	0.072	0.105	0.214	0.21	0.131	0.096	0.09	0.1129999999999999	0.391	0.141	0.136	0.104	0.146	0.285	0.1399999999999999	0.577
Serratia plymuthica	0.005	0.004	0.021	0.009	0.003	0.011	0.01	0.009	0.008	0.009	0.005	0.006	0.021	1.176	0.164	0.009	0.017	0.0069999999999999	0.016	0.0069999999999999	0.008	0.01	0.0069999999999999	0.0069999999999999	0.0069999999999999	0.009	0.006	0.01	0.008	0.042	0.006	0.023	0.0069999999999999	0.018	0.008	0.0069999999999999	0.0069999999999999	0.01	0.008	0.0069999999999999	0.012	0.004	0.009	0.005	0.013	0.011	0.011	0.008	0.011	0.009	0.012	0.0069999999999999	0.01	0.031	0.008	0.044	0.0069999999999999	0.016	0.006	0.01	0.012	0.017	0.008	0.008	0.008	0.011	0.008	0.008	0.0069999999999999	0.008	0.0069999999999999	0.0069999999999999	0.0139999999999999	0.005	0.011	0.004	0.01	0.009	0.009	0.0069999999999999	0.015	0.011	0.012	0.006	0.008	0.01	0.009	0.0069999999999999	0.006	0.006	0.008	0.008	0.01	0.01	0.006	0.006	0.01	0.008	0.01	0.008	0.006	0.009	0.009	0.064	0.008
Paraburkholderia graminis	0.017	0.222	0.144	0.009	0.322	0.051	0.105	0.199	0.059	0.008	0.073	0.173	0.072	0.004	0.079	0.077	0.098	0.047	0.318	0.295	0.208	0.031	0.0569999999999999	0.054	0.135	0.122	0.5640000000000001	0.049	0.049	0.041	0.105	0.098	0.033	0.095	0.185	0.068	0.088	0.047	0.218	0.547	0.0559999999999999	0.022	0.008	0.018	0.039	0.009	0.01	0.092	0.011	0.02	0.08	0.018	0.093	0.019	0.074	0.282	0.204	0.051	0.164	0.048	0.04	0.083	0.066	0.019	0.062	0.012	0.166	0.093	0.074	0.0139999999999999	0.102	0.031	0.153	0.017	0.012	0.2269999999999999	0.122	0.0349999999999999	0.061	0.211	0.008	0.046	0.0569999999999999	0.044	0.5660000000000001	0.0279999999999999	0.015	0.102	0.0809999999999999	0.236	0.015	0.097	0.096	0.117	0.412	0.367	0.01	0.1139999999999999	0.101	0.11	0.008	0.0849999999999999	0.033	0.051	0.102
Streptomyces niveus	0.084	0.031	0.043	0.287	0.186	0.155	0.152	0.146	0.186	0.587	0.08	0.122	0.033	0.055	0.025	0.091	0.1619999999999999	0.332	0.062	0.06	0.045	0.19	0.044	0.255	0.238	0.2	0.101	0.269	0.25	0.016	0.086	0.058	0.151	0.122	0.071	0.21	0.286	0.163	0.111	0.033	0.198	0.111	0.417	0.268	0.042	0.087	0.2259999999999999	0.06	0.063	0.04	0.154	0.102	0.252	0.018	0.048	0.1369999999999999	0.0689999999999999	0.054	0.251	0.158	0.024	0.019	0.156	0.079	0.196	0.058	0.106	0.083	0.194	0.086	0.176	0.256	0.053	0.08	0.111	0.038	0.163	0.061	0.383	0.1699999999999999	0.079	0.16	0.025	0.151	0.066	0.086	0.062	0.243	0.318	0.059	0.109	0.161	0.164	0.068	0.0349999999999999	0.066	0.644	0.367	0.09	0.154	0.073	0.197	0.198	0.059	0.3889999999999999
Myxococcus xanthus	0.146	0.033	0.049	0.219	0.022	0.125	0.169	0.09	0.153	0.2289999999999999	0.0279999999999999	0.097	0.033	0.03	0.036	0.079	0.1119999999999999	0.128	0.058	0.068	0.16	0.173	0.074	0.122	0.089	0.079	0.052	0.11	0.153	0.0279999999999999	0.106	0.042	0.092	0.1149999999999999	0.109	0.168	0.145	0.177	0.11	0.041	0.148	0.072	0.255	0.161	0.05	0.3	0.239	0.0699999999999999	0.489	0.051	0.205	0.072	0.1389999999999999	0.044	0.0559999999999999	0.097	0.076	0.0809999999999999	0.211	0.453	0.042	0.026	0.203	0.8210000000000001	0.178	0.287	0.141	0.118	0.136	0.438	0.1149999999999999	0.159	0.1149999999999999	0.048	0.286	0.022	0.0849999999999999	0.061	0.133	0.11	0.1129999999999999	0.196	0.042	0.237	0.11	0.2	0.393	0.099	0.132	0.1129999999999999	0.188	0.125	0.125	0.079	0.047	0.143	0.255	0.1	0.183	0.135	0.065	0.135	0.144	0.041	0.121
Enterobacter cloacae complex sp. FDA-CDC-AR_0132	0.0	0.0	0.002	0.0	0.0	0.0	0.0	0.0	0.0	0.0	0.0	0.0	0.0	0.001	0.0	0.03	0.0	0.0	0.001	0.0	0.0	0.0	0.001	0.0	0.0	0.0	0.0	0.0	0.0	0.0	0.0	0.001	0.0	0.0	0.0	0.0	0.0	0.0	0.0	0.0	0.0	0.0	0.0	0.0	0.0	0.0	0.0	0.0	0.0	0.001	0.0	0.0	0.0	0.011	0.0	0.0	0.001	0.0	0.0	0.0	0.0	1.149	0.0	0.0	0.0	0.0	0.0	0.0	0.0	0.0	0.0	0.0	0.0	0.0	0.0	0.0	0.0	0.0	0.0	0.0	0.0	0.0	0.001	0.0	0.0	0.0	0.0	0.0	0.0	0.0	0.0	0.0	0.0	0.0	0.0	0.0	0.0	0.0	0.0	0.0	0.0	0.0	0.0	0.0	0.0
Ramlibacter tataouinensis	0.184	0.066	0.059	0.188	0.129	0.126	0.123	0.088	0.146	0.19	0.076	0.096	0.062	0.045	0.06	0.121	0.1119999999999999	0.11	0.084	0.077	0.242	0.135	0.105	0.106	0.096	0.089	0.075	0.122	0.121	0.048	0.134	0.097	0.095	0.101	0.1369999999999999	0.128	0.1379999999999999	0.126	0.0849999999999999	0.079	0.142	0.086	0.208	0.124	0.06	0.2779999999999999	0.203	0.127	0.649	0.088	0.231	0.124	0.119	0.055	0.076	0.092	0.107	0.107	0.2789999999999999	0.281	0.064	0.074	0.167	0.541	0.152	0.344	0.124	0.149	0.148	0.41	0.1149999999999999	0.1379999999999999	0.1139999999999999	0.099	0.283	0.067	0.099	0.068	0.1129999999999999	0.109	0.202	0.155	0.054	0.207	0.12	0.1399999999999999	0.7799999999999999	0.106	0.134	0.094	0.256	0.119	0.12	0.1399999999999999	0.079	0.283	0.2739999999999999	0.1	0.26	0.124	0.077	0.152	0.2269999999999999	0.102	0.126
Pseudomonas viridiflava	0.063	0.106	0.694	0.006	0.012	0.0139999999999999	0.009	0.0069999999999999	0.005	0.006	0.104	0.012	0.321	0.232	0.061	0.158	0.021	0.019	0.087	0.218	0.015	0.006	0.267	0.005	0.0069999999999999	0.031	0.079	0.0139999999999999	0.006	0.181	0.172	0.124	0.046	0.031	0.036	0.006	0.006	0.009	0.006	0.205	0.008	0.074	0.0069999999999999	0.034	0.184	0.013	0.0069999999999999	0.087	0.01	0.319	0.011	0.054	0.008	0.415	0.25	0.043	0.05	0.086	0.009	0.0139999999999999	0.166	0.478	0.008	0.008	0.0069999999999999	0.0069999999999999	0.0069999999999999	0.065	0.0069999999999999	0.015	0.01	0.006	0.049	0.041	0.0069999999999999	0.132	0.0139999999999999	0.299	0.009	0.006	0.062	0.006	0.066	0.005	0.0559999999999999	0.06	0.009	0.01	0.008	0.005	0.018	0.006	0.017	0.059	0.197	0.017	0.009	0.123	0.009	0.005	0.0699999999999999	0.017	0.016	0.084	0.009
Streptomyces griseorubiginosus	0.109	0.048	0.059	0.099	0.369	0.185	0.1369999999999999	0.094	0.132	0.101	0.2289999999999999	0.129	0.045	0.0689999999999999	0.033	0.174	0.154	0.282	0.104	0.075	0.0559999999999999	0.164	0.088	0.235	0.145	0.073	0.1699999999999999	0.313	0.338	0.026	0.131	0.098	0.174	0.095	0.109	0.196	0.197	0.153	0.098	0.047	0.242	0.166	0.086	0.299	0.0569999999999999	0.128	0.127	0.103	0.04	0.096	0.129	0.13	0.292	0.0139999999999999	0.062	0.175	0.144	0.061	0.707	0.266	0.021	0.016	0.143	0.198	0.223	0.088	0.075	0.16	0.176	0.116	0.129	0.329	0.054	0.146	0.068	0.0569999999999999	0.168	0.084	0.4669999999999999	0.157	0.145	0.099	0.025	0.169	0.089	0.072	0.045	0.235	0.3419999999999999	0.06	0.099	0.206	0.18	0.174	0.128	0.118	0.1139999999999999	0.328	0.1619999999999999	0.129	0.095	0.146	0.321	0.151	0.594
Novosphingobium sp. P6W	0.087	0.029	0.025	0.027	0.016	0.0279999999999999	0.019	0.016	0.019	0.03	0.198	0.016	0.058	0.268	0.041	0.172	0.013	0.0139999999999999	0.0349999999999999	0.058	0.037	0.017	0.058	0.018	0.017	0.012	0.073	0.024	0.017	0.038	0.1	0.093	0.037	0.013	0.02	0.017	0.021	0.016	0.013	0.124	0.022	0.044	0.024	0.034	0.079	0.034	0.029	0.055	0.051	0.327	0.024	0.0699999999999999	0.018	0.076	0.103	0.0139999999999999	0.84	0.088	0.03	0.032	0.066	0.168	0.023	0.1619999999999999	0.017	0.134	0.015	0.089	0.022	0.023	0.017	0.018	0.06	0.126	0.03	0.078	0.017	0.177	0.017	0.016	0.334	0.029	0.02	0.022	0.22	0.052	0.0559999999999999	0.0139999999999999	0.034	0.012	0.04	0.018	0.015	0.126	0.4519999999999999	0.027	0.039	0.021	0.034	0.017	0.026	0.021	0.064	0.282	0.037
Luteitalea pratensis	0.208	0.037	0.084	0.2	0.02	0.103	0.152	0.078	0.143	0.192	0.029	0.101	0.046	0.062	0.041	0.097	0.101	0.19	0.093	0.082	0.311	0.154	0.066	0.096	0.0809999999999999	0.073	0.076	0.108	0.179	0.051	0.106	0.045	0.1119999999999999	0.1139999999999999	0.127	0.163	0.141	0.197	0.12	0.026	0.147	0.087	0.2249999999999999	0.181	0.083	0.4049999999999999	0.205	0.0809999999999999	0.718	0.0559999999999999	0.235	0.108	0.145	0.117	0.091	0.111	0.079	0.097	0.1949999999999999	0.2239999999999999	0.064	0.047	0.217	0.291	0.174	0.296	0.1389999999999999	0.1	0.124	0.447	0.1	0.1149999999999999	0.164	0.097	0.379	0.03	0.089	0.079	0.1399999999999999	0.1	0.19	0.164	0.055	0.256	0.133	0.285	0.5910000000000001	0.089	0.165	0.13	0.221	0.119	0.123	0.063	0.052	0.191	0.304	0.101	0.218	0.13	0.088	0.129	0.12	0.0809999999999999	0.132
Streptomyces sp. TLI_053	0.053	0.016	0.026	0.16	0.044	0.263	0.293	0.135	0.188	0.141	0.021	0.079	0.0139999999999999	0.017	0.0139999999999999	0.0349999999999999	0.4599999999999999	0.123	0.027	0.0279999999999999	0.037	0.372	0.024	0.353	0.298	0.132	0.033	0.316	0.2749999999999999	0.009	0.044	0.02	0.087	0.1	0.04	0.199	0.133	0.2759999999999999	0.157	0.02	0.254	0.033	0.121	0.152	0.021	0.066	0.158	0.0279999999999999	0.064	0.022	0.168	0.038	0.235	0.0139999999999999	0.024	0.051	0.033	0.03	0.316	0.149	0.015	0.016	0.111	0.072	0.147	0.059	0.126	0.047	0.215	0.0689999999999999	0.402	0.25	0.034	0.03	0.099	0.0139999999999999	0.209	0.026	0.252	0.259	0.045	0.131	0.0139999999999999	0.095	0.043	0.0569999999999999	0.076	0.429	0.143	0.0849999999999999	0.103	0.203	0.15	0.034	0.018	0.045	0.102	0.104	0.065	0.266	0.025	0.291	0.173	0.026	0.124
Collimonas pratensis	0.071	0.052	0.046	0.1949999999999999	0.15	0.059	0.0349999999999999	0.501	0.239	0.0559999999999999	0.05	0.127	0.067	0.03	0.077	0.016	0.042	0.025	0.034	0.049	0.053	0.051	0.082	0.718	0.611	0.174	0.048	0.16	0.0279999999999999	0.022	0.06	0.148	0.079	0.024	0.065	0.043	0.177	0.064	0.042	0.067	0.104	0.062	0.0279999999999999	0.059	0.031	0.088	0.1	0.083	0.053	0.03	0.062	0.11	0.065	0.013	0.0569999999999999	0.041	0.053	0.072	0.078	0.0849999999999999	0.062	0.068	0.046	0.062	0.049	0.047	0.06	0.09	0.182	0.066	0.2279999999999999	0.105	0.1	0.042	0.032	0.063	0.257	0.0559999999999999	0.054	0.241	0.098	0.03	0.052	0.021	0.084	0.076	0.055	0.122	0.052	0.025	0.065	0.033	0.051	0.053	0.071	0.095	0.0699999999999999	0.061	0.108	0.172	0.0569999999999999	0.216	0.072	0.04	0.032
Lysobacter gummosus	0.06	0.027	0.04	0.034	0.0849999999999999	0.032	0.033	0.021	0.031	0.0349999999999999	0.054	0.022	0.031	0.076	0.027	0.047	0.026	0.026	0.026	0.032	0.047	0.032	0.021	0.025	0.02	0.021	0.026	0.027	0.03	0.017	0.037	0.052	0.029	0.024	0.042	0.032	0.038	0.031	0.023	0.0279999999999999	0.031	0.098	0.04	0.054	0.1389999999999999	0.093	0.037	0.038	0.119	0.031	0.044	0.033	0.0279999999999999	0.0139999999999999	0.019	0.058	0.03	0.067	0.0569999999999999	0.298	0.045	0.024	0.045	0.098	0.032	0.8829999999999999	0.031	0.573	0.029	0.1149999999999999	0.029	0.031	0.031	0.086	0.062	0.02	0.02	0.0349999999999999	0.024	0.024	0.0559999999999999	0.037	0.037	0.102	0.042	0.03	0.144	0.025	0.032	0.023	0.039	0.025	0.026	0.066	0.167	0.039	0.059	0.022	0.061	0.0279999999999999	0.033	0.03	0.124	0.046	0.027
Bosea vaviloviae	0.5559999999999999	0.064	0.065	0.161	0.06	0.0809999999999999	0.078	0.088	0.097	0.238	0.248	0.06	0.099	0.071	0.054	0.261	0.063	0.064	0.087	0.0699999999999999	0.099	0.086	0.202	0.082	0.077	0.0559999999999999	0.079	0.151	0.098	0.065	0.1399999999999999	0.101	0.072	0.058	0.118	0.093	0.144	0.0849999999999999	0.071	0.089	0.125	0.108	0.164	0.068	0.193	0.327	0.158	0.241	0.128	0.125	0.072	0.055	0.083	0.0349999999999999	0.1369999999999999	0.086	0.49	0.141	0.089	0.087	0.062	0.031	0.092	0.284	0.074	0.335	0.065	0.147	0.129	0.289	0.072	0.077	0.072	0.357	0.1369999999999999	0.1389999999999999	0.073	0.095	0.086	0.079	0.231	0.092	0.05	0.3429999999999999	0.062	0.071	0.187	0.0699999999999999	0.151	0.05	0.102	0.0849999999999999	0.058	0.508	0.426	0.066	0.166	0.058	0.109	0.08	0.082	0.087	0.241	0.292	0.12
Streptomyces davaonensis	0.0689999999999999	0.036	0.038	0.087	0.378	0.166	0.129	0.087	0.13	0.093	0.141	0.136	0.046	0.038	0.03	0.124	0.143	0.3229999999999999	0.093	0.0699999999999999	0.034	0.155	0.046	0.208	0.132	0.071	0.148	0.2779999999999999	0.3389999999999999	0.017	0.092	0.095	0.188	0.103	0.08	0.204	0.204	0.146	0.096	0.047	0.2239999999999999	0.1369999999999999	0.084	0.33	0.044	0.08	0.1129999999999999	0.0809999999999999	0.036	0.044	0.126	0.1149999999999999	0.282	0.012	0.055	0.151	0.096	0.06	0.35	0.214	0.021	0.015	0.144	0.084	0.218	0.044	0.078	0.1139999999999999	0.168	0.0689999999999999	0.1129999999999999	0.331	0.044	0.094	0.068	0.053	0.153	0.068	0.503	0.151	0.089	0.097	0.025	0.119	0.062	0.064	0.038	0.209	0.33	0.066	0.101	0.194	0.19	0.1	0.053	0.074	0.105	0.371	0.098	0.117	0.088	0.13	0.285	0.088	0.5519999999999999
Dinoroseobacter shibae	0.182	0.061	0.092	0.411	0.068	0.231	0.302	0.196	0.297	0.394	0.089	0.161	0.0689999999999999	0.0569999999999999	0.074	0.116	0.213	0.166	0.105	0.093	0.303	0.321	0.068	0.223	0.192	0.157	0.097	0.192	0.262	0.051	0.116	0.101	0.143	0.1949999999999999	0.194	0.3	0.285	0.3389999999999999	0.2269999999999999	0.0689999999999999	0.245	0.102	0.3899999999999999	0.204	0.095	0.314	0.436	0.1379999999999999	0.477	0.089	0.351	0.088	0.234	0.073	0.083	0.117	0.118	0.1139999999999999	0.206	0.251	0.086	0.0809999999999999	0.312	0.253	0.217	0.338	0.239	0.19	0.272	0.239	0.216	0.251	0.172	0.122	0.424	0.049	0.1709999999999999	0.0699999999999999	0.2239999999999999	0.216	0.143	0.302	0.084	0.2799999999999999	0.1399999999999999	0.208	0.4499999999999999	0.163	0.209	0.212	0.246	0.235	0.194	0.19	0.075	0.232	0.4049999999999999	0.16	0.238	0.266	0.091	0.265	0.134	0.077	0.196
Pseudomonas synxantha	0.099	0.218	0.529	0.011	0.037	0.053	0.027	0.02	0.0139999999999999	0.0139999999999999	0.149	0.045	0.272	0.38	0.1369999999999999	0.204	0.072	0.04	0.179	0.175	0.038	0.012	0.267	0.01	0.013	0.096	0.098	0.044	0.011	0.271	0.097	0.109	0.118	0.1139999999999999	0.102	0.011	0.01	0.021	0.012	0.211	0.026	0.117	0.011	0.037	0.328	0.04	0.012	0.133	0.017	0.281	0.025	0.098	0.019	0.393	0.208	0.13	0.087	0.128	0.02	0.047	0.179	0.255	0.023	0.015	0.015	0.0139999999999999	0.013	0.058	0.0139999999999999	0.037	0.0279999999999999	0.013	0.102	0.134	0.013	0.191	0.047	0.293	0.031	0.013	0.063	0.01	0.143	0.009	0.082	0.0699999999999999	0.015	0.026	0.019	0.009	0.048	0.013	0.064	0.067	0.2799999999999999	0.072	0.0139999999999999	0.076	0.018	0.012	0.201	0.023	0.033	0.271	0.017
Variovorax sp. HW608	0.235	0.048	0.059	0.211	0.126	0.188	0.201	0.143	0.212	0.204	0.098	0.174	0.061	0.06	0.058	0.132	0.128	0.127	0.0809999999999999	0.071	0.2279999999999999	0.19	0.09	0.205	0.153	0.135	0.064	0.214	0.165	0.058	0.134	0.076	0.1379999999999999	0.132	0.1369999999999999	0.184	0.285	0.165	0.117	0.074	0.233	0.072	0.208	0.129	0.075	0.271	0.295	0.123	0.446	0.083	0.286	0.086	0.178	0.049	0.071	0.08	0.126	0.1139999999999999	0.235	0.232	0.054	0.0849999999999999	0.199	0.451	0.201	0.263	0.128	0.126	0.251	0.42	0.135	0.213	0.084	0.1149999999999999	0.326	0.065	0.172	0.061	0.188	0.185	0.212	0.188	0.033	0.133	0.09	0.127	0.656	0.1399999999999999	0.211	0.098	0.434	0.181	0.149	0.141	0.0809999999999999	0.313	0.345	0.165	0.2279999999999999	0.243	0.071	0.257	0.264	0.135	0.234
Pseudomonas orientalis	0.089	0.188	0.51	0.01	0.0279999999999999	0.036	0.023	0.018	0.01	0.011	0.144	0.042	0.376	0.353	0.12	0.246	0.058	0.032	0.167	0.169	0.034	0.01	0.21	0.01	0.013	0.096	0.091	0.038	0.011	0.296	0.091	0.103	0.108	0.097	0.08	0.01	0.009	0.02	0.01	0.2249999999999999	0.021	0.119	0.01	0.032	0.294	0.034	0.012	0.11	0.017	0.272	0.022	0.093	0.018	0.373	0.206	0.126	0.09	0.122	0.019	0.038	0.168	0.248	0.019	0.015	0.013	0.013	0.011	0.058	0.013	0.032	0.022	0.011	0.09	0.1139999999999999	0.012	0.177	0.037	0.266	0.024	0.012	0.064	0.009	0.13	0.009	0.082	0.062	0.0139999999999999	0.023	0.016	0.01	0.0349999999999999	0.011	0.048	0.0699999999999999	0.285	0.047	0.0139999999999999	0.076	0.017	0.01	0.18	0.022	0.029	0.231	0.016
Bradyrhizobium ottawaense	0.208	0.11	0.131	0.425	0.169	0.353	0.283	0.351	0.407	0.423	0.265	0.385	0.119	0.061	0.312	0.21	0.2759999999999999	0.285	0.265	0.2289999999999999	0.4	0.374	0.204	0.432	0.478	0.216	0.252	0.419	0.371	0.084	0.302	0.145	0.38	0.252	0.291	0.416	0.396	0.348	0.3239999999999999	0.376	0.446	0.2249999999999999	0.387	0.252	0.104	0.258	0.376	0.204	0.266	0.246	0.199	0.222	0.373	0.0559999999999999	0.222	0.208	0.266	0.264	0.223	0.193	0.265	0.131	0.302	0.286	0.361	0.217	0.2789999999999999	0.336	0.494	0.294	0.379	0.411	0.241	0.321	0.381	0.33	0.379	0.165	0.283	0.3419999999999999	0.187	0.376	0.149	0.437	0.263	0.236	0.261	0.477	0.373	0.164	0.372	0.472	0.236	0.386	0.182	0.22	0.314	0.253	0.2759999999999999	0.357	0.252	0.33	0.242	0.095	0.21
Caulobacter vibrioides	0.191	0.022	0.0699999999999999	0.076	0.047	0.062	0.058	0.052	0.055	0.063	0.5640000000000001	0.039	0.1139999999999999	0.053	0.036	0.099	0.048	0.033	0.052	0.049	0.141	0.051	0.043	0.054	0.054	0.033	0.0699999999999999	0.051	0.053	0.09	0.132	0.419	0.051	0.039	0.148	0.047	0.053	0.06	0.045	0.217	0.049	0.0569999999999999	0.063	0.046	0.12	0.121	0.079	0.261	0.097	0.147	0.068	0.065	0.046	0.022	0.091	0.065	0.179	0.141	0.075	0.087	0.186	0.257	0.062	0.098	0.047	0.163	0.06	0.604	0.063	0.053	0.062	0.0569999999999999	0.073	0.376	0.087	0.169	0.049	0.05	0.0559999999999999	0.053	0.132	0.059	0.058	0.064	0.067	0.065	0.1129999999999999	0.041	0.053	0.046	0.06	0.0559999999999999	0.046	0.439	0.213	0.086	0.0849999999999999	0.031	0.128	0.063	0.051	0.079	0.053	0.091	0.042
Caulobacter segnis	0.1709999999999999	0.02	0.067	0.052	0.048	0.049	0.047	0.039	0.045	0.048	0.553	0.031	0.106	0.044	0.029	0.09	0.037	0.027	0.046	0.042	0.124	0.043	0.039	0.044	0.042	0.026	0.067	0.042	0.044	0.087	0.125	0.344	0.043	0.029	0.135	0.039	0.043	0.048	0.033	0.213	0.04	0.049	0.047	0.039	0.1129999999999999	0.1119999999999999	0.06	0.252	0.077	0.143	0.0569999999999999	0.061	0.037	0.019	0.083	0.06	0.18	0.132	0.066	0.077	0.1699999999999999	0.251	0.052	0.088	0.04	0.156	0.044	0.5930000000000001	0.052	0.045	0.051	0.044	0.0689999999999999	0.358	0.065	0.165	0.038	0.048	0.042	0.043	0.122	0.048	0.054	0.0569999999999999	0.062	0.0569999999999999	0.093	0.033	0.041	0.0349999999999999	0.048	0.045	0.033	0.402	0.199	0.075	0.071	0.024	0.116	0.051	0.047	0.064	0.047	0.0849999999999999	0.0349999999999999
Streptomyces griseochromogenes	0.066	0.04	0.034	0.087	0.377	0.146	0.123	0.087	0.135	0.094	0.129	0.142	0.05	0.034	0.031	0.122	0.142	0.332	0.104	0.077	0.031	0.161	0.049	0.199	0.136	0.071	0.156	0.247	0.318	0.016	0.092	0.098	0.1949999999999999	0.106	0.078	0.204	0.207	0.147	0.098	0.062	0.206	0.1389999999999999	0.089	0.335	0.059	0.068	0.104	0.09	0.03	0.039	0.12	0.121	0.263	0.011	0.055	0.147	0.1	0.064	0.321	0.1949999999999999	0.021	0.015	0.134	0.062	0.204	0.038	0.079	0.118	0.165	0.062	0.118	0.319	0.047	0.0809999999999999	0.062	0.0559999999999999	0.144	0.072	0.504	0.155	0.088	0.094	0.0279999999999999	0.101	0.061	0.065	0.0349999999999999	0.205	0.288	0.0689999999999999	0.092	0.186	0.194	0.087	0.048	0.0699999999999999	0.089	0.37	0.092	0.122	0.091	0.126	0.2289999999999999	0.075	0.468
Microvirga ossetica	0.2239999999999999	0.046	0.048	0.142	0.027	0.066	0.073	0.0569999999999999	0.078	0.125	0.058	0.0569999999999999	0.047	0.06	0.046	0.212	0.059	0.064	0.0699999999999999	0.079	0.145	0.084	0.134	0.065	0.061	0.043	0.083	0.061	0.083	0.036	0.245	0.059	0.041	0.054	0.1369999999999999	0.095	0.083	0.096	0.073	0.059	0.072	0.098	0.122	0.066	0.072	0.1369999999999999	0.125	0.176	0.43	0.096	0.064	0.117	0.075	0.049	0.068	0.0849999999999999	0.15	0.179	0.218	0.161	0.062	0.042	0.084	0.515	0.071	0.487	0.072	0.193	0.077	0.529	0.063	0.064	0.125	0.1139999999999999	0.117	0.04	0.052	0.073	0.062	0.059	0.2	0.082	0.042	0.259	0.178	0.236	0.377	0.054	0.064	0.058	0.079	0.074	0.06	0.134	0.055	0.086	0.102	0.051	0.179	0.075	0.096	0.073	0.053	0.073	0.052
Janthinobacterium sp. 1_2014MBL_MicDiv	0.1699999999999999	0.116	0.101	0.021	0.4539999999999999	0.059	0.023	0.025	0.022	0.019	0.135	0.026	0.218	0.098	0.348	0.018	0.062	0.041	0.079	0.105	0.095	0.022	0.186	0.022	0.0279999999999999	0.072	0.105	0.03	0.02	0.104	0.123	0.475	0.301	0.024	0.152	0.023	0.024	0.02	0.022	0.199	0.029	0.133	0.019	0.1139999999999999	0.067	0.212	0.022	0.199	0.0569999999999999	0.049	0.075	0.261	0.03	0.02	0.161	0.0849999999999999	0.131	0.172	0.185	0.187	0.198	0.194	0.042	0.116	0.0569999999999999	0.079	0.094	0.2	0.019	0.142	0.061	0.02	0.21	0.108	0.024	0.179	0.0279999999999999	0.147	0.026	0.018	0.426	0.017	0.16	0.018	0.154	0.187	0.0569999999999999	0.065	0.043	0.027	0.065	0.022	0.075	0.147	0.219	0.184	0.029	0.032	0.251	0.022	0.168	0.031	0.146	0.088	0.04
Streptomyces hygroscopicus	0.089	0.036	0.04	0.131	0.3389999999999999	0.161	0.143	0.105	0.158	0.129	0.119	0.141	0.047	0.038	0.032	0.126	0.167	0.349	0.096	0.074	0.042	0.19	0.048	0.2239999999999999	0.1619999999999999	0.087	0.15	0.268	0.317	0.018	0.097	0.092	0.191	0.117	0.082	0.2279999999999999	0.214	0.168	0.111	0.048	0.218	0.1389999999999999	0.133	0.336	0.045	0.087	0.155	0.08	0.048	0.045	0.131	0.121	0.271	0.015	0.058	0.163	0.096	0.066	0.354	0.198	0.025	0.02	0.151	0.079	0.219	0.053	0.09	0.119	0.19	0.078	0.144	0.327	0.051	0.089	0.088	0.053	0.154	0.072	0.479	0.174	0.089	0.118	0.0279999999999999	0.135	0.071	0.078	0.051	0.241	0.301	0.071	0.106	0.193	0.198	0.089	0.049	0.077	0.141	0.385	0.102	0.144	0.094	0.151	0.221	0.071	0.451
Mesorhizobium amorphae	0.1699999999999999	0.141	0.0849999999999999	0.134	0.173	0.0569999999999999	0.045	0.055	0.058	0.129	0.424	0.043	0.078	0.105	0.119	0.299	0.036	0.062	0.146	0.1149999999999999	0.219	0.053	0.1129999999999999	0.051	0.052	0.0279999999999999	0.124	0.063	0.059	0.071	0.15	0.097	0.076	0.034	0.156	0.0569999999999999	0.064	0.051	0.043	0.1129999999999999	0.064	0.106	0.098	0.064	0.165	0.153	0.123	0.223	0.12	0.198	0.0689999999999999	0.078	0.0569999999999999	0.03	0.076	0.107	0.26	0.166	0.181	0.164	0.088	0.075	0.073	0.317	0.055	0.169	0.044	0.285	0.08	0.196	0.047	0.046	0.116	0.316	0.122	0.116	0.045	0.082	0.044	0.049	0.111	0.078	0.1	0.6819999999999999	0.149	0.084	0.168	0.047	0.0809999999999999	0.036	0.087	0.053	0.045	0.4009999999999999	0.261	0.146	0.131	0.074	0.194	0.054	0.099	0.06	0.1149999999999999	0.173	0.062
Amycolatopsis mediterranei	0.077	0.041	0.106	0.265	0.048	0.232	0.246	0.165	0.249	0.252	0.04	0.169	0.032	0.0349999999999999	0.039	0.068	0.117	0.122	0.084	0.062	0.064	0.242	0.045	0.283	0.248	0.177	0.067	0.335	0.206	0.024	0.092	0.058	0.076	0.163	0.1149999999999999	0.2259999999999999	0.3229999999999999	0.222	0.199	0.078	0.2729999999999999	0.0699999999999999	0.25	0.1119999999999999	0.043	0.098	0.264	0.06	0.122	0.058	0.2739999999999999	0.059	0.288	0.033	0.053	0.094	0.066	0.0569999999999999	0.097	0.093	0.04	0.05	0.217	0.105	0.18	0.116	0.152	0.118	0.331	0.107	0.174	0.209	0.077	0.045	0.301	0.037	0.22	0.047	0.201	0.255	0.077	0.289	0.037	0.266	0.122	0.1	0.103	0.157	0.231	0.063	0.2289999999999999	0.213	0.132	0.1119999999999999	0.0349999999999999	0.084	0.488	0.217	0.088	0.233	0.055	0.271	0.107	0.059	0.26
Enterobacter cloacae	0.015	0.0069999999999999	0.1129999999999999	0.03	0.009	0.011	0.015	0.01	0.0139999999999999	0.03	0.018	0.01	0.012	0.022	0.012	0.097	0.011	0.009	0.101	0.011	0.015	0.013	0.01	0.01	0.011	0.01	0.012	0.011	0.012	0.047	0.011	0.011	0.01	0.01	0.012	0.0139999999999999	0.015	0.015	0.01	0.01	0.012	0.02	0.018	0.012	0.01	0.018	0.027	0.016	0.021	0.01	0.019	0.01	0.012	0.099	0.011	0.009	0.026	0.0139999999999999	0.012	0.015	0.031	0.953	0.016	0.015	0.013	0.015	0.013	0.015	0.013	0.012	0.012	0.013	0.011	0.03	0.018	0.011	0.01	0.012	0.011	0.011	0.012	0.0139999999999999	0.036	0.016	0.013	0.0139999999999999	0.022	0.01	0.011	0.011	0.0139999999999999	0.012	0.011	0.016	0.012	0.012	0.021	0.01	0.0139999999999999	0.011	0.013	0.012	0.012	0.012	0.011
Variovorax boronicumulans	0.254	0.046	0.072	0.1389999999999999	0.121	0.158	0.107	0.15	0.1119999999999999	0.126	0.327	0.148	0.091	0.267	0.053	0.293	0.0689999999999999	0.066	0.066	0.068	0.133	0.093	0.134	0.144	0.111	0.089	0.0569999999999999	0.18	0.088	0.111	0.187	0.096	0.164	0.078	0.123	0.104	0.204	0.084	0.058	0.091	0.209	0.075	0.13	0.0809999999999999	0.236	0.25	0.2259999999999999	0.205	0.249	0.08	0.156	0.0699999999999999	0.146	0.037	0.09	0.067	0.1149999999999999	0.176	0.142	0.131	0.044	0.073	0.158	0.319	0.129	0.294	0.073	0.165	0.172	0.2769999999999999	0.109	0.116	0.064	0.169	0.173	0.077	0.133	0.066	0.157	0.1119999999999999	0.2749999999999999	0.104	0.032	0.132	0.071	0.074	0.526	0.089	0.191	0.045	0.218	0.098	0.126	0.158	0.21	0.164	0.38	0.2779999999999999	0.211	0.13	0.064	0.136	0.523	0.1369999999999999	0.408
Bradyrhizobium sp. ORS 3257	0.161	0.091	0.103	0.382	0.151	0.307	0.241	0.314	0.357	0.374	0.209	0.329	0.098	0.046	0.259	0.175	0.241	0.22	0.222	0.184	0.31	0.329	0.147	0.379	0.424	0.188	0.204	0.366	0.311	0.0689999999999999	0.234	0.121	0.266	0.22	0.24	0.37	0.351	0.312	0.285	0.322	0.393	0.175	0.338	0.2	0.0809999999999999	0.194	0.346	0.173	0.204	0.1949999999999999	0.1709999999999999	0.165	0.321	0.044	0.175	0.164	0.2279999999999999	0.207	0.179	0.151	0.218	0.102	0.256	0.2239999999999999	0.298	0.173	0.239	0.27	0.4349999999999999	0.22	0.331	0.366	0.19	0.253	0.313	0.2749999999999999	0.3389999999999999	0.131	0.25	0.302	0.1399999999999999	0.306	0.123	0.374	0.21	0.181	0.2	0.424	0.315	0.1369999999999999	0.3	0.414	0.197	0.327	0.15	0.181	0.271	0.207	0.22	0.312	0.191	0.292	0.189	0.073	0.179
Rhodococcus erythropolis	0.015	0.005	0.01	0.022	0.002	0.023	0.025	0.012	0.015	0.023	0.003	0.011	0.003	0.004	0.003	0.048	0.045	0.073	0.008	0.005	0.009	0.025	0.006	0.018	0.02	0.02	0.008	0.09	0.386	0.003	0.011	0.003	0.03	0.034	0.0139999999999999	0.121	0.0139999999999999	0.044	0.018	0.012	0.22	0.004	0.023	0.025	0.005	0.012	0.025	0.012	0.027	0.006	0.029	0.005	0.027	0.005	0.004	0.011	0.021	0.029	0.016	0.009	0.004	0.006	0.023	0.025	0.095	0.015	0.018	0.8340000000000001	0.022	0.089	0.016	0.019	0.006	0.0139999999999999	0.015	0.003	0.02	0.005	0.093	0.009	0.01	0.016	0.004	0.027	0.009	0.0139999999999999	0.072	0.022	0.029	0.01	0.038	0.02	0.015	0.011	0.005	0.008	0.022	0.018	0.0349999999999999	0.016	0.005	0.023	0.099	0.008	0.034
Gemmatirosa kalamazoonesis	0.123	0.036	0.044	0.221	0.0279999999999999	0.191	0.222	0.159	0.216	0.202	0.024	0.102	0.029	0.027	0.031	0.083	0.213	0.129	0.055	0.079	0.266	0.27	0.05	0.186	0.156	0.116	0.058	0.16	0.192	0.031	0.087	0.041	0.084	0.144	0.1369999999999999	0.177	0.1699999999999999	0.316	0.1709999999999999	0.029	0.189	0.063	0.2259999999999999	0.199	0.05	0.3419999999999999	0.251	0.095	0.432	0.04	0.288	0.076	0.155	0.041	0.068	0.079	0.084	0.0689999999999999	0.2289999999999999	0.238	0.031	0.019	0.295	0.291	0.266	0.285	0.254	0.095	0.1709999999999999	0.19	0.2249999999999999	0.202	0.129	0.038	0.237	0.02	0.13	0.05	0.179	0.142	0.1119999999999999	0.146	0.04	0.211	0.098	0.153	0.398	0.15	0.158	0.155	0.2299999999999999	0.18	0.142	0.068	0.048	0.205	0.243	0.091	0.241	0.2259999999999999	0.051	0.255	0.159	0.047	0.148
Actinomadura amylolytica	0.037	0.016	0.023	0.2289999999999999	0.016	0.179	0.206	0.184	0.296	0.1709999999999999	0.013	0.127	0.011	0.0139999999999999	0.0139999999999999	0.033	0.1369999999999999	0.0809999999999999	0.025	0.027	0.0349999999999999	0.3229999999999999	0.018	0.267	0.232	0.193	0.025	0.176	0.184	0.009	0.038	0.015	0.038	0.2259999999999999	0.039	0.208	0.256	0.322	0.231	0.016	0.2259999999999999	0.026	0.202	0.082	0.021	0.0569999999999999	0.211	0.025	0.0689999999999999	0.021	0.1389999999999999	0.026	0.182	0.015	0.025	0.0349999999999999	0.023	0.027	0.05	0.044	0.013	0.013	0.152	0.054	0.141	0.054	0.158	0.034	0.242	0.061	0.167	0.25	0.04	0.02	0.152	0.013	0.179	0.022	0.121	0.198	0.03	0.216	0.016	0.102	0.047	0.0569999999999999	0.062	0.149	0.1129999999999999	0.076	0.119	0.243	0.108	0.027	0.013	0.04	0.1399999999999999	0.118	0.044	0.2789999999999999	0.022	0.253	0.059	0.015	0.102
Collimonas arenae	0.062	0.041	0.042	0.193	0.1369999999999999	0.0569999999999999	0.034	0.393	0.222	0.054	0.044	0.124	0.0569999999999999	0.031	0.0699999999999999	0.015	0.038	0.025	0.031	0.041	0.049	0.053	0.067	0.598	0.506	0.15	0.04	0.131	0.026	0.021	0.047	0.131	0.066	0.025	0.053	0.041	0.1619999999999999	0.071	0.038	0.0569999999999999	0.102	0.05	0.03	0.052	0.026	0.084	0.1119999999999999	0.068	0.0569999999999999	0.025	0.054	0.088	0.0569999999999999	0.012	0.049	0.033	0.044	0.06	0.074	0.083	0.06	0.061	0.044	0.059	0.0349999999999999	0.045	0.051	0.074	0.1699999999999999	0.062	0.238	0.097	0.082	0.037	0.0349999999999999	0.053	0.236	0.047	0.059	0.256	0.086	0.029	0.044	0.023	0.061	0.063	0.058	0.106	0.0349999999999999	0.027	0.045	0.032	0.046	0.046	0.063	0.083	0.063	0.063	0.089	0.1389999999999999	0.051	0.209	0.064	0.0349999999999999	0.031
Mesorhizobium ciceri	0.217	0.1149999999999999	0.098	0.167	0.1379999999999999	0.0699999999999999	0.066	0.068	0.075	0.163	0.382	0.06	0.074	0.1	0.131	0.237	0.048	0.0809999999999999	0.1369999999999999	0.121	0.237	0.0699999999999999	0.1139999999999999	0.065	0.064	0.037	0.119	0.077	0.084	0.065	0.157	0.102	0.083	0.047	0.159	0.079	0.084	0.0699999999999999	0.058	0.105	0.083	0.118	0.132	0.0809999999999999	0.1379999999999999	0.181	0.1699999999999999	0.185	0.165	0.178	0.08	0.092	0.078	0.041	0.084	0.1129999999999999	0.205	0.151	0.172	0.1709999999999999	0.099	0.076	0.093	0.319	0.075	0.187	0.06	0.314	0.098	0.2269999999999999	0.062	0.059	0.12	0.326	0.156	0.1129999999999999	0.058	0.086	0.062	0.062	0.1379999999999999	0.096	0.127	0.699	0.146	0.123	0.211	0.058	0.1119999999999999	0.047	0.103	0.0699999999999999	0.0569999999999999	0.335	0.205	0.157	0.163	0.093	0.209	0.067	0.1129999999999999	0.075	0.166	0.177	0.077
Mycobacterium intracellulare	0.165	0.106	0.117	0.346	0.0559999999999999	0.2269999999999999	0.254	0.261	0.314	0.355	0.088	0.198	0.078	0.084	0.1119999999999999	0.185	0.217	0.196	0.201	0.141	0.16	0.299	0.083	0.266	0.247	0.211	0.154	0.237	0.305	0.055	0.173	0.091	0.128	0.244	0.219	0.381	0.292	0.285	0.258	0.129	0.314	0.131	0.36	0.175	0.124	0.173	0.434	0.142	0.24	0.124	0.234	0.106	0.244	0.0689999999999999	0.107	0.164	0.098	0.1619999999999999	0.159	0.15	0.1369999999999999	0.088	0.262	0.205	0.2289999999999999	0.193	0.2289999999999999	0.185	0.293	0.218	0.246	0.2789999999999999	0.136	0.257	0.318	0.1149999999999999	0.236	0.094	0.1949999999999999	0.238	0.128	0.415	0.234	0.479	0.233	0.25	0.222	0.2249999999999999	0.214	0.1149999999999999	0.222	0.346	0.178	0.214	0.071	0.145	0.304	0.215	0.182	0.2749999999999999	0.127	0.2749999999999999	0.154	0.068	0.196
Chryseolinea sp. KIS68-18	0.026	0.041	0.045	0.008	0.08	0.011	0.016	0.0069999999999999	0.013	0.012	0.053	0.01	0.019	0.003	0.044	0.048	0.01	0.01	0.058	0.018	0.016	0.013	0.008	0.01	0.009	0.008	0.029	0.01	0.012	0.021	0.021	0.018	0.017	0.01	0.108	0.012	0.013	0.012	0.009	0.021	0.011	0.0349999999999999	0.01	0.012	0.011	0.0139999999999999	0.009	0.04	0.023	0.089	0.02	0.032	0.013	0.017	0.046	0.03	0.026	0.016	0.016	0.034	0.048	0.009	0.012	0.02	0.011	0.018	0.009	0.039	0.015	0.025	0.009	0.012	0.012	0.89	0.019	0.049	0.009	0.01	0.015	0.01	0.018	0.0139999999999999	0.044	0.034	0.027	0.0139999999999999	0.022	0.009	0.009	0.008	0.015	0.01	0.012	0.063	0.087	0.038	0.02	0.009	0.022	0.012	0.0349999999999999	0.011	0.006	0.015	0.011
Arthrobacter sp. FB24	0.184	0.006	0.009	0.023	0.012	0.104	0.075	0.017	0.037	0.0279999999999999	0.01	0.021	0.004	0.023	0.005	0.019	0.2759999999999999	0.042	0.017	0.015	0.058	0.1399999999999999	0.036	0.032	0.022	0.054	0.0139999999999999	0.186	0.122	0.015	0.075	0.027	0.045	0.064	0.061	0.029	0.022	0.076	0.034	0.024	0.052	0.021	0.03	0.135	0.009	0.201	0.031	0.03	0.096	0.008	0.383	0.022	0.033	0.006	0.01	0.025	0.041	0.023	0.106	0.177	0.005	0.009	0.168	0.1149999999999999	0.577	0.096	0.193	0.0559999999999999	0.02	0.2259999999999999	0.054	0.068	0.023	0.043	0.031	0.004	0.023	0.02	0.04	0.017	0.106	0.033	0.005	0.0349999999999999	0.016	0.039	0.08	0.03	0.055	0.124	0.173	0.076	0.023	0.026	0.03	0.131	0.037	0.027	0.1399999999999999	0.037	0.011	0.153	0.302	0.055	0.031
Bradyrhizobium sp. CCGE-LA001	0.155	0.091	0.104	0.3399999999999999	0.149	0.287	0.221	0.297	0.332	0.334	0.215	0.317	0.1	0.046	0.258	0.177	0.221	0.207	0.223	0.184	0.306	0.303	0.149	0.352	0.409	0.176	0.204	0.349	0.287	0.0689999999999999	0.236	0.119	0.267	0.203	0.243	0.3429999999999999	0.328	0.2779999999999999	0.261	0.325	0.375	0.174	0.301	0.184	0.079	0.178	0.307	0.173	0.191	0.198	0.161	0.159	0.299	0.042	0.174	0.161	0.2259999999999999	0.209	0.174	0.144	0.221	0.107	0.235	0.222	0.2769999999999999	0.164	0.216	0.272	0.421	0.21	0.307	0.345	0.185	0.257	0.288	0.2799999999999999	0.325	0.13	0.237	0.289	0.135	0.283	0.126	0.372	0.209	0.1699999999999999	0.193	0.411	0.303	0.123	0.2779999999999999	0.395	0.182	0.35	0.153	0.177	0.248	0.194	0.217	0.293	0.193	0.2729999999999999	0.177	0.073	0.168
Kitasatospora sp. MMS16-BH015	0.033	0.011	0.017	0.126	0.0279999999999999	0.2	0.2269999999999999	0.104	0.1389999999999999	0.106	0.0139999999999999	0.06	0.009	0.011	0.009	0.024	0.382	0.077	0.019	0.019	0.024	0.282	0.016	0.267	0.231	0.1	0.022	0.245	0.213	0.006	0.029	0.013	0.06	0.078	0.027	0.156	0.104	0.206	0.118	0.0139999999999999	0.191	0.021	0.088	0.111	0.0139999999999999	0.048	0.146	0.019	0.042	0.015	0.144	0.025	0.187	0.009	0.016	0.032	0.021	0.02	0.2	0.1129999999999999	0.01	0.011	0.083	0.049	0.109	0.04	0.096	0.031	0.161	0.045	0.306	0.196	0.024	0.019	0.068	0.01	0.1619999999999999	0.017	0.185	0.194	0.029	0.092	0.01	0.064	0.03	0.038	0.05	0.327	0.097	0.073	0.086	0.155	0.1149999999999999	0.022	0.012	0.029	0.072	0.0699999999999999	0.042	0.201	0.018	0.258	0.117	0.017	0.084
Clavibacter michiganensis	0.186	0.0559999999999999	0.1	0.296	0.032	0.1949999999999999	0.255	0.164	0.3	0.327	0.0689999999999999	0.168	0.045	0.092	0.051	0.1709999999999999	0.177	0.172	0.103	0.102	0.1369999999999999	0.29	0.075	0.2239999999999999	0.211	0.193	0.094	0.2259999999999999	0.243	0.045	0.165	0.062	0.095	0.218	0.167	0.248	0.251	0.26	0.209	0.078	0.257	0.099	0.344	0.147	0.088	0.204	0.305	0.104	0.298	0.1	0.272	0.089	0.238	0.067	0.105	0.13	0.107	0.1139999999999999	0.168	0.169	0.076	0.128	0.268	0.265	0.234	0.213	0.19	0.133	0.239	0.284	0.177	0.256	0.116	0.132	0.3399999999999999	0.048	0.175	0.0849999999999999	0.185	0.197	0.16	0.442	0.079	0.3399999999999999	0.174	0.234	0.257	0.175	0.208	0.098	0.244	0.2259999999999999	0.1399999999999999	0.288	0.086	0.131	0.333	0.179	0.169	0.2269999999999999	0.099	0.282	0.151	0.082	0.176
Acinetobacter baumannii	0.0069999999999999	0.001	0.001	0.001	0.0	0.001	0.002	0.001	0.001	0.001	0.002	0.001	0.0	0.1149999999999999	0.1149999999999999	0.0	0.001	0.001	0.01	0.001	0.001	0.001	0.019	0.001	0.001	0.001	0.0	0.001	0.001	0.009	0.001	0.0	0.001	0.001	0.002	0.001	0.001	0.001	0.002	0.0069999999999999	0.001	0.0	0.001	0.001	0.001	0.001	0.001	0.005	0.001	0.076	0.001	0.0	0.002	0.001	0.001	0.0	0.041	0.0	0.0	0.01	0.001	0.0	0.001	0.023	0.001	0.8200000000000001	0.001	0.001	0.001	0.0069999999999999	0.001	0.001	0.001	0.037	0.001	0.001	0.001	0.209	0.001	0.001	0.045	0.001	0.0	0.001	0.001	0.001	0.004	0.001	0.001	0.001	0.003	0.001	0.001	0.002	0.005	0.001	0.001	0.001	0.001	0.001	0.0	0.001	0.001	0.036	0.001
Betaproteobacteria bacterium GR16-43	0.149	0.0279999999999999	0.054	0.148	0.027	0.122	0.118	0.082	0.15	0.148	0.0279999999999999	0.074	0.031	0.033	0.0279999999999999	0.104	0.107	0.157	0.063	0.053	0.154	0.174	0.053	0.101	0.083	0.072	0.0559999999999999	0.111	0.134	0.051	0.091	0.039	0.076	0.11	0.092	0.109	0.1	0.141	0.075	0.023	0.122	0.074	0.182	0.116	0.046	0.205	0.133	0.062	0.58	0.074	0.1699999999999999	0.073	0.103	0.093	0.063	0.0849999999999999	0.053	0.082	0.132	0.165	0.076	0.0569999999999999	0.165	0.268	0.116	0.206	0.109	0.083	0.131	0.185	0.127	0.152	0.091	0.101	0.3	0.04	0.0699999999999999	0.045	0.092	0.09	0.1619999999999999	0.1389999999999999	0.041	0.132	0.109	0.167	0.5720000000000001	0.0849999999999999	0.105	0.09	0.18	0.11	0.087	0.068	0.047	0.16	0.248	0.068	0.1389999999999999	0.1389999999999999	0.068	0.1389999999999999	0.088	0.071	0.088
Streptomyces sp. ZFG47	0.062	0.033	0.033	0.0809999999999999	0.307	0.127	0.11	0.077	0.118	0.084	0.1139999999999999	0.117	0.043	0.033	0.027	0.11	0.127	0.307	0.0809999999999999	0.065	0.032	0.142	0.041	0.1699999999999999	0.12	0.065	0.1369999999999999	0.208	0.2769999999999999	0.015	0.084	0.083	0.169	0.096	0.068	0.177	0.172	0.129	0.087	0.043	0.181	0.127	0.08	0.3229999999999999	0.04	0.067	0.097	0.073	0.036	0.036	0.104	0.109	0.2249999999999999	0.011	0.051	0.135	0.078	0.0559999999999999	0.286	0.169	0.02	0.015	0.121	0.067	0.179	0.04	0.0699999999999999	0.103	0.145	0.062	0.104	0.267	0.041	0.078	0.063	0.047	0.123	0.062	0.404	0.133	0.078	0.092	0.023	0.103	0.0569999999999999	0.061	0.039	0.179	0.259	0.058	0.088	0.157	0.166	0.078	0.042	0.065	0.0849999999999999	0.329	0.084	0.107	0.083	0.1149999999999999	0.203	0.065	0.391
Streptomyces sp. P3	0.075	0.031	0.034	0.0849999999999999	0.292	0.135	0.119	0.079	0.117	0.086	0.117	0.1129999999999999	0.039	0.037	0.025	0.107	0.134	0.2729999999999999	0.078	0.06	0.037	0.145	0.052	0.182	0.124	0.065	0.126	0.2239999999999999	0.2779999999999999	0.016	0.088	0.077	0.159	0.09	0.08	0.168	0.165	0.133	0.0849999999999999	0.04	0.19	0.121	0.077	0.2789999999999999	0.04	0.076	0.108	0.075	0.038	0.041	0.106	0.105	0.2299999999999999	0.012	0.047	0.141	0.091	0.053	0.3889999999999999	0.207	0.018	0.0139999999999999	0.12	0.092	0.181	0.047	0.0689999999999999	0.103	0.144	0.075	0.1139999999999999	0.269	0.038	0.089	0.064	0.045	0.131	0.063	0.392	0.1369999999999999	0.091	0.091	0.02	0.107	0.055	0.058	0.041	0.192	0.257	0.055	0.09	0.158	0.159	0.09	0.061	0.065	0.092	0.289	0.1	0.111	0.077	0.119	0.214	0.094	0.404
Nakamurella multipartita	0.066	0.015	0.032	0.159	0.009	0.146	0.157	0.119	0.3	0.208	0.012	0.133	0.015	0.022	0.0139999999999999	0.08	0.116	0.132	0.06	0.031	0.041	0.2749999999999999	0.032	0.169	0.121	0.163	0.034	0.186	0.262	0.015	0.094	0.017	0.0349999999999999	0.177	0.06	0.215	0.173	0.185	0.194	0.027	0.211	0.032	0.258	0.107	0.023	0.045	0.193	0.03	0.179	0.03	0.172	0.031	0.147	0.027	0.029	0.05	0.04	0.0559999999999999	0.083	0.041	0.023	0.062	0.238	0.1389999999999999	0.217	0.089	0.234	0.059	0.154	0.13	0.119	0.207	0.033	0.031	0.246	0.013	0.146	0.029	0.099	0.123	0.062	0.33	0.0139999999999999	0.111	0.084	0.119	0.184	0.108	0.168	0.048	0.2	0.258	0.092	0.042	0.02	0.0349999999999999	0.231	0.132	0.074	0.152	0.041	0.197	0.122	0.024	0.159
Stenotrophomonas maltophilia	0.1119999999999999	0.045	0.076	0.09	0.071	0.089	0.083	0.062	0.088	0.091	0.18	0.0559999999999999	0.075	0.121	0.073	0.071	0.072	0.066	0.062	0.062	0.098	0.0849999999999999	0.078	0.067	0.06	0.061	0.055	0.073	0.077	0.042	0.152	0.094	0.075	0.064	0.076	0.087	0.077	0.0849999999999999	0.064	0.105	0.077	0.237	0.097	0.09	0.046	0.145	0.099	0.084	0.186	0.092	0.116	0.098	0.079	0.0569999999999999	0.0849999999999999	0.0689999999999999	0.105	0.12	0.101	0.292	0.154	0.087	0.104	0.143	0.079	0.657	0.084	0.091	0.077	0.148	0.077	0.077	0.086	0.2269999999999999	0.134	0.054	0.0569999999999999	0.102	0.067	0.065	0.513	0.089	0.19	0.075	0.086	0.09	0.205	0.071	0.079	0.061	0.105	0.0699999999999999	0.0699999999999999	0.168	0.145	0.092	0.131	0.061	0.1149999999999999	0.072	0.095	0.079	0.092	0.0809999999999999	0.0699999999999999
Streptomyces nodosus	0.054	0.03	0.0279999999999999	0.0689999999999999	0.306	0.108	0.104	0.066	0.103	0.067	0.102	0.1129999999999999	0.042	0.029	0.024	0.103	0.128	0.3	0.073	0.061	0.026	0.134	0.037	0.152	0.1119999999999999	0.055	0.132	0.182	0.2769999999999999	0.0139999999999999	0.075	0.084	0.167	0.09	0.061	0.174	0.158	0.117	0.08	0.04	0.163	0.121	0.063	0.291	0.0349999999999999	0.054	0.079	0.0689999999999999	0.026	0.03	0.097	0.104	0.202	0.01	0.048	0.126	0.074	0.052	0.259	0.155	0.017	0.012	0.108	0.051	0.167	0.03	0.064	0.097	0.129	0.051	0.1	0.259	0.0349999999999999	0.067	0.05	0.045	0.109	0.06	0.419	0.129	0.072	0.077	0.022	0.0809999999999999	0.049	0.054	0.0279999999999999	0.165	0.2289999999999999	0.0559999999999999	0.082	0.142	0.163	0.065	0.036	0.055	0.065	0.314	0.073	0.102	0.078	0.106	0.1699999999999999	0.054	0.348
Sphingobium sp. RAC03	0.041	0.005	0.008	0.016	0.013	0.0139999999999999	0.011	0.01	0.012	0.016	0.039	0.009	0.027	0.073	0.016	0.022	0.008	0.008	0.013	0.0139999999999999	0.033	0.011	0.02	0.011	0.011	0.008	0.021	0.0139999999999999	0.011	0.012	0.033	0.031	0.02	0.0069999999999999	0.015	0.011	0.0139999999999999	0.011	0.008	0.017	0.012	0.018	0.015	0.013	0.048	0.03	0.017	0.023	0.027	0.0699999999999999	0.013	0.0139999999999999	0.011	0.008	0.012	0.008	0.466	0.027	0.019	0.019	0.044	0.021	0.0139999999999999	0.039	0.009	0.5559999999999999	0.009	0.033	0.013	0.015	0.012	0.011	0.029	0.1	0.018	0.0559999999999999	0.01	0.018	0.01	0.009	0.4029999999999999	0.013	0.015	0.016	0.0139999999999999	0.012	0.037	0.008	0.013	0.008	0.017	0.011	0.01	0.098	0.105	0.017	0.018	0.009	0.029	0.011	0.0349999999999999	0.011	0.02	0.08	0.012
Pseudomonas brassicacearum	0.073	0.168	0.125	0.006	0.047	0.036	0.018	0.012	0.006	0.005	0.099	0.027	0.186	0.202	0.166	0.1379999999999999	0.05	0.032	0.165	0.159	0.06	0.006	0.087	0.006	0.0069999999999999	0.062	0.0809999999999999	0.032	0.0069999999999999	0.26	0.06	0.105	0.09	0.088	0.247	0.005	0.006	0.0139999999999999	0.0069999999999999	0.211	0.017	0.065	0.005	0.026	0.49	0.045	0.006	0.164	0.011	0.158	0.016	0.0809999999999999	0.015	0.221	0.246	0.102	0.067	0.1	0.019	0.058	0.125	0.1149999999999999	0.0139999999999999	0.011	0.011	0.009	0.0069999999999999	0.033	0.008	0.04	0.019	0.0069999999999999	0.11	0.09	0.0069999999999999	0.1129999999999999	0.044	0.161	0.018	0.008	0.044	0.005	0.1389999999999999	0.005	0.048	0.051	0.01	0.021	0.013	0.006	0.044	0.008	0.053	0.042	0.141	0.071	0.008	0.034	0.018	0.006	0.149	0.0139999999999999	0.027	0.1699999999999999	0.012
Kitasatospora setae	0.033	0.011	0.017	0.111	0.025	0.177	0.211	0.094	0.134	0.102	0.013	0.0559999999999999	0.01	0.011	0.01	0.024	0.327	0.073	0.019	0.02	0.026	0.268	0.015	0.243	0.211	0.092	0.021	0.221	0.214	0.006	0.03	0.013	0.061	0.075	0.0279999999999999	0.145	0.099	0.191	0.111	0.015	0.176	0.022	0.086	0.118	0.0139999999999999	0.046	0.109	0.019	0.045	0.016	0.133	0.024	0.176	0.01	0.017	0.032	0.022	0.021	0.212	0.104	0.01	0.01	0.08	0.052	0.105	0.041	0.089	0.031	0.15	0.047	0.309	0.183	0.025	0.02	0.0699999999999999	0.009	0.147	0.017	0.165	0.177	0.029	0.093	0.01	0.066	0.031	0.04	0.052	0.314	0.095	0.064	0.074	0.142	0.108	0.023	0.012	0.03	0.071	0.066	0.044	0.181	0.018	0.196	0.124	0.017	0.08
Pseudomonas trivialis	0.062	0.1379999999999999	0.492	0.008	0.022	0.03	0.017	0.013	0.0069999999999999	0.008	0.096	0.031	0.208	0.256	0.089	0.175	0.044	0.024	0.116	0.119	0.02	0.008	0.163	0.0069999999999999	0.01	0.061	0.064	0.027	0.008	0.202	0.075	0.108	0.073	0.0699999999999999	0.048	0.0069999999999999	0.0069999999999999	0.0139999999999999	0.008	0.145	0.015	0.103	0.008	0.024	0.189	0.025	0.008	0.073	0.012	0.19	0.017	0.065	0.013	0.267	0.164	0.077	0.058	0.084	0.013	0.027	0.119	0.175	0.013	0.011	0.01	0.011	0.009	0.042	0.009	0.023	0.018	0.008	0.061	0.0809999999999999	0.009	0.123	0.031	0.188	0.017	0.009	0.046	0.0069999999999999	0.093	0.0069999999999999	0.054	0.045	0.01	0.017	0.012	0.006	0.03	0.008	0.043	0.046	0.232	0.036	0.011	0.052	0.012	0.008	0.129	0.016	0.022	0.173	0.012
Nonomuraea sp. ATCC 55076	0.065	0.029	0.039	0.2249999999999999	0.037	0.1709999999999999	0.205	0.165	0.2749999999999999	0.192	0.029	0.127	0.021	0.027	0.024	0.059	0.1379999999999999	0.11	0.044	0.047	0.061	0.296	0.033	0.242	0.212	0.176	0.044	0.174	0.187	0.016	0.068	0.03	0.0569999999999999	0.203	0.084	0.206	0.239	0.286	0.207	0.029	0.214	0.045	0.216	0.108	0.0349999999999999	0.092	0.22	0.053	0.109	0.037	0.157	0.049	0.185	0.024	0.042	0.059	0.042	0.048	0.087	0.078	0.025	0.023	0.173	0.095	0.157	0.092	0.157	0.065	0.222	0.105	0.16	0.24	0.065	0.038	0.177	0.019	0.167	0.037	0.143	0.184	0.0559999999999999	0.237	0.03	0.178	0.075	0.092	0.1	0.154	0.135	0.08	0.1369999999999999	0.221	0.1149999999999999	0.054	0.027	0.065	0.175	0.133	0.077	0.246	0.042	0.2289999999999999	0.08	0.0279999999999999	0.123
Streptomyces formicae	0.083	0.031	0.041	0.077	0.2279999999999999	0.099	0.095	0.062	0.095	0.074	0.092	0.101	0.038	0.042	0.024	0.099	0.11	0.3409999999999999	0.072	0.065	0.038	0.121	0.046	0.128	0.1	0.054	0.121	0.158	0.231	0.0139999999999999	0.089	0.0699999999999999	0.147	0.08	0.071	0.149	0.135	0.102	0.072	0.034	0.144	0.119	0.073	0.261	0.039	0.084	0.0849999999999999	0.063	0.041	0.034	0.093	0.108	0.1709999999999999	0.015	0.053	0.191	0.074	0.053	0.308	0.174	0.019	0.018	0.117	0.068	0.169	0.042	0.065	0.09	0.117	0.071	0.087	0.21	0.045	0.088	0.066	0.043	0.095	0.0699999999999999	0.319	0.111	0.078	0.101	0.022	0.091	0.058	0.077	0.042	0.142	0.237	0.048	0.084	0.121	0.151	0.068	0.036	0.068	0.097	0.447	0.09	0.09	0.076	0.102	0.185	0.061	0.336
Raoultella ornithinolytica	0.006	0.003	0.5	0.009	0.003	0.006	0.008	0.006	0.0069999999999999	0.009	0.02	0.006	0.047	0.03	0.089	0.013	0.006	0.006	0.044	0.005	0.0069999999999999	0.008	0.005	0.006	0.006	0.005	0.004	0.006	0.0069999999999999	0.011	0.005	0.006	0.005	0.006	0.006	0.0069999999999999	0.0069999999999999	0.008	0.0069999999999999	0.004	0.0069999999999999	0.003	0.008	0.006	0.0139999999999999	0.009	0.01	0.006	0.01	0.005	0.009	0.005	0.006	0.016	0.005	0.004	0.011	0.031	0.006	0.009	0.006	0.601	0.01	0.0069999999999999	0.006	0.008	0.008	0.005	0.0069999999999999	0.0069999999999999	0.006	0.0069999999999999	0.006	0.011	0.011	0.004	0.005	0.005	0.006	0.006	0.006	0.008	0.013	0.006	0.0069999999999999	0.006	0.01	0.005	0.006	0.0069999999999999	0.0069999999999999	0.0069999999999999	0.006	0.006	0.005	0.006	0.01	0.005	0.0069999999999999	0.0069999999999999	0.005	0.0069999999999999	0.005	0.005	0.006
Cystobacter fuscus	0.058	0.015	0.023	0.063	0.013	0.041	0.053	0.032	0.048	0.066	0.024	0.0349999999999999	0.015	0.013	0.032	0.079	0.037	0.043	0.024	0.03	0.084	0.053	0.065	0.038	0.032	0.03	0.029	0.036	0.047	0.012	0.053	0.018	0.031	0.038	0.041	0.051	0.045	0.053	0.039	0.025	0.048	0.03	0.071	0.055	0.019	0.1139999999999999	0.066	0.052	0.281	0.022	0.062	0.044	0.044	0.018	0.023	0.049	0.033	0.036	0.107	0.2799999999999999	0.019	0.0139999999999999	0.067	0.685	0.059	0.119	0.058	0.065	0.045	0.172	0.038	0.047	0.046	0.021	0.0849999999999999	0.012	0.03	0.0279999999999999	0.041	0.037	0.059	0.061	0.018	0.087	0.067	0.08	0.187	0.0349999999999999	0.045	0.04	0.062	0.042	0.046	0.067	0.023	0.059	0.09	0.042	0.086	0.045	0.024	0.046	0.096	0.018	0.041
Streptomyces antibioticus	0.061	0.026	0.029	0.071	0.253	0.129	0.103	0.067	0.096	0.076	0.101	0.096	0.033	0.03	0.022	0.09	0.124	0.249	0.072	0.051	0.03	0.124	0.038	0.156	0.102	0.054	0.106	0.212	0.2729999999999999	0.013	0.073	0.066	0.142	0.075	0.064	0.147	0.144	0.111	0.072	0.034	0.168	0.098	0.072	0.251	0.033	0.063	0.094	0.06	0.03	0.034	0.099	0.084	0.205	0.009	0.04	0.116	0.075	0.045	0.29	0.166	0.016	0.012	0.1139999999999999	0.072	0.175	0.038	0.059	0.084	0.123	0.063	0.09	0.245	0.032	0.074	0.055	0.04	0.1149999999999999	0.05	0.348	0.111	0.074	0.078	0.019	0.096	0.047	0.05	0.0349999999999999	0.163	0.253	0.046	0.09	0.143	0.136	0.078	0.044	0.0569999999999999	0.083	0.258	0.082	0.093	0.062	0.106	0.2289999999999999	0.074	0.4
Nocardioides sp. JS614	0.104	0.029	0.068	0.164	0.019	0.108	0.144	0.093	0.194	0.27	0.024	0.1129999999999999	0.024	0.046	0.022	0.108	0.084	0.16	0.06	0.055	0.0689999999999999	0.179	0.048	0.125	0.107	0.135	0.051	0.132	0.154	0.021	0.1149999999999999	0.026	0.055	0.132	0.09	0.153	0.1369999999999999	0.141	0.116	0.043	0.1619999999999999	0.048	0.282	0.101	0.043	0.089	0.1619999999999999	0.052	0.231	0.046	0.15	0.054	0.133	0.041	0.051	0.082	0.0559999999999999	0.0699999999999999	0.118	0.077	0.03	0.041	0.243	0.175	0.156	0.1369999999999999	0.128	0.088	0.129	0.172	0.093	0.165	0.066	0.039	0.303	0.017	0.086	0.046	0.106	0.096	0.082	0.415	0.024	0.392	0.136	0.148	0.156	0.084	0.168	0.047	0.1709999999999999	0.129	0.083	0.0849999999999999	0.031	0.076	0.317	0.142	0.109	0.118	0.051	0.122	0.1139999999999999	0.04	0.15
Streptomyces venezuelae	0.079	0.029	0.037	0.116	0.1699999999999999	0.126	0.134	0.083	0.129	0.109	0.0689999999999999	0.1	0.03	0.036	0.022	0.082	0.152	0.289	0.058	0.0559999999999999	0.043	0.1699999999999999	0.04	0.174	0.1379999999999999	0.078	0.095	0.182	0.233	0.0139999999999999	0.08	0.053	0.1369999999999999	0.094	0.065	0.177	0.143	0.1389999999999999	0.096	0.032	0.167	0.097	0.111	0.258	0.036	0.118	0.118	0.058	0.063	0.034	0.1149999999999999	0.089	0.189	0.016	0.045	0.133	0.065	0.049	0.36	0.331	0.02	0.017	0.124	0.096	0.175	0.065	0.082	0.08	0.144	0.106	0.13	0.2249999999999999	0.047	0.127	0.089	0.034	0.117	0.0559999999999999	0.329	0.1369999999999999	0.075	0.121	0.022	0.1149999999999999	0.06	0.077	0.071	0.191	0.238	0.055	0.104	0.142	0.141	0.062	0.034	0.066	0.105	0.31	0.1129999999999999	0.129	0.063	0.1399999999999999	0.182	0.054	0.2799999999999999
Janthinobacterium sp. LM6	0.1149999999999999	0.083	0.065	0.015	0.287	0.041	0.016	0.017	0.0139999999999999	0.0139999999999999	0.0849999999999999	0.017	0.145	0.064	0.312	0.013	0.041	0.0279999999999999	0.052	0.074	0.066	0.015	0.13	0.0139999999999999	0.019	0.0569999999999999	0.071	0.022	0.013	0.109	0.0849999999999999	0.298	0.272	0.017	0.101	0.017	0.017	0.0139999999999999	0.0139999999999999	0.129	0.02	0.086	0.0139999999999999	0.079	0.043	0.1399999999999999	0.016	0.146	0.039	0.034	0.051	0.18	0.02	0.013	0.108	0.058	0.092	0.118	0.121	0.13	0.134	0.13	0.031	0.077	0.039	0.0559999999999999	0.062	0.133	0.013	0.096	0.042	0.0139999999999999	0.147	0.071	0.016	0.118	0.019	0.098	0.022	0.013	0.4049999999999999	0.013	0.107	0.013	0.11	0.124	0.037	0.044	0.029	0.021	0.046	0.015	0.051	0.098	0.136	0.127	0.02	0.022	0.1699999999999999	0.015	0.1129999999999999	0.021	0.099	0.059	0.027
Janthinobacterium svalbardensis	0.1119999999999999	0.079	0.068	0.015	0.3	0.041	0.016	0.017	0.016	0.015	0.09	0.016	0.153	0.0689999999999999	0.305	0.012	0.04	0.026	0.051	0.0699999999999999	0.062	0.015	0.125	0.016	0.019	0.054	0.071	0.021	0.0139999999999999	0.102	0.0809999999999999	0.333	0.243	0.016	0.101	0.017	0.016	0.0139999999999999	0.0139999999999999	0.13	0.02	0.087	0.015	0.074	0.045	0.1389999999999999	0.016	0.142	0.039	0.034	0.05	0.1699999999999999	0.02	0.013	0.11	0.0559999999999999	0.089	0.1149999999999999	0.125	0.13	0.135	0.1399999999999999	0.03	0.079	0.036	0.054	0.0569999999999999	0.136	0.0139999999999999	0.097	0.04	0.015	0.1379999999999999	0.072	0.017	0.12	0.02	0.1	0.02	0.013	0.384	0.013	0.103	0.013	0.105	0.126	0.039	0.042	0.0279999999999999	0.018	0.044	0.015	0.047	0.099	0.15	0.12	0.021	0.021	0.169	0.016	0.1129999999999999	0.021	0.091	0.059	0.027
Acinetobacter pittii	0.009	0.0	0.0	0.0	0.0	0.0	0.0	0.0	0.0	0.001	0.002	0.0	0.0	0.157	0.174	0.0	0.0	0.0	0.013	0.0	0.0	0.0	0.02	0.0	0.001	0.0	0.0	0.0	0.0	0.008	0.0	0.0	0.0	0.0	0.003	0.0	0.0	0.0	0.0	0.006	0.0	0.0	0.0	0.0	0.001	0.0	0.0	0.006	0.001	0.108	0.0	0.0	0.0	0.0	0.0	0.0	0.068	0.0	0.0	0.0069999999999999	0.0	0.0	0.0	0.025	0.0	0.631	0.0	0.0	0.0	0.006	0.0	0.0	0.0	0.032	0.001	0.0	0.0	0.265	0.0	0.0	0.0689999999999999	0.0	0.0	0.0	0.0	0.0	0.004	0.0	0.0	0.0	0.002	0.0	0.0	0.001	0.004	0.0	0.001	0.0	0.001	0.0	0.0	0.001	0.0	0.031	0.0
Kribbella flavida	0.129	0.046	0.102	0.183	0.078	0.121	0.148	0.097	0.196	0.223	0.128	0.125	0.026	0.093	0.062	0.09	0.076	0.1379999999999999	0.156	0.108	0.072	0.174	0.0569999999999999	0.16	0.1369999999999999	0.126	0.0849999999999999	0.1399999999999999	0.155	0.03	0.12	0.055	0.098	0.126	0.181	0.146	0.186	0.1619999999999999	0.126	0.052	0.164	0.119	0.189	0.101	0.06	0.154	0.155	0.055	0.144	0.051	0.149	0.1149999999999999	0.184	0.049	0.096	0.102	0.055	0.073	0.11	0.123	0.074	0.0349999999999999	0.234	0.124	0.187	0.135	0.136	0.129	0.174	0.1619999999999999	0.111	0.149	0.098	0.065	0.285	0.046	0.105	0.073	0.174	0.1139999999999999	0.105	0.315	0.103	0.5579999999999999	0.183	0.186	0.116	0.096	0.242	0.051	0.183	0.136	0.091	0.072	0.045	0.1139999999999999	0.311	0.178	0.121	0.135	0.1149999999999999	0.131	0.098	0.065	0.158
Pseudomonas entomophila	0.097	0.21	0.2739999999999999	0.054	0.04	0.074	0.06	0.045	0.048	0.052	0.163	0.0689999999999999	0.253	0.322	0.133	0.297	0.072	0.052	0.22	0.12	0.052	0.049	0.136	0.036	0.037	0.125	0.096	0.06	0.038	0.244	0.094	0.078	0.132	0.1149999999999999	0.071	0.044	0.043	0.0559999999999999	0.0349999999999999	0.184	0.049	0.135	0.0559999999999999	0.049	0.252	0.08	0.0569999999999999	0.104	0.074	0.2739999999999999	0.0689999999999999	0.1119999999999999	0.049	0.2759999999999999	0.147	0.129	0.09	0.136	0.044	0.071	0.143	0.207	0.0559999999999999	0.054	0.049	0.045	0.045	0.067	0.047	0.0559999999999999	0.0569999999999999	0.045	0.105	0.148	0.0699999999999999	0.179	0.06	0.1699999999999999	0.054	0.0349999999999999	0.066	0.047	0.125	0.044	0.12	0.0809999999999999	0.075	0.0559999999999999	0.048	0.0349999999999999	0.0809999999999999	0.039	0.079	0.077	0.209	0.0699999999999999	0.063	0.095	0.047	0.037	0.205	0.047	0.055	0.255	0.038
Dyella japonica	0.037	0.011	0.063	0.031	0.018	0.034	0.0279999999999999	0.022	0.027	0.0279999999999999	0.177	0.019	0.128	0.009	0.1119999999999999	0.036	0.023	0.02	0.263	0.018	0.0279999999999999	0.0279999999999999	0.021	0.03	0.021	0.02	0.022	0.025	0.025	0.0069999999999999	0.029	0.029	0.119	0.02	0.034	0.036	0.026	0.029	0.021	0.262	0.025	0.322	0.031	0.024	0.013	0.03	0.032	0.052	0.04	0.037	0.0349999999999999	0.039	0.026	0.008	0.018	0.04	0.015	0.077	0.021	0.047	0.182	0.222	0.032	0.033	0.023	0.03	0.044	0.024	0.026	0.027	0.031	0.027	0.025	0.505	0.044	0.039	0.018	0.042	0.022	0.023	0.024	0.0279999999999999	0.011	0.02	0.017	0.02	0.046	0.023	0.023	0.023	0.029	0.024	0.021	0.09	0.031	0.025	0.044	0.018	0.036	0.03	0.071	0.029	0.024	0.012	0.019
Sphingobium hydrophobicum	0.031	0.004	0.006	0.013	0.011	0.01	0.008	0.008	0.01	0.0139999999999999	0.031	0.0069999999999999	0.02	0.055	0.012	0.017	0.0069999999999999	0.006	0.01	0.011	0.026	0.008	0.015	0.009	0.009	0.006	0.017	0.011	0.009	0.01	0.025	0.021	0.015	0.006	0.012	0.008	0.01	0.008	0.006	0.0139999999999999	0.01	0.013	0.013	0.01	0.038	0.024	0.0139999999999999	0.019	0.022	0.0559999999999999	0.01	0.012	0.009	0.006	0.009	0.0069999999999999	0.386	0.023	0.015	0.015	0.03	0.017	0.012	0.031	0.008	0.519	0.008	0.026	0.01	0.012	0.01	0.009	0.023	0.071	0.015	0.041	0.008	0.013	0.008	0.008	0.347	0.011	0.012	0.013	0.011	0.01	0.03	0.0069999999999999	0.011	0.006	0.0139999999999999	0.008	0.008	0.074	0.074	0.015	0.016	0.008	0.023	0.009	0.026	0.009	0.016	0.06	0.009
Streptacidiphilus sp. DSM 106435	0.027	0.01	0.017	0.099	0.0349999999999999	0.161	0.175	0.096	0.124	0.084	0.015	0.053	0.009	0.011	0.009	0.024	0.2299999999999999	0.0699999999999999	0.017	0.021	0.02	0.2289999999999999	0.013	0.2739999999999999	0.198	0.089	0.022	0.202	0.152	0.005	0.025	0.013	0.04	0.062	0.024	0.1369999999999999	0.089	0.193	0.109	0.012	0.18	0.024	0.073	0.079	0.012	0.033	0.091	0.017	0.036	0.0139999999999999	0.087	0.025	0.153	0.008	0.016	0.03	0.021	0.018	0.093	0.05	0.009	0.009	0.066	0.034	0.088	0.03	0.079	0.025	0.154	0.036	0.241	0.168	0.021	0.018	0.0559999999999999	0.011	0.155	0.016	0.188	0.194	0.024	0.076	0.009	0.0569999999999999	0.026	0.034	0.034	0.284	0.082	0.045	0.054	0.1399999999999999	0.107	0.02	0.01	0.024	0.059	0.066	0.032	0.199	0.017	0.185	0.06	0.015	0.071
Phenylobacterium zucineum	0.193	0.036	0.0559999999999999	0.154	0.066	0.131	0.1389999999999999	0.118	0.131	0.13	0.212	0.09	0.052	0.03	0.067	0.152	0.106	0.079	0.079	0.094	0.408	0.12	0.06	0.13	0.1119999999999999	0.077	0.091	0.122	0.1379999999999999	0.058	0.128	0.125	0.118	0.0809999999999999	0.135	0.102	0.107	0.144	0.106	0.1119999999999999	0.122	0.105	0.128	0.103	0.063	0.213	0.175	0.191	0.307	0.086	0.175	0.116	0.092	0.048	0.0699999999999999	0.067	0.133	0.099	0.19	0.163	0.083	0.106	0.174	0.246	0.134	0.222	0.16	0.3389999999999999	0.148	0.102	0.169	0.1379999999999999	0.104	0.151	0.222	0.071	0.098	0.044	0.111	0.1379999999999999	0.13	0.13	0.091	0.153	0.123	0.1379999999999999	0.348	0.09	0.131	0.1149999999999999	0.152	0.1379999999999999	0.095	0.3239999999999999	0.083	0.2799999999999999	0.24	0.074	0.284	0.155	0.075	0.22	0.108	0.086	0.107
Agrobacterium fabrum	0.104	0.027	0.037	0.204	0.055	0.1139999999999999	0.111	0.097	0.121	0.202	0.094	0.08	0.097	0.161	0.053	0.077	0.087	0.062	0.058	0.046	0.09	0.119	0.091	0.108	0.106	0.064	0.051	0.125	0.124	0.06	0.054	0.065	0.068	0.074	0.089	0.134	0.1369999999999999	0.121	0.098	0.084	0.1149999999999999	0.049	0.169	0.08	0.074	0.1399999999999999	0.222	0.087	0.143	0.087	0.104	0.041	0.1119999999999999	0.037	0.04	0.0559999999999999	0.177	0.068	0.058	0.094	0.05	0.042	0.111	0.245	0.078	0.232	0.0849999999999999	0.071	0.144	0.093	0.103	0.1	0.075	0.106	0.136	0.048	0.096	0.06	0.09	0.101	0.5	0.1129999999999999	0.055	0.12	0.049	0.0699999999999999	0.116	0.105	0.102	0.0689999999999999	0.116	0.104	0.08	0.164	0.0699999999999999	0.061	0.216	0.073	0.072	0.105	0.051	0.108	0.4499999999999999	0.22	0.072
Burkholderia sp. KK1	0.025	0.031	0.051	0.016	0.129	0.075	0.154	0.191	0.074	0.0139999999999999	0.017	0.175	0.048	0.006	0.04	0.054	0.143	0.053	0.093	0.049	0.1389999999999999	0.054	0.0279999999999999	0.061	0.157	0.18	0.124	0.097	0.1149999999999999	0.025	0.027	0.032	0.017	0.149	0.123	0.051	0.06	0.051	0.31	0.132	0.1149999999999999	0.021	0.015	0.026	0.021	0.015	0.019	0.063	0.021	0.026	0.1399999999999999	0.021	0.084	0.019	0.019	0.073	0.022	0.033	0.048	0.017	0.0349999999999999	0.055	0.091	0.019	0.107	0.016	0.31	0.033	0.088	0.023	0.182	0.029	0.043	0.025	0.02	0.038	0.177	0.0279999999999999	0.061	0.183	0.0139999999999999	0.021	0.0279999999999999	0.016	0.0689999999999999	0.0349999999999999	0.03	0.108	0.142	0.1119999999999999	0.046	0.352	0.1	0.04	0.015	0.08	0.019	0.039	0.033	0.1119999999999999	0.015	0.269	0.043	0.026	0.094
Burkholderia sp. CCGE1003	0.026	0.034	0.158	0.023	0.084	0.091	0.131	0.293	0.084	0.021	0.019	0.209	0.038	0.01	0.072	0.034	0.1389999999999999	0.078	0.0809999999999999	0.044	0.078	0.055	0.054	0.09	0.221	0.1709999999999999	0.099	0.078	0.079	0.015	0.03	0.044	0.045	0.1389999999999999	0.075	0.097	0.1139999999999999	0.074	0.291	0.0809999999999999	0.0809999999999999	0.031	0.022	0.038	0.018	0.024	0.024	0.043	0.03	0.022	0.13	0.026	0.143	0.03	0.023	0.071	0.0279999999999999	0.029	0.043	0.024	0.049	0.063	0.096	0.024	0.09	0.021	0.204	0.029	0.121	0.025	0.135	0.046	0.034	0.024	0.03	0.142	0.189	0.027	0.097	0.305	0.021	0.059	0.039	0.029	0.078	0.038	0.0349999999999999	0.135	0.126	0.3429999999999999	0.031	0.165	0.127	0.055	0.027	0.066	0.0279999999999999	0.073	0.0349999999999999	0.187	0.017	0.158	0.043	0.026	0.134
Streptomyces lunaelactis	0.075	0.027	0.034	0.091	0.2249999999999999	0.105	0.1119999999999999	0.073	0.116	0.086	0.077	0.103	0.033	0.036	0.023	0.091	0.124	0.31	0.0559999999999999	0.06	0.036	0.145	0.042	0.154	0.123	0.065	0.107	0.16	0.218	0.0139999999999999	0.079	0.063	0.141	0.089	0.06	0.1619999999999999	0.141	0.131	0.0849999999999999	0.031	0.155	0.116	0.0809999999999999	0.253	0.041	0.089	0.095	0.061	0.052	0.033	0.094	0.101	0.179	0.015	0.048	0.129	0.064	0.053	0.247	0.181	0.02	0.013	0.108	0.064	0.1619999999999999	0.051	0.072	0.083	0.131	0.078	0.108	0.211	0.059	0.072	0.068	0.039	0.109	0.062	0.338	0.13	0.074	0.097	0.022	0.104	0.0569999999999999	0.0809999999999999	0.053	0.1709999999999999	0.242	0.053	0.08	0.129	0.1399999999999999	0.054	0.031	0.064	0.084	0.322	0.082	0.1129999999999999	0.072	0.1149999999999999	0.142	0.049	0.29
Streptomyces roseochromogenus	0.043	0.022	0.024	0.074	0.236	0.121	0.101	0.072	0.108	0.078	0.08	0.096	0.03	0.022	0.02	0.074	0.1139999999999999	0.216	0.065	0.045	0.023	0.133	0.0279999999999999	0.16	0.111	0.061	0.096	0.193	0.2239999999999999	0.011	0.055	0.058	0.122	0.0809999999999999	0.05	0.149	0.148	0.121	0.078	0.03	0.16	0.088	0.077	0.216	0.0279999999999999	0.049	0.088	0.049	0.025	0.026	0.09	0.074	0.192	0.008	0.036	0.097	0.0569999999999999	0.038	0.209	0.13	0.0139999999999999	0.011	0.1	0.046	0.149	0.029	0.062	0.071	0.127	0.043	0.097	0.234	0.03	0.054	0.052	0.034	0.1139999999999999	0.044	0.3429999999999999	0.117	0.053	0.075	0.017	0.074	0.04	0.043	0.027	0.164	0.206	0.049	0.0689999999999999	0.1389999999999999	0.132	0.054	0.029	0.047	0.073	0.247	0.061	0.099	0.0569999999999999	0.105	0.158	0.048	0.329
Marmoricola scoriae	0.073	0.022	0.054	0.147	0.015	0.101	0.118	0.0809999999999999	0.174	0.284	0.018	0.097	0.019	0.034	0.017	0.092	0.074	0.119	0.053	0.043	0.053	0.154	0.039	0.11	0.093	0.1399999999999999	0.044	0.13	0.13	0.016	0.097	0.021	0.043	0.1119999999999999	0.067	0.13	0.118	0.117	0.095	0.042	0.146	0.036	0.286	0.078	0.032	0.061	0.134	0.041	0.187	0.037	0.134	0.039	0.1139999999999999	0.033	0.037	0.066	0.058	0.052	0.092	0.052	0.023	0.034	0.204	0.1399999999999999	0.124	0.103	0.108	0.078	0.117	0.134	0.091	0.145	0.046	0.0279999999999999	0.239	0.013	0.076	0.036	0.088	0.088	0.065	0.371	0.018	0.299	0.1149999999999999	0.123	0.127	0.078	0.156	0.033	0.134	0.111	0.066	0.076	0.027	0.051	0.313	0.1139999999999999	0.0849999999999999	0.104	0.04	0.106	0.089	0.031	0.13
Streptomyces puniciscabiei	0.045	0.025	0.025	0.071	0.243	0.1139999999999999	0.098	0.066	0.102	0.074	0.082	0.097	0.033	0.023	0.021	0.0809999999999999	0.119	0.2239999999999999	0.0689999999999999	0.049	0.024	0.126	0.029	0.151	0.107	0.0559999999999999	0.099	0.183	0.237	0.011	0.061	0.063	0.129	0.077	0.053	0.152	0.143	0.1129999999999999	0.074	0.032	0.155	0.091	0.071	0.2259999999999999	0.029	0.051	0.082	0.054	0.026	0.027	0.091	0.076	0.19	0.009	0.037	0.101	0.065	0.041	0.2239999999999999	0.132	0.0139999999999999	0.011	0.098	0.048	0.15	0.03	0.06	0.078	0.122	0.045	0.093	0.232	0.031	0.0569999999999999	0.051	0.036	0.107	0.045	0.35	0.1149999999999999	0.0559999999999999	0.075	0.018	0.078	0.043	0.045	0.0279999999999999	0.159	0.206	0.05	0.072	0.136	0.136	0.0569999999999999	0.031	0.051	0.071	0.243	0.065	0.096	0.058	0.104	0.161	0.049	0.317
Streptomyces cattleya	0.049	0.018	0.03	0.122	0.1	0.147	0.155	0.098	0.148	0.111	0.03	0.097	0.017	0.021	0.015	0.04	0.187	0.129	0.034	0.031	0.029	0.215	0.022	0.2289999999999999	0.191	0.092	0.047	0.194	0.182	0.009	0.042	0.026	0.078	0.09	0.04	0.214	0.146	0.173	0.11	0.019	0.174	0.047	0.105	0.159	0.024	0.049	0.118	0.033	0.044	0.025	0.1119999999999999	0.055	0.2	0.012	0.025	0.062	0.044	0.027	0.1369999999999999	0.0699999999999999	0.016	0.013	0.092	0.051	0.147	0.037	0.086	0.04	0.191	0.051	0.175	0.216	0.029	0.039	0.091	0.02	0.1379999999999999	0.03	0.252	0.186	0.043	0.122	0.0139999999999999	0.116	0.041	0.048	0.042	0.299	0.1699999999999999	0.05	0.077	0.159	0.131	0.036	0.018	0.038	0.103	0.1619999999999999	0.05	0.167	0.031	0.157	0.082	0.041	0.145
Bradyrhizobium sp. 2 39S1MB	0.107	0.061	0.0689999999999999	0.252	0.097	0.22	0.163	0.223	0.253	0.255	0.149	0.234	0.0689999999999999	0.032	0.178	0.121	0.168	0.146	0.152	0.125	0.204	0.2289999999999999	0.104	0.2739999999999999	0.315	0.134	0.1369999999999999	0.268	0.21	0.047	0.163	0.082	0.194	0.154	0.1619999999999999	0.257	0.251	0.213	0.193	0.232	0.283	0.119	0.2259999999999999	0.132	0.054	0.117	0.22	0.1149999999999999	0.126	0.134	0.117	0.11	0.2269999999999999	0.029	0.118	0.111	0.148	0.142	0.117	0.096	0.15	0.076	0.1699999999999999	0.148	0.199	0.11	0.155	0.184	0.32	0.141	0.233	0.262	0.123	0.179	0.205	0.1949999999999999	0.245	0.091	0.179	0.221	0.091	0.211	0.087	0.25	0.143	0.1129999999999999	0.127	0.316	0.231	0.0849999999999999	0.202	0.293	0.132	0.256	0.106	0.117	0.179	0.142	0.146	0.218	0.132	0.2	0.125	0.051	0.122
Streptomyces collinus	0.048	0.024	0.025	0.0699999999999999	0.218	0.1139999999999999	0.098	0.064	0.102	0.075	0.078	0.091	0.031	0.024	0.02	0.079	0.12	0.232	0.068	0.047	0.026	0.125	0.03	0.147	0.103	0.055	0.095	0.185	0.246	0.011	0.062	0.058	0.126	0.077	0.053	0.148	0.1389999999999999	0.11	0.072	0.031	0.153	0.0849999999999999	0.074	0.223	0.0279999999999999	0.051	0.083	0.052	0.029	0.0279999999999999	0.092	0.074	0.185	0.009	0.0349999999999999	0.101	0.062	0.04	0.22	0.131	0.0139999999999999	0.011	0.108	0.053	0.156	0.032	0.059	0.074	0.12	0.051	0.089	0.231	0.03	0.0569999999999999	0.052	0.033	0.103	0.044	0.331	0.111	0.058	0.074	0.017	0.083	0.043	0.047	0.032	0.155	0.216	0.047	0.079	0.131	0.129	0.059	0.031	0.051	0.072	0.246	0.065	0.09	0.055	0.103	0.178	0.051	0.329
Streptomyces alboflavus	0.0699999999999999	0.027	0.03	0.077	0.205	0.098	0.097	0.063	0.098	0.075	0.08	0.093	0.033	0.032	0.021	0.084	0.11	0.286	0.064	0.0559999999999999	0.034	0.123	0.039	0.132	0.101	0.055	0.104	0.156	0.221	0.013	0.075	0.062	0.127	0.077	0.065	0.146	0.132	0.105	0.072	0.03	0.142	0.102	0.075	0.236	0.032	0.074	0.084	0.0559999999999999	0.038	0.03	0.093	0.092	0.167	0.013	0.045	0.157	0.065	0.046	0.26	0.15	0.017	0.0139999999999999	0.105	0.059	0.16	0.039	0.064	0.078	0.119	0.064	0.087	0.204	0.04	0.073	0.064	0.037	0.095	0.059	0.305	0.11	0.066	0.0849999999999999	0.02	0.086	0.051	0.067	0.039	0.144	0.208	0.049	0.079	0.119	0.1389999999999999	0.06	0.032	0.06	0.082	0.365	0.078	0.093	0.064	0.097	0.154	0.05	0.295
Mycobacterium sp. JS623	0.123	0.109	0.109	0.067	0.078	0.039	0.066	0.04	0.065	0.078	0.091	0.071	0.062	0.064	0.142	0.141	0.034	0.132	0.2769999999999999	0.161	0.19	0.061	0.086	0.048	0.046	0.04	0.1619999999999999	0.047	0.094	0.048	0.161	0.095	0.0699999999999999	0.045	0.291	0.094	0.062	0.058	0.064	0.119	0.0689999999999999	0.1119999999999999	0.068	0.102	0.1149999999999999	0.173	0.0699999999999999	0.169	0.153	0.127	0.06	0.099	0.058	0.051	0.1119999999999999	0.153	0.107	0.161	0.1399999999999999	0.127	0.099	0.047	0.116	0.164	0.089	0.184	0.099	0.189	0.0569999999999999	0.167	0.037	0.05	0.146	0.129	0.13	0.078	0.046	0.094	0.048	0.04	0.106	0.188	0.203	0.496	0.24	0.241	0.175	0.043	0.068	0.0569999999999999	0.087	0.058	0.083	0.126	0.058	0.136	0.128	0.094	0.169	0.05	0.11	0.045	0.096	0.06	0.079
Pimelobacter simplex	0.087	0.0279999999999999	0.062	0.172	0.02	0.1129999999999999	0.148	0.093	0.194	0.258	0.026	0.107	0.023	0.043	0.024	0.092	0.087	0.136	0.058	0.052	0.068	0.174	0.042	0.128	0.1129999999999999	0.135	0.047	0.134	0.147	0.019	0.1	0.025	0.054	0.126	0.088	0.154	0.142	0.141	0.116	0.039	0.156	0.048	0.271	0.095	0.04	0.088	0.166	0.051	0.2	0.043	0.155	0.049	0.135	0.036	0.047	0.076	0.053	0.063	0.104	0.075	0.029	0.039	0.215	0.147	0.144	0.123	0.122	0.0809999999999999	0.1379999999999999	0.15	0.098	0.1619999999999999	0.064	0.038	0.26	0.017	0.093	0.042	0.11	0.104	0.073	0.359	0.026	0.3	0.118	0.13	0.141	0.09	0.16	0.046	0.152	0.128	0.082	0.078	0.03	0.0689999999999999	0.292	0.131	0.097	0.121	0.048	0.127	0.099	0.036	0.141
Mucilaginibacter sp. HYN0043	0.077	0.005	0.11	0.0139999999999999	0.253	0.038	0.026	0.044	0.064	0.043	0.269	0.022	0.053	0.03	0.032	0.032	0.008	0.004	0.178	0.025	0.018	0.017	0.151	0.101	0.165	0.027	0.053	0.064	0.012	0.015	0.063	0.051	0.066	0.006	0.012	0.017	0.102	0.012	0.017	0.31	0.046	0.025	0.0069999999999999	0.009	0.077	0.013	0.019	0.023	0.0069999999999999	0.061	0.0349999999999999	0.1379999999999999	0.06	0.006	0.0809999999999999	0.038	0.045	0.129	0.037	0.0139999999999999	0.049	0.367	0.02	0.044	0.015	0.025	0.009	0.097	0.09	0.017	0.05	0.02	0.013	0.074	0.017	0.0849999999999999	0.064	0.045	0.017	0.0559999999999999	0.19	0.031	0.003	0.0069999999999999	0.024	0.0069999999999999	0.013	0.033	0.042	0.003	0.022	0.022	0.025	0.1699999999999999	0.216	0.0139999999999999	0.107	0.022	0.031	0.048	0.032	0.045	0.04	0.024	0.045
Pseudomonas sp. StFLB209	0.045	0.08	0.41	0.0069999999999999	0.009	0.013	0.009	0.0069999999999999	0.0069999999999999	0.0069999999999999	0.0699999999999999	0.011	0.207	0.147	0.044	0.105	0.017	0.013	0.065	0.132	0.011	0.006	0.177	0.006	0.008	0.026	0.059	0.012	0.006	0.109	0.048	0.079	0.0349999999999999	0.026	0.025	0.006	0.006	0.009	0.006	0.125	0.008	0.053	0.0069999999999999	0.024	0.123	0.011	0.008	0.054	0.009	0.194	0.01	0.039	0.008	0.235	0.153	0.032	0.039	0.0569999999999999	0.008	0.012	0.106	0.281	0.008	0.008	0.0069999999999999	0.009	0.006	0.04	0.0069999999999999	0.012	0.009	0.006	0.0349999999999999	0.036	0.008	0.087	0.012	0.149	0.008	0.0069999999999999	0.045	0.0069999999999999	0.043	0.005	0.041	0.042	0.009	0.008	0.008	0.005	0.016	0.0069999999999999	0.016	0.038	0.1389999999999999	0.017	0.009	0.08	0.008	0.006	0.053	0.015	0.013	0.071	0.008
Bradyrhizobium oligotrophicum	0.134	0.061	0.079	0.317	0.047	0.217	0.198	0.187	0.239	0.295	0.1389999999999999	0.185	0.068	0.039	0.1399999999999999	0.117	0.18	0.198	0.128	0.12	0.259	0.25	0.084	0.234	0.223	0.128	0.127	0.221	0.235	0.047	0.156	0.0689999999999999	0.158	0.161	0.1949999999999999	0.243	0.2239999999999999	0.233	0.217	0.2239999999999999	0.223	0.118	0.292	0.175	0.0689999999999999	0.168	0.305	0.118	0.199	0.152	0.15	0.117	0.222	0.038	0.111	0.128	0.121	0.1369999999999999	0.149	0.124	0.116	0.074	0.218	0.19	0.237	0.152	0.196	0.2269999999999999	0.247	0.1949999999999999	0.233	0.2289999999999999	0.166	0.198	0.283	0.122	0.18	0.08	0.164	0.188	0.124	0.236	0.095	0.283	0.155	0.16	0.191	0.2	0.192	0.129	0.256	0.295	0.151	0.207	0.091	0.1389999999999999	0.232	0.127	0.16	0.2269999999999999	0.136	0.218	0.1369999999999999	0.06	0.126
Bradyrhizobium sp. BTAi1	0.13	0.0569999999999999	0.071	0.314	0.048	0.215	0.196	0.188	0.237	0.293	0.13	0.185	0.064	0.038	0.133	0.11	0.179	0.192	0.122	0.1149999999999999	0.244	0.247	0.0809999999999999	0.2289999999999999	0.222	0.126	0.1149999999999999	0.217	0.233	0.044	0.146	0.068	0.154	0.158	0.18	0.248	0.2259999999999999	0.237	0.216	0.176	0.222	0.111	0.285	0.1709999999999999	0.066	0.167	0.301	0.108	0.191	0.135	0.146	0.111	0.223	0.036	0.104	0.119	0.1139999999999999	0.13	0.142	0.119	0.1119999999999999	0.066	0.217	0.179	0.237	0.148	0.196	0.1949999999999999	0.243	0.189	0.2279999999999999	0.223	0.155	0.187	0.2779999999999999	0.119	0.177	0.077	0.164	0.184	0.119	0.231	0.091	0.265	0.143	0.155	0.183	0.203	0.192	0.131	0.251	0.288	0.152	0.189	0.084	0.13	0.2289999999999999	0.129	0.156	0.2249999999999999	0.128	0.215	0.1369999999999999	0.058	0.128
Streptomyces olivaceus	0.06	0.025	0.031	0.095	0.181	0.125	0.1149999999999999	0.077	0.12	0.097	0.079	0.095	0.029	0.03	0.021	0.083	0.127	0.2299999999999999	0.063	0.048	0.036	0.146	0.0349999999999999	0.161	0.119	0.0699999999999999	0.089	0.192	0.244	0.013	0.0699999999999999	0.055	0.116	0.087	0.063	0.157	0.143	0.128	0.087	0.032	0.166	0.084	0.097	0.211	0.031	0.065	0.108	0.052	0.05	0.033	0.104	0.075	0.186	0.013	0.04	0.11	0.061	0.044	0.2239999999999999	0.135	0.017	0.016	0.118	0.075	0.1619999999999999	0.048	0.071	0.074	0.136	0.067	0.107	0.2279999999999999	0.039	0.064	0.077	0.032	0.116	0.047	0.296	0.126	0.062	0.101	0.018	0.108	0.053	0.061	0.05	0.168	0.2279999999999999	0.048	0.092	0.142	0.127	0.0689999999999999	0.0349999999999999	0.058	0.098	0.258	0.076	0.111	0.054	0.121	0.197	0.055	0.335
Caulobacter henricii	0.1129999999999999	0.01	0.055	0.0349999999999999	0.024	0.031	0.029	0.0279999999999999	0.0279999999999999	0.032	0.286	0.02	0.125	0.036	0.018	0.066	0.024	0.017	0.026	0.025	0.068	0.026	0.022	0.0279999999999999	0.027	0.017	0.042	0.027	0.0279999999999999	0.066	0.125	0.285	0.029	0.018	0.126	0.025	0.03	0.03	0.021	0.104	0.026	0.03	0.031	0.024	0.117	0.0689999999999999	0.038	0.119	0.048	0.094	0.0349999999999999	0.0349999999999999	0.023	0.012	0.04	0.036	0.0849999999999999	0.096	0.04	0.046	0.181	0.188	0.033	0.055	0.024	0.103	0.026	0.285	0.034	0.029	0.033	0.029	0.033	0.317	0.042	0.144	0.026	0.0279999999999999	0.027	0.026	0.095	0.03	0.032	0.032	0.03	0.04	0.059	0.021	0.0279999999999999	0.022	0.031	0.029	0.021	0.295	0.187	0.042	0.045	0.016	0.06	0.033	0.037	0.04	0.031	0.068	0.022
Bradyrhizobium sp. 3 85S1MB	0.105	0.06	0.0699999999999999	0.24	0.094	0.209	0.157	0.216	0.245	0.245	0.146	0.2289999999999999	0.0689999999999999	0.032	0.176	0.119	0.161	0.141	0.15	0.123	0.201	0.222	0.107	0.262	0.302	0.129	0.1369999999999999	0.259	0.207	0.048	0.161	0.0809999999999999	0.192	0.146	0.157	0.249	0.241	0.202	0.184	0.232	0.2769999999999999	0.119	0.215	0.127	0.052	0.1139999999999999	0.212	0.111	0.123	0.135	0.1139999999999999	0.11	0.218	0.029	0.116	0.109	0.145	0.1389999999999999	0.111	0.094	0.15	0.079	0.165	0.145	0.197	0.106	0.151	0.181	0.309	0.1379999999999999	0.223	0.255	0.12	0.176	0.198	0.1949999999999999	0.236	0.089	0.174	0.208	0.09	0.2	0.0849999999999999	0.247	0.143	0.1119999999999999	0.124	0.306	0.2279999999999999	0.083	0.196	0.2769999999999999	0.127	0.252	0.105	0.1149999999999999	0.176	0.1399999999999999	0.144	0.209	0.132	0.19	0.124	0.05	0.12
Cupriavidus metallidurans	0.198	0.109	0.097	0.2299999999999999	0.198	0.179	0.179	0.131	0.178	0.2249999999999999	0.109	0.1149999999999999	0.097	0.042	0.127	0.0809999999999999	0.154	0.12	0.154	0.208	0.268	0.18	0.175	0.144	0.128	0.118	0.106	0.1369999999999999	0.148	0.054	0.167	0.2	0.132	0.13	0.192	0.16	0.158	0.179	0.125	0.118	0.155	0.148	0.236	0.19	0.074	0.27	0.236	0.22	0.348	0.092	0.242	0.187	0.15	0.074	0.219	0.141	0.1389999999999999	0.304	0.292	0.2299999999999999	0.1	0.091	0.191	0.2249999999999999	0.166	0.182	0.1949999999999999	0.18	0.152	0.2759999999999999	0.168	0.16	0.259	0.1129999999999999	0.293	0.122	0.121	0.147	0.134	0.121	0.194	0.176	0.108	0.161	0.354	0.2299999999999999	0.358	0.184	0.1379999999999999	0.1379999999999999	0.193	0.132	0.186	0.136	0.2249999999999999	0.249	0.283	0.09	0.2729999999999999	0.1389999999999999	0.144	0.151	0.187	0.096	0.123
Streptomyces nigra	0.051	0.025	0.0279999999999999	0.066	0.213	0.108	0.091	0.06	0.089	0.066	0.087	0.0849999999999999	0.03	0.027	0.02	0.08	0.106	0.222	0.061	0.047	0.026	0.1119999999999999	0.032	0.1369999999999999	0.093	0.049	0.095	0.173	0.2269999999999999	0.012	0.064	0.06	0.121	0.0689999999999999	0.054	0.133	0.128	0.099	0.065	0.032	0.146	0.092	0.062	0.217	0.029	0.055	0.079	0.053	0.029	0.03	0.086	0.077	0.175	0.009	0.037	0.105	0.061	0.041	0.2289999999999999	0.133	0.016	0.012	0.099	0.058	0.15	0.034	0.055	0.075	0.1119999999999999	0.052	0.083	0.21	0.031	0.062	0.051	0.034	0.099	0.046	0.305	0.102	0.061	0.073	0.017	0.087	0.043	0.048	0.032	0.145	0.214	0.042	0.074	0.124	0.123	0.065	0.034	0.051	0.071	0.246	0.067	0.083	0.0569999999999999	0.091	0.18	0.0559999999999999	0.329
Sphingobacteriaceae bacterium GW460-11-11-14-LB5	0.016	0.001	0.003	0.001	0.003	0.016	0.0139999999999999	0.01	0.01	0.008	0.03	0.012	0.0069999999999999	0.1379999999999999	0.002	0.005	0.0069999999999999	0.002	0.004	0.002	0.002	0.006	0.006	0.018	0.016	0.029	0.002	0.011	0.01	0.012	0.02	0.003	0.008	0.005	0.002	0.0139999999999999	0.018	0.0069999999999999	0.006	0.125	0.015	0.003	0.002	0.011	0.08	0.002	0.002	0.005	0.006	0.009	0.031	0.003	0.022	0.002	0.005	0.002	0.0279999999999999	0.004	0.003	0.005	0.002	0.004	0.005	0.013	0.004	0.2749999999999999	0.003	0.0069999999999999	0.023	0.005	0.026	0.008	0.002	0.0139999999999999	0.005	0.003	0.006	0.005	0.04	0.008	0.233	0.004	0.012	0.003	0.004	0.002	0.005	0.0069999999999999	0.005	0.001	0.02	0.0069999999999999	0.013	0.046	0.527	0.002	0.0139999999999999	0.004	0.002	0.005	0.002	0.0069999999999999	0.017	0.08	0.033
Pseudomonas antarctica	0.0559999999999999	0.108	0.344	0.005	0.017	0.022	0.013	0.013	0.005	0.005	0.095	0.032	0.158	0.281	0.079	0.132	0.034	0.02	0.097	0.088	0.017	0.006	0.134	0.005	0.009	0.0569999999999999	0.046	0.022	0.006	0.166	0.059	0.06	0.065	0.06	0.036	0.005	0.006	0.012	0.005	0.144	0.012	0.074	0.0069999999999999	0.019	0.182	0.02	0.006	0.055	0.009	0.165	0.012	0.0559999999999999	0.011	0.215	0.12	0.064	0.048	0.071	0.01	0.025	0.099	0.146	0.01	0.008	0.0069999999999999	0.0069999999999999	0.006	0.032	0.0069999999999999	0.018	0.013	0.006	0.052	0.064	0.0069999999999999	0.104	0.027	0.174	0.016	0.006	0.036	0.005	0.095	0.005	0.042	0.034	0.008	0.0139999999999999	0.009	0.005	0.024	0.006	0.03	0.04	0.163	0.0279999999999999	0.008	0.044	0.009	0.006	0.122	0.012	0.019	0.174	0.009
Streptomyces actuosus	0.049	0.024	0.026	0.064	0.213	0.107	0.089	0.06	0.089	0.068	0.0809999999999999	0.087	0.029	0.025	0.019	0.077	0.106	0.214	0.062	0.045	0.025	0.1129999999999999	0.032	0.135	0.094	0.05	0.092	0.176	0.2249999999999999	0.012	0.062	0.0569999999999999	0.12	0.071	0.054	0.135	0.13	0.098	0.066	0.03	0.142	0.083	0.063	0.212	0.0279999999999999	0.054	0.082	0.052	0.0279999999999999	0.029	0.089	0.074	0.175	0.009	0.036	0.102	0.061	0.04	0.231	0.136	0.0139999999999999	0.012	0.098	0.0559999999999999	0.15	0.034	0.053	0.072	0.1129999999999999	0.052	0.08	0.212	0.03	0.06	0.049	0.033	0.097	0.044	0.302	0.104	0.059	0.0699999999999999	0.017	0.084	0.041	0.046	0.031	0.146	0.209	0.042	0.075	0.125	0.122	0.062	0.033	0.05	0.071	0.233	0.068	0.084	0.054	0.095	0.182	0.055	0.3229999999999999
Kitasatospora aureofaciens	0.029	0.009	0.013	0.091	0.024	0.156	0.169	0.078	0.11	0.08	0.011	0.046	0.0069999999999999	0.01	0.008	0.021	0.2799999999999999	0.066	0.015	0.016	0.02	0.221	0.013	0.199	0.168	0.077	0.018	0.184	0.1619999999999999	0.005	0.024	0.011	0.05	0.063	0.022	0.1129999999999999	0.078	0.157	0.09	0.012	0.144	0.019	0.0699999999999999	0.084	0.011	0.036	0.09	0.017	0.0349999999999999	0.011	0.099	0.02	0.1369999999999999	0.0069999999999999	0.013	0.027	0.018	0.017	0.189	0.089	0.008	0.008	0.064	0.039	0.083	0.032	0.073	0.027	0.121	0.037	0.2289999999999999	0.148	0.02	0.015	0.054	0.0069999999999999	0.119	0.0139999999999999	0.147	0.144	0.024	0.072	0.008	0.052	0.023	0.031	0.043	0.244	0.077	0.053	0.0569999999999999	0.116	0.088	0.017	0.01	0.025	0.055	0.054	0.037	0.15	0.0139999999999999	0.169	0.099	0.013	0.068
Streptomyces qaidamensis	0.045	0.023	0.025	0.059	0.203	0.094	0.08	0.053	0.0809999999999999	0.061	0.079	0.082	0.027	0.024	0.018	0.073	0.09	0.234	0.055	0.041	0.024	0.098	0.029	0.123	0.083	0.045	0.0849999999999999	0.156	0.205	0.011	0.058	0.054	0.1119999999999999	0.064	0.048	0.123	0.1149999999999999	0.089	0.058	0.0279999999999999	0.131	0.079	0.0569999999999999	0.198	0.027	0.051	0.073	0.048	0.0279999999999999	0.0279999999999999	0.076	0.067	0.163	0.009	0.033	0.089	0.058	0.036	0.208	0.123	0.013	0.01	0.092	0.0569999999999999	0.1399999999999999	0.032	0.051	0.068	0.099	0.047	0.074	0.19	0.0279999999999999	0.054	0.045	0.03	0.089	0.041	0.319	0.093	0.053	0.064	0.015	0.083	0.04	0.042	0.029	0.123	0.219	0.039	0.063	0.11	0.1149999999999999	0.059	0.033	0.046	0.065	0.239	0.06	0.073	0.051	0.082	0.154	0.051	0.349
Sphingomonas sp. LK11	0.184	0.024	0.032	0.378	0.096	0.065	0.041	0.038	0.048	0.314	0.1699999999999999	0.0349999999999999	0.049	0.038	0.046	0.075	0.03	0.031	0.068	0.048	0.193	0.046	0.05	0.041	0.052	0.0349999999999999	0.083	0.077	0.048	0.036	0.094	0.122	0.055	0.0279999999999999	0.0689999999999999	0.043	0.054	0.039	0.031	0.103	0.045	0.0689999999999999	0.13	0.044	0.052	0.095	0.29	0.1	0.132	0.061	0.052	0.082	0.042	0.018	0.048	0.037	0.168	0.083	0.091	0.074	0.055	0.0809999999999999	0.065	0.1129999999999999	0.039	0.2239999999999999	0.037	0.19	0.059	0.0569999999999999	0.058	0.042	0.078	0.122	0.078	0.098	0.042	0.068	0.04	0.039	0.158	0.062	0.034	0.157	0.0689999999999999	0.0569999999999999	0.156	0.0349999999999999	0.062	0.0279999999999999	0.058	0.045	0.038	0.2269999999999999	0.065	0.088	0.075	0.0349999999999999	0.1619999999999999	0.045	0.0559999999999999	0.049	0.048	0.078	0.04
Streptosporangium sp. 'caverna'	0.054	0.027	0.037	0.192	0.044	0.1399999999999999	0.164	0.134	0.215	0.164	0.0279999999999999	0.104	0.019	0.023	0.02	0.051	0.1149999999999999	0.107	0.042	0.041	0.046	0.235	0.0279999999999999	0.203	0.177	0.1379999999999999	0.046	0.147	0.155	0.013	0.054	0.029	0.0559999999999999	0.159	0.06	0.1699999999999999	0.191	0.2279999999999999	0.165	0.026	0.176	0.046	0.168	0.108	0.03	0.074	0.188	0.041	0.082	0.032	0.119	0.045	0.154	0.022	0.0349999999999999	0.053	0.034	0.04	0.086	0.073	0.024	0.019	0.135	0.072	0.127	0.0699999999999999	0.124	0.0569999999999999	0.183	0.082	0.136	0.1949999999999999	0.052	0.036	0.135	0.021	0.1389999999999999	0.034	0.13	0.155	0.047	0.182	0.079	0.251	0.061	0.0809999999999999	0.075	0.133	0.116	0.066	0.105	0.181	0.1	0.048	0.022	0.055	0.13	0.123	0.065	0.201	0.038	0.187	0.0699999999999999	0.025	0.108
Streptomyces chartreusis	0.047	0.024	0.026	0.061	0.235	0.099	0.0809999999999999	0.0569999999999999	0.086	0.063	0.089	0.086	0.03	0.026	0.02	0.082	0.089	0.205	0.059	0.045	0.024	0.101	0.032	0.129	0.087	0.046	0.094	0.164	0.204	0.011	0.062	0.059	0.118	0.067	0.055	0.129	0.129	0.092	0.062	0.031	0.1369999999999999	0.089	0.06	0.204	0.029	0.0559999999999999	0.076	0.053	0.027	0.03	0.0809999999999999	0.074	0.1699999999999999	0.009	0.036	0.098	0.064	0.039	0.235	0.1369999999999999	0.0139999999999999	0.01	0.089	0.059	0.1379999999999999	0.033	0.05	0.076	0.106	0.049	0.075	0.2	0.03	0.06	0.046	0.033	0.095	0.045	0.312	0.098	0.06	0.066	0.016	0.0849999999999999	0.043	0.044	0.03	0.129	0.196	0.042	0.066	0.12	0.12	0.063	0.0349999999999999	0.05	0.068	0.233	0.066	0.078	0.0559999999999999	0.0849999999999999	0.1619999999999999	0.0569999999999999	0.319
Geodermatophilus obscurus	0.104	0.038	0.044	0.118	0.025	0.084	0.136	0.101	0.166	0.131	0.018	0.1	0.024	0.038	0.023	0.184	0.089	0.093	0.058	0.067	0.093	0.164	0.068	0.1139999999999999	0.102	0.118	0.068	0.117	0.148	0.033	0.164	0.032	0.033	0.127	0.09	0.1379999999999999	0.126	0.178	0.124	0.043	0.1619999999999999	0.066	0.154	0.08	0.048	0.133	0.145	0.077	0.2769999999999999	0.043	0.1119999999999999	0.058	0.107	0.041	0.0699999999999999	0.091	0.0689999999999999	0.098	0.218	0.106	0.027	0.029	0.2	0.295	0.168	0.251	0.152	0.1379999999999999	0.118	0.245	0.101	0.158	0.0809999999999999	0.0349999999999999	0.135	0.019	0.098	0.061	0.087	0.102	0.0689999999999999	0.207	0.029	0.198	0.161	0.1709999999999999	0.289	0.078	0.1	0.052	0.133	0.164	0.078	0.066	0.04	0.104	0.167	0.1149999999999999	0.1949999999999999	0.126	0.058	0.1379999999999999	0.103	0.045	0.13
Mesorhizobium opportunistum	0.119	0.079	0.058	0.2	0.095	0.072	0.04	0.083	0.068	0.21	0.242	0.046	0.047	0.061	0.08	0.1709999999999999	0.033	0.041	0.091	0.072	0.141	0.053	0.071	0.062	0.066	0.031	0.08	0.091	0.061	0.041	0.1	0.062	0.071	0.031	0.102	0.054	0.075	0.044	0.041	0.093	0.079	0.066	0.116	0.045	0.089	0.093	0.164	0.127	0.082	0.12	0.0559999999999999	0.049	0.064	0.02	0.049	0.068	0.155	0.097	0.106	0.094	0.061	0.061	0.072	0.211	0.047	0.104	0.036	0.197	0.1129999999999999	0.125	0.052	0.052	0.0699999999999999	0.203	0.1129999999999999	0.073	0.0559999999999999	0.05	0.048	0.064	0.073	0.0689999999999999	0.074	0.481	0.104	0.06	0.108	0.058	0.102	0.0279999999999999	0.078	0.06	0.04	0.267	0.161	0.107	0.142	0.089	0.128	0.063	0.065	0.084	0.119	0.11	0.065
Streptomyces lydicus	0.062	0.026	0.032	0.1119999999999999	0.1699999999999999	0.119	0.128	0.088	0.1389999999999999	0.111	0.055	0.104	0.027	0.0279999999999999	0.02	0.0699999999999999	0.149	0.218	0.052	0.048	0.036	0.177	0.034	0.175	0.147	0.08	0.079	0.169	0.202	0.012	0.064	0.047	0.106	0.102	0.0559999999999999	0.174	0.153	0.149	0.098	0.027	0.1619999999999999	0.0809999999999999	0.1119999999999999	0.198	0.033	0.073	0.12	0.05	0.051	0.031	0.107	0.075	0.181	0.0139999999999999	0.038	0.103	0.06	0.041	0.198	0.13	0.019	0.015	0.106	0.061	0.151	0.05	0.083	0.065	0.152	0.065	0.132	0.217	0.047	0.0559999999999999	0.0849999999999999	0.031	0.118	0.047	0.304	0.147	0.059	0.111	0.02	0.109	0.054	0.066	0.051	0.198	0.189	0.0569999999999999	0.082	0.142	0.13	0.051	0.0279999999999999	0.0569999999999999	0.094	0.248	0.071	0.135	0.053	0.133	0.116	0.043	0.219
Paludisphaera borealis	0.039	0.015	0.021	0.307	0.008	0.097	0.1139999999999999	0.105	0.134	0.2749999999999999	0.013	0.072	0.0139999999999999	0.011	0.016	0.031	0.086	0.059	0.026	0.026	0.0569999999999999	0.125	0.018	0.093	0.091	0.068	0.024	0.083	0.098	0.01	0.031	0.0139999999999999	0.037	0.078	0.044	0.1369999999999999	0.12	0.128	0.098	0.022	0.089	0.023	0.325	0.067	0.02	0.0699999999999999	0.317	0.026	0.093	0.02	0.098	0.024	0.092	0.016	0.023	0.034	0.024	0.027	0.05	0.061	0.016	0.013	0.094	0.062	0.08	0.054	0.0809999999999999	0.0349999999999999	0.12	0.06	0.098	0.102	0.039	0.019	0.119	0.01	0.087	0.019	0.092	0.108	0.03	0.1129999999999999	0.018	0.132	0.043	0.053	0.08	0.0809999999999999	0.074	0.054	0.075	0.098	0.072	0.03	0.0139999999999999	0.047	0.111	0.067	0.047	0.119	0.023	0.116	0.046	0.015	0.071
Opitutus sp. GAS368	0.037	0.013	0.045	0.094	0.009	0.129	0.223	0.086	0.188	0.159	0.013	0.098	0.018	0.009	0.021	0.029	0.16	0.048	0.027	0.021	0.044	0.168	0.0139999999999999	0.141	0.094	0.091	0.022	0.099	0.095	0.016	0.027	0.02	0.066	0.09	0.05	0.158	0.154	0.1369999999999999	0.093	0.01	0.088	0.024	0.117	0.065	0.016	0.06	0.105	0.024	0.15	0.02	0.314	0.021	0.159	0.021	0.019	0.04	0.026	0.021	0.048	0.076	0.018	0.016	0.126	0.099	0.087	0.055	0.079	0.036	0.217	0.063	0.107	0.15	0.03	0.019	0.163	0.017	0.116	0.0139999999999999	0.136	0.143	0.032	0.146	0.024	0.054	0.0349999999999999	0.044	0.107	0.111	0.06	0.05	0.086	0.08	0.105	0.063	0.018	0.047	0.188	0.053	0.042	0.147	0.021	0.1379999999999999	0.039	0.019	0.095
Chryseobacterium balustinum	0.003	0.0	0.0	0.0	0.0	0.003	0.002	0.001	0.001	0.001	0.009	0.001	0.0	0.059	0.0	0.004	0.0	0.001	0.002	0.0	0.0	0.001	0.004	0.001	0.002	0.002	0.0	0.001	0.001	0.021	0.001	0.0	0.002	0.003	0.006	0.001	0.002	0.001	0.001	0.017	0.001	0.0	0.0	0.001	0.0	0.001	0.0	0.004	0.001	0.01	0.003	0.0	0.001	0.0	0.031	0.0	0.043	0.0	0.0	0.001	0.0	0.0	0.001	0.001	0.001	0.5910000000000001	0.0	0.0	0.001	0.001	0.001	0.001	0.005	0.009	0.001	0.0	0.001	0.002	0.021	0.001	0.055	0.001	0.003	0.0	0.003	0.0	0.001	0.0	0.001	0.0	0.0069999999999999	0.001	0.001	0.089	0.024	0.0	0.002	0.001	0.0	0.001	0.0	0.001	0.001	0.001	0.001
Streptomyces sp. SAT1	0.041	0.021	0.022	0.061	0.185	0.101	0.088	0.059	0.089	0.063	0.0699999999999999	0.083	0.026	0.021	0.017	0.068	0.106	0.1949999999999999	0.053	0.04	0.022	0.1149999999999999	0.027	0.135	0.096	0.049	0.084	0.163	0.201	0.01	0.053	0.052	0.106	0.068	0.046	0.1389999999999999	0.126	0.099	0.065	0.027	0.1369999999999999	0.076	0.06	0.191	0.025	0.044	0.074	0.045	0.026	0.024	0.079	0.068	0.167	0.008	0.033	0.088	0.051	0.0349999999999999	0.182	0.107	0.012	0.01	0.087	0.043	0.132	0.027	0.051	0.063	0.1149999999999999	0.041	0.086	0.206	0.026	0.05	0.046	0.029	0.094	0.039	0.289	0.106	0.049	0.065	0.015	0.073	0.037	0.041	0.026	0.152	0.186	0.04	0.063	0.118	0.117	0.052	0.027	0.04	0.063	0.221	0.055	0.088	0.05	0.091	0.148	0.044	0.286
Paraburkholderia phymatum	0.037	0.032	0.134	0.0349999999999999	0.087	0.082	0.117	0.217	0.074	0.031	0.022	0.173	0.042	0.009	0.1	0.034	0.121	0.084	0.068	0.048	0.088	0.059	0.052	0.082	0.174	0.136	0.095	0.074	0.08	0.019	0.033	0.054	0.045	0.1139999999999999	0.076	0.0849999999999999	0.093	0.072	0.24	0.067	0.075	0.033	0.032	0.044	0.019	0.036	0.036	0.044	0.046	0.025	0.129	0.033	0.116	0.03	0.026	0.066	0.025	0.036	0.051	0.034	0.055	0.062	0.095	0.034	0.09	0.03	0.193	0.034	0.102	0.036	0.116	0.047	0.04	0.031	0.042	0.127	0.158	0.03	0.087	0.2289999999999999	0.03	0.0559999999999999	0.045	0.033	0.063	0.047	0.052	0.11	0.125	0.392	0.044	0.15	0.1139999999999999	0.051	0.022	0.075	0.041	0.066	0.047	0.1709999999999999	0.022	0.168	0.05	0.029	0.116
Streptomyces vietnamensis	0.047	0.016	0.02	0.065	0.098	0.071	0.077	0.047	0.074	0.06	0.038	0.061	0.018	0.021	0.013	0.045	0.086	0.1619999999999999	0.0349999999999999	0.031	0.026	0.097	0.023	0.099	0.082	0.045	0.054	0.104	0.131	0.008	0.045	0.029	0.073	0.053	0.037	0.101	0.082	0.082	0.053	0.017	0.096	0.0559999999999999	0.062	0.1379999999999999	0.021	0.105	0.0689999999999999	0.032	0.038	0.02	0.067	0.049	0.108	0.01	0.025	0.078	0.036	0.0279999999999999	0.357	0.404	0.011	0.01	0.0699999999999999	0.0809999999999999	0.099	0.049	0.049	0.046	0.082	0.082	0.074	0.127	0.026	0.065	0.051	0.02	0.068	0.032	0.186	0.08	0.041	0.068	0.012	0.065	0.033	0.042	0.05	0.111	0.136	0.032	0.0559999999999999	0.0809999999999999	0.0809999999999999	0.033	0.019	0.042	0.059	0.182	0.103	0.073	0.0349999999999999	0.0809999999999999	0.089	0.032	0.16
Pseudomonas thivervalensis	0.036	0.089	0.092	0.004	0.017	0.021	0.011	0.0069999999999999	0.003	0.003	0.054	0.017	0.128	0.1129999999999999	0.0569999999999999	0.092	0.038	0.0139999999999999	0.111	0.088	0.016	0.004	0.053	0.003	0.004	0.039	0.036	0.02	0.003	0.239	0.037	0.036	0.043	0.054	0.209	0.003	0.003	0.008	0.004	0.199	0.01	0.037	0.003	0.013	0.392	0.017	0.004	0.13	0.006	0.091	0.008	0.041	0.008	0.143	0.086	0.047	0.036	0.0559999999999999	0.008	0.021	0.071	0.079	0.0069999999999999	0.005	0.006	0.005	0.003	0.02	0.004	0.016	0.011	0.004	0.0569999999999999	0.054	0.004	0.0689999999999999	0.025	0.084	0.009	0.005	0.024	0.003	0.0689999999999999	0.003	0.029	0.026	0.005	0.012	0.006	0.003	0.0139999999999999	0.005	0.024	0.029	0.095	0.031	0.004	0.022	0.0069999999999999	0.004	0.076	0.009	0.012	0.096	0.006
Rhodococcus jostii	0.0689999999999999	0.0139999999999999	0.022	0.059	0.008	0.043	0.0559999999999999	0.038	0.064	0.0569999999999999	0.016	0.0349999999999999	0.013	0.0279999999999999	0.012	0.06	0.0349999999999999	0.099	0.044	0.032	0.152	0.072	0.026	0.054	0.046	0.041	0.0279999999999999	0.047	0.142	0.012	0.071	0.0139999999999999	0.023	0.047	0.072	0.058	0.055	0.068	0.051	0.021	0.074	0.0279999999999999	0.061	0.046	0.032	0.143	0.058	0.037	0.189	0.022	0.051	0.0279999999999999	0.049	0.021	0.024	0.048	0.054	0.051	0.108	0.042	0.016	0.015	0.092	0.152	0.256	0.075	0.29	0.063	0.051	0.266	0.038	0.0569999999999999	0.031	0.03	0.06	0.012	0.04	0.0279999999999999	0.042	0.043	0.049	0.076	0.016	0.13	0.052	0.067	0.32	0.038	0.058	0.097	0.124	0.055	0.051	0.034	0.016	0.04	0.0569999999999999	0.04	0.186	0.053	0.025	0.054	0.151	0.02	0.053
Streptomyces fungicidicus	0.048	0.021	0.024	0.0699999999999999	0.181	0.102	0.092	0.059	0.091	0.0699999999999999	0.0699999999999999	0.0809999999999999	0.026	0.024	0.016	0.0699999999999999	0.108	0.204	0.053	0.042	0.026	0.117	0.03	0.132	0.095	0.052	0.08	0.161	0.213	0.011	0.0569999999999999	0.051	0.106	0.071	0.049	0.131	0.123	0.101	0.067	0.026	0.1389999999999999	0.074	0.065	0.19	0.025	0.052	0.082	0.046	0.032	0.026	0.0849999999999999	0.067	0.1619999999999999	0.009	0.032	0.091	0.054	0.036	0.201	0.124	0.013	0.011	0.096	0.0559999999999999	0.1379999999999999	0.034	0.0559999999999999	0.065	0.108	0.051	0.086	0.198	0.031	0.055	0.055	0.029	0.095	0.039	0.2779999999999999	0.103	0.054	0.074	0.015	0.11	0.041	0.046	0.034	0.142	0.194	0.042	0.074	0.118	0.1119999999999999	0.0559999999999999	0.03	0.048	0.071	0.217	0.061	0.087	0.049	0.096	0.159	0.049	0.285
Pseudonocardia dioxanivorans	0.066	0.029	0.045	0.182	0.019	0.121	0.156	0.11	0.197	0.197	0.02	0.101	0.023	0.026	0.021	0.094	0.089	0.1	0.051	0.046	0.063	0.205	0.036	0.155	0.136	0.1389999999999999	0.044	0.13	0.144	0.017	0.0809999999999999	0.025	0.044	0.142	0.082	0.157	0.169	0.194	0.144	0.046	0.16	0.043	0.21	0.08	0.038	0.083	0.173	0.053	0.1369999999999999	0.045	0.132	0.04	0.1369999999999999	0.03	0.042	0.062	0.05	0.058	0.083	0.064	0.024	0.058	0.165	0.108	0.13	0.108	0.125	0.076	0.159	0.116	0.106	0.169	0.063	0.033	0.182	0.016	0.116	0.038	0.106	0.126	0.055	0.2749999999999999	0.029	0.194	0.104	0.105	0.117	0.097	0.121	0.0569999999999999	0.116	0.151	0.087	0.0559999999999999	0.029	0.06	0.205	0.108	0.0849999999999999	0.157	0.043	0.165	0.077	0.0279999999999999	0.1139999999999999
Streptomyces sp. RTd22	0.061	0.033	0.036	0.092	0.285	0.107	0.105	0.068	0.103	0.086	0.06	0.0809999999999999	0.03	0.027	0.021	0.072	0.1139999999999999	0.185	0.0559999999999999	0.052	0.038	0.134	0.034	0.15	0.118	0.062	0.079	0.147	0.163	0.013	0.063	0.048	0.111	0.0699999999999999	0.0689999999999999	0.1389999999999999	0.116	0.117	0.077	0.029	0.1369999999999999	0.078	0.082	0.198	0.0349999999999999	0.063	0.097	0.0569999999999999	0.051	0.036	0.088	0.074	0.157	0.015	0.041	0.091	0.063	0.045	0.187	0.111	0.018	0.013	0.131	0.062	0.128	0.058	0.064	0.09	0.123	0.067	0.109	0.165	0.048	0.052	0.074	0.03	0.102	0.048	0.231	0.118	0.0569999999999999	0.109	0.022	0.32	0.058	0.061	0.052	0.166	0.173	0.043	0.0699999999999999	0.117	0.134	0.054	0.0279999999999999	0.052	0.098	0.207	0.071	0.108	0.052	0.107	0.128	0.049	0.201
Pseudarthrobacter sulfonivorans	0.131	0.005	0.008	0.022	0.01	0.068	0.055	0.016	0.032	0.026	0.008	0.018	0.004	0.018	0.004	0.017	0.1709999999999999	0.032	0.0139999999999999	0.012	0.042	0.094	0.027	0.029	0.02	0.038	0.012	0.121	0.083	0.012	0.0569999999999999	0.02	0.032	0.045	0.046	0.026	0.021	0.055	0.027	0.017	0.04	0.017	0.027	0.092	0.008	0.149	0.0279999999999999	0.024	0.077	0.008	0.2799999999999999	0.017	0.0279999999999999	0.006	0.009	0.02	0.032	0.019	0.079	0.123	0.005	0.008	0.1139999999999999	0.089	0.361	0.073	0.126	0.044	0.02	0.165	0.04	0.049	0.019	0.033	0.029	0.004	0.02	0.016	0.031	0.016	0.079	0.032	0.005	0.034	0.015	0.033	0.063	0.025	0.04	0.089	0.121	0.055	0.019	0.023	0.024	0.093	0.0349999999999999	0.025	0.103	0.03	0.009	0.121	0.207	0.04	0.027
Bradyrhizobium sp. ORS 278	0.1149999999999999	0.052	0.063	0.2729999999999999	0.041	0.188	0.169	0.163	0.209	0.254	0.116	0.159	0.0569999999999999	0.034	0.118	0.1	0.155	0.1699999999999999	0.109	0.103	0.219	0.219	0.071	0.204	0.1949999999999999	0.11	0.104	0.189	0.201	0.039	0.131	0.06	0.134	0.1379999999999999	0.166	0.208	0.1949999999999999	0.204	0.187	0.157	0.191	0.098	0.254	0.15	0.059	0.145	0.266	0.1	0.1709999999999999	0.123	0.13	0.099	0.19	0.034	0.093	0.107	0.103	0.117	0.129	0.104	0.098	0.06	0.19	0.1619999999999999	0.203	0.133	0.1699999999999999	0.173	0.214	0.168	0.201	0.196	0.1379999999999999	0.169	0.246	0.104	0.155	0.068	0.141	0.161	0.107	0.199	0.082	0.241	0.127	0.1379999999999999	0.164	0.175	0.168	0.1139999999999999	0.219	0.252	0.131	0.176	0.075	0.116	0.201	0.11	0.136	0.199	0.117	0.19	0.118	0.052	0.111
Melittangium boletus	0.043	0.01	0.017	0.049	0.008	0.032	0.04	0.024	0.036	0.051	0.011	0.026	0.011	0.011	0.015	0.038	0.0279999999999999	0.033	0.017	0.022	0.041	0.04	0.039	0.029	0.024	0.021	0.018	0.0279999999999999	0.036	0.008	0.038	0.0139999999999999	0.023	0.029	0.031	0.04	0.034	0.041	0.03	0.017	0.036	0.02	0.055	0.042	0.0139999999999999	0.087	0.052	0.023	0.209	0.015	0.049	0.025	0.034	0.013	0.017	0.0349999999999999	0.024	0.025	0.079	0.21	0.0139999999999999	0.01	0.051	0.51	0.044	0.087	0.043	0.047	0.033	0.125	0.029	0.036	0.0349999999999999	0.015	0.065	0.009	0.022	0.02	0.032	0.0279999999999999	0.043	0.047	0.012	0.065	0.049	0.06	0.1389999999999999	0.025	0.034	0.031	0.047	0.032	0.034	0.033	0.016	0.043	0.061	0.031	0.063	0.0349999999999999	0.017	0.037	0.071	0.013	0.031
Streptomyces hundungensis	0.048	0.018	0.025	0.0809999999999999	0.126	0.118	0.105	0.0559999999999999	0.087	0.074	0.05	0.071	0.023	0.022	0.015	0.0559999999999999	0.201	0.202	0.041	0.036	0.025	0.172	0.027	0.126	0.1	0.054	0.065	0.185	0.1699999999999999	0.009	0.051	0.037	0.097	0.059	0.047	0.126	0.101	0.092	0.062	0.021	0.131	0.068	0.066	0.167	0.024	0.068	0.087	0.038	0.031	0.023	0.101	0.062	0.135	0.009	0.029	0.092	0.047	0.031	0.1699999999999999	0.12	0.0139999999999999	0.011	0.078	0.043	0.121	0.031	0.053	0.053	0.105	0.047	0.096	0.223	0.03	0.048	0.051	0.025	0.0849999999999999	0.038	0.241	0.108	0.046	0.067	0.015	0.077	0.037	0.046	0.031	0.2269999999999999	0.1699999999999999	0.037	0.062	0.104	0.102	0.042	0.022	0.053	0.063	0.223	0.055	0.086	0.041	0.135	0.1149999999999999	0.0349999999999999	0.206
Cupriavidus taiwanensis	0.209	0.122	0.12	0.144	0.217	0.143	0.155	0.143	0.1379999999999999	0.1399999999999999	0.105	0.1399999999999999	0.1149999999999999	0.0569999999999999	0.122	0.089	0.136	0.123	0.1389999999999999	0.181	0.223	0.135	0.197	0.117	0.132	0.126	0.119	0.117	0.123	0.059	0.158	0.197	0.126	0.117	0.194	0.135	0.1379999999999999	0.136	0.144	0.129	0.128	0.147	0.149	0.188	0.089	0.303	0.151	0.207	0.269	0.102	0.21	0.208	0.131	0.077	0.169	0.134	0.134	0.2279999999999999	0.307	0.413	0.1149999999999999	0.11	0.1699999999999999	0.212	0.144	0.202	0.214	0.175	0.141	0.233	0.1399999999999999	0.1129999999999999	0.2289999999999999	0.1149999999999999	0.199	0.135	0.126	0.149	0.1149999999999999	0.1399999999999999	0.191	0.129	0.116	0.123	0.25	0.197	0.288	0.202	0.142	0.203	0.158	0.1369999999999999	0.219	0.134	0.1619999999999999	0.2749999999999999	0.1949999999999999	0.107	0.261	0.141	0.12	0.167	0.181	0.106	0.133
Streptosporangium roseum	0.041	0.017	0.025	0.164	0.024	0.122	0.144	0.12	0.193	0.142	0.017	0.087	0.0139999999999999	0.016	0.0139999999999999	0.036	0.1	0.077	0.026	0.0279999999999999	0.036	0.208	0.022	0.174	0.154	0.124	0.029	0.124	0.13	0.01	0.041	0.018	0.038	0.142	0.045	0.146	0.1709999999999999	0.203	0.146	0.017	0.154	0.03	0.161	0.072	0.023	0.058	0.166	0.03	0.068	0.023	0.102	0.031	0.128	0.015	0.026	0.039	0.025	0.03	0.059	0.051	0.015	0.0139999999999999	0.1129999999999999	0.0559999999999999	0.106	0.055	0.109	0.038	0.157	0.065	0.117	0.1709999999999999	0.042	0.023	0.1149999999999999	0.013	0.119	0.025	0.132	0.134	0.034	0.158	0.02	0.1129999999999999	0.048	0.059	0.061	0.1129999999999999	0.091	0.054	0.09	0.156	0.0809999999999999	0.03	0.015	0.041	0.109	0.095	0.047	0.177	0.026	0.161	0.053	0.017	0.084
Pseudomonas tolaasii	0.045	0.093	0.347	0.005	0.015	0.02	0.012	0.012	0.005	0.005	0.077	0.026	0.1399999999999999	0.189	0.08	0.118	0.03	0.016	0.077	0.084	0.0139999999999999	0.005	0.152	0.005	0.0069999999999999	0.054	0.042	0.018	0.005	0.131	0.046	0.058	0.05	0.049	0.034	0.004	0.004	0.01	0.005	0.11	0.01	0.059	0.005	0.016	0.147	0.016	0.005	0.052	0.0069999999999999	0.15	0.01	0.046	0.0139999999999999	0.196	0.106	0.052	0.043	0.066	0.01	0.019	0.089	0.1399999999999999	0.009	0.0069999999999999	0.006	0.0069999999999999	0.005	0.03	0.006	0.0139999999999999	0.013	0.005	0.045	0.0559999999999999	0.005	0.089	0.037	0.151	0.013	0.005	0.032	0.004	0.077	0.004	0.037	0.029	0.0069999999999999	0.0139999999999999	0.008	0.004	0.018	0.006	0.029	0.0349999999999999	0.144	0.025	0.0069999999999999	0.041	0.0069999999999999	0.005	0.102	0.01	0.015	0.129	0.008
Bradyrhizobium sp. ORS 285	0.118	0.052	0.062	0.2739999999999999	0.043	0.187	0.1699999999999999	0.1619999999999999	0.207	0.249	0.118	0.159	0.058	0.034	0.117	0.101	0.152	0.167	0.111	0.103	0.222	0.214	0.072	0.2	0.191	0.109	0.104	0.187	0.197	0.04	0.134	0.06	0.132	0.1369999999999999	0.167	0.21	0.193	0.201	0.186	0.1619999999999999	0.19	0.099	0.252	0.148	0.058	0.148	0.268	0.101	0.173	0.124	0.13	0.099	0.187	0.032	0.094	0.106	0.104	0.118	0.13	0.106	0.098	0.061	0.188	0.165	0.199	0.131	0.166	0.177	0.213	0.1709999999999999	0.197	0.194	0.1379999999999999	0.173	0.247	0.103	0.155	0.0689999999999999	0.1399999999999999	0.161	0.107	0.197	0.082	0.239	0.128	0.1379999999999999	0.166	0.172	0.166	0.111	0.217	0.252	0.13	0.179	0.076	0.117	0.201	0.11	0.1389999999999999	0.198	0.117	0.191	0.118	0.052	0.1119999999999999
Modestobacter marinus	0.09	0.04	0.042	0.123	0.024	0.087	0.13	0.098	0.163	0.131	0.018	0.093	0.025	0.0349999999999999	0.022	0.2269999999999999	0.088	0.086	0.068	0.065	0.088	0.164	0.06	0.116	0.105	0.1149999999999999	0.067	0.1129999999999999	0.143	0.0279999999999999	0.179	0.03	0.031	0.122	0.104	0.132	0.123	0.169	0.122	0.06	0.157	0.059	0.156	0.075	0.047	0.106	0.142	0.0809999999999999	0.2289999999999999	0.047	0.109	0.051	0.104	0.037	0.063	0.086	0.0809999999999999	0.091	0.205	0.089	0.027	0.03	0.177	0.252	0.153	0.214	0.1389999999999999	0.1619999999999999	0.118	0.211	0.098	0.149	0.074	0.036	0.131	0.018	0.098	0.053	0.084	0.102	0.062	0.198	0.033	0.2	0.148	0.145	0.25	0.08	0.096	0.049	0.122	0.158	0.074	0.093	0.047	0.095	0.155	0.108	0.176	0.126	0.051	0.1399999999999999	0.092	0.043	0.1149999999999999
Blastococcus saxobsidens	0.093	0.031	0.038	0.103	0.02	0.074	0.122	0.09	0.152	0.1149999999999999	0.015	0.091	0.02	0.033	0.019	0.158	0.08	0.084	0.048	0.0569999999999999	0.083	0.146	0.06	0.099	0.087	0.106	0.0569999999999999	0.106	0.135	0.0279999999999999	0.144	0.027	0.0279999999999999	0.1139999999999999	0.074	0.121	0.109	0.159	0.1119999999999999	0.034	0.152	0.058	0.143	0.072	0.041	0.117	0.132	0.063	0.249	0.036	0.101	0.051	0.093	0.037	0.061	0.079	0.059	0.0849999999999999	0.191	0.093	0.024	0.025	0.189	0.266	0.161	0.22	0.143	0.119	0.105	0.222	0.088	0.141	0.067	0.031	0.121	0.015	0.088	0.052	0.079	0.091	0.061	0.188	0.023	0.167	0.1379999999999999	0.148	0.256	0.0689999999999999	0.093	0.048	0.125	0.149	0.0689999999999999	0.0559999999999999	0.033	0.092	0.153	0.105	0.172	0.1119999999999999	0.052	0.124	0.097	0.04	0.121
Thermomonospora curvata	0.023	0.01	0.0139999999999999	0.142	0.009	0.111	0.128	0.1139999999999999	0.187	0.1119999999999999	0.008	0.078	0.0069999999999999	0.009	0.009	0.02	0.086	0.05	0.015	0.016	0.023	0.199	0.012	0.163	0.142	0.12	0.015	0.109	0.1119999999999999	0.006	0.023	0.01	0.023	0.142	0.025	0.132	0.158	0.198	0.142	0.009	0.141	0.015	0.13	0.049	0.012	0.036	0.132	0.016	0.042	0.012	0.087	0.016	0.1119999999999999	0.009	0.015	0.021	0.0139999999999999	0.017	0.03	0.027	0.008	0.009	0.095	0.034	0.088	0.034	0.098	0.021	0.148	0.037	0.104	0.156	0.024	0.012	0.097	0.0069999999999999	0.11	0.0139999999999999	0.076	0.12	0.019	0.1379999999999999	0.01	0.063	0.0279999999999999	0.0349999999999999	0.039	0.093	0.0699999999999999	0.046	0.074	0.147	0.065	0.017	0.008	0.025	0.088	0.074	0.0279999999999999	0.172	0.0139999999999999	0.154	0.037	0.009	0.062
Burkholderia sp. PAMC 26561	0.029	0.011	0.055	0.013	0.033	0.0279999999999999	0.036	0.051	0.074	0.01	0.008	0.063	0.02	0.008	0.026	0.017	0.042	0.029	0.027	0.019	0.043	0.087	0.02	0.0559999999999999	0.104	0.046	0.038	0.086	0.034	0.01	0.0139999999999999	0.02	0.013	0.036	0.0349999999999999	0.029	0.051	0.024	0.104	0.041	0.027	0.0139999999999999	0.013	0.015	0.011	0.01	0.013	0.019	0.013	0.009	0.048	0.0139999999999999	0.043	0.016	0.011	0.065	0.01	0.016	0.023	0.013	0.031	0.063	0.034	0.011	0.034	0.01	0.082	0.0139999999999999	0.038	0.015	0.042	0.017	0.016	0.015	0.0139999999999999	0.038	0.073	0.018	0.03	0.154	0.01	0.021	0.046	0.012	0.023	0.02	0.017	0.031	0.065	0.098	0.02	0.083	0.0349999999999999	0.518	0.022	0.036	0.013	0.0349999999999999	0.016	0.049	0.009	0.104	0.022	0.0139999999999999	0.042
Paenibacillus sp. FSL P4-0081	0.019	0.033	0.008	0.005	0.0	0.001	0.001	0.001	0.001	0.004	0.005	0.001	0.021	0.304	0.0	0.008	0.001	0.002	0.143	0.002	0.001	0.001	0.05	0.001	0.001	0.001	0.002	0.001	0.001	0.03	0.006	0.001	0.002	0.001	0.374	0.002	0.001	0.002	0.001	0.003	0.001	0.003	0.005	0.001	0.031	0.001	0.005	0.161	0.002	0.002	0.001	0.002	0.001	0.126	0.001	0.005	0.006	0.0069999999999999	0.003	0.004	0.0	0.001	0.001	0.004	0.001	0.011	0.001	0.002	0.001	0.008	0.001	0.001	0.002	0.008	0.002	0.001	0.001	0.002	0.001	0.001	0.01	0.001	0.005	0.001	0.001	0.002	0.003	0.001	0.001	0.001	0.001	0.001	0.001	0.132	0.019	0.001	0.002	0.002	0.001	0.001	0.001	0.001	0.008	0.1149999999999999	0.001
Pseudomonas stutzeri	0.099	0.135	0.392	0.093	0.0569999999999999	0.079	0.08	0.0569999999999999	0.0809999999999999	0.09	0.122	0.06	0.238	0.201	0.102	0.147	0.0849999999999999	0.072	0.1619999999999999	0.148	0.0809999999999999	0.088	0.178	0.065	0.055	0.084	0.1	0.0689999999999999	0.067	0.156	0.101	0.109	0.086	0.094	0.09	0.077	0.077	0.086	0.062	0.18	0.072	0.1129999999999999	0.102	0.074	0.191	0.1	0.096	0.105	0.132	0.246	0.1	0.101	0.0689999999999999	0.268	0.164	0.084	0.1129999999999999	0.119	0.071	0.094	0.1619999999999999	0.29	0.089	0.092	0.0699999999999999	0.072	0.074	0.09	0.076	0.0849999999999999	0.0689999999999999	0.072	0.106	0.101	0.125	0.133	0.063	0.196	0.062	0.059	0.092	0.08	0.094	0.075	0.098	0.1	0.129	0.059	0.067	0.0689999999999999	0.086	0.066	0.079	0.095	0.159	0.084	0.11	0.128	0.079	0.0689999999999999	0.131	0.073	0.062	0.153	0.06
Arthrobacter sp. QXT-31	0.123	0.0069999999999999	0.008	0.022	0.012	0.066	0.055	0.016	0.03	0.026	0.009	0.018	0.004	0.017	0.004	0.019	0.167	0.032	0.016	0.013	0.045	0.089	0.027	0.026	0.019	0.037	0.012	0.116	0.084	0.011	0.0569999999999999	0.022	0.03	0.043	0.059	0.025	0.021	0.054	0.0279999999999999	0.019	0.04	0.015	0.0279999999999999	0.087	0.009	0.135	0.0279999999999999	0.037	0.071	0.008	0.242	0.016	0.027	0.005	0.009	0.021	0.042	0.02	0.121	0.142	0.005	0.008	0.1119999999999999	0.088	0.346	0.086	0.123	0.058	0.019	0.153	0.038	0.047	0.021	0.034	0.029	0.004	0.02	0.015	0.03	0.017	0.073	0.033	0.006	0.049	0.016	0.031	0.061	0.024	0.039	0.082	0.1129999999999999	0.055	0.02	0.026	0.027	0.116	0.032	0.025	0.119	0.03	0.009	0.108	0.191	0.039	0.026
Methylorubrum extorquens	0.111	0.042	0.055	0.261	0.033	0.131	0.15	0.109	0.156	0.266	0.059	0.106	0.045	0.037	0.053	0.088	0.116	0.116	0.068	0.072	0.167	0.167	0.0569999999999999	0.125	0.12	0.093	0.068	0.12	0.154	0.03	0.098	0.054	0.077	0.108	0.117	0.173	0.159	0.174	0.132	0.061	0.136	0.0699999999999999	0.2779999999999999	0.126	0.059	0.1619999999999999	0.247	0.08	0.232	0.066	0.142	0.077	0.1389999999999999	0.038	0.063	0.0809999999999999	0.074	0.084	0.123	0.1149999999999999	0.053	0.045	0.161	0.165	0.143	0.152	0.1379999999999999	0.111	0.15	0.16	0.121	0.132	0.1119999999999999	0.0849999999999999	0.221	0.042	0.1	0.062	0.118	0.1139999999999999	0.097	0.166	0.055	0.209	0.102	0.148	0.21	0.106	0.125	0.105	0.154	0.145	0.1139999999999999	0.118	0.049	0.1119999999999999	0.198	0.098	0.13	0.1399999999999999	0.071	0.143	0.096	0.048	0.104
Bacillus simplex	0.175	0.0569999999999999	0.002	0.001	0.0	0.002	0.004	0.001	0.002	0.005	0.002	0.002	0.003	0.015	0.001	0.201	0.002	0.2289999999999999	0.0069999999999999	0.02	0.003	0.002	0.36	0.001	0.001	0.003	0.005	0.002	0.003	0.011	0.063	0.001	0.042	0.002	0.009	0.002	0.002	0.003	0.002	0.047	0.002	0.022	0.001	0.012	0.037	0.008	0.002	0.0809999999999999	0.004	0.003	0.001	0.038	0.002	0.003	0.01	0.021	0.021	0.0139999999999999	0.078	0.0279999999999999	0.001	0.001	0.004	0.016	0.002	0.0069999999999999	0.002	0.009	0.002	0.068	0.001	0.005	0.202	0.01	0.003	0.001	0.001	0.063	0.004	0.001	0.067	0.003	0.002	0.052	0.003	0.024	0.004	0.002	0.003	0.003	0.001	0.001	0.004	0.024	0.01	0.002	0.002	0.009	0.015	0.001	0.002	0.001	0.098	0.003	0.005
Bradyrhizobium sp. WSM471	0.078	0.042	0.061	0.146	0.0569999999999999	0.124	0.096	0.129	0.158	0.1619999999999999	0.091	0.1399999999999999	0.055	0.022	0.093	0.117	0.091	0.088	0.105	0.091	0.151	0.143	0.1369999999999999	0.1619999999999999	0.191	0.09	0.129	0.169	0.135	0.036	0.185	0.0559999999999999	0.104	0.093	0.095	0.157	0.144	0.119	0.108	0.396	0.1949999999999999	0.078	0.144	0.075	0.036	0.074	0.121	0.086	0.08	0.108	0.064	0.146	0.134	0.024	0.104	0.086	0.121	0.106	0.094	0.055	0.1	0.0559999999999999	0.107	0.1379999999999999	0.132	0.074	0.092	0.179	0.203	0.104	0.141	0.1619999999999999	0.075	0.097	0.127	0.127	0.159	0.079	0.121	0.13	0.0689999999999999	0.147	0.043	0.284	0.199	0.076	0.088	0.205	0.206	0.046	0.118	0.164	0.071	0.175	0.1139999999999999	0.08	0.13	0.122	0.124	0.122	0.092	0.109	0.106	0.055	0.092
Streptomyces sp. Go-475	0.041	0.021	0.025	0.055	0.199	0.093	0.077	0.053	0.078	0.059	0.075	0.073	0.025	0.022	0.017	0.0689999999999999	0.0849999999999999	0.1699999999999999	0.051	0.039	0.022	0.094	0.027	0.12	0.0809999999999999	0.043	0.0809999999999999	0.15	0.181	0.01	0.054	0.05	0.098	0.059	0.047	0.11	0.1119999999999999	0.087	0.0569999999999999	0.026	0.124	0.075	0.0559999999999999	0.172	0.026	0.048	0.071	0.045	0.026	0.027	0.073	0.062	0.152	0.008	0.031	0.084	0.055	0.034	0.198	0.118	0.012	0.009	0.0809999999999999	0.053	0.12	0.029	0.046	0.062	0.095	0.044	0.0699999999999999	0.179	0.0279999999999999	0.053	0.043	0.0279999999999999	0.087	0.038	0.258	0.089	0.05	0.06	0.015	0.078	0.037	0.04	0.026	0.121	0.176	0.036	0.059	0.108	0.102	0.0559999999999999	0.03	0.044	0.062	0.19	0.0569999999999999	0.074	0.048	0.08	0.145	0.049	0.281
Streptomyces rubrolavendulae	0.061	0.021	0.031	0.1129999999999999	0.102	0.1129999999999999	0.126	0.079	0.126	0.1119999999999999	0.043	0.084	0.019	0.027	0.016	0.058	0.142	0.193	0.042	0.039	0.04	0.165	0.031	0.159	0.131	0.078	0.061	0.159	0.19	0.011	0.059	0.034	0.087	0.09	0.052	0.157	0.127	0.136	0.09	0.022	0.147	0.063	0.117	0.163	0.0279999999999999	0.068	0.118	0.04	0.066	0.027	0.102	0.061	0.156	0.015	0.033	0.092	0.046	0.036	0.176	0.1149999999999999	0.016	0.015	0.111	0.071	0.142	0.0559999999999999	0.0809999999999999	0.054	0.1369999999999999	0.076	0.12	0.192	0.041	0.051	0.093	0.022	0.104	0.039	0.2249999999999999	0.126	0.054	0.121	0.016	0.109	0.052	0.066	0.065	0.178	0.184	0.046	0.086	0.125	0.109	0.047	0.024	0.052	0.1	0.212	0.071	0.121	0.041	0.128	0.121	0.038	0.193
Micromonospora inositola	0.067	0.019	0.025	0.099	0.023	0.065	0.092	0.062	0.1119999999999999	0.103	0.02	0.0689999999999999	0.0139999999999999	0.017	0.015	0.041	0.0569999999999999	0.256	0.0279999999999999	0.033	0.0349999999999999	0.121	0.022	0.09	0.0809999999999999	0.071	0.0349999999999999	0.074	0.124	0.01	0.0569999999999999	0.021	0.084	0.084	0.044	0.103	0.098	0.1129999999999999	0.087	0.021	0.101	0.0349999999999999	0.1	0.261	0.023	0.072	0.106	0.032	0.062	0.029	0.074	0.041	0.093	0.016	0.029	0.044	0.025	0.032	0.072	0.0689999999999999	0.016	0.015	0.148	0.063	0.2239999999999999	0.061	0.083	0.046	0.0849999999999999	0.071	0.063	0.106	0.042	0.027	0.088	0.013	0.068	0.026	0.182	0.073	0.041	0.128	0.015	0.109	0.053	0.0699999999999999	0.06	0.066	0.196	0.044	0.105	0.088	0.077	0.03	0.016	0.048	0.091	0.154	0.058	0.092	0.032	0.088	0.156	0.016	0.241
Nocardioides sp. 603	0.0689999999999999	0.02	0.046	0.117	0.013	0.077	0.102	0.064	0.135	0.1949999999999999	0.017	0.078	0.017	0.032	0.015	0.075	0.06	0.108	0.041	0.038	0.047	0.124	0.033	0.087	0.075	0.097	0.034	0.096	0.106	0.0139999999999999	0.079	0.018	0.039	0.088	0.062	0.109	0.094	0.094	0.079	0.031	0.1139999999999999	0.031	0.205	0.071	0.0279999999999999	0.059	0.1129999999999999	0.036	0.161	0.031	0.108	0.036	0.095	0.027	0.034	0.055	0.039	0.047	0.08	0.051	0.02	0.029	0.1699999999999999	0.118	0.108	0.092	0.092	0.062	0.092	0.117	0.066	0.1149999999999999	0.043	0.026	0.207	0.012	0.062	0.031	0.076	0.071	0.0559999999999999	0.288	0.017	0.245	0.092	0.099	0.107	0.063	0.119	0.031	0.117	0.09	0.058	0.059	0.022	0.05	0.2299999999999999	0.099	0.075	0.084	0.0349999999999999	0.087	0.079	0.0279999999999999	0.107
Pseudomonas aeruginosa	0.102	0.154	0.3389999999999999	0.087	0.068	0.0809999999999999	0.078	0.06	0.072	0.078	0.131	0.061	0.231	0.185	0.121	0.151	0.086	0.064	0.196	0.153	0.075	0.075	0.1949999999999999	0.062	0.0569999999999999	0.093	0.105	0.0689999999999999	0.06	0.174	0.103	0.1139999999999999	0.102	0.111	0.094	0.0689999999999999	0.071	0.082	0.059	0.174	0.071	0.109	0.088	0.073	0.201	0.092	0.0849999999999999	0.109	0.103	0.238	0.089	0.103	0.066	0.246	0.165	0.09	0.116	0.125	0.071	0.0849999999999999	0.156	0.252	0.076	0.078	0.063	0.0689999999999999	0.064	0.09	0.066	0.08	0.071	0.065	0.109	0.111	0.095	0.153	0.0699999999999999	0.183	0.061	0.058	0.095	0.0699999999999999	0.102	0.066	0.103	0.102	0.101	0.063	0.06	0.053	0.094	0.062	0.0809999999999999	0.092	0.181	0.095	0.09	0.116	0.072	0.066	0.133	0.073	0.062	0.179	0.054
Phycicoccus dokdonensis	0.045	0.0139999999999999	0.027	0.101	0.011	0.073	0.099	0.06	0.153	0.178	0.011	0.082	0.011	0.022	0.011	0.04	0.065	0.087	0.026	0.026	0.036	0.1399999999999999	0.022	0.08	0.073	0.107	0.023	0.118	0.125	0.01	0.0569999999999999	0.013	0.032	0.104	0.039	0.1149999999999999	0.098	0.125	0.084	0.017	0.128	0.023	0.181	0.064	0.02	0.051	0.108	0.027	0.1139999999999999	0.021	0.124	0.026	0.093	0.018	0.024	0.037	0.025	0.03	0.06	0.043	0.013	0.029	0.181	0.077	0.148	0.068	0.1129999999999999	0.046	0.087	0.0849999999999999	0.071	0.124	0.033	0.018	0.153	0.008	0.0689999999999999	0.023	0.087	0.071	0.041	0.2749999999999999	0.011	0.158	0.055	0.066	0.0809999999999999	0.061	0.1149999999999999	0.0349999999999999	0.136	0.096	0.064	0.0349999999999999	0.015	0.036	0.208	0.101	0.051	0.083	0.024	0.104	0.066	0.017	0.1389999999999999
Pseudomonas mucidolens	0.053	0.136	0.177	0.005	0.0279999999999999	0.038	0.018	0.012	0.005	0.004	0.075	0.03	0.16	0.175	0.076	0.1	0.047	0.025	0.103	0.123	0.021	0.004	0.121	0.005	0.0069999999999999	0.061	0.05	0.027	0.005	0.132	0.0569999999999999	0.0689999999999999	0.067	0.073	0.046	0.005	0.005	0.0139999999999999	0.012	0.107	0.015	0.058	0.004	0.021	0.166	0.025	0.005	0.072	0.008	0.15	0.012	0.054	0.016	0.221	0.121	0.06	0.063	0.073	0.01	0.024	0.098	0.136	0.01	0.0069999999999999	0.008	0.006	0.006	0.033	0.0069999999999999	0.021	0.016	0.006	0.064	0.0849999999999999	0.005	0.1	0.048	0.149	0.015	0.0069999999999999	0.037	0.004	0.094	0.003	0.047	0.055	0.006	0.02	0.009	0.004	0.024	0.0069999999999999	0.083	0.0349999999999999	0.128	0.048	0.006	0.036	0.009	0.006	0.116	0.012	0.021	0.1389999999999999	0.01
Nitrobacter hamburgensis	0.0849999999999999	0.03	0.041	0.254	0.015	0.1399999999999999	0.13	0.126	0.158	0.2279999999999999	0.06	0.1119999999999999	0.033	0.024	0.059	0.061	0.122	0.127	0.0569999999999999	0.063	0.145	0.165	0.046	0.151	0.136	0.082	0.059	0.133	0.155	0.024	0.08	0.033	0.076	0.106	0.098	0.169	0.15	0.168	0.142	0.06	0.1369999999999999	0.06	0.238	0.1149999999999999	0.042	0.121	0.238	0.058	0.145	0.061	0.094	0.066	0.141	0.023	0.054	0.066	0.054	0.0699999999999999	0.094	0.078	0.054	0.034	0.141	0.12	0.153	0.099	0.132	0.0849999999999999	0.152	0.126	0.146	0.1379999999999999	0.089	0.093	0.19	0.062	0.11	0.044	0.103	0.1119999999999999	0.078	0.148	0.052	0.167	0.074	0.108	0.127	0.116	0.1119999999999999	0.092	0.163	0.168	0.104	0.092	0.039	0.074	0.151	0.09	0.094	0.148	0.068	0.144	0.093	0.036	0.0849999999999999
Nocardioides sp. CF8	0.064	0.018	0.045	0.109	0.012	0.071	0.092	0.0569999999999999	0.126	0.196	0.016	0.074	0.016	0.03	0.015	0.071	0.054	0.099	0.04	0.036	0.046	0.111	0.031	0.077	0.065	0.092	0.032	0.091	0.098	0.0139999999999999	0.074	0.017	0.036	0.082	0.059	0.099	0.087	0.082	0.0699999999999999	0.027	0.105	0.031	0.201	0.066	0.027	0.0569999999999999	0.109	0.034	0.157	0.029	0.108	0.034	0.086	0.027	0.032	0.053	0.037	0.045	0.074	0.049	0.019	0.0279999999999999	0.161	0.109	0.1	0.087	0.084	0.059	0.083	0.111	0.06	0.104	0.041	0.025	0.201	0.011	0.055	0.029	0.0699999999999999	0.062	0.054	0.2789999999999999	0.016	0.2249999999999999	0.086	0.095	0.102	0.054	0.1149999999999999	0.027	0.1119999999999999	0.08	0.052	0.053	0.02	0.046	0.239	0.093	0.0689999999999999	0.071	0.034	0.077	0.075	0.026	0.107
Pseudomonas rhizosphaerae	0.029	0.0559999999999999	0.267	0.0069999999999999	0.01	0.02	0.01	0.01	0.0069999999999999	0.008	0.053	0.02	0.145	0.118	0.061	0.067	0.017	0.017	0.062	0.082	0.011	0.0069999999999999	0.141	0.006	0.011	0.039	0.066	0.012	0.0069999999999999	0.095	0.06	0.047	0.03	0.0279999999999999	0.024	0.0069999999999999	0.006	0.01	0.006	0.104	0.009	0.043	0.0069999999999999	0.016	0.101	0.012	0.008	0.039	0.01	0.183	0.013	0.044	0.008	0.146	0.131	0.025	0.033	0.054	0.009	0.0139999999999999	0.074	0.209	0.009	0.009	0.0069999999999999	0.008	0.0069999999999999	0.033	0.008	0.0139999999999999	0.011	0.0069999999999999	0.03	0.03	0.009	0.063	0.017	0.187	0.01	0.006	0.027	0.0069999999999999	0.05	0.006	0.031	0.134	0.01	0.01	0.008	0.005	0.0139999999999999	0.0069999999999999	0.019	0.031	0.079	0.015	0.011	0.104	0.009	0.0069999999999999	0.0569999999999999	0.018	0.012	0.06	0.0069999999999999
Mesorhizobium japonicum	0.096	0.06	0.049	0.202	0.072	0.076	0.046	0.084	0.082	0.243	0.181	0.052	0.04	0.046	0.065	0.132	0.039	0.04	0.076	0.058	0.1149999999999999	0.064	0.0559999999999999	0.063	0.068	0.036	0.065	0.102	0.073	0.033	0.082	0.052	0.071	0.033	0.0849999999999999	0.06	0.0809999999999999	0.049	0.045	0.083	0.088	0.0569999999999999	0.129	0.043	0.068	0.0809999999999999	0.18	0.097	0.076	0.096	0.061	0.042	0.072	0.018	0.041	0.055	0.127	0.077	0.084	0.079	0.05	0.0559999999999999	0.077	0.166	0.05	0.087	0.042	0.145	0.116	0.105	0.0569999999999999	0.066	0.06	0.16	0.117	0.059	0.063	0.041	0.054	0.066	0.064	0.075	0.063	0.378	0.086	0.055	0.093	0.064	0.106	0.029	0.0849999999999999	0.068	0.048	0.218	0.124	0.088	0.16	0.095	0.102	0.067	0.054	0.086	0.102	0.0809999999999999	0.076
Nocardioides dokdonensis	0.064	0.019	0.044	0.1119999999999999	0.012	0.073	0.095	0.059	0.13	0.187	0.016	0.074	0.015	0.029	0.015	0.0689999999999999	0.0559999999999999	0.101	0.038	0.036	0.046	0.117	0.031	0.082	0.0699999999999999	0.092	0.032	0.089	0.102	0.0139999999999999	0.074	0.017	0.036	0.082	0.058	0.101	0.089	0.088	0.075	0.0279999999999999	0.107	0.032	0.199	0.066	0.027	0.0569999999999999	0.106	0.033	0.149	0.029	0.105	0.0349999999999999	0.088	0.025	0.032	0.053	0.036	0.044	0.076	0.048	0.02	0.0279999999999999	0.159	0.108	0.102	0.086	0.0849999999999999	0.058	0.087	0.11	0.063	0.108	0.04	0.025	0.199	0.011	0.0569999999999999	0.029	0.071	0.067	0.053	0.2789999999999999	0.016	0.2279999999999999	0.0849999999999999	0.093	0.099	0.058	0.1129999999999999	0.029	0.11	0.084	0.055	0.0559999999999999	0.021	0.047	0.221	0.094	0.068	0.076	0.033	0.082	0.076	0.026	0.103
Burkholderia sp. RPE67	0.019	0.022	0.041	0.012	0.095	0.054	0.111	0.132	0.053	0.01	0.012	0.123	0.037	0.003	0.03	0.04	0.098	0.038	0.065	0.0349999999999999	0.101	0.042	0.02	0.045	0.109	0.127	0.091	0.071	0.0849999999999999	0.018	0.021	0.026	0.011	0.105	0.089	0.037	0.04	0.036	0.222	0.097	0.082	0.0139999999999999	0.011	0.019	0.015	0.011	0.0139999999999999	0.047	0.016	0.02	0.101	0.016	0.06	0.015	0.0139999999999999	0.055	0.015	0.024	0.038	0.012	0.024	0.044	0.067	0.015	0.075	0.012	0.22	0.025	0.065	0.019	0.129	0.022	0.033	0.019	0.0139999999999999	0.029	0.124	0.021	0.047	0.121	0.011	0.015	0.02	0.012	0.051	0.0279999999999999	0.023	0.073	0.106	0.078	0.0349999999999999	0.262	0.071	0.026	0.011	0.062	0.0139999999999999	0.0279999999999999	0.025	0.08	0.01	0.202	0.031	0.02	0.071
Streptomyces sp. Z022	0.039	0.02	0.02	0.053	0.165	0.088	0.072	0.05	0.077	0.058	0.062	0.0699999999999999	0.024	0.018	0.016	0.061	0.087	0.169	0.05	0.037	0.019	0.095	0.026	0.1149999999999999	0.078	0.042	0.074	0.141	0.175	0.009	0.05	0.046	0.097	0.062	0.044	0.107	0.108	0.082	0.053	0.027	0.118	0.067	0.055	0.168	0.023	0.04	0.064	0.046	0.023	0.021	0.0689999999999999	0.061	0.143	0.0069999999999999	0.029	0.079	0.05	0.033	0.176	0.104	0.011	0.008	0.079	0.041	0.1149999999999999	0.025	0.044	0.062	0.094	0.04	0.0689999999999999	0.177	0.025	0.044	0.043	0.027	0.079	0.036	0.24	0.0849999999999999	0.046	0.059	0.0139999999999999	0.063	0.034	0.037	0.024	0.116	0.161	0.0349999999999999	0.0569999999999999	0.101	0.098	0.045	0.026	0.038	0.0569999999999999	0.183	0.052	0.068	0.044	0.074	0.129	0.039	0.242
Streptomyces parvulus	0.044	0.02	0.023	0.066	0.144	0.089	0.082	0.055	0.083	0.065	0.06	0.072	0.023	0.022	0.016	0.064	0.092	0.182	0.047	0.038	0.024	0.102	0.027	0.1149999999999999	0.0849999999999999	0.049	0.071	0.136	0.178	0.01	0.053	0.043	0.094	0.065	0.045	0.119	0.106	0.092	0.061	0.024	0.12	0.067	0.067	0.168	0.023	0.049	0.076	0.04	0.0349999999999999	0.024	0.078	0.059	0.1399999999999999	0.009	0.031	0.083	0.047	0.033	0.173	0.102	0.013	0.011	0.086	0.051	0.12	0.034	0.054	0.058	0.098	0.048	0.075	0.169	0.0279999999999999	0.047	0.053	0.025	0.082	0.036	0.2289999999999999	0.089	0.048	0.072	0.0139999999999999	0.079	0.039	0.045	0.034	0.122	0.166	0.037	0.066	0.104	0.098	0.052	0.027	0.042	0.067	0.2	0.0559999999999999	0.08	0.044	0.0849999999999999	0.1369999999999999	0.041	0.239
Mesorhizobium australicum	0.091	0.061	0.044	0.1389999999999999	0.074	0.054	0.0349999999999999	0.059	0.052	0.146	0.187	0.036	0.038	0.047	0.061	0.132	0.03	0.0349999999999999	0.073	0.0569999999999999	0.111	0.043	0.055	0.046	0.048	0.024	0.063	0.065	0.048	0.033	0.077	0.049	0.051	0.025	0.083	0.045	0.0559999999999999	0.038	0.034	0.11	0.058	0.053	0.09	0.038	0.0689999999999999	0.076	0.117	0.101	0.071	0.092	0.047	0.04	0.049	0.018	0.039	0.053	0.125	0.076	0.084	0.077	0.048	0.047	0.055	0.157	0.038	0.084	0.031	0.147	0.079	0.098	0.041	0.042	0.0569999999999999	0.161	0.0849999999999999	0.0569999999999999	0.042	0.04	0.039	0.047	0.059	0.054	0.058	0.4009999999999999	0.08	0.048	0.09	0.043	0.072	0.024	0.06	0.047	0.032	0.208	0.134	0.08	0.104	0.062	0.097	0.049	0.051	0.06	0.083	0.083	0.049
Frankia inefficax	0.054	0.033	0.039	0.161	0.022	0.108	0.149	0.101	0.175	0.149	0.019	0.089	0.019	0.021	0.023	0.045	0.091	0.083	0.037	0.044	0.053	0.181	0.026	0.145	0.125	0.111	0.036	0.117	0.13	0.0139999999999999	0.052	0.025	0.044	0.128	0.058	0.1389999999999999	0.153	0.176	0.13	0.019	0.142	0.052	0.165	0.076	0.032	0.078	0.154	0.037	0.095	0.0279999999999999	0.1129999999999999	0.037	0.127	0.026	0.034	0.0559999999999999	0.03	0.038	0.065	0.067	0.0279999999999999	0.02	0.132	0.075	0.109	0.074	0.106	0.05	0.1399999999999999	0.088	0.102	0.153	0.052	0.033	0.146	0.054	0.106	0.032	0.105	0.119	0.043	0.184	0.04	0.119	0.072	0.087	0.0849999999999999	0.101	0.095	0.0559999999999999	0.099	0.1389999999999999	0.0849999999999999	0.04	0.019	0.063	0.1389999999999999	0.098	0.064	0.148	0.039	0.1399999999999999	0.0569999999999999	0.02	0.095
Corallococcus coralloides	0.078	0.012	0.019	0.053	0.011	0.034	0.043	0.0279999999999999	0.04	0.055	0.011	0.029	0.015	0.0139999999999999	0.0139999999999999	0.031	0.031	0.04	0.019	0.0279999999999999	0.046	0.044	0.072	0.033	0.026	0.024	0.021	0.03	0.039	0.01	0.083	0.019	0.024	0.034	0.033	0.042	0.038	0.045	0.033	0.031	0.04	0.023	0.064	0.044	0.017	0.087	0.059	0.029	0.141	0.037	0.054	0.029	0.037	0.0139999999999999	0.019	0.038	0.054	0.055	0.1139999999999999	0.231	0.02	0.009	0.052	0.375	0.049	0.109	0.045	0.076	0.037	0.21	0.033	0.04	0.037	0.02	0.09	0.01	0.024	0.037	0.034	0.031	0.071	0.047	0.018	0.068	0.044	0.077	0.13	0.0279999999999999	0.0349999999999999	0.032	0.051	0.0349999999999999	0.034	0.066	0.042	0.041	0.062	0.029	0.079	0.036	0.025	0.039	0.0569999999999999	0.015	0.033
Lysobacter enzymogenes	0.084	0.022	0.03	0.051	0.033	0.047	0.051	0.031	0.049	0.053	0.049	0.033	0.03	0.024	0.032	0.037	0.038	0.038	0.03	0.03	0.066	0.051	0.0349999999999999	0.038	0.032	0.031	0.027	0.04	0.045	0.019	0.044	0.038	0.04	0.037	0.047	0.05	0.049	0.047	0.034	0.037	0.046	0.083	0.062	0.05	0.0279999999999999	0.1369999999999999	0.0559999999999999	0.043	0.169	0.032	0.067	0.048	0.043	0.018	0.0279999999999999	0.0349999999999999	0.033	0.053	0.082	0.424	0.055	0.033	0.065	0.118	0.046	0.1619999999999999	0.046	0.06	0.044	0.1619999999999999	0.041	0.047	0.046	0.067	0.088	0.023	0.031	0.037	0.036	0.036	0.073	0.055	0.026	0.046	0.043	0.049	0.19	0.038	0.047	0.032	0.054	0.038	0.039	0.062	0.038	0.058	0.0849999999999999	0.034	0.079	0.042	0.042	0.044	0.061	0.041	0.04
Mycolicibacter sinensis	0.092	0.052	0.065	0.169	0.031	0.122	0.158	0.118	0.186	0.185	0.048	0.11	0.037	0.055	0.055	0.107	0.102	0.116	0.106	0.076	0.091	0.191	0.048	0.16	0.133	0.121	0.084	0.1399999999999999	0.174	0.029	0.096	0.047	0.066	0.1389999999999999	0.119	0.223	0.161	0.175	0.145	0.0689999999999999	0.181	0.068	0.184	0.099	0.067	0.103	0.169	0.077	0.1379999999999999	0.0699999999999999	0.131	0.059	0.144	0.041	0.055	0.088	0.0559999999999999	0.088	0.091	0.088	0.074	0.049	0.155	0.118	0.143	0.1119999999999999	0.131	0.102	0.157	0.126	0.1139999999999999	0.161	0.076	0.106	0.183	0.061	0.12	0.054	0.13	0.123	0.075	0.245	0.099	0.253	0.127	0.1389999999999999	0.133	0.121	0.128	0.063	0.128	0.154	0.101	0.1149999999999999	0.039	0.079	0.176	0.126	0.102	0.148	0.067	0.147	0.093	0.039	0.12
Pseudomonas poae	0.042	0.093	0.272	0.006	0.0139999999999999	0.019	0.013	0.008	0.006	0.006	0.064	0.019	0.1379999999999999	0.151	0.058	0.11	0.034	0.016	0.076	0.079	0.017	0.006	0.106	0.005	0.006	0.04	0.05	0.018	0.006	0.126	0.051	0.046	0.046	0.048	0.033	0.005	0.005	0.011	0.005	0.091	0.011	0.053	0.008	0.017	0.129	0.018	0.006	0.049	0.008	0.126	0.011	0.047	0.008	0.187	0.105	0.049	0.041	0.058	0.009	0.019	0.0849999999999999	0.133	0.01	0.008	0.0069999999999999	0.0069999999999999	0.006	0.031	0.006	0.017	0.013	0.0069999999999999	0.043	0.055	0.0069999999999999	0.084	0.018	0.13	0.011	0.006	0.032	0.005	0.06	0.005	0.038	0.032	0.008	0.011	0.009	0.004	0.02	0.006	0.027	0.029	0.126	0.027	0.008	0.037	0.009	0.006	0.092	0.011	0.015	0.105	0.009
Actinoplanes missouriensis	0.064	0.038	0.051	0.154	0.034	0.1119999999999999	0.151	0.103	0.177	0.163	0.042	0.094	0.0349999999999999	0.026	0.033	0.074	0.087	0.12	0.074	0.05	0.063	0.201	0.0349999999999999	0.142	0.125	0.1129999999999999	0.067	0.121	0.148	0.018	0.084	0.029	0.064	0.133	0.097	0.163	0.155	0.167	0.1379999999999999	0.06	0.154	0.054	0.166	0.128	0.037	0.08	0.153	0.059	0.108	0.09	0.125	0.0559999999999999	0.141	0.029	0.048	0.067	0.054	0.054	0.078	0.075	0.03	0.041	0.149	0.097	0.134	0.092	0.119	0.094	0.1389999999999999	0.1149999999999999	0.1	0.153	0.066	0.068	0.1709999999999999	0.025	0.109	0.041	0.106	0.1139999999999999	0.065	0.242	0.024	0.155	0.098	0.096	0.105	0.1	0.125	0.059	0.132	0.149	0.086	0.09	0.039	0.072	0.178	0.103	0.079	0.142	0.0569999999999999	0.142	0.074	0.027	0.102
Streptomyces glaucescens	0.038	0.019	0.021	0.05	0.16	0.079	0.0699999999999999	0.047	0.071	0.053	0.061	0.067	0.022	0.02	0.015	0.06	0.084	0.166	0.046	0.0349999999999999	0.02	0.091	0.024	0.103	0.072	0.04	0.0699999999999999	0.127	0.1699999999999999	0.009	0.048	0.044	0.09	0.055	0.042	0.106	0.097	0.076	0.051	0.024	0.108	0.064	0.05	0.161	0.022	0.042	0.061	0.041	0.025	0.022	0.067	0.0569999999999999	0.129	0.0069999999999999	0.0279999999999999	0.078	0.048	0.031	0.172	0.1	0.011	0.009	0.075	0.046	0.111	0.027	0.043	0.0559999999999999	0.084	0.041	0.065	0.157	0.025	0.045	0.041	0.024	0.073	0.034	0.232	0.078	0.046	0.058	0.013	0.0689999999999999	0.034	0.036	0.027	0.11	0.155	0.033	0.0559999999999999	0.094	0.092	0.048	0.025	0.039	0.0569999999999999	0.179	0.052	0.066	0.041	0.073	0.128	0.041	0.234
Stigmatella aurantiaca	0.047	0.01	0.021	0.053	0.0069999999999999	0.033	0.038	0.023	0.034	0.053	0.009	0.029	0.012	0.0139999999999999	0.012	0.032	0.027	0.034	0.02	0.021	0.041	0.039	0.031	0.027	0.024	0.023	0.019	0.027	0.04	0.009	0.044	0.0139999999999999	0.023	0.029	0.031	0.038	0.032	0.039	0.031	0.016	0.04	0.024	0.052	0.048	0.017	0.083	0.052	0.022	0.178	0.018	0.049	0.029	0.037	0.018	0.019	0.045	0.03	0.031	0.089	0.16	0.016	0.011	0.058	0.396	0.0559999999999999	0.1139999999999999	0.042	0.041	0.032	0.179	0.029	0.0349999999999999	0.032	0.018	0.071	0.009	0.022	0.024	0.03	0.027	0.043	0.044	0.017	0.068	0.046	0.0809999999999999	0.131	0.024	0.0349999999999999	0.033	0.046	0.0349999999999999	0.032	0.032	0.021	0.049	0.059	0.03	0.068	0.032	0.021	0.033	0.051	0.015	0.033
Stenotrophomonas sp. MYb57	0.0069999999999999	0.003	0.004	0.006	0.003	0.005	0.005	0.008	0.005	0.008	0.018	0.003	0.004	0.012	0.004	0.012	0.004	0.004	0.004	0.004	0.006	0.005	0.005	0.004	0.004	0.004	0.003	0.006	0.005	0.004	0.011	0.006	0.006	0.004	0.005	0.0069999999999999	0.004	0.005	0.004	0.005	0.005	0.012	0.0069999999999999	0.006	0.004	0.008	0.0069999999999999	0.008	0.012	0.019	0.009	0.005	0.013	0.003	0.005	0.005	0.0069999999999999	0.0069999999999999	0.0069999999999999	0.02	0.006	0.004	0.006	0.009	0.005	0.392	0.005	0.006	0.004	0.009	0.004	0.005	0.005	0.12	0.01	0.003	0.003	0.006	0.004	0.004	0.256	0.004	0.011	0.005	0.017	0.006	0.011	0.004	0.005	0.004	0.008	0.004	0.004	0.012	0.009	0.006	0.0069999999999999	0.003	0.0069999999999999	0.004	0.005	0.004	0.006	0.02	0.005
Arthrobacter alpinus	0.101	0.0069999999999999	0.012	0.041	0.008	0.074	0.065	0.029	0.051	0.045	0.01	0.0279999999999999	0.006	0.017	0.008	0.021	0.164	0.038	0.017	0.015	0.041	0.105	0.024	0.044	0.036	0.048	0.0139999999999999	0.118	0.086	0.011	0.049	0.019	0.032	0.054	0.04	0.04	0.038	0.0689999999999999	0.041	0.017	0.055	0.016	0.048	0.083	0.011	0.108	0.052	0.022	0.072	0.011	0.2279999999999999	0.018	0.04	0.008	0.012	0.023	0.03	0.022	0.066	0.09	0.008	0.011	0.111	0.078	0.294	0.064	0.117	0.043	0.036	0.129	0.049	0.063	0.022	0.03	0.046	0.006	0.031	0.017	0.041	0.029	0.063	0.053	0.0069999999999999	0.049	0.02	0.037	0.061	0.034	0.047	0.088	0.107	0.066	0.027	0.025	0.021	0.076	0.048	0.034	0.084	0.045	0.012	0.127	0.166	0.032	0.036
Thermobispora bispora	0.0279999999999999	0.01	0.017	0.123	0.008	0.094	0.1139999999999999	0.096	0.157	0.101	0.0069999999999999	0.0689999999999999	0.0069999999999999	0.011	0.008	0.022	0.073	0.049	0.016	0.019	0.027	0.167	0.0139999999999999	0.1379999999999999	0.118	0.102	0.016	0.094	0.097	0.006	0.027	0.009	0.022	0.119	0.0279999999999999	0.111	0.136	0.164	0.12	0.01	0.12	0.017	0.1149999999999999	0.046	0.015	0.045	0.116	0.018	0.052	0.013	0.0809999999999999	0.017	0.098	0.011	0.017	0.024	0.015	0.019	0.034	0.032	0.009	0.009	0.09	0.041	0.079	0.041	0.0849999999999999	0.023	0.125	0.046	0.089	0.133	0.029	0.012	0.094	0.006	0.091	0.015	0.067	0.102	0.022	0.128	0.01	0.066	0.032	0.043	0.046	0.079	0.064	0.041	0.0699999999999999	0.124	0.06	0.018	0.009	0.029	0.086	0.066	0.033	0.142	0.016	0.13	0.036	0.01	0.059
Pseudorhodoplanes sinuspersici	0.076	0.03	0.036	0.263	0.013	0.102	0.109	0.092	0.123	0.2239999999999999	0.055	0.083	0.031	0.029	0.041	0.063	0.09	0.087	0.0559999999999999	0.054	0.116	0.132	0.032	0.105	0.101	0.066	0.046	0.091	0.118	0.022	0.063	0.0279999999999999	0.0559999999999999	0.088	0.095	0.147	0.141	0.149	0.1119999999999999	0.033	0.106	0.052	0.233	0.091	0.042	0.1149999999999999	0.218	0.054	0.151	0.0569999999999999	0.0809999999999999	0.049	0.119	0.026	0.047	0.058	0.067	0.06	0.0809999999999999	0.077	0.05	0.025	0.111	0.124	0.1	0.1	0.097	0.068	0.127	0.121	0.096	0.098	0.089	0.099	0.16	0.0349999999999999	0.083	0.039	0.092	0.096	0.063	0.1139999999999999	0.061	0.154	0.061	0.095	0.13	0.0849999999999999	0.093	0.067	0.106	0.1149999999999999	0.0809999999999999	0.1	0.032	0.0699999999999999	0.134	0.0689999999999999	0.083	0.117	0.054	0.111	0.061	0.03	0.065
Streptomyces albireticuli	0.049	0.017	0.0279999999999999	0.089	0.094	0.105	0.109	0.0689999999999999	0.103	0.086	0.033	0.0689999999999999	0.018	0.021	0.0139999999999999	0.044	0.129	0.1369999999999999	0.034	0.032	0.031	0.144	0.024	0.149	0.121	0.063	0.048	0.1379999999999999	0.151	0.009	0.045	0.0279999999999999	0.0689999999999999	0.068	0.041	0.135	0.105	0.118	0.076	0.018	0.128	0.051	0.084	0.134	0.022	0.052	0.093	0.034	0.049	0.023	0.0849999999999999	0.05	0.1379999999999999	0.012	0.026	0.0689999999999999	0.042	0.029	0.1369999999999999	0.0849999999999999	0.0139999999999999	0.0139999999999999	0.0809999999999999	0.053	0.1149999999999999	0.04	0.065	0.042	0.122	0.054	0.118	0.156	0.032	0.04	0.074	0.02	0.096	0.031	0.1949999999999999	0.119	0.042	0.093	0.0139999999999999	0.089	0.041	0.052	0.047	0.18	0.147	0.038	0.067	0.107	0.094	0.037	0.019	0.042	0.083	0.1619999999999999	0.053	0.111	0.034	0.111	0.088	0.033	0.144
Actinoplanes teichomyceticus	0.059	0.04	0.049	0.141	0.033	0.11	0.142	0.11	0.169	0.153	0.044	0.091	0.0349999999999999	0.025	0.033	0.073	0.099	0.118	0.076	0.049	0.065	0.194	0.033	0.135	0.118	0.106	0.066	0.117	0.142	0.018	0.084	0.0279999999999999	0.063	0.123	0.099	0.164	0.142	0.154	0.132	0.065	0.15	0.054	0.152	0.133	0.0349999999999999	0.071	0.143	0.06	0.1	0.092	0.119	0.054	0.133	0.027	0.044	0.063	0.055	0.052	0.078	0.0699999999999999	0.03	0.041	0.142	0.094	0.126	0.086	0.1119999999999999	0.097	0.13	0.106	0.102	0.147	0.063	0.067	0.169	0.025	0.103	0.038	0.099	0.111	0.062	0.238	0.025	0.156	0.096	0.09	0.101	0.105	0.127	0.0559999999999999	0.128	0.144	0.083	0.091	0.038	0.068	0.175	0.099	0.077	0.1369999999999999	0.055	0.141	0.077	0.026	0.095
Rubrivivax gelatinosus	0.096	0.047	0.044	0.11	0.145	0.089	0.097	0.063	0.119	0.121	0.0699999999999999	0.068	0.049	0.024	0.05	0.087	0.068	0.076	0.072	0.048	0.1129999999999999	0.092	0.05	0.084	0.08	0.063	0.053	0.0809999999999999	0.084	0.033	0.076	0.068	0.076	0.062	0.094	0.096	0.1129999999999999	0.09	0.064	0.071	0.092	0.058	0.126	0.079	0.04	0.099	0.12	0.082	0.26	0.091	0.1709999999999999	0.083	0.093	0.037	0.049	0.061	0.067	0.066	0.087	0.089	0.049	0.067	0.122	0.156	0.087	0.116	0.079	0.102	0.133	0.1139999999999999	0.0809999999999999	0.076	0.066	0.086	0.231	0.059	0.083	0.042	0.09	0.086	0.107	0.145	0.026	0.109	0.075	0.074	0.315	0.074	0.101	0.067	0.136	0.0849999999999999	0.088	0.128	0.06	0.119	0.245	0.0689999999999999	0.092	0.09	0.06	0.116	0.072	0.051	0.09
Pseudomonas mediterranea	0.047	0.116	0.157	0.005	0.023	0.021	0.013	0.01	0.005	0.005	0.074	0.027	0.141	0.15	0.072	0.097	0.039	0.019	0.088	0.096	0.022	0.005	0.079	0.005	0.006	0.049	0.048	0.023	0.005	0.129	0.044	0.053	0.0569999999999999	0.064	0.049	0.004	0.005	0.012	0.005	0.098	0.011	0.047	0.005	0.017	0.1619999999999999	0.022	0.005	0.062	0.008	0.132	0.011	0.049	0.01	0.179	0.111	0.061	0.047	0.068	0.01	0.025	0.092	0.123	0.009	0.008	0.0069999999999999	0.006	0.005	0.0279999999999999	0.0069999999999999	0.02	0.0139999999999999	0.006	0.0569999999999999	0.067	0.006	0.089	0.024	0.11	0.013	0.006	0.031	0.005	0.0809999999999999	0.004	0.042	0.036	0.0069999999999999	0.0139999999999999	0.008	0.004	0.021	0.006	0.03	0.031	0.11	0.0349999999999999	0.006	0.036	0.01	0.005	0.094	0.011	0.016	0.126	0.008
Pseudomonas cedrina	0.034	0.078	0.2739999999999999	0.004	0.016	0.027	0.011	0.0069999999999999	0.004	0.004	0.054	0.016	0.116	0.134	0.0559999999999999	0.1	0.027	0.017	0.066	0.065	0.0139999999999999	0.004	0.09	0.004	0.006	0.048	0.036	0.015	0.004	0.131	0.044	0.051	0.049	0.045	0.055	0.004	0.004	0.01	0.006	0.095	0.01	0.044	0.004	0.013	0.135	0.015	0.004	0.054	0.006	0.104	0.008	0.0349999999999999	0.01	0.146	0.088	0.04	0.033	0.0569999999999999	0.008	0.021	0.071	0.132	0.0069999999999999	0.006	0.005	0.006	0.005	0.023	0.005	0.016	0.012	0.005	0.04	0.043	0.005	0.077	0.032	0.109	0.012	0.006	0.027	0.004	0.063	0.004	0.032	0.026	0.006	0.015	0.0069999999999999	0.004	0.016	0.005	0.036	0.025	0.1119999999999999	0.024	0.006	0.03	0.0069999999999999	0.005	0.08	0.009	0.013	0.095	0.008
Pseudomonas alkylphenolica	0.041	0.092	0.197	0.005	0.015	0.02	0.011	0.008	0.005	0.005	0.06	0.017	0.1399999999999999	0.109	0.078	0.084	0.03	0.018	0.076	0.09	0.017	0.005	0.101	0.004	0.008	0.034	0.053	0.019	0.0069999999999999	0.098	0.039	0.054	0.045	0.055	0.03	0.005	0.005	0.01	0.005	0.088	0.011	0.044	0.006	0.018	0.118	0.015	0.006	0.175	0.008	0.145	0.012	0.039	0.008	0.1709999999999999	0.103	0.038	0.049	0.0569999999999999	0.01	0.02	0.083	0.154	0.009	0.008	0.0069999999999999	0.008	0.006	0.03	0.006	0.018	0.013	0.006	0.042	0.058	0.006	0.082	0.017	0.1129999999999999	0.011	0.006	0.029	0.004	0.064	0.004	0.041	0.037	0.0069999999999999	0.011	0.008	0.005	0.019	0.006	0.025	0.03	0.095	0.025	0.0069999999999999	0.055	0.009	0.005	0.0689999999999999	0.0139999999999999	0.015	0.094	0.008
Streptomyces reticuli	0.034	0.017	0.018	0.049	0.157	0.075	0.067	0.046	0.0689999999999999	0.054	0.054	0.062	0.021	0.017	0.0139999999999999	0.055	0.078	0.148	0.046	0.033	0.02	0.087	0.021	0.101	0.071	0.039	0.066	0.12	0.152	0.008	0.043	0.04	0.084	0.052	0.038	0.098	0.094	0.075	0.05	0.022	0.103	0.059	0.0559999999999999	0.148	0.02	0.038	0.059	0.037	0.024	0.02	0.062	0.053	0.123	0.0069999999999999	0.025	0.0699999999999999	0.046	0.0279999999999999	0.178	0.097	0.01	0.009	0.0699999999999999	0.039	0.104	0.025	0.042	0.054	0.0809999999999999	0.037	0.063	0.148	0.023	0.041	0.04	0.023	0.071	0.031	0.217	0.076	0.04	0.053	0.012	0.06	0.032	0.033	0.024	0.106	0.142	0.032	0.055	0.09	0.087	0.042	0.023	0.037	0.053	0.156	0.047	0.064	0.039	0.068	0.119	0.036	0.213
Herbaspirillum robiniae	0.121	0.092	0.066	0.039	0.219	0.071	0.036	0.039	0.037	0.034	0.083	0.0349999999999999	0.108	0.041	0.105	0.025	0.0689999999999999	0.047	0.059	0.082	0.089	0.0349999999999999	0.1369999999999999	0.041	0.045	0.0559999999999999	0.079	0.044	0.031	0.0349999999999999	0.108	0.214	0.086	0.032	0.103	0.036	0.037	0.032	0.031	0.1129999999999999	0.04	0.095	0.0349999999999999	0.1129999999999999	0.048	0.134	0.038	0.142	0.091	0.049	0.089	0.198	0.039	0.022	0.089	0.068	0.083	0.122	0.12	0.119	0.102	0.095	0.0559999999999999	0.1	0.064	0.075	0.101	0.146	0.036	0.105	0.074	0.031	0.164	0.067	0.048	0.095	0.038	0.086	0.033	0.033	0.163	0.031	0.083	0.032	0.134	0.123	0.093	0.075	0.051	0.036	0.066	0.032	0.0809999999999999	0.087	0.106	0.158	0.052	0.039	0.1709999999999999	0.036	0.088	0.049	0.135	0.072	0.045
Pseudomonas corrugata	0.048	0.1119999999999999	0.1369999999999999	0.005	0.02	0.024	0.015	0.01	0.005	0.005	0.074	0.027	0.143	0.155	0.072	0.096	0.048	0.02	0.095	0.093	0.02	0.005	0.071	0.004	0.006	0.049	0.047	0.024	0.005	0.13	0.042	0.052	0.0559999999999999	0.071	0.055	0.004	0.004	0.0139999999999999	0.006	0.096	0.013	0.051	0.005	0.018	0.156	0.021	0.005	0.064	0.008	0.129	0.012	0.048	0.01	0.179	0.116	0.058	0.048	0.067	0.011	0.0279999999999999	0.09	0.109	0.01	0.0069999999999999	0.0069999999999999	0.006	0.006	0.0279999999999999	0.0069999999999999	0.02	0.016	0.006	0.0559999999999999	0.067	0.005	0.089	0.025	0.1149999999999999	0.013	0.0069999999999999	0.031	0.005	0.087	0.004	0.039	0.036	0.0069999999999999	0.015	0.009	0.005	0.021	0.006	0.034	0.03	0.1129999999999999	0.04	0.006	0.033	0.009	0.005	0.099	0.011	0.016	0.128	0.008
Dyella jiangningensis	0.031	0.01	0.049	0.027	0.012	0.027	0.024	0.019	0.024	0.025	0.124	0.016	0.0689999999999999	0.008	0.067	0.0279999999999999	0.02	0.018	0.129	0.015	0.024	0.023	0.018	0.025	0.018	0.016	0.017	0.021	0.021	0.0069999999999999	0.025	0.025	0.068	0.017	0.025	0.03	0.021	0.025	0.018	0.1379999999999999	0.022	0.301	0.026	0.022	0.012	0.0279999999999999	0.027	0.03	0.036	0.031	0.03	0.033	0.021	0.0069999999999999	0.016	0.036	0.012	0.059	0.018	0.038	0.144	0.118	0.029	0.0279999999999999	0.021	0.026	0.038	0.021	0.022	0.023	0.024	0.024	0.023	0.256	0.038	0.025	0.016	0.033	0.019	0.019	0.021	0.025	0.01	0.016	0.016	0.017	0.04	0.019	0.022	0.019	0.025	0.021	0.019	0.066	0.025	0.022	0.039	0.016	0.026	0.031	0.064	0.025	0.021	0.011	0.017
Pseudonocardia sp. HH130629-09	0.052	0.023	0.038	0.134	0.018	0.091	0.118	0.083	0.145	0.156	0.018	0.075	0.019	0.023	0.018	0.0689999999999999	0.0699999999999999	0.08	0.042	0.036	0.051	0.147	0.0279999999999999	0.118	0.104	0.102	0.037	0.101	0.11	0.0139999999999999	0.067	0.021	0.037	0.1	0.063	0.117	0.123	0.135	0.105	0.037	0.12	0.034	0.163	0.065	0.03	0.067	0.135	0.04	0.111	0.0349999999999999	0.105	0.032	0.102	0.026	0.033	0.048	0.041	0.045	0.067	0.052	0.02	0.042	0.133	0.089	0.099	0.0809999999999999	0.095	0.061	0.123	0.087	0.084	0.126	0.048	0.027	0.147	0.015	0.087	0.03	0.0809999999999999	0.098	0.045	0.209	0.024	0.161	0.082	0.083	0.093	0.078	0.103	0.042	0.09	0.1139999999999999	0.066	0.049	0.023	0.049	0.1709999999999999	0.0849999999999999	0.065	0.118	0.034	0.122	0.064	0.025	0.093
Rhizobacter gummiphilus	0.1119999999999999	0.064	0.058	0.11	0.2239999999999999	0.094	0.103	0.067	0.124	0.123	0.108	0.076	0.068	0.034	0.072	0.116	0.068	0.074	0.093	0.06	0.124	0.093	0.068	0.087	0.082	0.068	0.065	0.084	0.083	0.042	0.096	0.093	0.084	0.064	0.11	0.093	0.127	0.083	0.062	0.093	0.099	0.076	0.125	0.083	0.053	0.117	0.119	0.108	0.239	0.158	0.159	0.099	0.095	0.039	0.068	0.074	0.096	0.0849999999999999	0.101	0.103	0.064	0.083	0.125	0.164	0.09	0.127	0.079	0.13	0.156	0.131	0.0809999999999999	0.0809999999999999	0.079	0.1139999999999999	0.213	0.0849999999999999	0.091	0.0559999999999999	0.091	0.087	0.134	0.144	0.036	0.127	0.091	0.0809999999999999	0.281	0.075	0.106	0.064	0.143	0.082	0.097	0.168	0.101	0.144	0.255	0.076	0.1129999999999999	0.091	0.075	0.1139999999999999	0.08	0.061	0.104
Sandaracinus amylolyticus	0.065	0.023	0.034	0.142	0.015	0.083	0.1149999999999999	0.064	0.104	0.153	0.018	0.0689999999999999	0.022	0.017	0.025	0.042	0.075	0.088	0.041	0.04	0.1	0.1149999999999999	0.026	0.074	0.063	0.0569999999999999	0.033	0.076	0.101	0.018	0.047	0.027	0.073	0.088	0.076	0.1139999999999999	0.104	0.11	0.075	0.018	0.1	0.043	0.1709999999999999	0.098	0.031	0.143	0.161	0.041	0.202	0.036	0.144	0.04	0.097	0.027	0.036	0.054	0.036	0.042	0.076	0.1139999999999999	0.024	0.021	0.124	0.116	0.106	0.106	0.082	0.054	0.097	0.105	0.077	0.105	0.067	0.031	0.176	0.015	0.063	0.03	0.0849999999999999	0.0809999999999999	0.055	0.128	0.026	0.134	0.061	0.093	0.178	0.072	0.092	0.064	0.122	0.0809999999999999	0.0849999999999999	0.048	0.024	0.082	0.159	0.065	0.083	0.096	0.041	0.09	0.059	0.022	0.084
Nocardiopsis dassonvillei	0.027	0.012	0.017	0.117	0.015	0.094	0.109	0.09	0.145	0.096	0.011	0.063	0.009	0.012	0.009	0.025	0.076	0.052	0.018	0.019	0.026	0.158	0.0139999999999999	0.134	0.118	0.094	0.019	0.095	0.096	0.006	0.0279999999999999	0.013	0.025	0.107	0.029	0.106	0.12	0.154	0.111	0.012	0.1149999999999999	0.019	0.111	0.049	0.015	0.041	0.111	0.019	0.05	0.0139999999999999	0.076	0.019	0.095	0.011	0.018	0.025	0.018	0.02	0.038	0.032	0.01	0.01	0.084	0.042	0.076	0.039	0.079	0.025	0.122	0.045	0.09	0.127	0.0279999999999999	0.015	0.084	0.008	0.092	0.016	0.071	0.1	0.023	0.12	0.011	0.065	0.032	0.04	0.045	0.086	0.065	0.039	0.065	0.118	0.059	0.022	0.011	0.029	0.0809999999999999	0.066	0.033	0.1369999999999999	0.017	0.126	0.038	0.012	0.06
Methylibium petroleiphilum	0.084	0.038	0.038	0.084	0.144	0.067	0.075	0.049	0.09	0.094	0.066	0.054	0.041	0.021	0.048	0.076	0.05	0.059	0.061	0.04	0.092	0.0689999999999999	0.039	0.063	0.058	0.048	0.043	0.062	0.064	0.0279999999999999	0.064	0.0569999999999999	0.058	0.047	0.075	0.072	0.09	0.067	0.046	0.054	0.072	0.054	0.099	0.061	0.034	0.087	0.093	0.068	0.248	0.086	0.127	0.062	0.068	0.03	0.044	0.049	0.0569999999999999	0.055	0.076	0.078	0.045	0.058	0.095	0.1399999999999999	0.066	0.106	0.059	0.084	0.111	0.104	0.058	0.062	0.049	0.075	0.174	0.054	0.065	0.036	0.0699999999999999	0.065	0.09	0.108	0.022	0.088	0.061	0.059	0.3399999999999999	0.053	0.078	0.052	0.107	0.062	0.071	0.1	0.055	0.102	0.1949999999999999	0.055	0.079	0.067	0.054	0.086	0.054	0.042	0.077
Pseudomonas rhodesiae	0.037	0.083	0.2299999999999999	0.004	0.013	0.016	0.01	0.0069999999999999	0.004	0.004	0.06	0.017	0.126	0.129	0.053	0.089	0.026	0.017	0.074	0.074	0.0139999999999999	0.004	0.087	0.004	0.005	0.0349999999999999	0.041	0.017	0.004	0.1119999999999999	0.037	0.047	0.046	0.044	0.033	0.004	0.004	0.008	0.004	0.087	0.009	0.05	0.005	0.016	0.108	0.013	0.005	0.042	0.006	0.116	0.009	0.043	0.0069999999999999	0.184	0.088	0.047	0.0349999999999999	0.052	0.008	0.015	0.071	0.1129999999999999	0.008	0.006	0.006	0.005	0.004	0.027	0.005	0.013	0.012	0.004	0.038	0.048	0.005	0.077	0.015	0.104	0.01	0.005	0.027	0.004	0.059	0.003	0.033	0.027	0.006	0.01	0.0069999999999999	0.003	0.021	0.005	0.022	0.029	0.131	0.043	0.006	0.0349999999999999	0.0069999999999999	0.004	0.073	0.009	0.015	0.097	0.0069999999999999
Streptomyces sp. GSSD-12	0.043	0.017	0.024	0.086	0.117	0.08	0.08	0.053	0.078	0.0689999999999999	0.048	0.064	0.02	0.026	0.015	0.052	0.091	0.1699999999999999	0.0349999999999999	0.033	0.023	0.105	0.025	0.116	0.09	0.048	0.059	0.119	0.136	0.009	0.046	0.038	0.084	0.055	0.039	0.109	0.092	0.088	0.058	0.02	0.106	0.063	0.062	0.15	0.023	0.043	0.09	0.0349999999999999	0.032	0.024	0.066	0.0569999999999999	0.122	0.009	0.027	0.073	0.041	0.034	0.1379999999999999	0.086	0.013	0.011	0.071	0.046	0.105	0.029	0.049	0.046	0.095	0.043	0.084	0.1399999999999999	0.026	0.066	0.052	0.022	0.079	0.033	0.197	0.093	0.091	0.0689999999999999	0.015	0.079	0.0349999999999999	0.043	0.032	0.13	0.155	0.032	0.054	0.091	0.088	0.041	0.021	0.0349999999999999	0.068	0.181	0.047	0.0809999999999999	0.044	0.086	0.108	0.0349999999999999	0.191
Streptomyces ambofaciens	0.038	0.017	0.019	0.048	0.1389999999999999	0.0699999999999999	0.064	0.041	0.062	0.049	0.058	0.061	0.021	0.019	0.0139999999999999	0.06	0.071	0.161	0.041	0.034	0.021	0.077	0.024	0.091	0.066	0.0349999999999999	0.066	0.1129999999999999	0.152	0.008	0.051	0.04	0.09	0.048	0.038	0.095	0.087	0.0689999999999999	0.046	0.022	0.095	0.061	0.047	0.157	0.021	0.042	0.0569999999999999	0.038	0.024	0.021	0.061	0.055	0.1149999999999999	0.0069999999999999	0.026	0.074	0.043	0.03	0.161	0.095	0.011	0.009	0.0689999999999999	0.043	0.103	0.027	0.04	0.054	0.076	0.04	0.058	0.1379999999999999	0.026	0.042	0.04	0.025	0.066	0.033	0.2	0.071	0.044	0.053	0.012	0.064	0.033	0.036	0.026	0.097	0.142	0.03	0.055	0.083	0.0849999999999999	0.043	0.024	0.036	0.052	0.173	0.051	0.058	0.04	0.065	0.117	0.038	0.205
Kutzneria albida	0.031	0.015	0.022	0.12	0.02	0.104	0.105	0.087	0.1619999999999999	0.11	0.013	0.061	0.012	0.012	0.016	0.031	0.074	0.054	0.026	0.022	0.03	0.1399999999999999	0.016	0.156	0.127	0.09	0.025	0.103	0.095	0.008	0.033	0.017	0.031	0.09	0.039	0.117	0.128	0.134	0.098	0.017	0.111	0.023	0.1129999999999999	0.053	0.018	0.043	0.1139999999999999	0.024	0.055	0.019	0.087	0.022	0.109	0.012	0.02	0.031	0.022	0.025	0.044	0.039	0.012	0.017	0.087	0.047	0.082	0.045	0.075	0.033	0.154	0.05	0.126	0.117	0.034	0.019	0.088	0.011	0.092	0.019	0.08	0.102	0.027	0.122	0.015	0.079	0.041	0.046	0.049	0.089	0.072	0.036	0.071	0.103	0.061	0.027	0.013	0.032	0.095	0.071	0.039	0.119	0.021	0.118	0.042	0.015	0.0689999999999999
Pseudomonas monteilii	0.047	0.089	0.218	0.022	0.021	0.032	0.024	0.017	0.02	0.021	0.066	0.023	0.163	0.118	0.064	0.125	0.036	0.025	0.086	0.093	0.024	0.02	0.128	0.016	0.019	0.047	0.062	0.026	0.017	0.105	0.049	0.0569999999999999	0.044	0.051	0.038	0.019	0.017	0.023	0.016	0.104	0.022	0.051	0.022	0.03	0.123	0.03	0.022	0.058	0.0279999999999999	0.1699999999999999	0.029	0.053	0.02	0.167	0.106	0.044	0.065	0.0699999999999999	0.02	0.03	0.087	0.172	0.023	0.024	0.02	0.02	0.02	0.042	0.019	0.027	0.024	0.018	0.049	0.0559999999999999	0.025	0.09	0.026	0.122	0.02	0.016	0.043	0.018	0.058	0.017	0.054	0.044	0.029	0.021	0.019	0.015	0.031	0.017	0.033	0.042	0.108	0.033	0.026	0.076	0.023	0.018	0.072	0.027	0.024	0.092	0.017
Burkholderia sp. YI23	0.015	0.019	0.0349999999999999	0.012	0.063	0.048	0.1	0.121	0.045	0.009	0.011	0.108	0.031	0.004	0.026	0.033	0.0849999999999999	0.03	0.055	0.029	0.083	0.033	0.016	0.038	0.097	0.11	0.075	0.061	0.0689999999999999	0.0139999999999999	0.016	0.021	0.01	0.095	0.076	0.032	0.038	0.032	0.189	0.08	0.071	0.012	0.01	0.015	0.013	0.01	0.013	0.041	0.0139999999999999	0.018	0.082	0.012	0.053	0.011	0.012	0.042	0.0139999999999999	0.02	0.029	0.011	0.023	0.03	0.054	0.013	0.058	0.01	0.193	0.02	0.0559999999999999	0.015	0.116	0.019	0.027	0.016	0.013	0.024	0.104	0.017	0.038	0.1119999999999999	0.009	0.0139999999999999	0.018	0.011	0.042	0.021	0.018	0.066	0.084	0.068	0.026	0.212	0.064	0.024	0.009	0.046	0.013	0.025	0.019	0.076	0.008	0.158	0.024	0.015	0.058
Planctomyces sp. SH-PL62	0.034	0.013	0.021	0.204	0.0069999999999999	0.072	0.093	0.077	0.101	0.189	0.011	0.0559999999999999	0.012	0.01	0.0139999999999999	0.027	0.065	0.049	0.023	0.023	0.05	0.096	0.015	0.0699999999999999	0.067	0.051	0.021	0.063	0.079	0.009	0.0279999999999999	0.013	0.031	0.059	0.038	0.102	0.092	0.098	0.073	0.018	0.0689999999999999	0.02	0.223	0.055	0.017	0.062	0.216	0.023	0.0809999999999999	0.017	0.083	0.021	0.072	0.0139999999999999	0.021	0.03	0.022	0.024	0.045	0.053	0.0139999999999999	0.012	0.079	0.055	0.066	0.048	0.065	0.031	0.091	0.054	0.073	0.079	0.033	0.016	0.1	0.009	0.065	0.017	0.074	0.08	0.026	0.092	0.0139999999999999	0.107	0.039	0.048	0.071	0.06	0.059	0.044	0.063	0.075	0.058	0.026	0.012	0.042	0.092	0.054	0.042	0.089	0.02	0.087	0.037	0.0139999999999999	0.058
Streptomyces pluripotens	0.032	0.016	0.018	0.058	0.1379999999999999	0.078	0.0699999999999999	0.047	0.074	0.058	0.049	0.06	0.02	0.016	0.013	0.048	0.082	0.136	0.041	0.03	0.017	0.089	0.022	0.107	0.078	0.041	0.063	0.12	0.15	0.008	0.041	0.036	0.076	0.054	0.0349999999999999	0.097	0.094	0.082	0.053	0.02	0.103	0.055	0.053	0.135	0.02	0.0349999999999999	0.065	0.033	0.021	0.018	0.063	0.05	0.124	0.006	0.024	0.063	0.037	0.026	0.133	0.083	0.01	0.0069999999999999	0.064	0.034	0.095	0.021	0.042	0.047	0.0849999999999999	0.033	0.071	0.15	0.021	0.036	0.04	0.023	0.073	0.03	0.214	0.08	0.038	0.053	0.011	0.055	0.0279999999999999	0.033	0.021	0.11	0.132	0.031	0.049	0.087	0.083	0.036	0.019	0.031	0.051	0.148	0.041	0.0689999999999999	0.037	0.072	0.098	0.031	0.194
Pseudomonas agarici	0.039	0.099	0.202	0.005	0.013	0.017	0.01	0.0069999999999999	0.004	0.004	0.0559999999999999	0.0139999999999999	0.1389999999999999	0.108	0.054	0.072	0.031	0.015	0.067	0.087	0.012	0.004	0.091	0.004	0.006	0.031	0.046	0.018	0.005	0.093	0.037	0.046	0.0349999999999999	0.049	0.032	0.004	0.004	0.009	0.004	0.0849999999999999	0.01	0.04	0.004	0.017	0.122	0.0139999999999999	0.005	0.047	0.0069999999999999	0.134	0.01	0.0349999999999999	0.0069999999999999	0.172	0.097	0.039	0.038	0.053	0.008	0.017	0.0809999999999999	0.156	0.009	0.006	0.006	0.006	0.005	0.031	0.005	0.013	0.012	0.005	0.041	0.053	0.005	0.073	0.015	0.104	0.009	0.006	0.0279999999999999	0.004	0.058	0.004	0.044	0.031	0.006	0.01	0.008	0.004	0.015	0.005	0.023	0.0279999999999999	0.1	0.0349999999999999	0.006	0.047	0.0069999999999999	0.005	0.066	0.012	0.013	0.092	0.006
Streptomyces albus	0.041	0.016	0.021	0.068	0.102	0.082	0.0849999999999999	0.053	0.082	0.066	0.04	0.064	0.018	0.02	0.013	0.046	0.101	0.151	0.036	0.031	0.023	0.1129999999999999	0.023	0.118	0.094	0.049	0.053	0.118	0.147	0.008	0.043	0.031	0.072	0.0569999999999999	0.037	0.116	0.092	0.092	0.06	0.019	0.107	0.053	0.064	0.1369999999999999	0.021	0.044	0.073	0.031	0.032	0.02	0.0699999999999999	0.05	0.122	0.009	0.025	0.075	0.037	0.027	0.1399999999999999	0.083	0.012	0.01	0.072	0.042	0.105	0.03	0.052	0.043	0.1	0.044	0.087	0.143	0.026	0.041	0.0559999999999999	0.02	0.077	0.031	0.191	0.094	0.039	0.0699999999999999	0.013	0.072	0.034	0.042	0.032	0.136	0.136	0.034	0.058	0.092	0.089	0.036	0.019	0.036	0.064	0.178	0.047	0.084	0.0349999999999999	0.088	0.093	0.031	0.161
Pseudomonas sp. LBUM920	0.037	0.065	0.2239999999999999	0.004	0.011	0.0139999999999999	0.008	0.009	0.004	0.004	0.0559999999999999	0.02	0.102	0.1699999999999999	0.048	0.09	0.021	0.012	0.062	0.058	0.012	0.005	0.105	0.004	0.005	0.036	0.03	0.0139999999999999	0.004	0.103	0.063	0.042	0.038	0.0349999999999999	0.022	0.004	0.004	0.008	0.004	0.087	0.008	0.044	0.005	0.011	0.123	0.012	0.004	0.0349999999999999	0.006	0.105	0.008	0.0349999999999999	0.0069999999999999	0.147	0.074	0.041	0.03	0.046	0.006	0.013	0.064	0.109	0.006	0.005	0.005	0.005	0.004	0.021	0.006	0.011	0.009	0.004	0.04	0.041	0.004	0.066	0.016	0.1119999999999999	0.01	0.005	0.025	0.003	0.054	0.003	0.026	0.022	0.005	0.01	0.006	0.003	0.013	0.005	0.017	0.0279999999999999	0.103	0.019	0.006	0.029	0.0069999999999999	0.004	0.074	0.008	0.0139999999999999	0.108	0.006
Pseudomonas lurida	0.032	0.0349999999999999	0.184	0.001	0.002	0.004	0.005	0.002	0.001	0.001	0.038	0.0069999999999999	0.02	0.246	0.008	0.013	0.015	0.006	0.237	0.012	0.001	0.001	0.026	0.001	0.001	0.03	0.009	0.008	0.001	0.078	0.03	0.0349999999999999	0.016	0.009	0.005	0.001	0.001	0.001	0.001	0.0139999999999999	0.002	0.006	0.001	0.004	0.025	0.002	0.001	0.012	0.001	0.02	0.002	0.012	0.002	0.126	0.019	0.045	0.015	0.013	0.002	0.003	0.019	0.011	0.001	0.001	0.001	0.001	0.001	0.01	0.001	0.004	0.009	0.001	0.008	0.012	0.001	0.015	0.0069999999999999	0.027	0.003	0.001	0.012	0.001	0.018	0.001	0.037	0.0069999999999999	0.001	0.003	0.003	0.0	0.005	0.001	0.0069999999999999	0.006	0.047	0.002	0.001	0.003	0.001	0.001	0.0809999999999999	0.002	0.005	0.106	0.002
Pseudomonas palleroniana	0.037	0.072	0.223	0.004	0.011	0.018	0.01	0.015	0.004	0.004	0.0569999999999999	0.019	0.125	0.168	0.0569999999999999	0.094	0.027	0.0139999999999999	0.0569999999999999	0.063	0.01	0.004	0.102	0.004	0.005	0.038	0.036	0.02	0.005	0.1129999999999999	0.038	0.048	0.044	0.042	0.023	0.004	0.004	0.009	0.005	0.08	0.009	0.055	0.004	0.015	0.092	0.013	0.005	0.039	0.0069999999999999	0.099	0.01	0.036	0.008	0.157	0.109	0.04	0.029	0.048	0.0069999999999999	0.013	0.065	0.1	0.008	0.005	0.0069999999999999	0.005	0.005	0.021	0.005	0.012	0.01	0.004	0.033	0.043	0.005	0.067	0.018	0.1	0.018	0.005	0.029	0.004	0.048	0.003	0.03	0.024	0.005	0.011	0.008	0.004	0.018	0.005	0.027	0.025	0.1129999999999999	0.019	0.0069999999999999	0.034	0.0069999999999999	0.004	0.078	0.009	0.013	0.099	0.006
Paracoccus denitrificans	0.107	0.044	0.0559999999999999	0.197	0.038	0.121	0.1369999999999999	0.101	0.1389999999999999	0.185	0.0699999999999999	0.092	0.044	0.0349999999999999	0.052	0.075	0.11	0.093	0.0689999999999999	0.064	0.147	0.145	0.0559999999999999	0.1129999999999999	0.102	0.077	0.063	0.105	0.13	0.033	0.082	0.055	0.083	0.1	0.107	0.143	0.1389999999999999	0.153	0.111	0.053	0.12	0.0689999999999999	0.19	0.108	0.054	0.141	0.199	0.08	0.196	0.063	0.144	0.0689999999999999	0.121	0.037	0.0559999999999999	0.071	0.077	0.078	0.102	0.1139999999999999	0.054	0.049	0.147	0.1389999999999999	0.111	0.148	0.119	0.102	0.136	0.127	0.116	0.125	0.1	0.086	0.196	0.044	0.089	0.055	0.105	0.105	0.099	0.145	0.0559999999999999	0.147	0.083	0.1129999999999999	0.189	0.095	0.109	0.095	0.127	0.124	0.101	0.118	0.054	0.105	0.181	0.086	0.119	0.128	0.064	0.132	0.084	0.049	0.094
Rhodococcus sp. MTM3W5.2	0.029	0.009	0.013	0.0559999999999999	0.0069999999999999	0.034	0.049	0.033	0.053	0.055	0.009	0.0279999999999999	0.0069999999999999	0.012	0.0069999999999999	0.022	0.034	0.2269999999999999	0.0139999999999999	0.015	0.021	0.059	0.012	0.045	0.041	0.0349999999999999	0.022	0.049	0.132	0.006	0.022	0.009	0.089	0.042	0.021	0.0849999999999999	0.046	0.055	0.042	0.01	0.065	0.0139999999999999	0.066	0.145	0.012	0.04	0.063	0.015	0.05	0.011	0.076	0.0139999999999999	0.046	0.009	0.012	0.021	0.015	0.016	0.031	0.026	0.01	0.009	0.049	0.044	0.258	0.03	0.045	0.023	0.042	0.133	0.033	0.049	0.019	0.0139999999999999	0.052	0.0069999999999999	0.032	0.013	0.066	0.033	0.025	0.059	0.01	0.051	0.107	0.033	0.062	0.036	0.043	0.019	0.156	0.043	0.033	0.019	0.008	0.025	0.054	0.032	0.043	0.043	0.0139999999999999	0.041	0.075	0.01	0.046
Paraburkholderia sp. SOS3	0.039	0.027	0.1139999999999999	0.037	0.065	0.074	0.095	0.1709999999999999	0.068	0.034	0.022	0.1379999999999999	0.0349999999999999	0.012	0.06	0.033	0.093	0.067	0.0559999999999999	0.042	0.082	0.054	0.047	0.072	0.146	0.107	0.068	0.063	0.0689999999999999	0.018	0.033	0.045	0.037	0.095	0.063	0.075	0.084	0.063	0.189	0.059	0.066	0.0349999999999999	0.037	0.043	0.017	0.043	0.039	0.041	0.055	0.025	0.108	0.036	0.103	0.027	0.027	0.059	0.025	0.032	0.05	0.039	0.045	0.06	0.083	0.038	0.077	0.034	0.147	0.034	0.087	0.039	0.091	0.043	0.041	0.036	0.047	0.105	0.124	0.029	0.077	0.18	0.032	0.053	0.038	0.037	0.058	0.048	0.062	0.087	0.103	0.242	0.043	0.1129999999999999	0.093	0.082	0.025	0.0689999999999999	0.045	0.054	0.045	0.129	0.023	0.13	0.047	0.029	0.096
Pseudomonas mendocina	0.052	0.08	0.231	0.025	0.027	0.029	0.025	0.02	0.022	0.025	0.075	0.027	0.163	0.1149999999999999	0.059	0.097	0.032	0.026	0.13	0.095	0.031	0.023	0.119	0.019	0.02	0.04	0.058	0.026	0.021	0.096	0.05	0.065	0.045	0.042	0.042	0.021	0.02	0.026	0.017	0.1139999999999999	0.022	0.06	0.025	0.034	0.1129999999999999	0.034	0.027	0.059	0.036	0.144	0.031	0.054	0.022	0.164	0.1119999999999999	0.047	0.086	0.067	0.024	0.034	0.088	0.1699999999999999	0.027	0.027	0.021	0.026	0.02	0.045	0.022	0.031	0.024	0.02	0.048	0.0569999999999999	0.031	0.082	0.024	0.116	0.021	0.019	0.052	0.022	0.055	0.021	0.049	0.048	0.0349999999999999	0.022	0.021	0.016	0.032	0.019	0.029	0.048	0.108	0.039	0.031	0.066	0.027	0.021	0.071	0.0279999999999999	0.025	0.092	0.02
Halomonas sp. JS92-SW72	0.021	0.0139999999999999	0.011	0.033	0.006	0.06	0.087	0.169	0.132	0.041	0.008	0.104	0.012	0.006	0.012	0.02	0.053	0.03	0.01	0.013	0.016	0.083	0.024	0.096	0.1129999999999999	0.104	0.018	0.061	0.068	0.006	0.021	0.011	0.016	0.095	0.0139999999999999	0.159	0.135	0.131	0.086	0.016	0.075	0.019	0.0279999999999999	0.039	0.011	0.019	0.029	0.013	0.025	0.0139999999999999	0.0349999999999999	0.019	0.099	0.012	0.011	0.021	0.015	0.015	0.018	0.018	0.013	0.0069999999999999	0.062	0.021	0.032	0.018	0.041	0.018	0.099	0.024	0.091	0.127	0.016	0.0139999999999999	0.031	0.011	0.062	0.018	0.095	0.0809999999999999	0.018	0.153	0.011	0.047	0.029	0.021	0.024	0.0569999999999999	0.044	0.02	0.021	0.0699999999999999	0.038	0.015	0.009	0.016	0.026	0.123	0.017	0.079	0.012	0.0559999999999999	0.04	0.012	0.0849999999999999
Pseudomonas extremaustralis	0.037	0.097	0.223	0.004	0.016	0.024	0.015	0.01	0.005	0.004	0.051	0.019	0.104	0.1119999999999999	0.067	0.071	0.043	0.016	0.066	0.066	0.024	0.005	0.088	0.004	0.006	0.046	0.038	0.024	0.006	0.101	0.036	0.059	0.044	0.065	0.034	0.004	0.004	0.011	0.005	0.066	0.012	0.042	0.004	0.016	0.1129999999999999	0.016	0.005	0.048	0.0069999999999999	0.13	0.011	0.036	0.016	0.159	0.103	0.04	0.037	0.055	0.009	0.02	0.073	0.099	0.01	0.006	0.006	0.006	0.005	0.024	0.006	0.018	0.016	0.005	0.042	0.0559999999999999	0.005	0.077	0.04	0.1119999999999999	0.015	0.0069999999999999	0.025	0.004	0.068	0.003	0.036	0.032	0.006	0.0139999999999999	0.0069999999999999	0.004	0.023	0.006	0.037	0.026	0.107	0.021	0.006	0.029	0.009	0.005	0.08	0.01	0.0139999999999999	0.1129999999999999	0.008
Singulisphaera acidiphila	0.03	0.016	0.02	0.199	0.006	0.068	0.084	0.073	0.092	0.181	0.011	0.0569999999999999	0.012	0.009	0.02	0.023	0.061	0.045	0.027	0.031	0.047	0.086	0.015	0.066	0.064	0.048	0.02	0.059	0.073	0.009	0.026	0.0139999999999999	0.031	0.054	0.039	0.099	0.0849999999999999	0.092	0.072	0.016	0.066	0.021	0.199	0.054	0.018	0.066	0.208	0.021	0.067	0.015	0.076	0.019	0.068	0.013	0.019	0.027	0.019	0.022	0.043	0.051	0.018	0.01	0.073	0.047	0.061	0.043	0.063	0.03	0.087	0.046	0.0699999999999999	0.071	0.032	0.016	0.094	0.009	0.061	0.017	0.0699999999999999	0.075	0.024	0.0849999999999999	0.042	0.154	0.037	0.049	0.0569999999999999	0.054	0.054	0.043	0.0569999999999999	0.074	0.0569999999999999	0.022	0.01	0.043	0.087	0.053	0.036	0.0849999999999999	0.018	0.0809999999999999	0.0349999999999999	0.013	0.055
Mitsuaria sp. 7	0.2769999999999999	0.041	0.044	0.068	0.111	0.06	0.063	0.044	0.075	0.072	0.089	0.043	0.054	0.02	0.041	0.054	0.046	0.045	0.0559999999999999	0.039	0.077	0.06	0.05	0.058	0.055	0.044	0.043	0.052	0.05	0.024	0.061	0.059	0.05	0.039	0.073	0.058	0.0699999999999999	0.0559999999999999	0.041	0.088	0.061	0.048	0.074	0.054	0.031	0.077	0.072	0.066	0.146	0.077	0.099	0.067	0.059	0.023	0.042	0.048	0.1619999999999999	0.0559999999999999	0.063	0.068	0.044	0.051	0.073	0.107	0.054	0.077	0.052	0.083	0.083	0.086	0.0559999999999999	0.049	0.0559999999999999	0.266	0.121	0.049	0.055	0.038	0.052	0.054	0.15	0.078	0.026	0.068	0.062	0.055	0.169	0.049	0.059	0.04	0.082	0.052	0.0569999999999999	0.134	0.089	0.0849999999999999	0.136	0.042	0.075	0.059	0.045	0.073	0.054	0.039	0.055
Amycolatopsis methanolica	0.038	0.019	0.026	0.119	0.016	0.088	0.108	0.083	0.145	0.1139999999999999	0.015	0.068	0.012	0.016	0.015	0.038	0.068	0.06	0.03	0.0279999999999999	0.037	0.146	0.019	0.121	0.105	0.092	0.027	0.096	0.1	0.01	0.04	0.018	0.029	0.103	0.045	0.108	0.124	0.1389999999999999	0.105	0.018	0.1149999999999999	0.025	0.122	0.054	0.02	0.053	0.116	0.026	0.0699999999999999	0.022	0.087	0.024	0.099	0.015	0.024	0.0349999999999999	0.026	0.0279999999999999	0.047	0.043	0.015	0.02	0.1	0.0569999999999999	0.088	0.0569999999999999	0.0849999999999999	0.038	0.119	0.062	0.082	0.123	0.037	0.021	0.106	0.011	0.0849999999999999	0.022	0.0809999999999999	0.093	0.032	0.142	0.017	0.104	0.048	0.0559999999999999	0.064	0.076	0.08	0.041	0.078	0.1129999999999999	0.062	0.032	0.015	0.038	0.1119999999999999	0.074	0.046	0.119	0.024	0.118	0.05	0.017	0.074
Chryseobacterium carnipullorum	0.001	0.0	0.0	0.0	0.0	0.001	0.001	0.001	0.001	0.001	0.008	0.001	0.0	0.033	0.0	0.008	0.001	0.0	0.001	0.0	0.001	0.001	0.003	0.001	0.001	0.001	0.0	0.001	0.001	0.012	0.001	0.0	0.001	0.001	0.002	0.001	0.001	0.001	0.001	0.009	0.001	0.0	0.0	0.001	0.0	0.001	0.001	0.002	0.002	0.008	0.001	0.0	0.001	0.0	0.009	0.0	0.013	0.0	0.0	0.001	0.002	0.0	0.001	0.001	0.001	0.05	0.0	0.001	0.001	0.001	0.001	0.001	0.0	0.009	0.001	0.0	0.001	0.001	0.021	0.001	0.041	0.001	0.002	0.0	0.01	0.0	0.001	0.001	0.001	0.0	0.001	0.001	0.0	0.037	0.396	0.0	0.001	0.001	0.0	0.001	0.0	0.001	0.001	0.002	0.001
Streptomyces pristinaespiralis	0.045	0.016	0.02	0.061	0.101	0.067	0.072	0.045	0.072	0.058	0.039	0.06	0.018	0.021	0.012	0.05	0.082	0.176	0.033	0.033	0.024	0.095	0.024	0.095	0.078	0.043	0.0559999999999999	0.099	0.132	0.008	0.046	0.031	0.076	0.055	0.037	0.102	0.0849999999999999	0.08	0.054	0.017	0.092	0.06	0.0559999999999999	0.1399999999999999	0.021	0.049	0.064	0.032	0.033	0.02	0.063	0.055	0.105	0.009	0.027	0.08	0.037	0.029	0.145	0.093	0.012	0.01	0.068	0.042	0.099	0.031	0.046	0.044	0.082	0.047	0.071	0.128	0.029	0.043	0.048	0.021	0.066	0.034	0.185	0.079	0.042	0.065	0.013	0.065	0.0349999999999999	0.046	0.034	0.109	0.1399999999999999	0.032	0.052	0.08	0.083	0.034	0.019	0.037	0.055	0.187	0.05	0.073	0.038	0.074	0.084	0.0279999999999999	0.159
Methylobacterium sp. 4-46	0.0849999999999999	0.033	0.041	0.184	0.029	0.097	0.111	0.082	0.123	0.179	0.044	0.073	0.033	0.0279999999999999	0.041	0.072	0.087	0.08	0.051	0.055	0.125	0.129	0.041	0.095	0.09	0.068	0.05	0.088	0.109	0.023	0.074	0.041	0.055	0.083	0.092	0.126	0.118	0.134	0.098	0.045	0.101	0.052	0.19	0.086	0.044	0.12	0.172	0.062	0.18	0.05	0.104	0.0569999999999999	0.105	0.029	0.05	0.06	0.0569999999999999	0.066	0.098	0.089	0.037	0.031	0.117	0.132	0.099	0.12	0.095	0.083	0.1129999999999999	0.124	0.093	0.099	0.088	0.064	0.16	0.032	0.074	0.046	0.088	0.087	0.072	0.118	0.041	0.155	0.078	0.109	0.172	0.078	0.092	0.072	0.107	0.107	0.077	0.0809999999999999	0.039	0.087	0.148	0.067	0.098	0.104	0.053	0.108	0.065	0.0349999999999999	0.074
Intrasporangium calvum	0.039	0.01	0.02	0.088	0.009	0.063	0.076	0.05	0.1149999999999999	0.128	0.008	0.064	0.008	0.017	0.009	0.031	0.06	0.066	0.02	0.021	0.03	0.1149999999999999	0.018	0.0689999999999999	0.061	0.078	0.018	0.093	0.106	0.008	0.041	0.01	0.024	0.089	0.0279999999999999	0.092	0.0809999999999999	0.1	0.071	0.012	0.098	0.018	0.147	0.052	0.016	0.044	0.09	0.019	0.092	0.015	0.107	0.021	0.074	0.0139999999999999	0.02	0.031	0.019	0.024	0.046	0.0349999999999999	0.01	0.013	0.145	0.061	0.121	0.053	0.089	0.029	0.0699999999999999	0.067	0.0559999999999999	0.1	0.0279999999999999	0.0139999999999999	0.123	0.0069999999999999	0.054	0.018	0.068	0.059	0.032	0.178	0.009	0.086	0.044	0.054	0.0699999999999999	0.048	0.091	0.029	0.1139999999999999	0.087	0.044	0.022	0.012	0.031	0.1379999999999999	0.079	0.043	0.071	0.02	0.0849999999999999	0.063	0.013	0.0849999999999999
Frankia sp. EAN1pec	0.043	0.023	0.027	0.124	0.062	0.088	0.119	0.084	0.144	0.111	0.017	0.073	0.013	0.016	0.016	0.036	0.074	0.067	0.0279999999999999	0.029	0.039	0.152	0.02	0.125	0.107	0.09	0.029	0.095	0.107	0.011	0.041	0.02	0.034	0.104	0.042	0.1119999999999999	0.123	0.15	0.108	0.015	0.119	0.036	0.124	0.064	0.023	0.06	0.118	0.033	0.075	0.022	0.087	0.03	0.103	0.018	0.027	0.04	0.025	0.03	0.055	0.051	0.018	0.0139999999999999	0.103	0.06	0.089	0.06	0.086	0.038	0.116	0.068	0.0849999999999999	0.127	0.04	0.068	0.111	0.032	0.086	0.024	0.086	0.096	0.0349999999999999	0.141	0.029	0.09	0.052	0.064	0.067	0.084	0.076	0.043	0.078	0.1119999999999999	0.0689999999999999	0.029	0.0139999999999999	0.045	0.104	0.08	0.049	0.121	0.0279999999999999	0.1129999999999999	0.046	0.016	0.074
Sphingopyxis fribergensis	0.05	0.0069999999999999	0.008	0.022	0.016	0.018	0.015	0.013	0.016	0.026	0.266	0.012	0.043	0.031	0.012	0.03	0.011	0.011	0.015	0.012	0.047	0.016	0.016	0.0139999999999999	0.0139999999999999	0.01	0.017	0.02	0.016	0.026	0.02	0.022	0.016	0.011	0.02	0.016	0.017	0.016	0.012	0.02	0.015	0.018	0.021	0.0139999999999999	0.021	0.029	0.023	0.041	0.041	0.017	0.017	0.017	0.015	0.006	0.011	0.012	0.126	0.033	0.027	0.021	0.0139999999999999	0.018	0.021	0.045	0.0139999999999999	0.219	0.013	0.203	0.018	0.017	0.016	0.0139999999999999	0.021	0.03	0.024	0.018	0.012	0.013	0.018	0.013	0.052	0.018	0.013	0.022	0.045	0.0139999999999999	0.052	0.012	0.018	0.01	0.018	0.015	0.012	0.063	0.032	0.021	0.024	0.012	0.037	0.015	0.0139999999999999	0.016	0.026	0.072	0.0139999999999999
Cellulomonas fimi	0.071	0.018	0.036	0.102	0.012	0.073	0.108	0.06	0.119	0.116	0.02	0.078	0.0139999999999999	0.051	0.0139999999999999	0.075	0.065	0.118	0.05	0.037	0.052	0.124	0.031	0.083	0.074	0.072	0.038	0.083	0.127	0.015	0.086	0.018	0.046	0.098	0.06	0.105	0.088	0.095	0.0849999999999999	0.033	0.118	0.034	0.127	0.065	0.033	0.059	0.1119999999999999	0.037	0.107	0.036	0.098	0.033	0.094	0.0279999999999999	0.032	0.059	0.061	0.0559999999999999	0.071	0.049	0.029	0.039	0.111	0.132	0.106	0.096	0.074	0.055	0.08	0.135	0.068	0.118	0.041	0.047	0.146	0.015	0.065	0.031	0.067	0.067	0.078	0.221	0.018	0.146	0.088	0.107	0.1129999999999999	0.0699999999999999	0.103	0.033	0.158	0.098	0.051	0.068	0.046	0.048	0.132	0.0809999999999999	0.078	0.086	0.036	0.09	0.0699999999999999	0.042	0.074
Actinopolymorpha singaporensis	0.036	0.013	0.023	0.121	0.012	0.077	0.097	0.072	0.129	0.126	0.012	0.063	0.01	0.015	0.011	0.033	0.062	0.058	0.023	0.025	0.033	0.134	0.018	0.104	0.09	0.0849999999999999	0.022	0.0809999999999999	0.093	0.008	0.037	0.013	0.027	0.094	0.037	0.097	0.107	0.127	0.094	0.0139999999999999	0.1	0.024	0.136	0.053	0.019	0.052	0.121	0.023	0.071	0.017	0.076	0.023	0.087	0.0139999999999999	0.023	0.032	0.02	0.025	0.046	0.04	0.013	0.013	0.105	0.053	0.083	0.054	0.0809999999999999	0.032	0.098	0.061	0.0699999999999999	0.109	0.034	0.016	0.103	0.008	0.074	0.02	0.0689999999999999	0.08	0.029	0.142	0.013	0.109	0.044	0.0559999999999999	0.062	0.065	0.073	0.037	0.075	0.101	0.0569999999999999	0.025	0.012	0.034	0.122	0.071	0.043	0.105	0.021	0.101	0.044	0.0139999999999999	0.074
Streptomyces pactum	0.031	0.015	0.016	0.04	0.134	0.062	0.0569999999999999	0.036	0.0569999999999999	0.042	0.051	0.054	0.019	0.017	0.012	0.052	0.062	0.1369999999999999	0.036	0.03	0.016	0.0699999999999999	0.02	0.083	0.0569999999999999	0.03	0.0569999999999999	0.102	0.136	0.008	0.04	0.038	0.077	0.044	0.033	0.0849999999999999	0.079	0.061	0.041	0.019	0.087	0.055	0.04	0.134	0.018	0.033	0.049	0.034	0.02	0.018	0.054	0.048	0.105	0.006	0.023	0.062	0.037	0.026	0.136	0.083	0.009	0.008	0.061	0.0349999999999999	0.088	0.021	0.034	0.048	0.068	0.033	0.051	0.126	0.022	0.036	0.034	0.02	0.059	0.029	0.189	0.063	0.036	0.046	0.011	0.0559999999999999	0.0279999999999999	0.03	0.021	0.0849999999999999	0.123	0.027	0.044	0.074	0.077	0.038	0.021	0.03	0.044	0.148	0.041	0.052	0.036	0.0559999999999999	0.099	0.032	0.184
Sphingobium baderi	0.0279999999999999	0.004	0.005	0.0139999999999999	0.008	0.011	0.01	0.008	0.011	0.0139999999999999	0.024	0.008	0.011	0.025	0.01	0.015	0.008	0.006	0.009	0.009	0.0279999999999999	0.009	0.01	0.01	0.009	0.006	0.013	0.011	0.009	0.008	0.016	0.02	0.011	0.0069999999999999	0.012	0.009	0.011	0.011	0.0069999999999999	0.012	0.01	0.01	0.013	0.009	0.021	0.02	0.016	0.015	0.025	0.03	0.011	0.011	0.009	0.005	0.0069999999999999	0.0069999999999999	0.223	0.02	0.016	0.0139999999999999	0.023	0.015	0.013	0.025	0.009	0.3	0.01	0.024	0.011	0.012	0.011	0.009	0.015	0.0559999999999999	0.016	0.0279999999999999	0.008	0.01	0.008	0.008	0.142	0.01	0.008	0.013	0.011	0.01	0.032	0.0069999999999999	0.011	0.0069999999999999	0.013	0.01	0.008	0.041	0.031	0.013	0.015	0.008	0.023	0.01	0.016	0.01	0.013	0.03	0.009
Pseudomonas sp. 7SR1	0.042	0.094	0.125	0.006	0.019	0.018	0.012	0.009	0.005	0.006	0.061	0.023	0.123	0.118	0.0559999999999999	0.079	0.0349999999999999	0.018	0.077	0.083	0.017	0.006	0.075	0.005	0.006	0.043	0.047	0.02	0.006	0.106	0.038	0.046	0.045	0.055	0.044	0.005	0.005	0.012	0.005	0.0809999999999999	0.011	0.043	0.006	0.017	0.135	0.018	0.0069999999999999	0.055	0.01	0.1129999999999999	0.012	0.042	0.009	0.169	0.097	0.05	0.041	0.061	0.01	0.023	0.079	0.104	0.01	0.008	0.008	0.0069999999999999	0.006	0.026	0.0069999999999999	0.017	0.0139999999999999	0.006	0.047	0.06	0.0069999999999999	0.076	0.019	0.098	0.012	0.006	0.027	0.005	0.071	0.005	0.038	0.033	0.008	0.013	0.009	0.005	0.019	0.0069999999999999	0.026	0.029	0.099	0.029	0.008	0.036	0.01	0.005	0.079	0.011	0.015	0.109	0.008
Mycolicibacterium vanbaalenii	0.094	0.06	0.072	0.124	0.031	0.087	0.111	0.082	0.128	0.1399999999999999	0.0569999999999999	0.09	0.041	0.06	0.064	0.126	0.0689999999999999	0.107	0.136	0.0849999999999999	0.094	0.127	0.051	0.111	0.096	0.0849999999999999	0.09	0.101	0.1389999999999999	0.033	0.108	0.053	0.0559999999999999	0.092	0.1379999999999999	0.1619999999999999	0.121	0.117	0.107	0.079	0.1369999999999999	0.076	0.135	0.088	0.076	0.091	0.128	0.089	0.1369999999999999	0.086	0.098	0.064	0.108	0.044	0.061	0.095	0.059	0.108	0.091	0.078	0.091	0.062	0.131	0.129	0.116	0.1129999999999999	0.108	0.119	0.111	0.129	0.077	0.106	0.073	0.13	0.149	0.0809999999999999	0.088	0.0569999999999999	0.087	0.083	0.079	0.211	0.129	0.291	0.153	0.156	0.132	0.084	0.104	0.052	0.107	0.11	0.082	0.149	0.043	0.077	0.15	0.104	0.105	0.1	0.079	0.101	0.09	0.042	0.096
Bacillus subtilis	0.072	0.034	0.004	0.005	0.002	0.004	0.005	0.003	0.004	0.006	0.003	0.004	0.002	0.008	0.001	0.0069999999999999	0.003	0.314	0.009	0.036	0.006	0.005	0.099	0.003	0.002	0.003	0.074	0.003	0.004	0.0069999999999999	0.04	0.002	0.1	0.004	0.019	0.004	0.004	0.005	0.004	0.017	0.004	0.021	0.004	0.034	0.024	0.009	0.006	0.032	0.0069999999999999	0.002	0.004	0.093	0.003	0.0069999999999999	0.015	0.0279999999999999	0.016	0.011	0.021	0.015	0.001	0.0069999999999999	0.0069999999999999	0.0069999999999999	0.011	0.008	0.004	0.016	0.004	0.018	0.003	0.006	0.075	0.004	0.0069999999999999	0.001	0.003	0.042	0.004	0.003	0.119	0.004	0.003	0.009	0.003	0.0139999999999999	0.006	0.003	0.006	0.005	0.004	0.003	0.005	0.011	0.005	0.004	0.004	0.033	0.016	0.004	0.003	0.004	0.04	0.021	0.02
Streptomyces olivoreticuli	0.036	0.0139999999999999	0.02	0.073	0.083	0.08	0.0849999999999999	0.055	0.0849999999999999	0.068	0.03	0.061	0.0139999999999999	0.016	0.011	0.039	0.094	0.122	0.027	0.027	0.022	0.1129999999999999	0.019	0.1149999999999999	0.095	0.052	0.044	0.106	0.123	0.0069999999999999	0.036	0.025	0.063	0.058	0.032	0.11	0.091	0.095	0.064	0.015	0.101	0.044	0.065	0.119	0.018	0.042	0.074	0.0279999999999999	0.032	0.017	0.067	0.044	0.1129999999999999	0.009	0.021	0.0569999999999999	0.033	0.024	0.111	0.0689999999999999	0.011	0.008	0.067	0.037	0.095	0.029	0.052	0.037	0.098	0.039	0.0849999999999999	0.129	0.024	0.032	0.055	0.018	0.077	0.026	0.166	0.093	0.034	0.077	0.011	0.0689999999999999	0.032	0.038	0.033	0.133	0.117	0.034	0.053	0.09	0.0809999999999999	0.029	0.015	0.032	0.064	0.141	0.04	0.087	0.03	0.089	0.068	0.025	0.124
Burkholderia pseudomallei	0.0689999999999999	0.034	0.0809999999999999	0.077	0.046	0.09	0.111	0.134	0.097	0.067	0.017	0.116	0.029	0.019	0.053	0.024	0.104	0.086	0.055	0.043	0.119	0.093	0.052	0.084	0.131	0.11	0.065	0.086	0.098	0.026	0.046	0.048	0.054	0.106	0.083	0.095	0.099	0.089	0.177	0.065	0.09	0.038	0.074	0.072	0.034	0.0849999999999999	0.0689999999999999	0.039	0.1149999999999999	0.025	0.134	0.062	0.11	0.034	0.037	0.047	0.037	0.0349999999999999	0.071	0.053	0.04	0.04	0.1149999999999999	0.076	0.1	0.0699999999999999	0.169	0.036	0.106	0.0689999999999999	0.117	0.067	0.067	0.037	0.102	0.055	0.121	0.048	0.092	0.136	0.05	0.0699999999999999	0.026	0.066	0.078	0.08	0.126	0.089	0.123	0.176	0.0809999999999999	0.148	0.102	0.062	0.018	0.086	0.097	0.055	0.053	0.116	0.031	0.164	0.076	0.039	0.105
Streptomyces sp. SirexAA-E	0.036	0.012	0.016	0.046	0.0699999999999999	0.051	0.053	0.034	0.05	0.045	0.031	0.043	0.013	0.015	0.008	0.041	0.058	0.201	0.023	0.025	0.017	0.068	0.019	0.0699999999999999	0.0569999999999999	0.031	0.044	0.075	0.098	0.005	0.042	0.022	0.078	0.039	0.026	0.079	0.058	0.0559999999999999	0.039	0.012	0.068	0.0559999999999999	0.042	0.127	0.018	0.033	0.05	0.024	0.021	0.018	0.043	0.05	0.078	0.006	0.019	0.063	0.027	0.023	0.105	0.0699999999999999	0.01	0.0069999999999999	0.0559999999999999	0.029	0.08	0.021	0.033	0.033	0.06	0.034	0.051	0.088	0.021	0.039	0.036	0.016	0.048	0.026	0.148	0.0569999999999999	0.036	0.047	0.01	0.049	0.026	0.038	0.021	0.0809999999999999	0.163	0.021	0.04	0.0569999999999999	0.061	0.027	0.0139999999999999	0.025	0.042	0.18	0.038	0.052	0.032	0.055	0.09	0.021	0.166
Sphingobium sp. TKS	0.039	0.006	0.009	0.024	0.012	0.016	0.015	0.0139999999999999	0.016	0.022	0.03	0.012	0.015	0.0279999999999999	0.013	0.02	0.012	0.012	0.013	0.012	0.038	0.015	0.013	0.0139999999999999	0.0139999999999999	0.01	0.017	0.016	0.016	0.011	0.022	0.025	0.017	0.011	0.018	0.015	0.017	0.017	0.012	0.015	0.015	0.015	0.023	0.015	0.025	0.03	0.025	0.021	0.037	0.04	0.017	0.015	0.015	0.006	0.011	0.011	0.215	0.024	0.023	0.021	0.033	0.018	0.021	0.0349999999999999	0.0139999999999999	0.272	0.0139999999999999	0.032	0.018	0.019	0.016	0.0139999999999999	0.021	0.076	0.025	0.037	0.012	0.013	0.013	0.013	0.19	0.018	0.011	0.02	0.015	0.016	0.044	0.011	0.017	0.011	0.019	0.016	0.0139999999999999	0.054	0.041	0.021	0.025	0.012	0.032	0.015	0.02	0.017	0.019	0.0349999999999999	0.013
Streptomyces globosus	0.045	0.019	0.021	0.079	0.074	0.083	0.093	0.058	0.092	0.075	0.033	0.059	0.016	0.018	0.012	0.042	0.101	0.121	0.033	0.032	0.0279999999999999	0.119	0.026	0.117	0.097	0.0559999999999999	0.046	0.1129999999999999	0.132	0.008	0.043	0.025	0.063	0.062	0.043	0.11	0.091	0.1	0.067	0.03	0.107	0.043	0.074	0.1119999999999999	0.025	0.06	0.0809999999999999	0.04	0.047	0.02	0.075	0.046	0.1129999999999999	0.01	0.023	0.063	0.04	0.0279999999999999	0.126	0.127	0.012	0.01	0.075	0.053	0.098	0.042	0.0569999999999999	0.045	0.097	0.053	0.093	0.134	0.032	0.036	0.066	0.018	0.077	0.031	0.157	0.095	0.042	0.084	0.013	0.075	0.036	0.049	0.06	0.131	0.121	0.033	0.06	0.092	0.076	0.037	0.018	0.043	0.071	0.135	0.052	0.091	0.03	0.093	0.0849999999999999	0.0279999999999999	0.13
Actinoplanes friuliensis	0.065	0.046	0.052	0.119	0.037	0.088	0.122	0.079	0.136	0.13	0.052	0.0809999999999999	0.037	0.032	0.036	0.1	0.073	0.1119999999999999	0.086	0.049	0.059	0.151	0.0349999999999999	0.109	0.096	0.087	0.067	0.1	0.128	0.02	0.099	0.03	0.059	0.102	0.11	0.1399999999999999	0.117	0.126	0.107	0.082	0.13	0.0569999999999999	0.13	0.116	0.039	0.068	0.121	0.071	0.1	0.116	0.101	0.054	0.1129999999999999	0.032	0.051	0.0689999999999999	0.066	0.0569999999999999	0.076	0.068	0.036	0.068	0.123	0.099	0.1139999999999999	0.087	0.094	0.109	0.105	0.123	0.08	0.121	0.063	0.101	0.163	0.0279999999999999	0.087	0.041	0.086	0.09	0.072	0.22	0.026	0.176	0.117	0.103	0.097	0.088	0.11	0.047	0.117	0.1129999999999999	0.072	0.107	0.041	0.0699999999999999	0.152	0.092	0.076	0.109	0.06	0.106	0.0689999999999999	0.0279999999999999	0.086
Pseudomonas brenneri	0.034	0.083	0.141	0.003	0.011	0.013	0.008	0.0069999999999999	0.003	0.003	0.06	0.02	0.12	0.141	0.049	0.073	0.025	0.0139999999999999	0.064	0.065	0.0139999999999999	0.003	0.097	0.003	0.004	0.037	0.0349999999999999	0.015	0.003	0.09	0.03	0.041	0.04	0.041	0.0279999999999999	0.003	0.003	0.008	0.003	0.071	0.0069999999999999	0.043	0.003	0.012	0.106	0.012	0.003	0.042	0.005	0.106	0.0069999999999999	0.036	0.006	0.153	0.0809999999999999	0.046	0.0349999999999999	0.047	0.006	0.0139999999999999	0.065	0.0849999999999999	0.006	0.004	0.004	0.004	0.003	0.022	0.004	0.013	0.009	0.004	0.036	0.051	0.003	0.0689999999999999	0.015	0.102	0.013	0.004	0.022	0.002	0.055	0.002	0.032	0.026	0.004	0.009	0.006	0.003	0.013	0.004	0.018	0.024	0.1	0.023	0.004	0.026	0.006	0.003	0.073	0.0069999999999999	0.019	0.101	0.0069999999999999
Streptomyces xinghaiensis	0.036	0.0139999999999999	0.019	0.0699999999999999	0.0699999999999999	0.078	0.0849999999999999	0.0559999999999999	0.0849999999999999	0.068	0.026	0.0569999999999999	0.013	0.016	0.01	0.034	0.098	0.104	0.025	0.024	0.021	0.1149999999999999	0.018	0.122	0.098	0.051	0.037	0.11	0.1149999999999999	0.0069999999999999	0.034	0.02	0.055	0.0559999999999999	0.03	0.11	0.0849999999999999	0.095	0.062	0.0139999999999999	0.103	0.037	0.067	0.108	0.017	0.037	0.072	0.026	0.033	0.018	0.064	0.039	0.11	0.008	0.02	0.049	0.031	0.022	0.099	0.059	0.01	0.009	0.062	0.038	0.09	0.03	0.049	0.033	0.101	0.04	0.092	0.128	0.023	0.0279999999999999	0.055	0.015	0.077	0.023	0.155	0.095	0.032	0.077	0.01	0.071	0.03	0.037	0.033	0.143	0.11	0.03	0.051	0.088	0.074	0.0279999999999999	0.0139999999999999	0.03	0.064	0.117	0.037	0.09	0.025	0.0849999999999999	0.067	0.026	0.1129999999999999
Micromonospora rifamycinica	0.041	0.027	0.025	0.1139999999999999	0.017	0.082	0.107	0.075	0.132	0.118	0.024	0.061	0.015	0.016	0.016	0.042	0.071	0.076	0.033	0.03	0.038	0.146	0.02	0.1129999999999999	0.099	0.0809999999999999	0.036	0.09	0.105	0.01	0.046	0.017	0.041	0.092	0.051	0.1129999999999999	0.108	0.127	0.098	0.031	0.11	0.029	0.122	0.089	0.022	0.055	0.1149999999999999	0.033	0.066	0.036	0.084	0.033	0.097	0.016	0.026	0.038	0.029	0.032	0.054	0.055	0.017	0.019	0.106	0.063	0.097	0.0559999999999999	0.084	0.053	0.103	0.0699999999999999	0.082	0.117	0.041	0.034	0.101	0.0139999999999999	0.08	0.025	0.087	0.09	0.036	0.1399999999999999	0.017	0.103	0.054	0.062	0.067	0.084	0.091	0.044	0.086	0.105	0.059	0.046	0.019	0.044	0.108	0.0699999999999999	0.05	0.109	0.029	0.107	0.051	0.016	0.073
Streptomyces sp. WAC00288	0.039	0.013	0.017	0.062	0.073	0.068	0.074	0.045	0.0699999999999999	0.059	0.03	0.051	0.0139999999999999	0.017	0.01	0.039	0.086	0.132	0.0279999999999999	0.025	0.023	0.093	0.019	0.097	0.077	0.042	0.041	0.096	0.121	0.0069999999999999	0.038	0.023	0.061	0.052	0.033	0.094	0.077	0.079	0.052	0.016	0.09	0.041	0.059	0.1139999999999999	0.017	0.053	0.063	0.026	0.0349999999999999	0.017	0.062	0.04	0.097	0.008	0.021	0.064	0.031	0.023	0.159	0.1389999999999999	0.01	0.009	0.065	0.048	0.09	0.034	0.045	0.037	0.08	0.051	0.074	0.119	0.023	0.043	0.051	0.015	0.063	0.026	0.16	0.075	0.0349999999999999	0.063	0.01	0.06	0.031	0.039	0.038	0.105	0.117	0.0279999999999999	0.052	0.075	0.0699999999999999	0.03	0.015	0.034	0.0559999999999999	0.146	0.054	0.0699999999999999	0.027	0.076	0.08	0.026	0.13
Myxococcus fulvus	0.045	0.009	0.015	0.044	0.006	0.0279999999999999	0.037	0.022	0.033	0.045	0.008	0.024	0.01	0.008	0.011	0.022	0.026	0.031	0.016	0.02	0.038	0.037	0.0279999999999999	0.03	0.022	0.02	0.016	0.025	0.0349999999999999	0.008	0.034	0.013	0.021	0.026	0.027	0.037	0.032	0.038	0.026	0.017	0.033	0.019	0.05	0.037	0.013	0.072	0.047	0.022	0.126	0.0139999999999999	0.045	0.022	0.031	0.012	0.015	0.0279999999999999	0.024	0.025	0.066	0.145	0.013	0.008	0.046	0.297	0.041	0.0809999999999999	0.0349999999999999	0.037	0.031	0.148	0.027	0.033	0.0279999999999999	0.0139999999999999	0.06	0.0069999999999999	0.02	0.02	0.03	0.026	0.031	0.041	0.012	0.054	0.033	0.059	0.105	0.023	0.032	0.027	0.042	0.03	0.029	0.023	0.015	0.036	0.053	0.024	0.053	0.031	0.019	0.032	0.04	0.012	0.0279999999999999
Streptomyces sp. SM18	0.036	0.011	0.016	0.051	0.068	0.0559999999999999	0.059	0.038	0.058	0.049	0.031	0.045	0.013	0.015	0.009	0.04	0.065	0.185	0.023	0.024	0.017	0.077	0.018	0.078	0.062	0.036	0.042	0.08	0.103	0.006	0.04	0.022	0.075	0.044	0.026	0.084	0.062	0.065	0.043	0.013	0.074	0.05	0.05	0.122	0.017	0.033	0.0559999999999999	0.024	0.025	0.018	0.048	0.045	0.082	0.0069999999999999	0.019	0.059	0.027	0.022	0.099	0.068	0.01	0.0069999999999999	0.059	0.031	0.08	0.022	0.036	0.033	0.065	0.036	0.058	0.095	0.021	0.036	0.041	0.016	0.053	0.025	0.147	0.063	0.034	0.052	0.01	0.051	0.027	0.037	0.023	0.086	0.158	0.022	0.042	0.062	0.061	0.027	0.0139999999999999	0.025	0.045	0.168	0.037	0.059	0.031	0.062	0.09	0.021	0.163
Acinetobacter oleivorans	0.005	0.0	0.0	0.0	0.0	0.0	0.0	0.0	0.0	0.0	0.0	0.0	0.0	0.102	0.1	0.0	0.0	0.0	0.0069999999999999	0.0	0.0	0.0	0.006	0.0	0.0	0.0	0.0	0.0	0.0	0.003	0.0	0.0	0.0	0.0	0.001	0.0	0.0	0.0	0.0	0.002	0.0	0.0	0.0	0.0	0.0	0.0	0.0	0.003	0.0	0.047	0.0	0.0	0.0	0.0	0.0	0.0	0.031	0.0	0.0	0.004	0.0	0.0	0.0	0.011	0.0	0.318	0.0	0.0	0.0	0.003	0.0	0.0	0.0	0.016	0.0	0.0	0.0	0.103	0.0	0.0	0.031	0.0	0.0	0.0	0.0	0.0	0.001	0.0	0.0	0.0	0.001	0.0	0.0	0.001	0.002	0.0	0.0	0.0	0.0	0.0	0.0	0.0	0.0	0.016	0.0
Streptomyces fulvissimus	0.037	0.012	0.017	0.054	0.06	0.0569999999999999	0.061	0.038	0.058	0.051	0.03	0.043	0.012	0.015	0.009	0.038	0.066	0.178	0.023	0.024	0.017	0.079	0.018	0.082	0.065	0.037	0.04	0.0809999999999999	0.105	0.005	0.039	0.02	0.0699999999999999	0.044	0.026	0.087	0.064	0.065	0.044	0.012	0.078	0.051	0.05	0.116	0.017	0.034	0.059	0.023	0.025	0.017	0.05	0.045	0.082	0.008	0.018	0.06	0.027	0.021	0.099	0.071	0.01	0.008	0.059	0.032	0.082	0.023	0.038	0.031	0.065	0.038	0.059	0.098	0.022	0.066	0.04	0.016	0.0559999999999999	0.025	0.146	0.064	0.0349999999999999	0.052	0.01	0.05	0.027	0.039	0.025	0.088	0.157	0.023	0.043	0.063	0.062	0.027	0.013	0.026	0.051	0.167	0.038	0.06	0.029	0.064	0.094	0.022	0.1619999999999999
Pseudomonas parafulva	0.032	0.059	0.223	0.013	0.011	0.018	0.0139999999999999	0.011	0.011	0.012	0.05	0.017	0.1149999999999999	0.083	0.051	0.0809999999999999	0.023	0.015	0.0569999999999999	0.0699999999999999	0.015	0.011	0.092	0.009	0.011	0.0279999999999999	0.042	0.016	0.011	0.074	0.037	0.041	0.029	0.03	0.026	0.011	0.011	0.015	0.009	0.0809999999999999	0.013	0.038	0.013	0.018	0.089	0.017	0.013	0.039	0.017	0.129	0.017	0.036	0.012	0.119	0.076	0.029	0.051	0.046	0.012	0.019	0.063	0.158	0.013	0.0139999999999999	0.012	0.012	0.012	0.029	0.011	0.017	0.0139999999999999	0.011	0.031	0.036	0.015	0.063	0.016	0.096	0.012	0.009	0.027	0.011	0.04	0.01	0.036	0.032	0.017	0.013	0.011	0.009	0.017	0.01	0.019	0.03	0.077	0.024	0.015	0.058	0.012	0.01	0.046	0.017	0.0139999999999999	0.059	0.01
Rhizobium jaguaris	0.047	0.041	0.0279999999999999	0.062	0.157	0.039	0.032	0.033	0.037	0.0569999999999999	0.117	0.031	0.079	0.026	0.0849999999999999	0.1119999999999999	0.026	0.026	0.129	0.076	0.058	0.0349999999999999	0.041	0.038	0.0349999999999999	0.021	0.095	0.06	0.05	0.029	0.05	0.048	0.04	0.022	0.105	0.042	0.043	0.0349999999999999	0.031	0.201	0.04	0.045	0.043	0.03	0.033	0.04	0.051	0.093	0.0349999999999999	0.061	0.029	0.043	0.0349999999999999	0.011	0.042	0.033	0.217	0.06	0.031	0.051	0.078	0.029	0.037	0.05	0.0279999999999999	0.045	0.0279999999999999	0.047	0.055	0.042	0.038	0.04	0.051	0.079	0.046	0.055	0.033	0.066	0.03	0.034	0.045	0.036	0.048	0.08	0.037	0.033	0.039	0.047	0.047	0.022	0.039	0.038	0.0279999999999999	0.169	0.128	0.032	0.051	0.027	0.042	0.032	0.04	0.038	0.059	0.047	0.024
Jiangella sp. DSM 45060	0.047	0.017	0.029	0.1119999999999999	0.015	0.076	0.102	0.0699999999999999	0.126	0.109	0.015	0.063	0.013	0.02	0.0139999999999999	0.042	0.063	0.067	0.029	0.032	0.043	0.129	0.023	0.1	0.089	0.0809999999999999	0.027	0.08	0.093	0.011	0.048	0.016	0.031	0.09	0.046	0.098	0.105	0.123	0.091	0.018	0.101	0.029	0.126	0.059	0.025	0.066	0.11	0.03	0.091	0.023	0.083	0.031	0.087	0.019	0.03	0.042	0.129	0.0349999999999999	0.058	0.05	0.017	0.016	0.102	0.073	0.086	0.0699999999999999	0.08	0.04	0.097	0.0809999999999999	0.071	0.107	0.045	0.022	0.1119999999999999	0.011	0.072	0.026	0.0689999999999999	0.0809999999999999	0.038	0.146	0.017	0.111	0.058	0.071	0.079	0.068	0.075	0.038	0.078	0.099	0.058	0.034	0.017	0.045	0.1119999999999999	0.072	0.0559999999999999	0.101	0.027	0.101	0.048	0.018	0.0689999999999999
Actinoplanes sp. N902-109	0.051	0.034	0.042	0.116	0.03	0.0849999999999999	0.1129999999999999	0.076	0.133	0.127	0.038	0.0689999999999999	0.03	0.022	0.029	0.068	0.071	0.09	0.066	0.041	0.049	0.151	0.027	0.106	0.096	0.086	0.0559999999999999	0.094	0.1119999999999999	0.015	0.0699999999999999	0.025	0.05	0.098	0.088	0.126	0.1149999999999999	0.124	0.104	0.06	0.116	0.044	0.125	0.099	0.03	0.059	0.116	0.055	0.082	0.086	0.095	0.044	0.107	0.022	0.04	0.054	0.047	0.045	0.063	0.059	0.027	0.038	0.1119999999999999	0.076	0.1	0.072	0.088	0.082	0.102	0.091	0.077	0.118	0.054	0.067	0.131	0.022	0.082	0.033	0.08	0.087	0.052	0.188	0.022	0.135	0.082	0.076	0.079	0.082	0.098	0.044	0.1	0.109	0.065	0.082	0.032	0.058	0.133	0.077	0.062	0.107	0.046	0.105	0.054	0.02	0.074
Streptomyces peucetius	0.038	0.0139999999999999	0.018	0.052	0.097	0.0559999999999999	0.06	0.039	0.062	0.05	0.038	0.051	0.016	0.017	0.011	0.044	0.0699999999999999	0.159	0.029	0.029	0.02	0.0809999999999999	0.021	0.079	0.066	0.036	0.052	0.084	0.1149999999999999	0.0069999999999999	0.04	0.029	0.0699999999999999	0.047	0.031	0.086	0.071	0.067	0.045	0.015	0.078	0.054	0.049	0.128	0.019	0.042	0.055	0.029	0.0279999999999999	0.017	0.053	0.05	0.09	0.008	0.023	0.067	0.031	0.025	0.126	0.083	0.01	0.008	0.062	0.036	0.0849999999999999	0.026	0.04	0.041	0.0699999999999999	0.04	0.059	0.111	0.025	0.036	0.041	0.019	0.055	0.03	0.1619999999999999	0.066	0.037	0.0559999999999999	0.011	0.059	0.03	0.04	0.029	0.09	0.123	0.027	0.045	0.067	0.072	0.03	0.016	0.032	0.049	0.164	0.042	0.06	0.0349999999999999	0.065	0.076	0.025	0.143
Frankia alni	0.036	0.0139999999999999	0.022	0.109	0.013	0.076	0.1	0.071	0.121	0.1	0.011	0.062	0.011	0.013	0.012	0.03	0.062	0.058	0.022	0.025	0.037	0.127	0.017	0.1	0.089	0.08	0.022	0.079	0.091	0.009	0.034	0.015	0.029	0.09	0.036	0.096	0.106	0.122	0.092	0.013	0.098	0.0279999999999999	0.1129999999999999	0.054	0.019	0.055	0.104	0.024	0.068	0.017	0.078	0.024	0.089	0.016	0.023	0.034	0.02	0.025	0.046	0.043	0.015	0.012	0.089	0.052	0.077	0.053	0.075	0.031	0.097	0.059	0.073	0.107	0.0349999999999999	0.018	0.1	0.024	0.073	0.021	0.0689999999999999	0.082	0.029	0.126	0.019	0.079	0.042	0.054	0.06	0.0689999999999999	0.066	0.037	0.068	0.096	0.058	0.025	0.012	0.04	0.096	0.068	0.043	0.104	0.022	0.1	0.04	0.013	0.062
Jiangella alkaliphila	0.049	0.018	0.0279999999999999	0.111	0.017	0.078	0.1	0.0699999999999999	0.125	0.109	0.017	0.063	0.013	0.021	0.0139999999999999	0.043	0.062	0.065	0.03	0.032	0.044	0.131	0.024	0.101	0.089	0.08	0.029	0.082	0.093	0.011	0.051	0.018	0.03	0.091	0.048	0.097	0.105	0.121	0.091	0.019	0.101	0.03	0.12	0.058	0.025	0.066	0.106	0.032	0.091	0.024	0.0809999999999999	0.031	0.088	0.019	0.031	0.042	0.047	0.0349999999999999	0.058	0.05	0.017	0.017	0.103	0.073	0.086	0.071	0.0809999999999999	0.043	0.097	0.083	0.072	0.108	0.046	0.023	0.11	0.012	0.072	0.027	0.071	0.0809999999999999	0.039	0.145	0.017	0.111	0.058	0.072	0.079	0.068	0.075	0.038	0.077	0.099	0.059	0.0349999999999999	0.017	0.045	0.109	0.072	0.0569999999999999	0.1	0.029	0.099	0.048	0.018	0.0689999999999999
Nocardioides sp. 78	0.043	0.013	0.03	0.079	0.008	0.055	0.068	0.045	0.095	0.131	0.011	0.052	0.011	0.02	0.01	0.045	0.043	0.067	0.026	0.024	0.031	0.087	0.021	0.063	0.054	0.067	0.022	0.066	0.072	0.009	0.05	0.011	0.026	0.062	0.038	0.074	0.066	0.067	0.055	0.019	0.078	0.021	0.1369999999999999	0.045	0.018	0.039	0.078	0.023	0.102	0.02	0.073	0.023	0.063	0.017	0.021	0.0349999999999999	0.024	0.029	0.05	0.034	0.013	0.018	0.109	0.072	0.072	0.059	0.062	0.039	0.064	0.073	0.048	0.079	0.0279999999999999	0.016	0.13	0.008	0.043	0.02	0.051	0.05	0.036	0.184	0.011	0.147	0.058	0.063	0.068	0.044	0.078	0.021	0.076	0.061	0.039	0.036	0.0139999999999999	0.032	0.15	0.065	0.047	0.058	0.022	0.06	0.05	0.018	0.0689999999999999
Cupriavidus basilensis	0.048	0.032	0.033	0.036	0.0569999999999999	0.036	0.067	0.068	0.037	0.036	0.029	0.077	0.032	0.016	0.039	0.022	0.037	0.038	0.037	0.054	0.0569999999999999	0.037	0.052	0.032	0.04	0.033	0.03	0.032	0.033	0.016	0.039	0.054	0.055	0.032	0.051	0.037	0.039	0.037	0.04	0.0349999999999999	0.033	0.037	0.038	0.105	0.023	0.061	0.039	0.052	0.066	0.027	0.058	0.051	0.0349999999999999	0.02	0.049	0.034	0.0349999999999999	0.059	0.065	0.061	0.032	0.031	0.062	0.051	0.039	0.045	0.1399999999999999	0.044	0.039	0.055	0.037	0.031	0.0569999999999999	0.029	0.053	0.037	0.041	0.042	0.031	0.038	0.048	0.034	0.03	0.03	0.065	0.05	0.071	0.232	0.036	0.1619999999999999	0.042	0.036	0.237	0.036	0.044	0.063	0.051	0.036	0.063	0.037	0.033	0.045	0.079	0.027	0.041
Sphingomonas sp. Cra20	0.168	0.017	0.019	0.031	0.058	0.036	0.023	0.021	0.026	0.033	0.145	0.021	0.0279999999999999	0.09	0.027	0.048	0.017	0.018	0.048	0.029	0.106	0.024	0.062	0.023	0.029	0.018	0.0559999999999999	0.046	0.0279999999999999	0.021	0.068	0.072	0.034	0.016	0.041	0.024	0.03	0.023	0.017	0.059	0.027	0.042	0.031	0.026	0.033	0.064	0.032	0.0689999999999999	0.077	0.036	0.029	0.051	0.025	0.01	0.029	0.026	0.102	0.063	0.059	0.079	0.034	0.049	0.036	0.109	0.023	0.174	0.022	0.118	0.034	0.033	0.031	0.023	0.046	0.074	0.044	0.062	0.024	0.0349999999999999	0.024	0.021	0.093	0.034	0.023	0.045	0.041	0.026	0.08	0.019	0.0349999999999999	0.016	0.0349999999999999	0.027	0.022	0.15	0.036	0.049	0.041	0.019	0.094	0.026	0.039	0.026	0.033	0.105	0.022
Streptomyces xiamenensis	0.0279999999999999	0.01	0.016	0.077	0.04	0.077	0.084	0.0559999999999999	0.086	0.067	0.017	0.049	0.01	0.012	0.008	0.025	0.089	0.0689999999999999	0.019	0.017	0.02	0.1129999999999999	0.013	0.12	0.098	0.0559999999999999	0.025	0.099	0.095	0.006	0.026	0.0139999999999999	0.037	0.0569999999999999	0.024	0.097	0.0809999999999999	0.099	0.064	0.011	0.097	0.025	0.066	0.071	0.013	0.032	0.076	0.018	0.033	0.0139999999999999	0.061	0.026	0.096	0.0069999999999999	0.015	0.033	0.022	0.017	0.065	0.041	0.009	0.009	0.0559999999999999	0.033	0.073	0.027	0.051	0.024	0.096	0.034	0.09	0.108	0.02	0.02	0.058	0.01	0.075	0.017	0.118	0.092	0.023	0.074	0.01	0.059	0.025	0.031	0.031	0.124	0.0809999999999999	0.029	0.046	0.0849999999999999	0.062	0.022	0.011	0.024	0.061	0.078	0.03	0.091	0.019	0.088	0.048	0.017	0.08
Herbaspirillum hiltneri	0.079	0.051	0.051	0.039	0.1389999999999999	0.05	0.027	0.039	0.037	0.033	0.2729999999999999	0.031	0.065	0.031	0.0699999999999999	0.019	0.046	0.027	0.0349999999999999	0.048	0.052	0.026	0.0849999999999999	0.047	0.047	0.041	0.048	0.049	0.023	0.091	0.06	0.133	0.058	0.024	0.063	0.027	0.042	0.026	0.022	0.072	0.038	0.058	0.027	0.062	0.03	0.086	0.033	0.0809999999999999	0.06	0.029	0.058	0.109	0.031	0.015	0.0559999999999999	0.04	0.052	0.071	0.076	0.079	0.064	0.065	0.036	0.062	0.04	0.047	0.0569999999999999	0.087	0.032	0.064	0.053	0.027	0.096	0.042	0.0349999999999999	0.066	0.036	0.0559999999999999	0.025	0.034	0.109	0.024	0.059	0.024	0.075	0.0699999999999999	0.062	0.047	0.052	0.026	0.046	0.023	0.051	0.053	0.117	0.092	0.066	0.03	0.099	0.031	0.0569999999999999	0.044	0.078	0.039	0.0349999999999999
Streptomyces albulus	0.033	0.0139999999999999	0.019	0.068	0.074	0.073	0.077	0.051	0.078	0.065	0.029	0.055	0.015	0.015	0.011	0.036	0.088	0.1129999999999999	0.027	0.025	0.021	0.104	0.018	0.109	0.087	0.048	0.042	0.1	0.108	0.0069999999999999	0.0349999999999999	0.023	0.055	0.054	0.031	0.094	0.0809999999999999	0.086	0.059	0.015	0.093	0.04	0.062	0.101	0.017	0.039	0.072	0.025	0.032	0.017	0.061	0.038	0.1	0.008	0.021	0.052	0.03	0.022	0.099	0.064	0.011	0.01	0.061	0.036	0.083	0.0279999999999999	0.047	0.0349999999999999	0.088	0.037	0.082	0.1139999999999999	0.023	0.03	0.051	0.016	0.0699999999999999	0.024	0.141	0.0849999999999999	0.032	0.068	0.011	0.064	0.029	0.037	0.032	0.116	0.104	0.03	0.048	0.082	0.0699999999999999	0.029	0.0139999999999999	0.03	0.058	0.129	0.037	0.0809999999999999	0.027	0.08	0.064	0.023	0.12
Variovorax sp. PAMC 28711	0.088	0.023	0.0279999999999999	0.0699999999999999	0.0569999999999999	0.067	0.065	0.051	0.071	0.075	0.058	0.058	0.036	0.043	0.025	0.071	0.047	0.044	0.039	0.034	0.077	0.063	0.041	0.065	0.053	0.047	0.027	0.076	0.059	0.033	0.06	0.0349999999999999	0.052	0.044	0.055	0.061	0.087	0.053	0.038	0.039	0.086	0.033	0.076	0.05	0.041	0.088	0.111	0.059	0.1619999999999999	0.041	0.1	0.039	0.062	0.02	0.03	0.033	0.06	0.054	0.08	0.074	0.026	0.059	0.071	0.158	0.066	0.093	0.046	0.066	0.0849999999999999	0.126	0.052	0.0699999999999999	0.0349999999999999	0.053	0.119	0.03	0.059	0.03	0.061	0.058	0.089	0.067	0.016	0.059	0.039	0.048	0.2269999999999999	0.047	0.075	0.032	0.135	0.059	0.054	0.082	0.045	0.101	0.1379999999999999	0.068	0.0809999999999999	0.073	0.031	0.084	0.1149999999999999	0.061	0.094
Candidatus Koribacter versatilis	0.024	0.006	0.012	0.075	0.006	0.065	0.08	0.074	0.072	0.076	0.009	0.049	0.0069999999999999	0.004	0.015	0.011	0.078	0.037	0.0139999999999999	0.015	0.08	0.078	0.008	0.075	0.052	0.042	0.0139999999999999	0.0569999999999999	0.064	0.006	0.012	0.01	0.029	0.043	0.029	0.064	0.055	0.111	0.076	0.008	0.074	0.011	0.073	0.0569999999999999	0.009	0.066	0.109	0.0139999999999999	0.051	0.008	0.088	0.015	0.052	0.0069999999999999	0.0139999999999999	0.0139999999999999	0.012	0.01	0.03	0.045	0.008	0.0069999999999999	0.105	0.031	0.08	0.038	0.117	0.016	0.059	0.027	0.103	0.084	0.027	0.008	0.086	0.006	0.055	0.009	0.062	0.052	0.02	0.044	0.009	0.034	0.0139999999999999	0.026	0.054	0.059	0.048	0.148	0.0809999999999999	0.079	0.066	0.012	0.006	0.044	0.0849999999999999	0.0349999999999999	0.037	0.0699999999999999	0.01	0.088	0.039	0.0069999999999999	0.06
Pseudomonas psychrophila	0.03	0.071	0.153	0.004	0.009	0.022	0.011	0.0069999999999999	0.004	0.003	0.049	0.017	0.098	0.11	0.044	0.065	0.026	0.013	0.0559999999999999	0.06	0.01	0.004	0.06	0.004	0.005	0.034	0.034	0.016	0.004	0.08	0.03	0.048	0.034	0.044	0.023	0.004	0.003	0.0069999999999999	0.004	0.067	0.01	0.0349999999999999	0.003	0.012	0.093	0.011	0.004	0.04	0.005	0.103	0.009	0.034	0.008	0.142	0.073	0.0279999999999999	0.03	0.044	0.006	0.0139999999999999	0.066	0.108	0.0069999999999999	0.005	0.005	0.005	0.004	0.022	0.005	0.012	0.01	0.004	0.033	0.047	0.004	0.063	0.024	0.083	0.009	0.005	0.021	0.003	0.049	0.002	0.03	0.024	0.005	0.011	0.006	0.004	0.013	0.005	0.027	0.021	0.088	0.018	0.005	0.031	0.005	0.004	0.058	0.009	0.011	0.078	0.006
Leptothrix cholodnii	0.08	0.038	0.038	0.0849999999999999	0.119	0.0699999999999999	0.076	0.051	0.093	0.095	0.06	0.054	0.043	0.021	0.045	0.066	0.053	0.0569999999999999	0.0569999999999999	0.041	0.089	0.072	0.043	0.067	0.062	0.05	0.044	0.063	0.063	0.027	0.062	0.059	0.061	0.048	0.076	0.072	0.09	0.067	0.048	0.059	0.073	0.053	0.097	0.063	0.032	0.0849999999999999	0.095	0.0689999999999999	0.19	0.074	0.131	0.071	0.072	0.0279999999999999	0.043	0.05	0.0559999999999999	0.0559999999999999	0.072	0.075	0.042	0.063	0.091	0.122	0.066	0.092	0.061	0.086	0.108	0.095	0.062	0.062	0.06	0.072	0.164	0.051	0.067	0.036	0.0699999999999999	0.066	0.09	0.107	0.023	0.0809999999999999	0.064	0.06	0.2289999999999999	0.058	0.076	0.049	0.106	0.064	0.073	0.098	0.052	0.1	0.185	0.054	0.08	0.071	0.053	0.087	0.058	0.041	0.072
Nakamurella panacisegetis	0.026	0.008	0.0139999999999999	0.086	0.006	0.067	0.072	0.0559999999999999	0.1149999999999999	0.104	0.0069999999999999	0.053	0.0069999999999999	0.009	0.0069999999999999	0.029	0.055	0.045	0.023	0.015	0.02	0.1139999999999999	0.012	0.078	0.065	0.068	0.016	0.0809999999999999	0.095	0.006	0.033	0.008	0.017	0.075	0.025	0.088	0.077	0.09	0.078	0.012	0.094	0.0139999999999999	0.122	0.04	0.011	0.027	0.09	0.0139999999999999	0.0559999999999999	0.013	0.062	0.0139999999999999	0.067	0.01	0.0139999999999999	0.023	0.016	0.02	0.033	0.023	0.01	0.02	0.084	0.047	0.076	0.037	0.076	0.024	0.075	0.046	0.058	0.091	0.019	0.013	0.087	0.006	0.066	0.013	0.049	0.062	0.023	0.129	0.008	0.0569999999999999	0.033	0.043	0.0569999999999999	0.054	0.062	0.023	0.065	0.093	0.04	0.02	0.009	0.02	0.091	0.053	0.03	0.073	0.016	0.091	0.04	0.01	0.059
Streptomyces violaceoruber	0.0349999999999999	0.011	0.018	0.055	0.055	0.06	0.065	0.04	0.06	0.054	0.027	0.043	0.011	0.015	0.009	0.0349999999999999	0.073	0.152	0.022	0.023	0.019	0.083	0.018	0.083	0.066	0.04	0.036	0.084	0.106	0.006	0.037	0.019	0.06	0.045	0.0279999999999999	0.0849999999999999	0.066	0.068	0.046	0.012	0.079	0.043	0.054	0.1	0.016	0.0349999999999999	0.0569999999999999	0.022	0.03	0.017	0.052	0.039	0.083	0.008	0.018	0.0559999999999999	0.025	0.021	0.094	0.066	0.01	0.009	0.059	0.034	0.08	0.025	0.04	0.03	0.067	0.037	0.062	0.098	0.021	0.034	0.045	0.013	0.055	0.023	0.133	0.066	0.031	0.055	0.009	0.051	0.0279999999999999	0.037	0.029	0.089	0.1379999999999999	0.024	0.045	0.063	0.061	0.026	0.0139999999999999	0.027	0.048	0.148	0.037	0.062	0.026	0.0689999999999999	0.083	0.02	0.142
Streptomyces gilvosporeus	0.03	0.012	0.016	0.0559999999999999	0.086	0.065	0.068	0.044	0.068	0.055	0.03	0.052	0.0139999999999999	0.0139999999999999	0.01	0.036	0.0809999999999999	0.1129999999999999	0.026	0.024	0.017	0.093	0.016	0.097	0.078	0.041	0.041	0.092	0.105	0.006	0.032	0.024	0.058	0.05	0.027	0.09	0.077	0.079	0.052	0.0139999999999999	0.086	0.041	0.055	0.11	0.016	0.033	0.06	0.025	0.024	0.015	0.054	0.039	0.098	0.0069999999999999	0.019	0.05	0.03	0.021	0.1	0.062	0.009	0.0069999999999999	0.054	0.0279999999999999	0.078	0.024	0.041	0.034	0.0809999999999999	0.032	0.071	0.1129999999999999	0.022	0.0279999999999999	0.042	0.016	0.064	0.023	0.152	0.08	0.03	0.0569999999999999	0.01	0.053	0.026	0.031	0.024	0.11	0.099	0.029	0.043	0.074	0.071	0.026	0.0139999999999999	0.027	0.048	0.126	0.034	0.071	0.027	0.071	0.063	0.022	0.12
Pseudomonas extremorientalis	0.026	0.0569999999999999	0.207	0.003	0.01	0.011	0.008	0.0069999999999999	0.003	0.003	0.043	0.016	0.079	0.1119999999999999	0.038	0.061	0.022	0.013	0.047	0.047	0.011	0.003	0.068	0.004	0.004	0.03	0.025	0.013	0.004	0.092	0.029	0.0349999999999999	0.032	0.034	0.022	0.003	0.003	0.0069999999999999	0.003	0.054	0.0069999999999999	0.034	0.004	0.01	0.078	0.011	0.004	0.03	0.005	0.078	0.0069999999999999	0.027	0.006	0.1119999999999999	0.058	0.031	0.024	0.038	0.006	0.012	0.049	0.0689999999999999	0.0069999999999999	0.005	0.004	0.004	0.004	0.017	0.004	0.01	0.008	0.004	0.026	0.0349999999999999	0.004	0.054	0.0139999999999999	0.0849999999999999	0.008	0.004	0.018	0.003	0.041	0.003	0.023	0.019	0.004	0.008	0.006	0.003	0.012	0.004	0.018	0.019	0.108	0.015	0.004	0.023	0.005	0.003	0.0559999999999999	0.0069999999999999	0.01	0.076	0.005
Arthrobacter sp. PGP41	0.0689999999999999	0.004	0.005	0.017	0.0069999999999999	0.043	0.0349999999999999	0.012	0.021	0.018	0.005	0.013	0.002	0.01	0.003	0.011	0.104	0.021	0.009	0.008	0.025	0.059	0.015	0.018	0.015	0.024	0.0069999999999999	0.074	0.051	0.0069999999999999	0.032	0.011	0.019	0.0279999999999999	0.026	0.018	0.016	0.0349999999999999	0.019	0.011	0.027	0.01	0.02	0.053	0.005	0.072	0.021	0.015	0.042	0.005	0.1699999999999999	0.01	0.018	0.004	0.006	0.012	0.019	0.011	0.046	0.063	0.003	0.005	0.0689999999999999	0.049	0.206	0.041	0.074	0.026	0.0139999999999999	0.086	0.026	0.032	0.012	0.018	0.02	0.002	0.013	0.009	0.02	0.013	0.041	0.023	0.003	0.023	0.01	0.02	0.037	0.016	0.025	0.051	0.072	0.036	0.012	0.0139999999999999	0.015	0.0559999999999999	0.026	0.017	0.058	0.02	0.006	0.079	0.1129999999999999	0.022	0.017
Variibacter gotjawalensis	0.055	0.022	0.027	0.1709999999999999	0.012	0.075	0.083	0.065	0.09	0.149	0.036	0.061	0.023	0.016	0.033	0.044	0.065	0.066	0.038	0.042	0.093	0.095	0.025	0.075	0.073	0.048	0.034	0.068	0.0849999999999999	0.016	0.048	0.022	0.044	0.062	0.071	0.1	0.098	0.105	0.08	0.027	0.078	0.04	0.158	0.0699999999999999	0.03	0.092	0.149	0.041	0.128	0.038	0.068	0.037	0.084	0.019	0.037	0.044	0.043	0.044	0.072	0.064	0.03	0.019	0.087	0.104	0.078	0.0809999999999999	0.073	0.055	0.093	0.091	0.072	0.075	0.068	0.065	0.12	0.024	0.06	0.029	0.067	0.0699999999999999	0.048	0.086	0.039	0.1149999999999999	0.046	0.0699999999999999	0.1149999999999999	0.062	0.071	0.052	0.083	0.086	0.061	0.065	0.025	0.058	0.106	0.049	0.068	0.084	0.04	0.083	0.049	0.023	0.052
Sphingobium sp. YBL2	0.036	0.0069999999999999	0.009	0.018	0.012	0.015	0.012	0.011	0.0139999999999999	0.017	0.031	0.009	0.015	0.025	0.013	0.019	0.01	0.008	0.013	0.012	0.034	0.013	0.012	0.012	0.012	0.008	0.017	0.0139999999999999	0.013	0.01	0.021	0.026	0.0139999999999999	0.009	0.017	0.012	0.015	0.013	0.01	0.017	0.013	0.0139999999999999	0.018	0.012	0.023	0.025	0.019	0.021	0.031	0.037	0.015	0.0139999999999999	0.012	0.006	0.011	0.01	0.181	0.025	0.02	0.018	0.034	0.02	0.016	0.031	0.011	0.238	0.011	0.034	0.015	0.016	0.0139999999999999	0.012	0.019	0.077	0.021	0.038	0.01	0.013	0.01	0.012	0.1699999999999999	0.015	0.01	0.017	0.016	0.0139999999999999	0.037	0.01	0.0139999999999999	0.009	0.015	0.012	0.01	0.055	0.036	0.018	0.019	0.01	0.029	0.013	0.018	0.0139999999999999	0.016	0.032	0.01
Rhodococcus ruber	0.04	0.017	0.026	0.106	0.015	0.074	0.095	0.066	0.1149999999999999	0.108	0.016	0.061	0.0139999999999999	0.019	0.015	0.04	0.065	0.066	0.029	0.0279999999999999	0.034	0.117	0.021	0.089	0.08	0.075	0.036	0.08	0.095	0.011	0.041	0.018	0.034	0.083	0.042	0.098	0.093	0.11	0.084	0.02	0.097	0.0279999999999999	0.119	0.058	0.023	0.05	0.108	0.0279999999999999	0.074	0.024	0.087	0.027	0.084	0.018	0.026	0.037	0.025	0.032	0.047	0.048	0.019	0.019	0.097	0.06	0.091	0.06	0.078	0.041	0.093	0.061	0.068	0.099	0.039	0.024	0.111	0.015	0.0699999999999999	0.024	0.074	0.073	0.0349999999999999	0.1379999999999999	0.021	0.095	0.052	0.064	0.066	0.064	0.075	0.038	0.078	0.091	0.0559999999999999	0.038	0.017	0.04	0.109	0.071	0.043	0.09	0.027	0.092	0.0569999999999999	0.018	0.071
Mesorhizobium sp. DCY119	0.109	0.029	0.02	0.071	0.024	0.029	0.0279999999999999	0.027	0.037	0.052	0.161	0.032	0.024	0.047	0.032	0.054	0.023	0.026	0.045	0.034	0.058	0.031	0.029	0.033	0.026	0.017	0.031	0.03	0.03	0.019	0.044	0.031	0.024	0.021	0.052	0.034	0.036	0.032	0.026	0.027	0.029	0.032	0.05	0.027	0.032	0.051	0.076	0.0569999999999999	0.06	0.054	0.0279999999999999	0.029	0.029	0.013	0.023	0.032	0.075	0.064	0.045	0.048	0.031	0.02	0.039	0.094	0.026	0.06	0.026	0.06	0.038	0.06	0.0279999999999999	0.027	0.039	0.262	0.051	0.0279999999999999	0.023	0.022	0.031	0.026	0.0699999999999999	0.034	0.041	0.144	0.036	0.036	0.068	0.026	0.037	0.019	0.033	0.031	0.022	0.091	0.041	0.038	0.047	0.023	0.051	0.029	0.0349999999999999	0.03	0.0689999999999999	0.046	0.029
Niastella koreensis	0.066	0.027	0.037	0.019	0.072	0.042	0.067	0.02	0.037	0.036	0.099	0.062	0.022	0.012	0.046	0.045	0.023	0.019	0.106	0.027	0.052	0.03	0.029	0.022	0.023	0.019	0.043	0.03	0.033	0.038	0.031	0.034	0.106	0.025	0.132	0.031	0.072	0.036	0.03	0.148	0.033	0.051	0.019	0.052	0.019	0.0559999999999999	0.0349999999999999	0.0689999999999999	0.045	0.13	0.075	0.04	0.05	0.013	0.049	0.034	0.0569999999999999	0.04	0.102	0.106	0.029	0.023	0.043	0.0569999999999999	0.055	0.059	0.037	0.167	0.042	0.0699999999999999	0.025	0.026	0.03	0.126	0.041	0.036	0.044	0.025	0.034	0.037	0.071	0.055	0.043	0.084	0.0569999999999999	0.023	0.058	0.027	0.043	0.022	0.0699999999999999	0.045	0.049	0.143	0.066	0.122	0.046	0.065	0.068	0.0569999999999999	0.038	0.02	0.05	0.078	0.032
Pseudomonas taetrolens	0.03	0.072	0.1389999999999999	0.003	0.01	0.015	0.011	0.008	0.003	0.003	0.045	0.012	0.098	0.096	0.046	0.061	0.022	0.013	0.053	0.063	0.012	0.003	0.061	0.003	0.004	0.025	0.033	0.0139999999999999	0.004	0.072	0.0349999999999999	0.0349999999999999	0.034	0.038	0.024	0.003	0.003	0.006	0.003	0.065	0.008	0.032	0.003	0.012	0.09	0.012	0.004	0.04	0.005	0.102	0.008	0.0349999999999999	0.006	0.146	0.073	0.029	0.03	0.043	0.006	0.013	0.064	0.1139999999999999	0.0069999999999999	0.004	0.005	0.004	0.004	0.022	0.008	0.012	0.01	0.004	0.034	0.046	0.004	0.06	0.016	0.084	0.008	0.004	0.022	0.003	0.046	0.002	0.03	0.027	0.005	0.008	0.006	0.003	0.012	0.004	0.019	0.022	0.075	0.02	0.004	0.03	0.005	0.003	0.054	0.008	0.011	0.077	0.005
Streptomyces sp. NEAU-S7GS2	0.036	0.0139999999999999	0.019	0.068	0.0849999999999999	0.0689999999999999	0.0699999999999999	0.05	0.075	0.075	0.031	0.053	0.016	0.016	0.012	0.039	0.0809999999999999	0.1149999999999999	0.027	0.026	0.022	0.092	0.019	0.095	0.076	0.046	0.042	0.091	0.106	0.006	0.0349999999999999	0.027	0.0559999999999999	0.0569999999999999	0.032	0.09	0.08	0.079	0.053	0.0139999999999999	0.087	0.044	0.08	0.104	0.018	0.04	0.078	0.029	0.031	0.017	0.0569999999999999	0.041	0.097	0.008	0.022	0.055	0.033	0.023	0.105	0.068	0.01	0.008	0.059	0.0349999999999999	0.0809999999999999	0.0349999999999999	0.044	0.0349999999999999	0.0809999999999999	0.038	0.0699999999999999	0.11	0.029	0.03	0.047	0.016	0.062	0.026	0.145	0.076	0.033	0.062	0.013	0.073	0.029	0.037	0.03	0.11	0.105	0.0279999999999999	0.045	0.076	0.068	0.029	0.015	0.033	0.054	0.129	0.04	0.073	0.03	0.073	0.0699999999999999	0.024	0.12
Burkholderia sp. PAMC 28687	0.016	0.005	0.025	0.0069999999999999	0.018	0.015	0.018	0.026	0.048	0.006	0.005	0.041	0.01	0.005	0.012	0.009	0.022	0.0139999999999999	0.013	0.01	0.022	0.058	0.01	0.032	0.064	0.026	0.019	0.055	0.017	0.005	0.0069999999999999	0.01	0.0069999999999999	0.018	0.018	0.015	0.031	0.011	0.063	0.021	0.013	0.006	0.008	0.008	0.006	0.006	0.008	0.01	0.0069999999999999	0.004	0.025	0.0069999999999999	0.024	0.008	0.006	0.036	0.005	0.008	0.012	0.008	0.019	0.033	0.019	0.006	0.017	0.005	0.046	0.0069999999999999	0.021	0.008	0.021	0.008	0.009	0.008	0.008	0.02	0.042	0.009	0.016	0.101	0.006	0.012	0.025	0.0069999999999999	0.011	0.01	0.009	0.017	0.039	0.054	0.01	0.045	0.018	0.293	0.0139999999999999	0.018	0.008	0.021	0.009	0.026	0.005	0.051	0.012	0.0069999999999999	0.022
Pseudomonas sp. NS1(2017)	0.025	0.0569999999999999	0.172	0.003	0.0069999999999999	0.01	0.006	0.005	0.003	0.002	0.039	0.012	0.078	0.089	0.029	0.065	0.015	0.008	0.046	0.041	0.009	0.002	0.0689999999999999	0.003	0.003	0.022	0.024	0.01	0.003	0.126	0.029	0.034	0.022	0.026	0.027	0.002	0.002	0.005	0.003	0.052	0.006	0.0279999999999999	0.002	0.008	0.075	0.009	0.003	0.031	0.004	0.08	0.005	0.025	0.005	0.1139999999999999	0.049	0.027	0.022	0.032	0.005	0.009	0.044	0.062	0.005	0.005	0.004	0.004	0.003	0.016	0.004	0.009	0.006	0.003	0.025	0.037	0.003	0.068	0.011	0.0689999999999999	0.0069999999999999	0.003	0.018	0.002	0.033	0.002	0.025	0.018	0.004	0.0069999999999999	0.004	0.002	0.012	0.003	0.015	0.019	0.109	0.013	0.003	0.017	0.005	0.003	0.052	0.006	0.008	0.099	0.004
Rhizobium favelukesii	0.063	0.039	0.026	0.0559999999999999	0.2279999999999999	0.034	0.029	0.0279999999999999	0.0349999999999999	0.0559999999999999	0.125	0.029	0.09	0.031	0.058	0.154	0.024	0.0349999999999999	0.066	0.072	0.048	0.032	0.047	0.033	0.03	0.02	0.074	0.049	0.045	0.032	0.073	0.079	0.04	0.023	0.075	0.039	0.038	0.032	0.0279999999999999	0.093	0.036	0.061	0.043	0.038	0.0559999999999999	0.037	0.05	0.08	0.039	0.107	0.029	0.08	0.033	0.018	0.055	0.037	0.106	0.098	0.034	0.06	0.051	0.036	0.0349999999999999	0.078	0.0279999999999999	0.051	0.026	0.065	0.044	0.0689999999999999	0.03	0.0349999999999999	0.063	0.083	0.045	0.05	0.0279999999999999	0.078	0.027	0.027	0.078	0.032	0.0279999999999999	0.052	0.033	0.048	0.05	0.038	0.043	0.019	0.046	0.0349999999999999	0.024	0.142	0.09	0.0279999999999999	0.054	0.031	0.054	0.029	0.0569999999999999	0.033	0.082	0.045	0.0279999999999999
Plantactinospora sp. KBS50	0.032	0.018	0.021	0.094	0.0139999999999999	0.071	0.09	0.066	0.1149999999999999	0.098	0.016	0.053	0.012	0.012	0.013	0.031	0.06	0.059	0.026	0.023	0.031	0.128	0.016	0.096	0.084	0.0699999999999999	0.026	0.075	0.089	0.008	0.0349999999999999	0.0139999999999999	0.032	0.083	0.039	0.094	0.095	0.111	0.087	0.021	0.093	0.025	0.097	0.0689999999999999	0.018	0.046	0.094	0.025	0.054	0.027	0.071	0.026	0.082	0.013	0.021	0.03	0.022	0.025	0.04	0.041	0.013	0.0139999999999999	0.087	0.049	0.079	0.045	0.072	0.038	0.088	0.055	0.067	0.101	0.033	0.025	0.0849999999999999	0.01	0.068	0.019	0.072	0.074	0.0279999999999999	0.1149999999999999	0.013	0.076	0.041	0.049	0.052	0.067	0.072	0.037	0.071	0.09	0.052	0.031	0.0139999999999999	0.0349999999999999	0.086	0.058	0.039	0.096	0.023	0.09	0.038	0.013	0.055
Pseudomonas sp. CMR5c	0.03	0.067	0.149	0.005	0.011	0.0139999999999999	0.01	0.0069999999999999	0.006	0.005	0.053	0.015	0.1	0.111	0.039	0.064	0.024	0.012	0.055	0.0559999999999999	0.009	0.005	0.067	0.005	0.006	0.029	0.032	0.0139999999999999	0.005	0.078	0.03	0.034	0.032	0.036	0.025	0.005	0.005	0.009	0.005	0.065	0.008	0.045	0.0069999999999999	0.012	0.091	0.012	0.006	0.0349999999999999	0.0069999999999999	0.103	0.009	0.031	0.0069999999999999	0.125	0.066	0.031	0.03	0.044	0.0069999999999999	0.0139999999999999	0.054	0.105	0.008	0.0069999999999999	0.006	0.006	0.005	0.022	0.006	0.012	0.011	0.006	0.029	0.042	0.0069999999999999	0.063	0.013	0.076	0.008	0.005	0.027	0.005	0.047	0.004	0.032	0.026	0.0069999999999999	0.009	0.008	0.004	0.015	0.005	0.017	0.023	0.0809999999999999	0.021	0.0069999999999999	0.034	0.0069999999999999	0.005	0.06	0.01	0.01	0.082	0.006
Haliangium ochraceum	0.048	0.019	0.024	0.103	0.012	0.0689999999999999	0.093	0.052	0.077	0.1139999999999999	0.016	0.053	0.019	0.013	0.025	0.03	0.06	0.0689999999999999	0.037	0.03	0.077	0.089	0.02	0.059	0.05	0.045	0.027	0.061	0.08	0.0139999999999999	0.036	0.026	0.063	0.067	0.064	0.091	0.0809999999999999	0.086	0.06	0.016	0.077	0.0349999999999999	0.129	0.079	0.023	0.101	0.123	0.03	0.1399999999999999	0.032	0.109	0.032	0.076	0.02	0.026	0.04	0.0279999999999999	0.034	0.054	0.083	0.022	0.017	0.097	0.0809999999999999	0.083	0.072	0.0699999999999999	0.045	0.072	0.074	0.065	0.078	0.053	0.031	0.135	0.013	0.05	0.022	0.067	0.063	0.041	0.1	0.021	0.092	0.049	0.065	0.118	0.059	0.073	0.051	0.092	0.065	0.071	0.042	0.021	0.066	0.123	0.049	0.0559999999999999	0.073	0.033	0.068	0.046	0.016	0.063
Actinoplanes derwentensis	0.043	0.025	0.0349999999999999	0.095	0.025	0.074	0.098	0.068	0.1139999999999999	0.105	0.03	0.063	0.023	0.019	0.022	0.05	0.063	0.092	0.051	0.033	0.039	0.129	0.022	0.095	0.0809999999999999	0.074	0.045	0.082	0.101	0.012	0.0559999999999999	0.019	0.048	0.087	0.063	0.1139999999999999	0.1	0.108	0.09	0.04	0.103	0.037	0.102	0.103	0.024	0.048	0.099	0.038	0.0689999999999999	0.063	0.083	0.037	0.093	0.019	0.03	0.043	0.037	0.0349999999999999	0.051	0.05	0.021	0.03	0.095	0.063	0.088	0.055	0.079	0.062	0.089	0.073	0.0699999999999999	0.102	0.041	0.053	0.12	0.018	0.072	0.026	0.073	0.075	0.044	0.157	0.017	0.101	0.064	0.062	0.065	0.071	0.088	0.038	0.1	0.097	0.06	0.065	0.026	0.045	0.117	0.072	0.048	0.093	0.039	0.09	0.0559999999999999	0.021	0.073
Bradyrhizobiaceae bacterium SG-6C	0.078	0.03	0.036	0.169	0.017	0.096	0.089	0.0849999999999999	0.106	0.155	0.068	0.076	0.033	0.021	0.0569999999999999	0.059	0.083	0.087	0.055	0.0559999999999999	0.117	0.1119999999999999	0.045	0.103	0.095	0.058	0.051	0.095	0.101	0.025	0.072	0.034	0.064	0.073	0.094	0.111	0.103	0.11	0.094	0.064	0.095	0.054	0.16	0.079	0.037	0.084	0.157	0.059	0.106	0.062	0.071	0.05	0.098	0.02	0.047	0.0559999999999999	0.061	0.066	0.079	0.062	0.052	0.0349999999999999	0.097	0.1	0.101	0.08	0.086	0.08	0.109	0.097	0.1	0.094	0.074	0.11	0.131	0.06	0.077	0.043	0.076	0.08	0.061	0.101	0.084	0.145	0.063	0.077	0.097	0.08	0.084	0.059	0.111	0.1149999999999999	0.0689999999999999	0.124	0.044	0.062	0.109	0.0569999999999999	0.078	0.099	0.059	0.098	0.067	0.032	0.059
Stenotrophomonas sp. LM091	0.0139999999999999	0.005	0.009	0.011	0.006	0.0139999999999999	0.01	0.008	0.037	0.01	0.05	0.0069999999999999	0.01	0.105	0.01	0.01	0.008	0.009	0.009	0.008	0.012	0.01	0.013	0.008	0.0069999999999999	0.0139999999999999	0.0069999999999999	0.012	0.009	0.005	0.06	0.009	0.011	0.008	0.01	0.011	0.009	0.01	0.008	0.026	0.011	0.026	0.012	0.011	0.005	0.02	0.013	0.026	0.024	0.012	0.0139999999999999	0.017	0.009	0.022	0.013	0.008	0.031	0.025	0.012	0.038	0.016	0.01	0.0139999999999999	0.034	0.01	0.1149999999999999	0.009	0.012	0.01	0.019	0.01	0.009	0.011	0.04	0.018	0.0069999999999999	0.0069999999999999	0.0139999999999999	0.009	0.0069999999999999	0.27	0.011	0.078	0.01	0.01	0.012	0.027	0.008	0.011	0.0069999999999999	0.023	0.009	0.008	0.031	0.055	0.011	0.016	0.0069999999999999	0.0139999999999999	0.009	0.011	0.01	0.019	0.018	0.011
Pseudomonas versuta	0.026	0.063	0.126	0.003	0.0069999999999999	0.012	0.009	0.006	0.003	0.003	0.041	0.0139999999999999	0.096	0.091	0.039	0.058	0.019	0.01	0.048	0.0569999999999999	0.008	0.003	0.062	0.003	0.004	0.027	0.029	0.013	0.003	0.079	0.027	0.103	0.03	0.034	0.02	0.003	0.003	0.0069999999999999	0.003	0.066	0.0069999999999999	0.029	0.003	0.011	0.087	0.009	0.003	0.034	0.005	0.096	0.0069999999999999	0.033	0.006	0.127	0.062	0.026	0.026	0.042	0.005	0.01	0.058	0.102	0.006	0.005	0.004	0.003	0.003	0.021	0.004	0.009	0.008	0.003	0.027	0.04	0.004	0.0559999999999999	0.0139999999999999	0.077	0.0069999999999999	0.003	0.019	0.003	0.039	0.002	0.031	0.023	0.004	0.008	0.005	0.003	0.011	0.004	0.018	0.021	0.084	0.0139999999999999	0.004	0.031	0.004	0.003	0.047	0.008	0.009	0.0689999999999999	0.005
Pseudomonas sp. HLS-6	0.03	0.064	0.152	0.004	0.008	0.017	0.01	0.006	0.004	0.004	0.043	0.011	0.099	0.083	0.058	0.053	0.023	0.013	0.048	0.061	0.01	0.004	0.076	0.004	0.006	0.026	0.037	0.0139999999999999	0.005	0.063	0.0279999999999999	0.036	0.027	0.038	0.022	0.004	0.004	0.0069999999999999	0.005	0.064	0.008	0.03	0.004	0.013	0.089	0.011	0.005	0.043	0.006	0.108	0.009	0.029	0.0069999999999999	0.122	0.066	0.023	0.032	0.039	0.0069999999999999	0.012	0.06	0.116	0.008	0.005	0.005	0.005	0.005	0.022	0.005	0.012	0.011	0.005	0.03	0.041	0.005	0.055	0.018	0.0809999999999999	0.008	0.005	0.02	0.004	0.039	0.003	0.03	0.0279999999999999	0.006	0.01	0.006	0.003	0.0139999999999999	0.005	0.023	0.021	0.067	0.015	0.006	0.042	0.006	0.004	0.046	0.011	0.01	0.073	0.0069999999999999
Pseudomonas sp. 02C 26	0.043	0.059	0.1389999999999999	0.006	0.0069999999999999	0.012	0.008	0.0069999999999999	0.006	0.006	0.044	0.012	0.095	0.103	0.033	0.073	0.0139999999999999	0.01	0.049	0.052	0.009	0.006	0.068	0.005	0.006	0.022	0.032	0.01	0.005	0.0809999999999999	0.0279999999999999	0.032	0.025	0.023	0.018	0.006	0.006	0.008	0.005	0.062	0.008	0.032	0.006	0.012	0.0809999999999999	0.01	0.0069999999999999	0.04	0.009	0.104	0.009	0.029	0.0069999999999999	0.117	0.06	0.023	0.118	0.038	0.0069999999999999	0.01	0.051	0.105	0.0069999999999999	0.0069999999999999	0.005	0.0069999999999999	0.006	0.022	0.006	0.01	0.008	0.005	0.024	0.036	0.008	0.055	0.01	0.0699999999999999	0.0069999999999999	0.006	0.021	0.005	0.03	0.005	0.032	0.024	0.008	0.0069999999999999	0.0069999999999999	0.004	0.011	0.006	0.012	0.022	0.066	0.013	0.008	0.039	0.0069999999999999	0.005	0.044	0.01	0.01	0.064	0.009
Pseudarthrobacter phenanthrenivorans	0.066	0.004	0.005	0.017	0.0069999999999999	0.041	0.034	0.013	0.025	0.019	0.005	0.013	0.003	0.01	0.003	0.011	0.096	0.02	0.009	0.0069999999999999	0.023	0.058	0.015	0.02	0.016	0.025	0.0069999999999999	0.0689999999999999	0.05	0.0069999999999999	0.03	0.011	0.019	0.029	0.024	0.019	0.017	0.037	0.02	0.01	0.0279999999999999	0.009	0.023	0.049	0.006	0.067	0.022	0.0139999999999999	0.04	0.006	0.164	0.01	0.018	0.004	0.006	0.012	0.018	0.011	0.044	0.06	0.003	0.005	0.066	0.046	0.193	0.039	0.071	0.025	0.016	0.083	0.025	0.033	0.011	0.017	0.02	0.003	0.015	0.009	0.02	0.0139999999999999	0.04	0.024	0.003	0.022	0.01	0.019	0.0349999999999999	0.016	0.024	0.047	0.0699999999999999	0.036	0.013	0.0139999999999999	0.0139999999999999	0.051	0.027	0.018	0.0559999999999999	0.022	0.006	0.076	0.108	0.02	0.018
Pseudomonas sp. LG1D9	0.03	0.0689999999999999	0.127	0.003	0.009	0.012	0.0069999999999999	0.006	0.003	0.003	0.046	0.0139999999999999	0.099	0.108	0.041	0.065	0.022	0.011	0.054	0.051	0.011	0.003	0.073	0.003	0.004	0.036	0.029	0.016	0.003	0.0809999999999999	0.026	0.037	0.034	0.036	0.023	0.003	0.003	0.006	0.003	0.06	0.0069999999999999	0.032	0.003	0.011	0.087	0.011	0.003	0.034	0.004	0.096	0.0069999999999999	0.029	0.006	0.125	0.063	0.036	0.029	0.039	0.006	0.0139999999999999	0.055	0.076	0.006	0.005	0.004	0.004	0.004	0.019	0.004	0.011	0.008	0.003	0.03	0.045	0.003	0.058	0.012	0.087	0.01	0.004	0.02	0.002	0.045	0.002	0.0279999999999999	0.022	0.004	0.008	0.006	0.003	0.013	0.004	0.018	0.0279999999999999	0.0849999999999999	0.018	0.004	0.027	0.005	0.003	0.0689999999999999	0.0069999999999999	0.011	0.082	0.005
Sphingobium chlorophenolicum	0.027	0.005	0.006	0.0139999999999999	0.01	0.011	0.011	0.008	0.011	0.0139999999999999	0.024	0.008	0.012	0.021	0.01	0.0139999999999999	0.008	0.0069999999999999	0.009	0.009	0.026	0.011	0.01	0.01	0.01	0.0069999999999999	0.013	0.012	0.011	0.008	0.016	0.018	0.011	0.008	0.013	0.011	0.012	0.011	0.009	0.012	0.011	0.012	0.013	0.01	0.018	0.019	0.015	0.016	0.023	0.03	0.012	0.011	0.01	0.004	0.0069999999999999	0.0069999999999999	0.18	0.018	0.016	0.0139999999999999	0.022	0.0139999999999999	0.013	0.024	0.009	0.2239999999999999	0.009	0.024	0.012	0.012	0.011	0.01	0.015	0.053	0.017	0.027	0.009	0.009	0.009	0.009	0.153	0.012	0.008	0.0139999999999999	0.011	0.011	0.0279999999999999	0.008	0.011	0.0069999999999999	0.013	0.011	0.008	0.04	0.029	0.0139999999999999	0.016	0.008	0.023	0.01	0.0139999999999999	0.011	0.012	0.027	0.009
Xanthomonas euvesicatoria	0.084	0.0139999999999999	0.04	0.072	0.039	0.075	0.049	0.048	0.071	0.08	0.049	0.044	0.038	0.038	0.043	0.058	0.053	0.076	0.046	0.036	0.076	0.074	0.054	0.051	0.04	0.032	0.041	0.0569999999999999	0.067	0.032	0.051	0.053	0.045	0.049	0.04	0.064	0.041	0.075	0.0349999999999999	0.082	0.065	0.062	0.094	0.048	0.043	0.11	0.082	0.034	0.152	0.061	0.076	0.042	0.067	0.0349999999999999	0.048	0.05	0.044	0.067	0.083	0.221	0.066	0.067	0.094	0.092	0.055	0.131	0.074	0.047	0.052	0.079	0.073	0.0689999999999999	0.082	0.071	0.1119999999999999	0.022	0.022	0.068	0.063	0.053	0.1399999999999999	0.071	0.036	0.054	0.049	0.04	0.159	0.05	0.063	0.066	0.075	0.062	0.05	0.09	0.046	0.077	0.1139999999999999	0.054	0.074	0.064	0.047	0.021	0.053	0.038	0.0559999999999999
Streptomyces clavuligerus	0.03	0.012	0.016	0.06	0.067	0.064	0.0689999999999999	0.046	0.0689999999999999	0.055	0.026	0.048	0.012	0.015	0.009	0.032	0.077	0.107	0.023	0.022	0.018	0.092	0.016	0.096	0.078	0.043	0.036	0.089	0.101	0.006	0.031	0.021	0.051	0.047	0.026	0.087	0.071	0.079	0.053	0.013	0.0849999999999999	0.038	0.0559999999999999	0.096	0.015	0.033	0.062	0.023	0.0279999999999999	0.015	0.053	0.0349999999999999	0.089	0.0069999999999999	0.018	0.046	0.025	0.02	0.091	0.06	0.009	0.008	0.053	0.032	0.074	0.024	0.042	0.031	0.078	0.034	0.071	0.106	0.02	0.027	0.045	0.0139999999999999	0.063	0.022	0.128	0.076	0.03	0.06	0.01	0.055	0.025	0.031	0.027	0.104	0.097	0.026	0.043	0.073	0.064	0.025	0.013	0.025	0.051	0.1149999999999999	0.033	0.073	0.025	0.075	0.061	0.022	0.109
Caulobacter mirabilis	0.096	0.018	0.0349999999999999	0.075	0.029	0.0689999999999999	0.065	0.055	0.062	0.068	0.1389999999999999	0.042	0.036	0.022	0.031	0.066	0.053	0.037	0.039	0.042	0.156	0.061	0.0279999999999999	0.065	0.058	0.036	0.045	0.059	0.061	0.0349999999999999	0.067	0.121	0.051	0.041	0.066	0.053	0.0559999999999999	0.0689999999999999	0.048	0.073	0.0569999999999999	0.046	0.0689999999999999	0.045	0.047	0.092	0.086	0.086	0.1129999999999999	0.059	0.079	0.049	0.048	0.021	0.036	0.038	0.068	0.058	0.074	0.075	0.0689999999999999	0.082	0.073	0.102	0.055	0.107	0.064	0.172	0.072	0.049	0.074	0.065	0.047	0.1149999999999999	0.097	0.049	0.048	0.026	0.061	0.063	0.0699999999999999	0.066	0.042	0.066	0.052	0.06	0.133	0.045	0.0569999999999999	0.051	0.067	0.065	0.044	0.179	0.067	0.101	0.101	0.034	0.108	0.075	0.038	0.097	0.05	0.044	0.047
Sphingobium cloacae	0.034	0.006	0.0069999999999999	0.024	0.01	0.0139999999999999	0.013	0.011	0.013	0.023	0.0279999999999999	0.01	0.0139999999999999	0.029	0.012	0.018	0.01	0.009	0.011	0.012	0.037	0.013	0.012	0.011	0.012	0.008	0.015	0.0139999999999999	0.013	0.01	0.02	0.022	0.015	0.009	0.016	0.013	0.0139999999999999	0.0139999999999999	0.01	0.0139999999999999	0.013	0.012	0.018	0.012	0.021	0.026	0.023	0.02	0.0349999999999999	0.0349999999999999	0.015	0.012	0.012	0.005	0.01	0.01	0.176	0.024	0.022	0.019	0.033	0.019	0.018	0.031	0.012	0.215	0.012	0.032	0.0139999999999999	0.017	0.013	0.012	0.018	0.082	0.022	0.037	0.01	0.012	0.011	0.011	0.156	0.015	0.01	0.02	0.0139999999999999	0.015	0.039	0.01	0.0139999999999999	0.01	0.017	0.012	0.011	0.05	0.037	0.018	0.021	0.01	0.03	0.012	0.019	0.0139999999999999	0.016	0.032	0.012
Sphingomonas wittichii	0.119	0.024	0.027	0.06	0.042	0.05	0.045	0.038	0.051	0.064	0.091	0.034	0.039	0.0279999999999999	0.036	0.065	0.034	0.032	0.046	0.041	0.152	0.048	0.036	0.041	0.043	0.032	0.051	0.053	0.045	0.032	0.058	0.071	0.041	0.032	0.063	0.045	0.053	0.046	0.0349999999999999	0.059	0.046	0.044	0.065	0.041	0.04	0.086	0.066	0.074	0.1369999999999999	0.052	0.053	0.048	0.043	0.017	0.038	0.038	0.109	0.062	0.086	0.062	0.047	0.052	0.059	0.106	0.04	0.175	0.039	0.12	0.055	0.058	0.049	0.044	0.063	0.093	0.078	0.055	0.038	0.041	0.039	0.04	0.11	0.0559999999999999	0.032	0.0809999999999999	0.053	0.05	0.151	0.036	0.053	0.031	0.0559999999999999	0.046	0.036	0.148	0.05	0.073	0.076	0.037	0.1129999999999999	0.047	0.039	0.051	0.044	0.05	0.039
Amycolatopsis albispora	0.034	0.017	0.024	0.095	0.016	0.072	0.0849999999999999	0.066	0.1119999999999999	0.092	0.016	0.054	0.012	0.0139999999999999	0.0139999999999999	0.034	0.0559999999999999	0.052	0.029	0.024	0.034	0.1149999999999999	0.019	0.098	0.084	0.072	0.026	0.076	0.08	0.009	0.036	0.018	0.027	0.078	0.042	0.086	0.099	0.106	0.08	0.018	0.089	0.0279999999999999	0.095	0.048	0.019	0.047	0.094	0.025	0.062	0.022	0.073	0.023	0.08	0.0139999999999999	0.021	0.032	0.024	0.027	0.044	0.039	0.015	0.018	0.079	0.052	0.071	0.049	0.066	0.036	0.097	0.055	0.071	0.095	0.034	0.021	0.087	0.011	0.0689999999999999	0.02	0.063	0.078	0.029	0.1119999999999999	0.016	0.089	0.044	0.049	0.0559999999999999	0.064	0.065	0.033	0.064	0.089	0.05	0.031	0.015	0.033	0.089	0.063	0.041	0.093	0.022	0.094	0.044	0.016	0.06
Streptomyces lavendulae	0.032	0.0139999999999999	0.016	0.0559999999999999	0.071	0.061	0.065	0.042	0.065	0.053	0.0279999999999999	0.047	0.013	0.015	0.01	0.034	0.076	0.109	0.025	0.024	0.021	0.0849999999999999	0.017	0.086	0.0699999999999999	0.039	0.04	0.084	0.111	0.0069999999999999	0.034	0.023	0.053	0.046	0.038	0.084	0.0699999999999999	0.071	0.049	0.015	0.078	0.039	0.051	0.102	0.016	0.052	0.06	0.029	0.03	0.016	0.0569999999999999	0.038	0.086	0.0069999999999999	0.019	0.049	0.0279999999999999	0.021	0.11	0.127	0.009	0.008	0.058	0.04	0.078	0.042	0.042	0.039	0.071	0.038	0.064	0.103	0.023	0.029	0.044	0.015	0.0569999999999999	0.023	0.135	0.0699999999999999	0.031	0.0569999999999999	0.01	0.06	0.027	0.0349999999999999	0.0569999999999999	0.094	0.098	0.0279999999999999	0.046	0.068	0.062	0.029	0.016	0.0349999999999999	0.049	0.1149999999999999	0.049	0.066	0.027	0.0689999999999999	0.067	0.022	0.109
Azospirillum brasilense	0.074	0.031	0.041	0.1389999999999999	0.034	0.079	0.098	0.067	0.101	0.129	0.046	0.065	0.036	0.026	0.041	0.06	0.077	0.0699999999999999	0.053	0.049	0.111	0.109	0.04	0.08	0.072	0.054	0.046	0.074	0.096	0.025	0.061	0.044	0.0559999999999999	0.072	0.08	0.104	0.097	0.11	0.0809999999999999	0.042	0.086	0.05	0.134	0.08	0.037	0.105	0.141	0.058	0.151	0.046	0.106	0.052	0.084	0.029	0.045	0.052	0.052	0.059	0.084	0.087	0.042	0.034	0.106	0.1119999999999999	0.082	0.104	0.084	0.076	0.097	0.102	0.078	0.089	0.071	0.058	0.146	0.032	0.063	0.04	0.077	0.077	0.068	0.1	0.038	0.1149999999999999	0.071	0.0849999999999999	0.145	0.066	0.079	0.074	0.094	0.089	0.075	0.075	0.048	0.082	0.136	0.059	0.089	0.091	0.047	0.092	0.062	0.04	0.0689999999999999
Anaeromyxobacter dehalogenans	0.047	0.016	0.023	0.091	0.013	0.059	0.0849999999999999	0.047	0.077	0.107	0.012	0.047	0.0139999999999999	0.013	0.016	0.029	0.055	0.058	0.025	0.0279999999999999	0.071	0.084	0.021	0.0559999999999999	0.047	0.041	0.023	0.0569999999999999	0.072	0.012	0.033	0.018	0.04	0.061	0.049	0.079	0.071	0.084	0.055	0.013	0.067	0.03	0.118	0.066	0.022	0.102	0.101	0.029	0.133	0.021	0.095	0.03	0.066	0.02	0.0279999999999999	0.036	0.026	0.029	0.0569999999999999	0.0809999999999999	0.016	0.011	0.094	0.084	0.077	0.077	0.066	0.037	0.065	0.078	0.0569999999999999	0.087	0.051	0.02	0.124	0.009	0.044	0.023	0.065	0.055	0.039	0.092	0.017	0.086	0.042	0.065	0.119	0.05	0.064	0.0569999999999999	0.0809999999999999	0.06	0.06	0.0279999999999999	0.016	0.063	0.11	0.048	0.062	0.068	0.025	0.064	0.047	0.016	0.0569999999999999
Chryseobacterium indoltheticum	0.003	0.0	0.001	0.0	0.0	0.001	0.002	0.001	0.001	0.001	0.013	0.001	0.0	0.079	0.0	0.005	0.001	0.001	0.004	0.0	0.001	0.001	0.006	0.001	0.001	0.001	0.0	0.001	0.001	0.025	0.001	0.0	0.001	0.001	0.005	0.001	0.001	0.001	0.001	0.027	0.001	0.0	0.0	0.001	0.0	0.001	0.0	0.005	0.002	0.013	0.002	0.003	0.001	0.0	0.039	0.0	0.0569999999999999	0.0	0.001	0.001	0.0	0.001	0.001	0.001	0.001	0.267	0.0	0.001	0.001	0.002	0.001	0.001	0.003	0.013	0.001	0.0	0.001	0.003	0.008	0.001	0.0689999999999999	0.001	0.004	0.001	0.005	0.001	0.002	0.001	0.001	0.001	0.004	0.001	0.001	0.084	0.032	0.001	0.002	0.001	0.001	0.001	0.0	0.001	0.001	0.002	0.001
Nocardiopsis gilva	0.019	0.0069999999999999	0.011	0.0809999999999999	0.008	0.061	0.075	0.062	0.1	0.068	0.006	0.044	0.005	0.0069999999999999	0.006	0.016	0.05	0.034	0.011	0.012	0.018	0.107	0.009	0.088	0.076	0.065	0.011	0.063	0.066	0.004	0.018	0.008	0.016	0.075	0.019	0.074	0.086	0.106	0.077	0.0069999999999999	0.078	0.012	0.082	0.032	0.01	0.027	0.078	0.012	0.034	0.009	0.054	0.012	0.065	0.0069999999999999	0.012	0.017	0.011	0.013	0.025	0.023	0.006	0.006	0.058	0.0279999999999999	0.053	0.027	0.0559999999999999	0.016	0.082	0.03	0.059	0.087	0.019	0.009	0.061	0.005	0.061	0.01	0.047	0.068	0.015	0.082	0.0069999999999999	0.044	0.021	0.027	0.03	0.054	0.044	0.027	0.046	0.0809999999999999	0.039	0.013	0.006	0.019	0.0569999999999999	0.045	0.022	0.091	0.011	0.0849999999999999	0.025	0.0069999999999999	0.041
Gemmata obscuriglobus	0.037	0.017	0.024	0.126	0.008	0.064	0.09	0.047	0.092	0.132	0.012	0.052	0.015	0.011	0.02	0.038	0.062	0.05	0.031	0.027	0.066	0.092	0.017	0.055	0.047	0.044	0.024	0.0559999999999999	0.077	0.012	0.0349999999999999	0.015	0.032	0.053	0.051	0.086	0.078	0.079	0.06	0.022	0.066	0.024	0.153	0.053	0.019	0.063	0.1149999999999999	0.0279999999999999	0.103	0.024	0.097	0.024	0.066	0.017	0.027	0.038	0.0279999999999999	0.029	0.0569999999999999	0.055	0.016	0.016	0.074	0.073	0.061	0.0569999999999999	0.054	0.04	0.083	0.06	0.054	0.071	0.039	0.025	0.101	0.011	0.048	0.019	0.06	0.063	0.03	0.082	0.0139999999999999	0.106	0.05	0.051	0.088	0.05	0.051	0.036	0.065	0.064	0.0569999999999999	0.04	0.018	0.052	0.095	0.047	0.052	0.072	0.025	0.067	0.036	0.017	0.0559999999999999
Streptomyces sp. CCM_MD2014	0.025	0.012	0.013	0.0349999999999999	0.096	0.052	0.048	0.031	0.047	0.036	0.037	0.042	0.0139999999999999	0.013	0.01	0.038	0.055	0.107	0.0279999999999999	0.022	0.0139999999999999	0.06	0.015	0.068	0.05	0.027	0.044	0.08	0.109	0.006	0.031	0.027	0.0569999999999999	0.037	0.027	0.0689999999999999	0.064	0.053	0.0349999999999999	0.015	0.071	0.043	0.0349999999999999	0.101	0.0139999999999999	0.0279999999999999	0.042	0.025	0.017	0.0139999999999999	0.044	0.036	0.083	0.005	0.018	0.05	0.029	0.019	0.105	0.06	0.0069999999999999	0.006	0.049	0.0279999999999999	0.0699999999999999	0.018	0.03	0.0349999999999999	0.0559999999999999	0.027	0.046	0.102	0.016	0.0279999999999999	0.029	0.016	0.048	0.022	0.144	0.053	0.0279999999999999	0.039	0.009	0.046	0.023	0.024	0.017	0.073	0.097	0.023	0.037	0.061	0.06	0.029	0.016	0.024	0.038	0.116	0.033	0.044	0.027	0.048	0.078	0.024	0.143
Bordetella pertussis	0.096	0.045	0.053	0.11	0.072	0.075	0.088	0.061	0.092	0.11	0.048	0.06	0.05	0.027	0.052	0.049	0.076	0.072	0.051	0.062	0.11	0.101	0.068	0.075	0.072	0.061	0.052	0.066	0.083	0.027	0.062	0.071	0.067	0.0699999999999999	0.09	0.088	0.0809999999999999	0.098	0.0699999999999999	0.049	0.083	0.059	0.1129999999999999	0.091	0.034	0.13	0.108	0.076	0.191	0.043	0.13	0.089	0.084	0.036	0.065	0.058	0.059	0.076	0.097	0.108	0.053	0.041	0.103	0.128	0.0809999999999999	0.111	0.091	0.0849999999999999	0.095	0.116	0.075	0.086	0.097	0.052	0.1399999999999999	0.045	0.059	0.064	0.0689999999999999	0.0699999999999999	0.083	0.098	0.045	0.08	0.09	0.098	0.1949999999999999	0.074	0.074	0.077	0.102	0.076	0.09	0.073	0.054	0.117	0.1399999999999999	0.0559999999999999	0.1149999999999999	0.0849999999999999	0.053	0.09	0.083	0.045	0.066
Streptomyces sp. Mg1	0.03	0.011	0.015	0.055	0.058	0.062	0.065	0.041	0.066	0.053	0.024	0.047	0.011	0.013	0.009	0.032	0.076	0.101	0.021	0.021	0.02	0.086	0.016	0.084	0.067	0.04	0.033	0.0849999999999999	0.107	0.006	0.031	0.02	0.047	0.048	0.029	0.084	0.0699999999999999	0.072	0.049	0.012	0.078	0.034	0.053	0.0849999999999999	0.016	0.047	0.059	0.022	0.034	0.0139999999999999	0.0569999999999999	0.031	0.0849999999999999	0.0069999999999999	0.017	0.046	0.025	0.019	0.092	0.104	0.008	0.0069999999999999	0.0569999999999999	0.036	0.077	0.032	0.042	0.031	0.0699999999999999	0.037	0.064	0.108	0.02	0.026	0.042	0.013	0.0569999999999999	0.02	0.1399999999999999	0.0689999999999999	0.027	0.055	0.008	0.049	0.026	0.034	0.055	0.092	0.095	0.026	0.045	0.071	0.058	0.025	0.013	0.031	0.046	0.111	0.038	0.065	0.023	0.068	0.062	0.019	0.101
Streptomyces sp. SCSIO 03032	0.0279999999999999	0.011	0.016	0.077	0.034	0.068	0.076	0.053	0.086	0.067	0.016	0.049	0.009	0.012	0.009	0.026	0.075	0.066	0.019	0.019	0.022	0.104	0.0139999999999999	0.103	0.086	0.053	0.023	0.086	0.087	0.006	0.027	0.015	0.034	0.0559999999999999	0.027	0.092	0.0809999999999999	0.091	0.063	0.011	0.0849999999999999	0.025	0.071	0.065	0.013	0.0349999999999999	0.075	0.018	0.038	0.0139999999999999	0.06	0.026	0.087	0.009	0.017	0.033	0.021	0.018	0.062	0.04	0.009	0.008	0.06	0.036	0.0699999999999999	0.031	0.052	0.025	0.087	0.038	0.075	0.1	0.021	0.02	0.059	0.01	0.066	0.017	0.097	0.0809999999999999	0.024	0.078	0.009	0.062	0.027	0.0349999999999999	0.036	0.104	0.075	0.027	0.048	0.079	0.055	0.022	0.011	0.025	0.061	0.076	0.032	0.084	0.018	0.082	0.045	0.016	0.073
Friedmanniella luteola	0.053	0.017	0.026	0.084	0.012	0.0559999999999999	0.071	0.047	0.097	0.107	0.012	0.052	0.013	0.022	0.012	0.061	0.047	0.054	0.034	0.03	0.039	0.099	0.0279999999999999	0.074	0.062	0.082	0.029	0.067	0.077	0.012	0.066	0.015	0.022	0.066	0.044	0.074	0.071	0.082	0.065	0.023	0.077	0.03	0.1149999999999999	0.044	0.027	0.051	0.082	0.032	0.125	0.025	0.0689999999999999	0.029	0.061	0.02	0.0279999999999999	0.042	0.031	0.043	0.071	0.044	0.015	0.021	0.091	0.092	0.074	0.084	0.0699999999999999	0.052	0.068	0.1	0.051	0.078	0.038	0.02	0.099	0.01	0.052	0.0279999999999999	0.049	0.055	0.042	0.1389999999999999	0.015	0.119	0.065	0.086	0.101	0.045	0.062	0.026	0.068	0.073	0.04	0.036	0.018	0.037	0.106	0.0559999999999999	0.064	0.068	0.03	0.079	0.045	0.02	0.0569999999999999
Sphingomonas sp. LM7	0.159	0.015	0.017	0.0279999999999999	0.045	0.032	0.021	0.019	0.023	0.03	0.117	0.019	0.024	0.074	0.023	0.043	0.016	0.016	0.043	0.026	0.093	0.022	0.048	0.021	0.026	0.017	0.048	0.04	0.025	0.019	0.061	0.058	0.0279999999999999	0.0139999999999999	0.037	0.021	0.027	0.02	0.016	0.052	0.024	0.036	0.0279999999999999	0.022	0.027	0.0569999999999999	0.027	0.061	0.0699999999999999	0.033	0.026	0.044	0.022	0.009	0.024	0.022	0.09	0.055	0.051	0.067	0.031	0.043	0.031	0.094	0.02	0.147	0.018	0.105	0.029	0.031	0.027	0.021	0.04	0.0699999999999999	0.039	0.053	0.022	0.032	0.021	0.019	0.076	0.031	0.022	0.041	0.036	0.025	0.074	0.018	0.031	0.0139999999999999	0.031	0.024	0.02	0.147	0.031	0.044	0.037	0.017	0.083	0.022	0.033	0.023	0.03	0.087	0.019
Cupriavidus pauculus	0.071	0.041	0.043	0.034	0.055	0.034	0.0349999999999999	0.031	0.034	0.034	0.037	0.0279999999999999	0.041	0.016	0.037	0.034	0.031	0.029	0.075	0.132	0.098	0.033	0.09	0.026	0.03	0.027	0.039	0.027	0.0279999999999999	0.023	0.058	0.0569999999999999	0.03	0.027	0.072	0.032	0.032	0.031	0.03	0.05	0.029	0.0569999999999999	0.036	0.043	0.031	0.0569999999999999	0.036	0.101	0.0689999999999999	0.04	0.051	0.055	0.03	0.041	0.123	0.058	0.055	0.157	0.122	0.0559999999999999	0.051	0.037	0.039	0.0569999999999999	0.033	0.044	0.047	0.052	0.033	0.089	0.033	0.0279999999999999	0.084	0.033	0.05	0.061	0.026	0.084	0.027	0.031	0.052	0.031	0.05	0.03	0.176	0.076	0.075	0.044	0.032	0.04	0.039	0.03	0.047	0.043	0.131	0.088	0.049	0.025	0.083	0.032	0.048	0.037	0.044	0.036	0.03
Clostridium beijerinckii	0.0569999999999999	0.012	0.032	0.005	0.001	0.005	0.0069999999999999	0.0139999999999999	0.011	0.019	0.001	0.0069999999999999	0.0069999999999999	0.076	0.008	0.103	0.004	0.004	0.0569999999999999	0.021	0.005	0.012	0.074	0.0069999999999999	0.0139999999999999	0.105	0.0139999999999999	0.006	0.02	0.1129999999999999	0.004	0.001	0.005	0.02	0.016	0.059	0.038	0.008	0.006	0.001	0.008	0.004	0.004	0.011	0.045	0.0069999999999999	0.006	0.0069999999999999	0.008	0.002	0.004	0.003	0.015	0.142	0.021	0.026	0.003	0.004	0.004	0.0069999999999999	0.001	0.001	0.013	0.012	0.015	0.018	0.0069999999999999	0.004	0.005	0.011	0.004	0.015	0.004	0.001	0.0139999999999999	0.001	0.004	0.037	0.015	0.004	0.038	0.145	0.1	0.0069999999999999	0.008	0.005	0.009	0.006	0.01	0.006	0.009	0.004	0.0069999999999999	0.002	0.016	0.006	0.01	0.039	0.005	0.022	0.002	0.004	0.006	0.002	0.005
Sphingopyxis terrae	0.102	0.017	0.019	0.053	0.033	0.041	0.036	0.031	0.04	0.0559999999999999	0.099	0.029	0.029	0.027	0.024	0.048	0.029	0.029	0.033	0.03	0.1379999999999999	0.04	0.026	0.032	0.034	0.025	0.038	0.043	0.038	0.032	0.047	0.047	0.0349999999999999	0.027	0.046	0.037	0.042	0.038	0.029	0.041	0.038	0.032	0.053	0.0349999999999999	0.029	0.078	0.059	0.058	0.1149999999999999	0.034	0.045	0.036	0.0349999999999999	0.0139999999999999	0.024	0.027	0.097	0.047	0.0689999999999999	0.053	0.029	0.0349999999999999	0.053	0.083	0.036	0.176	0.037	0.157	0.043	0.045	0.04	0.0349999999999999	0.047	0.064	0.068	0.0349999999999999	0.029	0.026	0.037	0.031	0.087	0.047	0.024	0.062	0.054	0.039	0.135	0.0279999999999999	0.045	0.027	0.046	0.037	0.03	0.105	0.043	0.06	0.063	0.029	0.097	0.039	0.0279999999999999	0.041	0.046	0.048	0.034
Streptomyces katrae	0.0279999999999999	0.012	0.0139999999999999	0.054	0.066	0.061	0.065	0.042	0.063	0.05	0.025	0.044	0.012	0.013	0.009	0.033	0.075	0.101	0.023	0.022	0.018	0.086	0.016	0.091	0.073	0.039	0.036	0.084	0.096	0.006	0.03	0.021	0.051	0.042	0.031	0.079	0.066	0.074	0.048	0.0139999999999999	0.079	0.0349999999999999	0.046	0.094	0.0139999999999999	0.045	0.0559999999999999	0.025	0.027	0.015	0.051	0.033	0.083	0.0069999999999999	0.018	0.046	0.026	0.02	0.111	0.1119999999999999	0.008	0.0069999999999999	0.051	0.037	0.071	0.031	0.039	0.051	0.071	0.034	0.0699999999999999	0.095	0.019	0.026	0.04	0.013	0.059	0.021	0.123	0.072	0.027	0.053	0.009	0.059	0.024	0.031	0.047	0.099	0.088	0.025	0.041	0.067	0.062	0.025	0.0139999999999999	0.033	0.044	0.109	0.042	0.0689999999999999	0.023	0.0699999999999999	0.058	0.019	0.097
Streptomyces virus Amela	0.044	0.037	0.0	0.0	0.0	0.0	0.0	0.0	0.0	0.0	0.025	0.0	0.002	0.003	0.001	0.02	0.0	0.003	0.025	0.0349999999999999	0.002	0.0	0.055	0.0	0.0	0.0	0.041	0.0	0.0	0.001	0.045	0.001	0.016	0.0	0.074	0.0	0.0	0.0	0.0	0.096	0.0	0.022	0.0	0.004	0.094	0.021	0.0	0.087	0.0	0.002	0.0	0.047	0.0	0.001	0.0069999999999999	0.024	0.052	0.02	0.038	0.068	0.001	0.0	0.0	0.082	0.0	0.086	0.0	0.1129999999999999	0.0	0.086	0.0	0.0	0.037	0.036	0.0	0.021	0.0	0.0349999999999999	0.0	0.0	0.0689999999999999	0.0	0.021	0.0	0.008	0.044	0.0	0.001	0.004	0.0	0.0	0.0	0.0	0.03	0.011	0.013	0.0	0.003	0.0849999999999999	0.0	0.008	0.0	0.068	0.073	0.0
Terriglobus roseus	0.05	0.0069999999999999	0.033	0.063	0.012	0.067	0.06	0.0569999999999999	0.066	0.061	0.03	0.042	0.012	0.006	0.0349999999999999	0.0279999999999999	0.066	0.0349999999999999	0.0279999999999999	0.019	0.058	0.073	0.032	0.077	0.072	0.047	0.037	0.075	0.0689999999999999	0.0069999999999999	0.041	0.039	0.039	0.039	0.0279999999999999	0.083	0.059	0.097	0.076	0.051	0.075	0.019	0.058	0.065	0.013	0.051	0.071	0.019	0.045	0.0139999999999999	0.08	0.033	0.06	0.008	0.018	0.017	0.017	0.017	0.0279999999999999	0.041	0.027	0.053	0.0809999999999999	0.031	0.078	0.033	0.089	0.064	0.0689999999999999	0.026	0.087	0.062	0.026	0.019	0.071	0.019	0.074	0.0279999999999999	0.0809999999999999	0.0569999999999999	0.045	0.045	0.0139999999999999	0.038	0.02	0.034	0.05	0.063	0.052	0.082	0.064	0.096	0.0569999999999999	0.204	0.02	0.039	0.068	0.039	0.034	0.082	0.018	0.105	0.031	0.0139999999999999	0.061
Sphingomonas indica	0.083	0.015	0.013	0.027	0.022	0.023	0.02	0.017	0.021	0.029	0.048	0.016	0.02	0.0139999999999999	0.018	0.047	0.016	0.017	0.0279999999999999	0.03	0.157	0.022	0.021	0.018	0.019	0.015	0.032	0.026	0.021	0.019	0.038	0.034	0.021	0.0139999999999999	0.042	0.02	0.021	0.021	0.015	0.033	0.022	0.025	0.031	0.021	0.021	0.076	0.032	0.049	0.147	0.03	0.026	0.027	0.018	0.01	0.019	0.023	0.054	0.044	0.076	0.046	0.02	0.024	0.036	0.0849999999999999	0.022	0.145	0.022	0.079	0.022	0.04	0.023	0.02	0.042	0.039	0.043	0.024	0.016	0.021	0.016	0.016	0.06	0.0279999999999999	0.02	0.064	0.032	0.03	0.134	0.015	0.029	0.017	0.0279999999999999	0.021	0.016	0.083	0.0279999999999999	0.063	0.038	0.02	0.101	0.019	0.022	0.022	0.029	0.0279999999999999	0.02
Pseudomonas sp. CMR12a	0.032	0.072	0.117	0.005	0.013	0.018	0.011	0.0069999999999999	0.005	0.005	0.055	0.015	0.096	0.102	0.046	0.059	0.026	0.012	0.058	0.061	0.013	0.005	0.065	0.005	0.006	0.033	0.036	0.015	0.006	0.074	0.03	0.036	0.033	0.04	0.026	0.005	0.005	0.01	0.005	0.059	0.009	0.034	0.005	0.013	0.088	0.015	0.006	0.037	0.008	0.091	0.01	0.031	0.008	0.118	0.073	0.037	0.03	0.044	0.008	0.017	0.0569999999999999	0.088	0.008	0.0069999999999999	0.006	0.006	0.006	0.02	0.006	0.0139999999999999	0.011	0.005	0.033	0.046	0.0069999999999999	0.06	0.0139999999999999	0.077	0.009	0.005	0.027	0.005	0.054	0.004	0.029	0.026	0.008	0.01	0.0069999999999999	0.005	0.016	0.006	0.02	0.022	0.077	0.022	0.0069999999999999	0.029	0.008	0.005	0.062	0.01	0.012	0.0849999999999999	0.006
Kibdelosporangium phytohabitans	0.033	0.018	0.022	0.096	0.019	0.068	0.084	0.061	0.109	0.088	0.0139999999999999	0.052	0.013	0.0139999999999999	0.015	0.033	0.055	0.051	0.031	0.024	0.032	0.11	0.017	0.091	0.08	0.068	0.024	0.073	0.078	0.008	0.034	0.021	0.026	0.076	0.047	0.086	0.094	0.106	0.079	0.016	0.087	0.024	0.093	0.047	0.019	0.05	0.092	0.029	0.061	0.022	0.072	0.023	0.078	0.0139999999999999	0.021	0.032	0.025	0.027	0.043	0.042	0.015	0.016	0.077	0.051	0.0689999999999999	0.048	0.064	0.0349999999999999	0.089	0.055	0.068	0.092	0.0349999999999999	0.02	0.086	0.011	0.066	0.02	0.062	0.071	0.027	0.108	0.018	0.083	0.043	0.049	0.055	0.061	0.064	0.032	0.06	0.086	0.049	0.029	0.013	0.034	0.087	0.06	0.041	0.088	0.022	0.089	0.039	0.015	0.0569999999999999
Pseudonocardia sp. HH130630-07	0.033	0.015	0.024	0.086	0.011	0.06	0.076	0.054	0.097	0.099	0.011	0.05	0.012	0.015	0.011	0.046	0.046	0.051	0.026	0.023	0.03	0.097	0.018	0.079	0.0689999999999999	0.067	0.023	0.0689999999999999	0.072	0.009	0.044	0.013	0.024	0.068	0.041	0.075	0.0809999999999999	0.093	0.067	0.024	0.078	0.022	0.101	0.041	0.019	0.042	0.088	0.025	0.0699999999999999	0.022	0.065	0.021	0.067	0.017	0.02	0.031	0.026	0.0279999999999999	0.044	0.033	0.013	0.026	0.0849999999999999	0.0569999999999999	0.065	0.054	0.063	0.039	0.082	0.0569999999999999	0.0569999999999999	0.082	0.031	0.017	0.095	0.009	0.0569999999999999	0.019	0.052	0.065	0.029	0.134	0.015	0.103	0.053	0.054	0.059	0.053	0.065	0.027	0.058	0.074	0.043	0.031	0.015	0.031	0.109	0.054	0.042	0.077	0.022	0.083	0.041	0.016	0.06
Sphingomonas sanxanigenens	0.105	0.022	0.023	0.045	0.041	0.04	0.03	0.027	0.036	0.047	0.0849999999999999	0.025	0.032	0.034	0.031	0.051	0.024	0.024	0.037	0.032	0.108	0.032	0.0349999999999999	0.03	0.034	0.022	0.045	0.044	0.033	0.033	0.052	0.073	0.0349999999999999	0.022	0.045	0.032	0.038	0.031	0.025	0.054	0.032	0.037	0.046	0.033	0.034	0.065	0.045	0.0569999999999999	0.092	0.05	0.038	0.044	0.031	0.013	0.029	0.0279999999999999	0.142	0.054	0.06	0.05	0.046	0.049	0.043	0.082	0.0279999999999999	0.169	0.0279999999999999	0.095	0.039	0.044	0.036	0.03	0.047	0.098	0.055	0.061	0.029	0.039	0.029	0.029	0.142	0.04	0.024	0.053	0.047	0.04	0.105	0.025	0.039	0.022	0.043	0.033	0.027	0.131	0.0569999999999999	0.054	0.052	0.026	0.088	0.033	0.033	0.036	0.036	0.054	0.029
Saccharothrix espanaensis	0.031	0.016	0.021	0.088	0.017	0.067	0.0809999999999999	0.06	0.107	0.086	0.0139999999999999	0.049	0.011	0.0139999999999999	0.0139999999999999	0.032	0.0569999999999999	0.049	0.026	0.022	0.031	0.109	0.016	0.094	0.079	0.065	0.023	0.071	0.075	0.008	0.034	0.015	0.026	0.072	0.04	0.082	0.089	0.103	0.074	0.017	0.083	0.022	0.092	0.046	0.017	0.043	0.086	0.026	0.058	0.02	0.066	0.022	0.075	0.013	0.019	0.029	0.024	0.026	0.042	0.037	0.012	0.018	0.076	0.05	0.067	0.046	0.061	0.033	0.09	0.052	0.0699999999999999	0.089	0.032	0.019	0.079	0.011	0.064	0.018	0.06	0.072	0.027	0.105	0.0139999999999999	0.077	0.041	0.046	0.053	0.063	0.059	0.03	0.058	0.079	0.05	0.031	0.013	0.031	0.082	0.0559999999999999	0.038	0.086	0.021	0.086	0.037	0.015	0.053
Ochrobactrum anthropi	0.068	0.023	0.025	0.135	0.037	0.0699999999999999	0.0849999999999999	0.063	0.094	0.153	0.045	0.054	0.041	0.029	0.031	0.054	0.06	0.0569999999999999	0.042	0.038	0.073	0.077	0.027	0.077	0.066	0.042	0.037	0.072	0.077	0.029	0.04	0.033	0.05	0.0559999999999999	0.079	0.083	0.088	0.091	0.071	0.075	0.068	0.041	0.132	0.067	0.041	0.095	0.128	0.052	0.146	0.043	0.0809999999999999	0.033	0.065	0.022	0.033	0.041	0.0699999999999999	0.042	0.054	0.078	0.036	0.023	0.082	0.084	0.075	0.082	0.065	0.0559999999999999	0.092	0.078	0.062	0.071	0.059	0.065	0.134	0.026	0.047	0.0349999999999999	0.067	0.067	0.0569999999999999	0.095	0.038	0.105	0.047	0.068	0.119	0.054	0.074	0.055	0.0849999999999999	0.061	0.058	0.107	0.038	0.053	0.102	0.0559999999999999	0.065	0.071	0.038	0.072	0.065	0.032	0.058
Lysobacter capsici	0.047	0.013	0.023	0.029	0.02	0.029	0.029	0.019	0.027	0.03	0.0349999999999999	0.019	0.021	0.024	0.02	0.03	0.022	0.023	0.019	0.019	0.038	0.03	0.021	0.022	0.019	0.019	0.016	0.023	0.027	0.011	0.026	0.024	0.024	0.021	0.0279999999999999	0.031	0.031	0.029	0.02	0.022	0.027	0.059	0.0349999999999999	0.036	0.019	0.074	0.034	0.027	0.091	0.021	0.038	0.027	0.03	0.01	0.015	0.024	0.021	0.034	0.044	0.218	0.032	0.02	0.04	0.067	0.027	0.142	0.027	0.045	0.025	0.087	0.026	0.027	0.026	0.045	0.049	0.0139999999999999	0.02	0.024	0.022	0.021	0.042	0.032	0.017	0.0279999999999999	0.024	0.027	0.105	0.022	0.0279999999999999	0.02	0.032	0.022	0.023	0.043	0.0279999999999999	0.032	0.051	0.02	0.045	0.025	0.025	0.027	0.047	0.124	0.0349999999999999
Sinorhizobium fredii	0.098	0.038	0.043	0.158	0.0569999999999999	0.086	0.092	0.074	0.098	0.146	0.099	0.0699999999999999	0.052	0.041	0.055	0.089	0.073	0.071	0.062	0.063	0.109	0.1	0.051	0.084	0.079	0.054	0.06	0.092	0.102	0.037	0.076	0.052	0.063	0.067	0.091	0.108	0.105	0.108	0.084	0.068	0.091	0.063	0.141	0.078	0.053	0.1149999999999999	0.145	0.082	0.1379999999999999	0.073	0.087	0.066	0.091	0.029	0.0559999999999999	0.058	0.077	0.076	0.083	0.103	0.052	0.038	0.099	0.141	0.082	0.1129999999999999	0.08	0.088	0.108	0.126	0.079	0.086	0.083	0.124	0.136	0.051	0.068	0.0569999999999999	0.077	0.075	0.098	0.098	0.048	0.135	0.0689999999999999	0.087	0.134	0.079	0.088	0.063	0.096	0.094	0.0699999999999999	0.131	0.062	0.075	0.128	0.062	0.091	0.091	0.063	0.091	0.093	0.053	0.065
Myxococcus stipitatus	0.036	0.0069999999999999	0.012	0.036	0.006	0.023	0.032	0.018	0.0279999999999999	0.037	0.0069999999999999	0.02	0.008	0.0069999999999999	0.008	0.018	0.022	0.026	0.013	0.017	0.033	0.032	0.022	0.025	0.019	0.017	0.013	0.022	0.029	0.006	0.027	0.009	0.017	0.022	0.023	0.03	0.027	0.032	0.022	0.013	0.0279999999999999	0.016	0.04	0.031	0.01	0.059	0.04	0.017	0.104	0.011	0.038	0.017	0.026	0.01	0.012	0.023	0.019	0.02	0.053	0.1119999999999999	0.011	0.006	0.039	0.2259999999999999	0.0349999999999999	0.065	0.03	0.029	0.026	0.1139999999999999	0.023	0.0279999999999999	0.023	0.011	0.05	0.006	0.017	0.016	0.024	0.023	0.026	0.0349999999999999	0.01	0.045	0.026	0.046	0.088	0.02	0.025	0.024	0.0349999999999999	0.025	0.024	0.019	0.013	0.03	0.045	0.02	0.043	0.026	0.015	0.027	0.033	0.01	0.024
Anaeromyxobacter sp. Fw109-5	0.044	0.013	0.021	0.088	0.009	0.052	0.078	0.042	0.068	0.1	0.01	0.041	0.012	0.012	0.0139999999999999	0.026	0.048	0.052	0.022	0.025	0.065	0.077	0.018	0.05	0.041	0.037	0.02	0.049	0.066	0.011	0.029	0.016	0.0349999999999999	0.054	0.043	0.073	0.066	0.08	0.051	0.01	0.062	0.024	0.11	0.059	0.021	0.099	0.097	0.026	0.118	0.018	0.0849999999999999	0.026	0.062	0.017	0.025	0.032	0.022	0.025	0.051	0.075	0.013	0.01	0.084	0.075	0.072	0.0699999999999999	0.059	0.031	0.059	0.0699999999999999	0.051	0.078	0.048	0.017	0.1139999999999999	0.008	0.037	0.021	0.06	0.048	0.036	0.08	0.0139999999999999	0.078	0.037	0.059	0.107	0.044	0.058	0.048	0.075	0.054	0.054	0.023	0.013	0.0569999999999999	0.099	0.044	0.054	0.06	0.022	0.059	0.042	0.0139999999999999	0.052
Sphingomonas hengshuiensis	0.156	0.0139999999999999	0.019	0.0349999999999999	0.0559999999999999	0.036	0.025	0.023	0.0279999999999999	0.038	0.107	0.022	0.027	0.032	0.026	0.043	0.018	0.018	0.045	0.026	0.094	0.027	0.032	0.024	0.031	0.019	0.048	0.046	0.029	0.02	0.0569999999999999	0.067	0.033	0.017	0.037	0.025	0.033	0.024	0.018	0.061	0.0279999999999999	0.04	0.034	0.025	0.031	0.05	0.034	0.058	0.066	0.036	0.029	0.047	0.026	0.009	0.027	0.021	0.111	0.049	0.046	0.047	0.033	0.049	0.036	0.068	0.022	0.13	0.021	0.104	0.0349999999999999	0.033	0.033	0.025	0.043	0.077	0.043	0.062	0.026	0.036	0.024	0.024	0.093	0.036	0.023	0.041	0.038	0.0279999999999999	0.074	0.021	0.036	0.016	0.0349999999999999	0.0279999999999999	0.023	0.16	0.038	0.046	0.042	0.02	0.084	0.0279999999999999	0.034	0.0279999999999999	0.0279999999999999	0.054	0.024
Friedmanniella sagamiharensis	0.041	0.015	0.024	0.083	0.012	0.051	0.065	0.042	0.0849999999999999	0.122	0.011	0.046	0.011	0.018	0.01	0.049	0.04	0.048	0.032	0.025	0.034	0.089	0.021	0.065	0.058	0.082	0.025	0.062	0.0699999999999999	0.01	0.053	0.015	0.021	0.0559999999999999	0.038	0.067	0.062	0.072	0.058	0.029	0.073	0.024	0.116	0.039	0.022	0.045	0.083	0.027	0.092	0.021	0.064	0.023	0.058	0.016	0.024	0.0349999999999999	0.0279999999999999	0.034	0.0569999999999999	0.037	0.0139999999999999	0.019	0.084	0.0699999999999999	0.064	0.066	0.06	0.042	0.059	0.074	0.046	0.073	0.032	0.017	0.092	0.008	0.045	0.024	0.046	0.05	0.034	0.141	0.013	0.118	0.055	0.068	0.078	0.041	0.06	0.023	0.06	0.064	0.037	0.036	0.016	0.031	0.103	0.052	0.05	0.059	0.023	0.068	0.038	0.016	0.054
Sphingopyxis macrogoltabida	0.08	0.013	0.017	0.044	0.026	0.034	0.032	0.024	0.033	0.048	0.123	0.023	0.03	0.0279999999999999	0.02	0.039	0.022	0.024	0.027	0.023	0.092	0.033	0.022	0.027	0.029	0.021	0.029	0.0349999999999999	0.032	0.044	0.037	0.036	0.029	0.023	0.037	0.032	0.0349999999999999	0.032	0.024	0.033	0.031	0.0279999999999999	0.044	0.029	0.024	0.058	0.047	0.05	0.0809999999999999	0.0279999999999999	0.037	0.03	0.03	0.011	0.02	0.025	0.101	0.04	0.049	0.041	0.026	0.03	0.043	0.066	0.029	0.175	0.0279999999999999	0.183	0.034	0.036	0.031	0.03	0.0349999999999999	0.054	0.054	0.03	0.024	0.021	0.034	0.026	0.071	0.039	0.021	0.047	0.053	0.03	0.097	0.023	0.036	0.022	0.038	0.031	0.025	0.089	0.041	0.045	0.05	0.025	0.0689999999999999	0.03	0.024	0.032	0.041	0.059	0.029
Streptomyces globisporus	0.03	0.01	0.0139999999999999	0.045	0.052	0.045	0.048	0.03	0.047	0.044	0.024	0.036	0.01	0.012	0.008	0.032	0.051	0.1389999999999999	0.02	0.02	0.016	0.062	0.016	0.06	0.05	0.029	0.033	0.065	0.086	0.005	0.032	0.018	0.0559999999999999	0.036	0.023	0.068	0.054	0.053	0.036	0.011	0.061	0.039	0.044	0.093	0.0139999999999999	0.03	0.048	0.019	0.023	0.0139999999999999	0.042	0.036	0.068	0.006	0.016	0.049	0.021	0.018	0.0849999999999999	0.058	0.008	0.0069999999999999	0.049	0.029	0.066	0.021	0.031	0.0279999999999999	0.052	0.032	0.044	0.08	0.018	0.03	0.034	0.012	0.042	0.021	0.117	0.051	0.027	0.044	0.008	0.043	0.023	0.032	0.022	0.066	0.117	0.019	0.037	0.05	0.051	0.023	0.012	0.023	0.038	0.133	0.032	0.047	0.024	0.051	0.068	0.017	0.12
Micromonospora purpureochromogenes	0.0349999999999999	0.02	0.019	0.086	0.015	0.0569999999999999	0.077	0.055	0.097	0.094	0.016	0.049	0.011	0.012	0.011	0.031	0.05	0.073	0.023	0.023	0.029	0.105	0.017	0.078	0.071	0.065	0.025	0.063	0.0809999999999999	0.008	0.036	0.013	0.032	0.0699999999999999	0.0349999999999999	0.0849999999999999	0.0849999999999999	0.097	0.076	0.02	0.0809999999999999	0.023	0.09	0.079	0.018	0.046	0.087	0.025	0.051	0.024	0.063	0.026	0.074	0.0139999999999999	0.021	0.029	0.021	0.024	0.044	0.044	0.013	0.012	0.082	0.048	0.0849999999999999	0.047	0.065	0.038	0.076	0.054	0.055	0.087	0.031	0.023	0.075	0.01	0.058	0.019	0.0849999999999999	0.062	0.0279999999999999	0.101	0.012	0.079	0.04	0.049	0.05	0.0559999999999999	0.077	0.034	0.064	0.08	0.048	0.0279999999999999	0.013	0.033	0.076	0.063	0.04	0.0809999999999999	0.023	0.079	0.047	0.013	0.068
Pseudomonas fragi	0.0279999999999999	0.075	0.104	0.003	0.008	0.016	0.0069999999999999	0.005	0.003	0.003	0.04	0.015	0.084	0.079	0.043	0.047	0.02	0.012	0.047	0.05	0.009	0.003	0.058	0.002	0.004	0.025	0.0349999999999999	0.017	0.003	0.063	0.023	0.033	0.03	0.051	0.02	0.003	0.003	0.006	0.004	0.055	0.0069999999999999	0.0279999999999999	0.003	0.011	0.0809999999999999	0.011	0.004	0.04	0.005	0.086	0.006	0.027	0.005	0.111	0.059	0.026	0.027	0.037	0.005	0.013	0.055	0.122	0.005	0.005	0.004	0.003	0.003	0.018	0.004	0.01	0.008	0.003	0.03	0.047	0.003	0.053	0.0139999999999999	0.064	0.0069999999999999	0.003	0.018	0.002	0.043	0.002	0.03	0.022	0.004	0.0069999999999999	0.005	0.003	0.018	0.003	0.03	0.02	0.065	0.022	0.004	0.024	0.005	0.003	0.0559999999999999	0.0069999999999999	0.01	0.073	0.005
Ensifer adhaerens	0.123	0.027	0.031	0.091	0.039	0.054	0.054	0.044	0.059	0.0849999999999999	0.105	0.043	0.044	0.063	0.039	0.092	0.042	0.046	0.042	0.045	0.067	0.058	0.052	0.051	0.048	0.032	0.043	0.06	0.063	0.038	0.061	0.044	0.045	0.039	0.065	0.062	0.062	0.059	0.048	0.055	0.055	0.046	0.0809999999999999	0.049	0.045	0.072	0.082	0.079	0.118	0.06	0.052	0.053	0.054	0.024	0.042	0.041	0.061	0.071	0.063	0.087	0.04	0.031	0.06	0.164	0.048	0.117	0.046	0.075	0.065	0.176	0.049	0.053	0.053	0.096	0.082	0.04	0.041	0.048	0.046	0.045	0.118	0.06	0.0349999999999999	0.1129999999999999	0.052	0.0689999999999999	0.1389999999999999	0.051	0.0569999999999999	0.037	0.061	0.055	0.041	0.1139999999999999	0.061	0.048	0.0809999999999999	0.04	0.065	0.052	0.052	0.054	0.088	0.054	0.041
Sphingomonas panacis	0.118	0.017	0.026	0.044	0.073	0.058	0.03	0.03	0.036	0.046	0.125	0.0279999999999999	0.039	0.029	0.041	0.053	0.023	0.021	0.044	0.031	0.105	0.034	0.0349999999999999	0.033	0.046	0.027	0.06	0.061	0.0349999999999999	0.023	0.065	0.084	0.041	0.021	0.044	0.032	0.043	0.031	0.024	0.077	0.0349999999999999	0.054	0.042	0.032	0.039	0.053	0.042	0.0689999999999999	0.068	0.042	0.037	0.061	0.033	0.012	0.032	0.024	0.122	0.054	0.051	0.046	0.039	0.067	0.044	0.068	0.027	0.126	0.0279999999999999	0.117	0.049	0.036	0.046	0.032	0.053	0.089	0.052	0.076	0.0349999999999999	0.058	0.03	0.032	0.109	0.045	0.021	0.048	0.046	0.034	0.08	0.0279999999999999	0.045	0.021	0.051	0.036	0.033	0.157	0.047	0.052	0.051	0.026	0.098	0.038	0.04	0.036	0.033	0.058	0.029
Streptomyces virus Caliburn	0.044	0.06	0.001	0.0	0.0	0.0	0.0	0.0	0.0	0.0	0.031	0.0	0.005	0.005	0.003	0.003	0.0	0.002	0.034	0.042	0.001	0.0	0.077	0.0	0.0	0.0	0.066	0.0	0.0	0.001	0.0569999999999999	0.001	0.008	0.0	0.048	0.0	0.0	0.0	0.0	0.12	0.0	0.026	0.0	0.001	0.129	0.004	0.0	0.094	0.0	0.003	0.0	0.06	0.0	0.002	0.008	0.032	0.066	0.031	0.022	0.038	0.001	0.0	0.0	0.009	0.0	0.009	0.0	0.037	0.0	0.024	0.0	0.0	0.0559999999999999	0.009	0.0	0.036	0.0	0.055	0.0	0.0	0.065	0.0	0.029	0.0	0.0139999999999999	0.06	0.0	0.0	0.002	0.0	0.0	0.0	0.0	0.037	0.011	0.001	0.0	0.004	0.034	0.0	0.013	0.0	0.033	0.043	0.0
Myxococcus macrosporus	0.032	0.008	0.011	0.029	0.005	0.019	0.024	0.015	0.024	0.031	0.005	0.017	0.008	0.006	0.008	0.015	0.018	0.022	0.012	0.015	0.026	0.025	0.022	0.021	0.015	0.0139999999999999	0.012	0.017	0.023	0.006	0.026	0.009	0.0139999999999999	0.019	0.019	0.025	0.022	0.026	0.019	0.013	0.022	0.013	0.036	0.025	0.01	0.052	0.031	0.015	0.09	0.01	0.03	0.016	0.021	0.009	0.011	0.02	0.017	0.018	0.049	0.11	0.009	0.006	0.03	0.2239999999999999	0.0279999999999999	0.06	0.023	0.027	0.021	0.1139999999999999	0.019	0.023	0.02	0.009	0.04	0.005	0.0139999999999999	0.015	0.02	0.017	0.023	0.0279999999999999	0.009	0.038	0.023	0.043	0.075	0.015	0.02	0.019	0.0279999999999999	0.021	0.019	0.016	0.011	0.025	0.0349999999999999	0.017	0.038	0.021	0.013	0.021	0.0279999999999999	0.009	0.02
Nocardia brasiliensis	0.0349999999999999	0.016	0.024	0.098	0.019	0.066	0.082	0.062	0.099	0.094	0.015	0.05	0.013	0.018	0.017	0.034	0.0559999999999999	0.052	0.03	0.025	0.036	0.1	0.019	0.0849999999999999	0.075	0.062	0.09	0.071	0.079	0.009	0.037	0.017	0.031	0.068	0.044	0.084	0.084	0.093	0.072	0.018	0.084	0.024	0.096	0.048	0.024	0.0559999999999999	0.099	0.027	0.065	0.026	0.0689999999999999	0.024	0.073	0.015	0.022	0.034	0.026	0.0279999999999999	0.046	0.043	0.017	0.016	0.076	0.055	0.071	0.049	0.064	0.036	0.083	0.0559999999999999	0.063	0.088	0.037	0.024	0.086	0.016	0.062	0.029	0.059	0.0689999999999999	0.031	0.103	0.021	0.093	0.044	0.051	0.062	0.061	0.062	0.032	0.064	0.08	0.048	0.033	0.016	0.0349999999999999	0.083	0.0569999999999999	0.046	0.0809999999999999	0.022	0.084	0.042	0.018	0.055
Gemmata sp. SH-PL17	0.038	0.017	0.024	0.117	0.008	0.058	0.084	0.043	0.082	0.12	0.016	0.051	0.015	0.011	0.023	0.037	0.059	0.05	0.032	0.026	0.065	0.083	0.017	0.052	0.044	0.04	0.024	0.053	0.073	0.011	0.034	0.016	0.034	0.05	0.05	0.082	0.074	0.075	0.055	0.024	0.062	0.0279999999999999	0.136	0.052	0.019	0.064	0.104	0.0279999999999999	0.102	0.025	0.092	0.025	0.064	0.017	0.027	0.038	0.027	0.03	0.055	0.058	0.017	0.016	0.071	0.072	0.059	0.0559999999999999	0.051	0.041	0.079	0.06	0.051	0.066	0.039	0.049	0.099	0.012	0.044	0.018	0.055	0.06	0.03	0.077	0.0139999999999999	0.097	0.048	0.05	0.088	0.045	0.049	0.036	0.062	0.062	0.0559999999999999	0.047	0.019	0.051	0.09	0.045	0.05	0.067	0.0279999999999999	0.063	0.0349999999999999	0.017	0.055
Paraburkholderia phenoliruptrix	0.009	0.01	0.062	0.009	0.026	0.034	0.047	0.108	0.03	0.008	0.006	0.08	0.011	0.002	0.034	0.011	0.048	0.029	0.026	0.015	0.024	0.019	0.02	0.033	0.083	0.061	0.032	0.027	0.029	0.004	0.009	0.019	0.017	0.05	0.024	0.0349999999999999	0.043	0.0279999999999999	0.106	0.025	0.029	0.011	0.009	0.0139999999999999	0.005	0.009	0.009	0.012	0.0139999999999999	0.006	0.048	0.008	0.053	0.011	0.008	0.022	0.009	0.009	0.0139999999999999	0.009	0.017	0.02	0.036	0.01	0.033	0.008	0.073	0.01	0.045	0.01	0.048	0.017	0.011	0.008	0.012	0.055	0.0689999999999999	0.008	0.038	0.111	0.009	0.024	0.015	0.012	0.024	0.012	0.015	0.047	0.046	0.153	0.011	0.055	0.049	0.016	0.009	0.021	0.011	0.027	0.012	0.075	0.005	0.06	0.015	0.009	0.053
Lysobacter sp. TY2-98	0.043	0.009	0.0139999999999999	0.031	0.012	0.0279999999999999	0.03	0.018	0.0279999999999999	0.031	0.023	0.018	0.012	0.008	0.016	0.021	0.021	0.023	0.013	0.015	0.043	0.029	0.0139999999999999	0.021	0.017	0.017	0.013	0.023	0.0279999999999999	0.009	0.02	0.0139999999999999	0.02	0.021	0.022	0.0279999999999999	0.026	0.029	0.02	0.015	0.026	0.048	0.036	0.027	0.01	0.078	0.032	0.018	0.109	0.015	0.038	0.019	0.025	0.009	0.013	0.018	0.0139999999999999	0.023	0.046	0.212	0.0279999999999999	0.0139999999999999	0.04	0.076	0.0279999999999999	0.089	0.025	0.026	0.025	0.0849999999999999	0.024	0.027	0.022	0.025	0.054	0.009	0.017	0.015	0.022	0.02	0.034	0.032	0.011	0.0279999999999999	0.02	0.023	0.128	0.021	0.0279999999999999	0.019	0.033	0.021	0.022	0.0279999999999999	0.0139999999999999	0.033	0.053	0.018	0.046	0.025	0.02	0.026	0.032	0.015	0.021
Oligotropha carboxidovorans	0.05	0.019	0.025	0.147	0.01	0.073	0.071	0.064	0.083	0.13	0.038	0.0559999999999999	0.021	0.015	0.033	0.038	0.063	0.062	0.034	0.037	0.079	0.087	0.027	0.075	0.071	0.043	0.032	0.067	0.077	0.016	0.044	0.02	0.044	0.055	0.06	0.088	0.084	0.089	0.074	0.034	0.072	0.037	0.134	0.059	0.026	0.066	0.132	0.037	0.082	0.037	0.055	0.034	0.075	0.0139999999999999	0.031	0.038	0.037	0.041	0.054	0.046	0.029	0.021	0.076	0.0699999999999999	0.075	0.058	0.066	0.05	0.086	0.0689999999999999	0.072	0.071	0.053	0.064	0.104	0.033	0.0569999999999999	0.027	0.0569999999999999	0.065	0.042	0.075	0.039	0.096	0.041	0.0559999999999999	0.073	0.061	0.062	0.046	0.078	0.086	0.053	0.068	0.026	0.045	0.086	0.044	0.054	0.0809999999999999	0.038	0.077	0.045	0.02	0.045
Mycobacterium avium	0.038	0.025	0.027	0.105	0.013	0.066	0.068	0.086	0.09	0.102	0.019	0.051	0.019	0.02	0.026	0.044	0.0689999999999999	0.047	0.048	0.034	0.041	0.086	0.02	0.077	0.073	0.064	0.039	0.067	0.082	0.013	0.042	0.021	0.0279999999999999	0.0689999999999999	0.054	0.103	0.08	0.079	0.075	0.032	0.089	0.03	0.106	0.044	0.029	0.045	0.1369999999999999	0.034	0.059	0.029	0.062	0.027	0.064	0.017	0.026	0.04	0.024	0.039	0.039	0.037	0.032	0.02	0.067	0.052	0.06	0.049	0.06	0.043	0.0849999999999999	0.053	0.083	0.083	0.034	0.045	0.08	0.026	0.0689999999999999	0.023	0.05	0.072	0.031	0.103	0.049	0.1119999999999999	0.055	0.063	0.0569999999999999	0.0689999999999999	0.053	0.029	0.0559999999999999	0.111	0.048	0.047	0.016	0.0349999999999999	0.077	0.054	0.044	0.0849999999999999	0.03	0.082	0.038	0.017	0.05
Dyella thiooxydans	0.04	0.0139999999999999	0.0349999999999999	0.04	0.02	0.04	0.036	0.027	0.038	0.037	0.0849999999999999	0.023	0.037	0.01	0.042	0.0279999999999999	0.029	0.025	0.043	0.019	0.033	0.038	0.022	0.036	0.027	0.026	0.02	0.032	0.032	0.008	0.032	0.033	0.036	0.026	0.029	0.045	0.033	0.039	0.026	0.064	0.033	0.242	0.043	0.032	0.015	0.04	0.043	0.024	0.058	0.034	0.047	0.04	0.033	0.01	0.02	0.037	0.018	0.054	0.027	0.055	0.1369999999999999	0.055	0.043	0.04	0.031	0.04	0.041	0.031	0.034	0.034	0.036	0.037	0.032	0.09	0.059	0.021	0.024	0.041	0.0279999999999999	0.03	0.03	0.037	0.012	0.026	0.024	0.026	0.062	0.031	0.031	0.025	0.036	0.03	0.027	0.067	0.03	0.032	0.058	0.023	0.0349999999999999	0.0349999999999999	0.058	0.038	0.032	0.015	0.025
Rhodoferax koreense	0.0689999999999999	0.03	0.033	0.0699999999999999	0.077	0.054	0.061	0.046	0.0699999999999999	0.075	0.049	0.047	0.04	0.029	0.041	0.055	0.042	0.039	0.041	0.034	0.068	0.055	0.048	0.0559999999999999	0.059	0.042	0.033	0.055	0.048	0.0349999999999999	0.059	0.049	0.045	0.038	0.061	0.053	0.078	0.052	0.037	0.05	0.0689999999999999	0.038	0.072	0.047	0.037	0.079	0.086	0.094	0.15	0.053	0.093	0.048	0.058	0.021	0.038	0.036	0.058	0.048	0.071	0.071	0.034	0.0569999999999999	0.065	0.126	0.0559999999999999	0.082	0.046	0.099	0.079	0.108	0.049	0.054	0.044	0.051	0.102	0.039	0.054	0.034	0.05	0.051	0.092	0.074	0.024	0.062	0.045	0.049	0.177	0.046	0.066	0.034	0.097	0.051	0.0569999999999999	0.077	0.045	0.083	0.16	0.047	0.075	0.0569999999999999	0.039	0.074	0.071	0.04	0.087
Pseudomonas plecoglossicida	0.025	0.074	0.1129999999999999	0.0069999999999999	0.01	0.013	0.009	0.0069999999999999	0.006	0.006	0.037	0.011	0.078	0.054	0.034	0.086	0.017	0.011	0.048	0.042	0.01	0.006	0.055	0.005	0.0069999999999999	0.021	0.03	0.011	0.006	0.059	0.024	0.026	0.023	0.025	0.022	0.006	0.006	0.009	0.006	0.0569999999999999	0.008	0.025	0.006	0.01	0.092	0.01	0.0069999999999999	0.036	0.01	0.109	0.01	0.026	0.0069999999999999	0.1119999999999999	0.044	0.023	0.067	0.038	0.008	0.011	0.049	0.093	0.008	0.008	0.006	0.008	0.0069999999999999	0.023	0.006	0.012	0.009	0.006	0.0279999999999999	0.044	0.008	0.063	0.011	0.0559999999999999	0.008	0.006	0.017	0.006	0.032	0.005	0.042	0.0279999999999999	0.01	0.008	0.0069999999999999	0.005	0.013	0.006	0.015	0.023	0.055	0.018	0.008	0.031	0.008	0.006	0.042	0.011	0.01	0.0689999999999999	0.0069999999999999
Rhodanobacter denitrificans	0.04	0.013	0.036	0.059	0.018	0.059	0.043	0.044	0.052	0.043	0.082	0.033	0.0349999999999999	0.009	0.041	0.026	0.033	0.027	0.041	0.02	0.0349999999999999	0.046	0.021	0.067	0.037	0.0349999999999999	0.019	0.041	0.0349999999999999	0.009	0.031	0.029	0.04	0.029	0.029	0.053	0.039	0.05	0.032	0.0559999999999999	0.042	0.233	0.044	0.0349999999999999	0.0139999999999999	0.043	0.0559999999999999	0.024	0.062	0.033	0.055	0.037	0.04	0.009	0.019	0.037	0.016	0.051	0.0279999999999999	0.0849999999999999	0.121	0.055	0.05	0.043	0.036	0.043	0.063	0.029	0.038	0.038	0.052	0.043	0.033	0.093	0.067	0.02	0.029	0.039	0.034	0.042	0.032	0.04	0.013	0.027	0.026	0.0279999999999999	0.067	0.034	0.034	0.029	0.041	0.036	0.033	0.062	0.0279999999999999	0.034	0.066	0.03	0.036	0.042	0.055	0.049	0.061	0.015	0.027
Amycolatopsis sp. AA4	0.029	0.0139999999999999	0.023	0.087	0.0139999999999999	0.064	0.074	0.059	0.091	0.087	0.013	0.047	0.01	0.0139999999999999	0.013	0.0279999999999999	0.047	0.044	0.025	0.022	0.029	0.089	0.016	0.082	0.0699999999999999	0.059	0.022	0.072	0.067	0.008	0.03	0.016	0.024	0.062	0.036	0.073	0.093	0.086	0.067	0.015	0.077	0.022	0.088	0.042	0.016	0.041	0.086	0.021	0.052	0.018	0.0699999999999999	0.02	0.072	0.012	0.019	0.029	0.021	0.022	0.036	0.034	0.013	0.015	0.068	0.043	0.063	0.044	0.0569999999999999	0.032	0.089	0.045	0.059	0.078	0.029	0.018	0.078	0.01	0.06	0.017	0.0569999999999999	0.066	0.025	0.095	0.0139999999999999	0.08	0.038	0.042	0.047	0.053	0.06	0.027	0.058	0.072	0.043	0.027	0.011	0.03	0.087	0.06	0.0349999999999999	0.075	0.019	0.082	0.037	0.016	0.0559999999999999
Herbaspirillum seropedicae	0.072	0.059	0.042	0.0279999999999999	0.143	0.045	0.026	0.0279999999999999	0.0279999999999999	0.025	0.049	0.024	0.0689999999999999	0.031	0.068	0.017	0.045	0.029	0.038	0.049	0.055	0.026	0.086	0.03	0.031	0.038	0.049	0.0279999999999999	0.023	0.021	0.068	0.132	0.052	0.024	0.068	0.025	0.027	0.026	0.022	0.067	0.029	0.058	0.026	0.067	0.033	0.082	0.027	0.084	0.0559999999999999	0.029	0.058	0.1149999999999999	0.027	0.0139999999999999	0.0559999999999999	0.043	0.052	0.076	0.08	0.074	0.059	0.0559999999999999	0.036	0.059	0.04	0.048	0.06	0.087	0.026	0.0689999999999999	0.048	0.024	0.095	0.04	0.033	0.059	0.026	0.055	0.023	0.024	0.097	0.022	0.051	0.022	0.0849999999999999	0.074	0.058	0.047	0.032	0.026	0.041	0.023	0.05	0.053	0.066	0.096	0.036	0.025	0.106	0.026	0.054	0.032	0.077	0.046	0.03
Leifsonia xyli	0.051	0.016	0.027	0.087	0.012	0.061	0.073	0.052	0.09	0.09	0.02	0.048	0.013	0.026	0.015	0.05	0.0569999999999999	0.049	0.033	0.0279999999999999	0.04	0.0849999999999999	0.023	0.0689999999999999	0.067	0.058	0.034	0.0699999999999999	0.075	0.012	0.046	0.016	0.027	0.063	0.046	0.073	0.072	0.077	0.063	0.064	0.079	0.0279999999999999	0.095	0.042	0.024	0.053	0.088	0.032	0.073	0.0279999999999999	0.083	0.027	0.0689999999999999	0.018	0.026	0.037	0.042	0.032	0.047	0.045	0.022	0.042	0.075	0.0699999999999999	0.074	0.0569999999999999	0.06	0.04	0.072	0.077	0.0569999999999999	0.077	0.034	0.039	0.09	0.0139999999999999	0.054	0.024	0.054	0.059	0.045	0.121	0.022	0.1149999999999999	0.047	0.063	0.065	0.054	0.06	0.031	0.067	0.076	0.039	0.13	0.039	0.036	0.088	0.052	0.047	0.074	0.0279999999999999	0.1119999999999999	0.043	0.023	0.051
Streptomyces violaceusniger	0.03	0.012	0.013	0.044	0.098	0.048	0.049	0.033	0.049	0.04	0.0349999999999999	0.042	0.0139999999999999	0.012	0.01	0.036	0.054	0.1	0.025	0.026	0.0139999999999999	0.063	0.015	0.072	0.055	0.0279999999999999	0.047	0.073	0.0849999999999999	0.006	0.03	0.0279999999999999	0.055	0.034	0.025	0.068	0.058	0.0569999999999999	0.038	0.016	0.065	0.044	0.04	0.099	0.015	0.027	0.046	0.025	0.019	0.0139999999999999	0.041	0.039	0.076	0.006	0.019	0.046	0.0279999999999999	0.022	0.094	0.0559999999999999	0.008	0.006	0.042	0.024	0.059	0.019	0.03	0.037	0.0569999999999999	0.025	0.052	0.083	0.018	0.026	0.031	0.017	0.049	0.023	0.124	0.0569999999999999	0.0279999999999999	0.041	0.009	0.046	0.023	0.026	0.019	0.076	0.076	0.022	0.031	0.059	0.06	0.025	0.0139999999999999	0.023	0.039	0.111	0.03	0.052	0.031	0.051	0.052	0.02	0.102
Stenotrophomonas acidaminiphila	0.05	0.016	0.021	0.038	0.024	0.039	0.037	0.023	0.036	0.038	0.044	0.022	0.026	0.031	0.025	0.023	0.03	0.027	0.021	0.025	0.042	0.038	0.029	0.0279999999999999	0.023	0.023	0.019	0.031	0.032	0.015	0.041	0.029	0.029	0.0279999999999999	0.032	0.0349999999999999	0.033	0.0349999999999999	0.025	0.034	0.034	0.082	0.044	0.037	0.015	0.071	0.042	0.029	0.1	0.029	0.048	0.0349999999999999	0.03	0.013	0.025	0.026	0.0279999999999999	0.046	0.045	0.164	0.046	0.027	0.046	0.0699999999999999	0.034	0.168	0.0349999999999999	0.037	0.033	0.073	0.033	0.034	0.034	0.041	0.061	0.016	0.021	0.038	0.027	0.025	0.125	0.039	0.034	0.033	0.03	0.0349999999999999	0.107	0.029	0.034	0.023	0.041	0.0279999999999999	0.03	0.06	0.036	0.04	0.061	0.023	0.05	0.032	0.034	0.031	0.038	0.024	0.027
Lysobacter maris	0.04	0.008	0.012	0.023	0.011	0.022	0.024	0.013	0.022	0.024	0.017	0.0139999999999999	0.011	0.009	0.011	0.015	0.017	0.017	0.012	0.012	0.029	0.023	0.013	0.017	0.013	0.0139999999999999	0.011	0.018	0.021	0.008	0.018	0.011	0.016	0.017	0.018	0.022	0.02	0.021	0.015	0.0139999999999999	0.02	0.031	0.0279999999999999	0.022	0.01	0.067	0.026	0.016	0.0849999999999999	0.013	0.031	0.018	0.019	0.0069999999999999	0.01	0.0139999999999999	0.012	0.021	0.037	0.2239999999999999	0.021	0.013	0.031	0.0569999999999999	0.021	0.075	0.021	0.021	0.019	0.0809999999999999	0.019	0.022	0.018	0.0279999999999999	0.041	0.008	0.013	0.0139999999999999	0.017	0.016	0.032	0.026	0.01	0.022	0.019	0.019	0.095	0.017	0.022	0.015	0.025	0.016	0.017	0.024	0.012	0.024	0.041	0.015	0.036	0.018	0.016	0.018	0.025	0.015	0.018
Burkholderia cenocepacia	0.05	0.04	0.09	0.0559999999999999	0.073	0.0689999999999999	0.094	0.118	0.072	0.052	0.032	0.103	0.038	0.0139999999999999	0.046	0.037	0.079	0.062	0.0559999999999999	0.048	0.089	0.062	0.0559999999999999	0.067	0.109	0.0849999999999999	0.065	0.062	0.0699999999999999	0.021	0.045	0.046	0.042	0.079	0.09	0.071	0.073	0.065	0.1379999999999999	0.074	0.065	0.043	0.054	0.054	0.031	0.067	0.059	0.051	0.076	0.038	0.103	0.052	0.083	0.0279999999999999	0.036	0.061	0.04	0.049	0.06	0.06	0.047	0.066	0.0809999999999999	0.053	0.076	0.053	0.126	0.054	0.078	0.0569999999999999	0.082	0.049	0.063	0.0349999999999999	0.0689999999999999	0.067	0.096	0.039	0.065	0.132	0.048	0.058	0.034	0.049	0.068	0.058	0.083	0.075	0.088	0.148	0.058	0.104	0.083	0.065	0.037	0.078	0.065	0.0559999999999999	0.067	0.103	0.03	0.1129999999999999	0.055	0.031	0.079
Streptomyces sp. 2323.1	0.026	0.01	0.0139999999999999	0.054	0.063	0.055	0.0559999999999999	0.041	0.059	0.058	0.022	0.041	0.011	0.012	0.008	0.027	0.066	0.086	0.02	0.02	0.016	0.078	0.0139999999999999	0.08	0.066	0.037	0.031	0.073	0.082	0.005	0.026	0.018	0.043	0.044	0.024	0.072	0.061	0.066	0.042	0.011	0.0699999999999999	0.032	0.059	0.0809999999999999	0.013	0.03	0.059	0.021	0.022	0.013	0.045	0.031	0.078	0.006	0.016	0.041	0.023	0.017	0.079	0.052	0.008	0.006	0.044	0.027	0.062	0.022	0.0349999999999999	0.026	0.066	0.029	0.06	0.0849999999999999	0.02	0.023	0.037	0.012	0.051	0.019	0.111	0.063	0.024	0.049	0.009	0.052	0.022	0.026	0.023	0.092	0.079	0.022	0.036	0.059	0.054	0.021	0.011	0.023	0.042	0.096	0.029	0.06	0.022	0.059	0.05	0.018	0.086
Xanthomonas citri	0.034	0.032	0.012	0.055	0.013	0.02	0.108	0.024	0.034	0.036	0.041	0.036	0.0139999999999999	0.021	0.011	0.0139999999999999	0.023	0.015	0.022	0.02	0.03	0.037	0.018	0.036	0.04	0.046	0.01	0.023	0.041	0.021	0.033	0.009	0.043	0.024	0.066	0.04	0.097	0.038	0.054	0.022	0.026	0.038	0.041	0.047	0.011	0.049	0.053	0.041	0.063	0.016	0.096	0.025	0.048	0.0069999999999999	0.013	0.02	0.029	0.023	0.022	0.047	0.055	0.0279999999999999	0.045	0.066	0.043	0.078	0.022	0.051	0.06	0.084	0.0139999999999999	0.04	0.012	0.026	0.087	0.039	0.068	0.0349999999999999	0.023	0.019	0.051	0.022	0.013	0.032	0.022	0.0279999999999999	0.063	0.025	0.022	0.019	0.0349999999999999	0.022	0.024	0.04	0.0279999999999999	0.031	0.054	0.016	0.032	0.049	0.0279999999999999	0.183	0.058	0.019	0.021
Lentzea guizhouensis	0.043	0.024	0.03	0.093	0.03	0.066	0.0809999999999999	0.0569999999999999	0.102	0.091	0.025	0.053	0.015	0.025	0.016	0.042	0.053	0.053	0.033	0.026	0.033	0.101	0.027	0.088	0.076	0.063	0.029	0.0699999999999999	0.076	0.013	0.041	0.018	0.029	0.0689999999999999	0.071	0.0809999999999999	0.087	0.094	0.072	0.021	0.083	0.032	0.094	0.05	0.025	0.05	0.088	0.051	0.071	0.033	0.074	0.0279999999999999	0.075	0.022	0.023	0.037	0.08	0.044	0.053	0.052	0.018	0.021	0.0809999999999999	0.076	0.071	0.0569999999999999	0.062	0.054	0.097	0.066	0.066	0.084	0.038	0.047	0.087	0.045	0.065	0.023	0.064	0.072	0.038	0.11	0.019	0.098	0.059	0.054	0.061	0.06	0.066	0.03	0.065	0.078	0.053	0.0699999999999999	0.023	0.0349999999999999	0.098	0.062	0.046	0.0809999999999999	0.033	0.082	0.05	0.0279999999999999	0.064
Pseudomonas sp. R5-89-07	0.023	0.05	0.13	0.003	0.008	0.013	0.0069999999999999	0.005	0.003	0.003	0.04	0.012	0.076	0.101	0.032	0.059	0.016	0.009	0.042	0.046	0.008	0.003	0.0559999999999999	0.002	0.004	0.025	0.022	0.01	0.003	0.064	0.026	0.031	0.026	0.025	0.017	0.003	0.003	0.005	0.004	0.051	0.006	0.032	0.003	0.009	0.0689999999999999	0.008	0.003	0.027	0.004	0.072	0.006	0.023	0.006	0.094	0.055	0.029	0.022	0.03	0.005	0.01	0.041	0.058	0.005	0.004	0.003	0.004	0.003	0.015	0.004	0.009	0.0069999999999999	0.003	0.025	0.0279999999999999	0.004	0.044	0.015	0.064	0.0069999999999999	0.003	0.017	0.002	0.034	0.003	0.022	0.016	0.004	0.008	0.004	0.003	0.01	0.004	0.015	0.017	0.0689999999999999	0.013	0.004	0.02	0.005	0.003	0.047	0.006	0.008	0.06	0.005
Raoultella planticola	0.002	0.002	0.209	0.003	0.001	0.002	0.002	0.002	0.002	0.003	0.002	0.001	0.002	0.006	0.026	0.004	0.002	0.002	0.013	0.003	0.002	0.002	0.003	0.002	0.004	0.001	0.002	0.002	0.002	0.004	0.002	0.002	0.001	0.002	0.002	0.002	0.002	0.003	0.002	0.002	0.002	0.003	0.003	0.002	0.002	0.002	0.003	0.002	0.003	0.003	0.002	0.002	0.002	0.008	0.002	0.002	0.003	0.003	0.002	0.003	0.003	0.148	0.002	0.002	0.002	0.004	0.002	0.002	0.002	0.002	0.002	0.002	0.002	0.004	0.003	0.002	0.001	0.002	0.002	0.002	0.002	0.002	0.004	0.002	0.003	0.003	0.002	0.001	0.002	0.001	0.002	0.002	0.002	0.002	0.002	0.002	0.003	0.002	0.002	0.002	0.003	0.002	0.002	0.003	0.002
Allokutzneria albata	0.027	0.012	0.018	0.078	0.012	0.058	0.0699999999999999	0.053	0.091	0.074	0.011	0.042	0.009	0.011	0.01	0.0279999999999999	0.048	0.044	0.021	0.02	0.027	0.092	0.015	0.078	0.068	0.0559999999999999	0.02	0.062	0.065	0.0069999999999999	0.029	0.012	0.036	0.06	0.033	0.0699999999999999	0.075	0.086	0.064	0.0139999999999999	0.071	0.019	0.082	0.045	0.015	0.039	0.076	0.021	0.052	0.016	0.058	0.019	0.064	0.011	0.017	0.025	0.019	0.022	0.037	0.032	0.011	0.0139999999999999	0.067	0.044	0.059	0.04	0.054	0.027	0.078	0.045	0.059	0.075	0.027	0.015	0.071	0.009	0.055	0.016	0.053	0.061	0.023	0.094	0.012	0.0699999999999999	0.034	0.04	0.047	0.055	0.051	0.026	0.055	0.072	0.043	0.023	0.011	0.0279999999999999	0.078	0.062	0.033	0.075	0.018	0.075	0.048	0.012	0.06
Sphingomonas koreensis	0.1149999999999999	0.0139999999999999	0.018	0.031	0.05	0.034	0.022	0.021	0.025	0.0349999999999999	0.099	0.02	0.024	0.023	0.023	0.04	0.016	0.018	0.038	0.025	0.11	0.024	0.026	0.021	0.0279999999999999	0.018	0.043	0.044	0.027	0.02	0.05	0.06	0.031	0.015	0.036	0.023	0.029	0.022	0.017	0.053	0.025	0.041	0.031	0.024	0.027	0.052	0.033	0.052	0.077	0.031	0.027	0.043	0.024	0.01	0.024	0.021	0.092	0.045	0.051	0.044	0.03	0.044	0.037	0.066	0.022	0.121	0.021	0.099	0.032	0.034	0.03	0.022	0.041	0.066	0.044	0.053	0.023	0.029	0.022	0.02	0.0849999999999999	0.034	0.019	0.043	0.037	0.027	0.089	0.018	0.0349999999999999	0.016	0.034	0.024	0.02	0.121	0.0349999999999999	0.049	0.041	0.019	0.091	0.024	0.031	0.025	0.027	0.046	0.023
Sphingomonas taxi	0.1	0.016	0.032	0.039	0.06	0.04	0.025	0.023	0.029	0.046	0.1	0.022	0.033	0.023	0.029	0.045	0.019	0.019	0.042	0.034	0.101	0.027	0.029	0.025	0.032	0.022	0.0569999999999999	0.048	0.029	0.02	0.065	0.0809999999999999	0.034	0.017	0.04	0.025	0.032	0.023	0.019	0.066	0.0279999999999999	0.042	0.038	0.026	0.0349999999999999	0.049	0.037	0.068	0.0699999999999999	0.045	0.032	0.064	0.026	0.011	0.037	0.023	0.096	0.055	0.0559999999999999	0.041	0.032	0.0559999999999999	0.04	0.062	0.023	0.106	0.023	0.131	0.036	0.034	0.0349999999999999	0.025	0.053	0.068	0.046	0.063	0.026	0.061	0.026	0.024	0.088	0.039	0.02	0.047	0.053	0.046	0.077	0.021	0.038	0.018	0.0349999999999999	0.027	0.024	0.133	0.043	0.051	0.045	0.021	0.087	0.027	0.039	0.029	0.0279999999999999	0.049	0.024
Lysobacter antibioticus	0.044	0.013	0.018	0.027	0.019	0.024	0.026	0.017	0.026	0.027	0.03	0.02	0.018	0.017	0.019	0.019	0.019	0.021	0.017	0.016	0.033	0.025	0.017	0.02	0.017	0.019	0.016	0.021	0.024	0.011	0.025	0.026	0.021	0.019	0.025	0.026	0.025	0.026	0.019	0.02	0.024	0.0559999999999999	0.031	0.026	0.018	0.0699999999999999	0.03	0.021	0.083	0.019	0.032	0.025	0.023	0.01	0.0139999999999999	0.02	0.017	0.03	0.041	0.218	0.034	0.018	0.0349999999999999	0.061	0.024	0.091	0.023	0.034	0.024	0.084	0.021	0.024	0.026	0.037	0.045	0.012	0.017	0.021	0.02	0.019	0.039	0.03	0.015	0.026	0.023	0.025	0.096	0.019	0.025	0.016	0.029	0.021	0.019	0.033	0.021	0.03	0.045	0.019	0.041	0.022	0.024	0.024	0.032	0.024	0.021
Mycobacterium sp. EPa45	0.042	0.036	0.034	0.0569999999999999	0.012	0.04	0.051	0.039	0.062	0.071	0.023	0.051	0.025	0.019	0.04	0.044	0.043	0.042	0.0569999999999999	0.04	0.031	0.053	0.017	0.049	0.041	0.036	0.039	0.046	0.079	0.016	0.041	0.023	0.051	0.054	0.048	0.11	0.0689999999999999	0.05	0.049	0.038	0.06	0.042	0.064	0.037	0.03	0.029	0.067	0.034	0.039	0.03	0.048	0.025	0.051	0.015	0.027	0.044	0.02	0.041	0.029	0.036	0.042	0.022	0.048	0.037	0.04	0.0349999999999999	0.043	0.048	0.059	0.042	0.036	0.053	0.026	0.176	0.0699999999999999	0.037	0.052	0.021	0.041	0.048	0.024	0.101	0.1139999999999999	0.148	0.064	0.048	0.04	0.045	0.046	0.022	0.051	0.0699999999999999	0.036	0.063	0.019	0.036	0.064	0.048	0.041	0.046	0.039	0.042	0.03	0.016	0.041
Pantoea vagans	0.0069999999999999	0.005	0.0279999999999999	0.008	0.003	0.0069999999999999	0.008	0.006	0.008	0.01	0.006	0.006	0.033	0.0139999999999999	0.008	0.006	0.006	0.009	0.0139999999999999	0.011	0.0069999999999999	0.008	0.01	0.006	0.0069999999999999	0.005	0.008	0.006	0.0069999999999999	0.144	0.0069999999999999	0.005	0.008	0.005	0.006	0.008	0.008	0.008	0.0069999999999999	0.01	0.0069999999999999	0.0069999999999999	0.008	0.0069999999999999	0.0069999999999999	0.008	0.01	0.0069999999999999	0.009	0.009	0.013	0.01	0.006	0.186	0.03	0.005	0.0139999999999999	0.008	0.005	0.006	0.015	0.018	0.009	0.006	0.0069999999999999	0.006	0.0069999999999999	0.029	0.0069999999999999	0.0069999999999999	0.006	0.0069999999999999	0.008	0.0069999999999999	0.01	0.011	0.006	0.008	0.005	0.0069999999999999	0.005	0.008	0.061	0.006	0.089	0.021	0.009	0.005	0.006	0.006	0.009	0.0069999999999999	0.006	0.006	0.0069999999999999	0.0069999999999999	0.01	0.0069999999999999	0.006	0.0069999999999999	0.044	0.008	0.006	0.008	0.0069999999999999
Granulicella mallensis	0.027	0.006	0.015	0.06	0.011	0.062	0.052	0.053	0.0569999999999999	0.049	0.031	0.038	0.009	0.005	0.033	0.0139999999999999	0.06	0.034	0.026	0.016	0.051	0.067	0.0139999999999999	0.0699999999999999	0.059	0.037	0.022	0.068	0.063	0.006	0.021	0.019	0.0279999999999999	0.036	0.025	0.079	0.055	0.09	0.072	0.023	0.071	0.018	0.053	0.064	0.011	0.046	0.061	0.012	0.038	0.012	0.0699999999999999	0.019	0.0559999999999999	0.0069999999999999	0.019	0.016	0.013	0.015	0.026	0.037	0.021	0.032	0.072	0.027	0.076	0.029	0.083	0.02	0.061	0.023	0.077	0.051	0.022	0.017	0.062	0.015	0.075	0.01	0.08	0.0559999999999999	0.022	0.038	0.015	0.03	0.019	0.031	0.041	0.061	0.046	0.072	0.0559999999999999	0.092	0.053	0.044	0.009	0.038	0.0569999999999999	0.036	0.032	0.079	0.016	0.11	0.0279999999999999	0.01	0.0559999999999999
Micromonospora echinaurantiaca	0.03	0.018	0.019	0.076	0.0139999999999999	0.055	0.072	0.05	0.091	0.078	0.017	0.043	0.01	0.011	0.011	0.0279999999999999	0.048	0.0569999999999999	0.022	0.022	0.026	0.098	0.015	0.074	0.066	0.055	0.024	0.06	0.0699999999999999	0.0069999999999999	0.033	0.012	0.027	0.064	0.0349999999999999	0.076	0.075	0.089	0.068	0.019	0.074	0.023	0.0809999999999999	0.061	0.015	0.04	0.077	0.023	0.049	0.023	0.0559999999999999	0.023	0.066	0.011	0.019	0.026	0.02	0.022	0.037	0.037	0.012	0.012	0.071	0.044	0.068	0.041	0.0569999999999999	0.0349999999999999	0.0689999999999999	0.051	0.053	0.08	0.0279999999999999	0.022	0.068	0.009	0.053	0.018	0.061	0.059	0.025	0.095	0.012	0.0699999999999999	0.036	0.044	0.046	0.055	0.063	0.029	0.058	0.072	0.043	0.026	0.012	0.031	0.0699999999999999	0.051	0.0349999999999999	0.074	0.021	0.071	0.036	0.011	0.052
Chondromyces crocatus	0.037	0.0139999999999999	0.02	0.089	0.01	0.052	0.061	0.041	0.058	0.096	0.011	0.038	0.0139999999999999	0.01	0.015	0.025	0.047	0.05	0.025	0.023	0.055	0.072	0.016	0.043	0.038	0.031	0.02	0.043	0.059	0.01	0.027	0.017	0.041	0.049	0.044	0.072	0.058	0.065	0.046	0.012	0.058	0.026	0.105	0.058	0.019	0.076	0.101	0.024	0.101	0.02	0.073	0.025	0.053	0.016	0.021	0.032	0.021	0.024	0.045	0.061	0.0139999999999999	0.012	0.067	0.063	0.062	0.059	0.051	0.0349999999999999	0.055	0.06	0.049	0.058	0.039	0.018	0.106	0.009	0.037	0.019	0.047	0.048	0.033	0.071	0.018	0.087	0.0349999999999999	0.054	0.088	0.043	0.052	0.037	0.0689999999999999	0.047	0.046	0.0279999999999999	0.0139999999999999	0.048	0.089	0.037	0.049	0.054	0.022	0.0569999999999999	0.0349999999999999	0.0139999999999999	0.046
Burkholderia gladioli	0.073	0.051	0.098	0.068	0.099	0.088	0.099	0.129	0.088	0.064	0.047	0.1149999999999999	0.06	0.026	0.067	0.046	0.099	0.071	0.068	0.067	0.105	0.079	0.08	0.078	0.122	0.104	0.078	0.076	0.079	0.027	0.072	0.09	0.0569999999999999	0.089	0.092	0.0849999999999999	0.09	0.078	0.15	0.082	0.078	0.071	0.0689999999999999	0.074	0.04	0.0809999999999999	0.0699999999999999	0.077	0.099	0.048	0.122	0.087	0.101	0.036	0.052	0.075	0.053	0.073	0.0809999999999999	0.073	0.062	0.077	0.095	0.079	0.087	0.068	0.1389999999999999	0.08	0.096	0.076	0.098	0.062	0.088	0.052	0.0809999999999999	0.089	0.106	0.0569999999999999	0.076	0.1369999999999999	0.074	0.0699999999999999	0.049	0.062	0.098	0.0849999999999999	0.103	0.092	0.104	0.145	0.0699999999999999	0.1129999999999999	0.096	0.09	0.051	0.106	0.083	0.065	0.093	0.108	0.0569999999999999	0.131	0.077	0.046	0.087
Blastochloris viridis	0.039	0.015	0.019	0.126	0.011	0.058	0.062	0.05	0.071	0.1139999999999999	0.023	0.043	0.016	0.012	0.021	0.0279999999999999	0.051	0.044	0.025	0.027	0.063	0.076	0.017	0.058	0.055	0.036	0.023	0.052	0.064	0.011	0.03	0.018	0.03	0.048	0.047	0.077	0.074	0.0809999999999999	0.06	0.017	0.06	0.026	0.122	0.047	0.022	0.064	0.109	0.031	0.077	0.023	0.05	0.027	0.063	0.013	0.024	0.029	0.025	0.0279999999999999	0.044	0.043	0.018	0.013	0.062	0.059	0.054	0.055	0.054	0.036	0.0689999999999999	0.059	0.055	0.059	0.047	0.0349999999999999	0.087	0.0139999999999999	0.043	0.02	0.052	0.052	0.033	0.061	0.023	0.074	0.031	0.049	0.0689999999999999	0.046	0.051	0.039	0.0569999999999999	0.063	0.043	0.039	0.017	0.039	0.076	0.0349999999999999	0.046	0.062	0.0279999999999999	0.062	0.032	0.015	0.038
Starkeya novella	0.092	0.024	0.029	0.129	0.02	0.065	0.0699999999999999	0.0559999999999999	0.0809999999999999	0.121	0.039	0.05	0.025	0.021	0.037	0.049	0.0569999999999999	0.055	0.045	0.041	0.08	0.083	0.029	0.064	0.062	0.041	0.038	0.059	0.073	0.017	0.045	0.026	0.039	0.053	0.065	0.087	0.079	0.084	0.065	0.034	0.067	0.039	0.128	0.058	0.031	0.078	0.117	0.046	0.1	0.039	0.062	0.038	0.0689999999999999	0.019	0.032	0.04	0.043	0.045	0.0569999999999999	0.06	0.052	0.022	0.075	0.082	0.063	0.071	0.061	0.053	0.076	0.078	0.061	0.065	0.06	0.067	0.105	0.0279999999999999	0.05	0.031	0.058	0.059	0.048	0.076	0.053	0.1	0.045	0.063	0.094	0.053	0.062	0.047	0.071	0.071	0.051	0.093	0.031	0.054	0.094	0.046	0.06	0.0699999999999999	0.041	0.071	0.044	0.03	0.047
Streptomyces anulatus	0.026	0.008	0.013	0.052	0.045	0.036	0.038	0.025	0.038	0.034	0.022	0.032	0.01	0.012	0.0069999999999999	0.0349999999999999	0.041	0.124	0.016	0.018	0.013	0.05	0.013	0.053	0.042	0.024	0.029	0.052	0.0689999999999999	0.004	0.031	0.016	0.05	0.0279999999999999	0.019	0.0569999999999999	0.043	0.043	0.0279999999999999	0.009	0.049	0.036	0.0349999999999999	0.083	0.013	0.025	0.041	0.019	0.019	0.013	0.033	0.032	0.0559999999999999	0.005	0.0139999999999999	0.041	0.019	0.017	0.071	0.049	0.0069999999999999	0.006	0.04	0.023	0.0569999999999999	0.018	0.025	0.025	0.043	0.03	0.038	0.064	0.016	0.032	0.029	0.011	0.0349999999999999	0.018	0.102	0.04	0.029	0.0349999999999999	0.0069999999999999	0.065	0.02	0.027	0.019	0.055	0.103	0.017	0.03	0.04	0.043	0.027	0.01	0.019	0.033	0.116	0.027	0.036	0.022	0.04	0.061	0.019	0.111
Frankia sp. QA3	0.025	0.011	0.016	0.077	0.012	0.054	0.0699999999999999	0.051	0.087	0.0689999999999999	0.009	0.043	0.008	0.01	0.009	0.023	0.045	0.038	0.017	0.018	0.025	0.091	0.012	0.074	0.064	0.054	0.016	0.054	0.064	0.006	0.026	0.011	0.019	0.062	0.026	0.068	0.075	0.089	0.065	0.01	0.0689999999999999	0.019	0.077	0.0349999999999999	0.0139999999999999	0.037	0.072	0.017	0.047	0.013	0.055	0.017	0.06	0.011	0.016	0.024	0.016	0.018	0.034	0.03	0.012	0.009	0.062	0.037	0.054	0.038	0.051	0.023	0.0689999999999999	0.041	0.051	0.077	0.025	0.0139999999999999	0.067	0.019	0.052	0.015	0.053	0.058	0.02	0.0849999999999999	0.015	0.0559999999999999	0.031	0.038	0.043	0.049	0.048	0.027	0.046	0.0689999999999999	0.04	0.018	0.009	0.027	0.067	0.047	0.031	0.074	0.015	0.0689999999999999	0.029	0.01	0.046
Streptomyces sp. ETH9427	0.02	0.009	0.01	0.031	0.074	0.04	0.039	0.026	0.04	0.032	0.0279999999999999	0.036	0.011	0.01	0.0069999999999999	0.03	0.043	0.095	0.022	0.02	0.012	0.05	0.013	0.053	0.041	0.023	0.039	0.063	0.084	0.005	0.026	0.023	0.05	0.032	0.02	0.059	0.053	0.043	0.03	0.012	0.0559999999999999	0.0349999999999999	0.029	0.09	0.011	0.022	0.0349999999999999	0.02	0.0139999999999999	0.011	0.037	0.033	0.068	0.004	0.0139999999999999	0.045	0.025	0.017	0.09	0.0569999999999999	0.006	0.005	0.041	0.023	0.058	0.015	0.025	0.031	0.047	0.022	0.036	0.082	0.013	0.023	0.025	0.012	0.038	0.019	0.1129999999999999	0.042	0.023	0.0349999999999999	0.0069999999999999	0.037	0.021	0.024	0.015	0.059	0.079	0.018	0.032	0.05	0.05	0.023	0.013	0.025	0.03	0.096	0.0279999999999999	0.038	0.023	0.041	0.0569999999999999	0.022	0.102
Xanthomonas campestris	0.045	0.016	0.031	0.037	0.032	0.037	0.032	0.025	0.037	0.037	0.0559999999999999	0.023	0.0349999999999999	0.033	0.037	0.025	0.031	0.024	0.023	0.025	0.044	0.036	0.03	0.031	0.025	0.023	0.023	0.032	0.032	0.0139999999999999	0.037	0.04	0.0279999999999999	0.027	0.029	0.037	0.034	0.038	0.027	0.037	0.034	0.142	0.038	0.0349999999999999	0.018	0.062	0.043	0.03	0.086	0.034	0.046	0.045	0.029	0.013	0.024	0.03	0.026	0.053	0.041	0.117	0.054	0.029	0.044	0.058	0.033	0.1	0.0349999999999999	0.034	0.034	0.058	0.033	0.034	0.033	0.047	0.059	0.018	0.021	0.039	0.026	0.027	0.0849999999999999	0.042	0.025	0.032	0.031	0.169	0.09	0.03	0.034	0.025	0.042	0.029	0.029	0.066	0.037	0.039	0.059	0.022	0.051	0.031	0.044	0.027	0.033	0.03	0.0279999999999999
[Polyangium] brachysporum	0.064	0.036	0.03	0.063	0.103	0.053	0.0559999999999999	0.036	0.063	0.066	0.048	0.041	0.037	0.018	0.036	0.052	0.04	0.044	0.046	0.036	0.074	0.053	0.042	0.047	0.044	0.037	0.036	0.046	0.047	0.022	0.053	0.054	0.045	0.037	0.062	0.053	0.064	0.05	0.036	0.047	0.054	0.042	0.071	0.051	0.0279999999999999	0.073	0.068	0.06	0.146	0.063	0.091	0.061	0.052	0.023	0.037	0.041	0.048	0.048	0.06	0.066	0.034	0.041	0.0689999999999999	0.097	0.053	0.076	0.05	0.071	0.075	0.077	0.047	0.046	0.0559999999999999	0.054	0.116	0.041	0.046	0.032	0.05	0.048	0.072	0.074	0.022	0.067	0.054	0.052	0.1709999999999999	0.042	0.0559999999999999	0.041	0.078	0.047	0.054	0.075	0.044	0.084	0.128	0.041	0.0699999999999999	0.05	0.041	0.062	0.05	0.034	0.055
Granulicella tundricola	0.022	0.004	0.013	0.046	0.008	0.0559999999999999	0.045	0.045	0.049	0.039	0.027	0.036	0.0069999999999999	0.004	0.031	0.011	0.054	0.031	0.021	0.013	0.04	0.059	0.012	0.062	0.0569999999999999	0.0349999999999999	0.019	0.063	0.06	0.005	0.017	0.016	0.029	0.031	0.019	0.0809999999999999	0.048	0.076	0.0689999999999999	0.02	0.066	0.015	0.038	0.066	0.008	0.037	0.046	0.009	0.026	0.01	0.066	0.017	0.0559999999999999	0.005	0.016	0.013	0.009	0.011	0.02	0.029	0.018	0.0279999999999999	0.064	0.019	0.076	0.022	0.08	0.017	0.055	0.016	0.067	0.043	0.016	0.0139999999999999	0.054	0.0139999999999999	0.074	0.009	0.0809999999999999	0.052	0.019	0.034	0.012	0.023	0.016	0.025	0.03	0.0559999999999999	0.043	0.062	0.053	0.096	0.05	0.0569999999999999	0.006	0.03	0.046	0.036	0.025	0.075	0.015	0.096	0.026	0.008	0.058
Actinosynnema pretiosum	0.03	0.015	0.019	0.078	0.016	0.059	0.071	0.05	0.09	0.08	0.0139999999999999	0.043	0.011	0.0139999999999999	0.013	0.032	0.048	0.045	0.024	0.022	0.03	0.09	0.016	0.078	0.067	0.0559999999999999	0.022	0.062	0.067	0.008	0.033	0.015	0.025	0.059	0.039	0.072	0.076	0.083	0.061	0.018	0.072	0.022	0.082	0.044	0.017	0.04	0.078	0.025	0.0559999999999999	0.019	0.063	0.022	0.065	0.013	0.019	0.0279999999999999	0.024	0.025	0.042	0.036	0.012	0.017	0.067	0.048	0.061	0.045	0.054	0.033	0.076	0.05	0.06	0.076	0.029	0.02	0.073	0.011	0.054	0.017	0.0559999999999999	0.062	0.027	0.093	0.013	0.074	0.039	0.045	0.051	0.055	0.055	0.027	0.054	0.068	0.042	0.031	0.0139999999999999	0.03	0.077	0.05	0.037	0.071	0.021	0.073	0.037	0.015	0.051
Burkholderiales bacterium JOSHI_001	0.059	0.0279999999999999	0.027	0.062	0.078	0.051	0.055	0.037	0.066	0.065	0.043	0.039	0.033	0.017	0.034	0.046	0.041	0.044	0.04	0.03	0.067	0.052	0.032	0.049	0.046	0.036	0.031	0.046	0.046	0.019	0.046	0.044	0.046	0.037	0.062	0.053	0.064	0.048	0.036	0.042	0.053	0.038	0.068	0.047	0.024	0.066	0.066	0.051	0.143	0.054	0.105	0.051	0.052	0.022	0.032	0.038	0.041	0.042	0.054	0.059	0.031	0.044	0.064	0.095	0.048	0.0699999999999999	0.046	0.061	0.073	0.073	0.046	0.045	0.042	0.053	0.118	0.036	0.047	0.027	0.048	0.047	0.067	0.077	0.02	0.059	0.047	0.048	0.163	0.043	0.053	0.037	0.077	0.05	0.055	0.0699999999999999	0.038	0.0699999999999999	0.129	0.04	0.059	0.051	0.038	0.062	0.044	0.03	0.051
Streptomyces sp. HNM0039	0.027	0.01	0.013	0.042	0.062	0.046	0.049	0.032	0.051	0.04	0.023	0.038	0.011	0.012	0.008	0.03	0.054	0.098	0.021	0.021	0.016	0.066	0.0139999999999999	0.067	0.053	0.03	0.0349999999999999	0.065	0.079	0.005	0.0279999999999999	0.019	0.046	0.036	0.023	0.065	0.055	0.0559999999999999	0.037	0.011	0.062	0.0349999999999999	0.039	0.083	0.013	0.031	0.045	0.02	0.023	0.013	0.04	0.034	0.068	0.006	0.016	0.045	0.024	0.018	0.084	0.055	0.0069999999999999	0.006	0.044	0.027	0.059	0.021	0.031	0.0279999999999999	0.0559999999999999	0.03	0.049	0.0809999999999999	0.018	0.024	0.034	0.012	0.044	0.02	0.108	0.053	0.026	0.045	0.008	0.046	0.023	0.03	0.022	0.074	0.082	0.02	0.034	0.053	0.051	0.022	0.012	0.025	0.038	0.103	0.03	0.049	0.023	0.051	0.051	0.019	0.091
Stenotrophomonas sp. G4	0.006	0.003	0.004	0.004	0.004	0.004	0.004	0.005	0.005	0.006	0.011	0.002	0.004	0.009	0.003	0.0069999999999999	0.003	0.003	0.003	0.003	0.005	0.004	0.004	0.003	0.003	0.003	0.003	0.004	0.004	0.003	0.0069999999999999	0.005	0.004	0.003	0.004	0.005	0.004	0.004	0.003	0.005	0.004	0.0069999999999999	0.005	0.005	0.002	0.008	0.005	0.0069999999999999	0.008	0.01	0.006	0.004	0.0069999999999999	0.003	0.005	0.004	0.006	0.006	0.005	0.015	0.006	0.003	0.005	0.0069999999999999	0.004	0.202	0.004	0.006	0.003	0.0069999999999999	0.004	0.004	0.005	0.06	0.0069999999999999	0.002	0.003	0.005	0.003	0.003	0.126	0.004	0.012	0.004	0.01	0.004	0.009	0.003	0.004	0.003	0.006	0.003	0.004	0.008	0.006	0.005	0.006	0.004	0.006	0.003	0.004	0.003	0.005	0.012	0.004
Pseudoxanthomonas suwonensis	0.052	0.019	0.02	0.042	0.022	0.04	0.039	0.025	0.039	0.042	0.038	0.025	0.022	0.021	0.022	0.026	0.031	0.031	0.022	0.024	0.048	0.041	0.027	0.031	0.026	0.025	0.021	0.032	0.036	0.015	0.036	0.0279999999999999	0.03	0.03	0.031	0.038	0.036	0.039	0.0279999999999999	0.031	0.037	0.062	0.047	0.04	0.018	0.076	0.046	0.032	0.118	0.025	0.053	0.037	0.033	0.0139999999999999	0.02	0.027	0.0279999999999999	0.043	0.05	0.1699999999999999	0.042	0.025	0.051	0.078	0.036	0.1129999999999999	0.037	0.041	0.037	0.083	0.033	0.036	0.0349999999999999	0.047	0.071	0.016	0.024	0.0349999999999999	0.03	0.029	0.064	0.044	0.021	0.036	0.0349999999999999	0.039	0.125	0.03	0.038	0.027	0.046	0.032	0.032	0.052	0.029	0.042	0.068	0.026	0.0559999999999999	0.0349999999999999	0.03	0.036	0.042	0.027	0.032
Pseudarthrobacter chlorophenolicus	0.05	0.003	0.004	0.013	0.005	0.031	0.026	0.009	0.017	0.0139999999999999	0.004	0.01	0.003	0.0069999999999999	0.002	0.008	0.075	0.015	0.0069999999999999	0.006	0.018	0.042	0.011	0.0139999999999999	0.011	0.018	0.006	0.052	0.037	0.005	0.023	0.008	0.0139999999999999	0.021	0.019	0.013	0.012	0.026	0.0139999999999999	0.008	0.02	0.0069999999999999	0.015	0.038	0.004	0.05	0.016	0.01	0.031	0.004	0.128	0.008	0.0139999999999999	0.003	0.004	0.009	0.0139999999999999	0.008	0.032	0.044	0.002	0.004	0.049	0.0349999999999999	0.144	0.0279999999999999	0.054	0.021	0.011	0.062	0.019	0.024	0.008	0.013	0.015	0.002	0.01	0.0069999999999999	0.015	0.01	0.031	0.018	0.002	0.018	0.0069999999999999	0.015	0.026	0.012	0.019	0.037	0.053	0.026	0.01	0.011	0.01	0.037	0.021	0.0139999999999999	0.041	0.015	0.004	0.059	0.082	0.015	0.0139999999999999
Nitrobacter winogradskyi	0.04	0.015	0.019	0.119	0.008	0.064	0.061	0.058	0.073	0.107	0.031	0.05	0.017	0.011	0.029	0.031	0.0569999999999999	0.054	0.029	0.031	0.0689999999999999	0.077	0.021	0.068	0.061	0.038	0.027	0.061	0.0689999999999999	0.012	0.037	0.017	0.036	0.05	0.051	0.077	0.071	0.079	0.065	0.031	0.065	0.0279999999999999	0.11	0.051	0.021	0.055	0.1129999999999999	0.031	0.066	0.031	0.046	0.029	0.066	0.011	0.026	0.031	0.033	0.034	0.045	0.038	0.026	0.016	0.065	0.0559999999999999	0.068	0.053	0.058	0.042	0.071	0.0559999999999999	0.068	0.063	0.045	0.049	0.087	0.027	0.05	0.021	0.05	0.054	0.036	0.065	0.029	0.084	0.0349999999999999	0.047	0.0569999999999999	0.053	0.053	0.04	0.071	0.078	0.046	0.051	0.02	0.036	0.072	0.038	0.044	0.068	0.033	0.067	0.037	0.016	0.039
Alloactinosynnema sp. L-07	0.027	0.011	0.017	0.073	0.012	0.053	0.065	0.048	0.0849999999999999	0.073	0.01	0.041	0.009	0.011	0.01	0.026	0.042	0.04	0.021	0.019	0.025	0.086	0.013	0.0699999999999999	0.062	0.054	0.018	0.0559999999999999	0.061	0.0069999999999999	0.0279999999999999	0.012	0.02	0.058	0.032	0.066	0.071	0.079	0.059	0.012	0.066	0.017	0.079	0.037	0.015	0.036	0.071	0.02	0.049	0.015	0.0559999999999999	0.018	0.06	0.011	0.016	0.024	0.019	0.02	0.033	0.03	0.01	0.013	0.065	0.04	0.0559999999999999	0.039	0.051	0.027	0.0699999999999999	0.043	0.052	0.071	0.026	0.015	0.0699999999999999	0.008	0.05	0.015	0.047	0.054	0.022	0.092	0.012	0.067	0.034	0.039	0.044	0.046	0.049	0.024	0.05	0.063	0.039	0.021	0.01	0.025	0.072	0.047	0.031	0.068	0.017	0.068	0.032	0.012	0.046
Aquabacterium olei	0.058	0.032	0.03	0.062	0.09	0.052	0.055	0.037	0.067	0.068	0.047	0.039	0.032	0.015	0.032	0.049	0.038	0.041	0.044	0.03	0.062	0.053	0.0349999999999999	0.049	0.047	0.038	0.033	0.046	0.045	0.02	0.046	0.043	0.045	0.036	0.0559999999999999	0.051	0.065	0.047	0.0349999999999999	0.045	0.053	0.039	0.0689999999999999	0.047	0.024	0.061	0.066	0.051	0.135	0.061	0.094	0.053	0.053	0.021	0.031	0.037	0.043	0.042	0.052	0.054	0.032	0.043	0.066	0.086	0.048	0.065	0.044	0.065	0.077	0.067	0.047	0.046	0.043	0.051	0.117	0.038	0.048	0.0279999999999999	0.049	0.049	0.066	0.077	0.018	0.06	0.049	0.043	0.161	0.042	0.0559999999999999	0.0349999999999999	0.076	0.046	0.051	0.078	0.041	0.073	0.132	0.04	0.058	0.052	0.037	0.063	0.043	0.03	0.052
Burkholderia multivorans	0.041	0.03	0.063	0.044	0.065	0.058	0.074	0.101	0.06	0.04	0.023	0.0849999999999999	0.032	0.015	0.037	0.031	0.071	0.052	0.047	0.038	0.077	0.054	0.042	0.054	0.09	0.074	0.053	0.055	0.06	0.018	0.0349999999999999	0.04	0.033	0.068	0.0569999999999999	0.0569999999999999	0.062	0.0559999999999999	0.118	0.051	0.0559999999999999	0.032	0.044	0.043	0.02	0.047	0.045	0.042	0.063	0.025	0.089	0.039	0.071	0.023	0.026	0.052	0.029	0.038	0.05	0.041	0.033	0.043	0.068	0.044	0.065	0.04	0.111	0.038	0.068	0.044	0.074	0.042	0.044	0.03	0.055	0.054	0.084	0.031	0.055	0.109	0.036	0.047	0.027	0.039	0.054	0.047	0.067	0.066	0.078	0.124	0.047	0.098	0.066	0.047	0.022	0.065	0.052	0.041	0.05	0.083	0.025	0.1139999999999999	0.046	0.027	0.066
Streptomyces sp. 4F	0.022	0.01	0.011	0.032	0.0689999999999999	0.041	0.04	0.027	0.042	0.031	0.0279999999999999	0.0349999999999999	0.011	0.01	0.008	0.03	0.045	0.088	0.022	0.019	0.012	0.053	0.013	0.0559999999999999	0.042	0.024	0.034	0.063	0.083	0.005	0.025	0.021	0.044	0.031	0.022	0.0569999999999999	0.052	0.043	0.03	0.015	0.0559999999999999	0.032	0.03	0.079	0.012	0.023	0.036	0.02	0.016	0.012	0.036	0.029	0.066	0.005	0.015	0.04	0.024	0.017	0.0809999999999999	0.048	0.006	0.006	0.041	0.024	0.058	0.017	0.025	0.029	0.049	0.023	0.037	0.0809999999999999	0.0139999999999999	0.023	0.026	0.013	0.04	0.017	0.111	0.045	0.024	0.0349999999999999	0.0069999999999999	0.041	0.019	0.022	0.016	0.062	0.077	0.018	0.031	0.049	0.048	0.023	0.012	0.02	0.031	0.094	0.027	0.039	0.022	0.041	0.06	0.019	0.107
Pseudarthrobacter equi	0.05	0.003	0.004	0.013	0.006	0.03	0.024	0.008	0.017	0.0139999999999999	0.004	0.009	0.009	0.008	0.002	0.008	0.0699999999999999	0.015	0.008	0.006	0.018	0.04	0.011	0.013	0.011	0.018	0.006	0.051	0.036	0.005	0.025	0.008	0.0139999999999999	0.02	0.019	0.013	0.012	0.025	0.0139999999999999	0.008	0.02	0.0069999999999999	0.0139999999999999	0.037	0.004	0.052	0.016	0.01	0.032	0.004	0.125	0.009	0.013	0.003	0.004	0.009	0.0139999999999999	0.009	0.033	0.044	0.002	0.004	0.048	0.036	0.141	0.029	0.052	0.025	0.011	0.064	0.018	0.023	0.009	0.013	0.0139999999999999	0.002	0.01	0.0069999999999999	0.0139999999999999	0.009	0.031	0.018	0.002	0.019	0.008	0.015	0.026	0.012	0.019	0.037	0.053	0.025	0.009	0.012	0.011	0.038	0.022	0.0139999999999999	0.041	0.015	0.005	0.0569999999999999	0.0809999999999999	0.016	0.013
Streptomyces sp. CB09001	0.018	0.009	0.011	0.031	0.073	0.042	0.039	0.027	0.04	0.03	0.0279999999999999	0.0349999999999999	0.011	0.009	0.0069999999999999	0.03	0.042	0.077	0.022	0.017	0.011	0.05	0.011	0.0569999999999999	0.042	0.024	0.033	0.065	0.0809999999999999	0.005	0.023	0.02	0.042	0.031	0.02	0.0569999999999999	0.052	0.047	0.03	0.012	0.0569999999999999	0.031	0.0279999999999999	0.075	0.011	0.021	0.0349999999999999	0.018	0.0139999999999999	0.011	0.0349999999999999	0.027	0.068	0.004	0.0139999999999999	0.037	0.023	0.015	0.079	0.046	0.006	0.006	0.038	0.021	0.054	0.0139999999999999	0.025	0.027	0.048	0.02	0.038	0.078	0.013	0.021	0.024	0.012	0.04	0.017	0.1129999999999999	0.045	0.021	0.032	0.0069999999999999	0.034	0.017	0.019	0.0139999999999999	0.06	0.073	0.018	0.029	0.05	0.046	0.022	0.012	0.019	0.03	0.087	0.025	0.038	0.02	0.039	0.054	0.018	0.104
Mucilaginibacter sp. BJC16-A31	0.02	0.002	0.011	0.013	0.022	0.04	0.022	0.026	0.075	0.038	0.067	0.0139999999999999	0.013	0.005	0.0139999999999999	0.006	0.011	0.003	0.013	0.0069999999999999	0.012	0.024	0.026	0.128	0.126	0.04	0.012	0.043	0.01	0.004	0.027	0.018	0.02	0.004	0.013	0.017	0.084	0.029	0.027	0.029	0.023	0.01	0.006	0.005	0.0069999999999999	0.0069999999999999	0.01	0.006	0.005	0.009	0.029	0.022	0.046	0.001	0.016	0.005	0.0069999999999999	0.018	0.01	0.009	0.0069999999999999	0.03	0.019	0.015	0.008	0.009	0.009	0.026	0.091	0.006	0.033	0.017	0.004	0.0139999999999999	0.0139999999999999	0.025	0.04	0.01	0.013	0.045	0.036	0.025	0.002	0.004	0.0069999999999999	0.006	0.006	0.029	0.019	0.002	0.012	0.0139999999999999	0.012	0.047	0.017	0.019	0.045	0.016	0.016	0.036	0.006	0.044	0.011	0.009	0.018
Lacunisphaera limnophila	0.024	0.009	0.018	0.05	0.006	0.049	0.086	0.036	0.0689999999999999	0.059	0.009	0.047	0.012	0.006	0.0139999999999999	0.018	0.061	0.029	0.016	0.0139999999999999	0.03	0.067	0.01	0.052	0.039	0.037	0.015	0.042	0.047	0.01	0.019	0.012	0.029	0.045	0.033	0.054	0.058	0.06	0.042	0.008	0.043	0.017	0.052	0.031	0.012	0.039	0.055	0.017	0.0809999999999999	0.015	0.127	0.015	0.063	0.015	0.013	0.025	0.019	0.016	0.03	0.046	0.013	0.011	0.0559999999999999	0.0569999999999999	0.041	0.034	0.033	0.023	0.073	0.042	0.043	0.063	0.019	0.016	0.0809999999999999	0.009	0.046	0.01	0.051	0.054	0.022	0.067	0.016	0.038	0.024	0.029	0.067	0.045	0.032	0.0279999999999999	0.051	0.044	0.04	0.044	0.012	0.029	0.076	0.029	0.026	0.066	0.015	0.066	0.022	0.0139999999999999	0.043
Micromonospora viridifaciens	0.027	0.013	0.0139999999999999	0.074	0.013	0.048	0.061	0.047	0.078	0.078	0.012	0.038	0.008	0.01	0.01	0.024	0.042	0.058	0.017	0.019	0.025	0.084	0.013	0.065	0.0569999999999999	0.049	0.019	0.051	0.063	0.006	0.0279999999999999	0.011	0.025	0.0569999999999999	0.0279999999999999	0.065	0.067	0.077	0.058	0.0139999999999999	0.063	0.018	0.086	0.059	0.0139999999999999	0.039	0.084	0.019	0.044	0.017	0.049	0.02	0.0559999999999999	0.01	0.017	0.024	0.016	0.019	0.0349999999999999	0.0349999999999999	0.009	0.009	0.064	0.038	0.064	0.038	0.05	0.0279999999999999	0.061	0.044	0.046	0.071	0.026	0.016	0.058	0.0069999999999999	0.046	0.015	0.061	0.051	0.022	0.075	0.01	0.06	0.031	0.039	0.041	0.046	0.059	0.027	0.049	0.062	0.038	0.02	0.01	0.0279999999999999	0.059	0.052	0.033	0.064	0.018	0.061	0.0349999999999999	0.01	0.055
Janibacter indicus	0.026	0.008	0.015	0.0559999999999999	0.006	0.039	0.05	0.034	0.073	0.083	0.006	0.038	0.006	0.012	0.0069999999999999	0.023	0.037	0.041	0.015	0.015	0.022	0.071	0.012	0.046	0.04	0.047	0.0139999999999999	0.052	0.059	0.006	0.029	0.008	0.016	0.051	0.022	0.0559999999999999	0.049	0.06	0.043	0.01	0.059	0.0139999999999999	0.093	0.033	0.012	0.03	0.058	0.015	0.059	0.012	0.054	0.015	0.046	0.011	0.0139999999999999	0.022	0.015	0.018	0.031	0.024	0.008	0.01	0.072	0.042	0.06	0.039	0.049	0.022	0.048	0.045	0.038	0.062	0.02	0.011	0.074	0.005	0.036	0.013	0.04	0.039	0.023	0.109	0.008	0.065	0.033	0.038	0.045	0.034	0.051	0.018	0.058	0.051	0.03	0.019	0.009	0.022	0.0809999999999999	0.045	0.03	0.046	0.0139999999999999	0.052	0.033	0.01	0.05
Neorhizobium galegae	0.1369999999999999	0.026	0.032	0.077	0.044	0.045	0.045	0.038	0.048	0.073	0.125	0.037	0.0559999999999999	0.037	0.038	0.071	0.0349999999999999	0.0349999999999999	0.048	0.041	0.053	0.048	0.039	0.045	0.042	0.0279999999999999	0.037	0.055	0.053	0.068	0.061	0.037	0.038	0.032	0.124	0.051	0.051	0.049	0.04	0.066	0.048	0.05	0.065	0.04	0.045	0.058	0.0689999999999999	0.058	0.062	0.0699999999999999	0.042	0.041	0.046	0.022	0.033	0.031	0.091	0.107	0.045	0.06	0.049	0.031	0.049	0.088	0.04	0.076	0.038	0.066	0.059	0.066	0.041	0.044	0.045	0.0849999999999999	0.067	0.043	0.037	0.068	0.038	0.038	0.0699999999999999	0.051	0.038	0.074	0.051	0.042	0.064	0.043	0.049	0.03	0.053	0.047	0.0349999999999999	0.134	0.076	0.038	0.0809999999999999	0.034	0.051	0.044	0.042	0.047	0.086	0.046	0.037
Klebsiella aerogenes	0.004	0.003	0.2269999999999999	0.0069999999999999	0.003	0.005	0.006	0.005	0.0069999999999999	0.0069999999999999	0.005	0.004	0.004	0.01	0.004	0.01	0.005	0.004	0.043	0.004	0.005	0.008	0.006	0.006	0.005	0.004	0.003	0.005	0.005	0.013	0.004	0.004	0.004	0.004	0.004	0.006	0.0069999999999999	0.008	0.005	0.003	0.006	0.004	0.008	0.005	0.004	0.006	0.011	0.006	0.009	0.006	0.0069999999999999	0.005	0.005	0.016	0.003	0.004	0.01	0.006	0.005	0.006	0.005	0.006	0.0069999999999999	0.006	0.006	0.009	0.006	0.005	0.006	0.005	0.006	0.006	0.005	0.01	0.008	0.006	0.004	0.004	0.005	0.004	0.005	0.006	0.011	0.005	0.005	0.005	0.0069999999999999	0.004	0.005	0.005	0.006	0.006	0.005	0.006	0.004	0.004	0.008	0.004	0.004	0.006	0.005	0.006	0.005	0.005	0.005
Pseudomonas sp. TKP	0.023	0.058	0.092	0.005	0.018	0.025	0.011	0.006	0.006	0.005	0.0349999999999999	0.017	0.054	0.086	0.042	0.054	0.018	0.015	0.055	0.0349999999999999	0.015	0.006	0.043	0.006	0.004	0.044	0.02	0.013	0.006	0.107	0.03	0.025	0.043	0.038	0.024	0.005	0.004	0.008	0.006	0.041	0.011	0.036	0.0069999999999999	0.008	0.059	0.018	0.006	0.02	0.0069999999999999	0.048	0.008	0.033	0.015	0.066	0.043	0.037	0.008	0.032	0.0069999999999999	0.017	0.038	0.033	0.01	0.0069999999999999	0.0069999999999999	0.005	0.005	0.012	0.006	0.012	0.008	0.005	0.027	0.029	0.006	0.038	0.04	0.059	0.011	0.006	0.013	0.006	0.043	0.004	0.015	0.013	0.006	0.013	0.006	0.004	0.024	0.004	0.034	0.0139999999999999	0.0809999999999999	0.024	0.0069999999999999	0.015	0.0069999999999999	0.005	0.059	0.006	0.011	0.067	0.006
Mucilaginibacter mallensis	0.039	0.003	0.019	0.011	0.055	0.034	0.021	0.026	0.049	0.033	0.111	0.015	0.027	0.012	0.022	0.011	0.01	0.003	0.029	0.013	0.02	0.018	0.053	0.083	0.101	0.025	0.025	0.047	0.0139999999999999	0.0069999999999999	0.036	0.026	0.024	0.005	0.013	0.017	0.068	0.017	0.02	0.061	0.0279999999999999	0.016	0.006	0.006	0.015	0.011	0.013	0.012	0.008	0.019	0.029	0.045	0.042	0.002	0.03	0.011	0.016	0.037	0.022	0.012	0.013	0.064	0.019	0.022	0.011	0.017	0.01	0.048	0.08	0.012	0.033	0.018	0.0069999999999999	0.032	0.0139999999999999	0.047	0.04	0.019	0.0139999999999999	0.043	0.082	0.026	0.003	0.0069999999999999	0.012	0.009	0.009	0.026	0.021	0.004	0.015	0.017	0.0139999999999999	0.099	0.039	0.02	0.047	0.016	0.025	0.031	0.011	0.041	0.02	0.018	0.026
Devosia sp. A16	0.072	0.024	0.032	0.068	0.018	0.046	0.045	0.036	0.046	0.065	0.058	0.039	0.022	0.02	0.036	0.06	0.032	0.029	0.043	0.033	0.051	0.045	0.032	0.037	0.034	0.025	0.034	0.037	0.04	0.021	0.041	0.0279999999999999	0.04	0.033	0.0699999999999999	0.045	0.046	0.043	0.033	0.036	0.042	0.0349999999999999	0.061	0.037	0.036	0.05	0.065	0.095	0.071	0.06	0.042	0.027	0.044	0.017	0.031	0.037	0.059	0.0349999999999999	0.049	0.0559999999999999	0.033	0.026	0.049	0.105	0.0349999999999999	0.051	0.033	0.0809999999999999	0.05	0.062	0.0349999999999999	0.037	0.038	0.074	0.067	0.027	0.031	0.023	0.033	0.038	0.054	0.0559999999999999	0.048	0.101	0.048	0.036	0.063	0.032	0.043	0.025	0.042	0.036	0.032	0.187	0.037	0.036	0.064	0.031	0.043	0.042	0.043	0.043	0.049	0.033	0.033
Micromonospora krabiensis	0.03	0.02	0.019	0.071	0.0139999999999999	0.051	0.066	0.045	0.083	0.074	0.017	0.041	0.011	0.012	0.011	0.029	0.045	0.055	0.023	0.022	0.027	0.09	0.015	0.068	0.059	0.05	0.025	0.055	0.067	0.0069999999999999	0.032	0.012	0.0279999999999999	0.058	0.0349999999999999	0.072	0.0689999999999999	0.078	0.06	0.023	0.0689999999999999	0.022	0.078	0.06	0.016	0.04	0.071	0.024	0.048	0.023	0.054	0.026	0.061	0.011	0.019	0.0279999999999999	0.021	0.023	0.039	0.038	0.013	0.013	0.0689999999999999	0.044	0.064	0.041	0.0559999999999999	0.037	0.063	0.05	0.049	0.074	0.029	0.022	0.067	0.009	0.047	0.018	0.059	0.052	0.026	0.089	0.012	0.0699999999999999	0.037	0.045	0.045	0.052	0.059	0.029	0.0559999999999999	0.065	0.04	0.029	0.013	0.031	0.0689999999999999	0.049	0.0349999999999999	0.066	0.021	0.064	0.036	0.012	0.049
Pseudomonas sp. K2W31S-8	0.03	0.075	0.095	0.015	0.016	0.02	0.016	0.011	0.012	0.0139999999999999	0.037	0.0139999999999999	0.073	0.042	0.039	0.038	0.021	0.015	0.089	0.043	0.018	0.012	0.0569999999999999	0.01	0.01	0.023	0.032	0.016	0.011	0.05	0.025	0.026	0.026	0.029	0.026	0.012	0.012	0.0139999999999999	0.011	0.058	0.013	0.022	0.015	0.017	0.084	0.02	0.016	0.041	0.02	0.079	0.018	0.029	0.012	0.11	0.047	0.024	0.0569999999999999	0.042	0.0139999999999999	0.02	0.049	0.076	0.015	0.016	0.011	0.0139999999999999	0.011	0.023	0.012	0.02	0.015	0.012	0.033	0.051	0.018	0.049	0.018	0.051	0.012	0.01	0.026	0.012	0.034	0.011	0.034	0.034	0.02	0.013	0.012	0.009	0.018	0.011	0.023	0.029	0.049	0.024	0.017	0.029	0.0139999999999999	0.012	0.045	0.015	0.015	0.077	0.011
Streptomyces sp. fd1-xmd	0.024	0.009	0.012	0.043	0.049	0.047	0.052	0.032	0.05	0.041	0.019	0.033	0.009	0.011	0.0069999999999999	0.024	0.0569999999999999	0.077	0.017	0.016	0.015	0.067	0.012	0.068	0.055	0.031	0.026	0.064	0.076	0.004	0.024	0.015	0.037	0.0349999999999999	0.022	0.061	0.05	0.0559999999999999	0.038	0.01	0.06	0.027	0.041	0.0699999999999999	0.012	0.039	0.045	0.017	0.025	0.011	0.041	0.025	0.064	0.006	0.013	0.0349999999999999	0.02	0.015	0.072	0.084	0.0069999999999999	0.006	0.042	0.029	0.0559999999999999	0.024	0.032	0.024	0.054	0.0279999999999999	0.051	0.076	0.016	0.021	0.0349999999999999	0.01	0.045	0.016	0.091	0.054	0.022	0.045	0.0069999999999999	0.041	0.02	0.025	0.036	0.073	0.0689999999999999	0.019	0.034	0.053	0.046	0.02	0.01	0.024	0.037	0.0809999999999999	0.029	0.05	0.019	0.054	0.046	0.016	0.074
Cupriavidus pinatubonensis	0.0699999999999999	0.039	0.0349999999999999	0.068	0.067	0.055	0.059	0.05	0.053	0.066	0.031	0.05	0.0349999999999999	0.015	0.038	0.033	0.052	0.045	0.047	0.066	0.116	0.0559999999999999	0.063	0.045	0.045	0.041	0.037	0.045	0.048	0.018	0.058	0.051	0.047	0.04	0.066	0.052	0.053	0.055	0.049	0.039	0.048	0.046	0.067	0.078	0.03	0.104	0.071	0.0699999999999999	0.1119999999999999	0.032	0.08	0.065	0.048	0.025	0.064	0.048	0.046	0.0849999999999999	0.1	0.11	0.034	0.031	0.068	0.078	0.055	0.075	0.08	0.064	0.053	0.093	0.053	0.049	0.083	0.0349999999999999	0.088	0.04	0.042	0.048	0.043	0.044	0.062	0.0559999999999999	0.0349999999999999	0.055	0.097	0.076	0.1149999999999999	0.087	0.05	0.0699999999999999	0.064	0.048	0.087	0.046	0.0569999999999999	0.094	0.088	0.038	0.092	0.052	0.042	0.0559999999999999	0.067	0.033	0.046
Rhizobium sp. NXC24	0.036	0.026	0.02	0.046	0.107	0.03	0.022	0.025	0.027	0.043	0.078	0.023	0.052	0.021	0.054	0.073	0.019	0.017	0.073	0.048	0.037	0.023	0.03	0.029	0.027	0.015	0.0559999999999999	0.051	0.039	0.022	0.0349999999999999	0.0349999999999999	0.031	0.015	0.063	0.029	0.032	0.024	0.021	0.122	0.031	0.032	0.03	0.021	0.026	0.027	0.0349999999999999	0.058	0.026	0.044	0.021	0.03	0.027	0.009	0.033	0.022	0.123	0.042	0.021	0.0349999999999999	0.046	0.023	0.027	0.038	0.019	0.036	0.018	0.036	0.044	0.031	0.029	0.031	0.032	0.058	0.033	0.038	0.025	0.052	0.022	0.026	0.036	0.025	0.029	0.052	0.024	0.022	0.029	0.039	0.037	0.015	0.0279999999999999	0.0279999999999999	0.019	0.122	0.082	0.021	0.039	0.02	0.029	0.024	0.03	0.029	0.049	0.039	0.017
Pseudomonas fulva	0.021	0.036	0.132	0.009	0.011	0.012	0.01	0.008	0.008	0.009	0.033	0.01	0.074	0.0569999999999999	0.025	0.041	0.013	0.01	0.053	0.042	0.011	0.009	0.064	0.0069999999999999	0.008	0.018	0.0279999999999999	0.01	0.008	0.045	0.024	0.0279999999999999	0.019	0.018	0.017	0.008	0.008	0.01	0.0069999999999999	0.058	0.009	0.024	0.009	0.013	0.055	0.012	0.009	0.025	0.013	0.076	0.013	0.024	0.008	0.073	0.05	0.02	0.036	0.031	0.009	0.013	0.04	0.097	0.01	0.011	0.008	0.01	0.008	0.02	0.008	0.012	0.009	0.008	0.022	0.022	0.012	0.037	0.01	0.059	0.008	0.0069999999999999	0.022	0.008	0.022	0.008	0.023	0.022	0.013	0.008	0.008	0.006	0.012	0.008	0.012	0.022	0.049	0.015	0.011	0.039	0.011	0.008	0.029	0.012	0.01	0.041	0.008
Paenibacillus borealis	0.008	0.021	0.008	0.003	0.001	0.001	0.002	0.001	0.001	0.002	0.002	0.001	0.022	0.144	0.001	0.004	0.001	0.003	0.045	0.002	0.002	0.001	0.033	0.001	0.001	0.001	0.002	0.001	0.001	0.011	0.006	0.001	0.002	0.001	0.1119999999999999	0.001	0.001	0.002	0.001	0.002	0.001	0.003	0.003	0.001	0.047	0.002	0.003	0.065	0.002	0.003	0.002	0.002	0.001	0.066	0.002	0.004	0.004	0.008	0.002	0.003	0.0	0.001	0.002	0.003	0.001	0.005	0.001	0.001	0.001	0.005	0.001	0.001	0.002	0.005	0.002	0.002	0.001	0.002	0.001	0.001	0.008	0.001	0.002	0.002	0.002	0.002	0.002	0.001	0.001	0.001	0.001	0.001	0.001	0.038	0.017	0.001	0.002	0.002	0.002	0.001	0.001	0.001	0.004	0.062	0.001
Mycolicibacterium rhodesiae	0.051	0.046	0.041	0.053	0.018	0.033	0.047	0.032	0.052	0.059	0.037	0.042	0.027	0.034	0.043	0.068	0.027	0.052	0.088	0.054	0.063	0.049	0.03	0.04	0.037	0.034	0.054	0.04	0.06	0.019	0.065	0.033	0.027	0.037	0.083	0.067	0.048	0.046	0.045	0.043	0.0559999999999999	0.042	0.054	0.041	0.045	0.055	0.054	0.06	0.072	0.067	0.042	0.037	0.046	0.025	0.037	0.059	0.039	0.073	0.051	0.045	0.049	0.046	0.061	0.067	0.052	0.063	0.05	0.076	0.046	0.071	0.03	0.041	0.046	0.073	0.068	0.04	0.036	0.034	0.0349999999999999	0.032	0.043	0.096	0.082	0.187	0.095	0.088	0.067	0.033	0.046	0.026	0.05	0.045	0.038	0.08	0.029	0.044	0.067	0.046	0.062	0.039	0.046	0.038	0.042	0.025	0.043
Methylosinus trichosporium	0.0279999999999999	0.011	0.015	0.104	0.009	0.049	0.052	0.043	0.06	0.106	0.016	0.0349999999999999	0.012	0.009	0.015	0.02	0.048	0.0349999999999999	0.018	0.019	0.043	0.063	0.013	0.048	0.044	0.032	0.017	0.045	0.052	0.008	0.022	0.013	0.027	0.04	0.034	0.066	0.063	0.0699999999999999	0.049	0.0139999999999999	0.05	0.018	0.102	0.039	0.016	0.045	0.103	0.021	0.055	0.018	0.046	0.019	0.051	0.01	0.016	0.021	0.019	0.02	0.03	0.032	0.0139999999999999	0.01	0.053	0.04	0.046	0.039	0.046	0.026	0.0569999999999999	0.039	0.048	0.051	0.032	0.024	0.0699999999999999	0.012	0.036	0.015	0.045	0.043	0.025	0.052	0.017	0.051	0.023	0.034	0.051	0.04	0.043	0.034	0.05	0.053	0.037	0.03	0.013	0.029	0.062	0.03	0.033	0.066	0.019	0.054	0.027	0.011	0.032
