feature_id	0	1	2	3	4	5	6	7	8	9	10	11	12	13	14	15	16	17	18	19	20	21	22	23	24	25	26	27	28	29	30	31	32	33	34	35	36	37	38	39	40	41	42	43	44	45	46	47	48	49	50	51	52	53	54	55	56	57	58	59	60	61	62	63	64	65	66	67	68	69	70	71	72	73	74	75	76	77	78	79	80	81	82	83	84	85	86	87	88	89	90	91	92	93	94	95	96	97	98	99	100	101	102	103	104
HILICZ_positive|IK:CZDNLUMNELLDDD-QZFWYPLZSA-N	569428515.8203561	0.0	0.0	168193686.97327542	48155354.94436667	58508360.16923976	492506136.48552746	307730949.99767166	377211313.6651895	123852663.63422261	394867294.92596614	21854105.115288112	157333.46570360323	0.0	426020533.06776744	419088547.57270634	83329946.79412208	19635347.203057636	563088481.3734722	0.0	500526169.42387474	318520834.9817199	0.0	24567467.589066327	20915372.83475034	27646569.247493062	554978853.6282957	125639599.98450144	44871881.583997905	63837780.70105971	28172419.650425706	72760199.65796119	180395243.46262193	215185685.84936982	575316331.7209446	0.0	304670180.12460774	105357123.51017511	119476857.47526996	0.0	189276535.12666982	592356201.8934631	26253120.080607418	123916012.76132055	765039444.3269383	84489646.20146231	7584211.564013032	754908799.160074	7327474.402708468	308563.0297926662	309248295.06426936	581945410.4729056	115355082.01404865	0.0	135480114.52070472	198921057.8950543	0.0	522442556.62102133	0.0	461115770.8968754	636169361.1282178	347491910.0906564	130612785.29514574	126574041.83787173	96782118.11099741	4591282.4569605775	241215774.0695954	0.0	390747054.91846514	381790998.3095606	73769463.3644019	0.0	0.0	351781366.45466816	154866674.4190288	181021267.61940736	41088609.5398887	180563841.4430699	196978126.56450424	51042954.68632006	174940711.31619456	209229882.27305827	482830286.8534715	355214678.06855434	0.0	212451965.38643858	33925170.52999815	117093828.91448279	85357174.09970362	42288144.938216	160574509.48609436	186313798.4138696	219429017.2580007	626048192.7682369	150354575.8314008	272893750.22520196	133980271.8568858	22253941.180449463	348789358.9226734	42719453.39309043	0.0	11396747.249957683	67874402.30887951	413394946.2214501	7474404.201340295
HILICZ_positive|NAME:	132540209.41217852	588289101.8180962	153234286.6150144	73801158.72928894	260886560.45055744	328529293.08002824	374515325.4651493	325740074.7141901	322760912.5462141	243441072.1595918	174674247.03828725	70649682.71871041	7099027.350465772	358916713.10701793	294891505.84244555	250846034.0868652	307748658.96801937	238987298.43530056	349168819.45189464	236217424.07028943	179035378.74763963	382285715.4490194	243192512.78531492	164505195.1499579	344013280.0594262	308208888.6910861	222599065.340942	296082190.18113	212991802.820889	254058043.92151305	224962474.6789557	256595159.23626357	79125682.8919482	128631190.77616554	325809400.79271036	450895223.64062274	390757263.66068774	363785772.257832	274179704.2824503	1201327832.4343553	256675479.80700237	234534354.72915146	311002263.42631155	250768081.61447412	351908642.1120033	229846293.20637628	280204890.9671984	362322118.83246946	167593233.0824017	384076575.56215376	116249503.98274024	273847808.23362035	354831436.90582895	336242310.7350156	310161640.92524874	237557880.16454202	349914411.7040394	153423403.69965717	240174295.03414845	246982737.32578942	269955402.23143345	162399202.29924643	337081243.75799954	64726445.95805114	421125993.80987793	247293965.81382418	74543754.92179748	244619688.26314336	393911682.91886926	212884192.7625399	298775038.60620165	399456869.0090152	184653758.2757452	81602630.13942091	243385698.95196953	246916121.6475595	384818159.65348697	260779180.38464636	69666744.77877711	217813092.20637944	160372602.63839996	208893252.91399944	286745937.46216273	273671872.10544115	259646493.48245963	167218825.23225173	47785464.813850544	324529929.68065727	186048983.17532772	247767448.80824214	275952225.8869229	188203653.0093902	273445117.0566671	141945473.62416634	351381961.1641115	238912501.9403539	234429507.51377094	156364160.47782624	113845831.58716065	66031509.64670792	148752590.44901428	273437050.5237615	320501057.11719376	184809425.31793246	176248796.2596627
HILICZ_positive|IK:KWIUHFFTVRNATP-UHFFFAOYSA-N	35722085.270437285	732235134.823454	32672555.543140396	0.0	0.0	0.0	0.0	0.0	46448511.96348579	0.0	262380889.7640119	0.0	0.0	0.0	116144680.43208727	0.0	0.0	0.0	0.0	0.0	132933235.44066834	0.0	0.0	0.0	0.0	0.0	244730846.8114595	35045895.17442132	0.0	0.0	0.0	0.0	0.0	0.0	0.0	0.0	0.0	0.0	0.0	670932115.7446604	0.0	159909782.41331953	0.0	0.0	108303034.10167679	0.0	0.0	141146246.5149044	0.0	466639069.2272536	0.0	67686019.58004756	0.0	111984314.65292746	0.0	0.0	200036694.14386392	45518713.830219254	0.0	22692710.96144488	55397770.85747814	46887575.99646659	0.0	108341661.56596196	0.0	0.0	0.0	0.0	0.0	58822879.53202624	0.0	0.0	144542151.7904656	81704901.81135157	0.0	0.0	0.0	0.0	0.0	0.0	0.0	0.0	0.0	142447035.735386	0.0	0.0	19882323.461021435	0.0	0.0	0.0	0.0	0.0	0.0	33123410.62636948	57233729.82686989	0.0	0.0	0.0	0.0	0.0	231511031.9947441	0.0	0.0	166448043.2455258	0.0
HILICZ_negative|IK:FBPFZTCFMRRESA-KVTDHHQDSA-N	32273395.496824536	459934997.7626598	57795374.016153015	0.0	0.0	13736684.616582083	0.0	0.0	21138864.04854999	9424894.20130712	0.0	0.0	0.0	278373876.9356641	17887773.11204431	0.0	0.0	0.0	194674812.17541426	0.0	136633027.98598498	0.0	0.0	0.0	12356719.871487485	0.0	201803495.14100623	37383428.13501431	1795581.8172129532	0.0	0.0	0.0	0.0	0.0	23581885.339524038	0.0	8634177.129524194	0.0	10225744.274574582	449924264.7371649	0.0	155117125.26815397	0.0	0.0	134098643.28149131	1406772.3169384138	0.0	0.0	0.0	286853911.3865431	10696466.632103533	71501514.78826094	0.0	243587470.52127114	0.0	3064385.3533367496	0.0	18535700.72684147	0.0	21070539.769917734	11552752.845402602	5330306.827901841	0.0	263987541.8112997	0.0	0.0	0.0	0.0	20845949.7978045	56132137.08603951	1770577.3017546053	7755793.524649924	261352409.62769562	107023550.77786975	0.0	430200503.5565922	0.0	0.0	0.0	0.0	22567085.39410623	866015.1122929079	92045076.09454867	133128350.67171867	143164661.7562854	0.0	0.0	14536784.497663813	0.0	0.0	0.0	0.0	0.0	19029782.514836326	0.0	0.0	0.0	0.0	11329768.868616123	0.0	260668674.40195504	0.0	0.0	127079696.57662305	0.0
HILICZ_negative|IK:FBPFZTCFMRRESA-GUCUJZIJSA-N	0.0	0.0	0.0	0.0	0.0	0.0	0.0	56492946.56666281	0.0	0.0	0.0	0.0	0.0	0.0	131185243.49038155	172175531.85037526	0.0	0.0	23123425.513362855	0.0	20904023.529747017	0.0	0.0	0.0	0.0	0.0	44668206.72617225	0.0	0.0	0.0	0.0	0.0	0.0	0.0	369538784.4408869	11856368.857424513	48389308.541922875	0.0	0.0	0.0	0.0	0.0	12983356.80129303	0.0	13988751.947868358	0.0	0.0	463639473.56062126	0.0	0.0	0.0	0.0	0.0	0.0	0.0	0.0	312221092.7842232	0.0	0.0	0.0	0.0	30860123.290582262	0.0	0.0	0.0	0.0	0.0	0.0	0.0	0.0	0.0	35603604.94111704	0.0	19981256.398077264	0.0	0.0	0.0	0.0	0.0	0.0	0.0	0.0	15719570.462522907	18931401.38133815	0.0	0.0	0.0	0.0	0.0	0.0	0.0	0.0	0.0	0.0	0.0	0.0	0.0	0.0	0.0	0.0	0.0	0.0	0.0	12387125.12006249	0.0
HILICZ_negative|IK:HDTRYLNUVZCQOY-LIZSDCNHSA-N	43706605.4595101	136320275.96097654	61859165.59115712	38579365.93834094	18054032.651410587	71277923.56709912	36525321.09154801	59905168.84963992	29998940.840427447	34728257.4611943	47461780.73316797	22543348.599975917	0.0	0.0	56750993.414258905	96054277.60702167	38409624.90261725	32058445.074665777	91686031.74659058	31368330.10889975	124572193.76112969	51637902.38173714	27038351.86069	39864974.14004719	41150124.42742705	29783588.20985891	35660306.8947248	53009081.252634585	55805613.937591605	22798069.88173563	28291114.515154112	19463088.589868885	9666312.650686907	28917940.402866747	260136260.19266486	34822659.91341048	19776897.783189557	39027156.39571494	36135852.82864593	315945049.47697365	35912931.33294954	43281436.824705124	52082970.86234474	29912966.186085843	193817346.16069376	20386538.969153736	17993070.477458622	192633251.16249958	27289070.445042633	182530149.824503	83208744.89315878	131999311.81531097	25294293.52104688	47508041.49379095	22875105.453865703	17215133.139454048	111965996.97702314	35605255.0303524	31020404.363898832	42752411.42895831	93843558.6180875	13599699.123514943	51001235.03152707	25099029.922799855	44952677.85605669	12115827.789283568	22716675.18417131	16489710.037889963	54548469.8709859	56096346.89468637	38027244.66669439	62019089.9420556	316199387.94813055	27761088.27648908	29167919.576223254	54811032.05950817	28404589.30015711	12153079.776885621	29875994.843294304	37797148.000974596	12962729.764094379	43634176.86994187	75790516.09340824	77185289.04367444	45310449.15455182	27879117.01723136	16061375.18362176	63771198.92194976	45331915.51893911	16638123.32656733	22430477.013996243	23204520.230066333	25764360.43810484	44492900.71217175	18344321.854350105	30284055.680633254	27003884.772963382	36638552.8636059	23838000.510039784	36673684.12833843	38055706.86788388	26879968.31336452	32226468.03420552	109588028.5988371	20111096.44359862
HILICZ_positive|IK:OIRDTQYFTABQOQ-KQYNXXCUSA-N	80848319.46729164	99816739.47262585	17732026.255583413	18545993.809130147	26408639.088298697	0.0	139796399.64294568	37578232.92455079	45109049.951770626	16709059.605453417	0.0	10449711.993472189	0.0	0.0	53700582.33956888	63603500.847698495	27114862.320471626	20870374.41184197	76749727.59139545	0.0	81119205.35158546	45268176.22806618	31595322.116004325	13541990.98958013	20252151.780879177	13438370.067518946	157300047.6089419	34252670.012230426	31943486.632179204	16457162.617278695	11078281.922655324	23510004.527165223	24391222.275096387	29056250.149871	234537469.04822332	36304108.259626456	45926209.74214153	38262338.489180796	20901153.893117283	0.0	12800047.019048423	156857591.42980558	35122769.64917827	30186470.87151235	113140668.37264852	22364744.853759132	6013485.347164387	230918579.04988253	8298408.110116459	0.0	0.0	106256589.55838883	26382109.605396807	232458212.77583805	16379415.847044107	25340278.23571252	83148163.34753588	42567842.35523679	24931517.848134518	43209512.10995226	79999654.31001875	43801841.23438835	37791889.86431737	38934450.79587196	45053456.03364734	10010487.90154945	27934521.89014919	26083189.60622175	36095458.00948555	46036441.83935152	22944883.743623443	40030177.74557372	269773023.80486333	63240389.07334048	26010826.978331093	250482902.41885254	14459833.00769657	17145138.911034063	16784699.17958286	10005592.800092546	0.0	0.0	74175314.02747501	56528877.46472759	95079316.7173368	12513582.283738514	4349777.944979345	0.0	0.0	21678782.999095168	30550949.860581025	20728455.95100784	23106136.375181593	93246174.2932695	22428026.70844531	21177306.280843053	26453153.881700635	12687846.095987396	29775123.649219926	18135080.49041574	38208403.90679275	9204165.600319525	21705971.654856823	86728887.8147963	5516812.870884619
HILICZ_negative|IK:IJFXRHURBJZNAO-UHFFFAOYSA-N	22612039.48519428	292328969.9801121	48436496.93190042	175744.44918213505	894666.1821307956	0.0	6582594.588836234	3027066.9634079947	41507394.335196085	2222326.9715730916	0.0	597938.0394593254	2475462.892051703	32148541.57305534	16329609.655493042	58868050.41608744	2942067.62352085	1707487.2859776025	97107325.53450418	1737589.0148382187	65318523.133747764	1685793.575283706	1035498.1178950964	988852.7479104953	2898491.3024640144	0.0	177718700.05588865	1865469.5394782987	1844834.271996494	1587974.2662911415	1522427.1178231237	1892800.2452342503	9137082.535094451	2714070.497303963	69869164.48125637	2743943.2682161327	50435583.09070199	1351704.8834524772	1914444.9675235744	0.0	2345151.5228500366	110263387.9162167	2892259.7377271676	1561612.8040595069	135808369.2600112	1572295.289482117	1627180.081350087	0.0	1692307.7862863531	105261597.44817208	4163103.782998629	31961861.781859618	2621373.5679302225	84863623.58484937	1775887.0120244059	9014525.42709597	53362631.52296064	3994870.633555024	10281863.061553277	24960280.196247593	32136792.328530636	1682266.8557906153	0.0	90972702.29997867	2795165.5006523174	1557297.5876371835	0.0	2735585.907748163	4273036.509367591	18794917.763032332	4009931.6810748586	11641456.658383003	8909170.326883603	58619718.391097225	813866.5727856173	1765996.6632409089	2814083.805346491	3118368.1499382285	17483572.15026838	1715953.7740860027	19735351.916970756	1827755.437410358	17671588.24867716	2769294.9698901107	54903364.38857262	4556770.726037808	4181843.2445830083	2454499.3582820892	1855514.8166310783	1516793.8387837408	1690078.0757479658	2878942.7954617157	0.0	41254981.729541406	2636567.6668152814	2595039.7844544863	0.0	1744048.4015181055	6106884.291966295	1681607.7282066334	367534813.80579424	1749323.1726601114	0.0	97034844.60366936	1764157.0199990286
HILICZ_positive|IK:CZMRCDWAGMRECN-UGDNZRGBSA-N	32364837.305518493	124196177.59483711	57159882.43155047	21661606.095923573	5629884.844020902	22135645.455618843	13924803.24281045	17778919.568172224	9553761.920624968	11401926.971510546	51229593.00735002	7135058.554844218	0.0	109968222.1564575	39553881.87237836	71637700.31878896	11728311.480276497	17152711.479609754	70357865.78117043	17066603.121202007	91260017.12751248	15862032.39744241	13023692.841883516	12198274.629795616	11899932.339630745	9587795.820636274	77430444.56169592	16333687.456227649	30791630.06305288	11488791.011263164	15807165.448345372	9718092.56724983	4413232.519129402	7495780.488617458	182033122.66156128	9232821.594169902	9981693.080782916	12023578.597100358	19944040.789643742	219896785.43515056	12948135.27845778	94807841.98405989	14952152.472529445	15974019.22507045	139968530.51353908	10318701.01285478	8742762.226884449	141633191.92629346	17352798.671035588	125649358.28197113	47362421.85491482	98427425.83010039	6098118.5668848865	173002932.96595523	13122216.244803207	12503699.047879506	84986457.51677723	10887310.53584437	17249403.679156337	38749739.73818523	71651196.7984713	182424053.83042336	16963038.17946495	14897135.540984632	12499227.455937617	5551025.125378758	6233732.241889721	8180391.4808084965	15620102.089965947	40655143.13621907	11172901.441359527	18867126.102769163	208062951.75849074	19200595.95285395	10172430.148661405	51804702.28361712	7270633.0707315635	3099578.936292026	8880199.231901221	19930521.955339577	9108876.57476568	17814766.849171326	56144070.04779847	58493162.333154105	207791044.1284938	23604958.034571208	9980094.64016204	21056699.744731016	30076755.976940986	8400764.628468651	11368853.291247752	12340974.732096443	13973262.618284144	32902267.97445282	4110693.936178789	25515409.522274204	9023764.874344468	23774142.392194122	19074814.549158845	19803686.02025405	169440353.33560184	14044542.020109277	10758927.64417577	103575938.32944675	12627412.327644035
C18_positive|IK:CZDNLUMNELLDDD-QZFWYPLZSA-N	67407121.94265695	126882791.9692311	62185936.83676125	14828590.733833365	104929940.16141824	5842554.781764061	59253808.1207111	28829153.836649127	45849987.23863346	8812069.334878182	99007794.47131927	980045.1070265924	139544819.52189445	105587756.86708653	52055587.73379738	56394632.14716093	7768013.096720849	940109.5281148424	109292632.922116	6452754.864086906	125064349.25715733	38025816.84157642	11228455.640578259	1418424.075813939	1078427.3660579496	1458332.8169412662	0.0	12242799.044328555	3905557.1992544015	3312043.165588315	2325057.0987721677	3720155.7503632796	18833289.51414331	18544196.125874743	0.0	13897172.626831044	33966819.716414645	7394819.135817249	10545315.862822553	0.0	15805210.956820846	174898609.22014996	1787161.1600894248	13522287.938122688	0.0	6744662.225997508	343357.38398060494	145527802.9825543	408268.9334641694	22233496.442123912	104183538.87422356	89687775.48869915	5576602.754659215	0.0	13321945.704211764	18666314.11532155	83985547.27101064	75461581.41583851	51202791.16382955	61037138.47996465	119203629.90670413	177235720.738105	10200187.487454537	20332272.345459722	5581310.145225315	151261.47637871155	22072074.122517377	17393979.58705548	38254408.5577125	52992575.99515728	6527922.433844782	15177015.916340493	0.0	45296087.88346302	13096908.893174062	18124395.594723932	2333762.6868235962	11621514.974831244	18321946.58958989	3848068.9318145784	23596630.33987859	22988765.676607043	79524191.73883942	57503335.72193296	142159793.30439696	26038783.285086945	2875069.745198759	11694090.519004902	11270821.27290868	3550238.6893957923	14022277.117787305	31213827.67599067	23421511.53258142	101656893.28940432	8422329.015278393	34232553.89140932	9497742.207540428	1715009.3105823165	47651821.59307427	3398640.1175406566	0.0	596114.9216872404	4062942.12442529	123551843.1918394	385980.5249642706
HILICZ_negative|IK:CZMRCDWAGMRECN-UGDNZRGBSA-N	437017.58923048794	0.0	1564672.6663504275	0.0	0.0	0.0	0.0	0.0	0.0	6977337.840760922	0.0	342290.016374521	0.0	150390897.38084298	0.0	809574.1568901015	0.0	0.0	811848.5400504253	0.0	0.0	0.0	19899451.855476283	0.0	0.0	0.0	99852445.0169543	0.0	0.0	0.0	0.0	0.0	0.0	0.0	788221.1073872594	0.0	0.0	0.0	0.0	864524.7033635973	14960555.360133762	124212254.51022838	0.0	0.0	0.0	0.0	0.0	0.0	0.0	1404132.9554295551	0.0	13614202.332491998	0.0	258748458.45702842	0.0	0.0	924522.6456887296	0.0	0.0	0.0	12199285.154915709	220228245.24031904	10172431.773308482	0.0	0.0	0.0	0.0	0.0	0.0	9738841.217697611	0.0	0.0	1054936.565864831	0.0	12051990.981916439	0.0	0.0	2391155.207327379	0.0	0.0	3659014.9686327823	12012982.125545446	661519.2569757473	694341.2973094875	0.0	0.0	4577233.473628953	0.0	0.0	0.0	0.0	0.0	0.0	0.0	0.0	0.0	5836142.4997067945	10361736.083297167	0.0	0.0	181983388.89964086	0.0	6397085.483878666	992642.7562207811	5608945.044211201
HILICZ_positive|IK:GFFGJBXGBJISGV-UHFFFAOYSA-N	0.0	0.0	0.0	0.0	8906824.022732554	0.0	0.0	0.0	0.0	0.0	308551454.68629014	3788068.895729892	0.0	0.0	41391123.39668073	73791743.04762167	0.0	0.0	67500566.87641251	0.0	0.0	0.0	0.0	0.0	0.0	0.0	204271688.91850394	0.0	0.0	0.0	0.0	0.0	0.0	0.0	122297572.13483122	10504585.741575463	0.0	0.0	0.0	0.0	0.0	0.0	0.0	0.0	0.0	0.0	2786263.599726919	0.0	545072.5105246006	0.0	0.0	0.0	9269516.959258283	0.0	0.0	0.0	90008422.97182	12031493.674763408	0.0	0.0	0.0	4737052.308702169	0.0	106909383.39679322	0.0	0.0	0.0	0.0	0.0	0.0	0.0	0.0	0.0	0.0	7855914.221627917	75677854.98575713	0.0	0.0	0.0	3727293.5702322572	0.0	0.0	0.0	0.0	0.0	0.0	0.0	0.0	0.0	6940955.8289066795	7955868.689664895	0.0	5024038.900077027	0.0	0.0	0.0	0.0	0.0	0.0	0.0	0.0	0.0	0.0	88174910.19254176	5192761.398839606
C18_negative|IK:CZDNLUMNELLDDD-QZFWYPLZSA-N	62751151.91289911	64051071.704131536	44416304.76693979	11146863.961863812	86370712.75183357	0.0	42700276.91385803	21390801.5096079	32589823.328528658	7469220.169361803	53654983.976726785	766323.7488729357	41470550.1679546	77494857.50778452	37427249.72418218	40637519.26111691	5987361.973909432	699465.1705966137	76052248.20689134	4817402.645907404	106401037.88558729	28096449.416908517	10005695.960256917	1042023.5362231524	873417.2478787185	1098925.8788114155	98038740.47282282	9088643.978696425	3036211.507771482	2476438.7903138543	1268313.752372535	2800414.5224806024	14258814.886588002	14211813.854977025	95568713.65241022	10888118.556343196	25204712.85546319	0.0	7624483.131971362	95224502.57539636	13627542.276815854	118969727.66149928	1281399.3178554194	9817575.88551648	119729024.86877422	4650195.466000047	259776.86311004322	0.0	317318.59549796645	98415787.83236669	65974659.838042974	68293601.490917	4370388.308382265	139896560.28397927	9358975.468995877	13759193.82285312	67572983.97244583	57287317.07664941	38966097.414047234	44974402.10631026	101366035.44276033	103071989.86218546	8582890.773125388	14807800.98943924	4253381.091848271	105349.5508082672	18206434.286627617	0.0	29361864.560957465	41751250.575695075	4644617.069198085	10795214.049431335	114946795.46390165	31718543.034755543	11166927.375053281	13484488.478090666	1682325.3365313667	10252581.757497001	14278241.430857703	2886416.7941286582	19269439.507076267	19649253.983496565	55302708.41897521	43134147.7615757	111512287.2975534	21637428.702950258	2026351.237529877	8798195.294667225	9331573.949310381	2571634.5181069477	10553019.031414052	22075055.012072608	17500257.066969898	72102992.40153286	6284652.349098706	26249580.697706927	8380574.113951422	1464094.6271608819	34710750.47628792	2587587.5189799163	90004860.7114781	445131.77586678567	3293773.236261256	82378699.19093065	345041.4456078485
HILICZ_negative|NAME:	37900863.89735156	41487639.68383217	36210418.543732606	25372626.96116687	36826405.28546129	32701998.789078653	34380772.352137394	63059056.96617806	35473627.197078176	31015210.487874538	283544246.62039894	30594324.393346902	992241.8773782252	44396644.0785424	29354011.25800543	22285598.24819626	33560715.41822253	44239247.39594005	53107013.62023887	43546039.3570354	153645062.37298015	35385564.7590312	29983366.424288366	32512833.779849503	33448394.103196073	31084824.388181783	43735390.64757169	32429661.24672405	35912298.84904272	50301790.96723733	44889758.15019161	51148121.24346038	28584338.129791673	33678687.57042087	86248305.97026816	33638938.053758785	32592018.678454123	33425521.627194934	25726773.71339508	197160855.23077154	28261579.218375232	69370612.43872707	39434612.73373744	24901766.05518743	115327073.40546599	39283630.08185674	24509876.555430047	75218706.69843473	40812803.717263244	47879586.67578359	40369187.25918863	39384050.76019601	38738800.63894816	102046402.4187651	45995409.089914374	42753370.2308038	37597344.52030364	45896988.55969431	32011605.7540694	36366942.97741026	72185282.81038624	68438042.09660324	33593602.253118396	17556459.760216426	36061303.44882306	49765226.4297936	34275088.70979604	42286027.77320117	33933074.82446883	29065589.835977014	35218356.788818106	33158816.777940456	67365537.88714997	99203816.12735403	28903157.40788938	28346693.934624277	34441326.07344808	33390064.467403166	34344859.511128515	36244707.91957903	29174012.78828945	33021362.326452073	33490884.391647205	28784696.1157293	59499865.23159027	36103260.465015195	34744588.76200785	30892431.416315287	20899343.59486776	29217437.04881386	26904790.334927607	41192064.214181915	26012983.255471084	79318918.67455189	46886627.8765304	42120817.91196978	29782588.755589437	33391248.28099071	37578984.243746735	26095823.853741612	134107401.13992447	28277926.348246366	30491024.024049588	54140368.65233168	25961195.943998724
HILICZ_positive|IK:HUMNYLRZRPPJDN-UHFFFAOYSA-N	165693377.6954065	0.0	96668328.7492436	35792921.68205161	10445034.291987265	13208156.124376297	99982642.91607095	71945735.33962755	19254031.6415322	30766375.2449404	46075394.84209633	5231583.370945997	0.0	0.0	108569666.54048505	112790549.3301545	19848235.903462224	4021176.0466781473	0.0	19347674.278255016	0.0	99166778.67285979	34772343.94150466	5497469.856139134	4093612.4892679555	6442873.586634011	0.0	27166912.816226788	9745708.761580272	2231223.6082943543	6586490.140195923	14322065.449327383	47873192.95689613	46353236.43151716	0.0	50460671.91247917	93701124.76521695	23206444.47894634	28199409.656882826	0.0	48819423.47974572	85630233.2103161	5641639.499229368	27162878.744160734	0.0	20945854.45366745	1567723.7557818852	96970994.67374505	1995383.238163942	0.0	0.0	24617766.11698958	25813242.671702895	0.0	0.0	0.0	0.0	0.0	18451622.630100496	0.0	0.0	0.0	27091971.236596044	28574824.994295813	17593941.420540277	980026.7057513199	54635831.87222439	51957607.01494062	72907189.75563385	0.0	16603284.621910302	32842934.403420087	0.0	0.0	39357896.26128065	8957127.12359796	8126005.305473973	45767029.7813547	43626001.93226549	12140172.610047396	0.0	59528322.87099139	0.0	84930265.83707081	0.0	0.0	9548998.13476714	25122051.063601382	2718408.404770165	9490481.938414596	39316795.39581328	42661411.65186439	59436702.990094885	159071476.19217274	36056517.81792497	64815997.28418663	34704155.0038769	6075704.340775904	101069007.74774384	653462.8863293218	0.0	2392941.3761379183	14164086.065917335	38400894.8708811	1937678.6815931676
HILICZ_negative|IK:KRKNYBCHXYNGOX-UHFFFAOYSA-N	72417899.73291014	0.0	27592807.857540093	68884641.74583425	74494241.24438474	67406560.19023314	59231694.949472405	66189544.46316245	51620785.46984868	0.0	0.0	0.0	0.0	0.0	73270688.899641	57493330.62496943	55833338.067718536	70632321.36644173	60247627.21447946	64802447.6955556	59248608.65061376	0.0	0.0	55712086.91522225	75757277.03047	0.0	0.0	0.0	82087188.3042469	66569877.44117156	92349816.83009814	81801809.39398752	62429241.16206744	69759711.8825665	0.0	101709937.71882904	63386078.89890289	0.0	72056948.50140387	0.0	0.0	0.0	75390309.21342625	64829287.13211431	0.0	61490670.99133022	89476058.92165397	51407939.18811983	65276259.02633661	0.0	70314497.12954421	0.0	0.0	0.0	0.0	66213405.043830894	0.0	0.0	81256698.61451434	0.0	47910104.15618893	55566143.07562264	82850895.27476522	56364364.51070588	0.0	60298626.45001787	0.0	96032188.3174515	76671017.9915106	48534022.30303948	81665565.59287345	69161212.71602827	0.0	0.0	0.0	0.0	0.0	0.0	0.0	92306894.13573118	0.0	26050524.08059312	60843407.762201406	0.0	82089679.9508343	0.0	49520280.498092644	0.0	0.0	84719812.5097456	0.0	72483034.8733169	0.0	57933005.64897156	56703266.594787546	53762266.94736383	46927161.898300104	48535417.964355476	73474748.80859475	70926640.4212016	0.0	67374533.15909472	56055820.50460817	0.0	0.0
HILICZ_negative|IK:HEBKCHPVOIAQTA-IMJSIDKUSA-N	10076444.297737474	0.0	0.0	0.0	0.0	0.0	0.0	0.0	0.0	0.0	18907540.43632388	0.0	0.0	27493659.490277503	0.0	15404900.417762691	0.0	0.0	24466721.171650812	0.0	0.0	0.0	0.0	0.0	0.0	0.0	39426938.57538839	0.0	0.0	0.0	0.0	0.0	0.0	0.0	278828961.4826293	0.0	0.0	0.0	0.0	85335422.04989631	0.0	42527155.155507915	0.0	0.0	0.0	0.0	0.0	32681258.50023043	0.0	12814394.138061797	0.0	11531663.72030451	0.0	10028287.028509093	0.0	0.0	25567631.83454154	0.0	0.0	0.0	9295229.332080318	0.0	0.0	10840503.160583325	0.0	0.0	0.0	0.0	0.0	0.0	0.0	0.0	0.0	0.0	0.0	0.0	0.0	0.0	0.0	0.0	0.0	0.0	9933658.368967108	25099113.51002879	0.0	0.0	0.0	0.0	0.0	0.0	0.0	0.0	0.0	0.0	0.0	0.0	0.0	0.0	0.0	0.0	0.0	0.0	0.0	21178035.71137962	0.0
HILICZ_negative|IK:FGSBNBBHOZHUBO-UHFFFAOYSA-N	0.0	290735419.392552	1313906.2158354095	0.0	0.0	195332.59980484645	0.0	0.0	0.0	0.0	4655118.698518029	0.0	0.0	0.0	569604.6422503367	0.0	92720.72648064798	977462.738666171	0.0	599893.006728426	0.0	341920.89309406275	712409.581957245	0.0	1621023.0148166395	156828.6673241875	0.0	0.0	101481.24673072346	93977.56569227536	0.0	0.0	1006627.049093847	0.0	0.0	1260205.1602182612	0.0	0.0	226729.37443816682	3432082.333732608	129501.61633052958	1426302.9000616062	0.0	0.0	0.0	286115.42858344724	0.0	0.0	118174.92218105152	0.0	0.0	314274.5320334993	0.0	0.0	0.0	1197318.7980932398	2133526.808868274	0.0	0.0	1335065.206171929	0.0	0.0	291175.43156644556	0.0	507205.3768001805	0.0	211889.4067756406	0.0	276455.30070638825	380264.88744076603	0.0	2498696.228755293	0.0	1480497.5026352587	294719.28684504353	202018.70227182895	241597.91317393447	0.0	0.0	0.0	0.0	131359.8466946999	0.0	0.0	0.0	184649.4578267262	0.0	216229.47769766345	0.0	0.0	0.0	0.0	373068.0901329851	0.0	0.0	0.0	0.0	179871.8663979846	263122.0763382458	0.0	0.0	0.0	0.0	0.0	0.0
C18_positive|NAME:	37071530.57401173	92353888.92776453	48288796.994629554	20472157.10803313	35348908.730635464	22812067.593251485	55314757.916587874	20158412.10429072	53261660.96805364	12955071.011112241	48166512.552425295	11300307.84576208	99870389.33113317	46747077.9519563	25701752.107938718	36501442.83269055	16332305.427875148	21627061.704080515	79902685.78279689	20829914.992966495	71096220.60519345	22791514.961463142	15522611.4212927	11298817.798494024	18027093.303187765	10164285.360210886	46800408.126293205	30224540.757486243	17817821.958787713	9257974.734346418	17642452.496596765	24286003.07969262	27735565.201540306	20266785.584216624	93143837.76562087	17598940.381996516	33773943.13231829	15990745.245368049	15521753.671297178	96506230.92651726	12609539.13122321	68026631.25442116	25122150.573926333	20212154.860990405	90609651.81852253	14979069.57484505	14734621.88065106	61872974.05104889	16343843.28704784	101583246.95085718	64067029.42142396	63461618.5140253	11861497.72155593	104623230.12910986	51851946.473832645	23824296.787688836	60764729.50091591	44705016.26184938	45565862.12063967	42021496.746549755	69534735.34713541	94484532.98369117	22916466.60052022	32236596.83804057	26001327.531408213	11721916.332732579	20391179.51749619	13859740.974458942	26012924.64600981	32338647.11829296	13634223.533632273	23897446.487850327	91551864.96630858	38789239.94915708	18475598.24521748	21623470.961055424	15259975.962380208	18646155.80558988	27246784.82944808	16020413.586918207	17730095.500829615	14060620.778821936	55638444.57693869	38846601.85830663	63497976.39160457	14892272.428614402	10932999.067469215	19247222.061803605	16759025.721817888	18899880.063714698	20423435.80137666	32008812.01269516	15662897.846198449	63619319.5922589	16285122.873093564	30448437.93563233	15730654.847911036	10981806.159133757	18544843.845250327	27177717.2765108	104378862.04102445	14508413.505662162	21398172.12495207	77517897.45655486	13091831.454082204
HILICZ_positive|IK:YNBADRVTZLEFNH-UHFFFAOYSA-N	0.0	97712553.78507082	2760168.9195025396	0.0	0.0	0.0	0.0	0.0	2625235.069611663	0.0	22662679.891097557	0.0	0.0	0.0	2333856.105509681	8284935.909014917	0.0	0.0	5876710.535906945	0.0	5849197.048608211	0.0	0.0	0.0	0.0	0.0	0.0	833318.8578496276	0.0	0.0	478354.5643716081	0.0	0.0	0.0	16371806.409381358	0.0	1697037.385449436	0.0	0.0	221983921.61296487	352868.4368034004	3630537.9314960656	0.0	0.0	3308524.1389063057	0.0	0.0	8372712.090432827	0.0	16362096.023298685	0.0	0.0	0.0	0.0	0.0	0.0	13781676.945216984	0.0	0.0	542962.3038531467	714477.0271589303	0.0	0.0	15152813.481384765	0.0	0.0	0.0	0.0	0.0	546977.0592312667	361763.30667389155	0.0	12218138.33606059	3075954.564970587	188135.9864249512	6092057.368571999	0.0	0.0	240333.19601681098	0.0	0.0	239353.5963829695	0.0	3576132.7833349123	830999.7957417214	0.0	200049.70018312373	0.0	0.0	0.0	0.0	0.0	0.0	0.0	0.0	0.0	0.0	0.0	0.0	0.0	0.0	0.0	0.0	15089491.052393885	0.0
HILICZ_positive|IK:RGHHSNMVTDWUBI-UHFFFAOYSA-N	0.0	35620107.58119322	34184777.38781592	21004490.399792857	4535095.010235203	6385576.628031852	49661337.31321548	14729876.55857604	43250460.52660391	9544237.6137211	39805635.99732328	0.0	0.0	19218532.150398772	17491577.753656622	21717636.824657768	2749162.0781434923	1382830.700104135	95201530.41029724	11057372.334650105	74893030.50737669	20717826.212252207	23334270.91000561	0.0	0.0	1717718.502394284	55767085.67781813	5487201.141363431	3567295.6077011595	9262920.886932809	2042066.774357435	6959935.049337572	22855311.129426125	18552605.92758056	84388809.57512128	6148365.227632448	9991179.67115665	13094888.101684205	3312791.3284769473	79218781.90236624	7572801.350549863	64125648.0040277	0.0	14838883.253816448	79768273.34520967	9722147.115553182	0.0	64348142.23769047	0.0	41280960.11430098	31259207.063311048	47372156.78008966	4509597.116028049	83497910.87699379	9826484.724359931	15168315.125961296	63906551.85228396	52650580.02109535	30189937.106248584	43134971.88462257	49083924.07669604	38334319.698059484	15903555.68579192	18645673.22871843	8688023.670926362	711868.4311664136	13201479.913646035	11793642.667244567	21773756.975611012	34112290.836431995	5362616.00557288	15299886.163626209	54335136.845903784	32929922.574246626	18444677.37763151	14273448.245670367	2711925.9260871354	22957210.492877368	25975539.90580474	11490753.974011827	18868070.205951896	13968873.17747181	51627676.58986899	15755982.80886547	73445182.34494673	25912994.943155777	4055958.299245245	5836532.217440097	19222561.981776856	5611692.76878349	15432715.785450332	10118274.894403731	21798240.580172073	45167826.714403585	9054043.574243458	28672982.82932783	16670526.958138686	741333.327749111	18400822.61447537	2249099.5880716853	51707149.08709923	0.0	6460149.022331934	35326872.626794666	2182743.929495439
C18_negative|NAME:	24463109.02744127	44972060.69645745	33121140.733918488	8053223.226220918	22653144.89105799	10144416.174171286	35121402.37952515	11173244.45712246	34992242.90576097	7115778.876519521	43543689.758488595	4608184.47972034	21131372.36563511	33448163.607828442	14031468.43134792	22933249.837360702	4688224.610079031	7703123.711450105	54421333.085000314	9765525.574765796	65540326.017506175	13294214.867382156	10943544.52432219	6653064.701058076	7905487.944486121	7128428.303946378	71256986.76063329	10050621.347257286	11330970.23950653	7694386.056771353	4847430.717066599	5317958.175986393	17543913.01721581	12199628.931677684	81435148.65439676	6572821.358621655	19354867.88078711	6238208.309926114	6600508.917191744	41794894.74530934	9890930.560118113	93464490.38454805	7279354.416983655	5650073.9286865	60980523.47891707	5145215.7292813845	4529372.612124922	58488561.42625364	8231156.094182965	30514244.891334567	41220299.90901611	43367345.10804011	5529810.824377857	83615355.26280919	5757335.133412457	5610322.112052636	36966867.82005083	28243591.43151979	27682570.787357725	26329214.847454086	46003026.418478616	78991428.24695182	7598674.595003004	15755070.4741552	7055711.666033006	4621085.795238206	13161385.60197799	12942575.86287101	15198944.403355885	22116225.53868363	4477669.942972803	9561939.977845674	90042363.69033347	21658527.840951186	11790505.1339316	20399182.187722825	6424324.966045232	10911654.999803979	17057373.10311139	9327212.742443046	12028331.2885443	9629091.979116622	32580015.453832977	18688654.096952517	62089824.467508	6971531.493672865	4506046.444202546	5414117.355779913	7817993.015098867	7183040.930244515	12243649.680937724	16224514.868152881	8645052.770219265	37992557.147203885	4561905.673474249	19238938.168114647	10801024.68605551	9612376.5699406	10914673.74797529	6633392.077648596	76283669.10467039	6234042.245005308	5969296.041129497	46574900.0122838	5154704.860823315
HILICZ_negative|IK:SLWWJZMPHJJOPH-PHDIDXHHSA-N	996289.794347029	57100729.16472192	4609407.734490066	0.0	0.0	0.0	491514.523664077	0.0	761339.5815333227	0.0	7792785.278840395	0.0	0.0	3233633.081199935	901262.3851404437	2286230.6951184613	0.0	0.0	8235674.634168341	0.0	12947591.820928227	0.0	0.0	0.0	0.0	0.0	19383854.00150165	0.0	0.0	0.0	0.0	0.0	0.0	0.0	72700149.69579434	0.0	408365.63854890235	0.0	0.0	175887353.26781887	0.0	17824997.85445093	0.0	0.0	28057884.066259608	0.0	0.0	23236854.46928947	0.0	55357180.56010658	0.0	206365.9711745057	0.0	15278349.802750075	0.0	0.0	3882527.864158349	712077.252308741	253787.54051939002	989585.7819858061	1791180.4592951396	5428685.534870225	0.0	2444354.4577093925	0.0	0.0	0.0	0.0	0.0	582492.7254229252	0.0	0.0	44831537.27752978	2219252.5986684742	0.0	0.0	0.0	0.0	198166.7307682925	0.0	291114.8109446409	0.0	1936026.067631978	3367354.913982556	5041386.66646507	0.0	0.0	0.0	0.0	0.0	0.0	0.0	0.0	5037973.9610405015	0.0	191080.36255114787	0.0	0.0	235083.75538259555	0.0	29093839.99596474	0.0	0.0	4037975.1917100255	0.0
HILICZ_negative|IK:AAWZDTNXLSGCEK-LNVDRNJUSA-N	1288398.9038696224	110537944.75117978	6562751.232986435	0.0	0.0	0.0	0.0	0.0	209472.97512604334	26661.298037916415	39309541.543598205	0.0	0.0	22417646.577546798	1225145.4964738332	6033750.626179668	0.0	0.0	3464071.6696411353	0.0	7565658.318443948	0.0	0.0	0.0	0.0	0.0	8534843.800245496	0.0	0.0	0.0	5070947.230965232	0.0	0.0	0.0	116968567.78313877	0.0	403311.9085247518	0.0	0.0	52295989.732933976	223241.27094443352	15545855.038341984	0.0	0.0	8189811.019579363	0.0	0.0	9574635.661085553	0.0	20149553.690541197	621083.4179989252	4258126.522156654	143339.51049087345	13956753.313506417	0.0	0.0	4898263.239070893	403754.52873784286	0.0	581733.1372250305	1606310.382889913	23105191.263043355	0.0	3447780.420604892	0.0	0.0	0.0	0.0	0.0	323262.4115778953	0.0	0.0	24679142.657419577	2726482.610610576	791111.738721199	525061.5671315345	0.0	0.0	0.0	0.0	548908.1398895029	0.0	256552.8797543049	2181203.2609870443	1096215.9892402017	0.0	0.0	0.0	0.0	0.0	0.0	0.0	0.0	0.0	0.0	0.0	0.0	0.0	0.0	0.0	84928363.35566917	441315.0382032388	0.0	0.0	0.0
C18_negative|IK:NGFMICBWJRZIBI-UHFFFAOYSA-N	9427524.713284828	19172308.638746236	13713560.595246697	998789.0090626753	37717810.66381262	651832.869453173	5476730.781274476	2488808.350244208	6838413.3704236485	552147.8020276803	13021337.726563426	104819.04267230247	13402518.496446352	26506264.832950477	7700086.058619455	11322151.528206723	1061792.9095960273	292529.19438237016	26439787.978320558	1269677.4470258364	41647406.54076676	5345646.202140397	2532096.404212566	160406.36888024025	192193.21766642435	213309.47282180877	31803453.65472161	917357.7543809934	605129.1244132954	884736.1109369098	3231881.7677538726	1250806.6096927633	1535550.2744566533	2334942.4972260054	22300521.937855426	1951119.5151135626	3111032.000559403	1163879.62732134	1346405.0485106127	35560008.83087642	1101595.5261299012	41983487.32306123	260665.35087410797	2469974.8437664374	53520256.618533336	767401.42446623	86495.28501876436	36272554.14087732	116075.51415625589	26159158.447326846	25384028.901888557	11160144.886714734	561563.5227734377	64624144.26067978	4097513.920302802	7794519.641674538	10812312.236268854	11152741.131345317	7467483.977809859	11971189.426770242	36506156.43694868	43606624.02711739	1900325.8096679552	3210617.895933865	503503.2307751512	415626.0259557403	4962664.273622071	1096737.2602622076	4779009.196391265	5725240.42318226	550307.8628639537	2324753.7207888276	42942052.65034829	12023509.37835309	2477144.5887895008	4252150.612471928	253205.9605372548	1325716.4595117262	1981254.573917151	172997.91130879518	5710757.136585332	4402141.669024329	13549269.592864307	10084758.747573825	50903378.812303826	10437348.050058955	386267.3804124149	1330184.4144500033	1396725.771430623	568321.5326355995	1006672.8060728926	4930654.290795117	4288975.03794284	31948682.373681426	540421.0107104075	9617668.848355934	471254.40055806906	340032.84785459907	6005098.038292613	396396.087776009	40084912.13604212	595271.8882841212	357133.3516204734	20856534.711521402	156468.34688680607
HILICZ_negative|IK:FTVWIRXFELQLPI-ZDUSSCGKSA-N	29525473.15805555	24126678.29975435	26519640.010842673	39679086.30526919	34956466.43617722	34540419.280843616	0.0	41918168.80220169	29482648.88039936	33763365.479907125	0.0	36861573.63768684	0.0	0.0	29571734.329363193	25829584.23567282	34742266.59104809	41824693.029105306	26758860.264255878	0.0	19156185.66125053	39024663.13866181	35089171.73887348	39772307.12720325	42259687.910406	38334687.38163357	19437251.62503108	38721764.47650913	36403878.84272023	43685346.62421159	40389345.09253936	44961712.29293076	38995617.65272471	46934608.73849602	12082344.705161296	48397515.56796876	41030272.51075096	40287292.77758146	38635008.21761938	0.0	33382621.167291395	16475085.59787676	41997053.78270963	36577025.70651319	21137007.47139823	39732517.99745032	41309384.27173458	18219520.028502285	35975283.466923326	19928509.88051844	38128432.6438638	22044544.263614316	49706704.8095141	11383109.286034113	66365666.538396105	39773982.17606069	27146415.20514076	0.0	31211396.416896455	32499186.454297826	21031334.58139695	12373626.040910698	36331725.76427779	20974946.024280243	46741115.393917374	43853261.43004123	38337692.12929046	41286073.88797085	39297393.6598319	26587234.526149802	0.0	39161404.33849218	23271430.746962667	20966245.396440104	33410317.236016933	34529720.34010057	48936271.86628338	0.0	33976750.113218345	0.0	29642370.160185017	9850860.691594424	30303450.43788498	19576505.913193688	21479582.507072344	33914367.4083257	31945173.614102058	33513318.858835727	27986982.690164745	37569211.41260286	39497924.43388756	27250633.976281993	37992522.53469366	29709275.153444376	49981380.02012322	40845333.04904106	35751582.43830113	0.0	35763955.19076864	37353083.11591423	0.0	39687790.722064056	35427492.71339016	19472556.66524088	35129422.742953904
HILICZ_positive|IK:OLXZPDWKRNYJJZ-UHFFFAOYSA-N	0.0	18422636.871464264	0.0	4768643.134239944	0.0	20080980.88096574	36246349.45331631	14256696.761155017	35562169.99945321	0.0	28174002.49880896	0.0	0.0	0.0	11921356.755293708	10927762.214768616	9576442.433440164	0.0	23033357.686345294	0.0	54525500.341712676	23575971.846134413	0.0	9917658.999530435	0.0	0.0	0.0	7023392.83111309	0.0	4052799.7461233786	0.0	1620650.3697541994	40009010.64979252	0.0	16903679.369828433	36115896.76526263	41464393.887061745	0.0	9816444.60842589	31582181.588419717	0.0	0.0	16929469.207784608	17382200.815034095	46102708.167968504	0.0	0.0	0.0	0.0	24918694.703269135	8633220.222158186	0.0	0.0	0.0	1121330.4293395549	13173150.889276195	20491454.126570873	0.0	27867267.147222538	17801529.484688286	0.0	0.0	0.0	18103650.233635608	10188989.82216317	0.0	9272251.715505484	14807752.927294927	11996213.510611577	0.0	20413422.795508683	31383852.003402397	25542259.86049748	0.0	0.0	8874092.721709266	0.0	0.0	0.0	0.0	0.0	0.0	13497171.30395533	12673326.421097053	9661203.951620607	0.0	0.0	1433496.9663307408	0.0	0.0	26069270.16368874	10767196.28436616	15336302.650378413	28990566.046275	610587.8085625842	0.0	0.0	0.0	18317433.349254694	0.0	0.0	0.0	0.0	22193907.122167278	0.0
C18_positive|IK:UAUDZVJPLUQNMU-KTKRTIGZSA-N	43125655.54218729	51035947.075389296	29906397.504798885	20011501.394896597	42688014.477818936	12228701.344984578	18366168.977393717	16282946.217835898	23967909.47972969	13022027.025372969	36568011.350495346	11778937.511792587	10077703.289418686	55770950.04758387	22611562.703293536	15591557.070563773	8104838.954143009	11013269.962880503	35854842.48926304	12469313.070354706	49911570.8745461	18088208.713488434	13208532.347674448	17047637.305379394	9435771.377604248	5984678.34540783	31157045.093833867	12140777.530610189	23122972.18097114	22238404.652756866	13814044.09021533	14758970.588557815	20387924.507371325	12598295.83345735	26682023.019771572	17914003.149173047	18167361.90603983	18394955.19390427	11181475.293351978	47093095.03758843	11561570.370887442	24645221.04763603	12772076.891284226	18339256.40001074	47255509.08031265	11802237.714792874	13268667.289579043	43538141.998856	9520621.632129626	39463920.26518733	34460087.591180965	31743500.82698144	19425126.400577694	30907224.219505336	52799503.032980636	20056988.64548762	26223627.38333289	14473402.825170835	20555075.247793786	26941000.55458161	43882859.53284526	18233444.375055183	12087588.710306723	20434633.568387974	10579580.093034998	10542022.53222734	14207862.525705753	22289505.752434175	13881752.6488403	24356908.44648393	17966714.988719683	18906756.446062785	47464160.69623953	47391126.20310812	12276431.35557324	13411297.81144245	9478926.424910087	15839734.202599568	17676388.11711727	16219070.382245129	42350143.89394057	9955234.928862434	33278367.75567697	31214805.18343926	44240305.081172936	25454634.381697796	14477611.768220058	13987899.561447924	11280949.608650196	22278850.72253757	13241741.757483127	18016329.909080517	14090254.101278815	22844105.291519992	14928452.568822375	27344332.12218739	10266833.830642436	11739572.345430424	21053225.421568956	8306129.178742284	35289729.108604856	17885721.89710662	13175943.933646262	31330030.942539383	9304404.918889338
C18_positive|IK:RGHHSNMVTDWUBI-UHFFFAOYSA-N	9309138.18582361	25670008.19950153	9035162.752482371	2461867.0743617653	28709257.077352762	1439227.0677266351	11939006.680224275	3546095.098320541	8731110.388440872	1254382.9451170722	19734979.72858429	227197.22808560726	29101190.19445916	11747925.247735875	6289837.570881992	6830322.049543354	507346.34033670975	115465.55326016621	26418389.950054165	1000786.4444640139	31465746.252564304	5129953.608084864	2769004.4326695697	120683.94970607015	98267.05656837665	200094.16196437186	24226984.242971394	1147370.4226570807	551853.5451212452	594676.2115454039	725575.8250907889	417599.05970259034	2908915.716512057	2915182.507841891	35867574.692361355	826751.7943141541	3021324.393806281	1621089.0042165297	408198.51104564563	43761071.99441221	1290775.6776479424	34254863.886395425	175698.70991656173	2075230.2302942004	29643087.722051837	873850.6722992625	97851.97343822576	26213862.88731076	159084.58308903116	30016644.423869822	15686516.717251489	13898313.637633452	480595.63848008565	51000800.84035421	1460970.8153365897	1872514.4996002028	17475196.540869065	12426423.787644459	6810722.660822507	8851270.405583007	20005852.71865458	24430912.420693386	2359216.3565985584	5692232.474579724	1151783.4222658507	0.0	2321346.403716639	1560004.0491333364	5179433.879793414	8179214.716405667	1021575.9304643126	2933506.794296339	37804334.78426986	7471481.999862873	2581346.8469178462	1987660.1137726672	322311.52907185245	2308659.2477210076	4337648.915409522	1372775.8003716161	2942345.902979991	2889258.904069122	13982226.80204528	8919021.381416133	29719359.193759095	3662581.681965426	418545.90849873394	1348627.6679341835	3171345.6245614197	660975.5884015115	1923928.386365585	3556579.694439057	3087692.948613492	16454738.04417526	957099.4926508644	4630850.448538582	1918521.7969932382	99410.9201235697	3515754.054939751	243803.16274482768	44662432.30814506	97579.44026242939	1053591.4714133735	16120793.939274697	199722.76497344702
HILICZ_positive|IK:OPTASPLRGRRNAP-UHFFFAOYSA-N	2701606.634328099	0.0	2091825.2248210702	491604.20541560376	3371020.352826162	2870698.8966494836	0.0	1911136.115800708	11103925.189865338	2301085.950653659	75110951.60793808	896537.6045052073	0.0	0.0	2467001.2372008828	5271079.770229329	1040420.4371479091	490953.814229548	7516234.062297622	0.0	17445595.53669959	2145899.5835332233	0.0	1219928.586949943	1799845.7543767972	686356.2285766414	50318275.49715378	938736.9396490386	2022189.7303514697	0.0	0.0	0.0	7113342.12747957	2620957.524231208	0.0	2968529.582242947	11973716.969509646	3509413.3208945086	1241985.524747097	6021749.748554141	0.0	10793067.447695583	2246091.946740669	1386489.8594613657	17269271.52850447	0.0	914156.3830034367	12613124.06173325	0.0	0.0	0.0	3118088.398212426	2283605.6327833864	0.0	0.0	765308.2818957567	8446974.828659175	0.0	3523233.096943862	0.0	0.0	0.0	455451.7863157058	14753644.441138368	627833.2865197215	0.0	0.0	0.0	1615060.1077100867	1358557.4644497484	3898394.0663419096	6137990.549886241	12088997.430924818	9511881.811870553	1524006.5957623112	0.0	1124896.2019716091	709669.3451924763	5741187.255415713	757518.4340230769	0.0	355518.3652192943	1511816.908819186	918814.0241024767	0.0	474320.42791057145	0.0	0.0	0.0	2853597.809473034	1871259.1028128439	1405684.7028393906	1133901.9227831445	2910834.118789569	0.0	658039.9886317746	1020288.0047065738	260875.50237110187	927167.4772489966	792436.8708355493	75153753.4399293	459053.74966532504	869053.5636689219	20022685.17087087	912393.5999602105
C18_positive|IK:XEAQIWGXBXCYFX-UHFFFAOYSA-N	8091548.497141386	0.0	4679062.638660349	217637.91354425525	1899039.604126488	0.0	3694114.5274682464	905917.6528309982	2421551.962753886	131430.9391209213	0.0	0.0	32531026.40864355	15870319.995870108	2902135.790544071	3743928.291916983	88820.63211768905	0.0	11914984.361187715	69546.27162154295	32841912.39930766	1653139.6909214554	199759.7754279747	0.0	0.0	0.0	23888663.18935892	0.0	23608.33556874703	77176.94351609239	0.0	0.0	427761.4159938359	416932.41556010384	31637861.286175612	0.0	1364813.180968327	61166.130363570046	0.0	32211638.153504033	0.0	43306227.802387334	0.0	201132.35727951681	4958493.337399701	52629.165362918335	0.0	30517685.85915585	0.0	29791968.79605458	12729206.491752423	9860234.643151926	31445.05276922227	0.0	267532.7654283566	911133.1326089941	10004172.887438308	6383741.682894426	3028067.572091407	4050716.2933086227	20607540.532499004	32510311.6955834	169167.19396025463	476437.96663936594	42304.375458400675	0.0	647737.853470473	394508.8830261794	1652696.7235316213	3502926.702766754	53467.286665415326	246256.48808680588	50485658.27862961	2499787.976170681	262767.46339268953	392565.54158482986	0.0	0.0	409821.8026822323	69762.70329192262	758256.5759542062	814760.6777705139	6419137.536506707	4170297.357203043	24965412.6726665	1255586.5217809086	0.0	174009.07635468533	171088.79945627597	0.0	233194.05706666227	1038675.7237966427	600969.5976759872	13938021.377406226	97270.76361281396	1366062.116938929	146946.53670043146	24900.34865715539	2536127.745084461	0.0	0.0	0.0	26126.980425603684	15460113.123509796	0.0
HILICZ_negative|IK:CDAISMWEOUEBRE-UHFFFAOYSA-N	5994031.282897471	21750847.684888866	6406342.924318786	770740.000150741	753229.6405756177	704686.1504120828	2129795.2712230724	2765393.704892638	2838836.2882802193	840063.6632274092	29677792.27505115	361074.47891762835	0.0	18955338.285617813	2514021.3856325466	7197877.346384055	0.0	0.0	10258302.604474777	140432.67925715438	19086762.33989087	692631.4538143859	270264.1069265611	345869.96173644054	343602.76487463724	0.0	21875808.946722534	997355.3707759075	295887.1236494331	0.0	658066.5568687316	236474.91041779539	2477565.4490171038	459181.47564873105	44310602.51253557	323337.13698986155	5556162.838355182	506867.1418628094	835238.2766498339	35578169.1570434	559535.757990182	37027512.507295154	374965.2461539658	257044.33930113874	13451638.318705106	931267.7436142877	410762.8149754414	21573949.828600414	0.0	23855080.4226513	1229227.5131609237	8206883.964341636	539587.740377605	13864563.870704759	947880.1256081163	397050.28105871327	9479016.55456424	2875035.153986095	1611673.8569309404	2868070.254751622	4240141.535186405	10529520.714699803	0.0	12103185.348218327	0.0	0.0	376993.6781545876	915179.3441807919	2440948.2263894035	1062056.7934615833	2365716.3436610685	2909875.6586071826	21486894.700448032	4318358.072245362	218335.69357983768	14065265.05579298	411360.677406445	374800.1170502911	3062152.15943229	461002.30099195265	1435071.7678212512	322409.32451453846	4335126.318431617	6048751.285042272	9590427.237364063	0.0	443195.36462450045	421578.05720371014	226217.6278790087	874779.2820508776	445784.06863313925	1244257.054895579	439956.978632897	1412223.923968612	578569.3956630232	306186.9478298729	0.0	0.0	782754.1749885397	283534.587736875	42498458.9317846	273874.8397061827	0.0	30747493.2713715	0.0
HILICZ_negative|IK:PFTAWBLQPZVEMU-UHFFFAOYSA-N	8050149.456074756	2745283.156539208	6217365.116630898	2326239.952078164	0.0	356483.4353625697	1371281.5995306217	7607210.170963275	3208084.830209012	0.0	11504071.821865687	0.0	0.0	24486322.37158659	15570603.5280319	4903450.681759986	580759.4316972016	88771.25081246975	9761386.723997733	1796717.7877351292	25549064.64330694	0.0	796836.1382023722	223287.02658330702	858519.2854928444	0.0	16572601.916707218	2942936.8370579793	987901.4657805202	632954.1807893141	2686136.3476960314	997569.8236225748	326958.44334670994	423985.7810797059	27667292.356397193	553294.3502393396	994552.4579932805	0.0	2609776.9241136573	6960460.260179892	0.0	4454606.782542037	1643841.6214749732	1325068.0237131359	4178652.6680849907	0.0	961885.9660225027	40457046.09756375	0.0	9846659.318458756	12698397.301894644	7809083.890723057	855374.4079985938	6043325.28912136	1790066.6967928475	1577639.1860438676	26651699.18388749	0.0	0.0	14246376.762638446	13122896.25997326	55695083.86051404	0.0	17449194.70307236	0.0	114368.97468153246	0.0	393362.78685160825	3595406.8063111315	4916165.596184378	649174.8190953383	5969043.1161608435	38949790.98206807	21301971.081818372	0.0	5509193.281588752	2827126.268389291	0.0	1584168.7747847736	136569.94127681706	1480366.15093249	0.0	6444799.758827491	5284116.400395051	10597659.22915452	0.0	761737.5123933201	2867740.6452144696	0.0	268667.7751105815	463594.5989868637	1271475.0426234812	1001037.5499147186	3124214.990817888	1145334.8135562888	207283.4617686661	0.0	0.0	1976716.4328449084	0.0	5299988.439220765	506851.94815351145	0.0	21962234.64572672	0.0
HILICZ_negative|IK:JVQYSWDUAOAHFM-UHFFFAOYSA-N	4604812.917752702	0.0	1810870.629846921	93155.92078255123	0.0	0.0	0.0	0.0	0.0	692480.4396031725	44704095.53200278	0.0	0.0	0.0	1319067.4702639738	8253274.485503898	0.0	139806.11358779678	9386049.558122016	138400.95904792854	15440056.78570038	0.0	0.0	0.0	0.0	0.0	31685574.951333355	0.0	0.0	119108.55255753547	145182.00670224027	0.0	1598440.8222908536	0.0	15808673.927556917	0.0	6786572.416414045	0.0	92517.90793091794	15620839.975862514	0.0	13815667.107240323	0.0	84613.76155469938	12330703.114779444	0.0	81811.12405111644	11655777.019202847	103749.31582793611	10698674.526283015	101216.2085492667	5420962.248450518	0.0	5718749.18397293	310261.5507017969	136027.7174400761	4332963.625254297	648188.2838946732	106812.0430741905	3066907.2962845354	1695944.0625048093	0.0	0.0	28819439.27782806	0.0	157267.08699420097	0.0	856947.3449829465	0.0	2274078.6257889066	886932.665668204	1081964.6281420805	8385787.0198577605	13132077.767302731	0.0	0.0	0.0	0.0	0.0	0.0	2995612.1995705683	0.0	3712980.654542907	0.0	2714356.6911021397	410650.94911913556	0.0	0.0	0.0	104725.79747109463	83757.55166517555	0.0	101801.78471145403	2782137.18651609	0.0	158316.68823310733	0.0	79698.58500165495	782742.5508275403	77829.2908856459	52525159.366892844	0.0	0.0	6573761.825387982	0.0
HILICZ_negative|IK:LCTONWCANYUPML-UHFFFAOYSA-N	2980235.2868130207	51460335.81054763	4041739.176870946	0.0	0.0	0.0	0.0	0.0	3192578.1627895837	0.0	50905924.621480696	0.0	0.0	5663852.210390387	0.0	0.0	0.0	0.0	5699578.14635158	0.0	0.0	0.0	0.0	0.0	0.0	0.0	17600031.120809074	0.0	0.0	0.0	0.0	0.0	0.0	0.0	17142468.939428307	0.0	4272976.342754482	0.0	0.0	24141284.79955415	0.0	12689545.487938153	0.0	0.0	0.0	0.0	0.0	0.0	0.0	9656809.013279684	0.0	5270905.458646905	0.0	7080176.4046357805	0.0	0.0	0.0	0.0	0.0	0.0	0.0	0.0	0.0	0.0	0.0	0.0	0.0	0.0	0.0	0.0	0.0	0.0	0.0	4558786.197416428	0.0	0.0	0.0	0.0	0.0	0.0	0.0	0.0	0.0	0.0	9715563.52187164	0.0	0.0	0.0	0.0	0.0	0.0	0.0	0.0	0.0	0.0	0.0	0.0	0.0	0.0	0.0	28222365.76274868	0.0	0.0	16727122.237971805	0.0
HILICZ_positive|IK:LOIYMIARKYCTBW-OWOJBTEDSA-N	959398.1725917113	79115947.90394747	930700.7946840975	169445.83685975967	4562154.315599851	250734.21941945548	327053.13926950673	370844.86354606505	1193318.56316832	276887.0654787008	14940152.537717294	567380.837731031	0.0	0.0	281369.7128910398	2409526.248320895	330381.70835302107	237841.34449502447	6294988.1183396	158772.77820216244	14303308.68946977	0.0	306899.3342508194	0.0	263965.0256100156	0.0	6287181.2684028875	229561.49935566407	197908.96902299256	0.0	946707.035049379	199943.53308598555	198594.21537875533	0.0	929396.7035444113	0.0	2563837.653680919	0.0	184867.8952963841	5667904.168569988	782330.1451656887	0.0	570846.5598769697	249478.07538139872	11912293.852822706	426491.91844340676	0.0	6680755.4999354975	0.0	1659220.3410260635	0.0	6837567.844428615	304616.0908486936	5040128.436645453	293324.26597118145	170425.30733004547	7779197.587684446	1159430.1162382788	0.0	914494.6916160473	629007.6544953735	995034.2956472327	179988.27698449785	2431880.276004353	0.0	351594.19691805344	0.0	454538.7370150706	0.0	1198260.8553674074	821123.3445696168	0.0	2962979.45721757	1152420.0471684553	229246.36142739144	0.0	178263.75814662906	271918.54512577335	486938.34564155305	0.0	2049359.6896076463	580609.4468591592	0.0	0.0	24900118.426273357	122010.24986825866	789928.3088508073	163121.3343399686	112200.02224105281	5401834.364554806	0.0	222770.85097286146	0.0	0.0	786600.1871408363	245609.8375493527	137748.1889541769	0.0	247983.66118728108	287822.3316666319	5331538.893928811	118972.95423180048	0.0	3860745.480708672	0.0
C18_negative|IK:OKUXNMMTKMWVBG-BFMVXSJESA-N	18854332.2232655	26467735.619222984	16262205.987384632	5851503.77815519	24381564.3274576	5338336.04243693	0.0	7348512.186462959	20024886.92138638	6896992.051161702	18981543.2735245	1051464.8122286673	15544961.839597601	26293172.693482097	14726883.322110241	17349098.00439538	2678920.7025602437	520041.7795431407	28528648.759884816	2854765.287538353	0.0	12162863.56407644	6535349.567382438	945279.2092235025	625776.4358103785	851616.904652068	0.0	5977548.888890514	2480268.918746984	1851383.6603838613	688410.9363478422	995430.278553437	7386844.707754356	6749923.602116683	0.0	3704908.179140264	12500685.159083517	5144944.241547371	3990487.2154092826	31289504.768922314	4381197.892225707	0.0	982864.6494915306	6868960.469152011	29597823.12015036	3337522.187538975	437749.3370376006	0.0	336116.1950522958	32537153.57931138	0.0	0.0	2543815.634462796	0.0	4763119.106691165	8631953.852137577	0.0	0.0	15252779.388997732	16787877.299947806	0.0	0.0	6278595.317814855	10505109.912302379	3663335.5492568817	168253.83836947178	7343881.797782356	5854911.308693733	11472918.827345792	18578866.254648127	5875322.441988547	8791035.06307252	0.0	18081116.089175984	8735680.275106268	4932914.643562988	1508355.8768824455	5839248.148237993	8951167.463919777	3443884.4791810527	11501304.574354818	9638637.524669448	20244709.899535682	17044991.602406513	0.0	6558161.608787694	3313371.3564807875	3562056.4266527942	7621707.493738724	2000737.0627924763	4396003.674995286	9748445.697654082	10544797.514598878	0.0	3258185.027574848	10696842.959484667	4224965.220392928	478464.7008352213	9605676.724645322	1641753.78585108	0.0	411687.0396571382	1694894.5136074757	27362770.705741722	617432.8930403411
C18_positive|IK:OKVJCVWFVRATSG-UHFFFAOYSA-N	21261159.57265299	0.0	0.0	3409220.3378433585	0.0	1488366.1984447513	3730519.312241432	1433358.67469856	10564538.605383405	2285904.485945761	8882243.02191866	387255.34181055403	0.0	3691545.4432932134	11993529.571893232	6370823.735095357	2066508.9447366896	300546.8960020994	0.0	1564398.0777929418	0.0	9142200.409960197	3264591.3290074216	417822.7953576296	379892.5824412255	473571.9933369156	15633446.036602711	3180089.1039429554	958968.5043108152	849471.8417241129	1401511.112007293	637862.0100163227	0.0	4302606.828906174	0.0	3367048.576211256	7588551.153995752	1899958.8618662357	2504723.532186685	0.0	4215675.608190754	34446820.06817598	467799.41408356983	3150970.3042489863	41550231.58791451	1618454.5953699064	0.0	0.0	0.0	0.0	27294234.301139157	24955008.230483767	1487466.2225409	0.0	3169488.5108349305	3831916.9140192247	24939900.803265948	5034575.464163248	12080891.429043487	6415372.565948008	6679456.80805181	0.0	2722793.9008879117	4937038.560647843	1411354.5572349732	0.0	5348882.0369477095	4227100.884311195	2579800.2551881014	13601461.115341015	1614209.9768072083	3417733.189992608	0.0	6914809.386580705	3406978.599837477	4107620.097293201	579594.8518267574	3273846.619000239	4537654.733653017	934660.1198273287	3921920.647329214	6028615.175166381	19533239.909765117	15700108.761774687	0.0	0.0	1110534.6175966256	3093228.880113185	2903322.9399239407	950782.3488000798	3203114.324748187	7278389.811632549	5170787.402556206	4897699.68006611	2056085.3117164532	4961362.741884402	2669817.8319916683	739301.1574651903	10526604.831784055	844568.4595961866	40287448.98648997	339265.6549875883	345224.9960910976	18140269.70146973	0.0
C18_positive|IK:CZMRCDWAGMRECN-UGDNZRGBSA-N	10688168.415383618	11238271.308387877	8363750.057062686	6153766.087043748	24549732.026751	9374673.65048851	8596464.038245007	12894674.922502458	7912055.009813876	8833639.30180819	4758144.54520918	4260742.619233111	25669319.496705342	21165871.623843998	10404496.256839259	11277176.657351026	5846824.188874039	4935854.621595779	15752876.130281094	6548346.5000898065	22192466.395540223	9357444.030591566	7339652.900895585	5505810.755090738	6069962.286153037	5896035.861634256	14292277.741820535	12982977.723395582	7268569.417513783	4846333.677339289	6858565.658648554	3884071.130923893	3092545.1841709404	6083128.249717902	9228093.431092007	5417050.189348281	8002513.595816078	5899717.030736155	5719816.168138307	10628009.41590911	7491512.181789816	13661522.3596755	7200465.024612799	5547644.846636764	18591543.907127906	4517471.567007247	3364601.4457072527	18178701.708956677	4695362.940949959	23594034.119401608	19293702.697516732	19250125.787007995	4948745.313491825	19661012.131885678	11696086.725647232	5700417.788810296	12852802.333085751	9325141.216363873	6246178.682578756	9816705.709844017	12168734.471101146	13754465.147442581	6516475.507887708	6727829.350786942	8028262.520713332	2803409.9862482524	4192354.796793694	4739979.04608583	10568889.861259865	10772434.922541214	7081594.560364929	12818937.479915928	62106478.87313223	4233119.200427678	6530964.101922789	7500141.648110743	5151568.839730315	3656378.2297349796	7091586.734464947	5454676.213481181	5835126.09473575	9238211.401685627	15422925.377208987	11296439.099158922	34933239.18888094	6024430.3762772335	3626097.592272235	8531472.06486053	7910015.980052032	4360503.946641596	3856190.1180399926	5907969.117732732	4777267.2368088495	11225487.562370537	3891449.4118278334	7296854.965834358	5012544.271250116	5981299.490593512	7410178.216123757	4101728.027054242	15517560.684740042	4632923.321669096	5510889.449053678	12409134.466848908	3932615.5031248443
C18_negative|IK:YGSDEFSMJLZEOE-UHFFFAOYSA-N	0.0	37137726.10477826	0.0	0.0	1059353.2831961955	0.0	0.0	0.0	3424074.014167309	393207.08935321827	63702878.91560473	0.0	3659968.3311338057	0.0	0.0	5670177.637111698	0.0	0.0	0.0	0.0	6029385.595536681	0.0	188733.43143080157	0.0	0.0	0.0	1113889.5608229032	0.0	0.0	0.0	0.0	0.0	0.0	0.0	4872901.1108174315	0.0	0.0	0.0	0.0	0.0	0.0	0.0	0.0	0.0	14333198.763324304	0.0	0.0	5774166.415425424	0.0	9494795.691594277	0.0	0.0	0.0	0.0	0.0	0.0	0.0	0.0	0.0	0.0	0.0	482160.33899477153	0.0	11802291.10185183	0.0	0.0	0.0	0.0	0.0	0.0	0.0	0.0	0.0	0.0	0.0	0.0	0.0	428690.06625059317	0.0	0.0	2127232.0065576113	215619.72530895457	0.0	0.0	4425690.4943681555	605566.9600288861	922817.4646494986	233273.08759437507	373716.01913709956	0.0	0.0	0.0	0.0	0.0	0.0	0.0	0.0	0.0	0.0	0.0	0.0	0.0	0.0	13589341.181314811	0.0
C18_negative|IK:FJKROLUGYXJWQN-UHFFFAOYSA-N	2009691.6367808478	0.0	4858518.0905301515	0.0	0.0	0.0	0.0	0.0	0.0	0.0	0.0	0.0	0.0	2740952.291734812	0.0	0.0	0.0	0.0	0.0	0.0	0.0	0.0	0.0	0.0	0.0	0.0	23906277.617864467	0.0	0.0	0.0	0.0	0.0	0.0	0.0	0.0	0.0	0.0	0.0	0.0	0.0	0.0	13815680.234978775	0.0	0.0	0.0	0.0	0.0	0.0	0.0	0.0	0.0	2423936.1031222944	0.0	12119422.19504212	0.0	0.0	0.0	0.0	0.0	0.0	2432704.8728623977	0.0	0.0	0.0	0.0	0.0	0.0	0.0	0.0	1382538.980609776	0.0	0.0	0.0	7409835.075415861	0.0	0.0	0.0	0.0	0.0	0.0	0.0	0.0	0.0	0.0	0.0	0.0	0.0	0.0	0.0	0.0	0.0	0.0	0.0	2884864.4322682624	0.0	0.0	0.0	0.0	0.0	0.0	71122052.79359977	0.0	0.0	0.0	0.0
C18_positive|IK:WQZGKKKJIJFFOK-PHYPRBDBSA-N	0.0	0.0	0.0	0.0	0.0	0.0	0.0	9046958.342738599	20346331.756071866	0.0	13792542.0238776	0.0	21208180.57658964	0.0	11049293.941179292	8552273.216210244	0.0	0.0	16957683.079390984	3214823.420931678	0.0	4510907.700089682	0.0	749427.5867114883	2797603.853163172	0.0	0.0	7702528.126429942	0.0	2306920.05171069	0.0	901921.5283624347	9981797.736246454	3542472.2632470136	0.0	0.0	16963739.665388387	0.0	3508669.360026596	0.0	0.0	19263166.830158394	0.0	0.0	14461651.793572856	5181660.881738303	690990.1299717402	13810295.88111913	0.0	0.0	9414882.415353158	12159919.451943228	0.0	0.0	3100592.3942233007	0.0	12118572.290903809	5214417.290352065	6725330.891340953	9412661.061980907	0.0	0.0	0.0	21032744.04016092	3975787.4354761946	0.0	2495839.33659956	0.0	7605162.2635408705	0.0	10596598.878142899	14944830.43313	33043099.44420039	0.0	0.0	0.0	2802094.302146313	0.0	8793618.793223804	0.0	0.0	0.0	8665464.234549774	0.0	24088245.246057235	0.0	0.0	0.0	0.0	3410982.481611874	0.0	3613803.0189008405	0.0	9359174.043313367	0.0	0.0	0.0	0.0	8945250.97349095	0.0	39617017.62069383	0.0	0.0	0.0	0.0
HILICZ_negative|IK:KCOOTJRKKIDHTM-UHFFFAOYSA-N	2564221.2324239747	26226396.975104377	961050.4637688071	0.0	0.0	0.0	0.0	218559.62950380883	2544094.8094310267	0.0	28626833.219929226	0.0	0.0	5007619.987660041	592902.02434881	1524037.9798652688	0.0	0.0	2376627.0681771734	0.0	4431212.481310361	0.0	169528.29339220753	0.0	0.0	0.0	15774589.150935562	0.0	0.0	0.0	0.0	0.0	1409231.2600239124	0.0	7130076.318669805	0.0	1051454.8809592465	0.0	0.0	60660483.550660245	0.0	9648415.500310007	0.0	118351.86288311245	6490066.968956952	226246.82475095626	0.0	9611724.555117534	0.0	6002228.415199811	252748.2223192269	3441092.3826402077	0.0	4431078.19705726	0.0	0.0	2585448.052792357	0.0	321100.2488014401	1380191.2238951505	599663.0625916454	0.0	0.0	2450128.991677932	0.0	0.0	0.0	441052.87360544223	301757.6076776961	1127698.3969799543	605966.1126091252	721671.2434875662	10164214.242442507	778437.4313179106	0.0	0.0	0.0	328508.5590020884	529869.299906829	0.0	1725870.511300477	0.0	475931.0552965465	4420729.658214368	2731826.0939310067	0.0	90146.4403081015	0.0	0.0	0.0	205123.72491937317	239079.2405619788	0.0	2051082.955134707	0.0	751666.5871215708	0.0	0.0	361628.877381117	0.0	20533523.30106431	0.0	0.0	7258391.877155672	0.0
HILICZ_positive|IK:XEAQIWGXBXCYFX-UHFFFAOYSA-N	0.0	32324381.20293885	0.0	438412.1756218558	159264.21276718934	284353.8924783544	2866890.045965432	0.0	6375092.329276906	777814.3742437108	11666436.367974995	0.0	0.0	4801121.628909229	3712170.3639523955	0.0	468800.5113469768	219395.54032599926	16047465.262364717	626303.9599423432	22400086.518666737	2763820.616388729	802629.8206734929	0.0	0.0	0.0	0.0	325272.331394007	152692.48587931303	730822.5036150009	185034.38532514867	580234.4508722047	939938.7305168143	1216089.3820767105	0.0	1102324.8430750323	0.0	278458.3071596125	1522864.23678373	0.0	611664.7698164467	0.0	0.0	976763.3346948166	25778385.399815835	269824.2434606304	0.0	0.0	0.0	17800495.30745745	13194213.730365729	4823264.829235199	203012.59228705845	19172244.562546227	2348243.7141624773	6271807.366508971	0.0	784105.4154025996	5847762.2319573	5978848.911357048	0.0	0.0	877249.117654022	1347841.9966765412	0.0	0.0	474529.7092424599	408309.63094379817	0.0	0.0	265950.829735996	790105.0803197898	25890661.182412654	5459739.095611938	728990.6103433355	267822.31186159304	142960.93081631555	1240425.8460472033	1232980.5553150633	229872.6660055175	1735380.8189055023	2738863.9620004874	6478258.641069767	0.0	30862464.703854006	4499792.683060642	0.0	208603.84328173398	890664.4177185411	225695.43557844788	204709.27296719197	1471430.0931447425	2343027.5555222607	0.0	0.0	2716110.0224978453	0.0	0.0	0.0	0.0	36393205.89010645	0.0	130333.39771699352	0.0	0.0
HILICZ_negative|IK:KDYFGRWQOYBRFD-UHFFFAOYSA-N	1223569.5264822815	56681659.04416887	2895204.8777886233	1028539.4979344918	1076242.7213592536	1374000.1067580725	1279044.035975642	1574048.926033199	2917420.368112549	1205423.77213431	18790933.271196306	962069.8930883699	0.0	6990079.934455896	0.0	7192216.12771411	1052138.2703795435	1716847.1940851226	5183227.934368909	931964.5291204691	7648382.046009729	1093351.3860758233	953950.4020686528	1202870.49390632	1191991.7743135693	963894.1745783521	3968901.7283516205	1492872.5992599875	1022225.1072163179	1805246.356865649	1169338.3042407676	1051046.5020697045	908432.6347853994	1346108.6948856558	5526181.208139777	1240009.9178231074	3059306.3580810004	1030924.3266757572	1040027.391557172	42496026.81375735	1035717.9762971419	1484955.2732476136	1379895.9537470127	1695131.3294391625	4636959.891162605	932648.1659257418	917783.1667138643	0.0	700459.2484475522	15251745.818293927	2775675.109756304	3657487.2314033834	1237637.1828412125	8969309.24313232	2447221.3560624784	982645.6930289262	3191639.5847226395	1324763.0047197724	974635.7634162604	1139795.548532792	1967331.7087193115	4655998.467802378	984050.8708279767	3373884.468280158	1205988.4144265326	974016.5918343667	1004335.0736761682	1084070.5311447983	1450378.8738221368	1162368.5981172912	1404674.6632531814	2247178.9516520044	7432052.5417544795	3890534.6988142002	951906.9004082442	2514399.737752518	1385233.6634718787	0.0	1402181.0096234954	915455.8137774486	1328126.5667886722	0.0	1366948.5170365428	4895281.809492149	2483938.697552959	688529.8228608294	1530680.4143981931	986067.6290600603	757939.3710875653	1029450.2466744126	1015672.1563597627	1141415.6045622148	898308.9009374671	1359582.6868981738	1264559.5787551918	1038308.006432548	938241.3866692951	715739.3368579443	1743475.1920485494	883071.3812323192	21458488.405228477	1035530.3866791046	1005312.4480466543	7165261.974750224	736891.588558881
HILICZ_positive|IK:NTYJJOPFIAHURM-UHFFFAOYSA-N	0.0	64958729.812306136	0.0	208412.94528079795	0.0	0.0	10079995.193764957	0.0	0.0	0.0	0.0	0.0	0.0	0.0	3373308.4881285136	6712401.368245318	0.0	0.0	0.0	0.0	0.0	0.0	0.0	0.0	0.0	0.0	0.0	0.0	0.0	0.0	0.0	0.0	0.0	0.0	10702818.943008427	0.0	7187796.220178117	0.0	0.0	0.0	0.0	0.0	0.0	0.0	0.0	0.0	0.0	0.0	0.0	0.0	0.0	5363040.100727635	0.0	0.0	0.0	0.0	0.0	1742695.7721670908	0.0	0.0	0.0	0.0	0.0	0.0	0.0	0.0	627089.4849539546	0.0	3495484.072151339	0.0	0.0	0.0	23030850.707373884	0.0	0.0	0.0	0.0	0.0	0.0	0.0	0.0	0.0	0.0	4660184.817257863	0.0	0.0	0.0	0.0	0.0	0.0	0.0	0.0	0.0	5351294.783602423	0.0	0.0	0.0	0.0	0.0	0.0	0.0	0.0	0.0	0.0	0.0
C18_positive|IK:ZEYHEAKUIGZSGI-UHFFFAOYSA-N	963472.7025329152	433437.47352203826	153702.2559450828	951434.1291260944	252876.96263670168	3231666.464839085	3469662.3326271246	1532619.1804913573	2464091.564133261	707725.1854894841	0.0	408869.27475225937	406867.05838225014	1042869.3950577026	15696139.764166262	3777552.912583975	1437660.0977772626	124541.97654908159	1542858.8585628865	114383.2782425099	200351.04339462516	2956990.1876843404	91073.0411815941	2451478.322139005	1111858.2239847938	599536.2043598592	2088363.2192379106	840710.7118646913	3089188.3906545513	39463.644741907774	71079.96450367558	0.0	54448.332094177575	1655675.3110053798	1823417.0632797051	353071.396956749	988487.5753750689	564510.8883153499	587010.229324088	604770.3579211233	1323269.538556911	3358615.214400866	2681812.4381846897	534248.1040126166	683430.503593638	0.0	818127.9850711595	2297420.6267506843	23862.01527688978	8250431.045946916	1904298.4496602218	189660.97763420644	181352.78461857134	717989.3676519996	0.0	86707.11337617021	2760953.1060669282	153353.31264258907	1804502.064057873	360811.25552336144	755575.0098310714	3453155.768650415	673722.6832163021	8452250.239736171	1253048.1602663393	0.0	513598.6939671402	152105.67668262872	3949351.169264619	1593643.395713775	3178028.0006917887	3681621.8636237527	503048.93710732384	242273.66516265282	1187260.1146433626	678182.231764324	3002653.3180287504	45845.57481095936	901766.2941804624	2220102.3939406737	0.0	5083492.101139898	156195.08704505832	64185289.03959057	158224.81192870426	0.0	704112.803475604	3718321.8493209467	1765788.5852127373	83916.90474345538	1549318.6509635532	13718852.497240225	465307.3615397328	356053.76867236214	549985.4499490557	0.0	1044927.3930403447	307794.35007971484	0.0	633615.0065465984	0.0	1182187.5040184064	417824.3410245146	1762164.1512370557	168477.1421481482
HILICZ_negative|IK:BJEPYKJPYRNKOW-UWTATZPHSA-N	0.0	0.0	0.0	0.0	0.0	0.0	0.0	0.0	0.0	0.0	63384760.46093753	0.0	0.0	2208117.52721143	0.0	0.0	0.0	0.0	0.0	2541253.2708570976	0.0	0.0	0.0	0.0	0.0	0.0	0.0	0.0	0.0	1529113.2119798649	0.0	0.0	0.0	0.0	0.0	2061339.6540441506	0.0	2395629.010223395	0.0	0.0	0.0	0.0	0.0	1235251.0771803826	0.0	0.0	0.0	0.0	1878262.4476113343	19774687.632637743	0.0	0.0	3560993.9455025136	0.0	0.0	0.0	0.0	0.0	0.0	0.0	0.0	0.0	0.0	0.0	0.0	2525184.6268658633	0.0	0.0	0.0	0.0	0.0	0.0	0.0	0.0	0.0	0.0	0.0	0.0	0.0	0.0	0.0	0.0	0.0	0.0	0.0	0.0	0.0	0.0	1434692.1293377872	2146760.911977051	0.0	1593097.4535651212	0.0	0.0	0.0	2811811.1518249437	0.0	0.0	1519920.353099349	0.0	0.0	1843165.583602428	0.0	4388101.220779079	1382811.6550312017
HILICZ_negative|IK:BJRNKVDFDLYUGJ-UHFFFAOYSA-N	2236822.7241368596	0.0	12298517.621575762	10221888.541128082	1425905.0615157166	1113266.7718205974	0.0	41232501.254064284	0.0	380462.2556772269	0.0	361791.9569315929	0.0	7787842.33173657	11199536.538399866	0.0	2736093.0252122064	5376075.594223741	9593879.639601571	10730729.134259045	0.0	7367106.74105708	11572039.741855497	0.0	17128712.33587761	926061.7987622854	0.0	7220792.975971295	950397.9742895766	1973951.2664808678	0.0	570040.5621348809	2881129.0364450295	0.0	8661690.580188245	24226470.665489536	0.0	126087.72595380056	3523174.054789244	0.0	2936927.91201929	0.0	1168757.7593737124	1267931.0111947383	0.0	2347961.29748982	0.0	0.0	3735228.7983943243	0.0	0.0	10309739.44397684	181960.60616826624	0.0	2200387.1483717747	0.0	23782734.169125784	0.0	0.0	11992560.782890148	0.0	3224537.530659029	6675562.317032932	0.0	8421768.346554099	0.0	2614629.024495322	0.0	5433165.436641136	7199964.402996872	732919.902082916	16836906.017511014	0.0	0.0	5619835.50773855	2463739.579973905	2223209.6846884973	0.0	0.0	644882.7400244261	3318347.804727763	2385016.47856162	13676941.650758222	5008161.3688092865	0.0	1808991.2412174074	248869.47634111898	7978365.651790649	839459.7058717669	1757372.6443335498	1013051.147499812	0.0	6615386.178805295	0.0	909831.1014815116	0.0	0.0	6435111.11898495	6071760.973685133	0.0	0.0	254049.22781467196	0.0	0.0	72111.89406136361
HILICZ_negative|IK:GHOKWGTUZJEAQD-UHFFFAOYSA-N	1640980.7217818515	0.0	1926450.7287658823	0.0	0.0	0.0	0.0	731025.992296768	2036587.9524326331	0.0	31508153.450213205	0.0	0.0	4904763.769181665	3867681.5992182363	0.0	0.0	0.0	5423921.725322405	0.0	0.0	0.0	0.0	0.0	334555.3746080529	0.0	8160434.8962239865	837688.0547819348	0.0	0.0	0.0	0.0	251261.92442316518	0.0	11354684.625278063	0.0	0.0	0.0	0.0	28072590.026368856	0.0	3233447.891972275	0.0	0.0	3841232.22155512	0.0	0.0	8564643.386574935	0.0	4437008.057286461	0.0	2663527.8110889643	0.0	8012852.242969502	0.0	0.0	14953483.523082078	709790.4552320668	0.0	635795.344606321	2201639.9175735386	2971600.361125025	0.0	7957360.3725285875	0.0	0.0	0.0	0.0	0.0	0.0	428440.4757042506	1697484.3822817618	0.0	5626654.446767067	0.0	40489839.68398115	0.0	0.0	636524.412713923	0.0	0.0	0.0	0.0	0.0	5336685.390752139	0.0	0.0	318383.2276539358	185901.9799686712	0.0	0.0	0.0	0.0	731934.9853231743	0.0	0.0	0.0	0.0	0.0	0.0	0.0	0.0	0.0	13062444.276662657	0.0
HILICZ_negative|IK:OKVJCVWFVRATSG-UHFFFAOYSA-N	1859745.7241000163	5565867.378801944	8902081.980422428	1188883.2693246424	546299.5443488517	574804.3377228939	4068697.5900927605	2243995.7223863495	4760684.497056217	491216.10028644616	4857330.1046610065	0.0	0.0	9087099.68499825	4055382.692301116	5329781.978808723	855870.7107537616	409765.5842978026	0.0	1809814.6219636432	1218192.0263697924	1941482.2454949818	2540047.0310236653	0.0	193850.78485222516	0.0	11344637.430547552	734068.8603395039	665093.2662801299	1425496.644612884	3511846.57731047	2015640.7625566926	984290.619845748	2547867.2264507767	7205992.358024613	2601028.441158455	3035258.513744827	814632.8693066348	1536954.8380039637	9671150.307459334	995812.3021937349	14587403.813970169	266187.69475537917	2333866.822578853	29871442.34065023	799661.0663596559	0.0	16005683.11763727	134783.140288977	11403000.428754624	11590220.739420056	4767394.140133458	776828.1785481687	30713356.17842462	4361742.526235653	8414955.66344789	5366148.7963311225	7636004.775582721	5045818.967685498	8399043.115151763	2395148.9157736446	0.0	1711778.5788844968	1087410.146474806	491655.1579620584	725229.0262133578	1206422.6810189863	1158666.2399185854	0.0	2682293.468129529	433427.8850043041	1930363.273369353	9379342.037022123	5284426.278129804	2346978.4045420345	3410977.336368402	0.0	1412730.831244208	1685897.2112157643	0.0	5475355.761776153	3775478.5621753475	6623123.827936386	3299195.925775499	30283997.561433442	11239263.490638979	415812.3098907625	990781.4938657447	1331537.0131456396	646684.380661415	1116882.0576980545	3198264.972964667	4237228.333415365	21730056.315226465	478590.8293212968	10901831.411810605	474536.85131789965	387596.3696829491	5109639.999373787	237065.1652205437	13518011.6317445	793467.6369890666	375442.7411561451	7653347.179182231	0.0
HILICZ_positive|IK:CDRPUGZCRXZLFL-UHFFFAOYSA-N	0.0	0.0	7206811.16019619	0.0	0.0	0.0	14273530.399555136	0.0	21763280.802537233	0.0	12830795.151846197	0.0	0.0	0.0	8829497.144037712	0.0	0.0	0.0	21002750.590324227	0.0	21829862.11977098	13061923.334748907	0.0	0.0	0.0	0.0	0.0	6616506.652272709	0.0	0.0	0.0	0.0	0.0	0.0	20089511.699834123	0.0	0.0	0.0	0.0	0.0	0.0	0.0	0.0	7651648.339403658	9736909.568064291	0.0	0.0	15635555.87145415	0.0	13804536.292968445	0.0	0.0	0.0	0.0	4852842.863493089	0.0	14786745.830860235	13085514.47952143	10216989.240696369	0.0	0.0	0.0	0.0	0.0	0.0	0.0	7038735.844923218	5240581.32374815	8716797.701124135	0.0	0.0	0.0	0.0	0.0	0.0	0.0	0.0	0.0	9849820.452814046	5530220.878181612	8439008.109225951	7496820.285240191	13450867.528170642	8176723.401245971	12698435.033672817	3973949.407497675	0.0	0.0	0.0	3184073.5541662946	0.0	4958253.001432813	0.0	14383129.390620733	0.0	0.0	0.0	0.0	5581797.436016622	0.0	0.0	0.0	0.0	0.0	0.0
HILICZ_positive|IK:OLXZPDWKRNYJJZ-RRKCRQDMSA-N	31678226.86911761	0.0	0.0	0.0	0.0	0.0	0.0	0.0	0.0	0.0	0.0	0.0	0.0	2059212.125313125	0.0	0.0	0.0	0.0	0.0	0.0	0.0	0.0	2161642.925637417	0.0	0.0	0.0	0.0	0.0	0.0	0.0	0.0	0.0	0.0	0.0	0.0	0.0	0.0	0.0	0.0	0.0	618808.9861626418	21105217.780343037	0.0	0.0	0.0	0.0	0.0	0.0	0.0	0.0	0.0	17062728.145024266	0.0	26104137.153146897	0.0	0.0	0.0	0.0	0.0	0.0	9038292.293561224	0.0	8791343.58436209	0.0	0.0	0.0	0.0	0.0	0.0	12835620.01479581	0.0	0.0	0.0	25474161.19706842	0.0	0.0	0.0	11431753.374325903	0.0	0.0	0.0	4372647.138127863	0.0	0.0	0.0	0.0	0.0	0.0	0.0	0.0	0.0	0.0	0.0	0.0	0.0	0.0	0.0	0.0	0.0	0.0	17361904.678543497	0.0	0.0	0.0	0.0
C18_positive|IK:BJHIKXHVCXFQLS-PQLUHFTBSA-N	8288933.749483972	23630582.929710407	6491703.961062075	0.0	19453250.50961297	0.0	5411956.032213232	0.0	0.0	10398867.96847923	0.0	0.0	0.0	5563291.246121518	0.0	0.0	2075591.3881232676	0.0	0.0	0.0	19931790.119189847	0.0	0.0	0.0	0.0	0.0	32628212.528823737	0.0	3561039.6289453176	0.0	964658.3290921128	0.0	0.0	0.0	3982809.145308586	3357111.1651868653	0.0	0.0	0.0	7987757.8752053175	0.0	0.0	0.0	3466353.4103358225	0.0	0.0	0.0	0.0	0.0	16940646.501284048	0.0	0.0	0.0	8100341.242860195	0.0	5346569.487914014	0.0	0.0	0.0	0.0	4526172.918438226	3763914.435885483	0.0	0.0	0.0	0.0	0.0	2109501.963247054	0.0	5871761.239104369	0.0	0.0	0.0	5025283.492489074	0.0	0.0	0.0	0.0	0.0	0.0	11881544.107069083	0.0	0.0	9029663.267759018	0.0	0.0	0.0	3262511.765042598	5001780.696001048	0.0	0.0	0.0	0.0	0.0	0.0	5973851.047716507	0.0	0.0	0.0	909194.5949642363	0.0	0.0	0.0	24301035.585499328	0.0
C18_negative|IK:BJEPYKJPYRNKOW-REOHCLBHSA-N	0.0	36161876.98215677	6660746.582567226	0.0	0.0	0.0	0.0	0.0	0.0	0.0	16228965.643447885	0.0	4692942.943231103	8187864.2135411855	0.0	0.0	0.0	0.0	1167833.022325977	0.0	0.0	0.0	0.0	0.0	0.0	0.0	0.0	0.0	0.0	0.0	0.0	0.0	0.0	0.0	20602719.51358111	0.0	0.0	0.0	0.0	27309544.596316937	0.0	5445407.006245767	0.0	0.0	0.0	0.0	0.0	0.0	0.0	13289991.130085625	0.0	0.0	0.0	7259257.198667686	0.0	0.0	0.0	181776.27048876561	0.0	0.0	0.0	11176582.328218488	0.0	0.0	0.0	0.0	0.0	0.0	0.0	0.0	0.0	0.0	0.0	0.0	0.0	0.0	0.0	0.0	0.0	0.0	0.0	0.0	0.0	0.0	0.0	0.0	0.0	0.0	0.0	0.0	0.0	0.0	0.0	0.0	0.0	0.0	0.0	0.0	0.0	0.0	21363227.95742406	0.0	0.0	8862099.76648541	0.0
HILICZ_positive|IK:UYTPUPDQBNUYGX-UHFFFAOYSA-N	4119197.1679665837	0.0	0.0	1421895.1949556211	6315394.221772237	4991669.332416817	1610501.6135474702	3425719.4381277584	852912.1692358686	2415395.2841591258	9503988.356721511	1425196.4853752374	0.0	0.0	0.0	962921.285125494	2274929.6077794656	1234774.5670738467	820963.7201460003	448518.3362786361	15001013.508548465	3648299.388999649	0.0	2118969.1461181133	3183535.2556146323	1567942.7779742372	3925662.5517072654	1171865.474009261	3461536.8237631363	459597.0294186001	0.0	0.0	6435379.901659069	3908859.6121215415	2973478.815488892	5876660.415368981	0.0	6100664.490724192	3047153.829742843	46800339.446577825	0.0	2429718.714283823	3806852.62870373	2835651.4380972954	6956896.494259089	2787278.2933546645	1839783.3816549373	4308847.288945558	0.0	10049397.001629123	6345021.972855747	2613648.2079901746	5408452.583250888	1290266.340242266	0.0	1404531.088758982	1171197.23649609	0.0	3655899.712234254	3446503.12071869	585441.4340449871	0.0	949828.5823151313	1950328.3943397366	0.0	177424.8057638126	2045035.086099905	2036700.7472532375	2108906.8271784433	1861083.6762845654	266632.3390595149	5683495.478950951	11914350.41858607	5377506.340405099	2864583.8400286348	2408545.2934660376	1967651.804968809	1147348.9853384246	4236712.361594946	1782516.8580304747	4886546.831287473	488985.13765519863	1823360.749728612	0.0	670751.0040208398	1258275.8288048194	685636.4988597154	0.0	3346527.8748776815	5711225.220221308	3824653.5860378435	2416348.487226194	2553410.8466722444	3455140.2865860253	0.0	1627905.136398963	1753291.2101876293	684270.1537187474	2088948.8087232495	1616140.2822633153	24539046.829867143	0.0	2263192.2826612564	2025468.653997144	2024310.5073499954
HILICZ_positive|IK:NJMQSVWMCODQIP-FQXXIRCGSA-N	0.0	0.0	0.0	996823.3942985721	0.0	431647.7366615401	1037224.9853463701	2395312.3234393788	4364562.495357912	0.0	2509392.542123871	0.0	0.0	0.0	6196631.121862535	4391062.097163646	332789.92242156266	337267.6523069868	12098768.437737718	751698.1294551934	24381865.825222503	2145343.039989143	0.0	0.0	305669.63108880376	0.0	0.0	966479.3670912626	352587.56247007486	408437.01475606876	0.0	356926.4070596144	1142792.3626223588	1256720.7541102932	24699364.52868977	729633.2685274247	2580486.732382254	470676.219429921	895470.34778516	9583786.875246987	0.0	0.0	0.0	1398173.0837410826	9876284.097000485	1044642.3491258362	167638.27890620206	5839710.635913773	0.0	15366189.782823792	9749240.865796395	0.0	293921.58158908214	0.0	0.0	755481.7548869544	10910332.591354595	2073695.6082264471	2665625.4729194315	5955948.876422855	0.0	0.0	0.0	5651069.2233374305	789678.705149214	0.0	1783968.095864162	408588.54546127334	2639330.265299125	0.0	964666.0475604978	4396617.497118322	30453340.83135678	0.0	0.0	5218691.621808413	590316.8370076526	0.0	1289701.9650218703	462641.29364441003	0.0	0.0	12354861.126753163	3527064.1994828437	9437195.601763073	0.0	0.0	657009.2873420977	0.0	481849.449178583	424286.94530130905	741006.2599305914	4905821.903001239	2983117.7216210617	0.0	2868400.8606720464	0.0	0.0	1660862.3785485257	0.0	0.0	0.0	0.0	13019353.387469389	0.0
HILICZ_positive|IK:FVXDQWZBHIXIEJ-LNDKUQBDSA-N	4508148.452933744	3305418.9565046765	5413298.518436389	0.0	0.0	0.0	0.0	0.0	3163790.937922577	0.0	22371696.30215386	0.0	0.0	0.0	4209452.752815472	6922513.866070194	0.0	0.0	0.0	0.0	11008839.168523198	0.0	0.0	0.0	0.0	0.0	0.0	0.0	0.0	0.0	0.0	0.0	0.0	0.0	25989155.132958584	0.0	0.0	0.0	0.0	0.0	0.0	9229424.693362765	0.0	0.0	0.0	0.0	0.0	0.0	0.0	12027710.152125806	0.0	7281822.304711725	0.0	0.0	0.0	0.0	7384226.598576658	0.0	0.0	0.0	7093511.078238456	0.0	0.0	6995482.018621665	0.0	0.0	0.0	0.0	0.0	2663502.965064259	0.0	0.0	23274170.13486254	7591395.333086145	0.0	6056220.507570389	0.0	0.0	0.0	0.0	0.0	0.0	3312478.659203567	3878505.9524616916	0.0	0.0	0.0	0.0	0.0	0.0	0.0	0.0	0.0	0.0	0.0	0.0	0.0	0.0	0.0	0.0	20717414.916427433	0.0	0.0	12003505.462683795	0.0
HILICZ_negative|IK:ODHCTXKNWHHXJC-UHFFFAOYSA-N	213874.58129717392	45665418.27507316	629361.0080682175	0.0	267181.9834709318	0.0	0.0	159917.3154533803	848863.8501141372	0.0	14403700.853581943	0.0	0.0	0.0	343642.89404477197	1566513.5848656306	0.0	116823.85073634952	1503881.5152997824	0.0	2979143.8043770473	0.0	0.0	0.0	0.0	0.0	3927708.1264421945	0.0	0.0	0.0	137707.57948987215	0.0	0.0	0.0	7282924.520220765	0.0	695430.9304382816	0.0	0.0	15243349.751778439	0.0	3725258.425845383	0.0	0.0	4027431.7457328583	0.0	508624.1816952232	1794242.6258417207	0.0	5939369.947868592	153563.83988894522	619809.7245670703	0.0	3007983.799088225	0.0	0.0	808580.1469858139	0.0	120002.98498000955	168531.2041238545	242193.94976420712	429201.07031548064	0.0	3266454.0063868547	0.0	0.0	0.0	0.0	0.0	346799.752998069	146040.33388125882	170136.45841784764	880349.6161735054	2018805.5181257895	0.0	396535.47115721647	0.0	0.0	0.0	0.0	305579.2373759149	0.0	0.0	791566.3213119208	3314343.721499235	0.0	0.0	0.0	0.0	293730.5275303271	0.0	0.0	0.0	657847.6202124206	0.0	0.0	0.0	0.0	0.0	0.0	5153485.1054734	0.0	0.0	1791665.7072088572	0.0
HILICZ_negative|IK:AKEUNCKRJATALU-UHFFFAOYSA-N	0.0	30321704.84835246	0.0	0.0	0.0	0.0	216106.2784281148	0.0	804940.5600429106	0.0	33506459.47488152	0.0	0.0	653489.6019677441	0.0	3886233.237411185	0.0	0.0	1413308.8123167004	0.0	711905.8407035235	0.0	0.0	0.0	0.0	0.0	7934997.4290192975	0.0	0.0	0.0	0.0	0.0	140488.91789335755	0.0	2803021.53689585	0.0	531796.2410703187	0.0	0.0	13090645.05684652	0.0	3349183.716731817	0.0	0.0	2956555.812068508	0.0	0.0	2179840.579654355	0.0	4481900.610944652	160827.2037374226	0.0	0.0	804347.3590332677	0.0	0.0	632628.6029189976	0.0	0.0	1022473.1805546886	0.0	608943.6883967384	0.0	5494844.863082888	0.0	0.0	0.0	0.0	0.0	262767.78593319276	262518.16572133824	256615.26921517728	906402.8502105928	2622826.812897975	0.0	0.0	0.0	90971.74013996709	0.0	0.0	0.0	0.0	0.0	1033702.8108731292	0.0	0.0	427746.9298297971	0.0	0.0	0.0	0.0	0.0	0.0	334317.88276822155	0.0	0.0	0.0	0.0	0.0	0.0	18371598.368299033	0.0	0.0	5550512.032972406	0.0
HILICZ_positive|IK:MWAYRGBWOVHDDZ-UHFFFAOYSA-N	2383267.678790735	6441597.080103415	6090123.556882572	1960938.611367617	0.0	492212.7382309874	5313932.710562972	2013621.5751785473	11037762.822977856	1951416.1970303874	9114125.13809932	0.0	0.0	0.0	2759011.242661347	2903534.5591515685	431703.2744278675	382700.42237683653	15011633.299563153	1046788.1746497185	0.0	7164051.537031675	1406097.388583508	0.0	0.0	0.0	18503202.085955653	970118.9525230224	614356.6648061243	330589.06058302766	0.0	0.0	3801173.2041161736	2152325.6852870383	8735033.794253439	1533960.1060305538	6042181.536927015	4630710.707751204	2067765.3861727663	12863447.228802754	976303.295759818	10866972.262680924	0.0	2772723.8438700624	14425989.486505238	1022792.9244993267	0.0	16926164.664602805	0.0	7485916.375228274	8751959.089712637	9616123.946854942	471754.49350712314	13393422.521636564	1384822.9418797279	3043255.302509613	10293436.871201592	4265472.979423952	9854102.321943711	6722554.27826481	11702371.637667265	10756312.247762274	0.0	2907883.4241022887	652923.0453870519	0.0	5156511.36245895	719437.8459573414	3661068.709235683	1285858.8057959003	1194759.7093484907	3076468.9483754355	16378467.336150607	3764608.5407703966	1844895.738428624	595250.9527257299	315136.4568279104	1403292.2744869664	4422581.804494263	343566.67457655264	4014943.6104251905	2503401.5839658105	7153108.299248927	506451.1014533439	15702290.916989643	1618615.4847451558	0.0	626078.7307317606	1603609.1759089662	0.0	1123061.5246271556	1727941.6715410475	6578143.5456380565	8688487.458661849	0.0	7921387.212885901	759928.2945858975	0.0	2404729.938737707	336850.5435159256	17987600.809195656	0.0	0.0	13426712.582067221	0.0
C18_negative|IK:CZMRCDWAGMRECN-UGDNZRGBSA-N	0.0	0.0	3180426.21416336	0.0	8140155.667264609	0.0	0.0	0.0	0.0	0.0	0.0	0.0	0.0	12936729.910096264	0.0	0.0	0.0	0.0	0.0	0.0	0.0	0.0	3980693.915949993	0.0	0.0	0.0	0.0	0.0	0.0	0.0	0.0	0.0	0.0	0.0	0.0	0.0	0.0	0.0	0.0	5865188.9998590825	2645825.524640692	0.0	0.0	0.0	0.0	0.0	0.0	0.0	0.0	0.0	0.0	14253027.433992798	0.0	13155785.614904197	0.0	0.0	0.0	5940756.346007637	0.0	0.0	10757992.840364449	11522059.577830914	0.0	0.0	0.0	0.0	0.0	0.0	0.0	10571651.106856152	0.0	0.0	24642009.406776503	0.0	0.0	7358233.052380554	0.0	0.0	0.0	0.0	0.0	0.0	8736627.107070064	0.0	22347076.9684682	2487355.286985772	0.0	0.0	0.0	0.0	0.0	0.0	0.0	0.0	0.0	0.0	0.0	0.0	0.0	0.0	0.0	0.0	0.0	0.0	0.0
HILICZ_negative|IK:NGFMICBWJRZIBI-UHFFFAOYSA-N	793148.0034772987	660542.9843623622	8058925.35075616	1058878.7974168684	476739.8186660412	504255.72274626786	3649603.7329704505	1898625.5196141007	4377625.161383859	1080771.0865543657	7581889.48673235	0.0	0.0	8212066.87302018	3704625.4690549998	0.0	692477.1674235091	517270.77648407203	1340224.3121539347	1611041.612161129	2534765.9757342404	1392333.830781654	0.0	0.0	0.0	0.0	2133151.0245238557	0.0	577237.6666112334	1729088.1010196425	3134964.1679585865	1765975.0888228705	2867773.5910623684	1965412.5103301487	0.0	2199456.945530053	3680010.3043261454	704458.7657792941	1420604.4732677194	8381855.879743104	965291.8763122546	3181433.450642581	222708.71721259927	2132831.7428270383	27367738.363942154	0.0	0.0	15565244.012010958	114065.44121033224	8769493.917869246	0.0	4370973.976870027	755722.5289999773	3973747.8858742705	4047024.4699064447	9689965.876927068	754160.076550051	6828078.761442119	4479691.759374451	7548833.956171518	18017932.841252703	1081020.8024814713	1494548.9209801266	2916384.8032762315	509415.63301676995	643649.8647454423	1060160.07187168	1032882.8619482359	0.0	2425466.5102719325	0.0	2866178.9453164544	1464595.2028570168	3117710.4155517276	2173204.8198235496	3001053.3516270216	436447.12621648936	2328375.2102702726	0.0	238166.42263453422	5142401.852903758	3343811.8088672496	7125499.7024900885	0.0	1752469.7548558102	10145443.971744142	342717.4382921131	885094.5474256804	0.0	562779.9550729267	0.0	2878082.938405556	3809419.0200993936	18375846.094707035	557003.9903317869	10177986.918033248	0.0	332084.860156283	3989167.2968560928	205731.33394185995	11151928.517428042	690084.718576496	430902.9262071368	6428028.392996891	143441.21894455145
C18_positive|IK:SHGAZHPCJJPHSC-UHFFFAOYSA-N	0.0	224094.39069570656	79961.55364209406	0.0	0.0	0.0	0.0	0.0	0.0	0.0	20615986.923100006	0.0	0.0	0.0	0.0	0.0	0.0	0.0	0.0	3031743.064974984	38303805.9601636	0.0	0.0	0.0	0.0	0.0	515465.9458872525	0.0	0.0	0.0	0.0	40978.675397820836	0.0	0.0	0.0	0.0	0.0	0.0	0.0	0.0	0.0	0.0	0.0	0.0	0.0	65985.57288585596	0.0	209518.14625194686	0.0	0.0	0.0	0.0	0.0	0.0	0.0	118297.38543131939	219771.7839252646	0.0	0.0	0.0	0.0	0.0	0.0	0.0	0.0	0.0	0.0	0.0	0.0	0.0	0.0	110583.07330499224	235819.8445210008	0.0	0.0	0.0	0.0	324508.51754155825	0.0	0.0	0.0	0.0	0.0	0.0	0.0	0.0	0.0	0.0	0.0	0.0	0.0	0.0	0.0	0.0	0.0	3652143.2198151345	0.0	0.0	10695247.108013742	0.0	1573770.2740988731	0.0	0.0	0.0	0.0
HILICZ_negative|IK:VZCYOOQTPOCHFL-UPHRSURJSA-N	0.0	12304058.129275322	0.0	0.0	0.0	0.0	0.0	0.0	0.0	0.0	15506567.162637109	0.0	0.0	3967422.3005894404	0.0	0.0	0.0	0.0	0.0	132463.8474786606	3544353.2798385145	0.0	0.0	0.0	0.0	0.0	0.0	0.0	0.0	0.0	153471.18066883466	0.0	0.0	0.0	6554670.766964436	0.0	0.0	0.0	0.0	14006061.898096548	0.0	0.0	0.0	0.0	0.0	0.0	0.0	0.0	0.0	0.0	0.0	0.0	0.0	0.0	0.0	0.0	0.0	0.0	0.0	0.0	0.0	942118.0615839438	0.0	0.0	0.0	0.0	0.0	0.0	0.0	0.0	186068.1621356207	0.0	0.0	14153191.095386552	0.0	0.0	188806.12283613146	0.0	0.0	0.0	0.0	0.0	0.0	0.0	17970190.01521152	0.0	0.0	0.0	0.0	207387.29116402208	0.0	0.0	0.0	0.0	0.0	0.0	0.0	0.0	0.0	0.0	7567309.781054721	0.0	0.0	27979478.457804337	0.0
C18_negative|IK:RHBSLIMVGWKFQW-UHFFFAOYSA-N	1144768.4291066313	424571.3568204495	116441.4396329731	1763733.4262907961	268487.8837001832	1972194.5228081204	4010366.1868286473	1777842.3403264205	4473257.5388121605	1491900.6156006842	294053.914788582	698918.0239627267	334118.7127661519	3822501.890710333	20862281.281736877	8332114.093944274	3835999.904149999	527132.3272622343	2673952.8331766343	493323.2886243443	249431.9332262276	3008088.528073833	463095.2695864292	2791705.799547488	1372200.9003778594	607643.8119357764	3143136.949997866	1282892.2716801371	4979092.692332898	124717.28628031167	236723.9173445952	52033.64137498474	141437.81553958656	1828237.0905211712	420982.22520479094	1049888.7785049933	1944257.6171257703	629731.6028962845	2237577.881841382	2006824.483618378	2345370.961798391	1835579.4493253338	3947131.943259962	2016389.0384065495	1607206.9537108808	128495.39687900704	2095716.2142961896	7594438.065074704	291283.8425915444	5233749.474324519	2865607.9471000256	374870.4494984324	696143.8312411802	724886.9164403093	118190.8692338951	291123.3581288414	3848916.907824941	1436979.9897777156	2022715.6617155245	2775045.928408025	1246659.802029054	3406016.653966657	557162.2714659291	17505974.59816452	1617926.3234105553	72356.49798733585	2563278.2074663765	1340980.3425006268	4327021.991420357	2697098.571573472	4805832.791755625	4586522.426647773	358427.5549569	437886.1906011853	2359338.515693867	918279.9228055328	3486192.2847684007	662957.3269890129	2610700.77678363	2345516.237300798	129926.98330068159	5355586.358696273	328991.05448974366	32217051.760298528	506366.4430603622	91612.36179918425	3574948.206481724	5937578.211902202	3436616.6427084804	139822.52875438504	1388838.060957373	6939999.569487855	1037767.177469681	621225.1273546217	2381912.110309042	103506.77232521222	1298955.4132504507	1539789.500561595	237330.0764425697	1473067.397055451	437797.313941473	1441890.9096751588	1116590.328253071	2561918.9004633874	948700.0711057228
C18_negative|IK:GUBGYTABKSRVRQ-QUYVBRFLSA-N	8188184.8436386455	0.0	0.0	3083478.560939276	0.0	0.0	3371311.470379218	7383203.339913138	4799763.724962283	6507775.643728393	9412110.64937391	1963363.4783292182	3115675.569729326	0.0	10954682.080968432	13179167.293766068	2905253.714880867	3704882.773268741	12577431.449202163	4109025.22857048	16770322.090933984	4302614.5309121	0.0	2062419.113738686	4043524.901043987	2715614.857938879	13360077.586201526	0.0	5982436.795927065	2770198.8235763693	0.0	2865194.327914925	1935926.3292521867	1913692.6944449262	6900705.903338498	2961256.3670488973	4512832.723533474	1876649.9930770185	3700736.746441504	0.0	0.0	0.0	6639372.69846635	2603296.661487002	16748892.084327199	4030475.329894431	0.0	13153553.896836612	0.0	10733564.248045737	11010726.369451763	0.0	2599969.570183032	0.0	4134238.5303535545	3710502.72820684	12537601.435926838	0.0	2723379.5754542956	5319984.291866141	0.0	0.0	0.0	5847285.32160851	2561163.7264001546	1895053.2206426908	0.0	2834235.046680223	3819591.768788131	0.0	6250500.448132936	8798837.708120465	0.0	5277904.825841538	4146689.9563409393	0.0	2609888.0431948313	2467793.5767987343	3335549.1488581765	3221545.037075646	4013166.2230319264	0.0	0.0	10842993.074410819	0.0	0.0	0.0	0.0	0.0	2554079.0159451934	0.0	3858401.602764963	2006885.4220737189	8598895.728168122	3359629.8225008296	5284339.800784571	0.0	0.0	5107745.23729369	0.0	0.0	0.0	2837591.951950404	12078207.506598614	0.0
HILICZ_positive|IK:COLNVLDHVKWLRT-QMMMGPOBSA-N	0.0	11260935.328288719	358023.1930186334	0.0	0.0	0.0	0.0	0.0	617339.6338780518	0.0	32018637.71708379	0.0	0.0	494574.496901944	319231.36450470344	2384767.435521378	0.0	0.0	764937.6263105841	0.0	2845705.930073595	0.0	0.0	0.0	0.0	0.0	4367024.027580484	0.0	0.0	0.0	1436298.9135671116	0.0	0.0	0.0	4590245.863435638	0.0	254047.29643492005	0.0	0.0	23709836.32038535	0.0	1756417.0642998233	0.0	0.0	1654162.7757659242	0.0	0.0	1941074.1383024326	0.0	3059893.7332426975	0.0	363983.3065270715	0.0	1296251.0081979362	0.0	0.0	1136356.8843123217	0.0	0.0	0.0	0.0	554075.4612579393	0.0	648639.8289513858	0.0	0.0	0.0	0.0	0.0	0.0	0.0	0.0	3679646.654628081	751864.6331900422	248897.53852534472	1368448.2126680918	0.0	0.0	0.0	0.0	191695.5350265813	0.0	0.0	485560.43226731603	828468.7601971304	0.0	0.0	0.0	0.0	0.0	0.0	0.0	0.0	0.0	0.0	0.0	0.0	0.0	0.0	0.0	6410334.753110216	174137.79607746014	0.0	5632611.996241962	0.0
HILICZ_negative|IK:BJHIKXHVCXFQLS-PQLUHFTBSA-N	0.0	0.0	0.0	0.0	0.0	0.0	0.0	0.0	0.0	0.0	0.0	0.0	0.0	0.0	0.0	0.0	1473301.905395984	0.0	0.0	0.0	0.0	5411571.595214844	0.0	0.0	4843387.870516331	0.0	0.0	0.0	0.0	270006.2897246965	502105.25051342684	0.0	0.0	0.0	0.0	4223793.906169536	0.0	0.0	0.0	0.0	0.0	0.0	0.0	0.0	0.0	0.0	0.0	0.0	0.0	0.0	0.0	0.0	0.0	0.0	0.0	0.0	0.0	0.0	6957198.345374587	0.0	0.0	0.0	998303.3677782264	0.0	0.0	0.0	0.0	0.0	0.0	0.0	0.0	0.0	32148877.75150295	0.0	0.0	0.0	0.0	0.0	0.0	0.0	0.0	1124573.4632496538	0.0	0.0	21926913.559273757	0.0	0.0	4841959.147397045	0.0	1888346.878686995	0.0	0.0	0.0	12219452.902496113	0.0	0.0	0.0	951890.2357650467	0.0	856267.4797966778	0.0	0.0	0.0	0.0	0.0
C18_negative|IK:IJFXRHURBJZNAO-UHFFFAOYSA-N	0.0	0.0	0.0	0.0	0.0	204320.2032971235	513389.2826078392	190768.7132433055	0.0	0.0	0.0	0.0	0.0	0.0	1168284.2079655675	0.0	0.0	0.0	5387430.452667643	0.0	0.0	0.0	0.0	180378.2232015132	0.0	0.0	0.0	125530.51499247519	0.0	0.0	0.0	0.0	921373.5844645649	276779.2527006344	0.0	149464.65247353914	3132774.948294357	0.0	190860.9003187717	40265428.080384195	0.0	0.0	0.0	189345.4385232925	0.0	169598.4882940353	0.0	0.0	0.0	0.0	471933.18650478096	0.0	0.0	0.0	314878.62815156573	873091.4418611669	2970882.7257365882	424188.7688271997	941032.862632648	1827875.9726727454	0.0	0.0	0.0	0.0	0.0	0.0	177089.89137208456	345850.5253213937	306210.7374370395	0.0	446200.2593726519	824092.9394409652	3548714.944878725	0.0	0.0	711972.7958829398	136747.63604272154	0.0	1485676.2399235668	136933.96980673078	0.0	0.0	1251730.0813142986	3298593.015077558	0.0	0.0	0.0	0.0	0.0	0.0	0.0	398490.63157121884	0.0	0.0	0.0	275577.23238502466	0.0	0.0	649134.6253272449	0.0	0.0	0.0	0.0	0.0	0.0
C18_negative|IK:SMUMBCREXHTKFN-VZOUQOBNSA-N	412767.4807167566	8335158.562865866	1575741.2319660785	199127.8681624178	12238282.035091786	365473.32737809775	1650399.9476477855	322321.3661168295	3100012.626783665	619156.7069734794	3425402.9332836415	18415.25136873706	1782208.61731021	1804369.8476935914	2416287.3418618683	1115302.1828951987	122020.01109528918	119981.80396728152	7988850.902318757	247566.90681849627	6998725.4384480985	607120.3770885249	330609.1899739541	25397.51629865238	55631.48054288883	65827.12377555516	13092920.431319835	213345.27329899187	152397.6787301557	203537.24010901907	28835.74350291903	144735.8137152604	489293.66623210884	962216.6503368041	9537872.335153382	246317.18468837225	1617779.2251872288	416475.22536022257	197667.73243343577	5849876.415520732	284850.4963693725	10166749.631053453	21780.59363552961	1146272.0620695183	6563111.2460514875	162253.62684855447	19617.235797121146	9560620.031035049	15959.054564070979	15008255.660395747	9417155.996879531	3175407.9919674047	42667.41073631121	17085564.666091025	272493.43152475473	480068.5839661098	3122846.4021661426	2487038.31967662	2014546.232141355	1782203.0139537444	12105341.26576725	10857663.456907079	894011.3837743198	676039.8546790625	175238.9345183521	17077.89793420367	485455.942547717	70219.51462556652	1150718.6907229563	2324271.503149777	161943.30880668387	1580228.1739523418	10355180.638078826	2003643.1693348296	440866.0630267221	878405.8049127106	48484.255216221674	616598.1971375421	689656.8385647759	69102.43029435785	1075703.6994251923	869963.3872995495	5420036.12872648	837781.7860293115	8520534.04110461	341269.2896705559	62158.96985656839	234343.51612423005	330045.3243945948	142906.46801484583	86182.83146626134	324935.4280745106	628695.825529367	5411631.2029825905	41079.72930704479	2794976.0291914204	53034.0795466928	0.0	533126.3855764843	22943.583942212146	12746675.558693998	0.0	39826.12896486107	6877969.087225185	18523.750111761135
HILICZ_negative|IK:KMQUGCQVIDIVLT-CKNMYDPISA-N	0.0	6296982.390509812	2105111.3302615853	0.0	0.0	0.0	0.0	1591235.109141276	0.0	0.0	2665512.458836646	0.0	0.0	5353828.581180935	678691.206659854	0.0	0.0	0.0	9930036.727362875	362166.24653524614	0.0	0.0	0.0	0.0	0.0	0.0	4663939.174825042	0.0	0.0	0.0	0.0	0.0	0.0	0.0	11582945.501604399	223139.1816903169	0.0	0.0	0.0	0.0	0.0	3754835.7471573977	0.0	0.0	3996814.202251084	0.0	0.0	0.0	0.0	0.0	14774569.998298116	0.0	0.0	30784260.48662407	0.0	0.0	9381391.633133063	0.0	0.0	746815.4153066686	6360311.961940154	0.0	0.0	0.0	173727.16310190444	0.0	0.0	0.0	0.0	675116.309981086	0.0	0.0	0.0	0.0	0.0	0.0	728128.8557791295	0.0	0.0	0.0	0.0	450007.5282145797	1396272.0469679534	0.0	0.0	0.0	0.0	251057.00506367354	0.0	0.0	0.0	292798.5757617898	0.0	0.0	0.0	0.0	0.0	0.0	0.0	0.0	10925075.061802853	0.0	0.0	2169210.85588967	0.0
HILICZ_negative|IK:WCGUUGGRBIKTOS-GPOJBZKASA-N	2344587.598165407	2782522.6638003164	2870261.3815163383	0.0	622693.3446439169	548241.9281559131	636454.5422511178	0.0	2057628.896442202	447036.79458886414	1054963.9387097214	215974.48350188317	0.0	2441116.9692148822	0.0	0.0	256894.09069003467	0.0	3086569.752190825	0.0	0.0	0.0	277975.19635915	455511.09915430815	0.0	436595.45754915464	2625307.1060868385	805906.5765931458	312326.801320553	0.0	762572.2565654197	3314367.1443194295	1335738.103493609	0.0	4335329.5714418	0.0	1502792.841671764	474838.439975553	899251.5295197502	2145480.050395876	0.0	3035670.178795977	0.0	861355.365271651	4048405.802203119	2027726.5115297271	407474.27416023606	2489172.6984744384	0.0	1499738.4182958892	729906.1953576936	3490995.2722045453	672915.961012199	0.0	1055901.9384136044	1496812.1081173886	3420778.443703324	1378254.172647834	809241.7279078945	2745365.1730597517	3426200.338592824	3320879.9129207116	858154.6389852695	368142.9328457394	195814.72479489248	0.0	449091.8980461678	357838.4674497995	594168.3760116694	1694151.9103897861	0.0	560777.993000676	1594729.0457805393	0.0	420053.06143641414	37220687.97787953	0.0	413409.80491040624	1355444.410091556	394749.95534129435	2422803.820898842	731154.0217913406	12556087.030536404	625761.1894435479	4552625.99299851	3106464.0605519055	317315.76859810355	360650.7249936757	1307754.3956814345	695339.7067070227	424147.6421189095	753095.5789146802	1336548.134558649	7883474.1982231	220770.72813976934	0.0	282834.4675298909	0.0	0.0	457452.99465517676	3037778.644249501	0.0	0.0	2812006.490978481	435352.7107600325
HILICZ_positive|IK:OTBHHUPVCYLGQO-UHFFFAOYSA-N	5055844.165312561	22722509.447212014	3746918.95757513	4298420.119179362	3413314.741641762	4749989.23848685	4775993.089491263	5476196.115770442	6891109.246319448	4545985.2875421345	13203614.054897664	3609037.760324559	0.0	13640427.81539793	7567506.5843575755	6303651.546434291	4085030.5819798233	4295183.298110264	7694248.448819878	4360573.36717005	12448980.433917403	5221974.643793146	3656054.4750163932	3994875.8634784357	4387701.117676091	3901171.4255070426	12172483.809548285	4607325.332624627	4639340.184881446	4410682.702298112	4119349.335969162	4298352.195961444	5077789.420733862	4857948.331526234	9615970.009928625	4673764.72261864	5749430.77175951	4090061.657101158	4511615.129009125	16444722.019076247	3398645.9874535636	9099906.70636985	4592814.949353698	4436744.821072049	8991623.64845676	4726060.669078838	4233251.973257722	10759742.735668622	3121156.652034221	16952530.537935387	13337413.220769556	6330163.768352765	4367582.647584104	5620163.3663351275	9768276.919754336	4796175.491977279	8720544.139512924	4718700.672374403	4830502.12744006	5122410.3702332135	4414593.6643751655	3430362.288872605	4116425.9453956336	7935048.556594278	4819632.250571713	4266772.044893296	4329886.857239826	4386123.875128037	5165250.985625593	4497498.087601312	5617466.485837301	6439283.669894281	22828376.176623598	3937221.8744863686	3419067.587779662	5791989.08348858	4576245.998354722	3954218.5294581293	4368504.403255177	4143444.776280671	3789429.1428121766	3378278.79976784	5245726.804970715	6572379.040842852	9774841.74907707	3021097.142976289	3228279.863629602	4280479.544793526	3139213.4558808687	3638257.558420026	4157609.961926706	4438095.420161246	4260713.069184563	5372398.0839999225	4338876.0443911385	4901542.527705624	3574734.1879624436	3096532.063402709	5958585.0995755335	4228722.334675968	16214091.120005166	4253529.219343884	3718043.978548322	12789467.435365282	3101733.7705420037
C18_positive|IK:ZUUPZDSDPDQRJK-VXPJCVMDSA-N	0.0	13134517.132990362	10486532.29584598	3697168.895179911	0.0	1590881.3158529692	0.0	6827306.209812162	0.0	1674898.5587403337	0.0	0.0	0.0	0.0	0.0	7719830.878457493	1064263.8939060792	90089.49457403176	15765628.224791138	1102441.9388344816	0.0	5384591.078608993	2641479.0891247443	0.0	158945.13654352698	0.0	15354395.350919502	1839874.0846129095	817892.9285569233	224232.47899332174	57104.02459226258	0.0	6231785.975688218	3963003.2255493845	14719645.750961414	1528702.6182823775	5418639.824213504	2399144.290883571	748637.3701390468	0.0	1748908.289393771	17721797.49415804	0.0	2713050.4038657895	0.0	980677.9449243417	66219.53065708275	0.0	0.0	0.0	0.0	0.0	595879.4244602104	0.0	526330.2792049272	1490638.5516332893	0.0	0.0	7380027.907356743	0.0	0.0	0.0	3160697.334754045	6674238.85591812	1648523.358565923	0.0	5157243.034663786	1913305.7513559812	0.0	7080227.186706071	1670491.329263274	0.0	0.0	0.0	3872580.6203220068	2657322.429531276	388369.54308543337	2716043.144491185	5537673.37888861	1518499.7048699148	4041631.5437741494	3291973.4007917703	0.0	0.0	0.0	644258.4218391491	191687.12729219114	3029778.3454404534	4183369.097500195	1252502.1959840977	0.0	7663953.661445988	3358209.538506266	0.0	722343.7360240928	0.0	3229100.628995773	0.0	3499528.215410234	417639.8552016329	0.0	51100.07079183497	1509336.8954788526	12528048.647003755	108374.50648755852
C18_positive|IK:FLROYCKIIJCTDY-BFMVXSJESA-N	628702.4397795189	0.0	0.0	0.0	15595938.048955139	0.0	963627.031486333	0.0	0.0	0.0	0.0	0.0	0.0	0.0	0.0	13434517.204696812	0.0	0.0	88654.66374815992	0.0	2945433.911746025	0.0	0.0	0.0	0.0	1893043.5430165366	11017951.399313891	0.0	0.0	0.0	0.0	0.0	0.0	0.0	229595.89874722052	0.0	0.0	0.0	0.0	7403824.888625257	0.0	0.0	0.0	0.0	0.0	0.0	0.0	9553245.395032736	0.0	3418626.909178249	1384760.0011193154	0.0	0.0	5435934.672641284	0.0	9606147.04288242	0.0	0.0	0.0	0.0	1211024.6106359048	2144361.5713009224	0.0	0.0	0.0	0.0	0.0	0.0	0.0	14782713.85287989	0.0	0.0	7679908.755653981	14596325.412316157	0.0	0.0	0.0	0.0	0.0	0.0	0.0	10199529.83760242	0.0	12479527.926499784	2248166.7328637782	0.0	0.0	0.0	0.0	0.0	0.0	0.0	0.0	0.0	0.0	10579437.570753792	0.0	0.0	0.0	0.0	7278064.561033716	0.0	0.0	0.0	1454508.4413010667
HILICZ_negative|IK:RHBSLIMVGWKFQW-UHFFFAOYSA-N	1951774.7543847845	0.0	0.0	2603279.459691093	0.0	1865115.7668294304	5915295.406439242	1688294.5134928846	7325964.732653214	2007872.1335674177	0.0	1005438.3908071511	0.0	3402747.555860104	22049355.078418504	9283893.919384224	4620792.482518086	896373.4885650569	3945253.86672264	690530.2625525297	0.0	4082093.5633161673	787128.9052915726	3898862.574669184	1659826.8204022485	768239.7743588452	2971391.2809221623	1502118.890084729	7891899.46367738	213713.98121712028	449441.2038463189	0.0	0.0	2790206.5704225725	0.0	1669764.524004012	4043039.6976401443	774001.7133842354	3481487.5644578366	860375.2022619084	3133966.0934436945	2117592.8749447777	4802019.108124496	3220195.229771285	2444073.99342592	0.0	3421928.9934137487	11470696.73375319	451754.7911556659	5337949.610068752	1862581.9674266304	412519.61925245816	1044085.1188567376	0.0	0.0	562188.3826099784	5943817.962038308	2046643.8323520015	3185873.529219865	6512792.308682506	1491919.595929683	4524409.530372587	672446.4366512217	22351189.37334945	2748434.314630158	115337.30308563075	4338252.020982235	2589792.4902500585	5570485.270382508	4002773.8275665916	5016030.922514919	7105908.246277869	0.0	407081.4614903546	3798488.564771906	445035.74915504624	5427969.967521141	1304573.228365242	4210359.734745861	3965178.682961083	0.0	10301521.595370647	238678.1783171092	1187503.2512509022	451070.2386210451	0.0	6052628.848212782	7162166.917050987	5598689.643273415	0.0	2760462.6347424043	12734467.12333023	1778492.3532647481	0.0	5009941.74449583	0.0	1971568.005655604	2455928.4741049204	0.0	1749039.8418390045	0.0	2055039.2119406287	1545780.618408351	2359647.0725034755	1597096.3697068628
HILICZ_negative|IK:YCIMNLLNPGFGHC-UHFFFAOYSA-N	0.0	0.0	5461697.360633122	526472.683535233	0.0	0.0	1480574.3644819537	1333447.9117472384	0.0	510233.63758675754	4551426.942499276	0.0	0.0	1109148.344071594	0.0	454981.40715019713	0.0	180810.79647748763	5071069.121193541	178895.17102764535	5979022.591401227	0.0	443856.8865323774	0.0	0.0	0.0	9576655.839031443	0.0	0.0	402964.8371166581	0.0	0.0	0.0	0.0	2559640.3304300304	0.0	0.0	0.0	1780046.0160501823	14973115.412693892	0.0	8079806.632319182	0.0	0.0	11704585.40525152	0.0	0.0	5847227.996422099	0.0	12884268.589547824	0.0	2460032.7849480947	0.0	2953987.644265713	0.0	0.0	2936039.9367816746	0.0	3364541.52368079	0.0	1980950.6490995705	370967.5780155882	0.0	0.0	0.0	0.0	0.0	0.0	1350578.9800187638	0.0	692033.2282885731	0.0	15169868.606071806	1219574.060259413	0.0	0.0	0.0	0.0	0.0	0.0	0.0	165236.858116083	0.0	0.0	5847777.2940568905	1605493.3012252608	0.0	0.0	572645.8962878617	0.0	0.0	0.0	0.0	0.0	0.0	0.0	0.0	0.0	0.0	0.0	22234422.347557515	0.0	0.0	8220102.62366056	0.0
HILICZ_positive|IK:UHDGCWIWMRVCDJ-XVFCMESISA-N	0.0	9948795.722698214	0.0	0.0	0.0	0.0	850350.6592690229	0.0	1104435.470843327	0.0	1199950.0842238748	0.0	0.0	0.0	0.0	0.0	0.0	0.0	0.0	0.0	838928.7874912765	0.0	0.0	0.0	0.0	0.0	1288398.6213723116	0.0	0.0	0.0	0.0	0.0	208037.60152371495	0.0	752898.088754274	0.0	619185.3087824568	0.0	0.0	35487308.19405793	0.0	842932.8945303727	0.0	0.0	0.0	0.0	0.0	1016500.2199877393	0.0	1371835.7080476526	0.0	0.0	0.0	0.0	0.0	0.0	571635.381622619	0.0	0.0	0.0	0.0	0.0	0.0	1049053.1129663489	0.0	0.0	0.0	0.0	0.0	0.0	289984.4162103332	0.0	707858.1458679311	0.0	0.0	563633.4265387629	0.0	0.0	0.0	0.0	0.0	0.0	0.0	0.0	0.0	0.0	0.0	0.0	0.0	0.0	0.0	0.0	0.0	0.0	0.0	0.0	0.0	0.0	0.0	0.0	2463778.68545451	0.0	0.0	551009.9498586138	0.0
HILICZ_positive|IK:UAUDZVJPLUQNMU-KTKRTIGZSA-N	0.0	3477833.5587648246	0.0	0.0	0.0	0.0	0.0	686263.4760891126	3836874.8234602762	757611.3279023464	8325951.006559607	0.0	0.0	5920650.210695472	941987.7460301808	0.0	0.0	672616.3206073	12562483.549913095	726339.2319588346	12375670.37405837	0.0	0.0	1247744.654184477	0.0	0.0	0.0	0.0	1264469.984764396	3139118.915667402	1132791.80304204	1150478.6964645495	3199524.0550401667	0.0	5123299.477638393	1957233.2437558554	2293477.0368288765	1683997.224037999	0.0	5227928.187334511	0.0	5998955.402251576	0.0	0.0	19760519.233198296	965159.8914230526	937217.2269001367	16527259.74343791	0.0	2907844.344294161	0.0	0.0	2204894.339424773	0.0	2151420.6431778343	2028570.6877503847	7797507.908266126	1076108.687492964	1787418.0337354976	5086873.38406442	0.0	0.0	0.0	0.0	0.0	1040243.845400133	1174152.493574986	1588050.8665538586	633951.3530418908	0.0	963197.6976059452	0.0	6819380.810118258	0.0	631767.7997777755	1011158.3058596805	492759.453616751	0.0	1897216.0252216696	894921.3441148362	0.0	0.0	6407765.918849317	3551855.887916051	14676993.120838594	3285695.878296174	755527.068380799	571048.9655178882	0.0	1210652.7037658577	1097320.7150574892	1047840.8876988001	1054014.2474437773	2090059.105609177	1176289.3946027001	3159730.745221214	0.0	480032.71864898666	2382594.5167078516	0.0	0.0	1115940.5445981084	0.0	4606291.108329155	0.0
HILICZ_negative|IK:OKJIRPAQVSHGFK-UHFFFAOYSA-N	0.0	5540292.3382853195	635661.8571947897	0.0	0.0	0.0	0.0	0.0	1178977.9872563176	0.0	28570479.12138044	0.0	0.0	1204402.2058063901	518753.86773386603	824133.5904633256	0.0	0.0	1774138.4119641492	0.0	3145992.923022755	0.0	0.0	0.0	0.0	0.0	7613717.634898096	0.0	0.0	0.0	0.0	0.0	0.0	0.0	2860595.554552676	0.0	870792.3555014881	0.0	0.0	15065436.97517745	0.0	2411012.4109829734	0.0	0.0	1030917.2151488347	0.0	0.0	0.0	0.0	1593414.7579986744	0.0	527591.6438544827	0.0	1007546.6953370415	0.0	0.0	867554.7425417	0.0	0.0	0.0	0.0	0.0	0.0	1301313.4485471845	0.0	0.0	0.0	0.0	0.0	0.0	302871.55517900723	428233.27004811174	2161907.892460763	0.0	0.0	0.0	0.0	0.0	0.0	0.0	0.0	0.0	0.0	757442.3473697448	697098.2675397989	0.0	0.0	0.0	0.0	0.0	0.0	0.0	0.0	0.0	0.0	0.0	0.0	0.0	0.0	0.0	13457523.660285454	0.0	0.0	1741304.4511480965	0.0
C18_negative|IK:WJAOHEPEBANKEO-UHFFFAOYSA-N	616546.2569223131	0.0	65848.6125325579	1119856.769943402	149542.2510420127	1340011.112931385	3142852.37927659	916243.2692694066	2358540.7753584767	709256.355977684	0.0	424686.0900951815	232904.70144708172	1456322.1678279694	12137370.000159832	3999569.351476764	1558472.091004322	197784.8247585691	862356.4868149005	0.0	0.0	1925791.33120588	141728.1057237499	1159457.790791881	589981.4367625768	400513.03587779705	1469298.3124271035	1186441.9575118637	3015469.733085304	45287.110983196624	107089.57274389264	0.0	60781.46790044941	697005.3824824021	298931.23473919975	428428.1083854104	1355291.509184551	247082.0787142905	834836.6997182963	431328.8889167976	969635.7512806621	1023425.031666771	1314154.0875207584	744591.5282432084	832570.4684346686	42650.055271255886	861649.5068148114	0.0	116284.09066153322	2583736.6045843465	0.0	498717.30681047414	348649.19862405054	318662.866316229	0.0	0.0	1341372.1684331885	545969.4970417618	900101.881779813	1837317.1780308937	1221553.687253018	1326651.7737289516	671946.5232509975	16361226.255956236	1278343.437705406	0.0	1266428.2461518098	603953.4680477538	1609995.0374185003	1073129.943211243	1474591.303850553	2122891.8587021935	215790.93341150886	173835.4919544959	1243290.9692514536	415680.54659473896	1399449.6173717913	227925.64704793767	979961.9106989425	1442522.2368585132	82788.65578450542	2454687.275676317	150204.2877681126	29599282.828633446	364834.4274803078	0.0	1324117.635943965	3279076.8307329267	1387057.2046985477	94940.24412498041	1351051.5552641002	6818759.407366937	407601.66253209126	210454.21250646093	839026.1306111675	51747.97935449897	552736.6944647939	607399.3636268345	0.0	693454.9435042071	199295.4827066731	665396.5319232793	599420.8501663902	862366.6679891313	497207.36265195557
HILICZ_positive|IK:UWHCKJMYHZGTIT-UHFFFAOYSA-N	6340270.445015909	0.0	4264795.4493172085	5553961.4665051075	7414065.050548909	8732302.231735224	8959686.38974386	9350468.988099456	10290193.072512744	9113227.03066494	3976296.648511261	7116889.0011535315	0.0	0.0	7145208.95054024	7820140.484069229	6489899.1722195	5918192.424206309	6810578.124363988	7181840.535938617	0.0	7445530.044615394	7168196.916448464	6919215.612194241	6567918.757862089	5284333.291387971	4037202.624730184	9886234.537822949	4976993.521617503	5280994.275044561	7965208.17711604	7702119.719597339	4532422.707050566	8959809.792169102	7172720.9500902165	9042812.768333072	9111576.359507317	9192429.009476053	4695037.163518401	0.0	8997155.897576924	6460015.216991889	12894039.460210342	5728825.667468971	7516730.462201097	6329168.364198401	7941067.676267168	8838324.54335183	4341182.301727952	0.0	0.0	7772677.663820902	15564286.472517753	0.0	0.0	7357444.397822029	7225478.911723556	8085061.27797204	3801207.8103598496	6887044.468520527	4665159.701682956	3368142.582491109	9279591.899651295	0.0	15522380.855918862	4652249.891695332	8545590.809214229	8694742.36833292	8906198.144781703	6585523.199370621	7704783.069960235	9081155.120128743	0.0	5911097.356505511	0.0	4371616.117799137	10113746.897719491	9520013.689512745	8408616.96096801	5291646.80263153	5501332.551380725	5443154.135087932	7016780.429250005	0.0	5086691.930739313	4627247.175772789	4052704.687331491	7677752.585420842	4423522.242903989	6349720.842517376	4548306.914020239	3248455.418212735	5321207.106624611	6284827.592864702	15661487.437953735	7123245.843714661	5427146.970619977	3033183.4388815453	4556618.145228807	5943388.30526643	0.0	4879905.547795622	8740945.509520127	4471265.539167372	5542601.074091272
HILICZ_positive|IK:ODKSFYDXXFIFQN-BYPYZUCNSA-N	0.0	4274303.9965423355	2761361.64128509	3412030.9513880317	0.0	2350714.8291339856	0.0	0.0	2263918.0261124345	2068824.416710508	0.0	0.0	0.0	2551291.526571391	2612104.9734338815	2604714.9572450817	0.0	3333563.695438505	2348160.453473211	3074898.34435101	3185110.834340453	2719010.842194914	2110379.164088907	0.0	2078766.0085024843	0.0	3195409.3744357834	2152695.4548541587	0.0	2531879.7208685	0.0	2449704.9037887654	2956373.09801057	1913227.0898065895	4646082.934024097	2373306.758375823	1853069.45969121	2546708.6873378195	0.0	32962653.262949035	0.0	2832466.347483753	2585198.9903359395	2732152.1027326044	2773426.2702562087	3078447.205251823	2528697.265670547	0.0	2592016.4738306394	3040831.246904224	3247358.29635462	0.0	1979548.2869991362	0.0	2845846.612425976	3028830.154623566	2749994.6543691875	0.0	3160825.1668028818	3025669.482019537	2257048.4224299807	4248536.170003423	2106938.5904418523	3208138.7713796506	2015740.4275852432	2436408.7663302165	0.0	2998560.316972906	2527535.800285099	2170963.4100985834	0.0	0.0	3438992.2613757877	0.0	0.0	3104282.7826211755	2363462.6039342848	1935090.3558343342	2058153.7323138139	0.0	2708258.443864288	2559189.2962412178	2518061.593450512	0.0	3275350.678482565	2494925.7380198576	2445080.374459876	2324702.424954041	3693378.8894763505	0.0	3035255.6949729538	3061400.3809104287	2569302.658324211	0.0	2332763.421063484	3070757.452204081	0.0	2735564.932137252	3145620.6421121536	2609595.4659794583	4563005.75639249	3195386.6144921463	0.0	0.0	2609582.574267183
HILICZ_positive|IK:JHAXQRDTTACRKJ-FQDDALBOSA-N	0.0	0.0	7380611.253866847	0.0	255201.61966720532	0.0	5302568.320211257	0.0	13003705.654037433	1004990.0409554275	0.0	0.0	0.0	0.0	4149260.7132638628	5550725.04053791	574764.7547123311	235211.7248969881	0.0	0.0	1775454.3238794082	4833340.761368834	0.0	0.0	0.0	0.0	0.0	0.0	162867.66366437374	716493.1949301937	589508.8521745857	627216.7785015928	0.0	3962385.830042394	0.0	1739870.741410875	821630.9295797688	1372644.7177635583	761234.8376204277	0.0	0.0	0.0	0.0	0.0	0.0	0.0	0.0	0.0	0.0	0.0	0.0	0.0	349144.8170158235	0.0	1345668.2225123155	1016400.3347153302	15453893.76760946	11814030.690707473	6802789.275264941	9501835.295933418	0.0	0.0	1755386.3973103743	0.0	0.0	0.0	0.0	0.0	4373998.922035584	612537.5431556478	0.0	1959285.3369230751	0.0	10097181.158430666	1764697.7393329467	364024.8147633047	263732.22124406305	1670638.3289401694	2561816.9809159306	192340.90465925363	6848456.835639197	0.0	9034892.055251457	2949293.9815388643	0.0	3231994.722790227	0.0	0.0	803398.0983890203	304162.3584495895	892918.0422446771	258315.31703064614	7134825.501222987	2080207.0927742545	0.0	10645847.671453899	0.0	0.0	0.0	0.0	0.0	0.0	0.0	11152287.647400731	0.0
C18_positive|IK:RCFGIEPQSDGMJJ-UHFFFAOYSA-N	6656338.004631526	22277389.460195575	8166119.600170392	5872985.301003431	5448286.447083329	6861495.211924433	6941185.562219983	6716533.950784459	6120131.005382406	5548086.881340963	5074547.4174973965	5151793.58382805	22680729.100702055	13882929.090891125	7193306.30720116	5637451.181039874	6707869.785258079	5897692.915784001	7301895.298491167	6028537.599696413	13664573.96034278	7657209.80635417	7549205.659695505	6648204.955070435	6752703.990485247	6150194.303947169	7965024.157497822	6947240.035855015	7739735.709175167	6171696.421989505	6878887.2766187815	6204265.155754031	5551330.765508275	6537198.774846839	8124956.413010501	0.0	5434640.508268716	8389572.161801077	7031503.0879411055	13811602.698911883	6716115.622430758	6483235.806256378	6492984.61775521	6158006.776308643	8333676.60409022	6842045.136915153	5496607.08778575	6851327.719349171	5613456.919499159	16639536.498818625	13977826.481415203	6841751.594555916	8177847.405332145	9985703.78980744	17257639.971456334	5781200.102517541	6111254.617862102	6761103.72637734	6478665.04501344	7172622.0056526875	7199265.482686197	8378549.258931499	5976018.574936155	5073479.692731615	6020687.2631016895	6840895.166615013	6999210.430035353	8370021.758788716	5783149.438494916	7168673.7397038955	6284982.597115912	7553040.5578070935	16420798.04244701	6360613.12655805	6434388.519198574	7274751.220242707	7141105.953043517	5519912.333636252	5924815.1981400205	6091974.649851918	8046332.511183316	5813184.614799846	7837469.275605141	5031829.69194271	7210453.4202633845	7766185.139473556	5301876.012545853	5483652.546445278	6562652.518860919	8019912.67015279	6001167.236737251	5332836.458310607	6774614.860558925	8309129.205782778	6307545.101727224	8258172.232347132	6057756.358742891	6183938.170095002	6399777.6574953245	6300164.8051976655	9972261.929120552	6395875.307371854	5534211.532014407	8855797.022814177	5600121.519595391
C18_negative|IK:NJRLDXGREKHXGV-IVABAYMNSA-N	0.0	6734910.845442685	0.0	1064090.76402789	0.0	0.0	4497300.5335180955	2136911.2771968273	3348471.036115591	0.0	4908264.732999253	0.0	4206941.593248871	0.0	3895498.873683773	3717347.606098286	0.0	0.0	8000551.006748611	449767.55516263994	10225320.643575842	2477233.1056791395	0.0	0.0	0.0	0.0	0.0	879916.4755042123	0.0	0.0	0.0	258408.30081615326	1356906.8564544136	1383384.4928868366	10313348.129532533	1063945.246101876	2584306.0130904685	511704.9726708276	736639.0485915587	8768280.146891428	0.0	0.0	0.0	920070.543200426	13009967.301482609	422594.9274629334	0.0	0.0	0.0	10531286.873314645	6697504.057237565	0.0	391602.2619823338	0.0	895487.0536600593	1356328.8683842467	7108826.714825338	5905436.421179553	4083516.9436079403	4730996.685709927	0.0	0.0	0.0	1421177.2820245316	396215.2531730123	0.0	1744419.1256352551	1273806.8749725495	2974731.6562181134	0.0	435812.04280775035	995371.5255735562	13039823.265731066	0.0	0.0	1307533.5059497128	0.0	0.0	1373198.3910435836	0.0	0.0	0.0	6032383.833687809	4598098.757290638	9813889.890222019	0.0	0.0	852688.5358642719	0.0	225339.2976081036	1006507.5021596511	2153957.240072967	1685913.8501276986	7684144.114302732	576776.7425138867	2662825.5746581177	0.0	0.0	3555783.330407944	0.0	0.0	0.0	0.0	8475495.16681972	0.0
HILICZ_positive|IK:MSWZFWKMSRAUBD-UHFFFAOYSA-N	0.0	0.0	0.0	0.0	0.0	0.0	0.0	0.0	737812.1411029089	0.0	24181282.6319618	0.0	0.0	0.0	1084141.490404607	911995.4426812534	0.0	0.0	1758556.852455139	0.0	0.0	0.0	0.0	0.0	0.0	0.0	9468382.949085724	0.0	0.0	0.0	0.0	0.0	0.0	0.0	3974788.7862937404	0.0	0.0	0.0	0.0	17024285.570145834	0.0	3635561.490496632	0.0	0.0	0.0	0.0	0.0	3676957.3854553695	0.0	1966963.9021224391	0.0	941659.7976925371	0.0	0.0	0.0	0.0	2152182.3246618505	0.0	0.0	0.0	0.0	0.0	0.0	0.0	0.0	0.0	0.0	0.0	0.0	0.0	0.0	0.0	3024974.8389168987	0.0	0.0	0.0	0.0	0.0	0.0	0.0	0.0	0.0	0.0	909848.5654662243	3263058.272530437	0.0	0.0	0.0	0.0	0.0	0.0	0.0	0.0	0.0	0.0	0.0	0.0	0.0	221466.8429604249	0.0	0.0	0.0	0.0	7495880.128385786	0.0
C18_negative|IK:LWYJCVVIVLBLID-UHFFFAOYSA-N	0.0	104840.0561538452	0.0	1679100.6805962613	202792.78967945426	3865848.482260551	4820059.511825357	2290221.243785441	3248802.628515582	0.0	165977.5030019599	0.0	65955.11424212619	0.0	8429018.697254429	5465044.870085274	3278635.390354958	696762.0850559588	1120042.7234129605	406307.7100805045	71986.42100349159	3339545.6167947277	146563.87297108222	3402407.0344454325	1891140.374762184	948169.2282074786	0.0	2192249.3347290596	4828214.766174541	89437.2934884695	245901.1808959487	34055.033754561475	104634.52288950337	2624452.801832438	458362.6217467298	1057705.161777269	1600320.555889751	875361.0352670389	1770643.8794184818	916234.4779879306	0.0	0.0	4969973.031530783	2463676.2729368373	437486.2746258471	30271.181706459713	2076624.7043444635	1617795.1381637848	0.0	5910316.019402311	2912682.4540345236	0.0	395122.5901593742	0.0	31247.936968963542	197984.40421119198	3544274.714340906	618933.8292948793	1922418.4221871586	802876.0376285417	0.0	1260869.0786039303	0.0	12607286.776614686	1849621.4067068317	32339.729180917555	3342102.388111518	472489.4129875601	5086082.370499235	0.0	4529082.545916262	3830052.142348601	0.0	0.0	0.0	348492.4797614074	2650612.2235525087	327387.52415514324	2082760.4314679476	3520611.1460249103	144575.71265580363	0.0	160920.9079728302	24700239.36280712	168229.3737122641	51448.497615591405	1622676.1116809368	6153660.902779789	0.0	219048.88847439396	2611316.7580191093	7592321.3438913515	1080636.5195955879	481097.2876102532	1166657.0959933796	45212.94624347843	0.0	1639062.6948297382	78611.62970339635	1559799.6740372137	0.0	1410443.2098391613	0.0	677390.9078089887	0.0
HILICZ_positive|IK:MMOXZBCLCQITDF-UHFFFAOYSA-N	0.0	0.0	0.0	0.0	0.0	0.0	1645757.1781014793	0.0	7045273.752486611	3655765.0857754904	0.0	553541.6682751774	0.0	0.0	0.0	0.0	809352.2191339805	0.0	912039.3656033347	0.0	0.0	3396290.624543429	0.0	0.0	8420676.41025852	778460.7306678167	0.0	0.0	1013637.9206969062	0.0	0.0	0.0	525021.791790977	0.0	0.0	0.0	13109707.817547934	0.0	0.0	0.0	0.0	0.0	0.0	0.0	0.0	0.0	0.0	0.0	0.0	0.0	0.0	0.0	1447816.5160084951	0.0	0.0	0.0	0.0	0.0	785701.0492367805	0.0	0.0	0.0	476139.3893856342	0.0	0.0	0.0	2344281.283547901	0.0	1390983.377965158	0.0	25797128.173516147	1253921.0584400145	0.0	6495928.682214288	1590120.4886961856	0.0	0.0	0.0	4182870.844395272	638626.285989709	0.0	2231133.8919707644	0.0	0.0	1934170.6141798282	0.0	0.0	969694.1215747381	335190.578884571	0.0	0.0	0.0	0.0	0.0	0.0	0.0	1003303.9161263766	0.0	0.0	0.0	0.0	0.0	0.0	0.0	216322.96062575668
HILICZ_positive|IK:KDJVHSVOXOZBDR-UHFFFAOYSA-N	0.0	0.0	0.0	3158648.6107619493	0.0	3036849.51365131	7228561.440122517	2742206.575109126	12139907.844764283	0.0	7185883.7008714	0.0	0.0	0.0	4483407.189370575	6584136.848965375	0.0	0.0	11366825.3645352	2042704.6218220564	10123197.671929438	6272574.347515579	0.0	0.0	0.0	0.0	0.0	2982657.401049619	0.0	0.0	888780.0117289487	1036948.4365310961	3946146.4800506383	3457042.2669756017	8243063.401664372	2290067.628142069	6513274.743074116	4186134.3154462297	2396145.378629944	0.0	0.0	0.0	0.0	3897701.546703941	0.0	2513001.169547655	0.0	8729401.620314911	0.0	8940917.00707392	0.0	0.0	2171905.008326548	0.0	2322273.461940316	5337504.545035234	7901257.563324279	7246757.3853566805	5159054.426438091	5432880.834990848	0.0	0.0	0.0	3692315.1689482615	0.0	0.0	3416779.242294361	2498856.9598695575	4011677.295358656	0.0	4075612.7597835576	4932949.620024391	0.0	0.0	0.0	1932647.2203133984	0.0	0.0	4948061.022346976	0.0	0.0	0.0	7407431.201864511	3958511.883287323	7831279.692926384	0.0	0.0	1355674.0036060775	0.0	0.0	2151590.808963648	2383301.193606754	5519006.08819605	8143653.734597019	2400108.354541415	4349547.710980158	0.0	0.0	2826227.9691830957	0.0	0.0	0.0	0.0	6352076.046910036	0.0
C18_positive|IK:NGFMICBWJRZIBI-UHFFFAOYSA-N	4910265.286675756	3967071.9704986643	6072425.05811962	846214.452407381	9274743.869597953	529479.7956172961	3462507.0295293764	2102634.3080409747	3154544.2671043854	433927.9444698823	4139235.100807667	209649.35888173655	6094739.491995317	13618909.436555352	3215127.5785426735	4931198.914954482	942523.4327069429	195305.32742990725	6530966.028014554	917689.4541968203	7553077.501541613	3506354.493515834	1930843.1477685075	100781.08813309103	134964.65964082794	144886.16936018536	7523158.8171745	667994.2335583122	501458.2835678414	701909.0723056091	2244361.8511334294	1073727.904365128	1441142.8474471169	1831430.8698881357	4755130.0868317615	1808215.7505800575	2387065.7819396127	1049456.1396789872	1239924.507608495	5811132.542956735	925606.7613287793	7335243.737000515	185619.95797532637	1797637.9675714332	11741965.035205914	626235.831836976	44061.51371842494	7806169.650526568	71484.3773021596	5088653.298549424	5426848.2292113295	5311474.497283773	486953.9155781933	10290811.392921032	2573607.9664328843	3210733.5483478913	4290987.78716558	5055390.982547757	4029656.4331101724	6196850.543125788	9624890.185481647	9824079.83258819	1437558.6601590987	2071727.7870812463	392622.64434362226	319878.47495241516	3530208.533849672	948595.0962850377	3441498.2600318645	3755870.2476921664	511980.6302916561	1607216.1284199392	9245094.537608478	4078546.310695487	1927715.0293874624	1485621.56999369	191664.6903987423	999594.1218351641	1454618.4390681186	105918.74899712944	3703888.131953685	2124734.2883400577	4422800.095344063	4957902.084118552	9982980.152731387	5539464.5712175565	296606.92350889393	1141371.1658312087	1083063.6272968238	428575.5235443066	969906.1809395468	3755302.5467840885	2907010.7995305425	9744820.605449535	403732.89778757154	3921250.508297658	391162.74546517263	208607.03758286484	4072913.5477166194	293929.04914068175	3748898.5335934185	504001.28553773445	295011.95516611665	5747846.938080873	90541.03706476087
C18_positive|IK:SIKJAQJRHWYJAI-UHFFFAOYSA-N	1507227.317096905	5351545.761240603	2233417.598769576	331799.9288411586	1436924.0557581033	0.0	2370770.9685243377	576623.394007578	2419818.8798936023	347005.0418868212	5071364.202410223	0.0	6683827.835701288	2198135.0164436866	556426.6980017575	1308258.3785734505	0.0	0.0	4331678.954539707	0.0	6947301.910851832	688030.9570813472	642751.4201832128	0.0	0.0	0.0	7515263.865909579	0.0	0.0	0.0	0.0	0.0	893823.0986837676	627958.8699166193	10369014.215025188	0.0	1102160.8107748027	0.0	0.0	11303186.666387903	0.0	10803010.263181688	0.0	837116.3469956216	0.0	0.0	0.0	5354971.826508105	0.0	9319520.222916005	2989511.2333097192	3118077.8886421304	0.0	10146349.0829898	402264.6288424135	186047.7761412449	2683235.0214383616	1862347.3669842475	1687852.1522986882	1411948.66571875	4002047.1815682068	7975459.3624867825	0.0	986478.4792947762	0.0	0.0	573477.7809686954	360652.4006839396	796623.8236474702	1206769.587004007	830583.0018330234	461362.7396001813	10913954.427810187	1561123.35086754	608187.2655173097	0.0	0.0	514540.03600727057	881185.744891643	0.0	592160.1292675439	264607.9606529395	2330036.801757098	0.0	5103698.10116696	0.0	830265.5759601587	0.0	377782.338929593	0.0	592052.8433038663	991084.4691001159	403653.55783605546	2960807.691963909	0.0	973734.0144253973	493659.90141131077	0.0	512522.03999780107	0.0	11231731.645944102	0.0	740534.13531278	3925771.2232415667	0.0
HILICZ_positive|IK:FDGQSTZJBFJUBT-UHFFFAOYSA-N	1076505.457361163	0.0	0.0	110127.73093188179	1439640.6064033518	365451.02846918657	0.0	2945455.081689819	0.0	88524.27088008165	3943028.7858008076	0.0	0.0	0.0	0.0	0.0	0.0	497466.4388570114	0.0	317108.20561148046	0.0	612421.1874044461	0.0	0.0	1268480.784894409	347155.0569914786	4762707.067329738	198505.01316659668	0.0	0.0	367445.9023819917	106467.39050973814	4457646.606654379	0.0	23189503.038184043	3144881.550215601	1475557.6887725452	1582664.4771523953	0.0	0.0	0.0	1814105.1657342243	1323424.3421430937	0.0	13522646.189445337	2137333.618365641	501688.01522706024	11054523.501883635	51855.13808515193	0.0	0.0	0.0	1788898.3695534172	1508119.0751699302	0.0	2002012.4287308943	759426.0327486063	0.0	0.0	6322670.686851107	0.0	0.0	0.0	0.0	654152.1835754232	0.0	0.0	1478663.8657895154	631537.8441023749	0.0	1468328.912996727	0.0	2092155.0631257007	0.0	918129.6726878805	0.0	0.0	407048.5088732743	0.0	109075.5091096169	3265706.0317625124	0.0	0.0	1410598.268590108	541996.3592082781	1397585.179351204	0.0	0.0	88936.37855677401	1325893.2796750397	1134593.4037781572	0.0	866940.7544699016	0.0	0.0	1440267.944719266	502257.3333325692	53374.14380322129	2525926.4054936105	0.0	1237038.2647623336	324868.6091287767	106209.28196642053	1242410.9058864287	966458.0508517484
HILICZ_negative|IK:DRTQHJPVMGBUCF-UHFFFAOYSA-N	4734294.956859636	2254167.050118692	3544814.610344572	0.0	0.0	0.0	744976.0093124644	4176289.8742911397	410693.97988496546	2203184.1073583616	0.0	0.0	0.0	4632714.784363794	5756800.0142378835	6495426.621473129	0.0	2878012.8431210425	6426035.317486541	142926.79024878523	0.0	0.0	2040983.6035930703	0.0	0.0	0.0	9270352.320361722	1770407.0706971318	200384.26441421427	2068069.5460360383	0.0	0.0	0.0	0.0	5750195.996435772	0.0	275679.45748352836	0.0	0.0	11103265.766925707	0.0	6276799.78455363	2915800.3439685884	0.0	6875285.764706954	212043.0189784898	0.0	9824580.10137634	0.0	0.0	0.0	5147061.765811657	0.0	4794017.140352372	0.0	3212472.239859769	0.0	2498576.478891315	0.0	0.0	3472827.9742768495	805285.2763224418	0.0	289882.76106341433	0.0	0.0	0.0	1666997.1957682509	0.0	3679088.7408688827	828594.0403430806	0.0	1254227.628087842	3706177.930564444	0.0	18043086.804957777	0.0	1613988.028438882	0.0	0.0	5631677.868604063	2419999.883802976	0.0	2667110.569638221	0.0	0.0	0.0	0.0	0.0	0.0	0.0	0.0	0.0	5817055.330189839	0.0	2145309.2930030767	1065807.181465921	1922944.6833635743	213195.63415480472	0.0	1368977.1877188373	0.0	0.0	0.0	0.0
HILICZ_positive|IK:MUPFEKGTMRGPLJ-ZQSKZDJDSA-N	762146.1876200434	0.0	0.0	1121608.5504595686	0.0	1421307.9758316057	781751.8640076633	1587000.1153808269	293286.51100746245	795661.3825207141	0.0	0.0	0.0	2216099.04616999	0.0	0.0	824850.5246347209	755930.1295045761	6841664.4515693085	222559.17443197395	9985330.713327425	1209752.7291709497	0.0	728540.618140012	791138.5029932556	500207.71185370884	0.0	373891.0261453316	1372167.236119178	363922.24141229154	0.0	182589.86149215675	157106.5226310514	0.0	0.0	733635.0081473232	873168.6819854223	901062.9630323035	1061782.1665894245	0.0	615302.8090535463	0.0	946064.2532956374	847523.7381386324	0.0	159246.15140316446	150578.14969783474	14810382.278214676	288494.0056246592	0.0	8398480.333933948	0.0	461937.5660948902	2061176.8368978489	497787.4468513433	745643.2060755192	0.0	2224004.996815384	433234.7507743844	2400955.695988654	5579550.849183319	11860377.642823156	0.0	0.0	711632.1485818909	0.0	1515532.2294254003	193747.52768924081	3161639.6195825106	0.0	806603.6092652214	2063087.4261539273	14788957.52616882	0.0	902669.5808410336	0.0	381233.64640814794	0.0	515344.2662425267	953379.3224160442	1972781.236092209	792593.7004540816	3099510.4628651156	3121805.674649716	0.0	336830.95937958366	0.0	251008.82893949607	1932070.6075886188	198878.14995902762	629511.8108235634	2519080.215756506	862899.6856221711	2267972.813466312	238751.34777535885	2073695.5767212524	461260.39650757617	833220.828690334	143112.5987340976	886183.1948673812	0.0	590521.4379660788	638134.4850200334	13033929.517241497	429465.9716293666
HILICZ_positive|IK:WHUUTDBJXJRKMK-VKHMYHEASA-N	0.0	7418324.9513089685	726791.8931654135	0.0	0.0	0.0	0.0	0.0	0.0	0.0	2773422.0746597527	0.0	0.0	0.0	0.0	267363.30414766027	0.0	0.0	0.0	0.0	382588.79523010337	0.0	0.0	0.0	0.0	0.0	0.0	0.0	0.0	0.0	0.0	0.0	0.0	0.0	2547465.4923254275	0.0	0.0	0.0	0.0	27814855.69593166	0.0	0.0	0.0	0.0	0.0	0.0	0.0	0.0	0.0	637553.5776600386	0.0	0.0	0.0	495651.8210969108	0.0	0.0	0.0	0.0	0.0	0.0	0.0	555795.4042107775	0.0	0.0	0.0	0.0	0.0	0.0	0.0	0.0	0.0	0.0	398588.0834982467	253940.13278609506	0.0	0.0	0.0	0.0	0.0	0.0	0.0	0.0	0.0	0.0	0.0	0.0	0.0	0.0	0.0	0.0	0.0	0.0	0.0	0.0	0.0	0.0	0.0	0.0	0.0	0.0	1004071.8970540058	0.0	0.0	314748.2925127142	0.0
HILICZ_negative|IK:OXQKEKGBFMQTML-KVTDHHQDSA-N	884914.9124127885	3335263.1843078164	0.0	0.0	0.0	0.0	0.0	0.0	0.0	0.0	4048647.1960172965	0.0	0.0	0.0	0.0	1355566.4209330534	0.0	0.0	2497455.4551954586	0.0	0.0	0.0	0.0	0.0	0.0	0.0	3486742.4434713004	0.0	0.0	0.0	0.0	0.0	0.0	0.0	26270161.469965346	0.0	0.0	0.0	0.0	7987765.371102145	0.0	3751969.311990208	0.0	0.0	0.0	0.0	0.0	3186005.7830156735	0.0	1848335.7523510454	0.0	904138.0849097628	0.0	711983.3299326447	1672951.2678771813	0.0	2477828.539864853	0.0	0.0	0.0	764490.1095409812	0.0	0.0	1526074.7084113378	0.0	0.0	0.0	0.0	0.0	0.0	0.0	0.0	0.0	0.0	0.0	0.0	0.0	0.0	0.0	0.0	0.0	0.0	0.0	2452556.068845774	0.0	0.0	0.0	0.0	548318.1671650418	0.0	0.0	0.0	0.0	0.0	0.0	0.0	0.0	0.0	0.0	0.0	1408974.4521197085	0.0	0.0	1602691.6242764744	0.0
HILICZ_negative|IK:CBQJSKKFNMDLON-UHFFFAOYSA-N	0.0	0.0	335926.64257991314	0.0	0.0	0.0	0.0	1916802.942703458	0.0	0.0	341670.0959297417	0.0	0.0	365680.6941930056	0.0	0.0	0.0	343264.25152945466	493335.1311942336	0.0	0.0	2374698.098368131	405706.87103569583	0.0	0.0	391851.95109725004	0.0	0.0	0.0	0.0	27637432.24331052	0.0	327232.8338023425	0.0	0.0	0.0	0.0	0.0	0.0	0.0	719538.5068189871	0.0	0.0	0.0	0.0	0.0	0.0	0.0	0.0	0.0	0.0	0.0	938335.4176312048	0.0	339874.714618265	326460.04687732493	0.0	468322.6093685625	373335.69380891346	721297.1172977813	0.0	0.0	0.0	0.0	0.0	0.0	0.0	0.0	0.0	0.0	0.0	0.0	0.0	0.0	4873298.546728114	0.0	0.0	0.0	0.0	0.0	2210075.315638471	0.0	0.0	0.0	0.0	0.0	0.0	0.0	0.0	0.0	0.0	352881.38350439083	0.0	0.0	0.0	0.0	0.0	0.0	0.0	0.0	0.0	4609553.285603798	0.0	0.0	0.0
HILICZ_negative|IK:SMUMBCREXHTKFN-VZOUQOBNSA-N	0.0	0.0	1924464.714506297	879951.2141312181	0.0	0.0	997344.4159228945	2442520.7616229486	3216198.7917779903	0.0	602867.8288315235	0.0	0.0	0.0	4842088.62854049	3041142.785906492	379786.5450011494	0.0	7802581.65870517	672403.2729465773	11752009.650371013	2091646.1852729921	0.0	0.0	0.0	0.0	5894778.849204959	1057839.2793482465	0.0	366240.40697973955	0.0	0.0	869011.8248666518	1274620.250671572	9436087.815483857	788119.6779664382	2517534.888899351	0.0	568164.7316661046	4944557.645165914	0.0	2740396.3890087623	0.0	1178597.8968363856	5436977.716195707	894230.5413088943	0.0	9348701.627813047	0.0	1799736.3401537312	4835619.518007309	3219109.107478857	0.0	8021494.892821623	0.0	617824.6758349175	7480897.237744575	2270113.8739160937	0.0	4305339.033125642	5037104.501681503	3534769.0056224526	1362313.171109869	2646805.171578554	893731.61002606	0.0	1760798.9075620465	0.0	2589287.381172149	2349359.5160545395	909051.9336337451	3958146.3536945204	13179061.404811839	1629734.7332125294	0.0	3732637.372881151	0.0	314383.7893307263	1270137.560556523	0.0	1305366.4268896645	0.0	9907875.180326927	2392181.301397724	3943968.8080048594	176656.24382744895	0.0	0.0	0.0	0.0	0.0	0.0	1641312.607664004	2427251.560811459	0.0	882336.4440143984	0.0	0.0	967160.520739572	0.0	0.0	0.0	0.0	4998635.386000488	0.0
C18_positive|IK:MDMCODCJMHTFIZ-UHFFFAOYSA-N	149939.40046428228	0.0	0.0	214801.2884787099	0.0	255371.8868063092	667603.4784664157	241404.78201216456	744884.109678611	210689.36359746056	0.0	80957.57096642995	278145.15637936426	663261.1457751838	9479049.613727441	2135838.0920435623	702876.5094911689	58870.01136846639	365510.84672144067	56813.06312068458	0.0	479320.8436034776	56480.33368054782	374911.5316794222	156387.12020202365	68704.07487710936	577242.3998543831	224350.27325457326	851513.1892524309	0.0	25115.457749167617	0.0	0.0	227884.53444306942	0.0	114091.03495031965	268328.6171946806	63751.195449780724	294800.44821075373	345269.1235801044	336144.29574551433	272741.8597059064	605829.604896241	254884.2015176415	195619.13338945457	0.0	282389.7828053201	1829410.1167213647	31142.830408581074	1373660.0451626647	438387.8568837673	0.0	79345.71847425969	95592.47893478342	0.0	30155.223091708496	572891.7978080363	177519.24930235939	243450.75268928296	398639.1177356507	184971.89097414515	562272.7721329336	65696.2798873634	9224070.189443476	238900.34452570236	0.0	364989.09963052435	170457.37575573486	669625.4585220581	429906.0336758715	790644.9576196512	825825.4809074773	0.0	0.0	342232.1078697479	98081.83336465807	496426.59564762237	86311.68810306718	386260.5229622646	413751.4416608962	0.0	1010919.2308067213	0.0	24660751.332456313	0.0	0.0	598702.2498650555	1125854.590182371	587002.4632475831	0.0	193840.24909637854	2325422.867666337	121710.23009758447	69950.97957992186	337299.86516121856	0.0	166999.60714264592	211678.00034785457	0.0	179200.84986249742	75234.57935264724	176114.3370797193	142116.5357077252	400320.39860103285	119268.79543841629
HILICZ_negative|IK:WXTMDXOMEHJXQO-UHFFFAOYSA-N	569174.5967285624	0.0	1125971.6615181265	0.0	0.0	0.0	0.0	0.0	542121.7913134698	0.0	0.0	0.0	0.0	0.0	1410725.6099455059	2893407.96987346	0.0	0.0	5828616.6970663695	0.0	5055648.960612292	0.0	0.0	0.0	0.0	0.0	8406289.664054869	0.0	98210.8611770123	0.0	0.0	0.0	0.0	0.0	0.0	0.0	471071.2630876903	0.0	0.0	0.0	0.0	19720197.767365653	0.0	0.0	7106183.361472052	0.0	0.0	9513757.288643375	0.0	0.0	0.0	981558.6547067142	0.0	2823368.1036877055	0.0	132140.22083526102	5728428.089396065	0.0	0.0	650680.620603652	589774.7586696148	426596.159570366	0.0	4476724.70515907	0.0	0.0	0.0	80904.95234249534	0.0	658748.2269474567	0.0	237363.25649896264	4715039.826347355	1271947.7025987378	0.0	0.0	0.0	0.0	0.0	0.0	142046.57263977817	0.0	318818.7545905111	3140070.1455500713	1051713.2646936476	0.0	175306.0252394563	0.0	0.0	0.0	0.0	0.0	0.0	605673.4005661305	0.0	0.0	0.0	0.0	0.0	0.0	0.0	0.0	0.0	8713417.32077741	0.0
HILICZ_negative|IK:COLNVLDHVKWLRT-QMMMGPOBSA-N	0.0	3107926.018934129	377960.6199387704	0.0	0.0	0.0	0.0	0.0	586671.2634001821	0.0	24481058.48877214	0.0	0.0	305480.14445024746	0.0	2430243.7888068543	0.0	0.0	847827.7689804934	0.0	2225016.641674456	0.0	0.0	0.0	0.0	0.0	4420498.157315635	0.0	0.0	0.0	919679.5431053588	0.0	0.0	0.0	2539282.1885673003	0.0	0.0	0.0	0.0	9256462.09007606	0.0	1948749.39138865	0.0	0.0	1847437.0591246854	0.0	0.0	1639341.1397384794	0.0	1853223.191138428	0.0	452657.03068677784	0.0	0.0	0.0	0.0	1245782.8749739388	0.0	0.0	0.0	0.0	390399.300524383	0.0	654244.4281845089	0.0	0.0	0.0	0.0	0.0	0.0	0.0	0.0	1954347.2073566476	528181.3484357831	181555.7117467933	0.0	0.0	0.0	0.0	0.0	282818.94878991845	0.0	0.0	435352.5664922001	1164235.3511435634	0.0	0.0	0.0	0.0	0.0	0.0	0.0	0.0	238418.16248065542	0.0	0.0	0.0	0.0	0.0	0.0	2936532.4981406922	0.0	0.0	4543220.110292838	0.0
HILICZ_positive|IK:ULSIYEODSMZIPX-UHFFFAOYSA-N	248822.58215999586	6064577.792183818	0.0	198239.43723270344	250237.1460463996	0.0	353925.6339443627	324859.24231213325	449549.37947225594	268481.1781911554	22141749.324762754	264233.4737199845	381649.4832491876	0.0	323590.34151667345	0.0	299926.8671534217	179529.09749516853	0.0	184998.65443235642	0.0	0.0	252913.68738329355	313521.72905534523	325726.15589907684	283869.18456561875	2867837.031804949	328883.0076489153	186221.6040667294	191690.6028682108	1157706.4670831831	197958.49482572082	175005.75169120714	356294.5704976023	2750894.4156246176	353485.51152864017	323482.83948665846	300296.823732376	188875.12105265242	13944563.611611921	251088.38080064967	1243180.3496930902	347538.8535652456	169914.2217668968	1125959.438545391	175008.70864474776	191233.0388395785	0.0	143996.4105230571	1887670.4410761893	150404.63028296822	221819.3701173065	349656.15447771526	982109.8699461824	173773.26244908935	181347.915641278	297594.67753948254	298101.7792702908	180217.98899533565	0.0	238176.32980267744	541897.3439385666	305126.03657114506	141579.0984624028	347611.4978706205	182935.449789956	322602.979373395	182248.63206116864	344760.2290067084	228038.22145590247	320307.34137439705	319460.79369643325	2234502.655750813	216749.938382238	236445.5113352241	1007401.4979331617	366989.05088970094	270413.6653333602	297074.0968017279	191970.13396590986	128321.25249502063	244678.48032920065	307361.5448498724	337727.4404726326	955313.2274520561	0.0	0.0	283952.70996022224	135041.7742900848	167870.4635086058	181138.39445847264	168090.7276480794	185047.58962231866	299340.8537671126	339755.7393507361	190547.1736621262	258733.26949286423	0.0	164108.12787231797	188092.08859999513	5673371.025407794	190433.2567801477	277543.63562475133	3913700.597725629	139088.94371683116
C18_positive|IK:WCGUUGGRBIKTOS-UHFFFAOYSA-N	852097.7721665521	0.0	367518.7192538309	970419.3022076322	162301.89238451386	1255415.9236537516	565979.490766764	1468982.2715464826	919844.2178491647	965335.219624818	0.0	492567.67622406816	0.0	1925500.347309829	0.0	0.0	1157409.9345196811	52181.34249494974	0.0	0.0	0.0	1212338.5292139929	0.0	1084796.4718484576	1014622.5897668	1025119.8586604146	1450356.659171195	1170331.1761448388	152281.93296653064	0.0	0.0	3141069.605557174	185339.6121548119	860489.6056481018	0.0	0.0	630002.8934664427	841662.2192902402	643476.797004014	0.0	1027232.5565955644	4153797.679784774	1053175.2907236523	62581.014737442005	0.0	264061.77873362583	755387.6233074949	0.0	0.0	0.0	1432833.9438770409	888735.358283729	0.0	11739072.120224932	0.0	1136122.748450458	0.0	0.0	936396.8235999502	0.0	908427.8528636403	923528.6452883482	601109.5003220285	0.0	429112.1741034248	0.0	391388.7398497016	109226.93197793499	1357770.3517443542	433631.3208234607	1305075.3244838438	1124389.6269007637	0.0	0.0	506894.0378219336	20875618.40250446	996902.7799532858	0.0	716826.3188716461	1174225.8261488082	198368.99421156934	466863.2119855585	12633198.965955252	0.0	4208696.7733106585	2534334.504846597	225239.45855730755	1117759.5993196224	787654.1167279177	156136.1852286012	296739.2711308894	797193.6497434392	242830.84759956566	0.0	0.0	0.0	498066.87362621666	363847.1382549703	0.0	1180907.3033716385	0.0	1050954.5587825184	668913.6068463614	4224461.764358283	556268.763808817
HILICZ_negative|IK:LJCWONGJFPCTTL-ZETCQYMHSA-N	0.0	0.0	0.0	5566606.081706606	0.0	0.0	0.0	3698582.6310144854	0.0	0.0	0.0	0.0	0.0	0.0	0.0	0.0	0.0	9697762.496425636	2066380.2721314293	0.0	0.0	0.0	0.0	0.0	6086514.368051571	0.0	0.0	3696986.4013790186	0.0	0.0	7597575.792925161	0.0	0.0	6295506.050390856	0.0	7758482.385018213	0.0	0.0	0.0	0.0	0.0	0.0	4754598.265535553	6512703.831791352	0.0	0.0	0.0	0.0	0.0	745511.3675693423	0.0	0.0	0.0	0.0	16510626.345942287	0.0	0.0	0.0	0.0	0.0	0.0	0.0	0.0	0.0	0.0	0.0	0.0	8461305.78572196	3709062.285446122	0.0	0.0	0.0	0.0	0.0	0.0	0.0	6919455.150814721	0.0	0.0	0.0	0.0	0.0	0.0	0.0	0.0	0.0	0.0	0.0	0.0	0.0	0.0	0.0	0.0	2357887.308586064	0.0	0.0	0.0	0.0	0.0	0.0	0.0	0.0	0.0	0.0	0.0
C18_positive|IK:MMOXZBCLCQITDF-UHFFFAOYSA-N	330752.0848164949	208066.58428907677	0.0	658639.4813214213	0.0	373370.6621070381	1526209.3751455594	451588.60287805885	4837055.118562103	2534588.963995189	122146.1432423277	333870.0352785587	0.0	561867.2054168875	0.0	416539.9446006455	1018412.2818584667	24191.683353373763	599045.1703401988	0.0	907166.6107326169	3352543.5262854397	49988.50255092607	195688.44379126653	5771304.939807349	474239.42391203187	0.0	207024.10326826165	1092710.4822483426	62623.83142984214	0.0	0.0	354920.05297471944	207897.69832490472	353394.7090844563	238944.82006398952	9428301.27467761	234871.97171330082	256482.97213148323	6961541.360960914	304224.8173632378	0.0	88847.0993586389	147801.82166249567	0.0	60060.67512833029	27518.104789501165	0.0	0.0	0.0	1116251.6023197898	0.0	777803.3539872989	369162.97645545023	0.0	29797.992063122172	0.0	229829.0104208608	614947.3312206942	59913.80777385181	240319.1234466292	0.0	383068.06954779493	186294.38448439733	181250.7972267755	0.0	1370727.9679859772	0.0	1375291.8539904875	40296.81714313851	22489591.56745801	1319132.0493718693	2278732.840809184	7094505.389712717	1171405.9856939756	0.0	156638.19134967955	0.0	2869543.3026499134	550432.7313932411	62012.45964938222	2080057.9038220623	232749.8558549126	0.0	2157233.8650058564	72354.13040511121	123973.48041022466	994271.038403224	362518.5809566264	77781.48383888899	105615.35957706091	414801.72406797105	154528.62967054074	105412.9286950179	0.0	562297.0464166274	650426.6502131526	100267.51371661662	260117.07063220552	469216.22608245554	0.0	191951.33124505766	67531.82833259735	0.0	148254.1330055914
HILICZ_positive|IK:PUQSUZTXKPLAPR-UJPOAAIJSA-N	873964.9918992392	1517570.1386856134	2423195.7890842613	0.0	0.0	0.0	529522.6422313906	0.0	668211.6005731707	0.0	5468986.680984147	0.0	0.0	3076243.216589245	832984.2245021113	1388775.2531932509	0.0	0.0	7192809.806812181	365098.7765521781	6749117.092616841	1191293.494420611	274102.4286709244	0.0	0.0	0.0	4803074.943290246	0.0	0.0	247194.37796164112	1482313.3667903158	452299.11334073904	0.0	0.0	1787196.3258647625	0.0	0.0	0.0	298644.69606301375	2819431.5936101074	0.0	4613351.113597303	0.0	603738.4382403459	15457694.435805844	139123.1708008033	0.0	8171194.126773046	0.0	1448209.4326463514	3060846.0352026317	1008527.4044706268	0.0	9697241.628023801	891456.7292236484	4162826.836231485	1394790.3350522406	1745388.6337114412	1848755.4914353658	4134410.7954057963	8293445.834210608	7798986.440209949	0.0	470783.731513342	0.0	0.0	1955444.5350067364	210037.34906284843	642445.8050606285	0.0	0.0	0.0	0.0	0.0	0.0	1238517.3764953262	0.0	0.0	0.0	0.0	989595.5085159648	384860.4100647871	1145584.8325053153	647672.9499139625	0.0	3338874.0382913463	0.0	0.0	0.0	0.0	0.0	942081.3202627391	1255548.5048116813	8604313.769125313	0.0	4596365.653020262	0.0	0.0	1616857.0628009879	0.0	4344104.358958928	141609.35097144675	0.0	0.0	0.0
C18_negative|IK:FBPFZTCFMRRESA-GUCUJZIJSA-N	0.0	0.0	2437873.0115716904	0.0	0.0	0.0	0.0	0.0	0.0	0.0	18652551.126361117	0.0	0.0	4038027.818149348	0.0	0.0	0.0	0.0	0.0	0.0	1090695.86542657	0.0	0.0	0.0	0.0	0.0	4179636.8878539484	0.0	0.0	0.0	0.0	0.0	0.0	0.0	2151562.881713938	0.0	0.0	0.0	0.0	6127794.433702715	0.0	2250928.1450625053	0.0	0.0	0.0	0.0	0.0	5794517.243076143	0.0	2889202.7378502227	0.0	0.0	0.0	4364295.411600138	0.0	458871.16834560724	6043710.828717459	0.0	0.0	0.0	0.0	430098.0131960067	0.0	10499954.59256239	0.0	0.0	0.0	0.0	0.0	1290537.8779011066	0.0	0.0	0.0	0.0	0.0	11266740.256263824	0.0	0.0	0.0	0.0	826571.572559731	0.0	0.0	0.0	0.0	0.0	0.0	0.0	0.0	0.0	0.0	0.0	0.0	0.0	0.0	0.0	0.0	0.0	449819.09655090165	0.0	0.0	0.0	0.0	0.0	0.0
C18_positive|IK:FATBGEAMYMYZAF-KTKRTIGZSA-N	1313886.2386312718	13491218.555077756	5608183.410676954	4800767.387707789	9622270.841784352	2167723.085641331	1361373.4346933526	1265761.347143008	972866.1719084685	1660840.358205995	2935624.3590824893	1252901.1279314407	2155199.438337259	4148522.723391709	2615121.214487341	1168590.7034083891	486427.800167523	845283.4839341806	2053324.6439300764	1308682.5421140708	4908986.454756252	1796484.062244956	1829719.616027772	641130.1604524694	486961.71319045173	520720.4496259608	2170400.5530476654	1254443.5698686019	590568.0119135651	833061.4243107592	1965394.2447745178	1377578.8456305906	1110202.7559529324	585818.1960321075	1743031.4974126364	703794.6042465696	852066.5990440329	1017188.0075611089	523698.1466730664	6426020.01913414	1583763.7310223817	3416879.0473596603	1105805.1340151988	1243088.6237044747	2359200.042108127	1442715.072852078	1158581.478361741	3197721.708343668	966022.1608011418	18088526.921928134	4979463.301499565	1645064.0171112297	885784.0900493199	2897477.834415355	4734279.4662785195	1272467.6856079171	768060.7503320654	1325347.0274686036	855097.576959561	1492531.594482244	1723681.8430541304	1115134.662317206	933232.5261885205	1052057.1104866527	974717.9571240783	438982.55107609404	1144794.6156123718	880900.1340574219	740859.5204683237	908735.6543596138	795141.4884226252	3276607.109716385	8596072.821370244	1824948.683605623	788145.8917711516	631417.844651398	619959.1482125507	4031957.1320900843	2850144.359545908	1116065.4883836184	3281154.265167235	557634.7451345706	1947197.93142948	533540.8571843964	3363524.077996937	723090.8664884297	1407081.1332703468	775370.4433720404	1025578.31437631	3336598.980139962	465640.3865906698	506341.3486515146	807314.7876083159	1854490.6965789355	923553.6741678717	956991.678536769	671436.6746347974	909927.2642696619	1052937.1579696336	916550.6632567656	5938448.131759344	764361.4904732825	1553937.3692024837	2546458.6857204745	738726.6105580592
HILICZ_positive|IK:SIKJAQJRHWYJAI-UHFFFAOYSA-N	5984781.6478615515	0.0	0.0	3972326.674983641	1330767.2816746384	1753354.45485796	0.0	7095591.714301995	0.0	0.0	0.0	0.0	0.0	0.0	10207950.664325934	0.0	676133.315793574	457294.7699359479	0.0	2144655.936406487	0.0	0.0	0.0	0.0	0.0	0.0	0.0	3488828.476290337	1088023.9232420952	1432255.852975912	0.0	1537415.9138120448	0.0	0.0	0.0	0.0	0.0	2840416.391787636	853453.3003510836	0.0	6241758.080521832	0.0	0.0	2988642.1420842083	0.0	1536691.1366825593	0.0	10391133.388805375	0.0	0.0	11024710.78747322	0.0	2708680.202285045	0.0	0.0	2421146.2096191496	0.0	3209346.039959075	5641642.5542712165	3293142.67043489	0.0	0.0	3467330.1175094717	385799.65944018477	2215467.3260486317	0.0	1526745.1583464474	2282474.7335147858	9546726.249825934	0.0	2172775.3979667085	0.0	0.0	0.0	4935281.174200478	992567.4561814215	892882.6182964463	4946777.69588382	5800478.682664988	1215045.7100437281	5510499.017131653	0.0	0.0	0.0	0.0	3488378.98513415	592596.1542497239	3198223.4173248424	2783662.7564102705	1055232.0909825189	2709618.1899511805	4904338.513318763	5335652.2568387445	0.0	0.0	3542091.0709152534	3728597.692799755	231568.55141650158	1433565.700548976	347818.989320971	0.0	0.0	1762322.7172941132	0.0	270802.8238608918
HILICZ_negative|IK:VRYALKFFQXWPIH-UHFFFAOYSA-N	610662.0445364548	9636114.228702195	1617772.758727377	0.0	0.0	0.0	0.0	0.0	0.0	0.0	0.0	0.0	0.0	6219290.039537553	2352928.2198377354	3804169.6226617056	0.0	0.0	3675233.579859356	0.0	2700380.936605426	0.0	0.0	0.0	0.0	0.0	4393106.34999252	0.0	0.0	0.0	0.0	0.0	0.0	0.0	7700797.555525297	0.0	846693.2131257502	0.0	0.0	8500744.816059718	0.0	3408071.70621282	0.0	0.0	0.0	0.0	229390.59600007723	8750305.846659295	0.0	5948685.170973537	0.0	1617944.1173913185	0.0	6021117.974774119	0.0	253366.12524637586	6141692.010683056	0.0	0.0	388599.51558788924	1392088.6570242362	830722.6947128023	0.0	6187969.85944656	0.0	0.0	0.0	0.0	0.0	1169459.460535049	0.0	580879.0837956823	4943633.367986378	2449638.8758815844	0.0	10342996.69473628	0.0	0.0	0.0	228495.17678191545	609629.3343596985	0.0	1793997.6588181553	2306042.861902745	3301998.2431081035	0.0	308982.3100714795	0.0	287422.11361035326	0.0	0.0	0.0	0.0	0.0	0.0	0.0	0.0	0.0	0.0	0.0	7617249.006979929	0.0	0.0	2884144.29030785	0.0
HILICZ_positive|IK:VAWYEUIPHLMNNF-OESPXIITSA-N	0.0	0.0	5415844.163093076	0.0	0.0	0.0	0.0	0.0	1895121.7661125052	0.0	9450922.622016905	0.0	0.0	0.0	0.0	0.0	0.0	0.0	0.0	0.0	0.0	0.0	0.0	0.0	0.0	0.0	0.0	1876243.1878478422	0.0	0.0	0.0	0.0	0.0	0.0	0.0	0.0	0.0	0.0	0.0	0.0	0.0	7189497.805273291	0.0	0.0	0.0	0.0	0.0	0.0	0.0	0.0	0.0	4966574.668067809	0.0	16148389.652601248	0.0	0.0	0.0	0.0	0.0	0.0	0.0	0.0	0.0	1872898.6519439234	0.0	0.0	0.0	0.0	0.0	2128368.0810110616	0.0	0.0	0.0	1555321.689742922	0.0	0.0	0.0	0.0	0.0	0.0	0.0	0.0	0.0	0.0	13416294.037069798	0.0	0.0	0.0	0.0	0.0	0.0	0.0	0.0	0.0	0.0	0.0	0.0	0.0	0.0	0.0	0.0	0.0	0.0	0.0	0.0
C18_positive|IK:LVFCLUMIBMHAFL-HMUNZLOLSA-N	1632062.747646959	3291796.652306967	3286226.0526265115	100879.192030008	9453292.326789277	272602.0550498122	4122336.7839552946	376143.3163894994	3163395.5677847103	694541.9048464487	4098500.8009051736	34509.94089274481	2455765.048461483	2675511.8185546296	1881091.397295523	4250557.842436528	0.0	0.0	4514353.294452995	69804.27600855211	3371989.078723899	561911.4068414192	2289300.082910179	0.0	0.0	0.0	4019109.593571702	130850.55409532873	95060.84797459836	33021.450042724064	0.0	87998.43264906848	774010.0611960144	779390.9995848791	8034375.680452923	92566.17441787757	1649993.5175465143	236325.39567605776	134430.46392770935	7958955.34788008	44009.50131339021	4590542.684089793	0.0	74596.80942226104	3619086.2906743046	128086.04812397972	0.0	2632691.7153214584	0.0	4086037.1175936223	5169798.716697782	2539195.3094999953	0.0	14273982.99049995	493046.9349440245	398791.1208824664	2467972.4087637234	1859280.515129656	3715099.5412413096	771007.3046745197	6059258.515045282	5661697.649869336	562010.7527842263	722275.1488922833	83904.66490951605	0.0	243245.12310654117	138862.49205623762	1073860.6947389673	2050518.9739848445	181576.4851518308	865122.7899612702	6459838.198771886	1200962.014907867	267561.5001558476	654611.0998030376	0.0	1480563.9144367883	1669095.0721034552	261878.76735835866	651687.738031968	1159425.8325395654	2449069.829531804	1165894.2739107592	6117627.829783115	435912.7078432216	51340.085775189116	83516.31008979301	1046078.6315513257	189417.77542231235	53411.62655128446	917115.3346502632	187229.31930542554	5303793.158456135	50999.07942315007	1408289.3224083746	471907.0370361646	0.0	790672.5647855197	0.0	4424299.897812377	0.0	0.0	2378120.500485577	0.0
HILICZ_negative|IK:VZCYOOQTPOCHFL-OWOJBTEDSA-N	0.0	0.0	0.0	0.0	215814.56088205616	258202.37431008162	0.0	228203.84605019135	509032.0232402153	0.0	0.0	0.0	0.0	862670.9598916012	0.0	287008.83699093014	0.0	0.0	0.0	0.0	0.0	0.0	0.0	0.0	0.0	0.0	705763.3738938365	274305.606741021	0.0	0.0	0.0	0.0	0.0	0.0	0.0	0.0	990063.9857773061	0.0	0.0	0.0	0.0	6688508.478586618	0.0	0.0	0.0	0.0	0.0	0.0	0.0	1540652.4639508694	0.0	0.0	0.0	23149379.169107046	0.0	292064.50073660753	514690.4086609338	0.0	0.0	0.0	4574219.983354903	0.0	0.0	0.0	323997.73023173655	0.0	0.0	0.0	0.0	0.0	0.0	359497.23525435093	0.0	0.0	0.0	0.0	0.0	0.0	237090.65009574755	0.0	0.0	0.0	3049712.4233570555	0.0	0.0	292511.4389880147	0.0	227929.22020764678	0.0	0.0	0.0	0.0	0.0	1230373.2278070152	0.0	0.0	0.0	0.0	222429.60752720037	0.0	0.0	0.0	0.0	396358.95562355255	0.0
HILICZ_negative|IK:WHBMMWSBFZVSSR-GSVOUGTGSA-N	1808970.0884647057	0.0	1439130.6878130168	0.0	169570.82129956232	0.0	0.0	0.0	3736817.7310206327	150525.62857612228	16602917.08012246	0.0	0.0	0.0	973562.7737983161	1697568.3518257132	276427.45832698816	0.0	4714625.614022065	0.0	6748640.3042721525	623112.0846429017	0.0	0.0	0.0	0.0	11003591.897538593	248302.6247483864	657165.0341485775	0.0	0.0	0.0	809675.3597505062	274956.80618542415	3318696.1266273386	255565.7133964838	2849375.420581742	0.0	496086.3760587716	5332644.63352331	0.0	2309825.437213214	370678.49838257575	0.0	4787217.624142367	0.0	0.0	4340673.3593084505	0.0	0.0	0.0	0.0	0.0	2884177.310830362	0.0	0.0	3665387.1825720146	0.0	401419.13849426823	951174.6387812343	1492189.722620993	0.0	0.0	0.0	0.0	0.0	180501.63398049574	277824.8855031168	532434.9632111939	1210886.2291999222	571631.327938955	1965195.3303026971	0.0	5767188.27231723	0.0	1505928.5602810294	178627.25350752287	0.0	818883.4647793275	0.0	0.0	0.0	1391847.9224545148	1970148.6773729916	4155778.5896167755	0.0	0.0	483060.80788776994	107116.2455426045	240558.31743469374	0.0	520798.33714020986	0.0	1461742.5123602028	0.0	0.0	0.0	0.0	198045.4029534757	98503.92454428485	0.0	0.0	97022.94692712928	6284233.5541149285	0.0
C18_positive|IK:NJMQSVWMCODQIP-FQXXIRCGSA-N	1011809.4932023814	4267169.964702912	1030516.0665523943	257870.7664584456	1080027.3770906662	179491.9208610005	388273.81405431917	627464.7515475708	1218870.7591908423	186991.51198079574	2063591.5987147677	34585.29881170429	6527848.239000002	1776962.316821095	1685916.735587922	1382198.1956708732	123147.79244090641	89196.17735613884	3373137.6549974494	185094.82462052227	9572328.827778712	750693.2986312045	258729.0635933619	0.0	74947.90921482179	72009.58782046106	6268227.268169571	249307.70853982714	93930.58279051303	105940.33258412685	0.0	61683.452545342	296415.0718036847	366829.7643685663	7408025.886177166	176536.04862051175	745402.2908102362	149534.6231174687	201702.03561992737	7060016.0171910245	0.0	2291573.4345681914	49863.90197782121	388102.4601924086	3360388.439166235	250340.82862716887	36942.29190345483	5661586.362504958	0.0	5685592.756767708	3246118.021637158	1439510.2429547743	70859.17047502419	7624707.695056067	85783.75460602914	212940.1693669256	2699078.9231459955	809167.9332020628	717078.3463861344	1310559.562868604	3153846.174354393	3796542.7772464827	396303.86784850585	1336889.5167815452	190946.8285303809	0.0	398539.56339546345	105266.43920541719	635281.7663158539	959459.0688195447	234676.96982016525	1135580.095988047	10022495.62014246	1073961.6809686748	194262.85758516312	1180981.8529155005	120748.84374966442	133564.34570421698	406571.98517459416	98367.05845604467	430238.6742052881	299551.60800183425	3373147.6169157587	1094453.4499186343	3909117.3811657913	0.0	53659.314901125275	221595.3199107683	221186.41158108605	161420.42339550215	88529.47699832561	0.0	778063.9970723012	1264612.728438815	0.0	362529.12405495724	62278.645833438764	48112.73573743945	436584.32643665996	0.0	8969209.20539554	0.0	81636.74893522641	4947959.442659262	34048.93207761184
HILICZ_negative|IK:RYWDJUUPROVLNV-LXFHESFISA-N	1247491.1285720456	4679402.770189403	1760318.1887126258	410884.10750150355	0.0	0.0	0.0	0.0	1141843.0135328711	0.0	6911518.507874072	0.0	0.0	0.0	3547902.003015108	1716917.3436643167	0.0	0.0	4721374.268549927	0.0	2923278.0771272606	180157.30417228167	335826.85379445954	0.0	0.0	0.0	4975727.448741079	669031.6875640516	0.0	0.0	0.0	0.0	1149650.0519378788	0.0	3151576.2116146903	273575.1064086612	550049.6717883905	0.0	0.0	9420069.799127424	0.0	4229811.060551585	0.0	202448.54537883837	4950215.413000401	633450.8647535103	0.0	10477815.456863396	0.0	3154718.9623079845	0.0	3351630.371324264	253197.39577111753	2299482.496997199	0.0	201407.71156604786	7256279.273142751	2404185.8897756385	298967.24032268237	6260718.836764462	0.0	1809513.3051381551	0.0	0.0	0.0	0.0	219986.7687406922	548355.6385148321	647375.0062120737	741982.6925596583	820486.6159847951	550715.830412632	0.0	775685.1341768125	102659.45511972951	0.0	0.0	102563.54004285869	0.0	0.0	975434.800541253	261944.79377954785	2966654.0176108805	1262763.7829800784	1950335.1012982777	0.0	270034.702678664	0.0	0.0	78633.06875104926	0.0	152710.13814973366	0.0	2745189.3512646058	315787.9958759311	1638291.408508386	0.0	0.0	1065492.8689884075	0.0	4301542.245784588	0.0	0.0	10903827.064519623	0.0
HILICZ_negative|IK:ZBCATMYQYDCTIZ-UHFFFAOYSA-N	0.0	10021267.856661435	0.0	0.0	0.0	0.0	449109.78133702284	0.0	1550303.0599049656	0.0	10112094.151399188	0.0	0.0	2339105.745867284	484883.1032603683	743444.1507177344	0.0	0.0	2413588.6569310436	0.0	3809837.0771771683	322865.73561129026	0.0	0.0	0.0	0.0	6732943.026825909	0.0	0.0	0.0	0.0	0.0	0.0	0.0	3796336.4537961464	0.0	0.0	0.0	138098.8193502091	0.0	0.0	6387344.447471503	0.0	135313.51790741464	4730081.922713993	109285.55479519839	0.0	4743431.801093338	0.0	4048286.4478117186	1129204.6868281339	1803311.4295442991	0.0	7866109.701325432	158750.54273275667	0.0	1642792.4789724357	0.0	0.0	0.0	2806319.402828818	2706993.569788159	0.0	873495.988245889	0.0	0.0	0.0	0.0	282136.5792206824	635776.639557541	246921.45037574318	328722.1526089535	5431913.75352358	730289.3136986943	0.0	0.0	0.0	0.0	378249.28637468815	0.0	0.0	0.0	821632.1100018622	1749918.220799149	3879052.616406792	0.0	0.0	0.0	133620.46849864704	0.0	0.0	236748.50613936075	0.0	2326920.428929569	0.0	0.0	0.0	0.0	0.0	0.0	9990936.675538769	0.0	0.0	3241037.420968681	0.0
HILICZ_negative|IK:KQBFNIVRWYGXRN-QJMXJWGSSA-N	0.0	0.0	0.0	0.0	0.0	0.0	0.0	1560832.2299732126	0.0	0.0	0.0	0.0	0.0	0.0	10149715.415825827	2838237.3622660046	0.0	0.0	5760415.425170127	0.0	2636388.8694662005	0.0	0.0	0.0	0.0	0.0	0.0	0.0	0.0	0.0	0.0	0.0	0.0	0.0	0.0	0.0	0.0	0.0	0.0	0.0	0.0	0.0	0.0	0.0	4022359.243835865	0.0	0.0	0.0	0.0	220031.52894913175	3030354.5265395786	0.0	0.0	0.0	0.0	0.0	8568162.489617163	3636494.861628976	0.0	6095922.81471397	0.0	0.0	0.0	2084478.8493096216	1854954.4572233267	0.0	469178.5877320616	0.0	0.0	0.0	0.0	1837235.5761058943	12300779.141807161	0.0	0.0	0.0	0.0	0.0	0.0	0.0	0.0	0.0	6577449.541917922	0.0	4184652.610487846	0.0	0.0	0.0	0.0	0.0	0.0	0.0	0.0	0.0	0.0	0.0	0.0	0.0	0.0	0.0	0.0	0.0	0.0	8064161.885464656	0.0
C18_positive|IK:CDRPUGZCRXZLFL-UHFFFAOYSA-N	0.0	6857403.11321044	0.0	889930.1679681545	4780730.159561626	0.0	3797528.52464549	1235187.2104767256	4024111.254698695	990876.4413445746	6284450.119971146	0.0	6470707.166231867	0.0	2981860.2634952054	3432807.5675781094	0.0	0.0	6647373.171711772	0.0	0.0	2263833.562683404	0.0	0.0	0.0	0.0	0.0	955450.8062222264	0.0	0.0	0.0	0.0	1254361.430123821	1103834.817684427	0.0	0.0	2553066.3717760146	770069.8757050636	0.0	3439712.3806654536	542548.3830026484	6970779.722525356	0.0	1183760.0041653733	2329889.982927842	0.0	0.0	7229635.474990842	0.0	5414006.695306779	6815371.003180906	0.0	0.0	5736144.108589469	796192.2128212157	1605859.4401716627	4786406.021854235	3545226.476978749	3175433.3177882587	3413271.475720208	4775038.286430094	3448377.937329112	0.0	2180166.8707796326	501546.9200303271	0.0	1175593.5160785115	912836.4798506201	2055803.7258506103	0.0	0.0	1531707.8409889948	3759571.1826001275	0.0	0.0	792398.794739093	0.0	763687.4959368375	1484171.5818415289	0.0	0.0	0.0	4487917.0325564	3615744.685960708	7861141.217682067	0.0	420681.87182104937	0.0	0.0	0.0	693721.0233756853	1977095.3015025703	1987283.4330321646	5410849.451573742	0.0	1954285.8471175053	537054.7221623737	0.0	1858109.5659296808	0.0	4662319.959284899	0.0	0.0	6798922.277903752	0.0
C18_negative|IK:ROJOJPXRGHLGTC-UHFFFAOYSA-N	861128.6886819594	74877.78432358579	53884.54301807771	1523916.4278985036	255098.4196176953	2122192.491960303	4932172.680583289	1392962.3907086183	2463449.666713861	1391555.3932337568	99427.4972995836	808475.1757943851	91493.60258351816	2611076.7003207803	9195762.74460541	5874750.547080163	4455107.006382585	522101.3699136823	1823723.0180844753	477104.477031285	0.0	3484369.5541923107	759941.3643792983	1995548.6164986063	1195616.3975836996	938139.9470319451	1562075.2331962127	2421400.7166956966	3752541.04371006	115505.88815878564	324853.93754513765	135147.05033696897	93051.2086210579	1228548.0974619994	488110.40170502075	906711.4792676896	3405829.413797785	597768.9885511759	1590510.8300375573	1436771.962832895	1524040.8549769074	1621626.173364259	2571492.219201371	1354159.8975319061	1384240.0344680059	102142.47870128562	1342045.798950711	4484732.837929789	353006.0215953559	4124885.3726185663	2076279.226934626	1118071.9859458646	620870.4888810923	814018.9506696294	114188.26645016483	352475.3365785116	3421698.771023395	1433512.451649832	1411977.9689341306	1620278.2415802593	1706808.3577760067	2567801.5369834504	1923579.8808788396	10765457.367900249	2758694.1476811734	84958.31126927205	2259050.056693318	1365007.2441835843	2548384.8635918195	2152773.0490214736	2644105.1615806483	3997369.2498986246	374077.70969256933	222333.40863129773	2406851.982446598	1503962.2854206623	3051280.113793867	364782.42320739175	1801523.0091794836	1908033.7632736687	260647.62985755445	3943999.6531798784	230138.65533876803	15877857.120788181	341239.6622519237	86691.39421859614	2439954.758749243	4407736.7175370725	1931716.35152405	409999.00064392044	1338061.4362331838	4381810.023469444	848997.8708920149	480045.5648157447	1575730.1892483782	86838.67670734834	1127057.2885260084	792896.6418436496	0.0	1619505.091521376	232280.60853761452	1381782.4983523425	991111.2649456895	1538788.4985168641	990147.7219037923
HILICZ_negative|IK:ROJOJPXRGHLGTC-UHFFFAOYSA-N	1265039.2311073833	0.0	0.0	2025677.8581416542	376328.70443741523	1906273.1415830401	7479706.3646378545	1054267.6274609594	3422746.979690686	1603831.8656863524	0.0	1070554.3675464669	0.0	1916738.1758388595	6805800.995505525	5611200.666416853	4779068.421316918	770298.468884415	2284413.9941309695	547129.4406827872	0.0	4360927.67978913	1223802.051536464	2407025.8644237826	1226597.7714869524	1101059.6154543757	1297472.474537518	2302434.6629788433	5488364.527018129	0.0	574196.3139400013	238556.56350638505	0.0	1556262.5013736533	0.0	1233648.4067746988	6903702.713138282	654414.2853527744	2122305.068458901	510171.5682776817	1746400.488305399	1591237.5550544264	2528089.5523039415	1829434.7106807823	1845495.677376435	0.0	1882462.6793431644	4943487.507721571	486094.3877470945	3676932.310898477	1140487.1129551374	1290213.4502548862	827772.1472068749	0.0	0.0	646586.747373082	4910750.505067376	1876446.276091094	1905836.604358025	3433568.1664115055	1952494.4260432268	3025955.4646100556	2509658.2766256877	13124476.860463748	4686772.999118683	125964.82743061671	3401030.388481288	2520254.6278562006	2644368.226223164	2549457.1546307774	2202887.9779012804	5355849.455116714	0.0	0.0	3644947.169489822	898737.258265649	4193813.9684591526	525157.2610689476	2447602.7330517466	2280836.41964695	452382.2109435423	7262883.9545851955	0.0	0.0	0.0	0.0	3658722.5630316413	4779159.453117445	2456797.057089746	421735.072653089	2181768.5376012493	8567650.323488772	1338147.7336464815	0.0	2751643.949456927	0.0	1514655.306669208	1044779.6335053256	0.0	1773777.101663034	0.0	1742470.3661620393	1177249.4133126668	1229464.4262310716	1529745.7949869072
C18_negative|IK:KRKNYBCHXYNGOX-UHFFFAOYSA-N	0.0	12524563.966519035	821406.9251479019	0.0	0.0	0.0	0.0	0.0	0.0	0.0	2265309.207678321	0.0	921822.3641236757	0.0	0.0	0.0	0.0	0.0	0.0	0.0	0.0	0.0	0.0	0.0	0.0	0.0	0.0	0.0	0.0	0.0	0.0	0.0	0.0	0.0	7838240.525827238	0.0	0.0	0.0	0.0	16768527.437506553	0.0	232550.20023943097	0.0	0.0	0.0	0.0	0.0	169073.8819037608	0.0	1874878.6523972799	0.0	0.0	0.0	1212046.4170780336	0.0	0.0	206276.43947766285	0.0	0.0	0.0	0.0	660977.0816054739	0.0	0.0	0.0	0.0	0.0	0.0	0.0	0.0	0.0	0.0	0.0	0.0	0.0	0.0	0.0	0.0	0.0	0.0	0.0	0.0	0.0	84834.9847472376	0.0	0.0	0.0	0.0	0.0	0.0	0.0	0.0	0.0	0.0	0.0	0.0	0.0	0.0	0.0	0.0	2849907.215580747	0.0	0.0	291299.7763249253	0.0
C18_positive|IK:VQTDPCRSXHFMOL-UHFFFAOYSA-N	0.0	2274045.641888095	0.0	230667.0310763119	0.0	624783.4168410073	4645121.588845972	0.0	0.0	0.0	0.0	0.0	1245252.883811294	0.0	6521896.380255964	8341767.278841845	0.0	0.0	1297405.2264573884	0.0	1325429.3138229258	1495793.6615478967	0.0	0.0	0.0	0.0	0.0	0.0	94669.22011529654	0.0	8915152.615178637	0.0	159574.6140726057	473678.6722059394	2670978.381019926	5262485.687083139	0.0	223354.7425583898	0.0	0.0	0.0	0.0	432207.37059082853	9379073.33478614	0.0	300818.8831195236	0.0	4910462.09220437	0.0	0.0	805302.3084943289	0.0	0.0	0.0	7019730.343195499	147983.94345878073	274784.04391139734	0.0	0.0	0.0	0.0	0.0	0.0	2798970.4772282834	0.0	0.0	4165323.070289518	3506372.266382338	0.0	0.0	633263.8306778673	7844172.889614946	308460.78013281536	0.0	0.0	0.0	1307140.1983501308	0.0	105773.0569172577	0.0	0.0	0.0	0.0	330379.3995611066	663026.4931825254	0.0	0.0	0.0	0.0	7965471.328320824	0.0	1015033.5670507917	0.0	0.0	0.0	0.0	0.0	0.0	431791.6898483039	309490.75834470976	0.0	0.0	0.0	0.0	0.0
HILICZ_negative|IK:WHUUTDBJXJRKMK-VKHMYHEASA-N	253834.21828899143	6884698.143318571	1690751.7778618636	275573.9156471566	241126.2555521282	288382.6447342932	335248.91854476155	361753.45188558195	461757.66156850103	232840.44091866547	5760276.119387416	212174.22607494862	151826.02897281933	485956.04895347456	364509.6818893326	593937.8186462972	243490.89453208444	293734.0665031222	566141.3536603004	275005.8584321886	802869.4156825899	278891.9525599627	237528.1701460184	238702.14272795667	285171.7942548767	245151.02134507886	607081.0822080362	284542.48991385114	268122.5741121771	258449.03713065386	304994.5508944994	275377.8948374469	272808.0025438105	318542.91136626893	4738611.304982721	272800.5834773485	577801.3764337448	280668.3725437557	274935.59840944386	20311406.143899623	265887.10720492527	551133.1139753457	285307.85337420536	285167.0863959865	467157.3650644359	322153.5413627773	271581.30894568586	485774.3088960571	197306.44305231763	1634960.9490765356	396611.29387177626	304918.1926902538	268977.0826659499	1129425.3649855694	316558.41714685754	264622.9793573768	600257.3305239221	311777.1590421387	303056.1220657901	262427.6076119396	283766.07344570773	1230918.007957483	229575.7687775791	303443.72496352275	273785.4236982835	276650.43756072206	235023.01073123876	0.0	317057.7306974379	233972.05071383328	299632.7615607754	307942.3170615282	996438.4373507856	572816.0483002064	220851.6520467028	370104.48970304447	294926.4852153065	238149.9786893053	263198.23687354435	262288.1766044423	215135.6037096535	263434.56710758846	276547.18367771787	408402.1082087682	453321.8878885883	190626.00957683142	216930.59118896734	266489.61917267	203939.48332217	326596.356122129	270180.02575291705	335504.9521002024	294597.338814251	267478.26572971063	248102.5979976802	292164.1145358237	222819.29373001299	221385.08900016558	292381.5843546844	272090.7965625825	2057757.4526339266	264621.74929580407	244416.04823784513	689184.5097346834	215525.52101925004
HILICZ_positive|IK:ZTNYRNGTBAGYIZ-QXMHVHEDSA-N	0.0	788593.7909158769	346659.17006909364	311299.8357988277	0.0	0.0	471533.88335170114	0.0	1259826.9270536166	0.0	1517501.496647426	0.0	0.0	0.0	0.0	0.0	0.0	0.0	816227.4108743635	0.0	879907.1092513573	0.0	0.0	0.0	0.0	0.0	3907226.121219218	0.0	0.0	0.0	0.0	0.0	547198.035782447	0.0	11518912.16685928	0.0	0.0	0.0	0.0	0.0	0.0	5937998.714407985	0.0	308569.2525556766	3078816.441869984	0.0	0.0	11057113.31615756	0.0	770533.4609306757	0.0	444321.2621464395	0.0	13544313.046885723	0.0	0.0	0.0	0.0	0.0	743890.236602466	0.0	0.0	0.0	0.0	0.0	0.0	0.0	0.0	0.0	0.0	0.0	0.0	0.0	0.0	0.0	0.0	0.0	0.0	0.0	0.0	0.0	0.0	0.0	0.0	2184938.99584956	0.0	0.0	0.0	0.0	0.0	0.0	0.0	675610.7970277133	0.0	0.0	341302.447356778	0.0	0.0	351443.9125701161	0.0	2420474.5216971687	0.0	0.0	524934.8164524253	0.0
C18_negative|IK:DLRVVLDZNNYCBX-ABXHMFFYSA-N	0.0	0.0	0.0	0.0	0.0	4045253.697369405	0.0	0.0	0.0	0.0	0.0	0.0	0.0	0.0	0.0	0.0	0.0	0.0	0.0	0.0	0.0	0.0	0.0	0.0	0.0	0.0	0.0	6927658.9875228545	0.0	0.0	4613003.650676488	0.0	0.0	0.0	0.0	0.0	0.0	0.0	0.0	0.0	0.0	12351848.98343876	0.0	0.0	0.0	0.0	1277135.7570140911	0.0	2867878.7131667514	0.0	0.0	0.0	0.0	0.0	0.0	0.0	0.0	0.0	0.0	0.0	0.0	0.0	2535369.0512511707	0.0	0.0	0.0	1009774.9083847497	0.0	0.0	0.0	0.0	0.0	0.0	0.0	0.0	0.0	0.0	0.0	0.0	0.0	0.0	6056161.942752539	0.0	0.0	0.0	0.0	0.0	8630812.389913028	4449097.679784787	0.0	2014666.0078483887	0.0	0.0	0.0	0.0	0.0	3437779.2586925547	3755489.35067847	0.0	0.0	9993804.298092442	2541444.790312065	0.0	0.0	2007960.9464743244
HILICZ_positive|IK:RYVGWQDLAVSRHO-UHFFFAOYSA-N	12314662.062775858	0.0	4159241.0459090066	0.0	1337550.0701890513	0.0	0.0	0.0	0.0	0.0	0.0	0.0	0.0	0.0	0.0	0.0	0.0	0.0	0.0	0.0	0.0	0.0	0.0	0.0	0.0	0.0	7459488.378682548	0.0	0.0	0.0	0.0	0.0	0.0	0.0	0.0	0.0	0.0	0.0	0.0	0.0	0.0	0.0	0.0	0.0	0.0	0.0	0.0	0.0	0.0	0.0	0.0	3856845.6626719465	0.0	2184588.5581184495	0.0	0.0	0.0	0.0	0.0	0.0	7597299.048182665	816747.7536165236	0.0	0.0	0.0	0.0	0.0	0.0	0.0	1491426.6864048021	0.0	0.0	0.0	11784948.755866919	0.0	0.0	0.0	0.0	0.0	0.0	6402644.253704516	0.0	0.0	0.0	0.0	0.0	0.0	0.0	0.0	0.0	0.0	0.0	0.0	0.0	0.0	0.0	0.0	0.0	0.0	0.0	3043856.732522274	0.0	0.0	0.0	461021.22204242117
HILICZ_negative|IK:IAVREABSGIHHMO-UHFFFAOYSA-N	0.0	0.0	0.0	1124463.4973902537	274638.4441073002	3210823.1929747476	2407531.3048266754	1218686.698163364	1746554.0850282612	815773.4783816788	1935522.630496861	461696.53910725954	0.0	0.0	2203936.2623206987	2162134.359623434	2572594.2975071655	408205.90514986945	2555259.5937077985	795313.8087815042	3083388.461987882	2059013.401504093	1138861.1977221807	2385247.8284504605	1657708.6532007197	711970.3035183995	0.0	1794374.586191	2678215.0751056075	641310.6396801632	1365540.154297455	863587.0063842983	0.0	2353303.0389008946	0.0	1090828.994210274	2179559.184208439	1631979.454494475	1532431.969680805	0.0	916637.9644735454	5037981.315790834	2064186.0007792104	1041356.5819800787	10246644.110889332	0.0	1116592.2788285615	4892235.763553074	0.0	0.0	0.0	1729653.3507143538	509249.70464815653	11195851.42399324	0.0	3089118.7872452587	0.0	0.0	1850955.0999805292	0.0	6885503.707520878	0.0	1658252.4544638582	0.0	3651869.0820218325	396084.9247311946	1805684.9545315623	926494.3213492366	3181151.024369916	897629.4471526002	2101387.813538323	2533000.573784282	0.0	0.0	976545.9841571224	1331607.8437655405	2346374.6320483075	0.0	1103643.5961619632	1617128.2482817464	2104122.105248332	1687241.3530780664	2411889.6954635386	0.0	10860295.57899911	0.0	351698.4353992934	2883752.0207989877	991828.8722096848	324214.97123528615	1894768.0003592088	1775662.0104154935	1096856.6698495897	7821466.00516058	624627.8700864996	0.0	1268860.097818524	593554.1590324343	1874775.394407004	1576571.4758660584	0.0	1032347.4225777752	543758.7567647026	2455929.6402677554	496303.8178442494
C18_positive|IK:KZSNJWFQEVHDMF-BYPYZUCNSA-N	0.0	14038040.334337132	918272.8233316144	0.0	0.0	0.0	0.0	0.0	551879.1645620328	0.0	5209408.42879364	0.0	2252462.58056666	1967629.352018154	0.0	5388521.190571417	0.0	0.0	1720345.19522898	0.0	1515233.1828455157	0.0	0.0	0.0	0.0	0.0	2304268.3225625413	0.0	0.0	0.0	0.0	0.0	0.0	0.0	3448482.740431155	0.0	384584.34663138905	0.0	0.0	12398119.290295804	0.0	1923334.9336168794	0.0	0.0	1072138.4629042968	0.0	0.0	1160394.404266038	0.0	5402044.100784239	0.0	941087.9456283384	0.0	1350651.0280577315	0.0	0.0	1982819.4344020144	0.0	0.0	0.0	865647.3599985519	1325618.3272464708	0.0	2065514.5182611183	0.0	0.0	0.0	0.0	0.0	997350.2469572027	0.0	0.0	0.0	1724232.6922990587	0.0	0.0	0.0	0.0	0.0	0.0	0.0	0.0	0.0	0.0	0.0	0.0	0.0	0.0	0.0	0.0	0.0	0.0	0.0	0.0	0.0	0.0	0.0	0.0	0.0	0.0	2349568.351049004	0.0	0.0	2619392.072465583	0.0
HILICZ_negative|IK:DCXYFEDJOCDNAF-REOHCLBHSA-N	0.0	3440227.9233277263	1084766.8977605102	0.0	0.0	0.0	719981.7506996485	0.0	566839.9261958522	0.0	0.0	0.0	0.0	0.0	0.0	0.0	0.0	0.0	754605.0342933466	0.0	2104858.37011248	0.0	0.0	0.0	0.0	0.0	1248868.038862224	0.0	0.0	0.0	0.0	0.0	0.0	0.0	1681093.9572458228	0.0	498072.34968766605	0.0	0.0	20482826.930998754	580798.2001200528	601868.6823551367	0.0	0.0	0.0	0.0	0.0	0.0	0.0	0.0	233373.23877860955	0.0	0.0	440028.7891683206	0.0	0.0	0.0	0.0	0.0	0.0	0.0	684750.507084863	0.0	0.0	0.0	0.0	0.0	0.0	0.0	0.0	0.0	0.0	0.0	1201730.1709180218	0.0	0.0	0.0	0.0	0.0	0.0	0.0	0.0	0.0	0.0	0.0	0.0	0.0	0.0	0.0	0.0	0.0	0.0	0.0	0.0	0.0	0.0	0.0	0.0	0.0	0.0	0.0	0.0	0.0	0.0	0.0
HILICZ_positive|IK:CKTSBUTUHBMZGZ-SHYZEUOFSA-N	1033585.5827064307	0.0	736082.9446986162	0.0	1411571.5410215105	1068493.38433749	1416160.248126747	666482.7171800591	0.0	941047.3260137567	13104124.944756722	347894.0353933184	0.0	0.0	796641.8140286647	1820516.7406326178	0.0	0.0	2181987.77862616	0.0	5160028.664615411	801880.6904297903	0.0	457992.10196852835	689577.7821351787	0.0	12161824.925757084	330665.8556168891	743041.1852039999	0.0	0.0	0.0	0.0	936580.8174136952	1187706.814229512	1139269.8652343894	4156877.6743444595	1460005.4365728123	447530.81522337254	4249023.0483064465	0.0	3005013.985291197	841400.0892289921	489210.94743373187	5548180.514330037	474317.501887739	148353.9828534167	3717522.659491156	0.0	3920838.800162676	0.0	1090593.0030712297	883962.2704468885	1061294.8996783174	0.0	0.0	2701632.437315621	0.0	1254826.2956579467	0.0	0.0	0.0	0.0	0.0	0.0	0.0	0.0	297405.0137380351	570120.689847371	481400.87378947495	1546150.2319086844	2333178.816638999	1569271.9450915945	3373008.4846845446	589253.9115498892	370886.66575480445	398491.80597577454	0.0	2349768.5707424614	256573.96515888756	0.0	0.0	0.0	0.0	0.0	0.0	0.0	0.0	703344.7778090112	1027185.6269440445	0.0	461743.16088786913	399117.95557388535	0.0	0.0	0.0	385404.7350074559	0.0	0.0	279315.4078871709	0.0	0.0	323307.6330200057	4415924.423057133	338406.9904471984
HILICZ_positive|IK:HDTRYLNUVZCQOY-LIZSDCNHSA-N	0.0	4181359.85094041	320959.2150239946	1917034.0442824687	0.0	1131460.220352295	432034.76277196384	941554.8138449412	0.0	451570.1483517096	2688230.858921882	0.0	0.0	0.0	908872.2564117147	539439.8711150809	0.0	1657258.6865625794	0.0	1539194.7696499217	0.0	750912.4514156622	302935.69051396544	470558.89994088636	473134.05100597907	373546.92458907893	3147568.06190402	359895.87812738534	3016223.965045079	978886.1048895099	1618407.98848014	767909.7860951574	0.0	311585.97283303214	0.0	0.0	191591.678132333	463230.05911546113	1800249.8630009321	0.0	469877.2860758137	0.0	728977.7574251854	1598093.758818901	598216.1264462662	1025665.4402635243	762342.3070416603	6144105.6025582	1440586.6733145863	0.0	6137000.692834282	0.0	218405.30045949665	0.0	1252522.0784580933	677962.6559838355	0.0	0.0	1633333.7303981814	2106427.7421462373	1020455.6884706912	4795218.293092807	0.0	494774.95676951815	570959.8658500916	488052.8080512282	218180.19719749686	678811.3604618347	767480.9303199719	0.0	0.0	1004294.553044447	1764043.0081375993	0.0	309778.9094070723	2897479.1007342357	291634.38495932124	0.0	323175.734192893	1965516.231365824	623887.8616018319	669728.0841152597	383008.19066727697	483432.28617396933	17277791.252520524	0.0	0.0	0.0	2749455.313732002	900197.091333687	995534.7146080974	1350080.3861910708	1283350.7773647634	616928.7312598489	144402.8427283708	568346.7856870099	0.0	2193817.4147964325	1072125.6021400476	1852329.6082277868	0.0	1265233.4831665012	0.0	4014456.7406873708	0.0
HILICZ_positive|IK:SIOXPEMLGUPBBT-UHFFFAOYSA-N	0.0	7197521.968345448	722230.640709598	0.0	0.0	0.0	0.0	0.0	0.0	0.0	1385688.3792385932	0.0	0.0	0.0	0.0	308767.5365317572	0.0	0.0	564893.2051207839	0.0	953018.0522387257	0.0	0.0	0.0	0.0	0.0	3535755.173403857	0.0	0.0	0.0	0.0	0.0	0.0	0.0	2526656.6116980347	0.0	0.0	0.0	0.0	8369647.776186015	0.0	5798781.901982844	0.0	0.0	6198445.57840639	0.0	0.0	4619594.443311323	0.0	2987886.8259561528	0.0	0.0	0.0	2623156.7017730176	0.0	0.0	0.0	0.0	0.0	339344.1737417557	630241.2022914948	0.0	0.0	195036.28812661025	0.0	0.0	0.0	0.0	0.0	0.0	0.0	0.0	0.0	684418.0917550926	0.0	352578.4397347887	0.0	0.0	0.0	0.0	0.0	0.0	0.0	0.0	1029586.5408437316	0.0	0.0	0.0	0.0	0.0	0.0	0.0	0.0	0.0	0.0	0.0	0.0	0.0	0.0	0.0	13218477.64740304	0.0	0.0	878438.8785682641	0.0
HILICZ_negative|IK:CDRPUGZCRXZLFL-UHFFFAOYSA-N	0.0	0.0	0.0	205332.5159510095	0.0	0.0	1388786.1546707887	388596.2877298587	3509012.582744094	0.0	3384129.94538307	0.0	0.0	0.0	0.0	568939.5933410894	0.0	0.0	5410459.761418342	0.0	764639.8227625475	320288.97366765124	0.0	0.0	0.0	0.0	5741163.247883271	0.0	0.0	444493.30966028536	0.0	0.0	8882126.596771177	440876.39387429884	1537020.3896858704	334228.1639644711	5246353.303306799	263012.920308466	475307.48529202765	4779393.617506861	0.0	6953726.222411156	0.0	0.0	7174772.415963022	0.0	0.0	4615760.59219932	0.0	3000520.643102683	664360.2337668244	0.0	0.0	0.0	0.0	3010424.7940036245	1294660.2838743336	284923.85493625706	1809139.3592640457	3453962.7034437656	0.0	0.0	0.0	0.0	0.0	0.0	273310.77136141044	894773.9238485828	528682.7803480404	0.0	605469.2233124074	930329.2631274619	1997610.723606403	0.0	0.0	0.0	0.0	0.0	1322779.5907830226	249268.85807902314	0.0	0.0	0.0	0.0	3980763.7451901445	0.0	0.0	0.0	0.0	0.0	344989.48549588653	0.0	0.0	730357.2955109855	0.0	1934469.371985065	0.0	0.0	0.0	0.0	8063525.820753902	0.0	0.0	3729325.5840516076	0.0
C18_positive|IK:HHSKNLJWHGXWPK-BFMVXSJESA-N	1391674.7097670746	0.0	1969014.7487694002	441942.5911744941	1385170.5687134562	252236.56263451293	0.0	705952.381119981	2083623.6986768823	418667.1974232014	4063336.5003702664	43753.59638537932	5086908.454413425	1916460.2422134613	902688.657290593	1337971.3523051145	145221.6522517168	26295.272846756518	0.0	153536.19748776229	4807592.21492278	825620.8057773414	582994.8960565553	34652.25252641357	34398.071830018445	30197.485825262986	5280596.381128339	151947.53075397384	43948.645798821046	104687.92110014151	0.0	36821.820563411384	1003045.0579669987	734425.0597050394	7155064.5199206425	332348.3828204016	1215138.6224745798	246378.05703500676	196403.71467412458	7404237.58472228	247803.84182800367	6627580.528406633	32216.684203460787	333305.309977208	4188498.081676362	0.0	0.0	4179337.9157819683	0.0	6143889.444388629	2712899.864808261	2657066.6558674434	101716.74055069103	0.0	340237.17802015616	219536.62087763488	2451928.319028539	0.0	1746696.059200023	1553836.2487285133	3167067.757899284	5472696.850933328	282628.6114348247	1137309.2966220523	131622.98853122408	0.0	713480.6147130432	478215.9443034456	927859.0249655091	1210742.649220626	179897.77171247458	598480.6950185857	7794522.846153264	1458147.661313474	665429.6378350859	476450.0616055955	148440.4068378058	599801.4156606568	1002435.7988511997	228959.3385362919	669200.034726635	410963.5262912926	2184187.5383177996	1405561.5157431955	4217649.911939027	307902.0142381855	135823.51376710852	319955.8930855358	467870.58874681254	258410.21486882106	712124.4015199075	1133529.3378499977	519845.40725386085	2683450.2346531358	226750.87774139273	1098158.4451311843	567524.1916433352	37104.382479429325	653362.8672326494	79434.68419636138	7145466.414249676	44786.0580116138	200965.87509631395	3480082.680768807	36644.06859554726
HILICZ_positive|IK:FORFDCPQKJHEBF-VPUSDGANSA-N	1982215.0784062087	0.0	0.0	0.0	0.0	0.0	0.0	0.0	0.0	0.0	7895914.203742207	0.0	0.0	4447635.556281516	0.0	3190443.1192363957	0.0	1261060.8874571135	4125302.022882509	0.0	5601528.793333781	0.0	1403446.117170595	0.0	0.0	0.0	5543787.377310847	0.0	0.0	0.0	0.0	0.0	0.0	0.0	10246586.257207265	0.0	2088297.0105494696	0.0	0.0	0.0	0.0	0.0	0.0	0.0	2062910.2585571439	0.0	0.0	5812815.3162369765	0.0	6355348.135050081	0.0	2727424.1712539624	0.0	0.0	0.0	0.0	5456913.050236771	0.0	0.0	0.0	2943993.9311668384	0.0	1718510.3920621916	0.0	0.0	0.0	0.0	0.0	0.0	0.0	1116113.090381235	1795326.8599122302	3228587.6980364276	4615912.011298753	0.0	973898.7119647877	0.0	900056.6449477011	1788980.553046354	0.0	0.0	1696315.9217396711	0.0	1740267.4712422758	0.0	529437.0805170238	0.0	0.0	1419606.4717783555	0.0	1089919.4516539848	0.0	0.0	0.0	0.0	0.0	1114892.775706522	0.0	0.0	1401218.5566351647	0.0	0.0	0.0	0.0	0.0
HILICZ_positive|IK:GHOKWGTUZJEAQD-UHFFFAOYSA-N	0.0	0.0	0.0	0.0	0.0	0.0	0.0	0.0	0.0	0.0	10077720.469026664	0.0	0.0	1272151.8921497562	0.0	1203282.5053143646	0.0	0.0	0.0	0.0	2023715.8990432112	0.0	0.0	0.0	0.0	0.0	1880108.821886555	0.0	0.0	0.0	0.0	0.0	0.0	0.0	0.0	0.0	0.0	0.0	0.0	0.0	0.0	0.0	0.0	0.0	0.0	0.0	0.0	1870485.4969060607	0.0	3910157.676291902	0.0	0.0	0.0	0.0	0.0	0.0	0.0	0.0	0.0	0.0	0.0	627875.9891681906	0.0	2514083.3252272015	0.0	0.0	0.0	0.0	0.0	0.0	0.0	0.0	3208550.262584395	985820.9858878289	0.0	11449666.551601745	0.0	0.0	0.0	0.0	0.0	0.0	0.0	0.0	1656686.5531363643	0.0	0.0	0.0	0.0	0.0	0.0	0.0	0.0	0.0	0.0	0.0	0.0	0.0	0.0	0.0	9829739.306553017	0.0	0.0	4316181.796545216	0.0
HILICZ_negative|IK:GCFBQCLCBDJAGR-UHFFFAOYSA-N	0.0	0.0	0.0	0.0	0.0	0.0	0.0	0.0	0.0	0.0	547876.8397545753	0.0	0.0	0.0	0.0	0.0	0.0	0.0	1609479.1225497006	0.0	0.0	0.0	0.0	0.0	0.0	0.0	0.0	0.0	0.0	0.0	0.0	0.0	0.0	0.0	18154111.417602956	0.0	0.0	0.0	0.0	3284629.136575588	0.0	4108898.247704812	0.0	0.0	0.0	0.0	0.0	1431473.5848356418	0.0	739010.3020988271	0.0	0.0	0.0	0.0	2909570.561738299	0.0	0.0	0.0	0.0	0.0	0.0	0.0	0.0	478188.03941988695	0.0	0.0	0.0	0.0	0.0	0.0	0.0	0.0	0.0	0.0	0.0	0.0	0.0	0.0	0.0	0.0	0.0	0.0	382250.12034777296	1541779.3999213823	0.0	0.0	0.0	0.0	0.0	0.0	0.0	0.0	0.0	0.0	0.0	0.0	0.0	0.0	0.0	0.0	0.0	0.0	0.0	907189.0319562025	0.0
HILICZ_negative|IK:WJAOHEPEBANKEO-UHFFFAOYSA-N	0.0	0.0	0.0	1292695.982267459	0.0	1384787.8070734094	4216004.420144976	699210.4989094392	2189019.3719656467	599120.092577111	0.0	515204.5669589165	0.0	769712.0290889912	0.0	2488652.561474281	1530440.3986836304	225600.73920939676	491775.27002430713	0.0	0.0	2126167.9145434718	128382.9906048207	1394236.3391993898	614124.5325104628	344683.666209089	522196.3551538361	954183.8551142679	4093039.082182025	0.0	0.0	0.0	0.0	997968.0138883892	0.0	584061.8093689854	1500304.208265407	252479.33179482401	958428.9375722427	0.0	990584.9520514625	0.0	1390417.9899751262	876211.9704889939	440270.6743060948	0.0	1370350.3629368532	2890086.6109369076	0.0	913181.7447402165	712605.5318310559	400284.8019420891	450157.15445863653	0.0	0.0	202678.87905861778	1541238.249559586	663449.749006455	833525.1271429813	2511558.6616866887	857015.6575208042	912893.0343372687	946793.8115703212	12519475.362891564	2441679.1015750957	0.0	2373108.1036981544	740877.2713289021	1487115.064128279	832310.6811586039	1428579.4819818689	2476435.3095601853	0.0	173294.8401074807	1661063.8529946834	746612.6333078309	1879007.9832540387	209636.55273337243	1200355.4094230789	1453125.8630845537	0.0	2463266.7006493304	0.0	12041308.31466109	0.0	0.0	1227436.7841115752	3263773.9900292666	1465824.1877010083	0.0	1742727.62692812	5495849.950131988	616942.82657781	0.0	1344021.315426743	0.0	667050.4531155439	663659.63855277	0.0	837865.3235882684	0.0	749275.1584850826	528628.7671220578	0.0	624366.2216119544
HILICZ_negative|IK:BJRNKVDFDLYUGJ-RMPHRYRLSA-N	1755432.1832139394	3195922.4720652034	0.0	0.0	0.0	0.0	0.0	0.0	0.0	0.0	2030457.1748055352	0.0	0.0	0.0	0.0	0.0	0.0	0.0	4407704.992520188	0.0	263154.9667093755	0.0	0.0	0.0	0.0	0.0	0.0	0.0	0.0	0.0	416344.3560906595	0.0	0.0	0.0	0.0	0.0	0.0	0.0	0.0	0.0	0.0	13033332.153688539	0.0	0.0	9432132.40560927	0.0	0.0	0.0	0.0	0.0	0.0	0.0	0.0	274151.2552475936	0.0	0.0	0.0	0.0	0.0	0.0	0.0	0.0	0.0	0.0	0.0	0.0	0.0	0.0	0.0	0.0	0.0	0.0	0.0	0.0	0.0	0.0	0.0	0.0	0.0	0.0	0.0	0.0	0.0	0.0	7907707.225977281	0.0	0.0	0.0	0.0	0.0	0.0	0.0	0.0	2857517.4499445865	0.0	0.0	0.0	0.0	0.0	0.0	472440.07596849615	0.0	0.0	0.0	0.0
HILICZ_positive|IK:WKOLLVMJNQIZCI-UHFFFAOYSA-N	0.0	0.0	1251833.3473493976	212231.68085251603	131901.75098508413	174980.6948605544	240790.09185904337	0.0	1799724.6593874965	531789.7117706665	0.0	0.0	0.0	0.0	0.0	0.0	0.0	150590.09807631868	1389776.1937748466	320354.2442298489	1271488.6660604458	343641.6605578838	276367.2196853515	0.0	0.0	0.0	1440763.311932305	0.0	0.0	199627.07246532812	0.0	0.0	309751.7913671974	473244.67600248486	2857201.70057602	0.0	462302.9362143272	395125.2523544178	224467.90894517303	0.0	0.0	6126252.646795692	0.0	476162.5069265821	10710203.334435137	138300.22364374186	0.0	1352313.902893062	0.0	2146598.311741118	857246.1221978219	1701039.819071735	0.0	12640364.888057966	385258.8375556724	852845.4631281539	0.0	804815.5804913183	749950.521743954	838083.3734476633	1424377.6564800176	152078.7687578666	980346.5512938482	219018.6059078509	191110.25968202148	0.0	0.0	0.0	0.0	490340.1792083942	175323.83606710605	668829.2681662132	0.0	3376879.604673373	0.0	0.0	0.0	571854.5160787364	438747.3244867808	107087.78915689039	902787.2683302176	359807.45496543066	0.0	0.0	0.0	327355.47439982265	0.0	0.0	480958.34040548356	151819.4746144753	0.0	256854.58526404412	0.0	0.0	0.0	1480986.3878418268	0.0	0.0	523099.9447415793	0.0	984141.7989616712	0.0	0.0	1214482.304531658	0.0
HILICZ_positive|IK:RGHMISIYKIHAJW-UHFFFAOYSA-N	3574426.4926993134	1815285.574132451	3009776.543129436	1999336.5094262632	873481.011548688	1949923.9179231494	4467674.906072725	1740834.9803027185	7670128.319546317	3464749.6614040174	4629759.627250674	785018.0593838696	0.0	3559395.9719559355	2717831.8678037114	4059772.91890043	727916.0887289706	451897.4106758722	6980881.53264749	1380959.148412452	6148817.263974101	4005474.0133207035	3070849.0815582215	512950.89830289036	301905.7167242455	489091.1049610194	5850566.000500505	1901530.7504242694	987455.3096107374	1328012.239641171	518948.1959564274	604721.547408316	2882721.883741931	2109486.037745724	4841719.317311977	1318195.1902182053	4196373.473452308	2728488.901872679	1619492.9063917603	4291663.641669237	1133485.3365888323	6730149.854621474	344065.61744671874	2545351.3012106703	3740617.596644774	1711441.6135936424	394971.07703888975	5361368.82497827	311096.5681462355	5295835.056404829	4587070.440473261	5358097.8822542885	1283798.907249338	4703489.335093383	1445120.0992726458	3631561.7479932774	4906387.8138617305	4508254.751081108	3460518.6502743685	3632780.66758293	4000223.860996055	3188364.8956349893	2649421.6762120025	2542744.0918189455	1543306.8067788444	239578.96731853028	2065304.2596737866	1650815.9314041394	2530856.1877802936	4752840.002447948	2737360.1492549637	3148297.8272592546	4375781.774780784	5672100.807196361	3981535.978673354	1284157.7753728167	719840.673325442	2396108.103701495	3174077.925716665	1764302.5096621981	3747479.664274429	3020543.153186557	4687626.740582634	2446057.3408409646	4713967.975783794	1569252.088254733	1965186.0353379506	806512.815011103	2724878.551686756	1034409.3503539636	1367573.924483318	1677906.283912637	3647738.7540750057	5009080.775849259	1309984.4690222775	2990706.6160433497	1525475.5077296344	255509.95989955714	1849112.1243405808	753664.5209639273	3364799.655418779	319908.34142525593	820141.5441678393	4142374.355169795	624559.4011622792
HILICZ_negative|IK:MUPFEKGTMRGPLJ-BQCSWRFHSA-N	0.0	0.0	1673382.3649521186	0.0	0.0	0.0	0.0	0.0	0.0	329495.97800499364	0.0	148208.96927784855	0.0	643855.5416903195	0.0	0.0	0.0	0.0	0.0	0.0	0.0	0.0	0.0	0.0	0.0	0.0	4220160.786747216	0.0	0.0	0.0	0.0	0.0	0.0	0.0	0.0	0.0	0.0	0.0	0.0	0.0	206062.4575881473	2353707.844693427	0.0	0.0	0.0	0.0	0.0	0.0	0.0	0.0	0.0	1665983.815968157	0.0	8835905.460971836	0.0	0.0	0.0	0.0	0.0	0.0	1971066.0596122148	4785245.910325756	0.0	0.0	0.0	0.0	0.0	0.0	0.0	671495.7551097563	0.0	0.0	0.0	0.0	326605.6183331777	0.0	0.0	0.0	0.0	0.0	569626.0303368559	0.0	0.0	0.0	0.0	0.0	0.0	0.0	758103.1278676455	0.0	0.0	0.0	0.0	0.0	0.0	0.0	216920.2507495209	345078.31307545275	0.0	0.0	14098229.572664728	0.0	274396.0987883044	0.0	195876.67127945327
C18_negative|IK:KHQBUXVQVFVJTF-UHFFFAOYSA-N	160451.6473545863	0.0	36764.91744154714	255401.22139678223	0.0	205694.40068146633	684703.0380127768	228255.53568307692	714005.8228089293	199646.36087670966	0.0	71406.65572303074	182653.52382289662	362184.3187918685	5397864.720717477	1874975.1278919526	491017.41440243047	36609.50984593472	273162.77776202554	27447.38046871824	0.0	378659.08398539893	28037.079331115143	317683.5111555565	159445.35935461806	75241.25611619075	485186.4117586717	144139.67398482477	783940.4873446302	0.0	0.0	0.0	0.0	153703.78940342227	124711.81847006796	107746.08479298875	216103.2798973265	61003.75882006389	240964.76029923928	204890.90369024302	269044.34547328233	195236.0307794042	457612.1859195707	215494.11972299207	160809.06440944195	0.0	221763.31837811854	1416881.2537158504	0.0	651073.053824078	560508.563956073	68686.18400988827	67882.25398902314	80241.65227136685	0.0	0.0	380643.8301865944	98783.98684807123	292618.25116379524	314184.52205041994	232917.94526403688	337887.12788142636	49825.99457351493	5130247.3609404415	163165.44958373805	0.0	219730.05534626465	130700.73586092328	458077.90024841606	296585.6426747066	574811.7815872431	509105.5321651842	85124.86854093744	35064.12575280204	205561.17898655153	64606.786565463284	326730.9031531202	66883.160089294	286552.01368450036	373950.84152711974	0.0	638071.7300034313	51392.528021153754	16290127.381620564	127945.03877181478	0.0	435701.9683770024	987802.1271340527	447655.7037983307	0.0	149451.0957668518	1794369.71308794	88160.03850563435	81909.24419956797	255702.62472312438	0.0	108128.21381628016	206826.6356747177	27912.98389529809	119966.66096133924	0.0	149299.7007085261	131036.99737600729	225068.3699332094	76499.52813276267
C18_positive|IK:KKVZAVRSVHUSPL-GQCTYLIASA-N	0.0	0.0	4570906.007281653	0.0	165687.9322284163	0.0	0.0	0.0	0.0	0.0	0.0	2752929.5039915787	0.0	0.0	0.0	0.0	0.0	0.0	0.0	0.0	0.0	0.0	448045.1222359242	0.0	0.0	0.0	185824.36744103592	0.0	0.0	0.0	0.0	0.0	0.0	0.0	0.0	0.0	0.0	0.0	0.0	0.0	120171.76497961581	0.0	0.0	0.0	0.0	0.0	0.0	0.0	2160463.454697634	0.0	0.0	172436.08188186603	0.0	273889.94580083736	0.0	0.0	0.0	0.0	0.0	0.0	0.0	0.0	0.0	0.0	0.0	0.0	0.0	0.0	0.0	193562.78428988165	0.0	0.0	0.0	0.0	1074607.0521140844	0.0	0.0	0.0	0.0	0.0	74367.94557036467	0.0	0.0	0.0	0.0	0.0	8677946.161664808	0.0	6857304.467296701	0.0	0.0	0.0	0.0	0.0	0.0	0.0	0.0	0.0	0.0	0.0	0.0	0.0	12756578.506545324	0.0	0.0
HILICZ_positive|IK:KQBFNIVRWYGXRN-QJMXJWGSSA-N	2240350.137598822	0.0	1483304.8226338925	0.0	0.0	0.0	0.0	1150520.6279626926	0.0	0.0	0.0	0.0	0.0	0.0	0.0	2690671.2759373807	0.0	0.0	4950270.295200963	0.0	1931223.7010527572	0.0	0.0	0.0	0.0	0.0	4564525.117887468	1054497.4784217891	0.0	0.0	0.0	0.0	0.0	0.0	0.0	0.0	0.0	0.0	298798.6778064477	4164381.7716355165	194215.141675394	0.0	0.0	0.0	3467586.382052231	749557.9397908476	0.0	0.0	0.0	2409153.2712324164	1829701.3140569031	6849184.376142413	0.0	1151645.46471571	0.0	0.0	0.0	2523709.742751944	0.0	5396160.988445219	1883736.7842037575	848569.926854212	552064.0382464534	0.0	0.0	0.0	0.0	0.0	0.0	0.0	473199.1120208304	0.0	8187787.502749044	0.0	0.0	771272.8317990601	0.0	0.0	0.0	0.0	455772.17431995185	0.0	0.0	0.0	0.0	0.0	295819.36176644923	0.0	0.0	0.0	0.0	0.0	0.0	1367928.7618098895	0.0	0.0	171765.96015862154	104666.22774469016	0.0	0.0	1730760.1307071848	0.0	0.0	9279146.99157918	0.0
HILICZ_negative|IK:DLIKSSGEMUFQOK-UHFFFAOYSA-N	1640108.54961919	0.0	0.0	0.0	0.0	0.0	408306.2281050772	1616265.0123486079	1161042.7208915157	0.0	1689354.9578390783	0.0	0.0	635017.127414086	127875.31395114603	185455.2002685711	0.0	0.0	4133224.067899104	0.0	0.0	0.0	0.0	0.0	0.0	0.0	3469081.379635873	780280.0674781108	0.0	0.0	0.0	0.0	469867.08571399725	0.0	4433525.089522214	552550.04584412	664681.0883745495	0.0	562140.0333993597	0.0	0.0	4395980.312755588	240478.993839007	524891.1799241274	5122660.29617572	721337.1127437092	0.0	8331558.298251988	0.0	0.0	223657.98130836524	5599705.574362817	0.0	8265806.538580359	264676.27769666794	295747.84884253406	4437832.286131613	1645023.738056518	458198.3514518701	1892378.3197982267	3410958.864949393	0.0	0.0	1784212.9692808406	0.0	0.0	731805.7099692464	281713.4115159589	0.0	1125244.883285723	210185.40693848577	1576772.7722880552	0.0	921998.8136204549	456628.963121133	985093.9329048934	0.0	0.0	721972.2658732521	0.0	930288.1154243591	630768.0634272256	2571874.0034513967	865518.7236665036	6228887.859253352	529108.6483848433	0.0	458869.5492949556	0.0	0.0	0.0	332499.7810645025	468436.1568900866	1993724.1913572035	0.0	576027.7253913983	0.0	174262.81225772024	1413498.864383682	0.0	0.0	0.0	0.0	3166300.3140068967	0.0
HILICZ_positive|IK:ACHDMUPTZYZIGR-CUHSZNQNSA-N	0.0	0.0	0.0	0.0	0.0	0.0	436190.5164211395	0.0	1465041.8905527438	0.0	3208753.3383607264	0.0	0.0	0.0	0.0	0.0	0.0	0.0	2635844.2411111295	0.0	13745109.18522932	0.0	0.0	0.0	0.0	0.0	0.0	0.0	0.0	0.0	0.0	0.0	285243.3002235181	0.0	0.0	0.0	789161.5010710951	0.0	0.0	0.0	0.0	3330086.648243607	0.0	0.0	3838537.4422883163	0.0	0.0	3630578.924908214	0.0	0.0	0.0	827180.3920761124	0.0	0.0	0.0	0.0	0.0	1492476.1988761476	523903.1550675655	1488553.5314678184	2429967.066171673	1106197.0915137222	0.0	0.0	0.0	0.0	0.0	310100.7629075343	0.0	307369.4178115385	0.0	0.0	7680143.4571319185	1043031.7877643837	0.0	0.0	0.0	0.0	0.0	0.0	438872.6555954555	0.0	1006182.1799117065	0.0	1401362.4299443103	0.0	0.0	0.0	487356.40574169	0.0	0.0	0.0	0.0	0.0	0.0	0.0	0.0	0.0	0.0	0.0	0.0	0.0	0.0	1374213.7094737012	0.0
