metabolite,mg_feature,spearman_corr,spearman_pvalue,abs_spearman_corr,direction
HILICZ_negative|IK:JVQYSWDUAOAHFM-UHFFFAOYSA-N,Streptomyces virus Amela,0.6207692869757595,1.6193508186437095e-12,0.6207692869757595,positive
HILICZ_negative|IK:JVQYSWDUAOAHFM-UHFFFAOYSA-N,Streptomyces virus Caliburn,0.6184656919751287,2.0630944153188396e-12,0.6184656919751287,positive
HILICZ_negative|IK:WJAOHEPEBANKEO-UHFFFAOYSA-N,Lentzea guizhouensis,0.6169394125151076,2.4195501851583884e-12,0.6169394125151076,positive
HILICZ_negative|IK:WJAOHEPEBANKEO-UHFFFAOYSA-N,Nakamurella panacisegetis,0.6049830690244999,8.189653759790392e-12,0.6049830690244999,positive
C18_negative|IK:NGFMICBWJRZIBI-UHFFFAOYSA-N,Pseudomonas umsongensis,0.6019522167902165,1.1066720744896196e-11,0.6019522167902165,positive
HILICZ_negative|IK:WJAOHEPEBANKEO-UHFFFAOYSA-N,Actinoplanes teichomyceticus,0.6007070196941143,1.2512393148934421e-11,0.6007070196941143,positive
HILICZ_negative|IK:WJAOHEPEBANKEO-UHFFFAOYSA-N,Micromonospora rifamycinica,0.6001993062227173,1.3152720847847227e-11,0.6001993062227173,positive
HILICZ_negative|IK:WJAOHEPEBANKEO-UHFFFAOYSA-N,Saccharothrix espanaensis,0.5952019522199247,2.139662908065114e-11,0.5952019522199247,positive
HILICZ_negative|IK:JVQYSWDUAOAHFM-UHFFFAOYSA-N,Streptomyces virus R4,0.5942676450973169,2.3412806091743255e-11,0.5942676450973169,positive
HILICZ_negative|IK:WJAOHEPEBANKEO-UHFFFAOYSA-N,Jiangella sp. DSM 45060,0.5940699402918622,2.3862331960999075e-11,0.5940699402918622,positive
HILICZ_negative|IK:WJAOHEPEBANKEO-UHFFFAOYSA-N,Micromonospora krabiensis,0.5939033990359499,2.424744829690719e-11,0.5939033990359499,positive
HILICZ_negative|IK:WJAOHEPEBANKEO-UHFFFAOYSA-N,Nakamurella multipartita,0.5938340467442265,2.4409582583521742e-11,0.5938340467442265,positive
HILICZ_negative|IK:WJAOHEPEBANKEO-UHFFFAOYSA-N,Micromonospora echinaurantiaca,0.5934230410121075,2.5392116522987656e-11,0.5934230410121075,positive
C18_negative|IK:NGFMICBWJRZIBI-UHFFFAOYSA-N,Catenulispora acidiphila,-0.5933753782442837,2.5508494653997828e-11,0.5933753782442837,negative
HILICZ_negative|IK:WJAOHEPEBANKEO-UHFFFAOYSA-N,Actinoplanes derwentensis,0.59180152303632,2.965373297074513e-11,0.59180152303632,positive
HILICZ_negative|IK:WJAOHEPEBANKEO-UHFFFAOYSA-N,Actinosynnema pretiosum,0.5916709178638233,3.002550008901945e-11,0.5916709178638233,positive
HILICZ_negative|IK:WJAOHEPEBANKEO-UHFFFAOYSA-N,Plantactinospora sp. KBS50,0.5905769354564658,3.332101554688992e-11,0.5905769354564658,positive
HILICZ_negative|IK:WJAOHEPEBANKEO-UHFFFAOYSA-N,Amycolatopsis albispora,0.590028894490317,3.5100397490782656e-11,0.590028894490317,positive
HILICZ_negative|IK:WJAOHEPEBANKEO-UHFFFAOYSA-N,Saccharopolyspora erythraea,0.5890697197156758,3.843737302737769e-11,0.5890697197156758,positive
HILICZ_negative|IK:WJAOHEPEBANKEO-UHFFFAOYSA-N,Actinoplanes sp. N902-109,0.5888658922793499,3.9184880519887455e-11,0.5888658922793499,positive
HILICZ_negative|IK:WJAOHEPEBANKEO-UHFFFAOYSA-N,Actinoplanes missouriensis,0.5878521369381083,4.3115700250733205e-11,0.5878521369381083,positive
HILICZ_negative|IK:WJAOHEPEBANKEO-UHFFFAOYSA-N,Kytococcus sedentarius,0.5877182865842341,4.366227600840268e-11,0.5877182865842341,positive
HILICZ_negative|IK:WJAOHEPEBANKEO-UHFFFAOYSA-N,Kibdelosporangium phytohabitans,0.5875183586780864,4.449113299568859e-11,0.5875183586780864,positive
HILICZ_negative|IK:WJAOHEPEBANKEO-UHFFFAOYSA-N,Rhodococcus ruber,0.5865513674870735,4.8718821466962525e-11,0.5865513674870735,positive
HILICZ_negative|IK:WJAOHEPEBANKEO-UHFFFAOYSA-N,Amycolatopsis methanolica,0.5854177236007169,5.416881231626648e-11,0.5854177236007169,positive
C18_negative|IK:NGFMICBWJRZIBI-UHFFFAOYSA-N,Streptacidiphilus sp. DSM 106435,-0.5853874878951935,5.4321926236193637e-11,0.5853874878951935,negative
HILICZ_negative|IK:WJAOHEPEBANKEO-UHFFFAOYSA-N,Allokutzneria albata,0.5846328290286704,5.828147531769324e-11,0.5846328290286704,positive
HILICZ_negative|IK:WJAOHEPEBANKEO-UHFFFAOYSA-N,Alloactinosynnema sp. L-07,0.5845897632131147,5.851562723063225e-11,0.5845897632131147,positive
HILICZ_negative|IK:SLWWJZMPHJJOPH-PHDIDXHHSA-N,Pseudomonas umsongensis,0.5842793377293868,6.023044954924921e-11,0.5842793377293868,positive
HILICZ_negative|IK:WJAOHEPEBANKEO-UHFFFAOYSA-N,Gordonia bronchialis,0.5835824805224485,6.425809503005612e-11,0.5835824805224485,positive
HILICZ_negative|IK:WJAOHEPEBANKEO-UHFFFAOYSA-N,Micromonospora purpureochromogenes,0.5827567396490798,6.936699252715761e-11,0.5827567396490798,positive
HILICZ_negative|IK:WJAOHEPEBANKEO-UHFFFAOYSA-N,Pseudonocardia dioxanivorans,0.582609091595955,7.032081882855645e-11,0.582609091595955,positive
HILICZ_negative|IK:WJAOHEPEBANKEO-UHFFFAOYSA-N,Nocardia brasiliensis,0.5823510800648136,7.201801873070193e-11,0.5823510800648136,positive
HILICZ_negative|IK:WJAOHEPEBANKEO-UHFFFAOYSA-N,Pseudonocardia sp. HH130630-07,0.5814681993050916,7.812928078753912e-11,0.5814681993050916,positive
HILICZ_negative|IK:WJAOHEPEBANKEO-UHFFFAOYSA-N,Pseudonocardia sp. HH130629-09,0.5811118606244545,8.073476870516699e-11,0.5811118606244545,positive
HILICZ_negative|IK:WJAOHEPEBANKEO-UHFFFAOYSA-N,Frankia sp. QA3,0.5794612880316325,9.393522352242158e-11,0.5794612880316325,positive
HILICZ_negative|IK:WJAOHEPEBANKEO-UHFFFAOYSA-N,Jiangella alkaliphila,0.5793050122379448,9.528759191302654e-11,0.5793050122379448,positive
HILICZ_negative|IK:WJAOHEPEBANKEO-UHFFFAOYSA-N,Streptomyces sp. SCSIO 03032,0.5792802168297188,9.550388085602345e-11,0.5792802168297188,positive
HILICZ_negative|IK:WJAOHEPEBANKEO-UHFFFAOYSA-N,Kitasatospora aureofaciens,0.5784030761413221,1.0346673651462287e-10,0.5784030761413221,positive
HILICZ_negative|IK:WJAOHEPEBANKEO-UHFFFAOYSA-N,Nonomuraea sp. ATCC 55076,0.5779347326567166,1.0797644090105654e-10,0.5779347326567166,positive
HILICZ_negative|IK:WJAOHEPEBANKEO-UHFFFAOYSA-N,Kitasatospora sp. MMS16-BH015,0.5768727510930506,1.1891427948881698e-10,0.5768727510930506,positive
HILICZ_negative|IK:WJAOHEPEBANKEO-UHFFFAOYSA-N,Mycobacterium avium,0.5766160862698646,1.2171365688774166e-10,0.5766160862698646,positive
HILICZ_negative|IK:WJAOHEPEBANKEO-UHFFFAOYSA-N,Kitasatospora setae,0.576344820924374,1.247412123185583e-10,0.576344820924374,positive
C18_negative|IK:NGFMICBWJRZIBI-UHFFFAOYSA-N,Thermomonospora curvata,-0.576147213328802,1.2699219435798392e-10,0.576147213328802,negative
HILICZ_negative|IK:WJAOHEPEBANKEO-UHFFFAOYSA-N,Streptomyces sp. TLI_053,0.5756343291844436,1.330185137288997e-10,0.5756343291844436,positive
HILICZ_negative|IK:WJAOHEPEBANKEO-UHFFFAOYSA-N,Amycolatopsis sp. AA4,0.5754805898988911,1.3487793027645277e-10,0.5754805898988911,positive
C18_negative|IK:NGFMICBWJRZIBI-UHFFFAOYSA-N,Streptomyces sp. SCSIO 03032,-0.5753799778956279,1.3610831221413438e-10,0.5753799778956279,negative
C18_positive|IK:NGFMICBWJRZIBI-UHFFFAOYSA-N,Pseudomonas umsongensis,0.5749135612143759,1.4195466060764888e-10,0.5749135612143759,positive
HILICZ_negative|IK:WJAOHEPEBANKEO-UHFFFAOYSA-N,Frankia alni,0.5746852631303577,1.4490368397778903e-10,0.5746852631303577,positive
C18_negative|IK:NGFMICBWJRZIBI-UHFFFAOYSA-N,Actinomadura amylolytica,-0.5745665957712448,1.4645976602333077e-10,0.5745665957712448,negative
C18_negative|IK:NGFMICBWJRZIBI-UHFFFAOYSA-N,Streptomyces xiamenensis,-0.5743422340970267,1.4944588363932112e-10,0.5743422340970267,negative
HILICZ_negative|IK:WJAOHEPEBANKEO-UHFFFAOYSA-N,Streptomyces xiamenensis,0.5739964668662371,1.5416289151009153e-10,0.5739964668662371,positive
HILICZ_negative|IK:WJAOHEPEBANKEO-UHFFFAOYSA-N,Paludisphaera borealis,0.5737749890250471,1.5725927502881516e-10,0.5737749890250471,positive
C18_negative|IK:NGFMICBWJRZIBI-UHFFFAOYSA-N,Kitasatospora sp. MMS16-BH015,-0.5736673661026238,1.587854311431155e-10,0.5736673661026238,negative
C18_negative|IK:NGFMICBWJRZIBI-UHFFFAOYSA-N,Pseudomonas reinekei,0.5728074828724733,1.715016993981942e-10,0.5728074828724733,positive
C18_negative|IK:NGFMICBWJRZIBI-UHFFFAOYSA-N,Nocardiopsis dassonvillei,-0.5726410568887329,1.7407357742673368e-10,0.5726410568887329,negative
HILICZ_negative|IK:WJAOHEPEBANKEO-UHFFFAOYSA-N,Nocardiopsis dassonvillei,0.5721730283802616,1.815068314228069e-10,0.5721730283802616,positive
HILICZ_negative|IK:WJAOHEPEBANKEO-UHFFFAOYSA-N,Streptosporangium sp. 'caverna',0.5720954979231713,1.827673039990769e-10,0.5720954979231713,positive
HILICZ_negative|IK:WJAOHEPEBANKEO-UHFFFAOYSA-N,Kutzneria albida,0.5720859793616141,1.829226339940998e-10,0.5720859793616141,positive
C18_negative|IK:NGFMICBWJRZIBI-UHFFFAOYSA-N,Nocardiopsis gilva,-0.5719760545668311,1.8472568810702896e-10,0.5719760545668311,negative
HILICZ_negative|IK:WJAOHEPEBANKEO-UHFFFAOYSA-N,Actinopolymorpha singaporensis,0.5717315086852094,1.8879843615963395e-10,0.5717315086852094,positive
HILICZ_negative|IK:WJAOHEPEBANKEO-UHFFFAOYSA-N,Micromonospora viridifaciens,0.5716286155825239,1.9053775878637668e-10,0.5716286155825239,positive
C18_negative|IK:NGFMICBWJRZIBI-UHFFFAOYSA-N,Streptomyces sp. TLI_053,-0.5714952257103674,1.928155689845108e-10,0.5714952257103674,negative
C18_negative|IK:NGFMICBWJRZIBI-UHFFFAOYSA-N,Candidatus Solibacter usitatus,-0.5714641175202801,1.9335053890951742e-10,0.5714641175202801,negative
C18_negative|IK:NGFMICBWJRZIBI-UHFFFAOYSA-N,Kutzneria albida,-0.571354516967189,1.9524675291864563e-10,0.571354516967189,negative
HILICZ_negative|IK:WJAOHEPEBANKEO-UHFFFAOYSA-N,Streptosporangium roseum,0.5705811814997565,2.091441633272261e-10,0.5705811814997565,positive
HILICZ_negative|IK:WJAOHEPEBANKEO-UHFFFAOYSA-N,Frankia sp. EAN1pec,0.5698756528836991,2.2264960714835168e-10,0.5698756528836991,positive
HILICZ_negative|IK:WJAOHEPEBANKEO-UHFFFAOYSA-N,Frankia inefficax,0.5695007876076613,2.3016285163561324e-10,0.5695007876076613,positive
HILICZ_negative|IK:WJAOHEPEBANKEO-UHFFFAOYSA-N,Nocardiopsis gilva,0.5687668559913462,2.455851242316464e-10,0.5687668559913462,positive
C18_positive|IK:NGFMICBWJRZIBI-UHFFFAOYSA-N,Catenulispora acidiphila,-0.5687358600349489,2.4625785831242904e-10,0.5687358600349489,negative
C18_negative|IK:NGFMICBWJRZIBI-UHFFFAOYSA-N,Kitasatospora aureofaciens,-0.5686438745441301,2.4826475937032756e-10,0.5686438745441301,negative
HILICZ_negative|IK:WJAOHEPEBANKEO-UHFFFAOYSA-N,Massilia sp. WG5,-0.5684239177974316,2.531276866269045e-10,0.5684239177974316,negative
C18_negative|IK:NGFMICBWJRZIBI-UHFFFAOYSA-N,Streptosporangium roseum,-0.5684039236621384,2.535742438666367e-10,0.5684039236621384,negative
HILICZ_negative|IK:WJAOHEPEBANKEO-UHFFFAOYSA-N,Janibacter indicus,0.5683278133561199,2.5528106665216735e-10,0.5683278133561199,positive
HILICZ_negative|IK:WJAOHEPEBANKEO-UHFFFAOYSA-N,Planctomyces sp. SH-PL62,0.5679479106431858,2.6396723436824464e-10,0.5679479106431858,positive
C18_negative|IK:NGFMICBWJRZIBI-UHFFFAOYSA-N,Thermobispora bispora,-0.5672729057572015,2.8010685211038063e-10,0.5672729057572015,negative
HILICZ_negative|IK:OKVJCVWFVRATSG-UHFFFAOYSA-N,Streptomyces virus Caliburn,0.5671669532242888,2.827248896098806e-10,0.5671669532242888,positive
HILICZ_negative|IK:WJAOHEPEBANKEO-UHFFFAOYSA-N,Streptacidiphilus sp. DSM 106435,0.5671324913340129,2.835814883732883e-10,0.5671324913340129,positive
C18_negative|IK:NGFMICBWJRZIBI-UHFFFAOYSA-N,Bradyrhizobium erythrophlei,-0.5671173727921099,2.839580683708367e-10,0.5671173727921099,negative
HILICZ_negative|IK:WJAOHEPEBANKEO-UHFFFAOYSA-N,Streptomyces cattleya,0.5667235857050594,2.939378887872347e-10,0.5667235857050594,positive
C18_negative|IK:NGFMICBWJRZIBI-UHFFFAOYSA-N,Allokutzneria albata,-0.5659910929379932,3.134061753269003e-10,0.5659910929379932,negative
HILICZ_negative|IK:KCOOTJRKKIDHTM-UHFFFAOYSA-N,Streptomyces virus Caliburn,0.5657296208527306,3.2065142297702565e-10,0.5657296208527306,positive
HILICZ_negative|IK:WJAOHEPEBANKEO-UHFFFAOYSA-N,Thermobispora bispora,0.5655785903073668,3.249095148834363e-10,0.5655785903073668,positive
HILICZ_negative|IK:WJAOHEPEBANKEO-UHFFFAOYSA-N,Streptomyces globosus,0.5653526982048718,3.313798786115383e-10,0.5653526982048718,positive
HILICZ_negative|IK:WJAOHEPEBANKEO-UHFFFAOYSA-N,Phycicoccus dokdonensis,0.5652016064842118,3.357766662571363e-10,0.5652016064842118,positive
C18_negative|IK:NGFMICBWJRZIBI-UHFFFAOYSA-N,Kitasatospora setae,-0.564911860753749,3.443657743264257e-10,0.564911860753749,negative
C18_negative|IK:NGFMICBWJRZIBI-UHFFFAOYSA-N,Halomonas sp. JS92-SW72,-0.564665813109147,3.5182506146174336e-10,0.564665813109147,negative
HILICZ_negative|IK:SLWWJZMPHJJOPH-PHDIDXHHSA-N,Streptacidiphilus sp. DSM 106435,-0.5641706701086248,3.6730980541992455e-10,0.5641706701086248,negative
HILICZ_negative|IK:WJAOHEPEBANKEO-UHFFFAOYSA-N,Mycolicibacter sinensis,0.5641567575280931,3.677542265355285e-10,0.5641567575280931,positive
C18_negative|IK:NGFMICBWJRZIBI-UHFFFAOYSA-N,Micromonospora inositola,-0.5635434775659052,3.878668459700572e-10,0.5635434775659052,negative
C18_negative|IK:NGFMICBWJRZIBI-UHFFFAOYSA-N,Micromonospora viridifaciens,-0.5632308176298997,3.9852354695278225e-10,0.5632308176298997,negative
C18_negative|IK:NGFMICBWJRZIBI-UHFFFAOYSA-N,Pseudomonas brassicacearum,0.5630972363439953,4.031618718762006e-10,0.5630972363439953,positive
C18_negative|IK:NGFMICBWJRZIBI-UHFFFAOYSA-N,Nonomuraea sp. ATCC 55076,-0.5627624414086454,4.1501612750572155e-10,0.5627624414086454,negative
HILICZ_negative|IK:WJAOHEPEBANKEO-UHFFFAOYSA-N,Tessaracoccus sp. T2.5-30,0.5621707775220268,4.3678971075378276e-10,0.5621707775220268,positive
HILICZ_negative|IK:WJAOHEPEBANKEO-UHFFFAOYSA-N,Catenulispora acidiphila,0.5614943113185535,4.630301950830791e-10,0.5614943113185535,positive
C18_negative|IK:NGFMICBWJRZIBI-UHFFFAOYSA-N,Pseudomonas sp. K2W31S-8,0.5609252138507925,4.862735890253093e-10,0.5609252138507925,positive
HILICZ_negative|IK:WJAOHEPEBANKEO-UHFFFAOYSA-N,Streptomyces xinghaiensis,0.5607608707835233,4.931918779463365e-10,0.5607608707835233,positive
HILICZ_negative|IK:WJAOHEPEBANKEO-UHFFFAOYSA-N,Pseudopropionibacterium propionicum,0.5606326113115668,4.98656811366836e-10,0.5606326113115668,positive
C18_negative|IK:NGFMICBWJRZIBI-UHFFFAOYSA-N,Frankia alni,-0.5604008884508496,5.086780936128367e-10,0.5604008884508496,negative
C18_negative|IK:NGFMICBWJRZIBI-UHFFFAOYSA-N,Intrasporangium calvum,-0.5596476829920787,5.42606862956573e-10,0.5596476829920787,negative
C18_negative|IK:NGFMICBWJRZIBI-UHFFFAOYSA-N,Nakamurella panacisegetis,-0.5595586770420268,5.467570532591409e-10,0.5595586770420268,negative
HILICZ_negative|IK:WJAOHEPEBANKEO-UHFFFAOYSA-N,Thermomonospora curvata,0.5595510555928543,5.471138427772099e-10,0.5595510555928543,positive
HILICZ_negative|IK:SLWWJZMPHJJOPH-PHDIDXHHSA-N,Streptomyces virus R4,0.5593043516276285,5.587846411953097e-10,0.5593043516276285,positive
HILICZ_negative|IK:WJAOHEPEBANKEO-UHFFFAOYSA-N,Leifsonia xyli,0.5589272775303213,5.770864599973586e-10,0.5589272775303213,positive
C18_negative|IK:NGFMICBWJRZIBI-UHFFFAOYSA-N,Pseudomonas sp. UW4,0.5578985565464025,6.299942847007187e-10,0.5578985565464025,positive
HILICZ_negative|IK:WJAOHEPEBANKEO-UHFFFAOYSA-N,Actinomadura amylolytica,0.557560245298617,6.483905072788767e-10,0.557560245298617,positive
C18_positive|IK:NGFMICBWJRZIBI-UHFFFAOYSA-N,Streptacidiphilus sp. DSM 106435,-0.5574585669106003,6.540195929251732e-10,0.5574585669106003,negative
C18_positive|IK:RGHHSNMVTDWUBI-UHFFFAOYSA-N,Pseudomonas umsongensis,0.5571487083274115,6.714650119187394e-10,0.5571487083274115,positive
C18_negative|IK:NGFMICBWJRZIBI-UHFFFAOYSA-N,Frankia sp. QA3,-0.5565404263036369,7.070215540661044e-10,0.5565404263036369,negative
HILICZ_negative|IK:WJAOHEPEBANKEO-UHFFFAOYSA-N,Intrasporangium calvum,0.5563735168056845,7.170901541938117e-10,0.5563735168056845,positive
C18_negative|IK:NGFMICBWJRZIBI-UHFFFAOYSA-N,Actinopolymorpha singaporensis,-0.5561440036117585,7.311604800784779e-10,0.5561440036117585,negative
C18_negative|IK:NGFMICBWJRZIBI-UHFFFAOYSA-N,Pseudomonas vancouverensis,0.5559469495736763,7.434522179076697e-10,0.5559469495736763,positive
HILICZ_negative|IK:SLWWJZMPHJJOPH-PHDIDXHHSA-N,Candidatus Solibacter usitatus,-0.5558788746814619,7.477445204886674e-10,0.5558788746814619,negative
C18_negative|IK:NGFMICBWJRZIBI-UHFFFAOYSA-N,Streptomyces niveus,-0.5557868118331338,7.535872193983929e-10,0.5557868118331338,negative
HILICZ_negative|IK:WJAOHEPEBANKEO-UHFFFAOYSA-N,Streptomyces albireticuli,0.5554658078641211,7.743045806781738e-10,0.5554658078641211,positive
C18_positive|IK:NGFMICBWJRZIBI-UHFFFAOYSA-N,Bradyrhizobium erythrophlei,-0.5543659401997164,8.495200485530565e-10,0.5543659401997164,negative
C18_negative|IK:NGFMICBWJRZIBI-UHFFFAOYSA-N,Amycolatopsis methanolica,-0.5534086852147181,9.206532670512763e-10,0.5534086852147181,negative
C18_negative|IK:NGFMICBWJRZIBI-UHFFFAOYSA-N,Phycicoccus dokdonensis,-0.5526935900176569,9.774897551926468e-10,0.5526935900176569,negative
C18_negative|IK:NGFMICBWJRZIBI-UHFFFAOYSA-N,Pseudolabrys taiwanensis,-0.5522918425738065,1.010884226076721e-09,0.5522918425738065,negative
HILICZ_negative|IK:WJAOHEPEBANKEO-UHFFFAOYSA-N,Streptomyces sp. Mg1,0.5521948376903347,1.019110309800902e-09,0.5521948376903347,positive
C18_negative|IK:NGFMICBWJRZIBI-UHFFFAOYSA-N,Pseudomonas silesiensis,0.5519874351598811,1.0369144348255138e-09,0.5519874351598811,positive
C18_negative|IK:NGFMICBWJRZIBI-UHFFFAOYSA-N,Saccharopolyspora erythraea,-0.5517997471587762,1.0532834028537162e-09,0.5517997471587762,negative
HILICZ_negative|IK:SLWWJZMPHJJOPH-PHDIDXHHSA-N,Streptomyces virus Caliburn,0.5510241869774869,1.123593106930194e-09,0.5510241869774869,positive
C18_positive|IK:UAUDZVJPLUQNMU-KTKRTIGZSA-N,Nakamurella multipartita,-0.550574380859544,1.1664136225128214e-09,0.550574380859544,negative
C18_positive|IK:NGFMICBWJRZIBI-UHFFFAOYSA-N,Thermomonospora curvata,-0.5505682101306687,1.1670118201062794e-09,0.5505682101306687,negative
HILICZ_negative|IK:WJAOHEPEBANKEO-UHFFFAOYSA-N,Massilia sp. NR 4-1,-0.5501190686680255,1.2113522549110503e-09,0.5501190686680255,negative
HILICZ_negative|IK:WJAOHEPEBANKEO-UHFFFAOYSA-N,Streptomyces rubrolavendulae,0.5498315186696072,1.2405846391601185e-09,0.5498315186696072,positive
C18_positive|IK:MMOXZBCLCQITDF-UHFFFAOYSA-N,Mycobacterium avium,0.5498030592108785,1.243514396408421e-09,0.5498030592108785,positive
C18_positive|IK:NGFMICBWJRZIBI-UHFFFAOYSA-N,Actinomadura amylolytica,-0.5496972411923547,1.2544662151932955e-09,0.5496972411923547,negative
C18_positive|IK:NGFMICBWJRZIBI-UHFFFAOYSA-N,Streptomyces sp. SCSIO 03032,-0.549654070739156,1.2589607660290435e-09,0.549654070739156,negative
HILICZ_negative|IK:JVQYSWDUAOAHFM-UHFFFAOYSA-N,Chryseolinea sp. KIS68-18,0.5492960398376395,1.296836616375936e-09,0.5492960398376395,positive
C18_negative|IK:NGFMICBWJRZIBI-UHFFFAOYSA-N,Streptomyces rubrolavendulae,-0.549162526445475,1.311239076865719e-09,0.549162526445475,negative
C18_negative|IK:NGFMICBWJRZIBI-UHFFFAOYSA-N,Micromonospora purpureochromogenes,-0.5490059977051859,1.3283198811668676e-09,0.5490059977051859,negative
C18_negative|IK:NGFMICBWJRZIBI-UHFFFAOYSA-N,Pseudomonas lini,0.5488994654331727,1.3400669147885227e-09,0.5488994654331727,positive
C18_negative|IK:NGFMICBWJRZIBI-UHFFFAOYSA-N,Chryseolinea sp. KIS68-18,0.5488637121064665,1.3440316485939856e-09,0.5488637121064665,positive
C18_negative|IK:NGFMICBWJRZIBI-UHFFFAOYSA-N,Streptosporangium sp. 'caverna',-0.5487801406487725,1.3533429791758494e-09,0.5487801406487725,negative
C18_negative|IK:NGFMICBWJRZIBI-UHFFFAOYSA-N,Pseudomonas sp. LAB-08,0.5485233829787015,1.3823393781159974e-09,0.5485233829787015,positive
C18_positive|IK:NGFMICBWJRZIBI-UHFFFAOYSA-N,Streptomyces xiamenensis,-0.5482334123487946,1.4158038653570982e-09,0.5482334123487946,negative
HILICZ_negative|IK:WJAOHEPEBANKEO-UHFFFAOYSA-N,Streptomyces sp. fd1-xmd,0.5478658252319017,1.4593449271949134e-09,0.5478658252319017,positive
C18_positive|IK:MMOXZBCLCQITDF-UHFFFAOYSA-N,Mycobacterium intracellulare,0.5476048330540524,1.491037106547485e-09,0.5476048330540524,positive
C18_negative|IK:NGFMICBWJRZIBI-UHFFFAOYSA-N,Frankia inefficax,-0.5472114832009852,1.5400529239290505e-09,0.5472114832009852,negative
HILICZ_negative|IK:SLWWJZMPHJJOPH-PHDIDXHHSA-N,Streptomyces xiamenensis,-0.5469602349973165,1.572166919218809e-09,0.5469602349973165,negative
HILICZ_negative|IK:WJAOHEPEBANKEO-UHFFFAOYSA-N,Streptomyces katrae,0.5469571681158046,1.5725628647849134e-09,0.5469571681158046,positive
C18_positive|IK:NGFMICBWJRZIBI-UHFFFAOYSA-N,Kutzneria albida,-0.5467341391264045,1.6016147532078888e-09,0.5467341391264045,negative
C18_negative|IK:NGFMICBWJRZIBI-UHFFFAOYSA-N,Amycolatopsis mediterranei,-0.5467132517833495,1.6043617836356169e-09,0.5467132517833495,negative
C18_negative|IK:NGFMICBWJRZIBI-UHFFFAOYSA-N,Nakamurella multipartita,-0.5466916205094405,1.6072114205797225e-09,0.5466916205094405,negative
C18_positive|IK:NGFMICBWJRZIBI-UHFFFAOYSA-N,Nocardiopsis gilva,-0.5466241518010203,1.6161307849791827e-09,0.5466241518010203,negative
C18_positive|IK:NGFMICBWJRZIBI-UHFFFAOYSA-N,Nocardiopsis dassonvillei,-0.5465414536295102,1.627128312104566e-09,0.5465414536295102,negative
HILICZ_negative|IK:WJAOHEPEBANKEO-UHFFFAOYSA-N,Bradyrhizobium lablabi,0.5462853936881497,1.6616376291324549e-09,0.5462853936881497,positive
HILICZ_negative|IK:OKVJCVWFVRATSG-UHFFFAOYSA-N,Streptomyces virus R4,0.5459799286495379,1.7037246512854935e-09,0.5459799286495379,positive
C18_negative|IK:NGFMICBWJRZIBI-UHFFFAOYSA-N,Amycolatopsis sp. AA4,-0.5459499241099814,1.7079134369676613e-09,0.5459499241099814,negative
C18_negative|IK:NGFMICBWJRZIBI-UHFFFAOYSA-N,Opitutus sp. GAS368,-0.5458433871649315,1.7228665463227725e-09,0.5458433871649315,negative
C18_negative|IK:NGFMICBWJRZIBI-UHFFFAOYSA-N,Alloactinosynnema sp. L-07,-0.5456407367347134,1.7516573488581317e-09,0.5456407367347134,negative
C18_negative|IK:NGFMICBWJRZIBI-UHFFFAOYSA-N,Kytococcus sedentarius,-0.5456364429214109,1.7522723444182726e-09,0.5456364429214109,negative
HILICZ_negative|IK:WJAOHEPEBANKEO-UHFFFAOYSA-N,Lacunisphaera limnophila,0.5454905823869994,1.7732872384494054e-09,0.5454905823869994,positive
C18_positive|IK:NGFMICBWJRZIBI-UHFFFAOYSA-N,Candidatus Solibacter usitatus,-0.5453225966420779,1.7977895892257981e-09,0.5453225966420779,negative
HILICZ_negative|IK:WJAOHEPEBANKEO-UHFFFAOYSA-N,Streptomyces olivoreticuli,0.545267352492394,1.8059182515910854e-09,0.545267352492394,positive
HILICZ_negative|IK:WJAOHEPEBANKEO-UHFFFAOYSA-N,Janthinobacterium sp. LM6,-0.5452493146075165,1.8085799896467452e-09,0.5452493146075165,negative
C18_negative|IK:NGFMICBWJRZIBI-UHFFFAOYSA-N,Candidatus Koribacter versatilis,-0.545241981087135,1.8096632277858243e-09,0.545241981087135,negative
C18_negative|IK:NGFMICBWJRZIBI-UHFFFAOYSA-N,Janibacter indicus,-0.5450534206749607,1.837730408139901e-09,0.5450534206749607,negative
HILICZ_negative|IK:WJAOHEPEBANKEO-UHFFFAOYSA-N,Pseudomonas sp. UW4,-0.5449932131980513,1.846779945804997e-09,0.5449932131980513,negative
C18_negative|IK:NGFMICBWJRZIBI-UHFFFAOYSA-N,Streptomyces xinghaiensis,-0.5449195877446166,1.8579044241673213e-09,0.5449195877446166,negative
HILICZ_negative|IK:WJAOHEPEBANKEO-UHFFFAOYSA-N,Janthinobacterium sp. 1_2014MBL_MicDiv,-0.5447951096498801,1.8768589541120916e-09,0.5447951096498801,negative
C18_positive|IK:MMOXZBCLCQITDF-UHFFFAOYSA-N,Kutzneria albida,0.5446674342933335,1.8964930856991384e-09,0.5446674342933335,positive
C18_positive|IK:NGFMICBWJRZIBI-UHFFFAOYSA-N,Pseudomonas reinekei,0.5445139097623902,1.9203634472411364e-09,0.5445139097623902,positive
C18_negative|IK:NGFMICBWJRZIBI-UHFFFAOYSA-N,Paludisphaera borealis,-0.5442051382915454,1.9692481020621586e-09,0.5442051382915454,negative
HILICZ_negative|IK:KCOOTJRKKIDHTM-UHFFFAOYSA-N,Streptomyces virus R4,0.5441387314889005,1.9799165628919263e-09,0.5441387314889005,positive
C18_negative|IK:NGFMICBWJRZIBI-UHFFFAOYSA-N,Streptomyces cattleya,-0.5438862058753257,2.0209943600097823e-09,0.5438862058753257,negative
HILICZ_positive|IK:SIOXPEMLGUPBBT-UHFFFAOYSA-N,Pseudomonas umsongensis,0.5437338778025368,2.046167413220122e-09,0.5437338778025368,positive
C18_negative|IK:NGFMICBWJRZIBI-UHFFFAOYSA-N,Micromonospora rifamycinica,-0.543642416304588,2.061426213920107e-09,0.543642416304588,negative
C18_negative|IK:NGFMICBWJRZIBI-UHFFFAOYSA-N,Amycolatopsis albispora,-0.5435872009647459,2.070690754974889e-09,0.5435872009647459,negative
C18_negative|IK:NGFMICBWJRZIBI-UHFFFAOYSA-N,Plantactinospora sp. KBS50,-0.5435871508712059,2.070699178246724e-09,0.5435871508712059,negative
C18_negative|IK:NGFMICBWJRZIBI-UHFFFAOYSA-N,Streptomyces sp. Mg1,-0.5435787449164238,2.0721131125958472e-09,0.5435787449164238,negative
C18_positive|IK:NGFMICBWJRZIBI-UHFFFAOYSA-N,Streptosporangium roseum,-0.5432809264524822,2.1228102788997683e-09,0.5432809264524822,negative
HILICZ_negative|IK:SLWWJZMPHJJOPH-PHDIDXHHSA-N,Kitasatospora sp. MMS16-BH015,-0.5431672807256405,2.1424680356078876e-09,0.5431672807256405,negative
HILICZ_negative|IK:SLWWJZMPHJJOPH-PHDIDXHHSA-N,Streptomyces sp. SCSIO 03032,-0.5431000852206395,2.1541731641665537e-09,0.5431000852206395,negative
C18_positive|IK:NGFMICBWJRZIBI-UHFFFAOYSA-N,Kitasatospora sp. MMS16-BH015,-0.5428323369267014,2.2014259472981856e-09,0.5428323369267014,negative
C18_positive|IK:UAUDZVJPLUQNMU-KTKRTIGZSA-N,Halomonas sp. JS92-SW72,-0.5424635835869271,2.2681351802467633e-09,0.5424635835869271,negative
HILICZ_positive|IK:PUQSUZTXKPLAPR-UJPOAAIJSA-N,Streptomyces xiamenensis,-0.5424280153927401,2.2746712352359295e-09,0.5424280153927401,negative
C18_negative|IK:NGFMICBWJRZIBI-UHFFFAOYSA-N,Pseudomonas protegens,0.5423919469328733,2.281317673679407e-09,0.5423919469328733,positive
C18_positive|IK:NGFMICBWJRZIBI-UHFFFAOYSA-N,Micromonospora viridifaciens,-0.5421737638715334,2.3219219444144228e-09,0.5421737638715334,negative
C18_negative|IK:NGFMICBWJRZIBI-UHFFFAOYSA-N,Kibdelosporangium phytohabitans,-0.54198485767361,2.3576370385028645e-09,0.54198485767361,negative
C18_positive|IK:NGFMICBWJRZIBI-UHFFFAOYSA-N,Allokutzneria albata,-0.5419693568456001,2.360590950988564e-09,0.5419693568456001,negative
C18_negative|IK:SMUMBCREXHTKFN-VZOUQOBNSA-N,Pseudomonas umsongensis,0.5418216416323254,2.3889190080808665e-09,0.5418216416323254,positive
C18_positive|IK:MMOXZBCLCQITDF-UHFFFAOYSA-N,Thermobispora bispora,0.5418050709402099,2.392117121085614e-09,0.5418050709402099,positive
C18_negative|IK:NGFMICBWJRZIBI-UHFFFAOYSA-N,Actinosynnema pretiosum,-0.5417103167658,2.410483554530935e-09,0.5417103167658,negative
HILICZ_negative|IK:WJAOHEPEBANKEO-UHFFFAOYSA-N,Cellulomonas fimi,0.5415859386473746,2.4347975189026966e-09,0.5415859386473746,positive
HILICZ_negative|IK:WJAOHEPEBANKEO-UHFFFAOYSA-N,Bradyrhizobium erythrophlei,0.5414547439065491,2.460698967628223e-09,0.5414547439065491,positive
HILICZ_negative|IK:KCOOTJRKKIDHTM-UHFFFAOYSA-N,Streptomyces virus Amela,0.5412941941072029,2.4927557290183395e-09,0.5412941941072029,positive
HILICZ_negative|IK:SLWWJZMPHJJOPH-PHDIDXHHSA-N,Streptomyces sp. TLI_053,-0.5412742853644571,2.4967586923581337e-09,0.5412742853644571,negative
C18_negative|IK:NGFMICBWJRZIBI-UHFFFAOYSA-N,Micromonospora echinaurantiaca,-0.5411267127584087,2.526623347556204e-09,0.5411267127584087,negative
HILICZ_negative|NAME:,Homo sapiens,-0.5409552245285983,2.5617584504718126e-09,0.5409552245285983,negative
HILICZ_negative|IK:WJAOHEPEBANKEO-UHFFFAOYSA-N,Singulisphaera acidiphila,0.5408293136857937,2.5878534259134603e-09,0.5408293136857937,positive
C18_positive|IK:NGFMICBWJRZIBI-UHFFFAOYSA-N,Thermobispora bispora,-0.5407650198586229,2.6012764634444288e-09,0.5407650198586229,negative
C18_positive|IK:MMOXZBCLCQITDF-UHFFFAOYSA-N,Actinomadura amylolytica,0.5405571759580071,2.6451278892280315e-09,0.5405571759580071,positive
C18_negative|IK:NGFMICBWJRZIBI-UHFFFAOYSA-N,Homo sapiens,-0.5405509076685635,2.6464613429981746e-09,0.5405509076685635,negative
HILICZ_negative|IK:WJAOHEPEBANKEO-UHFFFAOYSA-N,Actinoplanes friuliensis,0.5403637232842768,2.6865795814704465e-09,0.5403637232842768,positive
C18_negative|IK:NGFMICBWJRZIBI-UHFFFAOYSA-N,Pseudomonas putida,0.5403176479416204,2.6965437801945526e-09,0.5403176479416204,positive
HILICZ_negative|IK:JVQYSWDUAOAHFM-UHFFFAOYSA-N,Pseudomonas umsongensis,0.5402576853675682,2.7095643166013077e-09,0.5402576853675682,positive
C18_positive|IK:MMOXZBCLCQITDF-UHFFFAOYSA-N,Opitutus sp. GAS368,0.5400279527741098,2.760009881624799e-09,0.5400279527741098,positive
C18_negative|IK:NGFMICBWJRZIBI-UHFFFAOYSA-N,Pseudomonas thivervalensis,0.5398934771376062,2.789955301713064e-09,0.5398934771376062,positive
C18_positive|IK:MMOXZBCLCQITDF-UHFFFAOYSA-N,Thermomonospora curvata,0.5398447119657762,2.8008912773980613e-09,0.5398447119657762,positive
C18_negative|IK:NGFMICBWJRZIBI-UHFFFAOYSA-N,Rhodococcus ruber,-0.5397928953077489,2.812556630106961e-09,0.5397928953077489,negative
C18_negative|IK:NGFMICBWJRZIBI-UHFFFAOYSA-N,Streptomyces albireticuli,-0.5396204166024324,2.8517230208736623e-09,0.5396204166024324,negative
C18_negative|IK:NGFMICBWJRZIBI-UHFFFAOYSA-N,Saccharothrix espanaensis,-0.539613505461005,2.8533032514905628e-09,0.539613505461005,negative
HILICZ_negative|IK:SLWWJZMPHJJOPH-PHDIDXHHSA-N,Catenulispora acidiphila,-0.539551833168376,2.8674418452509493e-09,0.539551833168376,negative
HILICZ_negative|IK:WJAOHEPEBANKEO-UHFFFAOYSA-N,Massilia sp. YMA4,-0.5395043209744504,2.878379990483596e-09,0.5395043209744504,negative
HILICZ_negative|IK:WJAOHEPEBANKEO-UHFFFAOYSA-N,Streptomyces albulus,0.5394335426422348,2.8947486634635007e-09,0.5394335426422348,positive
HILICZ_negative|IK:SLWWJZMPHJJOPH-PHDIDXHHSA-N,Kitasatospora aureofaciens,-0.5393645155386256,2.9107983152173524e-09,0.5393645155386256,negative
C18_positive|IK:NGFMICBWJRZIBI-UHFFFAOYSA-N,Halomonas sp. JS92-SW72,-0.5393311036449928,2.918597615878633e-09,0.5393311036449928,negative
C18_negative|IK:NGFMICBWJRZIBI-UHFFFAOYSA-N,Streptomyces albulus,-0.5393173438816247,2.92181536592339e-09,0.5393173438816247,negative
C18_positive|IK:NGFMICBWJRZIBI-UHFFFAOYSA-N,Streptomyces sp. TLI_053,-0.5392196023066488,2.9447705781884236e-09,0.5392196023066488,negative
C18_positive|IK:NGFMICBWJRZIBI-UHFFFAOYSA-N,Micromonospora inositola,-0.5390898224104075,2.975517652448368e-09,0.5390898224104075,negative
C18_negative|IK:NGFMICBWJRZIBI-UHFFFAOYSA-N,Pseudomonas fulva,0.5390272736176694,2.9904462738708854e-09,0.5390272736176694,positive
C18_positive|IK:MMOXZBCLCQITDF-UHFFFAOYSA-N,Frankia sp. EAN1pec,0.5388655646553739,3.029375316385097e-09,0.5388655646553739,positive
C18_positive|IK:UAUDZVJPLUQNMU-KTKRTIGZSA-N,Phycicoccus dokdonensis,-0.5387325181027743,3.061768339304341e-09,0.5387325181027743,negative
HILICZ_negative|IK:WJAOHEPEBANKEO-UHFFFAOYSA-N,Methylosinus trichosporium,0.5387090818579651,3.067508701890945e-09,0.5387090818579651,positive
C18_negative|IK:NGFMICBWJRZIBI-UHFFFAOYSA-N,Pseudopropionibacterium propionicum,-0.5386521388833773,3.08149908614768e-09,0.5386521388833773,negative
C18_positive|IK:NGFMICBWJRZIBI-UHFFFAOYSA-N,Frankia alni,-0.5386150958792606,3.090633058192318e-09,0.5386150958792606,negative
C18_negative|IK:NGFMICBWJRZIBI-UHFFFAOYSA-N,Pseudomonas mediterranea,0.5383595383195559,3.1543590730139492e-09,0.5383595383195559,positive
HILICZ_negative|IK:WJAOHEPEBANKEO-UHFFFAOYSA-N,Massilia armeniaca,-0.5382692808211529,3.17716542494865e-09,0.5382692808211529,negative
C18_negative|IK:NGFMICBWJRZIBI-UHFFFAOYSA-N,Planctomyces sp. SH-PL62,-0.5382350280106849,3.185861786821014e-09,0.5382350280106849,negative
HILICZ_negative|IK:WJAOHEPEBANKEO-UHFFFAOYSA-N,Janthinobacterium svalbardensis,-0.5381489770159903,3.207809898187406e-09,0.5381489770159903,negative
C18_negative|IK:NGFMICBWJRZIBI-UHFFFAOYSA-N,Streptomyces globosus,-0.5379349383826074,3.263033217674232e-09,0.5379349383826074,negative
HILICZ_negative|IK:WJAOHEPEBANKEO-UHFFFAOYSA-N,Janthinobacterium agaricidamnosum,-0.5377421863202311,3.3135437811199947e-09,0.5377421863202311,negative
C18_positive|IK:MMOXZBCLCQITDF-UHFFFAOYSA-N,Nocardiopsis dassonvillei,0.5377079947910852,3.3225816050024583e-09,0.5377079947910852,positive
C18_positive|IK:NGFMICBWJRZIBI-UHFFFAOYSA-N,Nonomuraea sp. ATCC 55076,-0.5376564289200029,3.3362567048470166e-09,0.5376564289200029,negative
HILICZ_positive|IK:PUQSUZTXKPLAPR-UJPOAAIJSA-N,Halomonas sp. JS92-SW72,-0.5375331841554668,3.3691598355777503e-09,0.5375331841554668,negative
HILICZ_positive|IK:PUQSUZTXKPLAPR-UJPOAAIJSA-N,Streptomyces sp. SCSIO 03032,-0.5374097807104858,3.402417012099813e-09,0.5374097807104858,negative
C18_positive|IK:UAUDZVJPLUQNMU-KTKRTIGZSA-N,Chryseolinea sp. KIS68-18,0.5373851393641103,3.409095448101157e-09,0.5373851393641103,positive
C18_positive|IK:NGFMICBWJRZIBI-UHFFFAOYSA-N,Kitasatospora aureofaciens,-0.5373618773977371,3.4154115710831604e-09,0.5373618773977371,negative
C18_negative|IK:NGFMICBWJRZIBI-UHFFFAOYSA-N,Streptomyces clavuligerus,-0.5370346447194114,3.5054603401832878e-09,0.5370346447194114,negative
HILICZ_negative|IK:WJAOHEPEBANKEO-UHFFFAOYSA-N,Pimelobacter simplex,0.5366210178472324,3.6225444448235537e-09,0.5366210178472324,positive
C18_negative|IK:NGFMICBWJRZIBI-UHFFFAOYSA-N,Frankia sp. EAN1pec,-0.5363470273269907,3.7021570579205243e-09,0.5363470273269907,negative
HILICZ_negative|IK:SLWWJZMPHJJOPH-PHDIDXHHSA-N,Kitasatospora setae,-0.5363374396190762,3.704973089651632e-09,0.5363374396190762,negative
HILICZ_negative|IK:WJAOHEPEBANKEO-UHFFFAOYSA-N,Amycolatopsis mediterranei,0.5363172556483379,3.7109080934743872e-09,0.5363172556483379,positive
HILICZ_negative|IK:SLWWJZMPHJJOPH-PHDIDXHHSA-N,Actinomadura amylolytica,-0.53607358139818,3.783282645877206e-09,0.53607358139818,negative
HILICZ_negative|IK:WJAOHEPEBANKEO-UHFFFAOYSA-N,Streptomyces clavuligerus,0.5357923246846007,3.86850260023318e-09,0.5357923246846007,positive
C18_negative|IK:NGFMICBWJRZIBI-UHFFFAOYSA-N,Bradyrhizobium lablabi,-0.5356904967621329,3.899807595013175e-09,0.5356904967621329,negative
HILICZ_negative|IK:WJAOHEPEBANKEO-UHFFFAOYSA-N,Mycobacterium intracellulare,0.5356085814923683,3.925166987329004e-09,0.5356085814923683,positive
C18_positive|IK:NGFMICBWJRZIBI-UHFFFAOYSA-N,Streptomyces niveus,-0.5355699732442178,3.9371741099096726e-09,0.5355699732442178,negative
C18_negative|IK:NGFMICBWJRZIBI-UHFFFAOYSA-N,Nitrobacter hamburgensis,-0.5353976017550769,3.9912124001723446e-09,0.5353976017550769,negative
HILICZ_negative|IK:WJAOHEPEBANKEO-UHFFFAOYSA-N,Pseudomonas lini,-0.5352057812787663,4.052183862091177e-09,0.5352057812787663,negative
C18_negative|IK:NGFMICBWJRZIBI-UHFFFAOYSA-N,Pseudomonas plecoglossicida,0.5350307643160024,4.108592521292487e-09,0.5350307643160024,positive
C18_negative|IK:NGFMICBWJRZIBI-UHFFFAOYSA-N,Pseudomonas mendocina,0.5349488926739088,4.1352378113179906e-09,0.5349488926739088,positive
HILICZ_negative|IK:SLWWJZMPHJJOPH-PHDIDXHHSA-N,Thermomonospora curvata,-0.534946195082383,4.136118561090493e-09,0.534946195082383,negative
C18_negative|IK:NGFMICBWJRZIBI-UHFFFAOYSA-N,Pseudomonas prosekii,0.5349000658733228,4.151207372997875e-09,0.5349000658733228,positive
HILICZ_negative|IK:WJAOHEPEBANKEO-UHFFFAOYSA-N,Clavibacter michiganensis,0.5348272472504724,4.175133723518305e-09,0.5348272472504724,positive
C18_positive|IK:NGFMICBWJRZIBI-UHFFFAOYSA-N,Nakamurella panacisegetis,-0.5347536963530929,4.199434867188266e-09,0.5347536963530929,negative
C18_positive|IK:NGFMICBWJRZIBI-UHFFFAOYSA-N,Kitasatospora setae,-0.5346975137205471,4.218088847572259e-09,0.5346975137205471,negative
C18_positive|IK:NGFMICBWJRZIBI-UHFFFAOYSA-N,Frankia sp. QA3,-0.5345874165124204,4.254874388289248e-09,0.5345874165124204,negative
C18_negative|IK:NGFMICBWJRZIBI-UHFFFAOYSA-N,Granulicella mallensis,-0.534412778626943,4.313855783886399e-09,0.534412778626943,negative
C18_positive|IK:UAUDZVJPLUQNMU-KTKRTIGZSA-N,Intrasporangium calvum,-0.5343017619524564,4.35175670533855e-09,0.5343017619524564,negative
C18_positive|IK:MMOXZBCLCQITDF-UHFFFAOYSA-N,Nocardiopsis gilva,0.5341294574661279,4.411214132249092e-09,0.5341294574661279,positive
C18_positive|IK:UAUDZVJPLUQNMU-KTKRTIGZSA-N,Nakamurella panacisegetis,-0.5340744629772045,4.4303545760284675e-09,0.5340744629772045,negative
HILICZ_negative|IK:WJAOHEPEBANKEO-UHFFFAOYSA-N,Streptomyces lavendulae,0.533909227266603,4.488343872078542e-09,0.533909227266603,positive
C18_negative|IK:NGFMICBWJRZIBI-UHFFFAOYSA-N,Streptomyces sp. fd1-xmd,-0.5337218838202547,4.554972027033293e-09,0.5337218838202547,negative
C18_positive|IK:NGFMICBWJRZIBI-UHFFFAOYSA-N,Pseudomonas sp. K2W31S-8,0.533561489159191,4.612768351100163e-09,0.533561489159191,positive
C18_negative|IK:NGFMICBWJRZIBI-UHFFFAOYSA-N,Streptomyces virus Caliburn,0.5335367403854718,4.6217486479022585e-09,0.5335367403854718,positive
HILICZ_negative|IK:WJAOHEPEBANKEO-UHFFFAOYSA-N,Opitutus sp. GAS368,0.5334758826638619,4.643902706529014e-09,0.5334758826638619,positive
C18_negative|IK:NGFMICBWJRZIBI-UHFFFAOYSA-N,Singulisphaera acidiphila,-0.5334404925991704,4.656832537678763e-09,0.5334404925991704,negative
C18_positive|IK:NGFMICBWJRZIBI-UHFFFAOYSA-N,Pseudomonas brassicacearum,0.5331957898623824,4.747184068331536e-09,0.5331957898623824,positive
C18_positive|IK:MMOXZBCLCQITDF-UHFFFAOYSA-N,Kitasatospora setae,0.5330395010194254,4.80576732967935e-09,0.5330395010194254,positive
C18_negative|IK:NGFMICBWJRZIBI-UHFFFAOYSA-N,Methylosinus trichosporium,-0.5328670579639193,4.87120986325102e-09,0.5328670579639193,negative
C18_negative|IK:NGFMICBWJRZIBI-UHFFFAOYSA-N,Streptomyces virus R4,0.532718333940121,4.928336240266294e-09,0.532718333940121,positive
C18_positive|IK:MMOXZBCLCQITDF-UHFFFAOYSA-N,Plantactinospora sp. KBS50,0.5326404911277557,4.958491890444513e-09,0.5326404911277557,positive
HILICZ_negative|IK:WJAOHEPEBANKEO-UHFFFAOYSA-N,Nocardioides sp. 78,0.532579825177961,4.9821159143685236e-09,0.532579825177961,positive
HILICZ_positive|IK:PUQSUZTXKPLAPR-UJPOAAIJSA-N,Streptacidiphilus sp. DSM 106435,-0.5324638551397195,5.027576560073196e-09,0.5324638551397195,negative
C18_positive|IK:NGFMICBWJRZIBI-UHFFFAOYSA-N,Intrasporangium calvum,-0.532440607185996,5.036737553310923e-09,0.532440607185996,negative
C18_positive|IK:KZSNJWFQEVHDMF-BYPYZUCNSA-N,Kitasatospora aureofaciens,-0.5324387622962681,5.037465227806739e-09,0.5324387622962681,negative
C18_positive|IK:KZSNJWFQEVHDMF-BYPYZUCNSA-N,Kitasatospora sp. MMS16-BH015,-0.5324261867640931,5.042428043477066e-09,0.5324261867640931,negative
C18_negative|IK:NGFMICBWJRZIBI-UHFFFAOYSA-N,Streptomyces katrae,-0.5323293132971649,5.0808156528721614e-09,0.5323293132971649,negative
HILICZ_negative|IK:SLWWJZMPHJJOPH-PHDIDXHHSA-N,Nocardiopsis dassonvillei,-0.5323093198673311,5.088773154297185e-09,0.5323093198673311,negative
C18_positive|IK:NGFMICBWJRZIBI-UHFFFAOYSA-N,Pseudolabrys taiwanensis,-0.5323035058775627,5.0910893970352195e-09,0.5323035058775627,negative
C18_positive|IK:MMOXZBCLCQITDF-UHFFFAOYSA-N,Catenulispora acidiphila,0.5322363392779621,5.117921357868062e-09,0.5322363392779621,positive
C18_negative|IK:NGFMICBWJRZIBI-UHFFFAOYSA-N,Pseudomonas sp. 7SR1,0.5321472209832968,5.1537319529558025e-09,0.5321472209832968,positive
C18_positive|IK:MMOXZBCLCQITDF-UHFFFAOYSA-N,Bradyrhizobium erythrophlei,0.5319674880835649,5.226686374421439e-09,0.5319674880835649,positive
HILICZ_negative|IK:SLWWJZMPHJJOPH-PHDIDXHHSA-N,Streptomyces cattleya,-0.5319394837831977,5.238142199917013e-09,0.5319394837831977,negative
C18_negative|IK:NGFMICBWJRZIBI-UHFFFAOYSA-N,Tessaracoccus sp. T2.5-30,-0.5317039667661715,5.33544292271126e-09,0.5317039667661715,negative
C18_positive|IK:NGFMICBWJRZIBI-UHFFFAOYSA-N,Frankia inefficax,-0.5317006950152132,5.3368067251771276e-09,0.5317006950152132,negative
HILICZ_negative|IK:VRYALKFFQXWPIH-UHFFFAOYSA-N,Granulicella tundricola,-0.5315360914105589,5.405853279132615e-09,0.5315360914105589,negative
C18_negative|IK:NGFMICBWJRZIBI-UHFFFAOYSA-N,Pseudomonas synxantha,0.5313786666868432,5.4726888697358905e-09,0.5313786666868432,positive
HILICZ_negative|IK:WJAOHEPEBANKEO-UHFFFAOYSA-N,Streptomyces sp. 2323.1,0.5313081658126885,5.5028765071825474e-09,0.5313081658126885,positive
HILICZ_negative|IK:SLWWJZMPHJJOPH-PHDIDXHHSA-N,Nocardiopsis gilva,-0.5312128240267596,5.543954652479462e-09,0.5312128240267596,negative
C18_negative|IK:NGFMICBWJRZIBI-UHFFFAOYSA-N,Pseudomonas corrugata,0.5306554421300615,5.790047735015721e-09,0.5306554421300615,positive
C18_positive|IK:KZSNJWFQEVHDMF-BYPYZUCNSA-N,Streptomyces sp. TLI_053,-0.5305674468186912,5.829843441762853e-09,0.5305674468186912,negative
HILICZ_negative|IK:WJAOHEPEBANKEO-UHFFFAOYSA-N,Nitrobacter hamburgensis,0.5301302915499484,6.031462931499354e-09,0.5301302915499484,positive
C18_negative|IK:NGFMICBWJRZIBI-UHFFFAOYSA-N,Gordonia bronchialis,-0.5298471874907843,6.165579200248781e-09,0.5298471874907843,negative
C18_negative|IK:NGFMICBWJRZIBI-UHFFFAOYSA-N,Micromonospora krabiensis,-0.5297562558204645,6.2092597025800496e-09,0.5297562558204645,negative
HILICZ_negative|IK:WJAOHEPEBANKEO-UHFFFAOYSA-N,Pseudomonas frederiksbergensis,-0.5297325156701629,6.220712389333437e-09,0.5297325156701629,negative
C18_positive|IK:MMOXZBCLCQITDF-UHFFFAOYSA-N,Paludisphaera borealis,0.5295629524245724,6.3031033931194986e-09,0.5295629524245724,positive
HILICZ_negative|IK:AAWZDTNXLSGCEK-LNVDRNJUSA-N,Streptacidiphilus sp. DSM 106435,-0.5294830156090683,6.342306474821349e-09,0.5294830156090683,negative
C18_negative|IK:NGFMICBWJRZIBI-UHFFFAOYSA-N,Streptomyces olivoreticuli,-0.5291627734458497,6.501717076388654e-09,0.5291627734458497,negative
HILICZ_negative|IK:WJAOHEPEBANKEO-UHFFFAOYSA-N,Pseudolabrys taiwanensis,0.5291061876027975,6.530280646010116e-09,0.5291061876027975,positive
C18_negative|IK:NGFMICBWJRZIBI-UHFFFAOYSA-N,Jiangella alkaliphila,-0.5290854531027829,6.5407771367661505e-09,0.5290854531027829,negative
HILICZ_positive|IK:RGHHSNMVTDWUBI-UHFFFAOYSA-N,Pseudomonas umsongensis,0.5290408728762946,6.563399892081765e-09,0.5290408728762946,positive
C18_positive|IK:MMOXZBCLCQITDF-UHFFFAOYSA-N,Saccharothrix espanaensis,0.5289533249993329,6.6080454466546e-09,0.5289533249993329,positive
C18_negative|IK:NGFMICBWJRZIBI-UHFFFAOYSA-N,Pseudomonas taetrolens,0.5288458092047474,6.66327190916865e-09,0.5288458092047474,positive
HILICZ_negative|IK:WJAOHEPEBANKEO-UHFFFAOYSA-N,Streptomyces sp. WAC00288,0.5287408818425292,6.717594992475886e-09,0.5287408818425292,positive
HILICZ_negative|IK:WJAOHEPEBANKEO-UHFFFAOYSA-N,Pseudomonas protegens,-0.5286340625232253,6.773333305990082e-09,0.5286340625232253,negative
C18_positive|IK:KZSNJWFQEVHDMF-BYPYZUCNSA-N,Kitasatospora setae,-0.5286311557763473,6.7748562216421144e-09,0.5286311557763473,negative
HILICZ_negative|IK:SLWWJZMPHJJOPH-PHDIDXHHSA-N,Streptomyces albulus,-0.5284912424580279,6.848549402849735e-09,0.5284912424580279,negative
C18_positive|IK:MMOXZBCLCQITDF-UHFFFAOYSA-N,Streptosporangium roseum,0.5284759096410712,6.856671822313715e-09,0.5284759096410712,positive
C18_positive|IK:NGFMICBWJRZIBI-UHFFFAOYSA-N,Actinopolymorpha singaporensis,-0.5283552083235722,6.920935315664061e-09,0.5283552083235722,negative
HILICZ_negative|IK:SLWWJZMPHJJOPH-PHDIDXHHSA-N,Frankia sp. EAN1pec,-0.5283111363253,6.94454351353516e-09,0.5283111363253,negative
C18_positive|IK:NGFMICBWJRZIBI-UHFFFAOYSA-N,Amycolatopsis methanolica,-0.5282285304179756,6.989001285615241e-09,0.5282285304179756,negative
HILICZ_negative|IK:SLWWJZMPHJJOPH-PHDIDXHHSA-N,Pseudomonas reinekei,0.5281817656045026,7.01429043510126e-09,0.5281817656045026,positive
C18_positive|IK:MMOXZBCLCQITDF-UHFFFAOYSA-N,Frankia alni,0.5281670209112085,7.022282128539366e-09,0.5281670209112085,positive
C18_negative|IK:NGFMICBWJRZIBI-UHFFFAOYSA-N,Pseudomonas aeruginosa,0.5280993078946136,7.059095050782433e-09,0.5280993078946136,positive
C18_negative|IK:BJEPYKJPYRNKOW-REOHCLBHSA-N,Pseudomonas kribbensis,0.5279418603544626,7.145409218733334e-09,0.5279418603544626,positive
HILICZ_negative|IK:WJAOHEPEBANKEO-UHFFFAOYSA-N,Gemmata obscuriglobus,0.5278907866905836,7.173624789645262e-09,0.5278907866905836,positive
HILICZ_negative|IK:SLWWJZMPHJJOPH-PHDIDXHHSA-N,Streptomyces xinghaiensis,-0.5278402456381576,7.201651173011642e-09,0.5278402456381576,negative
C18_positive|IK:MMOXZBCLCQITDF-UHFFFAOYSA-N,Micromonospora rifamycinica,0.527816875857949,7.214645785633501e-09,0.527816875857949,positive
C18_negative|IK:NGFMICBWJRZIBI-UHFFFAOYSA-N,Pseudomonas sp. CMR12a,0.5276587155869866,7.30318200805867e-09,0.5276587155869866,positive
C18_negative|IK:NGFMICBWJRZIBI-UHFFFAOYSA-N,Streptomyces sp. 2323.1,-0.5276249146024303,7.322237916515855e-09,0.5276249146024303,negative
HILICZ_negative|IK:SLWWJZMPHJJOPH-PHDIDXHHSA-N,Intrasporangium calvum,-0.5275302606391766,7.375854563417236e-09,0.5275302606391766,negative
C18_positive|IK:KZSNJWFQEVHDMF-BYPYZUCNSA-N,Pseudomonas sp. K2W31S-8,0.5273590816431478,7.473775265015444e-09,0.5273590816431478,positive
C18_positive|IK:NGFMICBWJRZIBI-UHFFFAOYSA-N,Micromonospora purpureochromogenes,-0.5273136971121432,7.499945005803683e-09,0.5273136971121432,negative
C18_negative|IK:NGFMICBWJRZIBI-UHFFFAOYSA-N,Pseudomonas chlororaphis,0.5270944131986877,7.627630584514542e-09,0.5270944131986877,positive
C18_positive|NAME:,Halomonas sp. JS92-SW72,-0.5270138191051021,7.675080478123399e-09,0.5270138191051021,negative
HILICZ_negative|IK:SLWWJZMPHJJOPH-PHDIDXHHSA-N,Pseudomonas sp. K2W31S-8,0.526942504755143,7.71730258104911e-09,0.526942504755143,positive
HILICZ_negative|IK:WJAOHEPEBANKEO-UHFFFAOYSA-N,Nitrobacter winogradskyi,0.526930343116422,7.724525125024863e-09,0.526930343116422,positive
C18_positive|IK:MMOXZBCLCQITDF-UHFFFAOYSA-N,Saccharopolyspora erythraea,0.5268156570219025,7.792953984732834e-09,0.5268156570219025,positive
C18_positive|IK:MMOXZBCLCQITDF-UHFFFAOYSA-N,Frankia sp. QA3,0.5267472976749032,7.834017216361364e-09,0.5267472976749032,positive
C18_positive|IK:NGFMICBWJRZIBI-UHFFFAOYSA-N,Saccharopolyspora erythraea,-0.5266696387123948,7.88091815991267e-09,0.5266696387123948,negative
HILICZ_negative|IK:SLWWJZMPHJJOPH-PHDIDXHHSA-N,Streptomyces albireticuli,-0.526396038727338,8.048306940631633e-09,0.526396038727338,negative
HILICZ_negative|IK:WJAOHEPEBANKEO-UHFFFAOYSA-N,Pseudomonas sp. S09G 359,-0.5261550185127499,8.198579918775155e-09,0.5261550185127499,negative
HILICZ_negative|IK:SLWWJZMPHJJOPH-PHDIDXHHSA-N,Streptomyces sp. Mg1,-0.526039481961701,8.271564793002925e-09,0.526039481961701,negative
HILICZ_negative|IK:SLWWJZMPHJJOPH-PHDIDXHHSA-N,Candidatus Koribacter versatilis,-0.5260304403159415,8.277302614485245e-09,0.5260304403159415,negative
HILICZ_negative|IK:SLWWJZMPHJJOPH-PHDIDXHHSA-N,Frankia alni,-0.5260007741155865,8.29615554821546e-09,0.5260007741155865,negative
C18_positive|IK:RGHHSNMVTDWUBI-UHFFFAOYSA-N,Candidatus Solibacter usitatus,-0.525899182259642,8.361029458999948e-09,0.525899182259642,negative
HILICZ_negative|IK:AAWZDTNXLSGCEK-LNVDRNJUSA-N,Streptomyces sp. TLI_053,-0.5258257898575958,8.408197923801408e-09,0.5258257898575958,negative
HILICZ_negative|IK:SLWWJZMPHJJOPH-PHDIDXHHSA-N,Thermobispora bispora,-0.5258227501389007,8.410157002557882e-09,0.5258227501389007,negative
C18_positive|IK:FATBGEAMYMYZAF-KTKRTIGZSA-N,Nakamurella multipartita,-0.525800399934117,8.424574993392562e-09,0.525800399934117,negative
HILICZ_positive|IK:COLNVLDHVKWLRT-QMMMGPOBSA-N,Streptomyces sp. TLI_053,-0.5256875729145224,8.497721198951874e-09,0.5256875729145224,negative
C18_positive|IK:MMOXZBCLCQITDF-UHFFFAOYSA-N,Mycolicibacter sinensis,0.5256021699026362,8.553492357002586e-09,0.5256021699026362,positive
C18_positive|IK:KZSNJWFQEVHDMF-BYPYZUCNSA-N,Streptacidiphilus sp. DSM 106435,-0.5255261398366454,8.60343746478827e-09,0.5255261398366454,negative
C18_negative|IK:NGFMICBWJRZIBI-UHFFFAOYSA-N,Pseudonocardia sp. HH130630-07,-0.5254930765742143,8.625244170589596e-09,0.5254930765742143,negative
C18_negative|IK:NGFMICBWJRZIBI-UHFFFAOYSA-N,Streptomyces lavendulae,-0.5253331859203307,8.73144833348489e-09,0.5253331859203307,negative
HILICZ_negative|IK:WJAOHEPEBANKEO-UHFFFAOYSA-N,Marmoricola scoriae,0.5253199571737365,8.740291137952085e-09,0.5253199571737365,positive
C18_negative|IK:BJEPYKJPYRNKOW-REOHCLBHSA-N,Pseudomonas entomophila,0.5252833488009356,8.764806870473201e-09,0.5252833488009356,positive
HILICZ_negative|IK:WJAOHEPEBANKEO-UHFFFAOYSA-N,Streptomyces lydicus,0.5251824775551577,8.832699074260434e-09,0.5251824775551577,positive
C18_positive|IK:LVFCLUMIBMHAFL-HMUNZLOLSA-N,Candidatus Solibacter usitatus,-0.5250824928750825,8.900491411787671e-09,0.5250824928750825,negative
HILICZ_negative|IK:WJAOHEPEBANKEO-UHFFFAOYSA-N,Streptomyces sp. NEAU-S7GS2,0.5250634755304934,8.913441966419852e-09,0.5250634755304934,positive
C18_positive|IK:RGHHSNMVTDWUBI-UHFFFAOYSA-N,Pseudomonas reinekei,0.5250588383292385,8.916602573355697e-09,0.5250588383292385,positive
C18_negative|IK:NGFMICBWJRZIBI-UHFFFAOYSA-N,Pseudomonas azotoformans,0.5249947676539354,8.960381642584184e-09,0.5249947676539354,positive
HILICZ_positive|IK:PUQSUZTXKPLAPR-UJPOAAIJSA-N,Frankia sp. EAN1pec,-0.5249384561294276,8.999028832685154e-09,0.5249384561294276,negative
HILICZ_negative|IK:SLWWJZMPHJJOPH-PHDIDXHHSA-N,Frankia sp. QA3,-0.5249091340915175,9.019216005704319e-09,0.5249091340915175,negative
HILICZ_positive|IK:RGHHSNMVTDWUBI-UHFFFAOYSA-N,Streptomyces virus R4,0.5247843143500537,9.10563619164556e-09,0.5247843143500537,positive
C18_positive|IK:MMOXZBCLCQITDF-UHFFFAOYSA-N,Kitasatospora aureofaciens,0.5246617665790746,9.19125446220617e-09,0.5246617665790746,positive
HILICZ_negative|IK:SLWWJZMPHJJOPH-PHDIDXHHSA-N,Chryseolinea sp. KIS68-18,0.524572140166367,9.254359679517308e-09,0.524572140166367,positive
C18_positive|IK:MMOXZBCLCQITDF-UHFFFAOYSA-N,Frankia inefficax,0.5245369771186248,9.279230834872304e-09,0.5245369771186248,positive
C18_positive|IK:MMOXZBCLCQITDF-UHFFFAOYSA-N,Nonomuraea sp. ATCC 55076,0.524400836778429,9.376129179279217e-09,0.524400836778429,positive
HILICZ_negative|IK:VRYALKFFQXWPIH-UHFFFAOYSA-N,Granulicella mallensis,-0.524315492454584,9.437366587220721e-09,0.524315492454584,negative
C18_positive|IK:MMOXZBCLCQITDF-UHFFFAOYSA-N,Amycolatopsis methanolica,0.524130728226608,9.571255865906787e-09,0.524130728226608,positive
C18_positive|IK:NGFMICBWJRZIBI-UHFFFAOYSA-N,Amycolatopsis mediterranei,-0.5241277071293814,9.573460142855879e-09,0.5241277071293814,negative
HILICZ_negative|IK:SLWWJZMPHJJOPH-PHDIDXHHSA-N,Streptomyces rubrolavendulae,-0.5240637499636631,9.620239314160998e-09,0.5240637499636631,negative
HILICZ_positive|IK:COLNVLDHVKWLRT-QMMMGPOBSA-N,Kitasatospora aureofaciens,-0.5239779544474772,9.683335205451207e-09,0.5239779544474772,negative
C18_negative|IK:NGFMICBWJRZIBI-UHFFFAOYSA-N,Streptomyces violaceoruber,-0.5238255819150844,9.796371325421148e-09,0.5238255819150844,negative
C18_negative|IK:NGFMICBWJRZIBI-UHFFFAOYSA-N,Pseudomonas sp. R5-89-07,0.5238104296103874,9.807680732927198e-09,0.5238104296103874,positive
C18_positive|IK:NGFMICBWJRZIBI-UHFFFAOYSA-N,Streptomyces rubrolavendulae,-0.5237816314591908,9.829209623061938e-09,0.5237816314591908,negative
HILICZ_negative|IK:WJAOHEPEBANKEO-UHFFFAOYSA-N,Halomonas sp. JS92-SW72,0.5237452896092875,9.85644261186286e-09,0.5237452896092875,positive
HILICZ_negative|IK:SLWWJZMPHJJOPH-PHDIDXHHSA-N,Streptomyces olivoreticuli,-0.5237152748960234,9.878988781923156e-09,0.5237152748960234,negative
HILICZ_positive|IK:PUQSUZTXKPLAPR-UJPOAAIJSA-N,Streptomyces virus R4,0.5236986513400838,9.89149714868542e-09,0.5236986513400838,positive
C18_positive|IK:MMOXZBCLCQITDF-UHFFFAOYSA-N,Singulisphaera acidiphila,0.5236985590164948,9.891566659740957e-09,0.5236985590164948,positive
C18_positive|IK:NGFMICBWJRZIBI-UHFFFAOYSA-N,Bradyrhizobium lablabi,-0.5236800569549097,9.905506430498238e-09,0.5236800569549097,negative
C18_positive|IK:NGFMICBWJRZIBI-UHFFFAOYSA-N,Phycicoccus dokdonensis,-0.5235531573278852,1.0001622964423827e-08,0.5235531573278852,negative
C18_positive|IK:KZSNJWFQEVHDMF-BYPYZUCNSA-N,Pseudomonas umsongensis,0.5235273330286132,1.002129190417402e-08,0.5235273330286132,positive
HILICZ_positive|IK:PUQSUZTXKPLAPR-UJPOAAIJSA-N,Bradyrhizobium erythrophlei,-0.5234406868023177,1.0087556499425123e-08,0.5234406868023177,negative
C18_positive|IK:NGFMICBWJRZIBI-UHFFFAOYSA-N,Opitutus sp. GAS368,-0.5234206997024409,1.0102901512503854e-08,0.5234206997024409,negative
HILICZ_negative|IK:SLWWJZMPHJJOPH-PHDIDXHHSA-N,Halomonas sp. JS92-SW72,-0.5233357563473595,1.0168366113671772e-08,0.5233357563473595,negative
C18_positive|IK:NJMQSVWMCODQIP-FQXXIRCGSA-N,Pseudomonas umsongensis,0.5231931655425719,1.0279172879811595e-08,0.5231931655425719,positive
C18_negative|IK:BJEPYKJPYRNKOW-REOHCLBHSA-N,Pseudomonas sp. CMR5c,0.5230149692101815,1.0419274336897207e-08,0.5230149692101815,positive
C18_positive|IK:MMOXZBCLCQITDF-UHFFFAOYSA-N,Halomonas sp. JS92-SW72,0.5229623307741672,1.0461008285315787e-08,0.5229623307741672,positive
C18_positive|IK:MMOXZBCLCQITDF-UHFFFAOYSA-N,Amycolatopsis albispora,0.5229269678954109,1.0489135276874707e-08,0.5229269678954109,positive
C18_positive|IK:NGFMICBWJRZIBI-UHFFFAOYSA-N,Streptosporangium sp. 'caverna',-0.5228615199089329,1.0541382537720196e-08,0.5228615199089329,negative
C18_negative|IK:NGFMICBWJRZIBI-UHFFFAOYSA-N,Granulicella tundricola,-0.5227643430135176,1.0619418929066766e-08,0.5227643430135176,negative
C18_negative|IK:NGFMICBWJRZIBI-UHFFFAOYSA-N,Pseudomonas poae,0.522636170005404,1.0723192450655784e-08,0.522636170005404,positive
HILICZ_positive|IK:PUQSUZTXKPLAPR-UJPOAAIJSA-N,Streptomyces cattleya,-0.5223028400595756,1.0997633790374863e-08,0.5223028400595756,negative
C18_positive|IK:MMOXZBCLCQITDF-UHFFFAOYSA-N,Kibdelosporangium phytohabitans,0.5222855035251164,1.1012089941558575e-08,0.5222855035251164,positive
C18_positive|IK:NGFMICBWJRZIBI-UHFFFAOYSA-N,Candidatus Koribacter versatilis,-0.5222554407579011,1.103720105675824e-08,0.5222554407579011,negative
C18_positive|IK:NGFMICBWJRZIBI-UHFFFAOYSA-N,Plantactinospora sp. KBS50,-0.5221590973970562,1.1118045534769761e-08,0.5221590973970562,negative
C18_negative|IK:NGFMICBWJRZIBI-UHFFFAOYSA-N,Pantoea agglomerans,0.522151127317929,1.1124758785593604e-08,0.522151127317929,positive
C18_positive|IK:NGFMICBWJRZIBI-UHFFFAOYSA-N,Micromonospora rifamycinica,-0.5221432831376752,1.1131369780004753e-08,0.5221432831376752,negative
HILICZ_negative|IK:SLWWJZMPHJJOPH-PHDIDXHHSA-N,Streptomyces clavuligerus,-0.5221183109920634,1.1152441102018411e-08,0.5221183109920634,negative
C18_negative|IK:NGFMICBWJRZIBI-UHFFFAOYSA-N,Pseudomonas alkylphenolica,0.5220158838501635,1.1239268610196078e-08,0.5220158838501635,positive
C18_positive|IK:NGFMICBWJRZIBI-UHFFFAOYSA-N,Nakamurella multipartita,-0.521891719955508,1.1345390235576967e-08,0.521891719955508,negative
C18_negative|IK:SMUMBCREXHTKFN-VZOUQOBNSA-N,Pseudomonas reinekei,0.5218721096418855,1.1362238439113225e-08,0.5218721096418855,positive
C18_positive|IK:NGFMICBWJRZIBI-UHFFFAOYSA-N,Pseudomonas vancouverensis,0.5217948044099698,1.142888884881028e-08,0.5217948044099698,positive
C18_negative|IK:NGFMICBWJRZIBI-UHFFFAOYSA-N,Pseudomonas sp. NS1(2017),0.5217518066241117,1.1466122149421703e-08,0.5217518066241117,positive
HILICZ_negative|IK:WJAOHEPEBANKEO-UHFFFAOYSA-N,Friedmanniella sagamiharensis,0.5217064548745409,1.1505519647998687e-08,0.5217064548745409,positive
C18_positive|IK:RGHHSNMVTDWUBI-UHFFFAOYSA-N,Streptacidiphilus sp. DSM 106435,-0.5216958609607721,1.1514741335483806e-08,0.5216958609607721,negative
HILICZ_positive|IK:PUQSUZTXKPLAPR-UJPOAAIJSA-N,Homo sapiens,-0.5216007138220905,1.1597881843122505e-08,0.5216007138220905,negative
C18_positive|IK:KZSNJWFQEVHDMF-BYPYZUCNSA-N,Candidatus Solibacter usitatus,-0.5215264861971852,1.1663141382617958e-08,0.5215264861971852,negative
C18_negative|IK:NGFMICBWJRZIBI-UHFFFAOYSA-N,Pseudomonas fragi,0.5214184557516879,1.1758748144727405e-08,0.5214184557516879,positive
C18_positive|IK:FATBGEAMYMYZAF-KTKRTIGZSA-N,Jiangella sp. DSM 45060,-0.5213899909463728,1.1784064056726232e-08,0.5213899909463728,negative
C18_negative|IK:BJEPYKJPYRNKOW-REOHCLBHSA-N,Pseudomonas sp. DR 5-09,0.5213380059016121,1.1830433013902242e-08,0.5213380059016121,positive
HILICZ_negative|IK:AAWZDTNXLSGCEK-LNVDRNJUSA-N,Kitasatospora aureofaciens,-0.5210943611186377,1.2050093636375031e-08,0.5210943611186377,negative
C18_negative|IK:NGFMICBWJRZIBI-UHFFFAOYSA-N,Pseudonocardia dioxanivorans,-0.5210467400662332,1.2093480599914697e-08,0.5210467400662332,negative
HILICZ_negative|IK:VRYALKFFQXWPIH-UHFFFAOYSA-N,Terriglobus roseus,-0.5210281787085963,1.2110432094946546e-08,0.5210281787085963,negative
C18_negative|IK:NGFMICBWJRZIBI-UHFFFAOYSA-N,Streptomyces sp. NEAU-S7GS2,-0.520919100198979,1.2210510507173152e-08,0.520919100198979,negative
C18_positive|IK:NGFMICBWJRZIBI-UHFFFAOYSA-N,Amycolatopsis sp. AA4,-0.5207993753848146,1.2321267990954988e-08,0.5207993753848146,negative
C18_negative|IK:BJEPYKJPYRNKOW-REOHCLBHSA-N,Pseudomonas sp. Z003-0.4C(8344-21),0.5207983065253871,1.2322261110708315e-08,0.5207983065253871,positive
C18_negative|IK:BJEPYKJPYRNKOW-REOHCLBHSA-N,Pseudomonas granadensis,0.5206468217451015,1.2463789244671413e-08,0.5206468217451015,positive
HILICZ_positive|IK:COLNVLDHVKWLRT-QMMMGPOBSA-N,Kitasatospora sp. MMS16-BH015,-0.5205550117608492,1.2550320664507337e-08,0.5205550117608492,negative
HILICZ_negative|IK:SLWWJZMPHJJOPH-PHDIDXHHSA-N,Streptosporangium roseum,-0.5204983314235232,1.2604028957963044e-08,0.5204983314235232,negative
C18_positive|IK:NGFMICBWJRZIBI-UHFFFAOYSA-N,Pseudomonas fulva,0.5202622991656327,1.2830059650811677e-08,0.5202622991656327,positive
C18_positive|IK:UAUDZVJPLUQNMU-KTKRTIGZSA-N,Homo sapiens,-0.5202002923801458,1.2890079392880153e-08,0.5202002923801458,negative
C18_positive|IK:MMOXZBCLCQITDF-UHFFFAOYSA-N,Kitasatospora sp. MMS16-BH015,0.5201958037536928,1.289443459369062e-08,0.5201958037536928,positive
C18_positive|IK:NGFMICBWJRZIBI-UHFFFAOYSA-N,Pseudomonas lini,0.5201652632072308,1.2924104727342735e-08,0.5201652632072308,positive
HILICZ_negative|IK:WJAOHEPEBANKEO-UHFFFAOYSA-N,Pseudomonas sp. LG1E9,-0.5201006488492977,1.298709307197239e-08,0.5201006488492977,negative
C18_negative|IK:BJEPYKJPYRNKOW-REOHCLBHSA-N,Pseudomonas corrugata,0.5200482302222172,1.3038408349883158e-08,0.5200482302222172,positive
C18_negative|IK:BJEPYKJPYRNKOW-REOHCLBHSA-N,Pseudomonas cedrina,0.5200352131167547,1.3051181507714212e-08,0.5200352131167547,positive
C18_positive|IK:NGFMICBWJRZIBI-UHFFFAOYSA-N,Pseudomonas sp. UW4,0.5199025479288147,1.3182045338461648e-08,0.5199025479288147,positive
C18_positive|IK:NGFMICBWJRZIBI-UHFFFAOYSA-N,Alloactinosynnema sp. L-07,-0.5198677005386657,1.3216627269435414e-08,0.5198677005386657,negative
C18_positive|IK:FATBGEAMYMYZAF-KTKRTIGZSA-N,Nakamurella panacisegetis,-0.5197638971951273,1.3320155163518661e-08,0.5197638971951273,negative
C18_positive|IK:MMOXZBCLCQITDF-UHFFFAOYSA-N,Streptomyces sp. TLI_053,0.5197009697576209,1.3383293003299654e-08,0.5197009697576209,positive
HILICZ_positive|IK:SIOXPEMLGUPBBT-UHFFFAOYSA-N,Pseudomonas reinekei,0.5196302546316897,1.3454586346696125e-08,0.5196302546316897,positive
HILICZ_negative|IK:VRYALKFFQXWPIH-UHFFFAOYSA-N,Streptomyces sp. TLI_053,-0.5196101230810386,1.3474948881185332e-08,0.5196101230810386,negative
C18_positive|IK:MMOXZBCLCQITDF-UHFFFAOYSA-N,Bradyrhizobium sp. BTAi1,0.519488325267615,1.3598774593714125e-08,0.519488325267615,positive
HILICZ_positive|IK:COLNVLDHVKWLRT-QMMMGPOBSA-N,Kitasatospora setae,-0.5194110194632426,1.3677931659600608e-08,0.5194110194632426,negative
HILICZ_negative|IK:AAWZDTNXLSGCEK-LNVDRNJUSA-N,Kitasatospora sp. MMS16-BH015,-0.5194068550874629,1.3682208253546357e-08,0.5194068550874629,negative
C18_negative|IK:BJEPYKJPYRNKOW-REOHCLBHSA-N,Pseudomonas thivervalensis,0.5193107839231753,1.3781224294739166e-08,0.5193107839231753,positive
C18_positive|IK:NGFMICBWJRZIBI-UHFFFAOYSA-N,Micromonospora echinaurantiaca,-0.5191174677176452,1.3982548487475154e-08,0.5191174677176452,negative
HILICZ_negative|IK:AAWZDTNXLSGCEK-LNVDRNJUSA-N,Kitasatospora setae,-0.518757769934802,1.4364660975660638e-08,0.518757769934802,negative
C18_positive|IK:NGFMICBWJRZIBI-UHFFFAOYSA-N,Pseudomonas silesiensis,0.518749482074985,1.4373581990969429e-08,0.518749482074985,positive
C18_positive|IK:NGFMICBWJRZIBI-UHFFFAOYSA-N,Amycolatopsis albispora,-0.5187068971237001,1.4419503913220614e-08,0.5187068971237001,negative
HILICZ_negative|IK:SLWWJZMPHJJOPH-PHDIDXHHSA-N,Nakamurella panacisegetis,-0.5186392080966254,1.4492786140636633e-08,0.5186392080966254,negative
C18_positive|IK:FATBGEAMYMYZAF-KTKRTIGZSA-N,Pseudonocardia sp. HH130630-07,-0.5184989454479885,1.4645774834929445e-08,0.5184989454479885,negative
HILICZ_negative|IK:VRYALKFFQXWPIH-UHFFFAOYSA-N,Streptacidiphilus sp. DSM 106435,-0.5184186219296993,1.473408074784587e-08,0.5184186219296993,negative
C18_positive|IK:NGFMICBWJRZIBI-UHFFFAOYSA-N,Frankia sp. EAN1pec,-0.5184048558444978,1.4749265930378662e-08,0.5184048558444978,negative
C18_positive|IK:LVFCLUMIBMHAFL-HMUNZLOLSA-N,Streptacidiphilus sp. DSM 106435,-0.5183241667395813,1.483857458131692e-08,0.5183241667395813,negative
C18_positive|IK:MMOXZBCLCQITDF-UHFFFAOYSA-N,Bradyrhizobium sp. 2 39S1MB,0.5182783248731202,1.4889543728283887e-08,0.5182783248731202,positive
HILICZ_negative|IK:SLWWJZMPHJJOPH-PHDIDXHHSA-N,Kutzneria albida,-0.5182756513378753,1.4892521454937711e-08,0.5182756513378753,negative
C18_positive|IK:MMOXZBCLCQITDF-UHFFFAOYSA-N,Alloactinosynnema sp. L-07,0.5182180109234451,1.4956858871220404e-08,0.5182180109234451,positive
C18_negative|IK:NGFMICBWJRZIBI-UHFFFAOYSA-N,Pseudonocardia sp. HH130629-09,-0.518190775206136,1.4987351437436524e-08,0.518190775206136,negative
C18_negative|IK:NGFMICBWJRZIBI-UHFFFAOYSA-N,Pseudomonas sp. LG1D9,0.5181370465659528,1.5047679461665117e-08,0.5181370465659528,positive
C18_negative|IK:BJEPYKJPYRNKOW-REOHCLBHSA-N,Pseudomonas sp. 7SR1,0.5181337204603443,1.5051421733789644e-08,0.5181337204603443,positive
C18_positive|IK:NGFMICBWJRZIBI-UHFFFAOYSA-N,Kibdelosporangium phytohabitans,-0.5181164550419018,1.507086173676378e-08,0.5181164550419018,negative
C18_negative|IK:BJEPYKJPYRNKOW-REOHCLBHSA-N,Pseudomonas sp. B10,0.5180096874063411,1.5191611499715448e-08,0.5180096874063411,positive
C18_positive|IK:NGFMICBWJRZIBI-UHFFFAOYSA-N,Streptomyces virus Caliburn,0.5179910467021708,1.5212788059992982e-08,0.5179910467021708,positive
C18_negative|IK:BJEPYKJPYRNKOW-REOHCLBHSA-N,Pseudomonas mediterranea,0.51798391592208,1.5220896368537647e-08,0.51798391592208,positive
HILICZ_negative|IK:SLWWJZMPHJJOPH-PHDIDXHHSA-N,Frankia inefficax,-0.5178919261916695,1.532586805139415e-08,0.5178919261916695,negative
C18_positive|IK:NGFMICBWJRZIBI-UHFFFAOYSA-N,Homo sapiens,-0.5178054925168628,1.5425130523988533e-08,0.5178054925168628,negative
C18_positive|IK:KZSNJWFQEVHDMF-BYPYZUCNSA-N,Pseudomonas plecoglossicida,0.5176918367345372,1.555659209451776e-08,0.5176918367345372,positive
HILICZ_positive|IK:SIOXPEMLGUPBBT-UHFFFAOYSA-N,Pseudomonas vancouverensis,0.5176894648758849,1.5559346924597225e-08,0.5176894648758849,positive
C18_positive|IK:NGFMICBWJRZIBI-UHFFFAOYSA-N,Paludisphaera borealis,-0.5176823180394824,1.556765054522772e-08,0.5176823180394824,negative
C18_negative|IK:NGFMICBWJRZIBI-UHFFFAOYSA-N,Pseudomonas sp. CMR5c,0.5176006117434762,1.5662883625626253e-08,0.5176006117434762,positive
HILICZ_negative|IK:SLWWJZMPHJJOPH-PHDIDXHHSA-N,Nonomuraea sp. ATCC 55076,-0.5175629107393368,1.5707013875809602e-08,0.5175629107393368,negative
C18_positive|IK:MMOXZBCLCQITDF-UHFFFAOYSA-N,Actinosynnema pretiosum,0.5174766276749322,1.580845913763219e-08,0.5174766276749322,positive
C18_positive|IK:NGFMICBWJRZIBI-UHFFFAOYSA-N,Streptomyces xinghaiensis,-0.5174402935957444,1.5851365376557832e-08,0.5174402935957444,negative
C18_positive|IK:MMOXZBCLCQITDF-UHFFFAOYSA-N,Amycolatopsis sp. AA4,0.517438746591718,1.585319467561939e-08,0.517438746591718,positive
HILICZ_negative|IK:SLWWJZMPHJJOPH-PHDIDXHHSA-N,Streptomyces violaceoruber,-0.5173775891075042,1.5925674134626383e-08,0.5173775891075042,negative
C18_positive|IK:RGHHSNMVTDWUBI-UHFFFAOYSA-N,Pseudomonas sp. UW4,0.5173314674002575,1.5980543866773777e-08,0.5173314674002575,positive
HILICZ_negative|IK:RYWDJUUPROVLNV-LXFHESFISA-N,Streptomyces virus Caliburn,0.5172966106980734,1.6022131885653618e-08,0.5172966106980734,positive
C18_positive|IK:NGFMICBWJRZIBI-UHFFFAOYSA-N,Actinosynnema pretiosum,-0.5172388886511167,1.6091228681169713e-08,0.5172388886511167,negative
C18_positive|IK:NGFMICBWJRZIBI-UHFFFAOYSA-N,Streptomyces virus R4,0.5172279273043413,1.6104382249718133e-08,0.5172279273043413,positive
C18_positive|IK:NGFMICBWJRZIBI-UHFFFAOYSA-N,Kytococcus sedentarius,-0.5171266251707719,1.6226432209164484e-08,0.5171266251707719,negative
HILICZ_negative|IK:WJAOHEPEBANKEO-UHFFFAOYSA-N,Streptomyces gilvosporeus,0.5171015492693332,1.625678030332456e-08,0.5171015492693332,positive
HILICZ_negative|IK:WJAOHEPEBANKEO-UHFFFAOYSA-N,Pseudomonas brassicacearum,-0.5170707296236178,1.62941541515751e-08,0.5170707296236178,negative
HILICZ_negative|IK:VRYALKFFQXWPIH-UHFFFAOYSA-N,Kitasatospora aureofaciens,-0.5168846660899016,1.6521538745821055e-08,0.5168846660899016,negative
C18_positive|IK:KZSNJWFQEVHDMF-BYPYZUCNSA-N,Pseudomonas putida,0.5168630073462152,1.65482038797004e-08,0.5168630073462152,positive
HILICZ_negative|IK:WJAOHEPEBANKEO-UHFFFAOYSA-N,Nocardioides sp. 603,0.5166932299356952,1.67586561725762e-08,0.5166932299356952,positive
HILICZ_negative|NAME:,Micromonospora inositola,-0.5166839081466675,1.6770285098924643e-08,0.5166839081466675,negative
C18_positive|IK:RGHHSNMVTDWUBI-UHFFFAOYSA-N,Chryseolinea sp. KIS68-18,0.5166811375113208,1.6773742952895385e-08,0.5166811375113208,positive
HILICZ_positive|IK:COLNVLDHVKWLRT-QMMMGPOBSA-N,Streptacidiphilus sp. DSM 106435,-0.5166622590813866,1.679732208636519e-08,0.5166622590813866,negative
HILICZ_negative|IK:SLWWJZMPHJJOPH-PHDIDXHHSA-N,Pseudomonas brassicacearum,0.5165823374600254,1.689749583304596e-08,0.5165823374600254,positive
HILICZ_positive|IK:SIOXPEMLGUPBBT-UHFFFAOYSA-N,Pseudomonas protegens,0.5164390706043116,1.707849870025552e-08,0.5164390706043116,positive
HILICZ_positive|IK:PUQSUZTXKPLAPR-UJPOAAIJSA-N,Catenulispora acidiphila,-0.5163871643898263,1.7144533431808045e-08,0.5163871643898263,negative
C18_positive|IK:MMOXZBCLCQITDF-UHFFFAOYSA-N,Bradyrhizobium oligotrophicum,0.5162637288045117,1.7302549862336184e-08,0.5162637288045117,positive
HILICZ_negative|IK:SLWWJZMPHJJOPH-PHDIDXHHSA-N,Streptomyces sp. 2323.1,-0.5161179552198911,1.7490956819808094e-08,0.5161179552198911,negative
C18_positive|IK:MMOXZBCLCQITDF-UHFFFAOYSA-N,Planctomyces sp. SH-PL62,0.5160719399215661,1.755083631546699e-08,0.5160719399215661,positive
C18_positive|IK:NGFMICBWJRZIBI-UHFFFAOYSA-N,Streptomyces cattleya,-0.5159765286695236,1.767562000173398e-08,0.5159765286695236,negative
HILICZ_negative|IK:SLWWJZMPHJJOPH-PHDIDXHHSA-N,Nakamurella multipartita,-0.5158925097882339,1.7786206515935498e-08,0.5158925097882339,negative
C18_negative|IK:NGFMICBWJRZIBI-UHFFFAOYSA-N,Pseudomonas yamanorum,0.515882356124476,1.7799615611246206e-08,0.515882356124476,positive
C18_positive|IK:NGFMICBWJRZIBI-UHFFFAOYSA-N,Janibacter indicus,-0.5158699642846124,1.7815993581898605e-08,0.5158699642846124,negative
C18_positive|IK:RGHHSNMVTDWUBI-UHFFFAOYSA-N,Thermomonospora curvata,-0.5157749582637574,1.7942040375969205e-08,0.5157749582637574,negative
C18_negative|IK:BJEPYKJPYRNKOW-REOHCLBHSA-N,Pseudomonas synxantha,0.5157541100231429,1.7969814154962754e-08,0.5157541100231429,positive
C18_positive|IK:FATBGEAMYMYZAF-KTKRTIGZSA-N,Allokutzneria albata,-0.5155107081774625,1.8297129275599513e-08,0.5155107081774625,negative
HILICZ_negative|IK:VRYALKFFQXWPIH-UHFFFAOYSA-N,Candidatus Solibacter usitatus,-0.5154607081062718,1.8365069424489617e-08,0.5154607081062718,negative
C18_positive|IK:KZSNJWFQEVHDMF-BYPYZUCNSA-N,Pseudomonas mendocina,0.5154280666465619,1.8409552791928878e-08,0.5154280666465619,positive
HILICZ_negative|IK:WJAOHEPEBANKEO-UHFFFAOYSA-N,Streptomyces albus,0.5153256884270304,1.85497420824791e-08,0.5153256884270304,positive
C18_positive|IK:RGHHSNMVTDWUBI-UHFFFAOYSA-N,Catenulispora acidiphila,-0.5152940773250748,1.8593233956461565e-08,0.5152940773250748,negative
C18_positive|IK:NGFMICBWJRZIBI-UHFFFAOYSA-N,Streptomyces sp. Mg1,-0.5152823110948915,1.8609447323404093e-08,0.5152823110948915,negative
HILICZ_positive|IK:RGHHSNMVTDWUBI-UHFFFAOYSA-N,Streptomyces virus Caliburn,0.5152522287311214,1.8650961056433064e-08,0.5152522287311214,positive
HILICZ_negative|IK:SLWWJZMPHJJOPH-PHDIDXHHSA-N,Streptomyces sp. fd1-xmd,-0.5151139175798253,1.8842973372535013e-08,0.5151139175798253,negative
C18_positive|IK:NGFMICBWJRZIBI-UHFFFAOYSA-N,Saccharothrix espanaensis,-0.515101172359992,1.8860761930238955e-08,0.515101172359992,negative
C18_positive|IK:NGFMICBWJRZIBI-UHFFFAOYSA-N,Nitrobacter hamburgensis,-0.5150970855952295,1.8866469245506444e-08,0.5150970855952295,negative
C18_positive|IK:NGFMICBWJRZIBI-UHFFFAOYSA-N,Pseudomonas sp. LAB-08,0.5150875822319892,1.887974742491472e-08,0.5150875822319892,positive
C18_negative|IK:BJEPYKJPYRNKOW-REOHCLBHSA-N,Pseudomonas brenneri,0.5150317322105338,1.895796235697589e-08,0.5150317322105338,positive
C18_positive|IK:MMOXZBCLCQITDF-UHFFFAOYSA-N,Streptacidiphilus sp. DSM 106435,0.5150269072297523,1.8964734006605807e-08,0.5150269072297523,positive
C18_positive|IK:MMOXZBCLCQITDF-UHFFFAOYSA-N,Allokutzneria albata,0.5150161055672704,1.8979902056009022e-08,0.5150161055672704,positive
HILICZ_negative|IK:WJAOHEPEBANKEO-UHFFFAOYSA-N,Nocardioides dokdonensis,0.5149704489824249,1.9044142808348152e-08,0.5149704489824249,positive
HILICZ_positive|IK:SIOXPEMLGUPBBT-UHFFFAOYSA-N,Pseudomonas sp. K2W31S-8,0.5149208629626423,1.9114148022901917e-08,0.5149208629626423,positive
C18_negative|IK:NGFMICBWJRZIBI-UHFFFAOYSA-N,Pseudomonas agarici,0.5148192111838775,1.925842960813935e-08,0.5148192111838775,positive
C18_negative|IK:NGFMICBWJRZIBI-UHFFFAOYSA-N,Nocardioides sp. 78,-0.5147552993313367,1.9349676980093714e-08,0.5147552993313367,negative
HILICZ_positive|IK:PUQSUZTXKPLAPR-UJPOAAIJSA-N,Streptomyces virus Caliburn,0.5145654621913102,1.9623153414156067e-08,0.5145654621913102,positive
C18_positive|IK:RGHHSNMVTDWUBI-UHFFFAOYSA-N,Actinomadura amylolytica,-0.5144125158923909,1.9846170616360113e-08,0.5144125158923909,negative
HILICZ_negative|IK:WJAOHEPEBANKEO-UHFFFAOYSA-N,Streptomyces violaceoruber,0.5143977780205122,1.9867788095174748e-08,0.5143977780205122,positive
C18_positive|IK:KZSNJWFQEVHDMF-BYPYZUCNSA-N,Pseudomonas aeruginosa,0.5143535346868792,1.9932819489687504e-08,0.5143535346868792,positive
C18_negative|IK:BJEPYKJPYRNKOW-REOHCLBHSA-N,Pseudomonas sp. NS1(2017),0.5142162722242656,2.013587384886266e-08,0.5142162722242656,positive
HILICZ_negative|IK:SLWWJZMPHJJOPH-PHDIDXHHSA-N,Granulicella mallensis,-0.514061296430398,2.036750943998838e-08,0.514061296430398,negative
HILICZ_negative|IK:SLWWJZMPHJJOPH-PHDIDXHHSA-N,Pseudomonas sp. UW4,0.514053759529488,2.037883925403716e-08,0.514053759529488,positive
C18_positive|IK:NGFMICBWJRZIBI-UHFFFAOYSA-N,Rhodococcus ruber,-0.5139754060294734,2.0496981426672335e-08,0.5139754060294734,negative
C18_negative|IK:NGFMICBWJRZIBI-UHFFFAOYSA-N,Terriglobus roseus,-0.513934346449754,2.055915274264655e-08,0.513934346449754,negative
C18_negative|IK:BJEPYKJPYRNKOW-REOHCLBHSA-N,Pseudomonas sp. CMR12a,0.5139197654344295,2.0581274288965504e-08,0.5139197654344295,positive
HILICZ_negative|IK:WJAOHEPEBANKEO-UHFFFAOYSA-N,Micromonospora inositola,0.5138963075396032,2.0616911146279874e-08,0.5138963075396032,positive
HILICZ_negative|IK:SLWWJZMPHJJOPH-PHDIDXHHSA-N,Streptomyces gilvosporeus,-0.5138798134777478,2.064200398753278e-08,0.5138798134777478,negative
C18_positive|IK:NGFMICBWJRZIBI-UHFFFAOYSA-N,Streptomyces albulus,-0.5138523165515609,2.068390071505572e-08,0.5138523165515609,negative
C18_negative|IK:BJEPYKJPYRNKOW-REOHCLBHSA-N,Pseudomonas aeruginosa,0.5137333911498332,2.0866044238245017e-08,0.5137333911498332,positive
C18_positive|IK:UAUDZVJPLUQNMU-KTKRTIGZSA-N,Janibacter indicus,-0.5137180214271151,2.0889695797528318e-08,0.5137180214271151,negative
C18_negative|IK:NGFMICBWJRZIBI-UHFFFAOYSA-N,Pseudomonas brenneri,0.5135072324260215,2.1216664767042927e-08,0.5135072324260215,positive
C18_positive|IK:MMOXZBCLCQITDF-UHFFFAOYSA-N,Pseudolabrys taiwanensis,0.5134280809634122,2.134070127155789e-08,0.5134280809634122,positive
C18_positive|IK:NGFMICBWJRZIBI-UHFFFAOYSA-N,Granulicella mallensis,-0.5134047886874185,2.1377333943029035e-08,0.5134047886874185,negative
C18_positive|IK:NGFMICBWJRZIBI-UHFFFAOYSA-N,Pseudomonas putida,0.5133476399575048,2.14674689303958e-08,0.5133476399575048,positive
HILICZ_negative|IK:AAWZDTNXLSGCEK-LNVDRNJUSA-N,Streptomyces sp. Mg1,-0.5133413748469283,2.1477372340169772e-08,0.5133413748469283,negative
C18_negative|IK:BJEPYKJPYRNKOW-REOHCLBHSA-N,Pseudomonas moraviensis,0.5132056755735671,2.1692950651903316e-08,0.5132056755735671,positive
C18_positive|IK:LVFCLUMIBMHAFL-HMUNZLOLSA-N,Kitasatospora sp. MMS16-BH015,-0.5131926578005732,2.171373973387021e-08,0.5131926578005732,negative
C18_positive|IK:MMOXZBCLCQITDF-UHFFFAOYSA-N,Streptomyces sp. SCSIO 03032,0.5131609832599545,2.176440284697113e-08,0.5131609832599545,positive
C18_negative|IK:BJEPYKJPYRNKOW-REOHCLBHSA-N,Pseudomonas antarctica,0.5130953278704926,2.186977822593854e-08,0.5130953278704926,positive
C18_positive|IK:NGFMICBWJRZIBI-UHFFFAOYSA-N,Chryseolinea sp. KIS68-18,0.5130729927551302,2.1905736653435404e-08,0.5130729927551302,positive
C18_positive|IK:MMOXZBCLCQITDF-UHFFFAOYSA-N,Candidatus Solibacter usitatus,0.5130027835601437,2.2019138534141122e-08,0.5130027835601437,positive
HILICZ_negative|IK:WJAOHEPEBANKEO-UHFFFAOYSA-N,Bradyrhizobium sp. ORS 3257,0.5129493485180081,2.2105822799746085e-08,0.5129493485180081,positive
C18_positive|IK:NGFMICBWJRZIBI-UHFFFAOYSA-N,Pseudomonas mendocina,0.5129420267478336,2.211772583109495e-08,0.5129420267478336,positive
C18_positive|IK:NGFMICBWJRZIBI-UHFFFAOYSA-N,Pseudomonas thivervalensis,0.5129382448989418,2.2123876398298358e-08,0.5129382448989418,positive
HILICZ_negative|IK:SLWWJZMPHJJOPH-PHDIDXHHSA-N,Streptomyces niveus,-0.5128540135788718,2.226128969424275e-08,0.5128540135788718,negative
C18_positive|IK:NGFMICBWJRZIBI-UHFFFAOYSA-N,Streptomyces albireticuli,-0.5128387290834039,2.2286311841582375e-08,0.5128387290834039,negative
HILICZ_positive|IK:PUQSUZTXKPLAPR-UJPOAAIJSA-N,Kutzneria albida,-0.512836284220724,2.229031680447994e-08,0.512836284220724,negative
C18_positive|IK:MMOXZBCLCQITDF-UHFFFAOYSA-N,Nakamurella panacisegetis,0.5128302640266973,2.2300181500411742e-08,0.5128302640266973,positive
HILICZ_negative|IK:VRYALKFFQXWPIH-UHFFFAOYSA-N,Kitasatospora sp. MMS16-BH015,-0.5128047311438692,2.2342066126072877e-08,0.5128047311438692,negative
C18_positive|IK:NGFMICBWJRZIBI-UHFFFAOYSA-N,Streptomyces clavuligerus,-0.5127924714862069,2.2362203822524384e-08,0.5127924714862069,negative
HILICZ_negative|IK:SLWWJZMPHJJOPH-PHDIDXHHSA-N,Streptomyces sp. NEAU-S7GS2,-0.5127723771952922,2.2395248219992485e-08,0.5127723771952922,negative
C18_negative|IK:NGFMICBWJRZIBI-UHFFFAOYSA-N,Pseudomonas sp. LG1E9,0.5127686675417462,2.2401353726150053e-08,0.5127686675417462,positive
C18_positive|IK:FATBGEAMYMYZAF-KTKRTIGZSA-N,Phycicoccus dokdonensis,-0.5126507680828061,2.2596228944611552e-08,0.5126507680828061,negative
C18_positive|IK:RGHHSNMVTDWUBI-UHFFFAOYSA-N,Kitasatospora sp. MMS16-BH015,-0.5126349520999111,2.262249406469516e-08,0.5126349520999111,negative
C18_positive|IK:NGFMICBWJRZIBI-UHFFFAOYSA-N,Pseudomonas mediterranea,0.5125610029792961,2.2745686940461148e-08,0.5125610029792961,positive
C18_negative|IK:BJEPYKJPYRNKOW-REOHCLBHSA-N,Pseudomonas sp. R5-89-07,0.5124283165947846,2.296834089556394e-08,0.5124283165947846,positive
C18_positive|IK:MMOXZBCLCQITDF-UHFFFAOYSA-N,Gordonia bronchialis,0.5124167388323774,2.2987867470133416e-08,0.5124167388323774,positive
HILICZ_negative|IK:SLWWJZMPHJJOPH-PHDIDXHHSA-N,Streptomyces katrae,-0.5123727145246691,2.30622620782102e-08,0.5123727145246691,negative
C18_negative|IK:BJEPYKJPYRNKOW-REOHCLBHSA-N,Pseudomonas rhodesiae,0.5123695333177766,2.306764675941544e-08,0.5123695333177766,positive
HILICZ_negative|IK:VRYALKFFQXWPIH-UHFFFAOYSA-N,Kitasatospora setae,-0.5123466003796108,2.3106499864258857e-08,0.5123466003796108,negative
C18_positive|IK:KZSNJWFQEVHDMF-BYPYZUCNSA-N,Streptosporangium sp. 'caverna',-0.5122647264468374,2.3245722222816496e-08,0.5122647264468374,negative
C18_positive|IK:UAUDZVJPLUQNMU-KTKRTIGZSA-N,Thermomonospora curvata,-0.512248965526127,2.3272614750967743e-08,0.512248965526127,negative
HILICZ_negative|IK:WJAOHEPEBANKEO-UHFFFAOYSA-N,Rhodopseudomonas palustris,0.5122114838832561,2.333668843565486e-08,0.5122114838832561,positive
HILICZ_positive|IK:PUQSUZTXKPLAPR-UJPOAAIJSA-N,Streptosporangium roseum,-0.5122024765236572,2.3352111351320337e-08,0.5122024765236572,negative
HILICZ_negative|IK:WJAOHEPEBANKEO-UHFFFAOYSA-N,Pseudomonas sp. LBUM920,-0.5121683640846907,2.3410609011883887e-08,0.5121683640846907,negative
C18_positive|IK:RGHHSNMVTDWUBI-UHFFFAOYSA-N,Nocardiopsis dassonvillei,-0.5121463864817781,2.344837145557719e-08,0.5121463864817781,negative
HILICZ_negative|IK:WJAOHEPEBANKEO-UHFFFAOYSA-N,Streptomyces bingchenggensis,0.5121207635639945,2.349247090125141e-08,0.5121207635639945,positive
C18_negative|IK:BJEPYKJPYRNKOW-REOHCLBHSA-N,Pseudomonas mendocina,0.5120624043146962,2.35932088368783e-08,0.5120624043146962,positive
C18_positive|IK:MMOXZBCLCQITDF-UHFFFAOYSA-N,Bradyrhizobium sp. ORS 285,0.5119713710604658,2.375117271393478e-08,0.5119713710604658,positive
C18_negative|IK:NGFMICBWJRZIBI-UHFFFAOYSA-N,Pseudomonas orientalis,0.5119029328506933,2.3870594288824605e-08,0.5119029328506933,positive
HILICZ_negative|IK:AAWZDTNXLSGCEK-LNVDRNJUSA-N,Streptomyces xiamenensis,-0.5117293616866911,2.417604799637996e-08,0.5117293616866911,negative
C18_negative|IK:NGFMICBWJRZIBI-UHFFFAOYSA-N,Pseudomonas sp. URMO17WK12:I11,0.5117204921084025,2.4191756782148745e-08,0.5117204921084025,positive
C18_negative|IK:BJEPYKJPYRNKOW-REOHCLBHSA-N,Pseudomonas sp. LG1D9,0.5117079874461785,2.4213920193045094e-08,0.5117079874461785,positive
C18_positive|IK:RGHHSNMVTDWUBI-UHFFFAOYSA-N,Nocardiopsis gilva,-0.5116946330792975,2.4237611067529067e-08,0.5116946330792975,negative
C18_positive|IK:RGHHSNMVTDWUBI-UHFFFAOYSA-N,Streptomyces sp. SCSIO 03032,-0.5116147759372545,2.4379742160841337e-08,0.5116147759372545,negative
C18_positive|IK:UAUDZVJPLUQNMU-KTKRTIGZSA-N,Actinopolymorpha singaporensis,-0.5115730571392701,2.445431052581964e-08,0.5115730571392701,negative
C18_positive|IK:UAUDZVJPLUQNMU-KTKRTIGZSA-N,Allokutzneria albata,-0.511549429011784,2.449664021934854e-08,0.511549429011784,negative
C18_positive|IK:MMOXZBCLCQITDF-UHFFFAOYSA-N,Bradyrhizobium sp. ORS 278,0.5115302041216163,2.453113321022479e-08,0.5115302041216163,positive
HILICZ_negative|IK:WJAOHEPEBANKEO-UHFFFAOYSA-N,Pseudomonas sp. DR 5-09,-0.5115072797897274,2.457232438041997e-08,0.5115072797897274,negative
C18_positive|IK:MMOXZBCLCQITDF-UHFFFAOYSA-N,Streptosporangium sp. 'caverna',0.5114997081070146,2.4585943942965716e-08,0.5114997081070146,positive
C18_negative|IK:NGFMICBWJRZIBI-UHFFFAOYSA-N,Massilia sp. WG5,0.5114996449355723,2.4586057602935715e-08,0.5114996449355723,positive
C18_negative|IK:SMUMBCREXHTKFN-VZOUQOBNSA-N,Pseudomonas sp. UW4,0.5114441891451541,2.4686029371158488e-08,0.5114441891451541,positive
C18_positive|IK:NGFMICBWJRZIBI-UHFFFAOYSA-N,Pseudomonas plecoglossicida,0.5113973505369095,2.4770769336089058e-08,0.5113973505369095,positive
C18_positive|IK:KZSNJWFQEVHDMF-BYPYZUCNSA-N,Frankia alni,-0.5113919402453959,2.4780575482283284e-08,0.5113919402453959,negative
C18_positive|IK:NGFMICBWJRZIBI-UHFFFAOYSA-N,Methylosinus trichosporium,-0.511370489581967,2.481949132262559e-08,0.511370489581967,negative
C18_positive|IK:NGFMICBWJRZIBI-UHFFFAOYSA-N,Planctomyces sp. SH-PL62,-0.511296836121576,2.4953558820525532e-08,0.511296836121576,negative
HILICZ_positive|IK:PUQSUZTXKPLAPR-UJPOAAIJSA-N,Streptomyces xinghaiensis,-0.5112882054663491,2.4969313988672222e-08,0.5112882054663491,negative
C18_negative|IK:NGFMICBWJRZIBI-UHFFFAOYSA-N,Jiangella sp. DSM 45060,-0.5112134171917098,2.5106238022709916e-08,0.5112134171917098,negative
HILICZ_negative|IK:WJAOHEPEBANKEO-UHFFFAOYSA-N,Streptomyces olivaceus,0.5111468594434032,2.5228696865075215e-08,0.5111468594434032,positive
C18_negative|IK:NGFMICBWJRZIBI-UHFFFAOYSA-N,Burkholderia pseudomallei,-0.5111082924347239,2.5299916963550182e-08,0.5111082924347239,negative
HILICZ_negative|IK:SLWWJZMPHJJOPH-PHDIDXHHSA-N,Streptomyces globosus,-0.5111038060589574,2.5308214237280047e-08,0.5111038060589574,negative
HILICZ_negative|IK:SLWWJZMPHJJOPH-PHDIDXHHSA-N,Pseudomonas vancouverensis,0.5110808483239612,2.5350713877959266e-08,0.5110808483239612,positive
C18_positive|IK:KZSNJWFQEVHDMF-BYPYZUCNSA-N,Frankia sp. QA3,-0.5110714576272801,2.536811770623063e-08,0.5110714576272801,negative
C18_negative|IK:BJEPYKJPYRNKOW-REOHCLBHSA-N,Pseudomonas orientalis,0.5110548227040858,2.539897534110853e-08,0.5110548227040858,positive
C18_negative|IK:NGFMICBWJRZIBI-UHFFFAOYSA-N,Nitrobacter winogradskyi,-0.5109632463887559,2.556949215521197e-08,0.5109632463887559,negative
C18_positive|IK:NGFMICBWJRZIBI-UHFFFAOYSA-N,Pseudopropionibacterium propionicum,-0.5109608998091998,2.557387587877517e-08,0.5109608998091998,negative
HILICZ_negative|IK:AAWZDTNXLSGCEK-LNVDRNJUSA-N,Candidatus Solibacter usitatus,-0.5109331262555667,2.562581518931597e-08,0.5109331262555667,negative
C18_negative|IK:NGFMICBWJRZIBI-UHFFFAOYSA-N,Nocardia brasiliensis,-0.5107673784829132,2.5937883001321136e-08,0.5107673784829132,negative
HILICZ_positive|IK:SIOXPEMLGUPBBT-UHFFFAOYSA-N,Pseudomonas thivervalensis,0.5107369210420968,2.599562163270786e-08,0.5107369210420968,positive
C18_positive|IK:MMOXZBCLCQITDF-UHFFFAOYSA-N,Micromonospora echinaurantiaca,0.5106974313312135,2.6070665825360784e-08,0.5106974313312135,positive
C18_positive|IK:UAUDZVJPLUQNMU-KTKRTIGZSA-N,Frankia alni,-0.5106855231559981,2.609333611440309e-08,0.5106855231559981,negative
C18_negative|IK:SMUMBCREXHTKFN-VZOUQOBNSA-N,Candidatus Solibacter usitatus,-0.5106707242443917,2.6121535931138145e-08,0.5106707242443917,negative
HILICZ_negative|IK:AAWZDTNXLSGCEK-LNVDRNJUSA-N,Streptomyces katrae,-0.5104280073664198,2.65882193000156e-08,0.5104280073664198,negative
HILICZ_negative|IK:WJAOHEPEBANKEO-UHFFFAOYSA-N,Pseudomonas sp. StFLB209,-0.5104177441084886,2.660812755708496e-08,0.5104177441084886,negative
C18_negative|IK:BJEPYKJPYRNKOW-REOHCLBHSA-N,Pseudomonas poae,0.5102980265571554,2.6841405957413565e-08,0.5102980265571554,positive
C18_positive|IK:RGHHSNMVTDWUBI-UHFFFAOYSA-N,Pseudomonas brassicacearum,0.5101655568022291,2.7101811269000564e-08,0.5101655568022291,positive
C18_positive|IK:MMOXZBCLCQITDF-UHFFFAOYSA-N,Bradyrhizobium sp. 3 85S1MB,0.5101637113819482,2.710545594350053e-08,0.5101637113819482,positive
C18_positive|IK:MMOXZBCLCQITDF-UHFFFAOYSA-N,Actinopolymorpha singaporensis,0.5100028181229066,2.7425024948410314e-08,0.5100028181229066,positive
C18_negative|IK:NGFMICBWJRZIBI-UHFFFAOYSA-N,Pseudomonas cedrina,0.509966982805615,2.7496690481229753e-08,0.509966982805615,positive
HILICZ_positive|IK:PUQSUZTXKPLAPR-UJPOAAIJSA-N,Streptomyces niveus,-0.5099359108542217,2.7558974830113283e-08,0.5099359108542217,negative
C18_negative|IK:NGFMICBWJRZIBI-UHFFFAOYSA-N,Pseudomonas mucidolens,0.5099301822656226,2.7570472614814044e-08,0.5099301822656226,positive
C18_positive|IK:UAUDZVJPLUQNMU-KTKRTIGZSA-N,Nocardiopsis dassonvillei,-0.5098495799176471,2.7732735603503073e-08,0.5098495799176471,negative
C18_negative|IK:NGFMICBWJRZIBI-UHFFFAOYSA-N,Pseudomonas sp. LBUM920,0.5098474781853596,2.773697885081313e-08,0.5098474781853596,positive
C18_negative|IK:NGFMICBWJRZIBI-UHFFFAOYSA-N,Lacunisphaera limnophila,-0.5098449123263823,2.774215997804441e-08,0.5098449123263823,negative
HILICZ_positive|IK:SIOXPEMLGUPBBT-UHFFFAOYSA-N,Pseudomonas brassicacearum,0.5098316879509579,2.7768878057497804e-08,0.5098316879509579,positive
HILICZ_negative|IK:SLWWJZMPHJJOPH-PHDIDXHHSA-N,Streptomyces virus Amela,0.5097199770100932,2.799555861116385e-08,0.5097199770100932,positive
C18_positive|IK:UAUDZVJPLUQNMU-KTKRTIGZSA-N,Thermobispora bispora,-0.50961708743565,2.82059029991072e-08,0.50961708743565,negative
C18_negative|IK:SMUMBCREXHTKFN-VZOUQOBNSA-N,Chryseolinea sp. KIS68-18,0.5095648085927471,2.8313358262337984e-08,0.5095648085927471,positive
HILICZ_negative|IK:WJAOHEPEBANKEO-UHFFFAOYSA-N,Pseudomonas sp. Z003-0.4C(8344-21),-0.5095082721713594,2.8430005020278024e-08,0.5095082721713594,negative
C18_positive|IK:FATBGEAMYMYZAF-KTKRTIGZSA-N,Lentzea guizhouensis,-0.5094802471783471,2.8487996733472824e-08,0.5094802471783471,negative
C18_positive|IK:MMOXZBCLCQITDF-UHFFFAOYSA-N,Micromonospora krabiensis,0.5094393377649991,2.857285302189007e-08,0.5094393377649991,positive
HILICZ_negative|IK:WJAOHEPEBANKEO-UHFFFAOYSA-N,Streptomyces sp. HNM0039,0.5093817380425716,2.8692738806217202e-08,0.5093817380425716,positive
C18_positive|IK:NGFMICBWJRZIBI-UHFFFAOYSA-N,Streptomyces globosus,-0.5093382544316575,2.8783562204877594e-08,0.5093382544316575,negative
C18_positive|IK:UAUDZVJPLUQNMU-KTKRTIGZSA-N,Actinomadura amylolytica,-0.5093111098249262,2.8840397872893204e-08,0.5093111098249262,negative
C18_positive|IK:KZSNJWFQEVHDMF-BYPYZUCNSA-N,Candidatus Koribacter versatilis,-0.5091995956951827,2.907501486447924e-08,0.5091995956951827,negative
HILICZ_negative|IK:SLWWJZMPHJJOPH-PHDIDXHHSA-N,Streptomyces lavendulae,-0.5091939084543087,2.9087029133273322e-08,0.5091939084543087,negative
C18_negative|IK:BJEPYKJPYRNKOW-REOHCLBHSA-N,Pseudomonas psychrophila,0.509128233480865,2.9226111422323857e-08,0.509128233480865,positive
C18_positive|IK:UAUDZVJPLUQNMU-KTKRTIGZSA-N,Streptomyces virus Caliburn,0.5090585633155308,2.937434920234183e-08,0.5090585633155308,positive
HILICZ_positive|IK:PUQSUZTXKPLAPR-UJPOAAIJSA-N,Actinomadura amylolytica,-0.5090130569478242,2.9471561168046688e-08,0.5090130569478242,negative
HILICZ_negative|IK:SLWWJZMPHJJOPH-PHDIDXHHSA-N,Streptomyces lydicus,-0.5090122739135282,2.9473236595617486e-08,0.5090122739135282,negative
C18_negative|IK:WJAOHEPEBANKEO-UHFFFAOYSA-N,Massilia sp. WG5,-0.5089976274022264,2.95045919392232e-08,0.5089976274022264,negative
C18_positive|IK:MMOXZBCLCQITDF-UHFFFAOYSA-N,Methylosinus trichosporium,0.5089632351546589,2.9578344457513222e-08,0.5089632351546589,positive
HILICZ_negative|IK:WJAOHEPEBANKEO-UHFFFAOYSA-N,Pseudomonas viridiflava,-0.5089617397529698,2.9581555268402937e-08,0.5089617397529698,negative
HILICZ_negative|IK:RYWDJUUPROVLNV-LXFHESFISA-N,Streptomyces virus R4,0.5089011169297177,2.9712000762947793e-08,0.5089011169297177,positive
HILICZ_negative|IK:COLNVLDHVKWLRT-QMMMGPOBSA-N,Streptomyces virus Caliburn,0.5087771268827098,2.9980511211579065e-08,0.5087771268827098,positive
HILICZ_negative|IK:AAWZDTNXLSGCEK-LNVDRNJUSA-N,Streptomyces albireticuli,-0.5087748545072738,2.998545379871861e-08,0.5087748545072738,negative
C18_positive|IK:LVFCLUMIBMHAFL-HMUNZLOLSA-N,Streptomyces sp. TLI_053,-0.5087260313774918,3.009183608079588e-08,0.5087260313774918,negative
C18_negative|IK:SMUMBCREXHTKFN-VZOUQOBNSA-N,Pseudomonas vancouverensis,0.5087143168113326,3.0117414930905664e-08,0.5087143168113326,positive
C18_negative|IK:NGFMICBWJRZIBI-UHFFFAOYSA-N,Pseudomonas rhodesiae,0.5086583963498899,3.0239804340527615e-08,0.5086583963498899,positive
C18_negative|NAME:,Pseudomonas umsongensis,0.508654340437843,3.0248699710778574e-08,0.508654340437843,positive
HILICZ_negative|IK:AAWZDTNXLSGCEK-LNVDRNJUSA-N,Pseudomonas aeruginosa,0.5086491612380555,3.026006229588951e-08,0.5086491612380555,positive
C18_negative|IK:BJEPYKJPYRNKOW-REOHCLBHSA-N,Pseudomonas taetrolens,0.5086300834347504,3.03019520609489e-08,0.5086300834347504,positive
C18_negative|IK:SMUMBCREXHTKFN-VZOUQOBNSA-N,Pseudomonas silesiensis,0.5086166458409807,3.033149069123058e-08,0.5086166458409807,positive
C18_positive|IK:MMOXZBCLCQITDF-UHFFFAOYSA-N,Homo sapiens,0.5085651442390222,3.044495700209943e-08,0.5085651442390222,positive
C18_positive|IK:FATBGEAMYMYZAF-KTKRTIGZSA-N,Pseudonocardia dioxanivorans,-0.5085638469780498,3.044782030783145e-08,0.5085638469780498,negative
C18_positive|IK:NGFMICBWJRZIBI-UHFFFAOYSA-N,Singulisphaera acidiphila,-0.5085234451948394,3.0537123786769816e-08,0.5085234451948394,negative
C18_positive|IK:MMOXZBCLCQITDF-UHFFFAOYSA-N,Rhodococcus ruber,0.5085123315678939,3.056173304334215e-08,0.5085123315678939,positive
HILICZ_negative|IK:SLWWJZMPHJJOPH-PHDIDXHHSA-N,Granulicella tundricola,-0.5084891841911465,3.0613049877355334e-08,0.5084891841911465,negative
HILICZ_negative|IK:SLWWJZMPHJJOPH-PHDIDXHHSA-N,Allokutzneria albata,-0.5084694030981833,3.065696903920602e-08,0.5084694030981833,negative
HILICZ_positive|IK:SIOXPEMLGUPBBT-UHFFFAOYSA-N,Pseudomonas putida,0.5083696434181698,3.087938061808055e-08,0.5083696434181698,positive
HILICZ_positive|IK:KWIUHFFTVRNATP-UHFFFAOYSA-N,Streptacidiphilus sp. DSM 106435,-0.508350279513294,3.092273027459531e-08,0.508350279513294,negative
HILICZ_negative|IK:SLWWJZMPHJJOPH-PHDIDXHHSA-N,Bradyrhizobium erythrophlei,-0.5082985979803197,3.103871382005428e-08,0.5082985979803197,negative
C18_positive|IK:LVFCLUMIBMHAFL-HMUNZLOLSA-N,Catenulispora acidiphila,-0.5082779433862028,3.108518298095635e-08,0.5082779433862028,negative
C18_positive|IK:KZSNJWFQEVHDMF-BYPYZUCNSA-N,Frankia inefficax,-0.50827506009728,3.109167515400991e-08,0.50827506009728,negative
C18_negative|IK:BJEPYKJPYRNKOW-REOHCLBHSA-N,Pseudomonas agarici,0.5082268533793455,3.120041220634755e-08,0.5082268533793455,positive
C18_positive|IK:RGHHSNMVTDWUBI-UHFFFAOYSA-N,Streptomyces sp. TLI_053,-0.508125932345919,3.142923186070372e-08,0.508125932345919,negative
C18_negative|IK:BJEPYKJPYRNKOW-REOHCLBHSA-N,Pseudomonas fragi,0.5081085685887169,3.1468762299694496e-08,0.5081085685887169,positive
HILICZ_negative|IK:WJAOHEPEBANKEO-UHFFFAOYSA-N,Gemmata sp. SH-PL17,0.507974709524255,3.1775105772599016e-08,0.507974709524255,positive
C18_positive|IK:RGHHSNMVTDWUBI-UHFFFAOYSA-N,Streptomyces xiamenensis,-0.5079140504075716,3.191486377910325e-08,0.5079140504075716,negative
C18_positive|IK:NGFMICBWJRZIBI-UHFFFAOYSA-N,Pseudomonas protegens,0.50789989346232,3.1947565686863444e-08,0.50789989346232,positive
HILICZ_negative|IK:AAWZDTNXLSGCEK-LNVDRNJUSA-N,Streptomyces rubrolavendulae,-0.5078579969848479,3.204453238527923e-08,0.5078579969848479,negative
C18_negative|IK:BJEPYKJPYRNKOW-REOHCLBHSA-N,Pseudomonas trivialis,0.5078506447382393,3.206157766943593e-08,0.5078506447382393,positive
C18_positive|IK:KZSNJWFQEVHDMF-BYPYZUCNSA-N,Pseudomonas reinekei,0.5078119666728524,3.2151390813555723e-08,0.5078119666728524,positive
HILICZ_positive|IK:PUQSUZTXKPLAPR-UJPOAAIJSA-N,Nocardiopsis dassonvillei,-0.5077890832879722,3.220464076556699e-08,0.5077890832879722,negative
HILICZ_positive|IK:FVXDQWZBHIXIEJ-LNDKUQBDSA-N,Chryseolinea sp. KIS68-18,0.5077581247868238,3.2276815778049905e-08,0.5077581247868238,positive
C18_positive|IK:NGFMICBWJRZIBI-UHFFFAOYSA-N,Pseudomonas sp. 7SR1,0.5077327999609383,3.233597165436702e-08,0.5077327999609383,positive
C18_positive|IK:FATBGEAMYMYZAF-KTKRTIGZSA-N,Nonomuraea sp. ATCC 55076,-0.5077033956432369,3.2404786741113425e-08,0.5077033956432369,negative
C18_negative|IK:SMUMBCREXHTKFN-VZOUQOBNSA-N,Pseudomonas sp. LAB-08,0.5076967349758125,3.2420394167189654e-08,0.5076967349758125,positive
C18_positive|IK:RGHHSNMVTDWUBI-UHFFFAOYSA-N,Pseudomonas sp. K2W31S-8,0.5076822153897818,3.2454441689865295e-08,0.5076822153897818,positive
HILICZ_negative|IK:SLWWJZMPHJJOPH-PHDIDXHHSA-N,Micromonospora inositola,-0.5076574890853646,3.2512501985115846e-08,0.5076574890853646,negative
C18_positive|IK:RGHHSNMVTDWUBI-UHFFFAOYSA-N,Thermobispora bispora,-0.5076314585877807,3.2573731924408224e-08,0.5076314585877807,negative
HILICZ_positive|IK:COLNVLDHVKWLRT-QMMMGPOBSA-N,Streptomyces sp. Mg1,-0.5076169269796534,3.260796164563799e-08,0.5076169269796534,negative
C18_positive|IK:FATBGEAMYMYZAF-KTKRTIGZSA-N,Frankia sp. QA3,-0.5075324318429429,3.280767496462492e-08,0.5075324318429429,negative
HILICZ_negative|IK:AAWZDTNXLSGCEK-LNVDRNJUSA-N,Streptomyces cattleya,-0.5073887785197833,3.3149900659309016e-08,0.5073887785197833,negative
HILICZ_negative|IK:AAWZDTNXLSGCEK-LNVDRNJUSA-N,Streptomyces xinghaiensis,-0.5071601315650172,3.370165259031163e-08,0.5071601315650172,negative
HILICZ_negative|IK:SLWWJZMPHJJOPH-PHDIDXHHSA-N,Pseudomonas thivervalensis,0.5071519187813233,3.372163335387784e-08,0.5071519187813233,positive
HILICZ_positive|IK:SIOXPEMLGUPBBT-UHFFFAOYSA-N,Pseudomonas plecoglossicida,0.5071285249723627,3.377860987807424e-08,0.5071285249723627,positive
HILICZ_negative|IK:WJAOHEPEBANKEO-UHFFFAOYSA-N,Pseudomonas brenneri,-0.5070181378002235,3.4048705493898266e-08,0.5070181378002235,negative
C18_positive|IK:UAUDZVJPLUQNMU-KTKRTIGZSA-N,Frankia inefficax,-0.5069414956919355,3.423744607845315e-08,0.5069414956919355,negative
HILICZ_negative|IK:JVQYSWDUAOAHFM-UHFFFAOYSA-N,Halomonas sp. JS92-SW72,-0.5069355862548531,3.4252040229505616e-08,0.5069355862548531,negative
C18_positive|IK:MMOXZBCLCQITDF-UHFFFAOYSA-N,Rhodopseudomonas palustris,0.5068716139149116,3.441040949769195e-08,0.5068716139149116,positive
C18_positive|IK:MMOXZBCLCQITDF-UHFFFAOYSA-N,Bradyrhizobium sp. ORS 3257,0.5068418297661934,3.448438131000058e-08,0.5068418297661934,positive
HILICZ_negative|IK:WJAOHEPEBANKEO-UHFFFAOYSA-N,Streptomyces sp. RTd22,0.506705872476863,3.4823978478693994e-08,0.506705872476863,positive
HILICZ_negative|IK:AAWZDTNXLSGCEK-LNVDRNJUSA-N,Pseudomonas sp. K2W31S-8,0.5066777309761963,3.4894669000158765e-08,0.5066777309761963,positive
C18_positive|IK:FATBGEAMYMYZAF-KTKRTIGZSA-N,Pseudonocardia sp. HH130629-09,-0.5066666693899189,3.492249286173227e-08,0.5066666693899189,negative
C18_negative|IK:SMUMBCREXHTKFN-VZOUQOBNSA-N,Streptacidiphilus sp. DSM 106435,-0.506664705872257,3.4927434028612924e-08,0.506664705872257,negative
C18_positive|IK:UAUDZVJPLUQNMU-KTKRTIGZSA-N,Amycolatopsis mediterranei,-0.5066377765205936,3.499526883691069e-08,0.5066377765205936,negative
C18_positive|IK:UAUDZVJPLUQNMU-KTKRTIGZSA-N,Frankia sp. QA3,-0.5065524793510817,3.521096349944992e-08,0.5065524793510817,negative
HILICZ_negative|IK:WJAOHEPEBANKEO-UHFFFAOYSA-N,Bradyrhizobium sp. 2 39S1MB,0.5065270939106393,3.527540165409135e-08,0.5065270939106393,positive
HILICZ_negative|IK:AAWZDTNXLSGCEK-LNVDRNJUSA-N,Streptomyces lavendulae,-0.506526919059012,3.527584588622858e-08,0.506526919059012,negative
HILICZ_positive|IK:PUQSUZTXKPLAPR-UJPOAAIJSA-N,Thermomonospora curvata,-0.5065210660125733,3.5290719357610774e-08,0.5065210660125733,negative
HILICZ_negative|IK:OKVJCVWFVRATSG-UHFFFAOYSA-N,Streptomyces virus Amela,0.5065186899644878,3.529675896295553e-08,0.5065186899644878,positive
C18_positive|IK:UAUDZVJPLUQNMU-KTKRTIGZSA-N,Nocardiopsis gilva,-0.5065039489580915,3.5334250760029406e-08,0.5065039489580915,negative
C18_positive|IK:UAUDZVJPLUQNMU-KTKRTIGZSA-N,Amycolatopsis methanolica,-0.5065011207508665,3.534144827957122e-08,0.5065011207508665,negative
HILICZ_positive|IK:PUQSUZTXKPLAPR-UJPOAAIJSA-N,Streptomyces albireticuli,-0.506378894592764,3.5653844192683716e-08,0.506378894592764,negative
HILICZ_negative|IK:SLWWJZMPHJJOPH-PHDIDXHHSA-N,Micromonospora viridifaciens,-0.5063174391426716,3.581191228611076e-08,0.5063174391426716,negative
C18_positive|IK:KZSNJWFQEVHDMF-BYPYZUCNSA-N,Pseudomonas stutzeri,0.5062855564034081,3.58941806814719e-08,0.5062855564034081,positive
C18_negative|IK:BJEPYKJPYRNKOW-REOHCLBHSA-N,Pseudomonas sp. LBUM920,0.5062681528690366,3.593916391774028e-08,0.5062681528690366,positive
C18_negative|IK:NGFMICBWJRZIBI-UHFFFAOYSA-N,Pseudomonas trivialis,0.5062633725090144,3.595152922852071e-08,0.5062633725090144,positive
C18_positive|IK:MMOXZBCLCQITDF-UHFFFAOYSA-N,Lacunisphaera limnophila,0.5061952525736091,3.612817667655554e-08,0.5061952525736091,positive
HILICZ_negative|IK:WJAOHEPEBANKEO-UHFFFAOYSA-N,Friedmanniella luteola,0.5061680876428163,3.619885133873419e-08,0.5061680876428163,positive
C18_positive|IK:FATBGEAMYMYZAF-KTKRTIGZSA-N,Cellulomonas fimi,-0.5061083617763874,3.6354704152519196e-08,0.5061083617763874,negative
C18_positive|IK:FATBGEAMYMYZAF-KTKRTIGZSA-N,Kutzneria albida,-0.5060941850531449,3.6391791912477646e-08,0.5060941850531449,negative
C18_negative|IK:NGFMICBWJRZIBI-UHFFFAOYSA-N,Streptomyces sp. WAC00288,-0.5060877526312785,3.64086317062655e-08,0.5060877526312785,negative
C18_positive|IK:KZSNJWFQEVHDMF-BYPYZUCNSA-N,Pseudomonas sp. 02C 26,0.5060529357578217,3.649991001503801e-08,0.5060529357578217,positive
HILICZ_negative|IK:AAWZDTNXLSGCEK-LNVDRNJUSA-N,Streptomyces sp. fd1-xmd,-0.5060334536989592,3.6551080875086453e-08,0.5060334536989592,negative
C18_negative|IK:NGFMICBWJRZIBI-UHFFFAOYSA-N,Pseudomonas sp. DR 5-09,0.5060300913192984,3.655991931049991e-08,0.5060300913192984,positive
C18_positive|IK:FATBGEAMYMYZAF-KTKRTIGZSA-N,Frankia inefficax,-0.5060135441260086,3.6603445436686195e-08,0.5060135441260086,negative
HILICZ_negative|IK:AAWZDTNXLSGCEK-LNVDRNJUSA-N,Streptomyces albulus,-0.5059964237864614,3.6648531289079016e-08,0.5059964237864614,negative
HILICZ_negative|IK:COLNVLDHVKWLRT-QMMMGPOBSA-N,Streptomyces virus R4,0.505952625205406,3.676411503502084e-08,0.505952625205406,positive
HILICZ_positive|IK:PUQSUZTXKPLAPR-UJPOAAIJSA-N,Streptomyces rubrolavendulae,-0.5058940958019856,3.6919116957775827e-08,0.5058940958019856,negative
C18_negative|IK:BJEPYKJPYRNKOW-REOHCLBHSA-N,Pseudomonas brassicacearum,0.5058637737797628,3.699966331129274e-08,0.5058637737797628,positive
HILICZ_negative|NAME:,Pseudomonas umsongensis,0.5058602769111218,3.700896306007752e-08,0.5058602769111218,positive
C18_negative|IK:NGFMICBWJRZIBI-UHFFFAOYSA-N,Pseudomonas antarctica,0.5058038784312222,3.715926083206943e-08,0.5058038784312222,positive
C18_positive|NAME:,Pseudomonas umsongensis,0.5057877038325056,3.7202472427840864e-08,0.5057877038325056,positive
C18_positive|IK:NGFMICBWJRZIBI-UHFFFAOYSA-N,Pantoea agglomerans,0.5057692933776693,3.725171569331623e-08,0.5057692933776693,positive
C18_positive|IK:FATBGEAMYMYZAF-KTKRTIGZSA-N,Frankia alni,-0.5057653144100586,3.7262366596301e-08,0.5057653144100586,negative
C18_negative|IK:BJEPYKJPYRNKOW-REOHCLBHSA-N,Pseudomonas extremorientalis,0.5056811803101844,3.748825913932058e-08,0.5056811803101844,positive
HILICZ_negative|IK:WJAOHEPEBANKEO-UHFFFAOYSA-N,Bradyrhizobium sp. BTAi1,0.5056685570596525,3.7522264104890924e-08,0.5056685570596525,positive
C18_positive|IK:FATBGEAMYMYZAF-KTKRTIGZSA-N,Mycobacterium avium,-0.505591246362882,3.773117022539851e-08,0.505591246362882,negative
C18_positive|IK:NGFMICBWJRZIBI-UHFFFAOYSA-N,Micromonospora krabiensis,-0.5055489297252986,3.7845986766862936e-08,0.5055489297252986,negative
HILICZ_negative|IK:WJAOHEPEBANKEO-UHFFFAOYSA-N,Pseudomonas syringae,-0.5055328869755724,3.78896023050143e-08,0.5055328869755724,negative
HILICZ_negative|IK:AAWZDTNXLSGCEK-LNVDRNJUSA-N,Streptomyces sp. SCSIO 03032,-0.505525669427081,3.790924036359178e-08,0.505525669427081,negative
C18_positive|IK:RGHHSNMVTDWUBI-UHFFFAOYSA-N,Kitasatospora aureofaciens,-0.5055251613758609,3.791062307451731e-08,0.5055251613758609,negative
C18_positive|IK:NGFMICBWJRZIBI-UHFFFAOYSA-N,Pseudomonas taetrolens,0.5055007845784879,3.797702355124107e-08,0.5055007845784879,positive
HILICZ_positive|IK:PUQSUZTXKPLAPR-UJPOAAIJSA-N,Nocardiopsis gilva,-0.50538363571652,3.829768083807838e-08,0.50538363571652,negative
C18_positive|IK:KZSNJWFQEVHDMF-BYPYZUCNSA-N,Singulisphaera acidiphila,-0.5052651149862281,3.862472438394239e-08,0.5052651149862281,negative
C18_positive|IK:UAUDZVJPLUQNMU-KTKRTIGZSA-N,Pseudonocardia sp. HH130630-07,-0.5052261688111181,3.8732772789176104e-08,0.5052261688111181,negative
C18_positive|IK:NGFMICBWJRZIBI-UHFFFAOYSA-N,Pseudomonas prosekii,0.5051986607132718,3.880926245850619e-08,0.5051986607132718,positive
C18_positive|IK:NGFMICBWJRZIBI-UHFFFAOYSA-N,Streptomyces sp. fd1-xmd,-0.5051629721073266,3.890871411357462e-08,0.5051629721073266,negative
HILICZ_negative|IK:SLWWJZMPHJJOPH-PHDIDXHHSA-N,Streptosporangium sp. 'caverna',-0.5051459210593023,3.895631531912792e-08,0.5051459210593023,negative
C18_negative|IK:BJEPYKJPYRNKOW-REOHCLBHSA-N,Pseudomonas sp. K2W31S-8,0.5050809391365528,3.913823508324573e-08,0.5050809391365528,positive
HILICZ_negative|IK:SLWWJZMPHJJOPH-PHDIDXHHSA-N,Actinopolymorpha singaporensis,-0.5050011608062562,3.936268795035681e-08,0.5050011608062562,negative
C18_positive|IK:NJMQSVWMCODQIP-FQXXIRCGSA-N,Nakamurella panacisegetis,-0.504971942166639,3.944520055602448e-08,0.504971942166639,negative
C18_positive|IK:FATBGEAMYMYZAF-KTKRTIGZSA-N,Streptosporangium sp. 'caverna',-0.5049517529777037,3.9502310749669625e-08,0.5049517529777037,negative
C18_positive|IK:MMOXZBCLCQITDF-UHFFFAOYSA-N,Bradyrhizobium lablabi,0.5049445967447367,3.952257290719103e-08,0.5049445967447367,positive
C18_positive|IK:UAUDZVJPLUQNMU-KTKRTIGZSA-N,Streptacidiphilus sp. DSM 106435,-0.5049032537454208,3.963982597612885e-08,0.5049032537454208,negative
C18_positive|IK:KZSNJWFQEVHDMF-BYPYZUCNSA-N,Granulicella tundricola,-0.504901211138099,3.964562762999861e-08,0.504901211138099,negative
C18_negative|IK:NGFMICBWJRZIBI-UHFFFAOYSA-N,Streptomyces gilvosporeus,-0.5048918349965862,3.9672269260288363e-08,0.5048918349965862,negative
HILICZ_negative|IK:WJAOHEPEBANKEO-UHFFFAOYSA-N,Nocardioides sp. CF8,0.5048914754521253,3.967329122036254e-08,0.5048914754521253,positive
C18_negative|IK:BJEPYKJPYRNKOW-REOHCLBHSA-N,Pseudomonas fluorescens,0.5048188111946242,3.9880347203274724e-08,0.5048188111946242,positive
C18_positive|IK:RGHHSNMVTDWUBI-UHFFFAOYSA-N,Pseudomonas vancouverensis,0.5048172276930393,3.9884870845672044e-08,0.5048172276930393,positive
HILICZ_negative|IK:WJAOHEPEBANKEO-UHFFFAOYSA-N,Pseudomonas moraviensis,-0.5047848262023069,3.9977540976433146e-08,0.5047848262023069,negative
C18_positive|IK:LVFCLUMIBMHAFL-HMUNZLOLSA-N,Kitasatospora aureofaciens,-0.5047689418347039,4.002304627968976e-08,0.5047689418347039,negative
C18_positive|IK:MMOXZBCLCQITDF-UHFFFAOYSA-N,Actinoplanes teichomyceticus,0.5047281462875274,4.014014360023949e-08,0.5047281462875274,positive
C18_positive|IK:MMOXZBCLCQITDF-UHFFFAOYSA-N,Burkholderia ambifaria,0.5046366557221743,4.0403944265957504e-08,0.5046366557221743,positive
C18_positive|IK:UAUDZVJPLUQNMU-KTKRTIGZSA-N,Kutzneria albida,-0.5045648080341868,4.061226743528724e-08,0.5045648080341868,negative
C18_positive|IK:FATBGEAMYMYZAF-KTKRTIGZSA-N,Amycolatopsis albispora,-0.5045169843058334,4.0751501208944926e-08,0.5045169843058334,negative
C18_positive|IK:KZSNJWFQEVHDMF-BYPYZUCNSA-N,Pseudomonas brassicacearum,0.5044958860650135,4.0813071371609423e-08,0.5044958860650135,positive
C18_positive|IK:NGFMICBWJRZIBI-UHFFFAOYSA-N,Streptomyces olivoreticuli,-0.5044908721337357,4.0827716391422655e-08,0.5044908721337357,negative
C18_positive|IK:FATBGEAMYMYZAF-KTKRTIGZSA-N,Jiangella alkaliphila,-0.5043550502482972,4.122634903240785e-08,0.5043550502482972,negative
C18_positive|IK:NGFMICBWJRZIBI-UHFFFAOYSA-N,Streptomyces sp. 2323.1,-0.5043334670858309,4.129003622156131e-08,0.5043334670858309,negative
C18_positive|IK:KZSNJWFQEVHDMF-BYPYZUCNSA-N,Actinomadura amylolytica,-0.5043026813939907,4.1381040706201945e-08,0.5043026813939907,negative
C18_negative|IK:BJEPYKJPYRNKOW-REOHCLBHSA-N,Pseudomonas mucidolens,0.5042818619124011,4.144269299274508e-08,0.5042818619124011,positive
HILICZ_positive|IK:PUQSUZTXKPLAPR-UJPOAAIJSA-N,Micromonospora viridifaciens,-0.5042307924525499,4.1594295683579404e-08,0.5042307924525499,negative
HILICZ_negative|IK:SLWWJZMPHJJOPH-PHDIDXHHSA-N,Kytococcus sedentarius,-0.5041970613902131,4.1694718655363414e-08,0.5041970613902131,negative
C18_negative|IK:BJEPYKJPYRNKOW-REOHCLBHSA-N,Pseudomonas fulva,0.5041773919260667,4.1753384768224095e-08,0.5041773919260667,positive
C18_positive|IK:FATBGEAMYMYZAF-KTKRTIGZSA-N,Saccharopolyspora erythraea,-0.5041365154829353,4.187555506928562e-08,0.5041365154829353,negative
HILICZ_negative|IK:WJAOHEPEBANKEO-UHFFFAOYSA-N,Oligotropha carboxidovorans,0.5040747866325052,4.206069578250102e-08,0.5040747866325052,positive
C18_negative|IK:NGFMICBWJRZIBI-UHFFFAOYSA-N,Pseudomonas sp. HLS-6,0.5040574468220265,4.2112842832906526e-08,0.5040574468220265,positive
C18_positive|IK:UAUDZVJPLUQNMU-KTKRTIGZSA-N,Pseudonocardia dioxanivorans,-0.5040434637667143,4.215493988530007e-08,0.5040434637667143,negative
C18_positive|IK:NJMQSVWMCODQIP-FQXXIRCGSA-N,Nocardiopsis dassonvillei,-0.5039679761194052,4.238289629341358e-08,0.5039679761194052,negative
C18_negative|IK:BJEPYKJPYRNKOW-REOHCLBHSA-N,Pseudomonas tolaasii,0.5039453177328956,4.245154915968899e-08,0.5039453177328956,positive
C18_negative|IK:SMUMBCREXHTKFN-VZOUQOBNSA-N,Pseudomonas brassicacearum,0.5038090454520499,4.286668762565737e-08,0.5038090454520499,positive
C18_negative|IK:NGFMICBWJRZIBI-UHFFFAOYSA-N,Pseudomonas monteilii,0.5037989686007427,4.289753912017426e-08,0.5037989686007427,positive
C18_positive|NAME:,Pseudomonas silesiensis,0.5036959861675399,4.32140505197282e-08,0.5036959861675399,positive
C18_positive|IK:KZSNJWFQEVHDMF-BYPYZUCNSA-N,Thermomonospora curvata,-0.5036740320417505,4.328181327394731e-08,0.5036740320417505,negative
C18_positive|IK:NGFMICBWJRZIBI-UHFFFAOYSA-N,Pseudomonas corrugata,0.5036357659119866,4.3400166705756565e-08,0.5036357659119866,positive
C18_positive|IK:KZSNJWFQEVHDMF-BYPYZUCNSA-N,Granulicella mallensis,-0.5035736779680329,4.3592856606323865e-08,0.5035736779680329,negative
C18_positive|IK:UAUDZVJPLUQNMU-KTKRTIGZSA-N,Opitutus sp. GAS368,-0.5035539393888537,4.3654286261121524e-08,0.5035539393888537,negative
C18_positive|NAME:,Pseudomonas reinekei,0.5035250342436238,4.3744392960646076e-08,0.5035250342436238,positive
C18_positive|IK:MMOXZBCLCQITDF-UHFFFAOYSA-N,Pseudopropionibacterium propionicum,0.5035211424568986,4.375653848040565e-08,0.5035211424568986,positive
HILICZ_negative|IK:JVQYSWDUAOAHFM-UHFFFAOYSA-N,Mycobacterium sp. JS623,0.503502665219223,4.381424635312479e-08,0.503502665219223,positive
C18_positive|IK:LVFCLUMIBMHAFL-HMUNZLOLSA-N,Kitasatospora setae,-0.5035013178058634,4.381845741974637e-08,0.5035013178058634,negative
HILICZ_negative|IK:WJAOHEPEBANKEO-UHFFFAOYSA-N,Nocardioides sp. JS614,0.5034125987739244,4.4096583001010514e-08,0.5034125987739244,positive
HILICZ_positive|IK:COLNVLDHVKWLRT-QMMMGPOBSA-N,Streptomyces katrae,-0.5033660254151523,4.4243260027008616e-08,0.5033660254151523,negative
C18_positive|IK:LVFCLUMIBMHAFL-HMUNZLOLSA-N,Chryseolinea sp. KIS68-18,0.5033141285211423,4.440725175611212e-08,0.5033141285211423,positive
C18_positive|IK:NJMQSVWMCODQIP-FQXXIRCGSA-N,Nocardiopsis gilva,-0.5032967949427575,4.4462154257142084e-08,0.5032967949427575,negative
C18_positive|IK:NJMQSVWMCODQIP-FQXXIRCGSA-N,Intrasporangium calvum,-0.5032843662786572,4.450156079781793e-08,0.5032843662786572,negative
C18_positive|IK:NGFMICBWJRZIBI-UHFFFAOYSA-N,Streptomyces katrae,-0.5032557477010907,4.459242623489131e-08,0.5032557477010907,negative
C18_positive|IK:NGFMICBWJRZIBI-UHFFFAOYSA-N,Pseudomonas synxantha,0.5032405416162539,4.464077838712503e-08,0.5032405416162539,positive
C18_negative|IK:BJEPYKJPYRNKOW-REOHCLBHSA-N,Pseudomonas chlororaphis,0.5031930964850247,4.479196598920861e-08,0.5031930964850247,positive
C18_positive|IK:NGFMICBWJRZIBI-UHFFFAOYSA-N,Gordonia bronchialis,-0.5031619980761862,4.489132867106203e-08,0.5031619980761862,negative
C18_positive|IK:NJMQSVWMCODQIP-FQXXIRCGSA-N,Nakamurella multipartita,-0.5031570948769156,4.490701410664246e-08,0.5031570948769156,negative
C18_negative|IK:NGFMICBWJRZIBI-UHFFFAOYSA-N,Streptomyces lydicus,-0.5031336354844048,4.498213364693305e-08,0.5031336354844048,negative
C18_negative|IK:NGFMICBWJRZIBI-UHFFFAOYSA-N,Pimelobacter simplex,-0.5031193227827829,4.502802341149705e-08,0.5031193227827829,negative
C18_positive|IK:LVFCLUMIBMHAFL-HMUNZLOLSA-N,Thermomonospora curvata,-0.5031042681750176,4.507634014146046e-08,0.5031042681750176,negative
C18_positive|IK:RGHHSNMVTDWUBI-UHFFFAOYSA-N,Kutzneria albida,-0.5031028272906406,4.508096715638505e-08,0.5031028272906406,negative
C18_positive|IK:UAUDZVJPLUQNMU-KTKRTIGZSA-N,Rhodococcus ruber,-0.5030885129603212,4.5126958444425254e-08,0.5030885129603212,negative
HILICZ_negative|IK:SLWWJZMPHJJOPH-PHDIDXHHSA-N,Pseudomonas putida,0.5030838563305011,4.514192964023551e-08,0.5030838563305011,positive
HILICZ_negative|IK:AAWZDTNXLSGCEK-LNVDRNJUSA-N,Pseudomonas mendocina,0.5030715413800233,4.518154541595905e-08,0.5030715413800233,positive
C18_positive|IK:FATBGEAMYMYZAF-KTKRTIGZSA-N,Janibacter indicus,-0.5029894195664842,4.544657201649687e-08,0.5029894195664842,negative
C18_positive|IK:FATBGEAMYMYZAF-KTKRTIGZSA-N,Amycolatopsis methanolica,-0.5029861639972755,4.5457109047101556e-08,0.5029861639972755,negative
C18_positive|IK:RGHHSNMVTDWUBI-UHFFFAOYSA-N,Streptosporangium roseum,-0.502968003154445,4.5515931563351055e-08,0.502968003154445,negative
C18_positive|IK:KZSNJWFQEVHDMF-BYPYZUCNSA-N,Pseudomonas thivervalensis,0.5029633734240228,4.5530938768588875e-08,0.5029633734240228,positive
C18_positive|IK:LVFCLUMIBMHAFL-HMUNZLOLSA-N,Actinomadura amylolytica,-0.5029259387936182,4.565245628944116e-08,0.5029259387936182,negative
HILICZ_positive|IK:KWIUHFFTVRNATP-UHFFFAOYSA-N,Thermomonospora curvata,-0.5029212675555943,4.5667641434013214e-08,0.5029212675555943,negative
C18_positive|IK:UAUDZVJPLUQNMU-KTKRTIGZSA-N,Kytococcus sedentarius,-0.5029028179148167,4.57276642317285e-08,0.5029028179148167,negative
HILICZ_positive|IK:PUQSUZTXKPLAPR-UJPOAAIJSA-N,Kitasatospora sp. MMS16-BH015,-0.5028377775957366,4.5939863481134016e-08,0.5028377775957366,negative
C18_positive|IK:NJMQSVWMCODQIP-FQXXIRCGSA-N,Actinomadura amylolytica,-0.5028279967400734,4.59718555356111e-08,0.5028279967400734,negative
HILICZ_negative|IK:JVQYSWDUAOAHFM-UHFFFAOYSA-N,Mesorhizobium amorphae,0.5028180550131339,4.600439558531243e-08,0.5028180550131339,positive
C18_positive|IK:LVFCLUMIBMHAFL-HMUNZLOLSA-N,Pseudomonas umsongensis,0.5028088468944657,4.6034554098404183e-08,0.5028088468944657,positive
C18_positive|IK:KZSNJWFQEVHDMF-BYPYZUCNSA-N,Pseudomonas fulva,0.5027411620382632,4.625681633476855e-08,0.5027411620382632,positive
C18_positive|IK:FATBGEAMYMYZAF-KTKRTIGZSA-N,Saccharothrix espanaensis,-0.5027361312335292,4.627337724788991e-08,0.5027361312335292,negative
HILICZ_negative|IK:OKVJCVWFVRATSG-UHFFFAOYSA-N,Pseudomonas umsongensis,0.5026997690727345,4.639324637724612e-08,0.5026997690727345,positive
HILICZ_negative|IK:WJAOHEPEBANKEO-UHFFFAOYSA-N,Pseudomonas sp. B10,-0.5026683485239967,4.6497064085923925e-08,0.5026683485239967,negative
HILICZ_negative|IK:PFTAWBLQPZVEMU-UHFFFAOYSA-N,Micromonospora inositola,-0.5026168880067252,4.666757594368e-08,0.5026168880067252,negative
C18_positive|IK:NGFMICBWJRZIBI-UHFFFAOYSA-N,Tessaracoccus sp. T2.5-30,-0.5025619760163843,4.68501825882226e-08,0.5025619760163843,negative
C18_negative|IK:BJEPYKJPYRNKOW-REOHCLBHSA-N,Pseudomonas palleroniana,0.5025553630191432,4.6872219707466036e-08,0.5025553630191432,positive
HILICZ_positive|IK:RGHHSNMVTDWUBI-UHFFFAOYSA-N,Pseudomonas sp. K2W31S-8,0.5025495322954984,4.689165819349476e-08,0.5025495322954984,positive
C18_positive|IK:FATBGEAMYMYZAF-KTKRTIGZSA-N,Nocardiopsis dassonvillei,-0.502534017700968,4.694341830245692e-08,0.502534017700968,negative
HILICZ_negative|IK:WJAOHEPEBANKEO-UHFFFAOYSA-N,Streptomyces virus Caliburn,-0.5025324632055378,4.694860744827069e-08,0.5025324632055378,negative
C18_negative|IK:BJEPYKJPYRNKOW-REOHCLBHSA-N,Pseudomonas sp. HLS-6,0.5024996859063081,4.7058150766532536e-08,0.5024996859063081,positive
C18_positive|IK:NGFMICBWJRZIBI-UHFFFAOYSA-N,Pseudomonas aeruginosa,0.5024821441652693,4.711687633839878e-08,0.5024821441652693,positive
C18_positive|IK:MMOXZBCLCQITDF-UHFFFAOYSA-N,Streptomyces xiamenensis,0.5024615624541253,4.718586823596284e-08,0.5024615624541253,positive
HILICZ_negative|IK:SLWWJZMPHJJOPH-PHDIDXHHSA-N,Pseudomonas plecoglossicida,0.5024266960281458,4.7302964084417155e-08,0.5024266960281458,positive
C18_positive|IK:LVFCLUMIBMHAFL-HMUNZLOLSA-N,Streptomyces sp. SCSIO 03032,-0.5023921789103816,4.741916011795947e-08,0.5023921789103816,negative
C18_positive|IK:NGFMICBWJRZIBI-UHFFFAOYSA-N,Pseudomonas sp. CMR12a,0.5023867195157611,4.7437563192083886e-08,0.5023867195157611,positive
C18_positive|IK:FATBGEAMYMYZAF-KTKRTIGZSA-N,Alloactinosynnema sp. L-07,-0.502338302956924,4.760106930299677e-08,0.502338302956924,negative
HILICZ_negative|IK:AAWZDTNXLSGCEK-LNVDRNJUSA-N,Pseudomonas stutzeri,0.5022642890470483,4.785206005617356e-08,0.5022642890470483,positive
HILICZ_positive|IK:COLNVLDHVKWLRT-QMMMGPOBSA-N,Pseudomonas sp. K2W31S-8,0.5022639333317515,4.785326937876509e-08,0.5022639333317515,positive
C18_negative|IK:BJEPYKJPYRNKOW-REOHCLBHSA-N,Pseudomonas versuta,0.5022505517085536,4.7898783987310786e-08,0.5022505517085536,positive
C18_positive|IK:UAUDZVJPLUQNMU-KTKRTIGZSA-N,Pseudonocardia sp. HH130629-09,-0.5021980327666264,4.8077815285496603e-08,0.5021980327666264,negative
C18_positive|IK:LVFCLUMIBMHAFL-HMUNZLOLSA-N,Streptomyces xiamenensis,-0.5020453428097725,4.8601955300317665e-08,0.5020453428097725,negative
HILICZ_positive|IK:KWIUHFFTVRNATP-UHFFFAOYSA-N,Candidatus Solibacter usitatus,-0.5020370465810774,4.8630589558050953e-08,0.5020370465810774,negative
C18_positive|IK:MMOXZBCLCQITDF-UHFFFAOYSA-N,Micromonospora purpureochromogenes,0.5020269835519575,4.866534351112061e-08,0.5020269835519575,positive
C18_positive|IK:NJMQSVWMCODQIP-FQXXIRCGSA-N,Thermomonospora curvata,-0.502020533863194,4.868763080338841e-08,0.502020533863194,negative
HILICZ_negative|IK:WJAOHEPEBANKEO-UHFFFAOYSA-N,Pseudomonas antarctica,-0.5020048317547828,4.874193115123684e-08,0.5020048317547828,negative
HILICZ_negative|IK:WJAOHEPEBANKEO-UHFFFAOYSA-N,Pseudomonas orientalis,-0.5019933827226224,4.878156014576777e-08,0.5019933827226224,negative
C18_negative|IK:NGFMICBWJRZIBI-UHFFFAOYSA-N,Pseudomonas sp. NC02,0.5019423277444728,4.895865360377777e-08,0.5019423277444728,positive
HILICZ_positive|IK:PUQSUZTXKPLAPR-UJPOAAIJSA-N,Pseudolabrys taiwanensis,-0.5019397447854228,4.896762936145681e-08,0.5019397447854228,negative
HILICZ_positive|IK:PUQSUZTXKPLAPR-UJPOAAIJSA-N,Rhodococcus sp. MTM3W5.2,-0.5018620420589712,4.923838140989529e-08,0.5018620420589712,negative
HILICZ_positive|IK:COLNVLDHVKWLRT-QMMMGPOBSA-N,Pseudomonas aeruginosa,0.5018497969717085,4.928117909938009e-08,0.5018497969717085,positive
C18_positive|IK:LVFCLUMIBMHAFL-HMUNZLOLSA-N,Bradyrhizobium erythrophlei,-0.5018412741002428,4.9310988270803196e-08,0.5018412741002428,negative
HILICZ_negative|IK:SLWWJZMPHJJOPH-PHDIDXHHSA-N,Phycicoccus dokdonensis,-0.5018392361946572,4.931811849824442e-08,0.5018392361946572,negative
C18_positive|IK:FATBGEAMYMYZAF-KTKRTIGZSA-N,Actinopolymorpha singaporensis,-0.5018158719280078,4.9399935810688836e-08,0.5018158719280078,negative
C18_positive|IK:KZSNJWFQEVHDMF-BYPYZUCNSA-N,Micromonospora inositola,-0.5017422023014736,4.965876259728099e-08,0.5017422023014736,negative
HILICZ_positive|IK:MMOXZBCLCQITDF-UHFFFAOYSA-N,Opitutus sp. GAS368,0.5016874284486419,4.985204077579471e-08,0.5016874284486419,positive
HILICZ_negative|IK:SLWWJZMPHJJOPH-PHDIDXHHSA-N,Terriglobus roseus,-0.5016613023761822,4.994448356416485e-08,0.5016613023761822,negative
HILICZ_negative|IK:WJAOHEPEBANKEO-UHFFFAOYSA-N,Pseudomonas sp. R5-89-07,-0.5016437793398558,5.0006577615270194e-08,0.5016437793398558,negative
HILICZ_positive|IK:PUQSUZTXKPLAPR-UJPOAAIJSA-N,Streptomyces sp. 2323.1,-0.5015343526072787,5.039600922997279e-08,0.5015343526072787,negative
C18_positive|IK:NGFMICBWJRZIBI-UHFFFAOYSA-N,Granulicella tundricola,-0.5015281757122843,5.041807789866107e-08,0.5015281757122843,negative
C18_positive|IK:FATBGEAMYMYZAF-KTKRTIGZSA-N,Thermobispora bispora,-0.5015242241679635,5.043220072500192e-08,0.5015242241679635,negative
HILICZ_positive|IK:COLNVLDHVKWLRT-QMMMGPOBSA-N,Candidatus Solibacter usitatus,-0.5014900063846992,5.055465321924739e-08,0.5014900063846992,negative
HILICZ_positive|IK:KWIUHFFTVRNATP-UHFFFAOYSA-N,Frankia sp. QA3,-0.5013888894036858,5.091817386215858e-08,0.5013888894036858,negative
C18_negative|IK:SMUMBCREXHTKFN-VZOUQOBNSA-N,Pseudomonas sp. K2W31S-8,0.5013849792112822,5.09322812038886e-08,0.5013849792112822,positive
HILICZ_negative|IK:SLWWJZMPHJJOPH-PHDIDXHHSA-N,Streptomyces albus,-0.5012972212247145,5.1249881373797933e-08,0.5012972212247145,negative
C18_negative|IK:NGFMICBWJRZIBI-UHFFFAOYSA-N,Rhodococcus erythropolis,-0.5012867114354196,5.128804332786159e-08,0.5012867114354196,negative
C18_negative|IK:NGFMICBWJRZIBI-UHFFFAOYSA-N,Rhodococcus sp. MTM3W5.2,-0.5012224966411025,5.152180280154809e-08,0.5012224966411025,negative
HILICZ_positive|IK:KWIUHFFTVRNATP-UHFFFAOYSA-N,Actinomadura amylolytica,-0.5012075960430725,5.157619029629974e-08,0.5012075960430725,negative
C18_negative|IK:BJEPYKJPYRNKOW-REOHCLBHSA-N,Pseudomonas azotoformans,0.501131519578985,5.185472647153143e-08,0.501131519578985,positive
C18_negative|IK:BJEPYKJPYRNKOW-REOHCLBHSA-N,Pseudomonas sp. LG1E9,0.5011060050030897,5.194846331024133e-08,0.5011060050030897,positive
C18_positive|IK:KZSNJWFQEVHDMF-BYPYZUCNSA-N,Frankia sp. EAN1pec,-0.5010283981486644,5.2234575077121494e-08,0.5010283981486644,negative
C18_negative|IK:NGFMICBWJRZIBI-UHFFFAOYSA-N,Pseudomonas versuta,0.5010211756717764,5.2261278440967096e-08,0.5010211756717764,positive
HILICZ_negative|IK:WJAOHEPEBANKEO-UHFFFAOYSA-N,Rhodococcus erythropolis,0.5009667629632902,5.24628756919889e-08,0.5009667629632902,positive
C18_negative|IK:NGFMICBWJRZIBI-UHFFFAOYSA-N,Pseudomonas cichorii,0.5009550815061111,5.250625180125788e-08,0.5009550815061111,positive
C18_positive|IK:FATBGEAMYMYZAF-KTKRTIGZSA-N,Friedmanniella luteola,-0.5009500427534117,5.2524972491584564e-08,0.5009500427534117,negative
C18_positive|NAME:,Pseudomonas brassicacearum,0.500898493870796,5.2716860684096634e-08,0.500898493870796,positive
C18_negative|IK:SMUMBCREXHTKFN-VZOUQOBNSA-N,Pseudomonas lini,0.5008384946856718,5.294104760637657e-08,0.5008384946856718,positive
C18_positive|IK:RGHHSNMVTDWUBI-UHFFFAOYSA-N,Kitasatospora setae,-0.5008230210103649,5.2999012464332147e-08,0.5008230210103649,negative
C18_positive|IK:KZSNJWFQEVHDMF-BYPYZUCNSA-N,Streptomyces sp. SCSIO 03032,-0.5008186928754432,5.301523663084707e-08,0.5008186928754432,negative
HILICZ_negative|IK:WJAOHEPEBANKEO-UHFFFAOYSA-N,Streptomyces sp. 4F,0.5007937551756289,5.310880888883766e-08,0.5007937551756289,positive
HILICZ_positive|IK:PUQSUZTXKPLAPR-UJPOAAIJSA-N,Kitasatospora setae,-0.5007753991050695,5.317778601598943e-08,0.5007753991050695,negative
C18_positive|IK:KZSNJWFQEVHDMF-BYPYZUCNSA-N,Pseudomonas entomophila,0.5007195358826095,5.338823146563016e-08,0.5007195358826095,positive
HILICZ_negative|IK:SLWWJZMPHJJOPH-PHDIDXHHSA-N,Amycolatopsis methanolica,-0.5006989441784424,5.34660039940163e-08,0.5006989441784424,negative
C18_positive|IK:FATBGEAMYMYZAF-KTKRTIGZSA-N,Gordonia bronchialis,-0.500694602939949,5.348241415899896e-08,0.500694602939949,negative
C18_positive|IK:NGFMICBWJRZIBI-UHFFFAOYSA-N,Pseudomonas sp. R5-89-07,0.5006837971554438,5.352328161396505e-08,0.5006837971554438,positive
C18_negative|IK:BJEPYKJPYRNKOW-REOHCLBHSA-N,Frankia sp. EAN1pec,-0.500639654882012,5.3690537477021886e-08,0.500639654882012,negative
C18_positive|IK:FATBGEAMYMYZAF-KTKRTIGZSA-N,Actinomadura amylolytica,-0.5005236268123728,5.413255284674872e-08,0.5005236268123728,negative
C18_positive|IK:FATBGEAMYMYZAF-KTKRTIGZSA-N,Thermomonospora curvata,-0.5004783721225667,5.430589309604121e-08,0.5004783721225667,negative
HILICZ_negative|IK:WJAOHEPEBANKEO-UHFFFAOYSA-N,Pseudomonas trivialis,-0.5004440278017072,5.4437796618692706e-08,0.5004440278017072,negative
C18_positive|IK:RGHHSNMVTDWUBI-UHFFFAOYSA-N,Nakamurella panacisegetis,-0.5004135234637097,5.4555208655469665e-08,0.5004135234637097,negative
HILICZ_negative|IK:WJAOHEPEBANKEO-UHFFFAOYSA-N,Pseudomonas fluorescens,-0.5003813517329132,5.46793004647818e-08,0.5003813517329132,negative
C18_negative|IK:NGFMICBWJRZIBI-UHFFFAOYSA-N,Pseudomonas extremaustralis,0.5003647010097518,5.474363090068668e-08,0.5003647010097518,positive
HILICZ_negative|IK:WJAOHEPEBANKEO-UHFFFAOYSA-N,Pseudomonas rhizosphaerae,-0.500338915657643,5.484339578629863e-08,0.500338915657643,negative
C18_positive|IK:NJMQSVWMCODQIP-FQXXIRCGSA-N,Streptomyces sp. SCSIO 03032,-0.5001971103714361,5.539515742058738e-08,0.5001971103714361,negative
HILICZ_positive|IK:SIOXPEMLGUPBBT-UHFFFAOYSA-N,Streptacidiphilus sp. DSM 106435,-0.5001843848300114,5.5444930550438903e-08,0.5001843848300114,negative
HILICZ_negative|IK:WJAOHEPEBANKEO-UHFFFAOYSA-N,Bradyrhizobium sp. 3 85S1MB,0.500173315689079,5.548825975518746e-08,0.500173315689079,positive
HILICZ_negative|NAME:,Streptosporangium sp. 'caverna',-0.5001619918649813,5.553261934467358e-08,0.5001619918649813,negative
HILICZ_positive|IK:COLNVLDHVKWLRT-QMMMGPOBSA-N,Streptomyces sp. fd1-xmd,-0.500116268993947,5.5712077240135426e-08,0.500116268993947,negative
C18_positive|IK:NGFMICBWJRZIBI-UHFFFAOYSA-N,Jiangella alkaliphila,-0.5000674101726872,5.590445529118752e-08,0.5000674101726872,negative
C18_positive|IK:FATBGEAMYMYZAF-KTKRTIGZSA-N,Halomonas sp. JS92-SW72,-0.49999877271845333,5.6175781773071254e-08,0.49999877271845333,negative
C18_positive|IK:UAUDZVJPLUQNMU-KTKRTIGZSA-N,Saccharopolyspora erythraea,-0.4999792656945694,5.625312290504363e-08,0.4999792656945694,negative
C18_negative|IK:NGFMICBWJRZIBI-UHFFFAOYSA-N,Pseudomonas extremorientalis,0.49986619583147723,5.670342658481355e-08,0.49986619583147723,positive
C18_positive|IK:NGFMICBWJRZIBI-UHFFFAOYSA-N,Massilia sp. WG5,0.49978488381805486,5.7029378679716903e-08,0.49978488381805486,positive
C18_positive|IK:FATBGEAMYMYZAF-KTKRTIGZSA-N,Actinosynnema pretiosum,-0.49974078062419797,5.720692072085577e-08,0.49974078062419797,negative
C18_positive|IK:NJMQSVWMCODQIP-FQXXIRCGSA-N,Thermobispora bispora,-0.49969789473852133,5.7380068264230674e-08,0.49969789473852133,negative
HILICZ_positive|IK:PUQSUZTXKPLAPR-UJPOAAIJSA-N,Nonomuraea sp. ATCC 55076,-0.49961242510395726,5.772663668332285e-08,0.49961242510395726,negative
C18_negative|IK:SMUMBCREXHTKFN-VZOUQOBNSA-N,Thermomonospora curvata,-0.49960594671764436,5.775298701963319e-08,0.49960594671764436,negative
C18_positive|IK:UAUDZVJPLUQNMU-KTKRTIGZSA-N,Alloactinosynnema sp. L-07,-0.49958005406207456,5.785841809588777e-08,0.49958005406207456,negative
C18_positive|IK:NGFMICBWJRZIBI-UHFFFAOYSA-N,Pseudomonas alkylphenolica,0.49957736690834437,5.786937030690658e-08,0.49957736690834437,positive
C18_negative|IK:SMUMBCREXHTKFN-VZOUQOBNSA-N,Actinomadura amylolytica,-0.4995554470087701,5.795878464387979e-08,0.4995554470087701,negative
HILICZ_negative|IK:AAWZDTNXLSGCEK-LNVDRNJUSA-N,Streptomyces olivoreticuli,-0.49952221986182893,5.809457434050583e-08,0.49952221986182893,negative
HILICZ_negative|IK:AAWZDTNXLSGCEK-LNVDRNJUSA-N,Streptomyces clavuligerus,-0.49948118013462056,5.8262711000418065e-08,0.49948118013462056,negative
HILICZ_negative|IK:WJAOHEPEBANKEO-UHFFFAOYSA-N,Pseudomonas umsongensis,-0.49944102553183883,5.842767090281023e-08,0.49944102553183883,negative
HILICZ_negative|IK:WJAOHEPEBANKEO-UHFFFAOYSA-N,Pseudomonas azotoformans,-0.4994355427862848,5.845022923965974e-08,0.4994355427862848,negative
HILICZ_positive|IK:PUQSUZTXKPLAPR-UJPOAAIJSA-N,Pseudomonas fulva,0.4993978315354569,5.8605614699650364e-08,0.4993978315354569,positive
HILICZ_negative|IK:WJAOHEPEBANKEO-UHFFFAOYSA-N,Streptomyces fungicidicus,0.49938916800384064,5.86413675782437e-08,0.49938916800384064,positive
HILICZ_positive|IK:PUQSUZTXKPLAPR-UJPOAAIJSA-N,Streptomyces sp. TLI_053,-0.4993844896652692,5.866068291892557e-08,0.4993844896652692,negative
C18_positive|IK:NGFMICBWJRZIBI-UHFFFAOYSA-N,Streptomyces violaceoruber,-0.49933379632413805,5.887036907124838e-08,0.49933379632413805,negative
HILICZ_positive|IK:SIOXPEMLGUPBBT-UHFFFAOYSA-N,Pseudomonas sp. NS1(2017),0.4992826693058644,5.9082573645558465e-08,0.4992826693058644,positive
HILICZ_positive|IK:COLNVLDHVKWLRT-QMMMGPOBSA-N,Streptomyces lavendulae,-0.4992806280819831,5.9091060959667586e-08,0.4992806280819831,negative
C18_positive|IK:RGHHSNMVTDWUBI-UHFFFAOYSA-N,Frankia alni,-0.4992015796657388,5.9420637286027786e-08,0.4992015796657388,negative
HILICZ_negative|IK:AAWZDTNXLSGCEK-LNVDRNJUSA-N,Streptomyces globosus,-0.4991878124866408,5.947821585596645e-08,0.4991878124866408,negative
C18_negative|IK:BJEPYKJPYRNKOW-REOHCLBHSA-N,Pseudomonas prosekii,0.49916445848803653,5.95760112668719e-08,0.49916445848803653,positive
C18_negative|IK:BJEPYKJPYRNKOW-REOHCLBHSA-N,Pseudomonas plecoglossicida,0.4991499712777663,5.963675391402597e-08,0.4991499712777663,positive
C18_positive|IK:NJMQSVWMCODQIP-FQXXIRCGSA-N,Streptacidiphilus sp. DSM 106435,-0.4990949306069763,5.986807038684396e-08,0.4990949306069763,negative
C18_positive|IK:RGHHSNMVTDWUBI-UHFFFAOYSA-N,Nonomuraea sp. ATCC 55076,-0.4990876217931184,5.989885108254184e-08,0.4990876217931184,negative
C18_negative|IK:BJEPYKJPYRNKOW-REOHCLBHSA-N,Pseudomonas cichorii,0.4990766364237967,5.994514382056809e-08,0.4990766364237967,positive
C18_positive|NAME:,Pseudomonas sp. UW4,0.49906435493526713,5.999693888290289e-08,0.49906435493526713,positive
C18_negative|IK:NGFMICBWJRZIBI-UHFFFAOYSA-N,Pseudomonas syringae,0.4990511911358712,6.005250236996149e-08,0.4990511911358712,positive
HILICZ_negative|IK:SLWWJZMPHJJOPH-PHDIDXHHSA-N,Pseudomonas protegens,0.49899822067757355,6.027658389552918e-08,0.49899822067757355,positive
C18_positive|IK:UAUDZVJPLUQNMU-KTKRTIGZSA-N,Streptomyces virus R4,0.49899149403767346,6.030509672109966e-08,0.49899149403767346,positive
C18_positive|IK:MMOXZBCLCQITDF-UHFFFAOYSA-N,Granulicella mallensis,0.49895376913541056,6.046524344079853e-08,0.49895376913541056,positive
C18_positive|IK:FATBGEAMYMYZAF-KTKRTIGZSA-N,Nitrobacter hamburgensis,-0.49892821176924285,6.057396808968586e-08,0.49892821176924285,negative
C18_negative|IK:SMUMBCREXHTKFN-VZOUQOBNSA-N,Nocardiopsis gilva,-0.49891885754681614,6.061380890384566e-08,0.49891885754681614,negative
C18_negative|IK:SMUMBCREXHTKFN-VZOUQOBNSA-N,Kitasatospora sp. MMS16-BH015,-0.49888801083418977,6.074536625778059e-08,0.49888801083418977,negative
C18_positive|IK:KZSNJWFQEVHDMF-BYPYZUCNSA-N,Nocardiopsis gilva,-0.4988076412168358,6.108941391729039e-08,0.4988076412168358,negative
C18_positive|IK:NJMQSVWMCODQIP-FQXXIRCGSA-N,Pseudomonas reinekei,0.49876444556070443,6.127509428830185e-08,0.49876444556070443,positive
C18_positive|IK:LVFCLUMIBMHAFL-HMUNZLOLSA-N,Nocardiopsis dassonvillei,-0.4985500072672191,6.220487939363826e-08,0.4985500072672191,negative
HILICZ_positive|IK:PUQSUZTXKPLAPR-UJPOAAIJSA-N,Allokutzneria albata,-0.49853929657927304,6.225167129668413e-08,0.49853929657927304,negative
HILICZ_positive|IK:KWIUHFFTVRNATP-UHFFFAOYSA-N,Frankia inefficax,-0.4983523453835988,6.307383799502853e-08,0.4983523453835988,negative
HILICZ_positive|IK:PUQSUZTXKPLAPR-UJPOAAIJSA-N,Streptomyces albulus,-0.49834567859749224,6.310334745886454e-08,0.49834567859749224,negative
C18_positive|IK:RGHHSNMVTDWUBI-UHFFFAOYSA-N,Halomonas sp. JS92-SW72,-0.49834436692130585,6.310915493510824e-08,0.49834436692130585,negative
C18_positive|IK:NGFMICBWJRZIBI-UHFFFAOYSA-N,Pseudonocardia sp. HH130630-07,-0.4982890691470039,6.33544516907032e-08,0.4982890691470039,negative
HILICZ_negative|IK:SLWWJZMPHJJOPH-PHDIDXHHSA-N,Saccharopolyspora erythraea,-0.4982740329251876,6.342130843368648e-08,0.4982740329251876,negative
C18_positive|IK:NGFMICBWJRZIBI-UHFFFAOYSA-N,Pseudomonas azotoformans,0.49826698829018373,6.34526547112167e-08,0.49826698829018373,positive
C18_positive|IK:NGFMICBWJRZIBI-UHFFFAOYSA-N,Pseudomonas chlororaphis,0.4982479603000517,6.353739685267273e-08,0.4982479603000517,positive
C18_negative|IK:SMUMBCREXHTKFN-VZOUQOBNSA-N,Nocardiopsis dassonvillei,-0.49823203710230035,6.360839464640492e-08,0.49823203710230035,negative
C18_positive|IK:KZSNJWFQEVHDMF-BYPYZUCNSA-N,Streptomyces xiamenensis,-0.49817566556607273,6.386035108066015e-08,0.49817566556607273,negative
HILICZ_negative|IK:WJAOHEPEBANKEO-UHFFFAOYSA-N,Massilia putida,-0.49816750724656234,6.389689405379303e-08,0.49816750724656234,negative
C18_positive|IK:LVFCLUMIBMHAFL-HMUNZLOLSA-N,Nocardiopsis gilva,-0.4981313099135155,6.405927101484486e-08,0.4981313099135155,negative
C18_positive|IK:FATBGEAMYMYZAF-KTKRTIGZSA-N,Rhodococcus ruber,-0.49809609485289563,6.421761950494017e-08,0.49809609485289563,negative
HILICZ_negative|IK:WJAOHEPEBANKEO-UHFFFAOYSA-N,Pseudomonas yamanorum,-0.498066390999248,6.435147661696955e-08,0.498066390999248,negative
C18_positive|IK:UAUDZVJPLUQNMU-KTKRTIGZSA-N,Amycolatopsis sp. AA4,-0.49790931712432984,6.506375134290725e-08,0.49790931712432984,negative
HILICZ_positive|IK:SIOXPEMLGUPBBT-UHFFFAOYSA-N,Pseudomonas entomophila,0.49789741937911275,6.511800887948542e-08,0.49789741937911275,positive
C18_negative|IK:BJEPYKJPYRNKOW-REOHCLBHSA-N,Pseudomonas stutzeri,0.49786621511791973,6.52605155422899e-08,0.49786621511791973,positive
HILICZ_negative|IK:VRYALKFFQXWPIH-UHFFFAOYSA-N,Pseudomonas umsongensis,0.4977595506565621,6.574989215574529e-08,0.4977595506565621,positive
C18_positive|IK:MMOXZBCLCQITDF-UHFFFAOYSA-N,Pseudonocardia dioxanivorans,0.49771477274283965,6.595637525913878e-08,0.49771477274283965,positive
HILICZ_negative|IK:JVQYSWDUAOAHFM-UHFFFAOYSA-N,Streptacidiphilus sp. DSM 106435,-0.4977146046957934,6.59571513339664e-08,0.4977146046957934,negative
C18_positive|IK:KZSNJWFQEVHDMF-BYPYZUCNSA-N,Terriglobus roseus,-0.4976804106211315,6.61152478319284e-08,0.4976804106211315,negative
HILICZ_negative|IK:WJAOHEPEBANKEO-UHFFFAOYSA-N,Pseudomonas mendocina,-0.49767554867010433,6.613775643539724e-08,0.49767554867010433,negative
C18_positive|IK:FATBGEAMYMYZAF-KTKRTIGZSA-N,Kytococcus sedentarius,-0.4976673786551539,6.617559632820834e-08,0.4976673786551539,negative
HILICZ_positive|IK:COLNVLDHVKWLRT-QMMMGPOBSA-N,Streptomyces globosus,-0.497592068090501,6.652537590680056e-08,0.497592068090501,negative
C18_positive|IK:KZSNJWFQEVHDMF-BYPYZUCNSA-N,Streptomyces sp. Mg1,-0.49752388972006323,6.684355109861929e-08,0.49752388972006323,negative
HILICZ_positive|IK:PUQSUZTXKPLAPR-UJPOAAIJSA-N,Micromonospora purpureochromogenes,-0.49743656263167413,6.725321138849253e-08,0.49743656263167413,negative
HILICZ_positive|IK:KWIUHFFTVRNATP-UHFFFAOYSA-N,Kitasatospora aureofaciens,-0.4974361024471507,6.725537649389684e-08,0.4974361024471507,negative
HILICZ_negative|IK:WJAOHEPEBANKEO-UHFFFAOYSA-N,Pseudomonas sp. 7SR1,-0.4973535171346198,6.764500810970539e-08,0.4973535171346198,negative
HILICZ_negative|IK:WJAOHEPEBANKEO-UHFFFAOYSA-N,Streptomyces sp. CB09001,0.497350389843622,6.765980469316927e-08,0.497350389843622,positive
HILICZ_negative|IK:JVQYSWDUAOAHFM-UHFFFAOYSA-N,Streptomyces sp. SCSIO 03032,-0.497260467164666,6.808659196280545e-08,0.497260467164666,negative
C18_positive|IK:NGFMICBWJRZIBI-UHFFFAOYSA-N,Pseudomonas poae,0.497248552897861,6.814333132886966e-08,0.497248552897861,positive
C18_positive|IK:FATBGEAMYMYZAF-KTKRTIGZSA-N,Nocardiopsis gilva,-0.49723227742091214,6.82209130298083e-08,0.49723227742091214,negative
C18_positive|IK:KZSNJWFQEVHDMF-BYPYZUCNSA-N,Streptosporangium roseum,-0.4972288308915984,6.823735270549456e-08,0.4972288308915984,negative
C18_positive|IK:MMOXZBCLCQITDF-UHFFFAOYSA-N,Nitrobacter winogradskyi,0.49722375686341613,6.826156230365675e-08,0.49722375686341613,positive
HILICZ_negative|IK:WJAOHEPEBANKEO-UHFFFAOYSA-N,Massilia oculi,-0.4972196968649764,6.8280939587138e-08,0.4972196968649764,negative
HILICZ_negative|NAME:,Pseudomonas reinekei,0.49704001043257334,6.914381126274736e-08,0.49704001043257334,positive
C18_positive|IK:NJMQSVWMCODQIP-FQXXIRCGSA-N,Allokutzneria albata,-0.49702129124386984,6.923429871360464e-08,0.49702129124386984,negative
C18_positive|IK:LVFCLUMIBMHAFL-HMUNZLOLSA-N,Micromonospora inositola,-0.49699949279422495,6.933981354580833e-08,0.49699949279422495,negative
C18_positive|IK:FATBGEAMYMYZAF-KTKRTIGZSA-N,Amycolatopsis sp. AA4,-0.49693979483787215,6.96295661124438e-08,0.49693979483787215,negative
HILICZ_positive|IK:SIOXPEMLGUPBBT-UHFFFAOYSA-N,Thermomonospora curvata,-0.4968776154352799,6.993259100728661e-08,0.4968776154352799,negative
C18_negative|IK:SMUMBCREXHTKFN-VZOUQOBNSA-N,Streptomyces sp. SCSIO 03032,-0.4968685137358171,6.99770526435546e-08,0.4968685137358171,negative
HILICZ_positive|IK:KWIUHFFTVRNATP-UHFFFAOYSA-N,Kitasatospora sp. MMS16-BH015,-0.4968393341149911,7.011977649397167e-08,0.4968393341149911,negative
HILICZ_positive|IK:PUQSUZTXKPLAPR-UJPOAAIJSA-N,Pseudomonas mendocina,0.4967678152813639,7.04707663103432e-08,0.4967678152813639,positive
C18_positive|IK:NGFMICBWJRZIBI-UHFFFAOYSA-N,Streptomyces lavendulae,-0.4967505728301192,7.055563679575711e-08,0.4967505728301192,negative
HILICZ_positive|IK:PUQSUZTXKPLAPR-UJPOAAIJSA-N,Streptomyces clavuligerus,-0.4967173562817885,7.071940970333751e-08,0.4967173562817885,negative
C18_negative|IK:NGFMICBWJRZIBI-UHFFFAOYSA-N,Friedmanniella sagamiharensis,-0.49664186592624116,7.109296204323054e-08,0.49664186592624116,negative
HILICZ_positive|IK:PUQSUZTXKPLAPR-UJPOAAIJSA-N,Intrasporangium calvum,-0.49660276331423925,7.128719473851291e-08,0.49660276331423925,negative
HILICZ_negative|IK:SLWWJZMPHJJOPH-PHDIDXHHSA-N,Mesorhizobium amorphae,0.4966020581371151,7.129070217788161e-08,0.4966020581371151,positive
C18_positive|IK:KZSNJWFQEVHDMF-BYPYZUCNSA-N,Pseudomonas mediterranea,0.4965805662891909,7.139767824789511e-08,0.4965805662891909,positive
HILICZ_negative|IK:COLNVLDHVKWLRT-QMMMGPOBSA-N,Candidatus Solibacter usitatus,-0.49656258263864655,7.148730989292639e-08,0.49656258263864655,negative
HILICZ_positive|IK:PUQSUZTXKPLAPR-UJPOAAIJSA-N,Thermobispora bispora,-0.49655251334089245,7.153754278453845e-08,0.49655251334089245,negative
HILICZ_negative|IK:COLNVLDHVKWLRT-QMMMGPOBSA-N,Mesorhizobium amorphae,0.4965365508980239,7.161724394220355e-08,0.4965365508980239,positive
HILICZ_negative|IK:RYWDJUUPROVLNV-LXFHESFISA-N,Chryseolinea sp. KIS68-18,0.4965272650318008,7.166364764225383e-08,0.4965272650318008,positive
C18_positive|IK:SIKJAQJRHWYJAI-UHFFFAOYSA-N,Pseudomonas umsongensis,0.4965150423860831,7.17247708697801e-08,0.4965150423860831,positive
C18_positive|IK:NGFMICBWJRZIBI-UHFFFAOYSA-N,Streptomyces sp. NEAU-S7GS2,-0.4964383184244654,7.210959113582678e-08,0.4964383184244654,negative
C18_negative|IK:NGFMICBWJRZIBI-UHFFFAOYSA-N,Pseudomonas psychrophila,0.4963829611688651,7.238846620531053e-08,0.4963829611688651,positive
C18_positive|IK:LVFCLUMIBMHAFL-HMUNZLOLSA-N,Thermobispora bispora,-0.4963485715318557,7.256222992320021e-08,0.4963485715318557,negative
HILICZ_negative|IK:SLWWJZMPHJJOPH-PHDIDXHHSA-N,Rhodococcus ruber,-0.49628648050825425,7.287697149160784e-08,0.49628648050825425,negative
HILICZ_positive|IK:PUQSUZTXKPLAPR-UJPOAAIJSA-N,Kitasatospora aureofaciens,-0.49624177641197303,7.310438421482281e-08,0.49624177641197303,negative
HILICZ_negative|IK:SLWWJZMPHJJOPH-PHDIDXHHSA-N,Streptomyces sp. WAC00288,-0.4962286139924288,7.317147125038711e-08,0.4962286139924288,negative
C18_positive|IK:KZSNJWFQEVHDMF-BYPYZUCNSA-N,Intrasporangium calvum,-0.49619288828382174,7.335385648326005e-08,0.49619288828382174,negative
C18_negative|IK:SMUMBCREXHTKFN-VZOUQOBNSA-N,Thermobispora bispora,-0.4961777917128837,7.343105710220702e-08,0.4961777917128837,negative
C18_positive|IK:UAUDZVJPLUQNMU-KTKRTIGZSA-N,Nonomuraea sp. ATCC 55076,-0.49614312146407663,7.360864686776483e-08,0.49614312146407663,negative
HILICZ_positive|IK:PUQSUZTXKPLAPR-UJPOAAIJSA-N,Streptosporangium sp. 'caverna',-0.4961054249819197,7.380220275800855e-08,0.4961054249819197,negative
C18_positive|IK:MMOXZBCLCQITDF-UHFFFAOYSA-N,Actinoplanes derwentensis,0.4960909205423837,7.387680636811246e-08,0.4960909205423837,positive
C18_positive|IK:NJMQSVWMCODQIP-FQXXIRCGSA-N,Streptosporangium roseum,-0.4960077158508437,7.430616210934119e-08,0.4960077158508437,negative
HILICZ_negative|IK:SLWWJZMPHJJOPH-PHDIDXHHSA-N,Pseudomonas mendocina,0.4959878752908179,7.440889504696248e-08,0.4959878752908179,positive
HILICZ_positive|IK:SIOXPEMLGUPBBT-UHFFFAOYSA-N,Intrasporangium calvum,-0.49592836940931084,7.471782542070844e-08,0.49592836940931084,negative
HILICZ_negative|IK:AAWZDTNXLSGCEK-LNVDRNJUSA-N,Pseudomonas fulva,0.49591761824222513,7.477377148122314e-08,0.49591761824222513,positive
HILICZ_negative|IK:WJAOHEPEBANKEO-UHFFFAOYSA-N,Pseudomonas rhodesiae,-0.49589279233793354,7.490311127387051e-08,0.49589279233793354,negative
C18_positive|IK:KZSNJWFQEVHDMF-BYPYZUCNSA-N,Catenulispora acidiphila,-0.4958723188933772,7.500993588411032e-08,0.4958723188933772,negative
HILICZ_negative|IK:SLWWJZMPHJJOPH-PHDIDXHHSA-N,Pseudopropionibacterium propionicum,-0.4958535970773208,7.510774821858526e-08,0.4958535970773208,negative
HILICZ_negative|NAME:,Frankia inefficax,-0.49578015646601065,7.549261576648042e-08,0.49578015646601065,negative
C18_positive|IK:NGFMICBWJRZIBI-UHFFFAOYSA-N,Pseudonocardia dioxanivorans,-0.4957388147935956,7.571009492336178e-08,0.4957388147935956,negative
C18_negative|IK:NGFMICBWJRZIBI-UHFFFAOYSA-N,Pseudomonas sp. 02C 26,0.49572330766291306,7.579182472276679e-08,0.49572330766291306,positive
C18_negative|IK:SMUMBCREXHTKFN-VZOUQOBNSA-N,Streptomyces sp. TLI_053,-0.49565449773174625,7.615550166847364e-08,0.49565449773174625,negative
C18_positive|IK:NJMQSVWMCODQIP-FQXXIRCGSA-N,Nonomuraea sp. ATCC 55076,-0.4956423253195829,7.62200088466649e-08,0.4956423253195829,negative
HILICZ_positive|IK:PUQSUZTXKPLAPR-UJPOAAIJSA-N,Streptomyces sp. NEAU-S7GS2,-0.4956358280319977,7.625446228086163e-08,0.4956358280319977,negative
HILICZ_positive|IK:KWIUHFFTVRNATP-UHFFFAOYSA-N,Frankia alni,-0.4954876559812619,7.704422553097473e-08,0.4954876559812619,negative
HILICZ_negative|IK:WJAOHEPEBANKEO-UHFFFAOYSA-N,Pseudomonas mediterranea,-0.49548509149203257,7.705796282439738e-08,0.49548509149203257,negative
HILICZ_negative|IK:WJAOHEPEBANKEO-UHFFFAOYSA-N,Pseudomonas sp. CMR12a,-0.4954753974728033,7.710991224831204e-08,0.4954753974728033,negative
C18_positive|IK:KZSNJWFQEVHDMF-BYPYZUCNSA-N,Pseudomonas vancouverensis,0.49545728956394586,7.720704050401916e-08,0.49545728956394586,positive
HILICZ_positive|IK:COLNVLDHVKWLRT-QMMMGPOBSA-N,Streptomyces xiamenensis,-0.49544341583188906,7.728153619789298e-08,0.49544341583188906,negative
HILICZ_negative|IK:OKVJCVWFVRATSG-UHFFFAOYSA-N,Chryseolinea sp. KIS68-18,0.49542905019019456,7.735874548998652e-08,0.49542905019019456,positive
HILICZ_positive|IK:SIOXPEMLGUPBBT-UHFFFAOYSA-N,Pseudomonas sp. UW4,0.4953347540783021,7.78673774333045e-08,0.4953347540783021,positive
C18_positive|IK:RGHHSNMVTDWUBI-UHFFFAOYSA-N,Pseudomonas silesiensis,0.49526208883922956,7.826150775460815e-08,0.49526208883922956,positive
C18_positive|IK:UAUDZVJPLUQNMU-KTKRTIGZSA-N,Streptosporangium roseum,-0.4952589860577139,7.827837928469362e-08,0.4952589860577139,negative
C18_positive|IK:RGHHSNMVTDWUBI-UHFFFAOYSA-N,Pseudomonas sp. LAB-08,0.49524900712227315,7.833266377528116e-08,0.49524900712227315,positive
C18_positive|IK:NGFMICBWJRZIBI-UHFFFAOYSA-N,Pseudomonas fragi,0.49524205839755153,7.837048540804942e-08,0.49524205839755153,positive
C18_positive|IK:MMOXZBCLCQITDF-UHFFFAOYSA-N,Actinoplanes missouriensis,0.49524086487303715,7.837698346755708e-08,0.49524086487303715,positive
C18_negative|IK:SMUMBCREXHTKFN-VZOUQOBNSA-N,Catenulispora acidiphila,-0.49522812435340946,7.844638035937882e-08,0.49522812435340946,negative
C18_positive|IK:NGFMICBWJRZIBI-UHFFFAOYSA-N,Pseudomonas sp. NS1(2017),0.49522434232538415,7.846699213379244e-08,0.49522434232538415,positive
C18_negative|IK:NGFMICBWJRZIBI-UHFFFAOYSA-N,Actinoplanes missouriensis,-0.49519450259498293,7.862979776379231e-08,0.49519450259498293,negative
HILICZ_negative|IK:SLWWJZMPHJJOPH-PHDIDXHHSA-N,Alloactinosynnema sp. L-07,-0.4951706194216252,7.876033654459155e-08,0.4951706194216252,negative
C18_negative|IK:SMUMBCREXHTKFN-VZOUQOBNSA-N,Intrasporangium calvum,-0.4951436231567113,7.890813954724199e-08,0.4951436231567113,negative
C18_negative|IK:SMUMBCREXHTKFN-VZOUQOBNSA-N,Nakamurella panacisegetis,-0.4950405668360271,7.947480383313319e-08,0.4950405668360271,negative
HILICZ_negative|IK:SLWWJZMPHJJOPH-PHDIDXHHSA-N,Janibacter indicus,-0.4950336206110572,7.951313759096864e-08,0.4950336206110572,negative
HILICZ_negative|IK:JVQYSWDUAOAHFM-UHFFFAOYSA-N,Caulobacter sp. K31,0.49502787352517946,7.954486705833134e-08,0.49502787352517946,positive
C18_negative|IK:NGFMICBWJRZIBI-UHFFFAOYSA-N,Streptomyces albus,-0.4949608645067756,7.991571420175338e-08,0.4949608645067756,negative
HILICZ_negative|IK:WJAOHEPEBANKEO-UHFFFAOYSA-N,Streptomyces virus R4,-0.4948849243146897,8.033798276016939e-08,0.4948849243146897,negative
HILICZ_negative|NAME:,Streptomyces xinghaiensis,-0.4948657942138218,8.044469163132122e-08,0.4948657942138218,negative
C18_positive|IK:FATBGEAMYMYZAF-KTKRTIGZSA-N,Streptomyces sp. SCSIO 03032,-0.49486338415519865,8.04581446718643e-08,0.49486338415519865,negative
HILICZ_positive|IK:PUQSUZTXKPLAPR-UJPOAAIJSA-N,Micromonospora inositola,-0.4948100405026783,8.075646107043904e-08,0.4948100405026783,negative
HILICZ_negative|IK:SLWWJZMPHJJOPH-PHDIDXHHSA-N,Plantactinospora sp. KBS50,-0.4947941162480168,8.084571939826143e-08,0.4947941162480168,negative
HILICZ_negative|IK:WJAOHEPEBANKEO-UHFFFAOYSA-N,Pseudomonas granadensis,-0.4947872067183593,8.08844778322355e-08,0.4947872067183593,negative
HILICZ_negative|IK:COLNVLDHVKWLRT-QMMMGPOBSA-N,Rhizobium leguminosarum,0.49477087758034505,8.097614523711312e-08,0.49477087758034505,positive
C18_negative|IK:BJEPYKJPYRNKOW-REOHCLBHSA-N,Pseudomonas protegens,0.49477009427434887,8.098054499718574e-08,0.49477009427434887,positive
C18_positive|IK:MMOXZBCLCQITDF-UHFFFAOYSA-N,Kytococcus sedentarius,0.4947038253364554,8.135359863614275e-08,0.4947038253364554,positive
C18_negative|IK:BJEPYKJPYRNKOW-REOHCLBHSA-N,Pseudomonas syringae,0.49465292874308875,8.164122785991523e-08,0.49465292874308875,positive
HILICZ_negative|IK:WJAOHEPEBANKEO-UHFFFAOYSA-N,Bradyrhizobium sp. ORS 278,0.49463926040501643,8.171863610160493e-08,0.49463926040501643,positive
C18_positive|IK:UAUDZVJPLUQNMU-KTKRTIGZSA-N,Micromonospora viridifaciens,-0.49455817050460954,8.217931637413147e-08,0.49455817050460954,negative
C18_negative|IK:NGFMICBWJRZIBI-UHFFFAOYSA-N,Pseudomonas parafulva,0.49455127560448875,8.221860110159992e-08,0.49455127560448875,positive
C18_positive|IK:RGHHSNMVTDWUBI-UHFFFAOYSA-N,Granulicella mallensis,-0.49449137622458894,8.256064146479893e-08,0.49449137622458894,negative
C18_negative|IK:BJEPYKJPYRNKOW-REOHCLBHSA-N,Pseudomonas vancouverensis,0.49441879452899734,8.297692003507721e-08,0.49441879452899734,positive
C18_positive|IK:NJMQSVWMCODQIP-FQXXIRCGSA-N,Streptomyces xiamenensis,-0.49440231787888833,8.307169719688975e-08,0.49440231787888833,negative
C18_positive|IK:RGHHSNMVTDWUBI-UHFFFAOYSA-N,Frankia sp. QA3,-0.4943834396770182,8.318041553128228e-08,0.4943834396770182,negative
HILICZ_negative|IK:SLWWJZMPHJJOPH-PHDIDXHHSA-N,Burkholderia ambifaria,-0.49436942007095963,8.326124133894004e-08,0.49436942007095963,negative
C18_positive|IK:FATBGEAMYMYZAF-KTKRTIGZSA-N,Kibdelosporangium phytohabitans,-0.4943413693622724,8.342318419886776e-08,0.4943413693622724,negative
HILICZ_positive|IK:KWIUHFFTVRNATP-UHFFFAOYSA-N,Streptomyces sp. TLI_053,-0.49427437543197683,8.381117137401373e-08,0.49427437543197683,negative
HILICZ_negative|IK:WJAOHEPEBANKEO-UHFFFAOYSA-N,Pseudomonas palleroniana,-0.49420943882508744,8.418888619159927e-08,0.49420943882508744,negative
C18_positive|IK:UAUDZVJPLUQNMU-KTKRTIGZSA-N,Micromonospora inositola,-0.4942002315705825,8.424257301113051e-08,0.4942002315705825,negative
C18_positive|IK:MMOXZBCLCQITDF-UHFFFAOYSA-N,Pseudonocardia sp. HH130629-09,0.494160296672998,8.447580867859227e-08,0.494160296672998,positive
HILICZ_negative|IK:JVQYSWDUAOAHFM-UHFFFAOYSA-N,Streptomyces xiamenensis,-0.49415992530432384,8.447798050709317e-08,0.49415992530432384,negative
C18_positive|IK:KZSNJWFQEVHDMF-BYPYZUCNSA-N,Pseudomonas sp. NS1(2017),0.4941140835442994,8.474648054298481e-08,0.4941140835442994,positive
HILICZ_negative|IK:WJAOHEPEBANKEO-UHFFFAOYSA-N,Streptomyces hundungensis,0.49399058502699555,8.547388090646164e-08,0.49399058502699555,positive
HILICZ_positive|IK:PUQSUZTXKPLAPR-UJPOAAIJSA-N,Plantactinospora sp. KBS50,-0.49390253863154665,8.599610223885421e-08,0.49390253863154665,negative
HILICZ_negative|IK:WJAOHEPEBANKEO-UHFFFAOYSA-N,Pseudomonas synxantha,-0.4938799130323243,8.613079004501656e-08,0.4938799130323243,negative
C18_negative|IK:NGFMICBWJRZIBI-UHFFFAOYSA-N,Nocardioides dokdonensis,-0.49386716540187325,8.620676394002159e-08,0.49386716540187325,negative
C18_negative|IK:NGFMICBWJRZIBI-UHFFFAOYSA-N,Pseudomonas mandelii,0.49386511050432574,8.621901679080223e-08,0.49386511050432574,positive
C18_positive|IK:KZSNJWFQEVHDMF-BYPYZUCNSA-N,Nocardiopsis dassonvillei,-0.49386118685562597,8.624241716125075e-08,0.49386118685562597,negative
C18_positive|IK:NJMQSVWMCODQIP-FQXXIRCGSA-N,Candidatus Solibacter usitatus,-0.4938521021851491,8.629662076308917e-08,0.4938521021851491,negative
C18_positive|IK:KZSNJWFQEVHDMF-BYPYZUCNSA-N,Pseudomonas monteilii,0.49383635600553494,8.639064717748162e-08,0.49383635600553494,positive
HILICZ_negative|IK:SLWWJZMPHJJOPH-PHDIDXHHSA-N,Micromonospora purpureochromogenes,-0.4938294352725561,8.643200440678841e-08,0.4938294352725561,negative
C18_positive|IK:KZSNJWFQEVHDMF-BYPYZUCNSA-N,Streptomyces lavendulae,-0.49371177028908875,8.713804874338258e-08,0.49371177028908875,negative
HILICZ_negative|IK:WJAOHEPEBANKEO-UHFFFAOYSA-N,Pseudomonas corrugata,-0.4936940519893631,8.724484212959806e-08,0.4936940519893631,negative
C18_negative|IK:SMUMBCREXHTKFN-VZOUQOBNSA-N,Allokutzneria albata,-0.4936523633051174,8.749660468288597e-08,0.4936523633051174,negative
HILICZ_positive|IK:KWIUHFFTVRNATP-UHFFFAOYSA-N,Streptomyces sp. SCSIO 03032,-0.4936446038028225,8.754354160087606e-08,0.4936446038028225,negative
C18_positive|IK:KZSNJWFQEVHDMF-BYPYZUCNSA-N,Thermobispora bispora,-0.49361076731532927,8.774849800164029e-08,0.49361076731532927,negative
C18_negative|IK:BJEPYKJPYRNKOW-REOHCLBHSA-N,Pseudomonas sp. 02C 26,0.49360376302584813,8.779098194243955e-08,0.49360376302584813,positive
HILICZ_negative|NAME:,Streptomyces xiamenensis,-0.49358426817720763,8.790932965729493e-08,0.49358426817720763,negative
C18_negative|IK:BJEPYKJPYRNKOW-REOHCLBHSA-N,Pseudomonas extremaustralis,0.49356841327706474,8.800569246320422e-08,0.49356841327706474,positive
HILICZ_negative|IK:WJAOHEPEBANKEO-UHFFFAOYSA-N,Candidatus Solibacter usitatus,0.493563306530563,8.803675165848208e-08,0.493563306530563,positive
HILICZ_positive|IK:SIOXPEMLGUPBBT-UHFFFAOYSA-N,Phycicoccus dokdonensis,-0.4935462844808711,8.814035516504515e-08,0.4935462844808711,negative
C18_positive|IK:KZSNJWFQEVHDMF-BYPYZUCNSA-N,Pseudomonas sp. CMR5c,0.4934957401694411,8.84486753189539e-08,0.4934957401694411,positive
HILICZ_positive|IK:SIOXPEMLGUPBBT-UHFFFAOYSA-N,Streptosporangium sp. 'caverna',-0.4934783691328955,8.85548759114408e-08,0.4934783691328955,negative
C18_positive|IK:KZSNJWFQEVHDMF-BYPYZUCNSA-N,Streptomyces globosus,-0.4934735807778977,8.858417165746522e-08,0.4934735807778977,negative
C18_negative|IK:BJEPYKJPYRNKOW-REOHCLBHSA-N,Pseudomonas yamanorum,0.49342159323045903,8.89028334506195e-08,0.49342159323045903,positive
HILICZ_negative|IK:SLWWJZMPHJJOPH-PHDIDXHHSA-N,Streptomyces sp. HNM0039,-0.4933826697204541,8.914213361762621e-08,0.4933826697204541,negative
HILICZ_negative|IK:WJAOHEPEBANKEO-UHFFFAOYSA-N,Pseudomonas kribbensis,-0.4933138474274826,8.956675451761763e-08,0.4933138474274826,negative
HILICZ_negative|IK:WJAOHEPEBANKEO-UHFFFAOYSA-N,Pseudomonas fulva,-0.4933070309890219,8.960891552888375e-08,0.4933070309890219,negative
HILICZ_positive|IK:SIOXPEMLGUPBBT-UHFFFAOYSA-N,Streptomyces sp. TLI_053,-0.4933011959113534,8.964502166729308e-08,0.4933011959113534,negative
C18_positive|IK:NGFMICBWJRZIBI-UHFFFAOYSA-N,Pseudomonas sp. LG1D9,0.49325458292853197,8.993395081661547e-08,0.49325458292853197,positive
C18_positive|IK:UAUDZVJPLUQNMU-KTKRTIGZSA-N,Amycolatopsis albispora,-0.49318371816777834,9.037490601058176e-08,0.49318371816777834,negative
C18_negative|IK:NGFMICBWJRZIBI-UHFFFAOYSA-N,Pseudomonas tolaasii,0.4930882476421634,9.09722316016022e-08,0.4930882476421634,positive
C18_positive|IK:KZSNJWFQEVHDMF-BYPYZUCNSA-N,Streptomyces sp. fd1-xmd,-0.4930819539987343,9.101174072720006e-08,0.4930819539987343,negative
C18_positive|IK:UAUDZVJPLUQNMU-KTKRTIGZSA-N,Nocardioides sp. 78,-0.4930008401327156,9.152240994221231e-08,0.4930008401327156,negative
C18_positive|IK:KZSNJWFQEVHDMF-BYPYZUCNSA-N,Burkholderia ambifaria,-0.49297847235502823,9.166371092665868e-08,0.49297847235502823,negative
HILICZ_negative|IK:WJAOHEPEBANKEO-UHFFFAOYSA-N,Streptomyces venezuelae,0.4929741201851596,9.169122847908253e-08,0.4929741201851596,positive
HILICZ_negative|IK:WJAOHEPEBANKEO-UHFFFAOYSA-N,Pseudomonas sp. NS1(2017),-0.4929594160029506,9.178425719647091e-08,0.4929594160029506,negative
HILICZ_positive|IK:PUQSUZTXKPLAPR-UJPOAAIJSA-N,Saccharopolyspora erythraea,-0.49294906796421895,9.184977992858538e-08,0.49294906796421895,negative
C18_negative|IK:BJEPYKJPYRNKOW-REOHCLBHSA-N,Gemmatirosa kalamazoonesis,-0.4929356075508808,9.193507665808017e-08,0.4929356075508808,negative
C18_positive|NAME:,Streptacidiphilus sp. DSM 106435,-0.4929322348938475,9.195646053998269e-08,0.4929322348938475,negative
C18_positive|IK:KZSNJWFQEVHDMF-BYPYZUCNSA-N,Streptomyces katrae,-0.4929121471373095,9.208392257991412e-08,0.4929121471373095,negative
HILICZ_negative|IK:SLWWJZMPHJJOPH-PHDIDXHHSA-N,Amycolatopsis sp. AA4,-0.4929094745412752,9.210089359193314e-08,0.4929094745412752,negative
HILICZ_negative|IK:AAWZDTNXLSGCEK-LNVDRNJUSA-N,Pantoea agglomerans,0.4928977598939127,9.217531692175554e-08,0.4928977598939127,positive
C18_positive|IK:RGHHSNMVTDWUBI-UHFFFAOYSA-N,Allokutzneria albata,-0.49284742122303765,9.24957725098443e-08,0.49284742122303765,negative
HILICZ_positive|IK:SIOXPEMLGUPBBT-UHFFFAOYSA-N,Chryseolinea sp. KIS68-18,0.49282462177532155,9.26412629615312e-08,0.49282462177532155,positive
C18_negative|IK:NGFMICBWJRZIBI-UHFFFAOYSA-N,Burkholderia ambifaria,-0.4927806675858028,9.292236467490517e-08,0.4927806675858028,negative
C18_positive|IK:UAUDZVJPLUQNMU-KTKRTIGZSA-N,Pseudomonas sp. UW4,0.4927506934760281,9.311452542181764e-08,0.4927506934760281,positive
HILICZ_positive|IK:KWIUHFFTVRNATP-UHFFFAOYSA-N,Nocardiopsis gilva,-0.4927475825831142,9.313449071032077e-08,0.4927475825831142,negative
HILICZ_negative|IK:SLWWJZMPHJJOPH-PHDIDXHHSA-N,Streptomyces globisporus,-0.4927176185182067,9.332700517416231e-08,0.4927176185182067,negative
HILICZ_negative|IK:AAWZDTNXLSGCEK-LNVDRNJUSA-N,Streptomyces sp. WAC00288,-0.4926880641564894,9.351725908354072e-08,0.4926880641564894,negative
C18_positive|IK:FATBGEAMYMYZAF-KTKRTIGZSA-N,Tessaracoccus sp. T2.5-30,-0.4926043516424354,9.405816161559421e-08,0.4926043516424354,negative
HILICZ_negative|IK:WJAOHEPEBANKEO-UHFFFAOYSA-N,Pseudomonas sp. LG1D9,-0.49252385328526976,9.458110917391448e-08,0.49252385328526976,negative
C18_positive|IK:KZSNJWFQEVHDMF-BYPYZUCNSA-N,Streptomyces rubrolavendulae,-0.49247912799796767,9.48728585009452e-08,0.49247912799796767,negative
C18_positive|IK:NJMQSVWMCODQIP-FQXXIRCGSA-N,Pseudomonas brassicacearum,0.49244361907558737,9.510509916382238e-08,0.49244361907558737,positive
C18_negative|IK:BJEPYKJPYRNKOW-REOHCLBHSA-N,Pseudomonas monteilii,0.4924016857947122,9.538005553840482e-08,0.4924016857947122,positive
C18_negative|IK:NGFMICBWJRZIBI-UHFFFAOYSA-N,Oligotropha carboxidovorans,-0.49238778410214096,9.547137608463353e-08,0.49238778410214096,negative
C18_negative|IK:NGFMICBWJRZIBI-UHFFFAOYSA-N,Blastochloris viridis,-0.49238108922753815,9.551538461476912e-08,0.49238108922753815,negative
C18_positive|IK:NJMQSVWMCODQIP-FQXXIRCGSA-N,Actinopolymorpha singaporensis,-0.49232111193211475,9.591050725067545e-08,0.49232111193211475,negative
C18_positive|IK:MMOXZBCLCQITDF-UHFFFAOYSA-N,Pseudonocardia sp. HH130630-07,0.49229562643730723,9.607887384461692e-08,0.49229562643730723,positive
C18_positive|IK:MMOXZBCLCQITDF-UHFFFAOYSA-N,Burkholderia pseudomallei,0.4922902735175414,9.611427300980242e-08,0.4922902735175414,positive
C18_positive|IK:UAUDZVJPLUQNMU-KTKRTIGZSA-N,Streptomyces xiamenensis,-0.4922570524568845,9.633424406764411e-08,0.4922570524568845,negative
HILICZ_positive|IK:SIOXPEMLGUPBBT-UHFFFAOYSA-N,Kitasatospora aureofaciens,-0.4922422290646357,9.643255100667817e-08,0.4922422290646357,negative
HILICZ_negative|IK:AAWZDTNXLSGCEK-LNVDRNJUSA-N,Pseudomonas umsongensis,0.49222334154997416,9.655794932552275e-08,0.49222334154997416,positive
C18_positive|IK:RGHHSNMVTDWUBI-UHFFFAOYSA-N,Intrasporangium calvum,-0.4922106322898067,9.664241637519883e-08,0.4922106322898067,negative
C18_negative|IK:SMUMBCREXHTKFN-VZOUQOBNSA-N,Kitasatospora aureofaciens,-0.49217689394445086,9.686698682982197e-08,0.49217689394445086,negative
C18_positive|IK:RCFGIEPQSDGMJJ-UHFFFAOYSA-N,Streptomyces niveus,-0.4921763435447778,9.687065454312451e-08,0.4921763435447778,negative
HILICZ_positive|IK:PUQSUZTXKPLAPR-UJPOAAIJSA-N,Streptomyces olivoreticuli,-0.49216638240924276,9.693705572443053e-08,0.49216638240924276,negative
C18_positive|IK:MMOXZBCLCQITDF-UHFFFAOYSA-N,Oligotropha carboxidovorans,0.49213276276762147,9.716148571378527e-08,0.49213276276762147,positive
HILICZ_negative|IK:WJAOHEPEBANKEO-UHFFFAOYSA-N,Streptomyces parvulus,0.49205998991191907,9.764898370372356e-08,0.49205998991191907,positive
C18_negative|IK:NGFMICBWJRZIBI-UHFFFAOYSA-N,Nocardioides sp. 603,-0.4920445721535968,9.775256470930075e-08,0.4920445721535968,negative
C18_negative|IK:NGFMICBWJRZIBI-UHFFFAOYSA-N,Pseudomonas sp. S09G 359,0.4920431354240031,9.776222241349635e-08,0.4920431354240031,positive
HILICZ_negative|IK:VRYALKFFQXWPIH-UHFFFAOYSA-N,Streptomyces xiamenensis,-0.4920185765697412,9.79274479400743e-08,0.4920185765697412,negative
HILICZ_negative|NAME:,Streptacidiphilus sp. DSM 106435,-0.4919938397391767,9.809414001294065e-08,0.4919938397391767,negative
C18_negative|IK:SMUMBCREXHTKFN-VZOUQOBNSA-N,Streptomyces xiamenensis,-0.4919783679764208,9.819853582853716e-08,0.4919783679764208,negative
C18_positive|IK:UAUDZVJPLUQNMU-KTKRTIGZSA-N,Saccharothrix espanaensis,-0.4919782862283258,9.819908770558746e-08,0.4919782862283258,negative
HILICZ_negative|IK:AAWZDTNXLSGCEK-LNVDRNJUSA-N,Streptomyces violaceoruber,-0.49191421650588607,9.863252974127292e-08,0.49191421650588607,negative
C18_positive|IK:KZSNJWFQEVHDMF-BYPYZUCNSA-N,Pseudomonas parafulva,0.49188613468503256,9.882308230649927e-08,0.49188613468503256,positive
HILICZ_positive|IK:SIOXPEMLGUPBBT-UHFFFAOYSA-N,Pseudomonas sp. LAB-08,0.49187950293800003,9.886813403506148e-08,0.49187950293800003,positive
HILICZ_positive|IK:COLNVLDHVKWLRT-QMMMGPOBSA-N,Streptomyces rubrolavendulae,-0.4918599044439764,9.90013878067172e-08,0.4918599044439764,negative
HILICZ_negative|IK:RYWDJUUPROVLNV-LXFHESFISA-N,Mesorhizobium amorphae,0.49183043023220724,9.920211090166343e-08,0.49183043023220724,positive
C18_positive|IK:NJMQSVWMCODQIP-FQXXIRCGSA-N,Phycicoccus dokdonensis,-0.49176138290429017,9.967385240740059e-08,0.49176138290429017,negative
HILICZ_negative|NAME:,Streptomyces cattleya,-0.4917214432969479,9.99477014234701e-08,0.4917214432969479,negative
C18_positive|IK:UAUDZVJPLUQNMU-KTKRTIGZSA-N,Pseudomonas umsongensis,0.491708526580975,1.0003641931574416e-07,0.491708526580975,positive
C18_negative|IK:NGFMICBWJRZIBI-UHFFFAOYSA-N,Actinoplanes derwentensis,-0.49167903048100847,1.0023929358877949e-07,0.49167903048100847,negative
C18_positive|IK:NGFMICBWJRZIBI-UHFFFAOYSA-N,Pseudomonas sp. CMR5c,0.49158116343788183,1.0091523752173826e-07,0.49158116343788183,positive
C18_positive|IK:MMOXZBCLCQITDF-UHFFFAOYSA-N,Bradyrhizobium sp. CCGE-LA001,0.49152770039115035,1.0128632724605257e-07,0.49152770039115035,positive
HILICZ_negative|IK:SLWWJZMPHJJOPH-PHDIDXHHSA-N,Homo sapiens,-0.49143535444691944,1.0193037188734675e-07,0.49143535444691944,negative
C18_positive|IK:KZSNJWFQEVHDMF-BYPYZUCNSA-N,Pseudomonas synxantha,0.49142774926249383,1.0198358610346876e-07,0.49142774926249383,positive
C18_negative|IK:BJEPYKJPYRNKOW-REOHCLBHSA-N,Pseudomonas putida,0.4914206047489393,1.0203360109155516e-07,0.4914206047489393,positive
C18_positive|NAME:,Candidatus Solibacter usitatus,-0.49141704922735946,1.0205850014634286e-07,0.49141704922735946,negative
C18_negative|IK:BJEPYKJPYRNKOW-REOHCLBHSA-N,Frankia sp. QA3,-0.491381430359973,1.0230825639107372e-07,0.491381430359973,negative
HILICZ_negative|NAME:,Streptomyces olivoreticuli,-0.4913798743572413,1.0231918021481515e-07,0.4913798743572413,negative
HILICZ_positive|IK:KWIUHFFTVRNATP-UHFFFAOYSA-N,Nocardiopsis dassonvillei,-0.49137254293110955,1.0237066501856266e-07,0.49137254293110955,negative
HILICZ_positive|IK:KWIUHFFTVRNATP-UHFFFAOYSA-N,Kitasatospora setae,-0.4913001696616253,1.0288023222469141e-07,0.4913001696616253,negative
C18_negative|IK:BJEPYKJPYRNKOW-REOHCLBHSA-N,Pseudomonas parafulva,0.4912094110029922,1.0352266631556133e-07,0.4912094110029922,positive
HILICZ_positive|IK:SIOXPEMLGUPBBT-UHFFFAOYSA-N,Actinomadura amylolytica,-0.4912064978017692,1.035433506025333e-07,0.4912064978017692,negative
C18_positive|IK:NGFMICBWJRZIBI-UHFFFAOYSA-N,Pseudonocardia sp. HH130629-09,-0.491192330270977,1.0364399898016211e-07,0.491192330270977,negative
C18_negative|IK:NGFMICBWJRZIBI-UHFFFAOYSA-N,Pseudomonas granadensis,0.4911769605759162,1.0375329321367652e-07,0.4911769605759162,positive
HILICZ_positive|IK:SIOXPEMLGUPBBT-UHFFFAOYSA-N,Nocardiopsis gilva,-0.4911689995118017,1.0380994770589669e-07,0.4911689995118017,negative
HILICZ_negative|IK:WJAOHEPEBANKEO-UHFFFAOYSA-N,Pseudomonas tolaasii,-0.4911646093056351,1.038412029933539e-07,0.4911646093056351,negative
HILICZ_positive|IK:SIOXPEMLGUPBBT-UHFFFAOYSA-N,Pseudomonas mediterranea,0.491102992700173,1.042808191946442e-07,0.491102992700173,positive
HILICZ_positive|IK:SIOXPEMLGUPBBT-UHFFFAOYSA-N,Pseudomonas chlororaphis,0.49110095981632,1.04295353413864e-07,0.49110095981632,positive
HILICZ_negative|IK:WJAOHEPEBANKEO-UHFFFAOYSA-N,Pseudomonas agarici,-0.4910646554338132,1.0455523914661773e-07,0.4910646554338132,negative
C18_negative|IK:NGFMICBWJRZIBI-UHFFFAOYSA-N,Pseudomonas viridiflava,0.4910086582146495,1.0495730754096703e-07,0.4910086582146495,positive
HILICZ_positive|IK:KWIUHFFTVRNATP-UHFFFAOYSA-N,Thermobispora bispora,-0.4910043028568434,1.0498864137292137e-07,0.4910043028568434,negative
C18_positive|IK:RGHHSNMVTDWUBI-UHFFFAOYSA-N,Micromonospora viridifaciens,-0.4909700195071238,1.0523559832448411e-07,0.4909700195071238,negative
C18_positive|IK:FATBGEAMYMYZAF-KTKRTIGZSA-N,Micromonospora rifamycinica,-0.4909651334232281,1.0527083984093205e-07,0.4909651334232281,negative
C18_positive|IK:NGFMICBWJRZIBI-UHFFFAOYSA-N,Nitrobacter winogradskyi,-0.49085429998686836,1.0607326957249681e-07,0.49085429998686836,negative
HILICZ_negative|IK:WJAOHEPEBANKEO-UHFFFAOYSA-N,Pseudomonas silesiensis,-0.4908433291118839,1.0615301471053496e-07,0.4908433291118839,negative
HILICZ_positive|IK:SIOXPEMLGUPBBT-UHFFFAOYSA-N,Pseudomonas sp. 7SR1,0.490809055796636,1.0640250909665137e-07,0.490809055796636,positive
C18_negative|IK:SMUMBCREXHTKFN-VZOUQOBNSA-N,Nakamurella multipartita,-0.4908075815401796,1.0641325355533474e-07,0.4908075815401796,negative
C18_negative|IK:NGFMICBWJRZIBI-UHFFFAOYSA-N,Marmoricola scoriae,-0.4907594158651929,1.0676485706444895e-07,0.4907594158651929,negative
HILICZ_positive|IK:SIOXPEMLGUPBBT-UHFFFAOYSA-N,Pseudomonas synxantha,0.49075675432822624,1.0678431821609268e-07,0.49075675432822624,positive
C18_positive|IK:MMOXZBCLCQITDF-UHFFFAOYSA-N,Pseudomonas viridiflava,-0.4907508869928838,1.0682723210449175e-07,0.4907508869928838,negative
HILICZ_negative|IK:JVQYSWDUAOAHFM-UHFFFAOYSA-N,Homo sapiens,-0.49072334827172126,1.070288710354518e-07,0.49072334827172126,negative
C18_positive|NAME:,Pseudomonas vancouverensis,0.4906804790801934,1.0734348217637509e-07,0.4906804790801934,positive
C18_positive|IK:MMOXZBCLCQITDF-UHFFFAOYSA-N,Actinoplanes sp. N902-109,0.4906099699956133,1.0786285727440534e-07,0.4906099699956133,positive
C18_positive|IK:FATBGEAMYMYZAF-KTKRTIGZSA-N,Streptacidiphilus sp. DSM 106435,-0.4906095772734469,1.0786575679300811e-07,0.4906095772734469,negative
HILICZ_negative|IK:KCOOTJRKKIDHTM-UHFFFAOYSA-N,Pseudomonas umsongensis,0.49059534174146197,1.0797090975094875e-07,0.49059534174146197,positive
HILICZ_positive|IK:PUQSUZTXKPLAPR-UJPOAAIJSA-N,Actinopolymorpha singaporensis,-0.49052631441489447,1.0848217818280006e-07,0.49052631441489447,negative
C18_positive|IK:UAUDZVJPLUQNMU-KTKRTIGZSA-N,Kibdelosporangium phytohabitans,-0.49048426867634914,1.0879473091069138e-07,0.49048426867634914,negative
HILICZ_positive|IK:KWIUHFFTVRNATP-UHFFFAOYSA-N,Pseudomonas umsongensis,0.49047316622279025,1.088774056845151e-07,0.49047316622279025,positive
C18_positive|IK:RGHHSNMVTDWUBI-UHFFFAOYSA-N,Nakamurella multipartita,-0.4904719462813055,1.0888649366912104e-07,0.4904719462813055,negative
C18_negative|IK:NGFMICBWJRZIBI-UHFFFAOYSA-N,Pseudomonas entomophila,0.49046656357270785,1.0892660092752641e-07,0.49046656357270785,positive
HILICZ_negative|NAME:,Streptomyces albireticuli,-0.49040141905971907,1.0941311920917169e-07,0.49040141905971907,negative
HILICZ_positive|IK:PUQSUZTXKPLAPR-UJPOAAIJSA-N,Alloactinosynnema sp. L-07,-0.4903779652982515,1.0958878542508866e-07,0.4903779652982515,negative
HILICZ_negative|IK:SLWWJZMPHJJOPH-PHDIDXHHSA-N,Kibdelosporangium phytohabitans,-0.4903724385306449,1.0963021946470592e-07,0.4903724385306449,negative
HILICZ_negative|IK:WJAOHEPEBANKEO-UHFFFAOYSA-N,Pseudomonas fragi,-0.4903664603880736,1.0967505426587453e-07,0.4903664603880736,negative
HILICZ_negative|IK:AAWZDTNXLSGCEK-LNVDRNJUSA-N,Streptomyces gilvosporeus,-0.4903595064049483,1.0972722965833687e-07,0.4903595064049483,negative
HILICZ_negative|IK:WJAOHEPEBANKEO-UHFFFAOYSA-N,Pseudomonas cichorii,-0.49034275309411984,1.0985302612011986e-07,0.49034275309411984,negative
C18_positive|IK:FATBGEAMYMYZAF-KTKRTIGZSA-N,Frankia sp. EAN1pec,-0.4902759270770877,1.1035617551442573e-07,0.4902759270770877,negative
HILICZ_positive|IK:COLNVLDHVKWLRT-QMMMGPOBSA-N,Streptomyces sp. SCSIO 03032,-0.4902645792993188,1.1044183362597756e-07,0.4902645792993188,negative
HILICZ_positive|IK:PUQSUZTXKPLAPR-UJPOAAIJSA-N,Micromonospora rifamycinica,-0.49026445186254025,1.1044279593570774e-07,0.49026445186254025,negative
HILICZ_negative|IK:AAWZDTNXLSGCEK-LNVDRNJUSA-N,Streptomyces sp. 2323.1,-0.49021562205007685,1.1081211205684168e-07,0.49021562205007685,negative
C18_positive|IK:FATBGEAMYMYZAF-KTKRTIGZSA-N,Micromonospora krabiensis,-0.49015039502779556,1.1130728287604545e-07,0.49015039502779556,negative
C18_positive|IK:WCGUUGGRBIKTOS-UHFFFAOYSA-N,Rhizobium leguminosarum,-0.4901358795722452,1.1141776352293738e-07,0.4901358795722452,negative
C18_negative|IK:SMUMBCREXHTKFN-VZOUQOBNSA-N,Streptosporangium roseum,-0.4900993103957374,1.1169656403119415e-07,0.4900993103957374,negative
HILICZ_negative|IK:WJAOHEPEBANKEO-UHFFFAOYSA-N,Pseudomonas cedrina,-0.49006028914115424,1.1199479242172921e-07,0.49006028914115424,negative
HILICZ_positive|IK:COLNVLDHVKWLRT-QMMMGPOBSA-N,Streptomyces albireticuli,-0.4900602183475459,1.1199533416642614e-07,0.4900602183475459,negative
C18_negative|NAME:,Streptacidiphilus sp. DSM 106435,-0.49003409737196374,1.1219539429187717e-07,0.49003409737196374,negative
C18_positive|IK:KZSNJWFQEVHDMF-BYPYZUCNSA-N,Pseudomonas poae,0.4900026538705601,1.12436671467892e-07,0.4900026538705601,positive
C18_positive|IK:FATBGEAMYMYZAF-KTKRTIGZSA-N,Intrasporangium calvum,-0.4899865782652622,1.125602163211777e-07,0.4899865782652622,negative
HILICZ_negative|IK:WJAOHEPEBANKEO-UHFFFAOYSA-N,Pseudomonas prosekii,-0.4899773306911094,1.1263134475457843e-07,0.4899773306911094,negative
HILICZ_positive|IK:PUQSUZTXKPLAPR-UJPOAAIJSA-N,Streptomyces sp. Mg1,-0.4899670272871362,1.1271064465137079e-07,0.4899670272871362,negative
C18_negative|IK:NGFMICBWJRZIBI-UHFFFAOYSA-N,Pseudomonas palleroniana,0.48995130329204795,1.128317665988783e-07,0.48995130329204795,positive
HILICZ_negative|IK:WJAOHEPEBANKEO-UHFFFAOYSA-N,Pseudomonas mucidolens,-0.48994272586049054,1.1289789085738428e-07,0.48994272586049054,negative
C18_negative|IK:SMUMBCREXHTKFN-VZOUQOBNSA-N,Phycicoccus dokdonensis,-0.4898570754685773,1.1356020751934213e-07,0.4898570754685773,negative
C18_positive|IK:RGHHSNMVTDWUBI-UHFFFAOYSA-N,Pseudomonas lini,0.48984998003614877,1.1361524084412969e-07,0.48984998003614877,positive
HILICZ_negative|IK:WJAOHEPEBANKEO-UHFFFAOYSA-N,Homo sapiens,0.4898184423416231,1.1386016011895041e-07,0.4898184423416231,positive
C18_positive|NAME:,Thermomonospora curvata,-0.4897966882409219,1.1402939400619574e-07,0.4897966882409219,negative
HILICZ_positive|IK:PUQSUZTXKPLAPR-UJPOAAIJSA-N,Bradyrhizobium lablabi,-0.48978634406037364,1.1410994963587005e-07,0.48978634406037364,negative
C18_positive|IK:KZSNJWFQEVHDMF-BYPYZUCNSA-N,Nonomuraea sp. ATCC 55076,-0.4897772039964559,1.1418117331256733e-07,0.4897772039964559,negative
HILICZ_positive|IK:SIOXPEMLGUPBBT-UHFFFAOYSA-N,Streptomyces sp. SCSIO 03032,-0.48977058504205473,1.1423277777329404e-07,0.48977058504205473,negative
HILICZ_positive|IK:PUQSUZTXKPLAPR-UJPOAAIJSA-N,Frankia sp. QA3,-0.4897680668440466,1.142524166592789e-07,0.4897680668440466,negative
C18_positive|IK:MMOXZBCLCQITDF-UHFFFAOYSA-N,Pseudomonas sp. StFLB209,-0.4897567653306402,1.1434059438111325e-07,0.4897567653306402,negative
C18_positive|IK:RGHHSNMVTDWUBI-UHFFFAOYSA-N,Pseudomonas putida,0.489731388491883,1.1453882836630624e-07,0.489731388491883,positive
C18_negative|IK:SMUMBCREXHTKFN-VZOUQOBNSA-N,Nonomuraea sp. ATCC 55076,-0.48971107217275195,1.1469776764041962e-07,0.48971107217275195,negative
C18_positive|IK:FATBGEAMYMYZAF-KTKRTIGZSA-N,Friedmanniella sagamiharensis,-0.4897104361868612,1.147027464977368e-07,0.4897104361868612,negative
HILICZ_positive|IK:SIOXPEMLGUPBBT-UHFFFAOYSA-N,Pseudomonas azotoformans,0.4896695460485374,1.1502329044709933e-07,0.4896695460485374,positive
HILICZ_negative|IK:SLWWJZMPHJJOPH-PHDIDXHHSA-N,Micromonospora echinaurantiaca,-0.4896565033515171,1.1512571361522811e-07,0.4896565033515171,negative
C18_positive|IK:FATBGEAMYMYZAF-KTKRTIGZSA-N,Amycolatopsis mediterranei,-0.48961438229437576,1.1545708072622007e-07,0.48961438229437576,negative
HILICZ_negative|IK:SLWWJZMPHJJOPH-PHDIDXHHSA-N,Amycolatopsis albispora,-0.48952500979284097,1.1616318956112225e-07,0.48952500979284097,negative
C18_negative|IK:SMUMBCREXHTKFN-VZOUQOBNSA-N,Pseudomonas protegens,0.48941624115664123,1.1702809645675886e-07,0.48941624115664123,positive
HILICZ_positive|IK:KWIUHFFTVRNATP-UHFFFAOYSA-N,Streptomyces xiamenensis,-0.4893895583093638,1.1724120900638224e-07,0.4893895583093638,negative
C18_positive|IK:FATBGEAMYMYZAF-KTKRTIGZSA-N,Micromonospora echinaurantiaca,-0.4893881364894384,1.1725257527879645e-07,0.4893881364894384,negative
HILICZ_positive|IK:SIOXPEMLGUPBBT-UHFFFAOYSA-N,Streptosporangium roseum,-0.48938429823346913,1.1728326420101412e-07,0.48938429823346913,negative
C18_positive|IK:KZSNJWFQEVHDMF-BYPYZUCNSA-N,Pseudomonas prosekii,0.48933064104951035,1.1771308477130382e-07,0.48933064104951035,positive
HILICZ_positive|IK:COLNVLDHVKWLRT-QMMMGPOBSA-N,Catenulispora acidiphila,-0.48927346291054197,1.1817276234707922e-07,0.48927346291054197,negative
HILICZ_positive|IK:KWIUHFFTVRNATP-UHFFFAOYSA-N,Frankia sp. EAN1pec,-0.48924852776916755,1.1837376113016296e-07,0.48924852776916755,negative
C18_positive|IK:LVFCLUMIBMHAFL-HMUNZLOLSA-N,Streptosporangium roseum,-0.48920778737107085,1.1870286530843305e-07,0.48920778737107085,negative
C18_positive|IK:RGHHSNMVTDWUBI-UHFFFAOYSA-N,Pseudomonas thivervalensis,0.48917985961041555,1.1892897165070235e-07,0.48917985961041555,positive
C18_negative|IK:BJEPYKJPYRNKOW-REOHCLBHSA-N,Pseudomonas sp. StFLB209,0.4891728371225384,1.1898589107616467e-07,0.4891728371225384,positive
HILICZ_positive|IK:PUQSUZTXKPLAPR-UJPOAAIJSA-N,Amycolatopsis methanolica,-0.4890963592451159,1.196074514412484e-07,0.4890963592451159,negative
HILICZ_negative|NAME:,Streptomyces sp. TLI_053,-0.4890695250808901,1.1982627390975644e-07,0.4890695250808901,negative
C18_positive|NAME:,Nocardiopsis dassonvillei,-0.4890331502224189,1.2012350643678173e-07,0.4890331502224189,negative
HILICZ_positive|IK:SIOXPEMLGUPBBT-UHFFFAOYSA-N,Nocardiopsis dassonvillei,-0.4890275475597651,1.201693502949943e-07,0.4890275475597651,negative
C18_positive|IK:RGHHSNMVTDWUBI-UHFFFAOYSA-N,Streptomyces rubrolavendulae,-0.48902286902393005,1.202076452509892e-07,0.48902286902393005,negative
C18_positive|IK:NJMQSVWMCODQIP-FQXXIRCGSA-N,Kutzneria albida,-0.48901620725161415,1.202621935555398e-07,0.48901620725161415,negative
C18_positive|IK:NJMQSVWMCODQIP-FQXXIRCGSA-N,Janibacter indicus,-0.488998348612139,1.204085411184641e-07,0.488998348612139,negative
HILICZ_negative|IK:WJAOHEPEBANKEO-UHFFFAOYSA-N,Pseudomonas vancouverensis,-0.4889952542209697,1.204339162120689e-07,0.4889952542209697,negative
C18_positive|IK:KZSNJWFQEVHDMF-BYPYZUCNSA-N,Pseudomonas brenneri,0.4889729547374719,1.206169305848121e-07,0.4889729547374719,positive
HILICZ_positive|IK:KWIUHFFTVRNATP-UHFFFAOYSA-N,Streptosporangium roseum,-0.4889531431916514,1.2077974852544274e-07,0.4889531431916514,negative
HILICZ_negative|IK:SLWWJZMPHJJOPH-PHDIDXHHSA-N,Pseudomonas aeruginosa,0.4889452843257858,1.2084439334201556e-07,0.4889452843257858,positive
HILICZ_negative|IK:JVQYSWDUAOAHFM-UHFFFAOYSA-N,Frankia sp. EAN1pec,-0.48894445360741745,1.2085122852427333e-07,0.48894445360741745,negative
C18_positive|IK:NGFMICBWJRZIBI-UHFFFAOYSA-N,Pseudomonas agarici,0.4889209929064863,1.2104441629446379e-07,0.4889209929064863,positive
HILICZ_positive|IK:COLNVLDHVKWLRT-QMMMGPOBSA-N,Pseudomonas plecoglossicida,0.48891434498957337,1.2109921224586766e-07,0.48891434498957337,positive
C18_negative|IK:NGFMICBWJRZIBI-UHFFFAOYSA-N,Pseudomonas sp. 31-12,0.4888834752950162,1.2135396796408883e-07,0.4888834752950162,positive
C18_positive|IK:NJMQSVWMCODQIP-FQXXIRCGSA-N,Micromonospora viridifaciens,-0.48886652789734913,1.2149404544238582e-07,0.48886652789734913,negative
C18_positive|IK:NGFMICBWJRZIBI-UHFFFAOYSA-N,Pseudomonas sp. LG1E9,0.48884759770867625,1.2165069375309946e-07,0.48884759770867625,positive
C18_positive|IK:FATBGEAMYMYZAF-KTKRTIGZSA-N,Blastococcus saxobsidens,-0.4888247250306286,1.2184022320991747e-07,0.4888247250306286,negative
HILICZ_negative|IK:AAWZDTNXLSGCEK-LNVDRNJUSA-N,Streptomyces sp. NEAU-S7GS2,-0.4888216991875033,1.218653172685314e-07,0.4888216991875033,negative
C18_negative|IK:BJEPYKJPYRNKOW-REOHCLBHSA-N,Candidatus Koribacter versatilis,-0.48878954761498916,1.221322625916208e-07,0.48878954761498916,negative
HILICZ_positive|IK:COLNVLDHVKWLRT-QMMMGPOBSA-N,Streptomyces sp. WAC00288,-0.4887736444335212,1.2226450809928272e-07,0.4887736444335212,negative
C18_positive|IK:KZSNJWFQEVHDMF-BYPYZUCNSA-N,Kutzneria albida,-0.48876076623431397,1.2237169887613226e-07,0.48876076623431397,negative
C18_positive|NAME:,Thermobispora bispora,-0.48871354823301577,1.2276548135919435e-07,0.48871354823301577,negative
C18_positive|IK:KZSNJWFQEVHDMF-BYPYZUCNSA-N,Pseudomonas fragi,0.4886915722062115,1.2294916574161275e-07,0.4886915722062115,positive
C18_positive|IK:FATBGEAMYMYZAF-KTKRTIGZSA-N,Plantactinospora sp. KBS50,-0.4886819763511853,1.2302945385694332e-07,0.4886819763511853,negative
C18_negative|IK:SMUMBCREXHTKFN-VZOUQOBNSA-N,Kutzneria albida,-0.48866833003708765,1.231437180636581e-07,0.48866833003708765,negative
HILICZ_negative|IK:WJAOHEPEBANKEO-UHFFFAOYSA-N,Bradyrhizobium sp. CCGE-LA001,0.48865020289638056,1.2329565785180515e-07,0.48865020289638056,positive
HILICZ_negative|NAME:,Allokutzneria albata,-0.488621711118289,1.2353483414318892e-07,0.488621711118289,negative
C18_negative|NAME:,Candidatus Solibacter usitatus,-0.4886126544633088,1.2361095346969938e-07,0.4886126544633088,negative
HILICZ_positive|IK:PUQSUZTXKPLAPR-UJPOAAIJSA-N,Frankia alni,-0.48856413476357097,1.2401951347959667e-07,0.48856413476357097,negative
HILICZ_negative|IK:SLWWJZMPHJJOPH-PHDIDXHHSA-N,Burkholderia pseudomallei,-0.48847232470968616,1.247961243339413e-07,0.48847232470968616,negative
C18_positive|IK:UAUDZVJPLUQNMU-KTKRTIGZSA-N,Streptomyces sp. SCSIO 03032,-0.48845523799530355,1.2494116958068586e-07,0.48845523799530355,negative
HILICZ_positive|IK:SIOXPEMLGUPBBT-UHFFFAOYSA-N,Streptomyces xiamenensis,-0.4884521344059889,1.249675324842625e-07,0.4884521344059889,negative
HILICZ_positive|IK:SIOXPEMLGUPBBT-UHFFFAOYSA-N,Kitasatospora setae,-0.48843598233843677,1.2510481905178803e-07,0.48843598233843677,negative
C18_positive|IK:MMOXZBCLCQITDF-UHFFFAOYSA-N,Micromonospora viridifaciens,0.4884287748281731,1.2516612658184713e-07,0.4884287748281731,positive
C18_negative|IK:BJEPYKJPYRNKOW-REOHCLBHSA-N,Frankia alni,-0.488412652123858,1.2530337099336282e-07,0.488412652123858,negative
C18_positive|IK:NJMQSVWMCODQIP-FQXXIRCGSA-N,Frankia alni,-0.48837499878098156,1.256244536797732e-07,0.48837499878098156,negative
C18_positive|IK:LVFCLUMIBMHAFL-HMUNZLOLSA-N,Nonomuraea sp. ATCC 55076,-0.48829154629795674,1.263388782773161e-07,0.48829154629795674,negative
HILICZ_negative|IK:OKVJCVWFVRATSG-UHFFFAOYSA-N,Pantoea agglomerans,0.48827523495445446,1.2647896898700572e-07,0.48827523495445446,positive
HILICZ_positive|IK:PUQSUZTXKPLAPR-UJPOAAIJSA-N,Micromonospora echinaurantiaca,-0.4882681248355578,1.265400808867394e-07,0.4882681248355578,negative
HILICZ_negative|IK:VRYALKFFQXWPIH-UHFFFAOYSA-N,Streptomyces sp. SCSIO 03032,-0.48817594045983,1.2733496334048638e-07,0.48817594045983,negative
HILICZ_negative|IK:SLWWJZMPHJJOPH-PHDIDXHHSA-N,Micromonospora rifamycinica,-0.48816374840183246,1.2744044799271016e-07,0.48816374840183246,negative
C18_positive|IK:MMOXZBCLCQITDF-UHFFFAOYSA-N,Granulicella tundricola,0.48816029923443305,1.274703050067055e-07,0.48816029923443305,positive
C18_positive|NAME:,Kutzneria albida,-0.4881408541492415,1.2763875219553678e-07,0.4881408541492415,negative
HILICZ_positive|IK:PUQSUZTXKPLAPR-UJPOAAIJSA-N,Amycolatopsis sp. AA4,-0.4881237202162119,1.277873543445751e-07,0.4881237202162119,negative
C18_positive|IK:RGHHSNMVTDWUBI-UHFFFAOYSA-N,Actinopolymorpha singaporensis,-0.4880977464928323,1.2801293824225085e-07,0.4880977464928323,negative
C18_positive|NAME:,Actinomadura amylolytica,-0.4880967260565672,1.2802180855788443e-07,0.4880967260565672,negative
HILICZ_negative|NAME:,Streptomyces albulus,-0.48805549733446035,1.2838068659746974e-07,0.48805549733446035,negative
HILICZ_negative|IK:KCOOTJRKKIDHTM-UHFFFAOYSA-N,Chryseolinea sp. KIS68-18,0.48801185910001504,1.287615828036765e-07,0.48801185910001504,positive
HILICZ_positive|IK:COLNVLDHVKWLRT-QMMMGPOBSA-N,Pseudomonas mendocina,0.4880068986874946,1.2880494785965081e-07,0.4880068986874946,positive
HILICZ_negative|NAME:,Streptomyces niveus,-0.48799301309830206,1.289264128719544e-07,0.48799301309830206,negative
C18_positive|IK:NJMQSVWMCODQIP-FQXXIRCGSA-N,Frankia sp. QA3,-0.4879787796932222,1.2905103372219024e-07,0.4879787796932222,negative
C18_positive|IK:NJMQSVWMCODQIP-FQXXIRCGSA-N,Streptomyces sp. TLI_053,-0.48797446874806377,1.2908880093060806e-07,0.48797446874806377,negative
HILICZ_negative|NAME:,Kitasatospora aureofaciens,-0.4879400545941961,1.293906734137801e-07,0.4879400545941961,negative
C18_negative|IK:SMUMBCREXHTKFN-VZOUQOBNSA-N,Kitasatospora setae,-0.4879334184370339,1.294489614730802e-07,0.4879334184370339,negative
HILICZ_negative|IK:AAWZDTNXLSGCEK-LNVDRNJUSA-N,Streptomyces lydicus,-0.4879254418378924,1.2951905629551301e-07,0.4879254418378924,negative
C18_positive|IK:RGHHSNMVTDWUBI-UHFFFAOYSA-N,Granulicella tundricola,-0.4879133868126165,1.2962505917003305e-07,0.4879133868126165,negative
C18_positive|IK:RGHHSNMVTDWUBI-UHFFFAOYSA-N,Bradyrhizobium erythrophlei,-0.4879133524621209,1.2962536134069808e-07,0.4879133524621209,negative
HILICZ_negative|IK:WJAOHEPEBANKEO-UHFFFAOYSA-N,Bradyrhizobium sp. ORS 285,0.48788386377633414,1.2988501197743096e-07,0.48788386377633414,positive
C18_negative|IK:SMUMBCREXHTKFN-VZOUQOBNSA-N,Actinopolymorpha singaporensis,-0.4878449715057282,1.3022822011270938e-07,0.4878449715057282,negative
HILICZ_positive|IK:SIOXPEMLGUPBBT-UHFFFAOYSA-N,Kitasatospora sp. MMS16-BH015,-0.4878447934122196,1.3022979370008084e-07,0.4878447934122196,negative
HILICZ_negative|IK:SLWWJZMPHJJOPH-PHDIDXHHSA-N,Streptomyces sp. SM18,-0.4878446690240085,1.3023089277232454e-07,0.4878446690240085,negative
HILICZ_positive|IK:SIOXPEMLGUPBBT-UHFFFAOYSA-N,Thermobispora bispora,-0.4878301578851079,1.3035917131805282e-07,0.4878301578851079,negative
HILICZ_negative|NAME:,Kitasatospora sp. MMS16-BH015,-0.48782384758814834,1.3041499193798008e-07,0.48782384758814834,negative
C18_positive|NAME:,Nakamurella panacisegetis,-0.4878088186027569,1.305480294564419e-07,0.4878088186027569,negative
HILICZ_positive|IK:RGHHSNMVTDWUBI-UHFFFAOYSA-N,Pseudomonas reinekei,0.4877570842846306,1.3100697447575772e-07,0.4877570842846306,positive
HILICZ_negative|IK:SLWWJZMPHJJOPH-PHDIDXHHSA-N,Pseudomonas mediterranea,0.4877537034561826,1.3103701991460503e-07,0.4877537034561826,positive
C18_positive|IK:NJMQSVWMCODQIP-FQXXIRCGSA-N,Pseudomonas sp. UW4,0.4876201241703232,1.3222940923879184e-07,0.4876201241703232,positive
C18_negative|IK:BJEPYKJPYRNKOW-REOHCLBHSA-N,Kitasatospora aureofaciens,-0.4876057062866901,1.3235872632011534e-07,0.4876057062866901,negative
C18_positive|IK:RGHHSNMVTDWUBI-UHFFFAOYSA-N,Streptomyces sp. Mg1,-0.48758208282291515,1.3257087077705625e-07,0.48758208282291515,negative
HILICZ_negative|NAME:,Frankia sp. QA3,-0.4875393270354486,1.3295565239330498e-07,0.4875393270354486,negative
C18_positive|IK:NJMQSVWMCODQIP-FQXXIRCGSA-N,Micromonospora inositola,-0.48753457626299745,1.3299847271125428e-07,0.48753457626299745,negative
C18_positive|IK:KZSNJWFQEVHDMF-BYPYZUCNSA-N,Actinopolymorpha singaporensis,-0.48753287584154326,1.3301380237824137e-07,0.48753287584154326,negative
C18_negative|IK:NGFMICBWJRZIBI-UHFFFAOYSA-N,Nocardioides sp. JS614,-0.4875263416748386,1.3307272497243585e-07,0.4875263416748386,negative
C18_positive|IK:UAUDZVJPLUQNMU-KTKRTIGZSA-N,Micromonospora purpureochromogenes,-0.4875220128263868,1.3311177455497867e-07,0.4875220128263868,negative
C18_positive|IK:FATBGEAMYMYZAF-KTKRTIGZSA-N,Streptomyces xiamenensis,-0.4875184775804183,1.3314367332591784e-07,0.4875184775804183,negative
HILICZ_negative|IK:WJAOHEPEBANKEO-UHFFFAOYSA-N,Blastochloris viridis,0.4874687880050211,1.3359279732811584e-07,0.4874687880050211,positive
C18_positive|IK:FATBGEAMYMYZAF-KTKRTIGZSA-N,Actinoplanes teichomyceticus,-0.487468672048458,1.335938470992109e-07,0.487468672048458,negative
C18_negative|IK:NGFMICBWJRZIBI-UHFFFAOYSA-N,Nocardioides sp. CF8,-0.487459438106704,1.3367746851759477e-07,0.487459438106704,negative
C18_positive|IK:NJMQSVWMCODQIP-FQXXIRCGSA-N,Kitasatospora sp. MMS16-BH015,-0.48744913285024355,1.337708505243545e-07,0.48744913285024355,negative
HILICZ_negative|IK:PFTAWBLQPZVEMU-UHFFFAOYSA-N,Intrasporangium calvum,-0.4874240174808817,1.3399869614498757e-07,0.4874240174808817,negative
C18_positive|IK:KZSNJWFQEVHDMF-BYPYZUCNSA-N,Pseudopropionibacterium propionicum,-0.4874178263017962,1.3405491906621155e-07,0.4874178263017962,negative
HILICZ_positive|IK:SIOXPEMLGUPBBT-UHFFFAOYSA-N,Pseudomonas kribbensis,0.48740507839340563,1.3417075532635296e-07,0.48740507839340563,positive
C18_positive|IK:NGFMICBWJRZIBI-UHFFFAOYSA-N,Pseudomonas brenneri,0.48739607892512526,1.3425258811434293e-07,0.48739607892512526,positive
C18_positive|IK:NJMQSVWMCODQIP-FQXXIRCGSA-N,Kytococcus sedentarius,-0.48736349123556527,1.345493083598368e-07,0.48736349123556527,negative
HILICZ_negative|IK:WJAOHEPEBANKEO-UHFFFAOYSA-N,Pseudomonas chlororaphis,-0.4873627507875159,1.3455605760726995e-07,0.4873627507875159,negative
HILICZ_positive|IK:SIOXPEMLGUPBBT-UHFFFAOYSA-N,Pseudomonas alkylphenolica,0.48724360418209695,1.3564630213075217e-07,0.48724360418209695,positive
HILICZ_negative|IK:WJAOHEPEBANKEO-UHFFFAOYSA-N,Streptomyces niveus,0.4872263620408165,1.358047709466047e-07,0.4872263620408165,positive
C18_positive|IK:LVFCLUMIBMHAFL-HMUNZLOLSA-N,Kutzneria albida,-0.48712953408232157,1.3669797831017415e-07,0.48712953408232157,negative
C18_positive|IK:MMOXZBCLCQITDF-UHFFFAOYSA-N,Amycolatopsis mediterranei,0.48711774668886804,1.368070947499732e-07,0.48711774668886804,positive
C18_positive|IK:LVFCLUMIBMHAFL-HMUNZLOLSA-N,Streptomyces rubrolavendulae,-0.4870784467447078,1.3717149612533335e-07,0.4870784467447078,negative
HILICZ_positive|IK:SIOXPEMLGUPBBT-UHFFFAOYSA-N,Pseudomonas mendocina,0.4869891205860513,1.3800319967048452e-07,0.4869891205860513,positive
C18_positive|IK:KZSNJWFQEVHDMF-BYPYZUCNSA-N,Streptomyces albireticuli,-0.48698583335573364,1.3803389810557234e-07,0.48698583335573364,negative
HILICZ_negative|IK:WJAOHEPEBANKEO-UHFFFAOYSA-N,Streptomyces pluripotens,0.4869537571872886,1.3833378933789592e-07,0.4869537571872886,positive
C18_positive|IK:UAUDZVJPLUQNMU-KTKRTIGZSA-N,Catenulispora acidiphila,-0.48693763621313274,1.3848474425023946e-07,0.48693763621313274,negative
C18_negative|IK:BJEPYKJPYRNKOW-REOHCLBHSA-N,Pseudomonas alkylphenolica,0.4869109005993366,1.3873543949087953e-07,0.4869109005993366,positive
HILICZ_negative|IK:SLWWJZMPHJJOPH-PHDIDXHHSA-N,Streptomyces hundungensis,-0.48683500456470463,1.3944946198401008e-07,0.48683500456470463,negative
HILICZ_positive|IK:SIOXPEMLGUPBBT-UHFFFAOYSA-N,Pseudomonas fragi,0.48677580799562475,1.4000880687676415e-07,0.48677580799562475,positive
HILICZ_negative|IK:VRYALKFFQXWPIH-UHFFFAOYSA-N,Thermomonospora curvata,-0.4867230051617664,1.405095411572877e-07,0.4867230051617664,negative
C18_positive|IK:NJMQSVWMCODQIP-FQXXIRCGSA-N,Saccharopolyspora erythraea,-0.48670489192308486,1.4068170346542973e-07,0.48670489192308486,negative
C18_positive|IK:RGHHSNMVTDWUBI-UHFFFAOYSA-N,Frankia inefficax,-0.4866665315894775,1.410469737570031e-07,0.4866665315894775,negative
HILICZ_negative|NAME:,Streptomyces sp. SCSIO 03032,-0.4866561872530029,1.4114562798842237e-07,0.4866561872530029,negative
C18_positive|IK:KZSNJWFQEVHDMF-BYPYZUCNSA-N,Micromonospora viridifaciens,-0.4866548835462395,1.4115806614143986e-07,0.4866548835462395,negative
HILICZ_negative|NAME:,Streptomyces rubrolavendulae,-0.4866485941252947,1.412180857052789e-07,0.4866485941252947,negative
HILICZ_negative|IK:WJAOHEPEBANKEO-UHFFFAOYSA-N,Streptomyces sp. CCM_MD2014,0.4865963161534913,1.4171791319568523e-07,0.4865963161534913,positive
C18_positive|IK:NGFMICBWJRZIBI-UHFFFAOYSA-N,Pseudomonas orientalis,0.4865958615788859,1.4172226674794295e-07,0.4865958615788859,positive
HILICZ_negative|NAME:,Pseudomonas brassicacearum,0.4865441400967578,1.4221844677178014e-07,0.4865441400967578,positive
HILICZ_negative|IK:SLWWJZMPHJJOPH-PHDIDXHHSA-N,Pseudomonas silesiensis,0.4865264675594891,1.4238836392765382e-07,0.4865264675594891,positive
C18_positive|IK:FATBGEAMYMYZAF-KTKRTIGZSA-N,Geodermatophilus obscurus,-0.48651661097138704,1.4248321664181418e-07,0.48651661097138704,negative
HILICZ_negative|IK:WJAOHEPEBANKEO-UHFFFAOYSA-N,Streptomyces pristinaespiralis,0.4864875959142585,1.4276278628793748e-07,0.4864875959142585,positive
C18_positive|IK:UAUDZVJPLUQNMU-KTKRTIGZSA-N,Plantactinospora sp. KBS50,-0.48647851089594374,1.428504308347127e-07,0.48647851089594374,negative
HILICZ_negative|NAME:,Frankia alni,-0.48643703389913917,1.4325121745196562e-07,0.48643703389913917,negative
HILICZ_negative|IK:SLWWJZMPHJJOPH-PHDIDXHHSA-N,Saccharothrix espanaensis,-0.4863680510012824,1.4392016372243365e-07,0.4863680510012824,negative
C18_positive|IK:RGHHSNMVTDWUBI-UHFFFAOYSA-N,Amycolatopsis methanolica,-0.48636529179666665,1.439469823048e-07,0.48636529179666665,negative
HILICZ_negative|IK:VRYALKFFQXWPIH-UHFFFAOYSA-N,Candidatus Koribacter versatilis,-0.4863470972140641,1.4412394706492708e-07,0.4863470972140641,negative
C18_positive|IK:UAUDZVJPLUQNMU-KTKRTIGZSA-N,Tessaracoccus sp. T2.5-30,-0.48632187338047483,1.4436962288276698e-07,0.48632187338047483,negative
HILICZ_negative|NAME:,Streptomyces clavuligerus,-0.4862847230385218,1.4473218760375163e-07,0.4862847230385218,negative
HILICZ_negative|IK:SLWWJZMPHJJOPH-PHDIDXHHSA-N,Opitutus sp. GAS368,-0.4862526975586788,1.4504543294227115e-07,0.4862526975586788,negative
C18_positive|IK:KZSNJWFQEVHDMF-BYPYZUCNSA-N,Pseudomonas sp. 7SR1,0.4862338243381242,1.4523033674219834e-07,0.4862338243381242,positive
C18_positive|IK:NGFMICBWJRZIBI-UHFFFAOYSA-N,Pseudomonas sp. LBUM920,0.4862107894075699,1.4545631779255932e-07,0.4862107894075699,positive
HILICZ_positive|IK:RGHHSNMVTDWUBI-UHFFFAOYSA-N,Streptacidiphilus sp. DSM 106435,-0.4862036361848691,1.4552656165843648e-07,0.4862036361848691,negative
HILICZ_positive|IK:SIOXPEMLGUPBBT-UHFFFAOYSA-N,Pseudomonas sp. CMR5c,0.48619422031055276,1.4561907379108153e-07,0.48619422031055276,positive
C18_negative|IK:SMUMBCREXHTKFN-VZOUQOBNSA-N,Halomonas sp. JS92-SW72,-0.48614762553172,1.4607769860937634e-07,0.48614762553172,negative
C18_positive|IK:KZSNJWFQEVHDMF-BYPYZUCNSA-N,Rhodococcus ruber,-0.486140126567854,1.4615163813897016e-07,0.486140126567854,negative
C18_positive|IK:UAUDZVJPLUQNMU-KTKRTIGZSA-N,Marmoricola scoriae,-0.48613523427127153,1.4619989523661557e-07,0.48613523427127153,negative
HILICZ_negative|IK:VRYALKFFQXWPIH-UHFFFAOYSA-N,Nocardiopsis dassonvillei,-0.48611656957044097,1.4638414136036792e-07,0.48611656957044097,negative
C18_negative|IK:NGFMICBWJRZIBI-UHFFFAOYSA-N,Pseudomonas sp. Z003-0.4C(8344-21),0.4861089290134417,1.4645962790773604e-07,0.4861089290134417,positive
HILICZ_negative|IK:WJAOHEPEBANKEO-UHFFFAOYSA-N,Pseudomonas extremorientalis,-0.4861019858052043,1.4652825701069433e-07,0.4861019858052043,negative
HILICZ_negative|IK:SLWWJZMPHJJOPH-PHDIDXHHSA-N,Pseudomonas fulva,0.48608568774645583,1.4668947313106574e-07,0.48608568774645583,positive
C18_positive|IK:NGFMICBWJRZIBI-UHFFFAOYSA-N,Burkholderia pseudomallei,-0.4860845100653148,1.467011289887277e-07,0.4860845100653148,negative
HILICZ_negative|IK:WJAOHEPEBANKEO-UHFFFAOYSA-N,Pseudomonas thivervalensis,-0.4860629158023382,1.4691501028145052e-07,0.4860629158023382,negative
C18_positive|IK:FATBGEAMYMYZAF-KTKRTIGZSA-N,Streptosporangium roseum,-0.48597913360098977,1.4774765054335904e-07,0.48597913360098977,negative
HILICZ_positive|IK:SIOXPEMLGUPBBT-UHFFFAOYSA-N,Pseudomonas sp. DR 5-09,0.4859662950386843,1.4787563872724145e-07,0.4859662950386843,positive
HILICZ_negative|IK:AAWZDTNXLSGCEK-LNVDRNJUSA-N,Pseudomonas plecoglossicida,0.4859478225445331,1.4805997717605541e-07,0.4859478225445331,positive
HILICZ_positive|IK:SIOXPEMLGUPBBT-UHFFFAOYSA-N,Pseudomonas prosekii,0.48590497874363214,1.4848836191655809e-07,0.48590497874363214,positive
C18_positive|IK:KZSNJWFQEVHDMF-BYPYZUCNSA-N,Pseudomonas sp. DR 5-09,0.4858998367360785,1.4853985489744727e-07,0.4858998367360785,positive
C18_positive|IK:NGFMICBWJRZIBI-UHFFFAOYSA-N,Pseudomonas yamanorum,0.48589975144076775,1.485407092033366e-07,0.48589975144076775,positive
C18_positive|IK:NJMQSVWMCODQIP-FQXXIRCGSA-N,Amycolatopsis methanolica,-0.4858965728668748,1.4857254869234328e-07,0.4858965728668748,negative
HILICZ_positive|IK:KWIUHFFTVRNATP-UHFFFAOYSA-N,Streptosporangium sp. 'caverna',-0.48585993295294777,1.4894003721229916e-07,0.48585993295294777,negative
HILICZ_positive|IK:SIOXPEMLGUPBBT-UHFFFAOYSA-N,Pseudomonas corrugata,0.48585924203221065,1.4894697527450223e-07,0.48585924203221065,positive
HILICZ_negative|IK:SLWWJZMPHJJOPH-PHDIDXHHSA-N,Streptomyces bingchenggensis,-0.4858563261466649,1.4897625929785073e-07,0.4858563261466649,negative
C18_positive|IK:LVFCLUMIBMHAFL-HMUNZLOLSA-N,Pseudomonas reinekei,0.4857982726114092,1.4956042971990131e-07,0.4857982726114092,positive
HILICZ_negative|IK:JVQYSWDUAOAHFM-UHFFFAOYSA-N,Pseudomonas sp. K2W31S-8,0.4857947614898894,1.4959583068583194e-07,0.4857947614898894,positive
C18_negative|IK:BJEPYKJPYRNKOW-REOHCLBHSA-N,Streptomyces sp. TLI_053,-0.48579438993975127,1.4959957731598103e-07,0.48579438993975127,negative
HILICZ_negative|IK:VRYALKFFQXWPIH-UHFFFAOYSA-N,Actinomadura amylolytica,-0.48579231838732984,1.4962046803532568e-07,0.48579231838732984,negative
HILICZ_positive|IK:PUQSUZTXKPLAPR-UJPOAAIJSA-N,Saccharothrix espanaensis,-0.4857449912964371,1.5009849928804272e-07,0.4857449912964371,negative
HILICZ_positive|IK:PUQSUZTXKPLAPR-UJPOAAIJSA-N,Pseudomonas brassicacearum,0.48572570499615714,1.5029371919245316e-07,0.48572570499615714,positive
C18_positive|IK:RGHHSNMVTDWUBI-UHFFFAOYSA-N,Saccharopolyspora erythraea,-0.48570362240634035,1.5051754077384784e-07,0.48570362240634035,negative
C18_positive|IK:UAUDZVJPLUQNMU-KTKRTIGZSA-N,Gordonia bronchialis,-0.4856984388031129,1.5057012600692956e-07,0.4856984388031129,negative
C18_positive|IK:UAUDZVJPLUQNMU-KTKRTIGZSA-N,Actinosynnema pretiosum,-0.48563860171065154,1.5117841393506283e-07,0.48563860171065154,negative
HILICZ_positive|IK:SIOXPEMLGUPBBT-UHFFFAOYSA-N,Kutzneria albida,-0.4856363314041765,1.5120153930336633e-07,0.4856363314041765,negative
C18_positive|IK:RGHHSNMVTDWUBI-UHFFFAOYSA-N,Pseudomonas protegens,0.48561016849637795,1.5146827830830132e-07,0.48561016849637795,positive
C18_positive|IK:NGFMICBWJRZIBI-UHFFFAOYSA-N,Caulobacter sp. K31,0.48557691261361785,1.518079795506391e-07,0.48557691261361785,positive
C18_positive|IK:KZSNJWFQEVHDMF-BYPYZUCNSA-N,Pseudomonas corrugata,0.4855174480684073,1.5241720634003366e-07,0.4855174480684073,positive
C18_negative|IK:BJEPYKJPYRNKOW-REOHCLBHSA-N,Streptosporangium sp. 'caverna',-0.48547405042816505,1.5286329383163732e-07,0.48547405042816505,negative
HILICZ_positive|IK:PUQSUZTXKPLAPR-UJPOAAIJSA-N,Kytococcus sedentarius,-0.4854575659042741,1.5303306519533577e-07,0.4854575659042741,negative
C18_positive|IK:SIKJAQJRHWYJAI-UHFFFAOYSA-N,Pseudomonas sp. K2W31S-8,0.4853810721305036,1.5382321532562432e-07,0.4853810721305036,positive
C18_negative|IK:NGFMICBWJRZIBI-UHFFFAOYSA-N,Rhodopseudomonas palustris,-0.48536432389374795,1.5399673583164786e-07,0.48536432389374795,negative
C18_positive|IK:RGHHSNMVTDWUBI-UHFFFAOYSA-N,Streptomyces virus R4,0.48535885295296805,1.5405345803938412e-07,0.48535885295296805,positive
C18_negative|IK:BJEPYKJPYRNKOW-REOHCLBHSA-N,Pseudomonas sp. TKP,0.4853208987070565,1.544475125188709e-07,0.4853208987070565,positive
C18_positive|IK:LVFCLUMIBMHAFL-HMUNZLOLSA-N,Streptomyces sp. Mg1,-0.48531226507145214,1.5453728396087158e-07,0.48531226507145214,negative
C18_positive|IK:RGHHSNMVTDWUBI-UHFFFAOYSA-N,Streptosporangium sp. 'caverna',-0.4852743361120175,1.5493225366989315e-07,0.4852743361120175,negative
C18_positive|NAME:,Nocardiopsis gilva,-0.485243404605499,1.5525506779912302e-07,0.485243404605499,negative
HILICZ_positive|IK:PUQSUZTXKPLAPR-UJPOAAIJSA-N,Janibacter indicus,-0.4852419442961398,1.5527032402693472e-07,0.4852419442961398,negative
C18_positive|NAME:,Pseudomonas protegens,0.48520065959584086,1.5570222734042384e-07,0.48520065959584086,positive
C18_positive|NAME:,Pseudomonas lini,0.4851637597921921,1.5608922612348567e-07,0.4851637597921921,positive
C18_positive|IK:KZSNJWFQEVHDMF-BYPYZUCNSA-N,Pseudomonas sp. CMR12a,0.4851562155217199,1.5616846188020763e-07,0.4851562155217199,positive
HILICZ_positive|IK:PUQSUZTXKPLAPR-UJPOAAIJSA-N,Kibdelosporangium phytohabitans,-0.48497707978941607,1.5806117973156893e-07,0.48497707978941607,negative
C18_positive|IK:KZSNJWFQEVHDMF-BYPYZUCNSA-N,Pseudomonas alkylphenolica,0.4849657539121321,1.5818157862082378e-07,0.4849657539121321,positive
C18_positive|IK:KZSNJWFQEVHDMF-BYPYZUCNSA-N,Pseudomonas sp. LG1D9,0.48493769860542596,1.584801948199074e-07,0.48493769860542596,positive
HILICZ_negative|IK:AAWZDTNXLSGCEK-LNVDRNJUSA-N,Streptomyces albus,-0.4849297340198483,1.5856506641522642e-07,0.4849297340198483,negative
C18_positive|IK:KZSNJWFQEVHDMF-BYPYZUCNSA-N,Pseudomonas sp. Z003-0.4C(8344-21),0.4848255826421492,1.5967890907607888e-07,0.4848255826421492,positive
C18_positive|IK:NGFMICBWJRZIBI-UHFFFAOYSA-N,Pseudomonas mucidolens,0.48482418779470055,1.5969387667209042e-07,0.48482418779470055,positive
C18_positive|IK:FATBGEAMYMYZAF-KTKRTIGZSA-N,Nitrobacter winogradskyi,-0.4847510947483378,1.604800840829855e-07,0.4847510947483378,negative
HILICZ_negative|IK:OKVJCVWFVRATSG-UHFFFAOYSA-N,Massilia sp. WG5,0.4846143848632995,1.6196047843897397e-07,0.4846143848632995,positive
C18_positive|NAME:,Streptomyces sp. SCSIO 03032,-0.484582353544299,1.6230921319498548e-07,0.484582353544299,negative
HILICZ_positive|IK:COLNVLDHVKWLRT-QMMMGPOBSA-N,Pseudomonas putida,0.48457493388223927,1.6239009529597723e-07,0.48457493388223927,positive
HILICZ_negative|IK:KCOOTJRKKIDHTM-UHFFFAOYSA-N,Nakamurella multipartita,-0.48454952367614607,1.6266738420105785e-07,0.48454952367614607,negative
C18_positive|IK:RGHHSNMVTDWUBI-UHFFFAOYSA-N,Terriglobus roseus,-0.4844843042004592,1.6338115777199863e-07,0.4844843042004592,negative
HILICZ_positive|IK:PUQSUZTXKPLAPR-UJPOAAIJSA-N,Amycolatopsis mediterranei,-0.48441637169835117,1.6412779488451478e-07,0.48441637169835117,negative
C18_positive|IK:NGFMICBWJRZIBI-UHFFFAOYSA-N,Pseudomonas sp. URMO17WK12:I11,0.4843968696570938,1.6434273897870656e-07,0.4843968696570938,positive
C18_positive|IK:NGFMICBWJRZIBI-UHFFFAOYSA-N,Pseudomonas cedrina,0.4843967400677054,1.6434416816013773e-07,0.4843967400677054,positive
C18_positive|IK:KZSNJWFQEVHDMF-BYPYZUCNSA-N,Pseudomonas granadensis,0.48439193742198966,1.6439714266904816e-07,0.48439193742198966,positive
C18_positive|IK:FATBGEAMYMYZAF-KTKRTIGZSA-N,Actinoplanes missouriensis,-0.4843860175082461,1.644624633348233e-07,0.4843860175082461,negative
C18_negative|IK:NGFMICBWJRZIBI-UHFFFAOYSA-N,Pseudomonas fluorescens,0.4843444252512042,1.6492209219445398e-07,0.4843444252512042,positive
C18_positive|IK:FATBGEAMYMYZAF-KTKRTIGZSA-N,Mycolicibacter sinensis,-0.48433559573958007,1.6501982292714378e-07,0.48433559573958007,negative
HILICZ_positive|IK:SIOXPEMLGUPBBT-UHFFFAOYSA-N,Candidatus Solibacter usitatus,-0.48427538082424787,1.6568779291392902e-07,0.48427538082424787,negative
HILICZ_positive|IK:COLNVLDHVKWLRT-QMMMGPOBSA-N,Streptomyces xinghaiensis,-0.48427355886111406,1.6570804421869368e-07,0.48427355886111406,negative
HILICZ_positive|IK:SIOXPEMLGUPBBT-UHFFFAOYSA-N,Nonomuraea sp. ATCC 55076,-0.4842700840867505,1.6574667322405402e-07,0.4842700840867505,negative
HILICZ_positive|IK:COLNVLDHVKWLRT-QMMMGPOBSA-N,Streptomyces albulus,-0.48426552913223914,1.65797323564998e-07,0.48426552913223914,negative
C18_positive|IK:NGFMICBWJRZIBI-UHFFFAOYSA-N,Terriglobus roseus,-0.48423543060398627,1.6613238500074106e-07,0.48423543060398627,negative
C18_positive|IK:NGFMICBWJRZIBI-UHFFFAOYSA-N,Nocardioides sp. 78,-0.4842129925775053,1.663825880913696e-07,0.4842129925775053,negative
C18_positive|IK:KZSNJWFQEVHDMF-BYPYZUCNSA-N,Pseudomonas azotoformans,0.484201103891093,1.6651530249248726e-07,0.484201103891093,positive
HILICZ_negative|NAME:,Halomonas sp. JS92-SW72,-0.48413411023107406,1.6726504540246772e-07,0.48413411023107406,negative
C18_negative|IK:BJEPYKJPYRNKOW-REOHCLBHSA-N,Pseudomonas sp. NC02,0.48410974420714376,1.6753852827241068e-07,0.48410974420714376,positive
HILICZ_positive|IK:PUQSUZTXKPLAPR-UJPOAAIJSA-N,Micromonospora krabiensis,-0.4840663894771305,1.680261927666293e-07,0.4840663894771305,negative
HILICZ_negative|IK:JVQYSWDUAOAHFM-UHFFFAOYSA-N,Bradyrhizobium icense,0.4840656556092264,1.680344591157372e-07,0.4840656556092264,positive
HILICZ_positive|IK:PUQSUZTXKPLAPR-UJPOAAIJSA-N,Streptomyces sp. fd1-xmd,-0.4840226386025614,1.685196836664859e-07,0.4840226386025614,negative
HILICZ_negative|IK:AAWZDTNXLSGCEK-LNVDRNJUSA-N,Pseudomonas parafulva,0.4840139382065617,1.686179847887551e-07,0.4840139382065617,positive
C18_positive|IK:NGFMICBWJRZIBI-UHFFFAOYSA-N,Lacunisphaera limnophila,-0.4840135720382764,1.6862212312588732e-07,0.4840135720382764,negative
HILICZ_negative|IK:SLWWJZMPHJJOPH-PHDIDXHHSA-N,Singulisphaera acidiphila,-0.4840047026550763,1.6872239210596844e-07,0.4840047026550763,negative
C18_negative|IK:BJEPYKJPYRNKOW-REOHCLBHSA-N,Kitasatospora sp. MMS16-BH015,-0.48400136259945326,1.6876016638014611e-07,0.48400136259945326,negative
C18_positive|IK:MMOXZBCLCQITDF-UHFFFAOYSA-N,Pseudomonas fulva,-0.483959494110812,1.6923436088296303e-07,0.483959494110812,negative
C18_positive|IK:NJMQSVWMCODQIP-FQXXIRCGSA-N,Kitasatospora aureofaciens,-0.4839296270131978,1.6957340521857044e-07,0.4839296270131978,negative
HILICZ_negative|IK:SLWWJZMPHJJOPH-PHDIDXHHSA-N,Pseudolabrys taiwanensis,-0.48390547126147854,1.6984808881185146e-07,0.48390547126147854,negative
C18_positive|IK:NJMQSVWMCODQIP-FQXXIRCGSA-N,Pseudomonas vancouverensis,0.48387609695840306,1.7018268544794353e-07,0.48387609695840306,positive
HILICZ_positive|IK:PUQSUZTXKPLAPR-UJPOAAIJSA-N,Phycicoccus dokdonensis,-0.48385928700440844,1.7037444652002427e-07,0.48385928700440844,negative
C18_positive|IK:UAUDZVJPLUQNMU-KTKRTIGZSA-N,Pseudopropionibacterium propionicum,-0.48380876385439986,1.7095203355424457e-07,0.48380876385439986,negative
HILICZ_negative|IK:SLWWJZMPHJJOPH-PHDIDXHHSA-N,Paludisphaera borealis,-0.48371015863422423,1.720846772095977e-07,0.48371015863422423,negative
HILICZ_positive|IK:PUQSUZTXKPLAPR-UJPOAAIJSA-N,Pseudomonas umsongensis,0.4836694725548258,1.7255410392950436e-07,0.4836694725548258,positive
HILICZ_negative|IK:CDAISMWEOUEBRE-UHFFFAOYSA-N,Intrasporangium calvum,-0.4836621854045537,1.726383100941635e-07,0.4836621854045537,negative
C18_negative|IK:SMUMBCREXHTKFN-VZOUQOBNSA-N,Micromonospora inositola,-0.4836620997025686,1.726393006503851e-07,0.4836620997025686,negative
C18_positive|IK:NGFMICBWJRZIBI-UHFFFAOYSA-N,Pseudomonas sp. NC02,0.48366074208067583,1.726549929671772e-07,0.48366074208067583,positive
C18_positive|IK:MMOXZBCLCQITDF-UHFFFAOYSA-N,Tessaracoccus sp. T2.5-30,0.4835786101387924,1.7360686107057113e-07,0.4835786101387924,positive
HILICZ_positive|IK:COLNVLDHVKWLRT-QMMMGPOBSA-N,Pseudomonas fulva,0.4835777013388633,1.736174215127257e-07,0.4835777013388633,positive
HILICZ_negative|IK:SLWWJZMPHJJOPH-PHDIDXHHSA-N,Tessaracoccus sp. T2.5-30,-0.48355110530360396,1.739267440080173e-07,0.48355110530360396,negative
C18_positive|IK:SIKJAQJRHWYJAI-UHFFFAOYSA-N,Streptacidiphilus sp. DSM 106435,-0.4835240926152459,1.7424144959149467e-07,0.4835240926152459,negative
HILICZ_negative|NAME:,Pseudomonas vancouverensis,0.4835058329195119,1.744544874275355e-07,0.4835058329195119,positive
HILICZ_positive|IK:SIOXPEMLGUPBBT-UHFFFAOYSA-N,Pseudomonas brenneri,0.48350007372912046,1.7452173196880223e-07,0.48350007372912046,positive
C18_negative|IK:SMUMBCREXHTKFN-VZOUQOBNSA-N,Frankia alni,-0.4834882355826466,1.7466003218201874e-07,0.4834882355826466,negative
C18_negative|IK:BJEPYKJPYRNKOW-REOHCLBHSA-N,Nocardia brasiliensis,-0.483483964453662,1.74709955650732e-07,0.483483964453662,negative
C18_positive|IK:RGHHSNMVTDWUBI-UHFFFAOYSA-N,Micromonospora inositola,-0.48346384831278405,1.749452677409273e-07,0.48346384831278405,negative
HILICZ_negative|NAME:,Phycicoccus dokdonensis,-0.4834273880663956,1.7537253745461842e-07,0.4834273880663956,negative
HILICZ_negative|IK:SLWWJZMPHJJOPH-PHDIDXHHSA-N,Actinosynnema pretiosum,-0.4833524609928312,1.76253713495892e-07,0.4833524609928312,negative
C18_positive|IK:NGFMICBWJRZIBI-UHFFFAOYSA-N,Pseudomonas rhodesiae,0.4833386316922022,1.764168125850072e-07,0.4833386316922022,positive
HILICZ_negative|IK:SLWWJZMPHJJOPH-PHDIDXHHSA-N,Pseudomonas sp. NS1(2017),0.48332440194780285,1.7658478444326476e-07,0.48332440194780285,positive
HILICZ_positive|IK:PUQSUZTXKPLAPR-UJPOAAIJSA-N,Actinosynnema pretiosum,-0.48329709259254505,1.7690757843498193e-07,0.48329709259254505,negative
C18_positive|IK:RGHHSNMVTDWUBI-UHFFFAOYSA-N,Pseudomonas mediterranea,0.48326972688586883,1.7723160216482009e-07,0.48326972688586883,positive
HILICZ_negative|IK:AAWZDTNXLSGCEK-LNVDRNJUSA-N,Pseudomonas sp. 02C 26,0.4832481236105055,1.7748779495962626e-07,0.4832481236105055,positive
C18_positive|IK:MMOXZBCLCQITDF-UHFFFAOYSA-N,Mycobacterium sp. EPa45,0.4832467721395972,1.7750383374205169e-07,0.4832467721395972,positive
C18_negative|IK:NGFMICBWJRZIBI-UHFFFAOYSA-N,Actinoplanes teichomyceticus,-0.48320731942619694,1.779726534800609e-07,0.48320731942619694,negative
C18_positive|IK:LVFCLUMIBMHAFL-HMUNZLOLSA-N,Pseudomonas sp. K2W31S-8,0.4831580238395885,1.7856009429557755e-07,0.4831580238395885,positive
HILICZ_negative|IK:VRYALKFFQXWPIH-UHFFFAOYSA-N,Catenulispora acidiphila,-0.48310113352681683,1.7924033452673215e-07,0.48310113352681683,negative
HILICZ_positive|IK:KWIUHFFTVRNATP-UHFFFAOYSA-N,Kutzneria albida,-0.483090432263195,1.7936856553373598e-07,0.483090432263195,negative
C18_positive|IK:FATBGEAMYMYZAF-KTKRTIGZSA-N,Mycobacterium intracellulare,-0.48306606962498316,1.7966082388653753e-07,0.48306606962498316,negative
C18_positive|IK:NGFMICBWJRZIBI-UHFFFAOYSA-N,Nocardia brasiliensis,-0.4830135792562142,1.8029204922191911e-07,0.4830135792562142,negative
C18_positive|IK:LVFCLUMIBMHAFL-HMUNZLOLSA-N,Micromonospora viridifaciens,-0.48300666339666354,1.8037537351083676e-07,0.48300666339666354,negative
C18_positive|IK:LVFCLUMIBMHAFL-HMUNZLOLSA-N,Nakamurella panacisegetis,-0.48298787474865296,1.806019298131275e-07,0.48298787474865296,negative
C18_negative|IK:SMUMBCREXHTKFN-VZOUQOBNSA-N,Pseudomonas putida,0.48296810814372165,1.8084057098363432e-07,0.48296810814372165,positive
C18_positive|IK:ZEYHEAKUIGZSGI-UHFFFAOYSA-N,Janthinobacterium sp. LM6,-0.48296533405922987,1.8087408637892612e-07,0.48296533405922987,negative
HILICZ_positive|IK:PUQSUZTXKPLAPR-UJPOAAIJSA-N,Streptomyces violaceoruber,-0.48294649424479347,1.8110185814629984e-07,0.48294649424479347,negative
HILICZ_negative|IK:WJAOHEPEBANKEO-UHFFFAOYSA-N,Streptomyces sp. SM18,0.4829258602940439,1.813516342852169e-07,0.4829258602940439,positive
C18_negative|IK:BJEPYKJPYRNKOW-REOHCLBHSA-N,Pseudomonas sp. S09G 359,0.48292406002648447,1.8137344226673386e-07,0.48292406002648447,positive
C18_positive|IK:RGHHSNMVTDWUBI-UHFFFAOYSA-N,Phycicoccus dokdonensis,-0.48291933569073336,1.8143068354104396e-07,0.48291933569073336,negative
C18_positive|NAME:,Frankia alni,-0.48284408905094517,1.8234471381550437e-07,0.48284408905094517,negative
C18_positive|IK:LVFCLUMIBMHAFL-HMUNZLOLSA-N,Granulicella mallensis,-0.4828164707143934,1.82681296040764e-07,0.4828164707143934,negative
C18_negative|IK:SMUMBCREXHTKFN-VZOUQOBNSA-N,Amycolatopsis mediterranei,-0.48277050803561783,1.8324275118418416e-07,0.48277050803561783,negative
HILICZ_positive|IK:COLNVLDHVKWLRT-QMMMGPOBSA-N,Pseudomonas stutzeri,0.4827601279374296,1.8336977610450435e-07,0.4827601279374296,positive
HILICZ_negative|IK:WJAOHEPEBANKEO-UHFFFAOYSA-N,Pseudomonas poae,-0.4826635689800015,1.8455542715423418e-07,0.4826635689800015,negative
HILICZ_negative|IK:SLWWJZMPHJJOPH-PHDIDXHHSA-N,Pseudomonas sp. LAB-08,0.48264914711557294,1.847331391847722e-07,0.48264914711557294,positive
HILICZ_negative|NAME:,Kitasatospora setae,-0.48259487341792534,1.854033832825448e-07,0.48259487341792534,negative
HILICZ_negative|NAME:,Catenulispora acidiphila,-0.48259345017075467,1.854209905610367e-07,0.48259345017075467,negative
HILICZ_negative|IK:WJAOHEPEBANKEO-UHFFFAOYSA-N,Pseudomonas plecoglossicida,-0.48255738883783345,1.8586764427689408e-07,0.48255738883783345,negative
HILICZ_positive|IK:PUQSUZTXKPLAPR-UJPOAAIJSA-N,Streptomyces globosus,-0.48254646521728567,1.8600314571816408e-07,0.48254646521728567,negative
C18_positive|IK:LVFCLUMIBMHAFL-HMUNZLOLSA-N,Allokutzneria albata,-0.4825399590940709,1.8608389525482867e-07,0.4825399590940709,negative
C18_positive|NAME:,Streptomyces xiamenensis,-0.48252068088357636,1.8632335923150792e-07,0.48252068088357636,negative
HILICZ_positive|IK:KWIUHFFTVRNATP-UHFFFAOYSA-N,Streptomyces albulus,-0.4825106169860802,1.86448484324631e-07,0.4825106169860802,negative
C18_positive|IK:NJMQSVWMCODQIP-FQXXIRCGSA-N,Pseudopropionibacterium propionicum,-0.482478171924324,1.8685242094569913e-07,0.482478171924324,negative
HILICZ_negative|IK:COLNVLDHVKWLRT-QMMMGPOBSA-N,Kitasatospora aureofaciens,-0.48247694914017514,1.8686766072646581e-07,0.48247694914017514,negative
C18_positive|IK:FATBGEAMYMYZAF-KTKRTIGZSA-N,Modestobacter marinus,-0.48247476223265523,1.8689491950332975e-07,0.48247476223265523,negative
HILICZ_positive|IK:COLNVLDHVKWLRT-QMMMGPOBSA-N,Streptomyces virus Caliburn,0.48247242503138327,1.8692405580719564e-07,0.48247242503138327,positive
C18_negative|IK:BJEPYKJPYRNKOW-REOHCLBHSA-N,Pseudomonas viridiflava,0.4824532120117101,1.8716373548567364e-07,0.4824532120117101,positive
HILICZ_negative|IK:VRYALKFFQXWPIH-UHFFFAOYSA-N,Nocardiopsis gilva,-0.48237957766475437,1.880850264000081e-07,0.48237957766475437,negative
HILICZ_positive|IK:PUQSUZTXKPLAPR-UJPOAAIJSA-N,Chryseolinea sp. KIS68-18,0.4823619526918202,1.8830618446143856e-07,0.4823619526918202,positive
C18_positive|IK:NGFMICBWJRZIBI-UHFFFAOYSA-N,Pseudomonas trivialis,0.482351462554745,1.884379321756413e-07,0.482351462554745,positive
C18_negative|IK:BJEPYKJPYRNKOW-REOHCLBHSA-N,Streptacidiphilus sp. DSM 106435,-0.482279625264487,1.8934251255533394e-07,0.482279625264487,negative
HILICZ_negative|IK:JVQYSWDUAOAHFM-UHFFFAOYSA-N,Frankia inefficax,-0.48222754553971026,1.900008881604413e-07,0.48222754553971026,negative
HILICZ_positive|IK:PUQSUZTXKPLAPR-UJPOAAIJSA-N,Amycolatopsis albispora,-0.482223892238214,1.9004715378764178e-07,0.482223892238214,negative
C18_positive|IK:NGFMICBWJRZIBI-UHFFFAOYSA-N,Jiangella sp. DSM 45060,-0.48220266490893104,1.90316190279766e-07,0.48220266490893104,negative
HILICZ_negative|IK:JVQYSWDUAOAHFM-UHFFFAOYSA-N,Nakamurella panacisegetis,-0.4821319916551389,1.9121452366543395e-07,0.4821319916551389,negative
C18_negative|IK:NGFMICBWJRZIBI-UHFFFAOYSA-N,Streptomyces sp. HNM0039,-0.48210820094043794,1.9151783669064832e-07,0.48210820094043794,negative
C18_positive|IK:KZSNJWFQEVHDMF-BYPYZUCNSA-N,Pseudomonas kribbensis,0.48210550490414056,1.9155223793385844e-07,0.48210550490414056,positive
C18_positive|IK:NJMQSVWMCODQIP-FQXXIRCGSA-N,Pseudomonas sp. K2W31S-8,0.48210257827739966,1.9158958815628414e-07,0.48210257827739966,positive
C18_positive|IK:NGFMICBWJRZIBI-UHFFFAOYSA-N,Pseudomonas cichorii,0.48206079877096725,1.9212354368800168e-07,0.48206079877096725,positive
HILICZ_positive|IK:MMOXZBCLCQITDF-UHFFFAOYSA-N,Homo sapiens,0.4820430482510505,1.9235082969335797e-07,0.4820430482510505,positive
C18_positive|IK:KZSNJWFQEVHDMF-BYPYZUCNSA-N,Planctomyces sp. SH-PL62,-0.4820328805480392,1.9248113705646386e-07,0.4820328805480392,negative
C18_negative|IK:SMUMBCREXHTKFN-VZOUQOBNSA-N,Janibacter indicus,-0.48202348585315874,1.9260161240555206e-07,0.48202348585315874,negative
C18_negative|IK:BJEPYKJPYRNKOW-REOHCLBHSA-N,Myxococcus xanthus,-0.4819710316208413,1.9327559386502247e-07,0.4819710316208413,negative
C18_positive|IK:KZSNJWFQEVHDMF-BYPYZUCNSA-N,Pseudomonas orientalis,0.4819362550026876,1.9372367406692328e-07,0.4819362550026876,positive
HILICZ_negative|IK:SLWWJZMPHJJOPH-PHDIDXHHSA-N,Pseudomonas synxantha,0.4819046679596927,1.941315151996216e-07,0.4819046679596927,positive
C18_positive|IK:NGFMICBWJRZIBI-UHFFFAOYSA-N,Streptomyces gilvosporeus,-0.4818870591506234,1.9435922893445994e-07,0.4818870591506234,negative
C18_negative|IK:NGFMICBWJRZIBI-UHFFFAOYSA-N,Streptomyces globisporus,-0.48186501355148054,1.9464467693668315e-07,0.48186501355148054,negative
C18_negative|NAME:,Kitasatospora sp. MMS16-BH015,-0.48179992292398865,1.9548980618398143e-07,0.48179992292398865,negative
HILICZ_negative|IK:AAWZDTNXLSGCEK-LNVDRNJUSA-N,Catenulispora acidiphila,-0.481797886498441,1.955163031844765e-07,0.481797886498441,negative
C18_positive|IK:KZSNJWFQEVHDMF-BYPYZUCNSA-N,Pseudomonas taetrolens,0.48177868515288047,1.957663101542032e-07,0.48177868515288047,positive
C18_positive|IK:SIKJAQJRHWYJAI-UHFFFAOYSA-N,Streptomyces sp. SCSIO 03032,-0.4817600864371804,1.9600876091064808e-07,0.4817600864371804,negative
HILICZ_positive|IK:PUQSUZTXKPLAPR-UJPOAAIJSA-N,Pseudomonas lini,0.48175874162066185,1.9602630286646052e-07,0.48175874162066185,positive
C18_positive|IK:KZSNJWFQEVHDMF-BYPYZUCNSA-N,Paludisphaera borealis,-0.4817415567930318,1.9625059556164763e-07,0.4817415567930318,negative
HILICZ_negative|NAME:,Pseudomonas silesiensis,0.4817015016168203,1.9677433612053976e-07,0.4817015016168203,positive
C18_positive|IK:NJMQSVWMCODQIP-FQXXIRCGSA-N,Catenulispora acidiphila,-0.4816563985698822,1.973656729925883e-07,0.4816563985698822,negative
HILICZ_positive|IK:SIOXPEMLGUPBBT-UHFFFAOYSA-N,Pseudomonas silesiensis,0.4815999466954906,1.9810818649799712e-07,0.4815999466954906,positive
HILICZ_positive|IK:MMOXZBCLCQITDF-UHFFFAOYSA-N,Streptomyces sp. SCSIO 03032,0.48157339432672297,1.9845834977231727e-07,0.48157339432672297,positive
C18_positive|IK:FATBGEAMYMYZAF-KTKRTIGZSA-N,Pseudopropionibacterium propionicum,-0.4815694124354472,1.9851091233752822e-07,0.4815694124354472,negative
C18_positive|NAME:,Pseudomonas sp. K2W31S-8,0.48156937416758006,1.9851141755305733e-07,0.48156937416758006,positive
C18_negative|IK:NGFMICBWJRZIBI-UHFFFAOYSA-N,Pseudomonas moraviensis,0.48154437750784274,1.988416872233252e-07,0.48154437750784274,positive
C18_negative|IK:WJAOHEPEBANKEO-UHFFFAOYSA-N,Janthinobacterium sp. LM6,-0.48153676394638656,1.9894238570274872e-07,0.48153676394638656,negative
C18_positive|IK:MMOXZBCLCQITDF-UHFFFAOYSA-N,Nitrobacter hamburgensis,0.4815049127736052,1.9936418236897458e-07,0.4815049127736052,positive
C18_positive|IK:LVFCLUMIBMHAFL-HMUNZLOLSA-N,Pseudolabrys taiwanensis,-0.48147030634413956,1.9982343130065525e-07,0.48147030634413956,negative
C18_positive|IK:UAUDZVJPLUQNMU-KTKRTIGZSA-N,Bradyrhizobium erythrophlei,-0.48143914949143,2.002377637207358e-07,0.48143914949143,negative
C18_positive|IK:NGFMICBWJRZIBI-UHFFFAOYSA-N,Pseudomonas antarctica,0.4814217876975195,2.0046900042209843e-07,0.4814217876975195,positive
HILICZ_negative|IK:AAWZDTNXLSGCEK-LNVDRNJUSA-N,Actinomadura amylolytica,-0.4813983411529743,2.0078168171129672e-07,0.4813983411529743,negative
HILICZ_negative|IK:WJAOHEPEBANKEO-UHFFFAOYSA-N,Bradyrhizobium oligotrophicum,0.48138755692277263,2.009256552229319e-07,0.48138755692277263,positive
HILICZ_positive|IK:KWIUHFFTVRNATP-UHFFFAOYSA-N,Streptomyces rubrolavendulae,-0.4812728236185338,2.0246348615733493e-07,0.4812728236185338,negative
HILICZ_positive|IK:SIOXPEMLGUPBBT-UHFFFAOYSA-N,Pseudomonas sp. CMR12a,0.48122137772690465,2.031566756926616e-07,0.48122137772690465,positive
HILICZ_negative|IK:KCOOTJRKKIDHTM-UHFFFAOYSA-N,Mesorhizobium amorphae,0.4812095591341563,2.033162400330209e-07,0.4812095591341563,positive
C18_positive|IK:UAUDZVJPLUQNMU-KTKRTIGZSA-N,Micromonospora rifamycinica,-0.4812031686888908,2.0340256795215162e-07,0.4812031686888908,negative
HILICZ_positive|IK:SIOXPEMLGUPBBT-UHFFFAOYSA-N,Jiangella sp. DSM 45060,-0.48120036786353304,2.034404150351515e-07,0.48120036786353304,negative
HILICZ_positive|IK:COLNVLDHVKWLRT-QMMMGPOBSA-N,Pseudomonas umsongensis,0.4811434404822379,2.0421111983613178e-07,0.4811434404822379,positive
HILICZ_positive|IK:RGHHSNMVTDWUBI-UHFFFAOYSA-N,Pseudomonas brassicacearum,0.48112941289309713,2.0440145718337093e-07,0.48112941289309713,positive
C18_negative|IK:CZDNLUMNELLDDD-QZFWYPLZSA-N,Candidatus Solibacter usitatus,-0.4811035398769642,2.0475296575149063e-07,0.4811035398769642,negative
C18_positive|IK:LVFCLUMIBMHAFL-HMUNZLOLSA-N,Frankia alni,-0.4810680490878231,2.0523607686428344e-07,0.4810680490878231,negative
HILICZ_positive|IK:SIOXPEMLGUPBBT-UHFFFAOYSA-N,Kytococcus sedentarius,-0.4810216183782668,2.0586974421995262e-07,0.4810216183782668,negative
C18_positive|IK:NGFMICBWJRZIBI-UHFFFAOYSA-N,Pseudomonas sp. HLS-6,0.4810138417751879,2.0597605807148827e-07,0.4810138417751879,positive
HILICZ_negative|IK:WJAOHEPEBANKEO-UHFFFAOYSA-N,Pseudorhodoplanes sinuspersici,0.4810045066030887,2.0610374813759864e-07,0.4810045066030887,positive
C18_positive|IK:KZSNJWFQEVHDMF-BYPYZUCNSA-N,Pseudomonas protegens,0.4809675788420758,2.066095993324107e-07,0.4809675788420758,positive
C18_positive|IK:KZSNJWFQEVHDMF-BYPYZUCNSA-N,Allokutzneria albata,-0.48094981132848147,2.0685340679108213e-07,0.48094981132848147,negative
C18_positive|NAME:,Nonomuraea sp. ATCC 55076,-0.48090740585306674,2.074364061294376e-07,0.48090740585306674,negative
HILICZ_negative|IK:JVQYSWDUAOAHFM-UHFFFAOYSA-N,Streptomyces cattleya,-0.48089860526569145,2.075575943057844e-07,0.48089860526569145,negative
HILICZ_positive|IK:SIOXPEMLGUPBBT-UHFFFAOYSA-N,Pseudomonas orientalis,0.48086797403216014,2.0797992644097275e-07,0.48086797403216014,positive
C18_positive|IK:FATBGEAMYMYZAF-KTKRTIGZSA-N,Actinoplanes derwentensis,-0.4808384301653567,2.0838804137604424e-07,0.4808384301653567,negative
HILICZ_positive|IK:KWIUHFFTVRNATP-UHFFFAOYSA-N,Pseudomonas sp. K2W31S-8,0.48082232073667375,2.0861089591775716e-07,0.48082232073667375,positive
HILICZ_negative|IK:KCOOTJRKKIDHTM-UHFFFAOYSA-N,Nakamurella panacisegetis,-0.48082184655608823,2.0861745907142226e-07,0.48082184655608823,negative
C18_positive|IK:UAUDZVJPLUQNMU-KTKRTIGZSA-N,Micromonospora echinaurantiaca,-0.48079701304243133,2.0896145566469703e-07,0.48079701304243133,negative
C18_positive|NAME:,Pseudomonas sp. LAB-08,0.4807964470475702,2.089693021792482e-07,0.4807964470475702,positive
HILICZ_positive|IK:KWIUHFFTVRNATP-UHFFFAOYSA-N,Nonomuraea sp. ATCC 55076,-0.4807912925715462,2.090407727547852e-07,0.4807912925715462,negative
HILICZ_negative|IK:ODHCTXKNWHHXJC-UHFFFAOYSA-N,Chryseolinea sp. KIS68-18,0.4807705266461728,2.0932894328553866e-07,0.4807705266461728,positive
C18_positive|IK:NJMQSVWMCODQIP-FQXXIRCGSA-N,Rhodococcus ruber,-0.48070641445415907,2.102210219185612e-07,0.48070641445415907,negative
C18_negative|IK:CZDNLUMNELLDDD-QZFWYPLZSA-N,Streptacidiphilus sp. DSM 106435,-0.4807014883344428,2.1028971513233978e-07,0.4807014883344428,negative
HILICZ_negative|IK:SLWWJZMPHJJOPH-PHDIDXHHSA-N,Pseudomonas alkylphenolica,0.48069435305486613,2.103892522915752e-07,0.48069435305486613,positive
HILICZ_negative|IK:SLWWJZMPHJJOPH-PHDIDXHHSA-N,Micromonospora krabiensis,-0.48067659423370673,2.1063718265049463e-07,0.48067659423370673,negative
C18_negative|IK:BJEPYKJPYRNKOW-REOHCLBHSA-N,Pseudomonas reinekei,0.48067041210460815,2.1072355641631381e-07,0.48067041210460815,positive
HILICZ_positive|IK:SIOXPEMLGUPBBT-UHFFFAOYSA-N,Pseudomonas poae,0.4806607238797349,2.1085898351463254e-07,0.4806607238797349,positive
C18_negative|IK:NGFMICBWJRZIBI-UHFFFAOYSA-N,Pseudomonas stutzeri,0.48065243866630514,2.1097486430818175e-07,0.48065243866630514,positive
C18_positive|IK:RGHHSNMVTDWUBI-UHFFFAOYSA-N,Streptomyces xinghaiensis,-0.4806491480711412,2.1102090490036563e-07,0.4806491480711412,negative
C18_positive|IK:FATBGEAMYMYZAF-KTKRTIGZSA-N,Rhodococcus erythropolis,-0.4806396958966328,2.1115320886730234e-07,0.4806396958966328,negative
C18_negative|IK:SMUMBCREXHTKFN-VZOUQOBNSA-N,Saccharopolyspora erythraea,-0.4806378959454273,2.111784120917688e-07,0.4806378959454273,negative
HILICZ_negative|IK:AAWZDTNXLSGCEK-LNVDRNJUSA-N,Pseudomonas putida,0.48059756653859736,2.1174386287755196e-07,0.48059756653859736,positive
HILICZ_negative|IK:JVQYSWDUAOAHFM-UHFFFAOYSA-N,Streptomyces sp. TLI_053,-0.48058462735797364,2.1192558582761955e-07,0.48058462735797364,negative
HILICZ_negative|IK:SLWWJZMPHJJOPH-PHDIDXHHSA-N,Pseudomonas prosekii,0.48058139017983986,2.1197107324698794e-07,0.48058139017983986,positive
C18_negative|IK:SMUMBCREXHTKFN-VZOUQOBNSA-N,Amycolatopsis methanolica,-0.48057826415694255,2.120150075828547e-07,0.48057826415694255,negative
C18_negative|IK:BJEPYKJPYRNKOW-REOHCLBHSA-N,Kitasatospora setae,-0.48057345069805835,2.1208267474935106e-07,0.48057345069805835,negative
HILICZ_negative|IK:SLWWJZMPHJJOPH-PHDIDXHHSA-N,Streptomyces pristinaespiralis,-0.4805699621206897,2.1213172970225784e-07,0.4805699621206897,negative
HILICZ_positive|IK:SIOXPEMLGUPBBT-UHFFFAOYSA-N,Pseudomonas sp. LG1D9,0.48052235253901554,2.1280227681002287e-07,0.48052235253901554,positive
C18_negative|IK:NGFMICBWJRZIBI-UHFFFAOYSA-N,Mycobacterium avium,-0.4805149076292651,2.1290731534052211e-07,0.4805149076292651,negative
C18_positive|IK:RGHHSNMVTDWUBI-UHFFFAOYSA-N,Streptomyces virus Caliburn,0.48051071837072123,2.1296644233147599e-07,0.48051071837072123,positive
HILICZ_negative|NAME:,Intrasporangium calvum,-0.48042159067718637,2.142280966554596e-07,0.48042159067718637,negative
C18_positive|IK:FATBGEAMYMYZAF-KTKRTIGZSA-N,Opitutus sp. GAS368,-0.48036395533805126,2.1504774333491336e-07,0.48036395533805126,negative
C18_negative|IK:BJEPYKJPYRNKOW-REOHCLBHSA-N,Melittangium boletus,-0.4803073811090333,2.1585520260863e-07,0.4803073811090333,negative
HILICZ_negative|IK:ROJOJPXRGHLGTC-UHFFFAOYSA-N,Nakamurella multipartita,0.4803039056165616,2.1590490078014615e-07,0.4803039056165616,positive
C18_positive|IK:LVFCLUMIBMHAFL-HMUNZLOLSA-N,Streptomyces xinghaiensis,-0.48028162156383847,2.1622381286955076e-07,0.48028162156383847,negative
HILICZ_negative|IK:JVQYSWDUAOAHFM-UHFFFAOYSA-N,Thermomonospora curvata,-0.4802736870617086,2.1633747353835586e-07,0.4802736870617086,negative
HILICZ_negative|IK:SLWWJZMPHJJOPH-PHDIDXHHSA-N,Pseudomonas sp. 7SR1,0.48022519376160916,2.170333705498481e-07,0.48022519376160916,positive
C18_positive|IK:LVFCLUMIBMHAFL-HMUNZLOLSA-N,Intrasporangium calvum,-0.48020957268470765,2.172579922736785e-07,0.48020957268470765,negative
HILICZ_negative|IK:COLNVLDHVKWLRT-QMMMGPOBSA-N,Streptomyces sp. TLI_053,-0.48018740215249295,2.175771712133301e-07,0.48018740215249295,negative
C18_positive|NAME:,Nakamurella multipartita,-0.4801870376903771,2.1758242193405943e-07,0.4801870376903771,negative
C18_positive|IK:KZSNJWFQEVHDMF-BYPYZUCNSA-N,Streptomyces xinghaiensis,-0.4801801534354818,2.17681624450548e-07,0.4801801534354818,negative
C18_positive|IK:RCFGIEPQSDGMJJ-UHFFFAOYSA-N,Streptomyces anulatus,-0.48017262155738777,2.177902085778641e-07,0.48017262155738777,negative
HILICZ_negative|IK:WJAOHEPEBANKEO-UHFFFAOYSA-N,Pseudomonas versuta,-0.48014152438004476,2.1823907052885896e-07,0.48014152438004476,negative
C18_negative|IK:BJEPYKJPYRNKOW-REOHCLBHSA-N,Streptomyces sp. SCSIO 03032,-0.48014005123126413,2.182603560415568e-07,0.48014005123126413,negative
HILICZ_negative|IK:SLWWJZMPHJJOPH-PHDIDXHHSA-N,Pantoea agglomerans,0.4801363375244028,2.1831402412781686e-07,0.4801363375244028,positive
C18_positive|IK:NGFMICBWJRZIBI-UHFFFAOYSA-N,Pseudomonas syringae,0.4801006020197842,2.1883109294497396e-07,0.4801006020197842,positive
C18_positive|IK:RGHHSNMVTDWUBI-UHFFFAOYSA-N,Pseudolabrys taiwanensis,-0.48008812321644656,2.190119273435477e-07,0.48008812321644656,negative
C18_positive|IK:FATBGEAMYMYZAF-KTKRTIGZSA-N,Streptomyces sp. TLI_053,-0.48006490608759433,2.1934875292198595e-07,0.48006490608759433,negative
C18_positive|IK:MMOXZBCLCQITDF-UHFFFAOYSA-N,Candidatus Koribacter versatilis,0.48004668143353907,2.1961349491596419e-07,0.48004668143353907,positive
C18_positive|IK:KZSNJWFQEVHDMF-BYPYZUCNSA-N,Pseudomonas psychrophila,0.4800263901112876,2.1990861640528462e-07,0.4800263901112876,positive
HILICZ_positive|IK:PUQSUZTXKPLAPR-UJPOAAIJSA-N,Frankia inefficax,-0.4799729107301026,2.2068824218279874e-07,0.4799729107301026,negative
HILICZ_positive|IK:SIOXPEMLGUPBBT-UHFFFAOYSA-N,Janibacter indicus,-0.4799715101095535,2.2070869583092442e-07,0.4799715101095535,negative
HILICZ_negative|IK:AAWZDTNXLSGCEK-LNVDRNJUSA-N,Pseudomonas monteilii,0.47993068060977,2.2130573393256908e-07,0.47993068060977,positive
C18_positive|IK:NJMQSVWMCODQIP-FQXXIRCGSA-N,Pseudomonas silesiensis,0.47990326639116954,2.217074665488644e-07,0.47990326639116954,positive
C18_positive|IK:KZSNJWFQEVHDMF-BYPYZUCNSA-N,Streptomyces violaceoruber,-0.47987214843781073,2.2216431552766845e-07,0.47987214843781073,negative
HILICZ_positive|IK:SIOXPEMLGUPBBT-UHFFFAOYSA-N,Actinopolymorpha singaporensis,-0.4798710610058878,2.2218029652959105e-07,0.4798710610058878,negative
HILICZ_positive|IK:PUQSUZTXKPLAPR-UJPOAAIJSA-N,Candidatus Solibacter usitatus,-0.47986522593088615,2.222660680328867e-07,0.47986522593088615,negative
C18_positive|IK:KZSNJWFQEVHDMF-BYPYZUCNSA-N,Phycicoccus dokdonensis,-0.4798646667301067,2.2227428954636234e-07,0.4798646667301067,negative
C18_positive|NAME:,Frankia sp. QA3,-0.4798397003136827,2.226416473380416e-07,0.4798397003136827,negative
C18_positive|IK:LVFCLUMIBMHAFL-HMUNZLOLSA-N,Candidatus Koribacter versatilis,-0.4797974689047075,2.232643595540821e-07,0.4797974689047075,negative
C18_positive|IK:WCGUUGGRBIKTOS-UHFFFAOYSA-N,Mycobacterium sp. JS623,-0.4797401197090433,2.241126419755375e-07,0.4797401197090433,negative
C18_positive|IK:NJMQSVWMCODQIP-FQXXIRCGSA-N,Tessaracoccus sp. T2.5-30,-0.4797314178489504,2.2424162358046404e-07,0.4797314178489504,negative
C18_positive|IK:RGHHSNMVTDWUBI-UHFFFAOYSA-N,Candidatus Koribacter versatilis,-0.479720229767442,2.2440756054228884e-07,0.479720229767442,negative
C18_positive|NAME:,Chryseolinea sp. KIS68-18,0.47968597271619134,2.2491637402468914e-07,0.47968597271619134,positive
HILICZ_negative|IK:JVQYSWDUAOAHFM-UHFFFAOYSA-N,Frankia sp. QA3,-0.4796761421666393,2.2506258797454703e-07,0.4796761421666393,negative
HILICZ_negative|IK:AAWZDTNXLSGCEK-LNVDRNJUSA-N,Thermomonospora curvata,-0.4796515377502388,2.2542893665803785e-07,0.4796515377502388,negative
HILICZ_negative|IK:WJAOHEPEBANKEO-UHFFFAOYSA-N,Streptomyces globisporus,0.4796454671842169,2.2551941191713118e-07,0.4796454671842169,positive
C18_positive|IK:UAUDZVJPLUQNMU-KTKRTIGZSA-N,Jiangella alkaliphila,-0.4796298319646404,2.2575259723725617e-07,0.4796298319646404,negative
HILICZ_positive|IK:KWIUHFFTVRNATP-UHFFFAOYSA-N,Streptomyces olivoreticuli,-0.479611774579697,2.2602219258486703e-07,0.479611774579697,negative
HILICZ_negative|IK:SLWWJZMPHJJOPH-PHDIDXHHSA-N,Pseudomonas azotoformans,0.47958670251900387,2.2639702469382842e-07,0.47958670251900387,positive
C18_negative|IK:BJEPYKJPYRNKOW-REOHCLBHSA-N,Candidatus Solibacter usitatus,-0.47957908748976824,2.2651098793908938e-07,0.47957908748976824,negative
HILICZ_negative|IK:AAWZDTNXLSGCEK-LNVDRNJUSA-N,Chryseolinea sp. KIS68-18,0.4795768667779201,2.2654423243815843e-07,0.4795768667779201,positive
HILICZ_negative|IK:WJAOHEPEBANKEO-UHFFFAOYSA-N,Streptomyces sp. GSSD-12,0.4795707072376521,2.2663646629208562e-07,0.4795707072376521,positive
C18_negative|IK:SMUMBCREXHTKFN-VZOUQOBNSA-N,Frankia sp. QA3,-0.47955317936925174,2.2689912677066875e-07,0.47955317936925174,negative
C18_positive|IK:NGFMICBWJRZIBI-UHFFFAOYSA-N,Pseudomonas versuta,0.479529009561358,2.272617940485479e-07,0.479529009561358,positive
C18_negative|IK:BJEPYKJPYRNKOW-REOHCLBHSA-N,Anaeromyxobacter sp. Fw109-5,-0.47951561356051925,2.2746303824806065e-07,0.47951561356051925,negative
C18_positive|IK:NJMQSVWMCODQIP-FQXXIRCGSA-N,Pseudomonas sp. LAB-08,0.4794385879645163,2.2862346698021397e-07,0.4794385879645163,positive
C18_positive|NAME:,Streptosporangium roseum,-0.47943657840524356,2.2865381728019247e-07,0.47943657840524356,negative
HILICZ_negative|IK:WJAOHEPEBANKEO-UHFFFAOYSA-N,Pseudomonas taetrolens,-0.4793665731959173,2.2971350045667707e-07,0.4793665731959173,negative
C18_positive|IK:NGFMICBWJRZIBI-UHFFFAOYSA-N,Pseudomonas monteilii,0.4793615394758873,2.2978987678058877e-07,0.4793615394758873,positive
C18_negative|IK:BJEPYKJPYRNKOW-REOHCLBHSA-N,Pseudolabrys taiwanensis,-0.47935085615100953,2.2995205430636266e-07,0.47935085615100953,negative
HILICZ_negative|NAME:,Streptomyces sp. 2323.1,-0.4793413083525253,2.3009708623430368e-07,0.4793413083525253,negative
C18_positive|IK:KZSNJWFQEVHDMF-BYPYZUCNSA-N,Pseudomonas sp. R5-89-07,0.47922172230357113,2.3192099971831115e-07,0.47922172230357113,positive
HILICZ_positive|IK:COLNVLDHVKWLRT-QMMMGPOBSA-N,Streptomyces violaceoruber,-0.47918840083509406,2.3243166143552866e-07,0.47918840083509406,negative
HILICZ_negative|IK:SLWWJZMPHJJOPH-PHDIDXHHSA-N,Pseudomonas sp. 02C 26,0.47917447519853973,2.3264539302634902e-07,0.47917447519853973,positive
HILICZ_positive|IK:PUQSUZTXKPLAPR-UJPOAAIJSA-N,Nakamurella panacisegetis,-0.47915323421845063,2.3297176131090554e-07,0.47915323421845063,negative
C18_positive|IK:KZSNJWFQEVHDMF-BYPYZUCNSA-N,Kytococcus sedentarius,-0.47914402336795586,2.3311342171766002e-07,0.47914402336795586,negative
C18_negative|NAME:,Streptomyces sp. TLI_053,-0.47913696895472163,2.3322197213647675e-07,0.47913696895472163,negative
HILICZ_positive|IK:MMOXZBCLCQITDF-UHFFFAOYSA-N,Streptomyces xiamenensis,0.4790560260124602,2.3447093697886763e-07,0.4790560260124602,positive
HILICZ_positive|IK:PUQSUZTXKPLAPR-UJPOAAIJSA-N,Rhodococcus ruber,-0.4789519312850913,2.3608649801001613e-07,0.4789519312850913,negative
C18_positive|IK:LVFCLUMIBMHAFL-HMUNZLOLSA-N,Streptomyces sp. fd1-xmd,-0.47889343615212204,2.369989925115724e-07,0.47889343615212204,negative
C18_positive|IK:KZSNJWFQEVHDMF-BYPYZUCNSA-N,Pseudomonas cedrina,0.4788632518230989,2.3747116478975193e-07,0.4788632518230989,positive
C18_positive|IK:UAUDZVJPLUQNMU-KTKRTIGZSA-N,Frankia sp. EAN1pec,-0.47886053799750106,2.3751366089742797e-07,0.47886053799750106,negative
C18_positive|IK:KZSNJWFQEVHDMF-BYPYZUCNSA-N,Saccharopolyspora erythraea,-0.478857236040221,2.3756537638781894e-07,0.478857236040221,negative
HILICZ_negative|IK:WJAOHEPEBANKEO-UHFFFAOYSA-N,Streptomyces anulatus,0.47883512394177785,2.3791197394640304e-07,0.47883512394177785,positive
HILICZ_positive|IK:PUQSUZTXKPLAPR-UJPOAAIJSA-N,Pseudomonas viridiflava,0.47883407659590327,2.379284025710989e-07,0.47883407659590327,positive
C18_positive|IK:MMOXZBCLCQITDF-UHFFFAOYSA-N,Jiangella alkaliphila,0.47881294474148844,2.3826010673917114e-07,0.47881294474148844,positive
C18_positive|IK:UAUDZVJPLUQNMU-KTKRTIGZSA-N,Streptomyces rubrolavendulae,-0.4787844565243565,2.3870797953173274e-07,0.4787844565243565,negative
C18_negative|IK:WJAOHEPEBANKEO-UHFFFAOYSA-N,Massilia oculi,-0.4787473722565344,2.392921942404785e-07,0.4787473722565344,negative
HILICZ_negative|NAME:,Actinopolymorpha singaporensis,-0.4787397659900009,2.3941218920366007e-07,0.4787397659900009,negative
HILICZ_negative|IK:COLNVLDHVKWLRT-QMMMGPOBSA-N,Streptacidiphilus sp. DSM 106435,-0.47872665952451526,2.396190885948847e-07,0.47872665952451526,negative
HILICZ_positive|IK:PUQSUZTXKPLAPR-UJPOAAIJSA-N,Methylosinus trichosporium,-0.4786943855689015,2.4012929275890403e-07,0.4786943855689015,negative
HILICZ_negative|IK:AAWZDTNXLSGCEK-LNVDRNJUSA-N,Streptomyces sp. HNM0039,-0.47866224278645303,2.4063845078909865e-07,0.47866224278645303,negative
C18_positive|IK:UAUDZVJPLUQNMU-KTKRTIGZSA-N,Pimelobacter simplex,-0.47863646671363713,2.410474990994921e-07,0.47863646671363713,negative
HILICZ_positive|IK:SIOXPEMLGUPBBT-UHFFFAOYSA-N,Pseudomonas agarici,0.47856061790675,2.4225500903101533e-07,0.47856061790675,positive
C18_positive|IK:FATBGEAMYMYZAF-KTKRTIGZSA-N,Pseudolabrys taiwanensis,-0.47855374882275153,2.423646484044527e-07,0.47855374882275153,negative
HILICZ_positive|IK:SIOXPEMLGUPBBT-UHFFFAOYSA-N,Pseudomonas fulva,0.4785306873120436,2.4273308515997654e-07,0.4785306873120436,positive
C18_positive|IK:LVFCLUMIBMHAFL-HMUNZLOLSA-N,Halomonas sp. JS92-SW72,-0.4785191910829452,2.4291695097362833e-07,0.4785191910829452,negative
HILICZ_positive|IK:SIOXPEMLGUPBBT-UHFFFAOYSA-N,Pseudomonas sp. Z003-0.4C(8344-21),0.47851185223173187,2.4303439475680295e-07,0.47851185223173187,positive
HILICZ_negative|IK:COLNVLDHVKWLRT-QMMMGPOBSA-N,Kitasatospora sp. MMS16-BH015,-0.47849204444869,2.433516489270969e-07,0.47849204444869,negative
HILICZ_negative|IK:WJAOHEPEBANKEO-UHFFFAOYSA-N,Pseudomonas sp. 02C 26,-0.4784915462845259,2.433596329229356e-07,0.4784915462845259,negative
HILICZ_positive|IK:COLNVLDHVKWLRT-QMMMGPOBSA-N,Streptomyces cattleya,-0.4784632458189974,2.4381360945521533e-07,0.4784632458189974,negative
HILICZ_positive|IK:KWIUHFFTVRNATP-UHFFFAOYSA-N,Streptomyces gilvosporeus,-0.47844554745804513,2.440979238485504e-07,0.47844554745804513,negative
HILICZ_negative|NAME:,Frankia sp. EAN1pec,-0.478409521262749,2.446776399340073e-07,0.478409521262749,negative
C18_positive|NAME:,Intrasporangium calvum,-0.4783945391070304,2.4491911108441377e-07,0.4783945391070304,negative
C18_positive|IK:NGFMICBWJRZIBI-UHFFFAOYSA-N,Streptomyces lydicus,-0.47839114293183777,2.4497387961295147e-07,0.47839114293183777,negative
C18_positive|IK:RGHHSNMVTDWUBI-UHFFFAOYSA-N,Streptomyces albulus,-0.478350584638638,2.456288456578894e-07,0.478350584638638,negative
C18_positive|IK:FATBGEAMYMYZAF-KTKRTIGZSA-N,Nocardioides sp. 78,-0.4783440583990403,2.45734391851688e-07,0.4783440583990403,negative
HILICZ_negative|IK:JVQYSWDUAOAHFM-UHFFFAOYSA-N,Phycicoccus dokdonensis,-0.47833754889546787,2.4583971037621417e-07,0.47833754889546787,negative
C18_positive|IK:NJMQSVWMCODQIP-FQXXIRCGSA-N,Amycolatopsis mediterranei,-0.47832403768282244,2.460584480468698e-07,0.47832403768282244,negative
C18_negative|IK:WJAOHEPEBANKEO-UHFFFAOYSA-N,Massilia sp. YMA4,-0.4782950396667438,2.465285324265066e-07,0.4782950396667438,negative
HILICZ_negative|IK:JVQYSWDUAOAHFM-UHFFFAOYSA-N,Nocardiopsis dassonvillei,-0.47828733936253803,2.466535049454652e-07,0.47828733936253803,negative
C18_positive|IK:RGHHSNMVTDWUBI-UHFFFAOYSA-N,Frankia sp. EAN1pec,-0.47826436645156445,2.4702670344287315e-07,0.47826436645156445,negative
HILICZ_negative|NAME:,Streptomyces violaceoruber,-0.4782430715603849,2.4737312213922873e-07,0.4782430715603849,negative
HILICZ_negative|IK:OXQKEKGBFMQTML-KVTDHHQDSA-N,Chryseolinea sp. KIS68-18,0.47824056443045904,2.4741393775941163e-07,0.47824056443045904,positive
HILICZ_negative|IK:WJAOHEPEBANKEO-UHFFFAOYSA-N,Pseudomonas sp. K2W31S-8,-0.47822789415867034,2.4762030554120687e-07,0.47822789415867034,negative
HILICZ_negative|IK:VRYALKFFQXWPIH-UHFFFAOYSA-N,Streptomyces virus Caliburn,0.4782056540533612,2.4798293872998797e-07,0.4782056540533612,positive
C18_positive|IK:FATBGEAMYMYZAF-KTKRTIGZSA-N,Kitasatospora sp. MMS16-BH015,-0.47818142084517323,2.4837864555852893e-07,0.47818142084517323,negative
HILICZ_positive|IK:KWIUHFFTVRNATP-UHFFFAOYSA-N,Streptomyces albireticuli,-0.4781772999766067,2.484459954458575e-07,0.4781772999766067,negative
HILICZ_negative|IK:SLWWJZMPHJJOPH-PHDIDXHHSA-N,Pseudomonas fragi,0.4781523378240494,2.488543388958668e-07,0.4781523378240494,positive
C18_positive|IK:NJMQSVWMCODQIP-FQXXIRCGSA-N,Kitasatospora setae,-0.4781490369862642,2.4890838345068355e-07,0.4781490369862642,negative
HILICZ_positive|IK:SIOXPEMLGUPBBT-UHFFFAOYSA-N,Pseudomonas cedrina,0.47814280067074144,2.490105210155452e-07,0.47814280067074144,positive
C18_positive|IK:ZEYHEAKUIGZSGI-UHFFFAOYSA-N,Janthinobacterium sp. 1_2014MBL_MicDiv,-0.47813684070260937,2.4910816987158495e-07,0.47813684070260937,negative
HILICZ_negative|IK:SLWWJZMPHJJOPH-PHDIDXHHSA-N,Planctomyces sp. SH-PL62,-0.4780892722268228,2.4988884485681444e-07,0.4780892722268228,negative
HILICZ_positive|IK:SIOXPEMLGUPBBT-UHFFFAOYSA-N,Pseudomonas fluorescens,0.478078987568952,2.5005793843114087e-07,0.478078987568952,positive
HILICZ_positive|IK:SIOXPEMLGUPBBT-UHFFFAOYSA-N,Saccharopolyspora erythraea,-0.4780268915672896,2.5091614068575835e-07,0.4780268915672896,negative
HILICZ_negative|IK:WJAOHEPEBANKEO-UHFFFAOYSA-N,Pseudomonas sp. CMR5c,-0.47799272539906285,2.514804973928762e-07,0.47799272539906285,negative
HILICZ_positive|IK:SIOXPEMLGUPBBT-UHFFFAOYSA-N,Nakamurella panacisegetis,-0.4779869244019132,2.515764381340662e-07,0.4779869244019132,negative
C18_positive|IK:NJMQSVWMCODQIP-FQXXIRCGSA-N,Amycolatopsis sp. AA4,-0.47797932573168206,2.517021626823515e-07,0.47797932573168206,negative
C18_positive|IK:KZSNJWFQEVHDMF-BYPYZUCNSA-N,Streptomyces albulus,-0.4779618694220539,2.519912142725604e-07,0.4779618694220539,negative
C18_positive|IK:MMOXZBCLCQITDF-UHFFFAOYSA-N,Pseudomonas frederiksbergensis,-0.4779489739462485,2.5220494780341715e-07,0.4779489739462485,negative
C18_positive|IK:KZSNJWFQEVHDMF-BYPYZUCNSA-N,Janibacter indicus,-0.4779165877352874,2.527424876542396e-07,0.4779165877352874,negative
HILICZ_negative|IK:JVQYSWDUAOAHFM-UHFFFAOYSA-N,Actinomadura amylolytica,-0.477905631134676,2.5292458981037155e-07,0.477905631134676,negative
HILICZ_positive|IK:KWIUHFFTVRNATP-UHFFFAOYSA-N,Streptomyces lydicus,-0.4779046889400865,2.529402552103283e-07,0.4779046889400865,negative
HILICZ_positive|IK:SIOXPEMLGUPBBT-UHFFFAOYSA-N,Amycolatopsis methanolica,-0.4778872835553382,2.532298120018092e-07,0.4778872835553382,negative
C18_negative|IK:BJEPYKJPYRNKOW-REOHCLBHSA-N,Burkholderia ambifaria,-0.47786404232308094,2.536169460729021e-07,0.47786404232308094,negative
HILICZ_negative|IK:DRTQHJPVMGBUCF-UHFFFAOYSA-N,Kitasatospora setae,-0.4778517005135963,2.538227550656873e-07,0.4778517005135963,negative
HILICZ_positive|IK:COLNVLDHVKWLRT-QMMMGPOBSA-N,Streptomyces olivoreticuli,-0.47783029942986815,2.541800110954637e-07,0.47783029942986815,negative
C18_positive|IK:MMOXZBCLCQITDF-UHFFFAOYSA-N,Bradyrhizobium ottawaense,0.47782832530155334,2.5421299002835225e-07,0.47782832530155334,positive
C18_negative|IK:WJAOHEPEBANKEO-UHFFFAOYSA-N,Massilia putida,-0.47779672344304086,2.5474147163172305e-07,0.47779672344304086,negative
C18_positive|IK:NGFMICBWJRZIBI-UHFFFAOYSA-N,Pseudomonas sp. DR 5-09,0.4777501694500868,2.5552190444612137e-07,0.4777501694500868,positive
C18_negative|IK:SMUMBCREXHTKFN-VZOUQOBNSA-N,Pseudolabrys taiwanensis,-0.4777359628259149,2.557605175563551e-07,0.4777359628259149,negative
C18_negative|NAME:,Catenulispora acidiphila,-0.4777049448748569,2.562822292058966e-07,0.4777049448748569,negative
HILICZ_positive|IK:SIOXPEMLGUPBBT-UHFFFAOYSA-N,Pseudomonas granadensis,0.4777042190564423,2.562944493484046e-07,0.4777042190564423,positive
HILICZ_negative|IK:WJAOHEPEBANKEO-UHFFFAOYSA-N,Streptomyces reticuli,0.4777007186570504,2.5635339112991914e-07,0.4777007186570504,positive
C18_positive|IK:RGHHSNMVTDWUBI-UHFFFAOYSA-N,Streptomyces cattleya,-0.47769403123920257,2.564660336648541e-07,0.47769403123920257,negative
C18_positive|IK:UAUDZVJPLUQNMU-KTKRTIGZSA-N,Nocardioides sp. 603,-0.4776682790877977,2.5690024169392825e-07,0.4776682790877977,negative
HILICZ_positive|IK:SIOXPEMLGUPBBT-UHFFFAOYSA-N,Pseudopropionibacterium propionicum,-0.477575272745652,2.584742581228133e-07,0.477575272745652,negative
C18_positive|IK:LVFCLUMIBMHAFL-HMUNZLOLSA-N,Streptomyces albireticuli,-0.4775602258579107,2.5872976881063763e-07,0.4775602258579107,negative
C18_positive|IK:FATBGEAMYMYZAF-KTKRTIGZSA-N,Nocardioides sp. JS614,-0.47754223017669684,2.590356684853584e-07,0.47754223017669684,negative
C18_negative|IK:CZDNLUMNELLDDD-QZFWYPLZSA-N,Thermomonospora curvata,-0.47752253547585993,2.5937084337569597e-07,0.47752253547585993,negative
HILICZ_positive|IK:RGHHSNMVTDWUBI-UHFFFAOYSA-N,Streptomyces xiamenensis,-0.47745365369521964,2.605463588978025e-07,0.47745365369521964,negative
C18_positive|IK:UAUDZVJPLUQNMU-KTKRTIGZSA-N,Burkholderia pseudomallei,-0.4774425698934058,2.607359845563314e-07,0.4774425698934058,negative
HILICZ_positive|IK:SIOXPEMLGUPBBT-UHFFFAOYSA-N,Allokutzneria albata,-0.4774413932846438,2.607561221098823e-07,0.4774413932846438,negative
HILICZ_negative|IK:VRYALKFFQXWPIH-UHFFFAOYSA-N,Thermobispora bispora,-0.47742143595933784,2.610979154724191e-07,0.47742143595933784,negative
HILICZ_negative|IK:SLWWJZMPHJJOPH-PHDIDXHHSA-N,Amycolatopsis mediterranei,-0.477408468178356,2.613202328804999e-07,0.477408468178356,negative
C18_positive|IK:RGHHSNMVTDWUBI-UHFFFAOYSA-N,Pseudomonas synxantha,0.47740448537399344,2.6138854954310087e-07,0.47740448537399344,positive
HILICZ_negative|IK:CDAISMWEOUEBRE-UHFFFAOYSA-N,Micromonospora inositola,-0.47739402004472936,2.615681413431919e-07,0.47739402004472936,negative
C18_positive|NAME:,Pseudomonas thivervalensis,0.4773837019518703,2.6174532141616216e-07,0.4773837019518703,positive
HILICZ_negative|IK:JVQYSWDUAOAHFM-UHFFFAOYSA-N,Rhizobium leguminosarum,0.47738162180540405,2.617810550741851e-07,0.47738162180540405,positive
C18_negative|IK:NGFMICBWJRZIBI-UHFFFAOYSA-N,Pseudomonas sp. B10,0.4773684250560731,2.6200786272226296e-07,0.4773684250560731,positive
HILICZ_negative|IK:OKVJCVWFVRATSG-UHFFFAOYSA-N,Catenulispora acidiphila,-0.47734993692567684,2.623259258789392e-07,0.47734993692567684,negative
C18_negative|IK:NGFMICBWJRZIBI-UHFFFAOYSA-N,Caulobacter sp. K31,0.47734477458256785,2.624148025721427e-07,0.47734477458256785,positive
C18_positive|IK:RGHHSNMVTDWUBI-UHFFFAOYSA-N,Streptomyces clavuligerus,-0.47733647859872047,2.625576891371962e-07,0.47733647859872047,negative
C18_negative|IK:NGFMICBWJRZIBI-UHFFFAOYSA-N,Friedmanniella luteola,-0.4773093191983437,2.630259894202322e-07,0.4773093191983437,negative
HILICZ_positive|IK:SIOXPEMLGUPBBT-UHFFFAOYSA-N,Micromonospora inositola,-0.47730525298322846,2.6309617014919156e-07,0.47730525298322846,negative
C18_positive|NAME:,Phycicoccus dokdonensis,-0.47729965431095883,2.631928294379089e-07,0.47729965431095883,negative
C18_positive|IK:KZSNJWFQEVHDMF-BYPYZUCNSA-N,Pseudomonas yamanorum,0.4772980121039109,2.632211880269907e-07,0.4772980121039109,positive
HILICZ_negative|IK:WJAOHEPEBANKEO-UHFFFAOYSA-N,Streptomyces peucetius,0.47729298426138644,2.633080298231963e-07,0.47729298426138644,positive
C18_negative|IK:BJEPYKJPYRNKOW-REOHCLBHSA-N,Streptomyces xiamenensis,-0.477284969972099,2.6344651042708173e-07,0.477284969972099,negative
HILICZ_negative|IK:WJAOHEPEBANKEO-UHFFFAOYSA-N,Massilia violaceinigra,-0.4772728859072485,2.636554445788828e-07,0.4772728859072485,negative
C18_positive|IK:NGFMICBWJRZIBI-UHFFFAOYSA-N,Streptomyces sp. WAC00288,-0.4772211849219323,2.6455113920330546e-07,0.4772211849219323,negative
C18_negative|IK:SMUMBCREXHTKFN-VZOUQOBNSA-N,Kytococcus sedentarius,-0.477219300756816,2.6458383607419235e-07,0.477219300756816,negative
C18_negative|IK:SMUMBCREXHTKFN-VZOUQOBNSA-N,Pseudomonas mediterranea,0.4772170527351956,2.646228521620006e-07,0.4772170527351956,positive
HILICZ_negative|IK:DRTQHJPVMGBUCF-UHFFFAOYSA-N,Kitasatospora sp. MMS16-BH015,-0.47721308427724896,2.6469174106506165e-07,0.47721308427724896,negative
HILICZ_positive|IK:MMOXZBCLCQITDF-UHFFFAOYSA-N,Streptomyces cattleya,0.4772061062638262,2.64812914562062e-07,0.4772061062638262,positive
C18_negative|IK:NGFMICBWJRZIBI-UHFFFAOYSA-N,Pseudomonas kribbensis,0.47714159060685396,2.659357344340168e-07,0.47714159060685396,positive
C18_positive|IK:RGHHSNMVTDWUBI-UHFFFAOYSA-N,Streptomyces niveus,-0.4771329421127177,2.660865952865687e-07,0.4771329421127177,negative
C18_positive|NAME:,Pseudomonas prosekii,0.4771147871311464,2.664035484178703e-07,0.4771147871311464,positive
C18_positive|IK:RGHHSNMVTDWUBI-UHFFFAOYSA-N,Pseudomonas sp. 7SR1,0.47711360895499716,2.664241296499585e-07,0.47711360895499716,positive
HILICZ_negative|IK:WJAOHEPEBANKEO-UHFFFAOYSA-N,Pseudomonas sp. NC02,-0.4771115000403847,2.664609734717653e-07,0.4771115000403847,negative
C18_positive|IK:MMOXZBCLCQITDF-UHFFFAOYSA-N,Bradyrhizobiaceae bacterium SG-6C,0.47710288151730135,2.666115938954345e-07,0.47710288151730135,positive
HILICZ_negative|IK:WJAOHEPEBANKEO-UHFFFAOYSA-N,Candidatus Koribacter versatilis,0.4771011459041144,2.666419358969782e-07,0.4771011459041144,positive
C18_positive|IK:UAUDZVJPLUQNMU-KTKRTIGZSA-N,Streptomyces sp. TLI_053,-0.4770892864548069,2.668493508174604e-07,0.4770892864548069,negative
C18_positive|IK:KZSNJWFQEVHDMF-BYPYZUCNSA-N,Pseudomonas rhodesiae,0.4770882852015546,2.6686686918470414e-07,0.4770882852015546,positive
C18_negative|IK:SMUMBCREXHTKFN-VZOUQOBNSA-N,Pseudomonas thivervalensis,0.4770605829612641,2.673519939707441e-07,0.4770605829612641,positive
C18_positive|IK:LVFCLUMIBMHAFL-HMUNZLOLSA-N,Streptomyces globosus,-0.47705975171094406,2.6736656388042597e-07,0.47705975171094406,negative
C18_negative|IK:BJEPYKJPYRNKOW-REOHCLBHSA-N,Singulisphaera acidiphila,-0.4770289610613121,2.679067858925253e-07,0.4770289610613121,negative
C18_positive|IK:RGHHSNMVTDWUBI-UHFFFAOYSA-N,Streptomyces sp. fd1-xmd,-0.4770033044397681,2.6835772449038994e-07,0.4770033044397681,negative
C18_negative|IK:WJAOHEPEBANKEO-UHFFFAOYSA-N,Massilia armeniaca,-0.47697391296129693,2.6887519416729874e-07,0.47697391296129693,negative
C18_positive|IK:NJMQSVWMCODQIP-FQXXIRCGSA-N,Friedmanniella sagamiharensis,-0.4769640279894617,2.690494433452174e-07,0.4769640279894617,negative
HILICZ_negative|NAME:,Micromonospora purpureochromogenes,-0.47695064549626864,2.69285516937478e-07,0.47695064549626864,negative
C18_negative|IK:NGFMICBWJRZIBI-UHFFFAOYSA-N,Streptomyces bingchenggensis,-0.4769346800106211,2.695674135823509e-07,0.4769346800106211,negative
C18_positive|IK:MMOXZBCLCQITDF-UHFFFAOYSA-N,Pseudomonas mendocina,-0.4769142293037896,2.699289143127013e-07,0.4769142293037896,negative
C18_negative|NAME:,Kitasatospora aureofaciens,-0.47689751997009644,2.70224622324786e-07,0.47689751997009644,negative
C18_positive|IK:RGHHSNMVTDWUBI-UHFFFAOYSA-N,Streptomyces albireticuli,-0.4768757855449794,2.7060972150151503e-07,0.4768757855449794,negative
C18_positive|IK:UAUDZVJPLUQNMU-KTKRTIGZSA-N,Nocardioides dokdonensis,-0.4768113424430514,2.717546218413393e-07,0.4768113424430514,negative
C18_positive|IK:KZSNJWFQEVHDMF-BYPYZUCNSA-N,Streptomyces olivoreticuli,-0.4768090647212284,2.7179517220255654e-07,0.4768090647212284,negative
HILICZ_negative|IK:AAWZDTNXLSGCEK-LNVDRNJUSA-N,Nocardiopsis dassonvillei,-0.4768071766904081,2.718287892451424e-07,0.4768071766904081,negative
C18_negative|NAME:,Pseudomonas sp. K2W31S-8,0.4767942173549334,2.7205964149620194e-07,0.4767942173549334,positive
HILICZ_positive|IK:COLNVLDHVKWLRT-QMMMGPOBSA-N,Streptomyces clavuligerus,-0.4767865208499314,2.7219683213542194e-07,0.4767865208499314,negative
HILICZ_negative|IK:WJAOHEPEBANKEO-UHFFFAOYSA-N,Rhodococcus sp. MTM3W5.2,0.47677840678511757,2.723415370780324e-07,0.47677840678511757,positive
C18_positive|IK:NJMQSVWMCODQIP-FQXXIRCGSA-N,Frankia sp. EAN1pec,-0.4767679093991988,2.725288543939309e-07,0.4767679093991988,negative
C18_positive|IK:LVFCLUMIBMHAFL-HMUNZLOLSA-N,Streptomyces cattleya,-0.47676464515977324,2.7258712707382066e-07,0.47676464515977324,negative
C18_negative|NAME:,Kitasatospora setae,-0.47675211962478553,2.728108409639005e-07,0.47675211962478553,negative
C18_positive|IK:LVFCLUMIBMHAFL-HMUNZLOLSA-N,Nitrobacter hamburgensis,-0.4767443465305788,2.72949761121281e-07,0.4767443465305788,negative
C18_negative|IK:WJAOHEPEBANKEO-UHFFFAOYSA-N,Janthinobacterium sp. 1_2014MBL_MicDiv,-0.4767200209597136,2.733849409379353e-07,0.4767200209597136,negative
C18_negative|NAME:,Streptomyces xiamenensis,-0.4766985587979401,2.737694430074247e-07,0.4766985587979401,negative
C18_negative|NAME:,Pseudomonas reinekei,0.4766881291518503,2.7395647945449775e-07,0.4766881291518503,positive
HILICZ_negative|IK:KCOOTJRKKIDHTM-UHFFFAOYSA-N,Streptacidiphilus sp. DSM 106435,-0.47667825063792413,2.7413374447044804e-07,0.47667825063792413,negative
HILICZ_negative|IK:WJAOHEPEBANKEO-UHFFFAOYSA-N,Streptomyces collinus,0.4766581849496197,2.744941492927454e-07,0.4766581849496197,positive
HILICZ_negative|IK:JVQYSWDUAOAHFM-UHFFFAOYSA-N,Kitasatospora aureofaciens,-0.4766497133353639,2.746464453723771e-07,0.4766497133353639,negative
HILICZ_positive|IK:SIOXPEMLGUPBBT-UHFFFAOYSA-N,Alloactinosynnema sp. L-07,-0.47663929847939046,2.748337857112077e-07,0.47663929847939046,negative
C18_positive|IK:NJMQSVWMCODQIP-FQXXIRCGSA-N,Amycolatopsis albispora,-0.47663913888189624,2.7483665746452927e-07,0.47663913888189624,negative
C18_positive|IK:FATBGEAMYMYZAF-KTKRTIGZSA-N,Kitasatospora setae,-0.47663806409377485,2.748559976492991e-07,0.47663806409377485,negative
HILICZ_negative|IK:JVQYSWDUAOAHFM-UHFFFAOYSA-N,Kitasatospora sp. MMS16-BH015,-0.47663784738420345,2.748598973683807e-07,0.47663784738420345,negative
HILICZ_positive|IK:RGHHSNMVTDWUBI-UHFFFAOYSA-N,Pseudomonas aeruginosa,0.4766347649370255,2.7491537213710194e-07,0.4766347649370255,positive
HILICZ_positive|IK:SIOXPEMLGUPBBT-UHFFFAOYSA-N,Frankia alni,-0.4765833398562385,2.7584244160433114e-07,0.4765833398562385,negative
HILICZ_positive|IK:SIOXPEMLGUPBBT-UHFFFAOYSA-N,Micromonospora viridifaciens,-0.4765696506310489,2.76089725959672e-07,0.4765696506310489,negative
HILICZ_negative|IK:SLWWJZMPHJJOPH-PHDIDXHHSA-N,Pseudomonas corrugata,0.47656947127010046,2.7609296736399324e-07,0.47656947127010046,positive
HILICZ_negative|IK:VRYALKFFQXWPIH-UHFFFAOYSA-N,Streptomyces rubrolavendulae,-0.47652870350441345,2.768306610480997e-07,0.47652870350441345,negative
C18_negative|IK:BJEPYKJPYRNKOW-REOHCLBHSA-N,Streptomyces sp. Mg1,-0.476459093410067,2.7809459402385797e-07,0.476459093410067,negative
C18_negative|IK:BJEPYKJPYRNKOW-REOHCLBHSA-N,Rhodococcus sp. MTM3W5.2,-0.47645074507922136,2.7824654555956284e-07,0.47645074507922136,negative
C18_positive|IK:NGFMICBWJRZIBI-UHFFFAOYSA-N,Pseudomonas sp. 02C 26,0.47641966710379646,2.7881290374379804e-07,0.47641966710379646,positive
HILICZ_negative|NAME:,Micromonospora echinaurantiaca,-0.4764055335254639,2.790708336279013e-07,0.4764055335254639,negative
C18_positive|IK:FATBGEAMYMYZAF-KTKRTIGZSA-N,Micromonospora viridifaciens,-0.47636334124134744,2.798421702709439e-07,0.47636334124134744,negative
HILICZ_negative|IK:VRYALKFFQXWPIH-UHFFFAOYSA-N,Kutzneria albida,-0.47635950343233524,2.7991243158178305e-07,0.47635950343233524,negative
C18_positive|IK:RGHHSNMVTDWUBI-UHFFFAOYSA-N,Kytococcus sedentarius,-0.4762901989454021,2.81184126552993e-07,0.4762901989454021,negative
C18_positive|IK:SIKJAQJRHWYJAI-UHFFFAOYSA-N,Chryseolinea sp. KIS68-18,0.47627944085451723,2.813820231248233e-07,0.47627944085451723,positive
C18_positive|IK:RGHHSNMVTDWUBI-UHFFFAOYSA-N,Amycolatopsis sp. AA4,-0.4762739347639668,2.814833596813971e-07,0.4762739347639668,negative
HILICZ_negative|IK:RYWDJUUPROVLNV-LXFHESFISA-N,Streptomyces virus Amela,0.47625672685746107,2.818002855697038e-07,0.47625672685746107,positive
HILICZ_negative|IK:VRYALKFFQXWPIH-UHFFFAOYSA-N,Streptosporangium roseum,-0.47624610116264654,2.8199615335927864e-07,0.47624610116264654,negative
HILICZ_positive|IK:SIOXPEMLGUPBBT-UHFFFAOYSA-N,Frankia sp. QA3,-0.47621819524641573,2.8251117150144273e-07,0.47621819524641573,negative
C18_positive|IK:RGHHSNMVTDWUBI-UHFFFAOYSA-N,Pseudomonas prosekii,0.4761867802322724,2.830920225808305e-07,0.4761867802322724,positive
HILICZ_negative|IK:PFTAWBLQPZVEMU-UHFFFAOYSA-N,Phycicoccus dokdonensis,-0.47616445935115387,2.83505417010051e-07,0.47616445935115387,negative
C18_positive|IK:LVFCLUMIBMHAFL-HMUNZLOLSA-N,Streptomyces violaceoruber,-0.47616116767175903,2.835664292109879e-07,0.47616116767175903,negative
C18_positive|IK:KZSNJWFQEVHDMF-BYPYZUCNSA-N,Bradyrhizobium erythrophlei,-0.4761055617007663,2.8459899131166947e-07,0.4761055617007663,negative
C18_positive|IK:LVFCLUMIBMHAFL-HMUNZLOLSA-N,Nakamurella multipartita,-0.47607841212297247,2.851044377242072e-07,0.47607841212297247,negative
HILICZ_positive|IK:KWIUHFFTVRNATP-UHFFFAOYSA-N,Streptomyces clavuligerus,-0.47606689234203525,2.8531916060026317e-07,0.47606689234203525,negative
C18_positive|IK:FATBGEAMYMYZAF-KTKRTIGZSA-N,Streptomyces xinghaiensis,-0.47606580919800856,2.853393577668389e-07,0.47606580919800856,negative
C18_positive|IK:LVFCLUMIBMHAFL-HMUNZLOLSA-N,Streptomyces katrae,-0.47600906410280697,2.863993763352577e-07,0.47600906410280697,negative
HILICZ_positive|IK:PUQSUZTXKPLAPR-UJPOAAIJSA-N,Paludisphaera borealis,-0.4760065576086487,2.864462848257962e-07,0.4760065576086487,negative
HILICZ_positive|IK:SIOXPEMLGUPBBT-UHFFFAOYSA-N,Pseudomonas aeruginosa,0.4759990755993446,2.8658635247323585e-07,0.4759990755993446,positive
C18_positive|IK:LVFCLUMIBMHAFL-HMUNZLOLSA-N,Streptosporangium sp. 'caverna',-0.4759975653406874,2.866146333127569e-07,0.4759975653406874,negative
C18_negative|IK:NGFMICBWJRZIBI-UHFFFAOYSA-N,Massilia sp. NR 4-1,0.4759673328719048,2.871813200939105e-07,0.4759673328719048,positive
C18_positive|NAME:,Allokutzneria albata,-0.47594458080404317,2.8760849469431456e-07,0.47594458080404317,negative
C18_positive|IK:KZSNJWFQEVHDMF-BYPYZUCNSA-N,Streptomyces cattleya,-0.4758775128890517,2.8887122826035657e-07,0.4758775128890517,negative
C18_positive|IK:UAUDZVJPLUQNMU-KTKRTIGZSA-N,Nocardioides sp. CF8,-0.4758105531211065,2.901371859990658e-07,0.4758105531211065,negative
HILICZ_negative|IK:JVQYSWDUAOAHFM-UHFFFAOYSA-N,Frankia alni,-0.4758057470123728,2.902282541859469e-07,0.4758057470123728,negative
C18_positive|IK:KZSNJWFQEVHDMF-BYPYZUCNSA-N,Pseudomonas sp. B10,0.4757982630400675,2.9037011781125896e-07,0.4757982630400675,positive
HILICZ_positive|IK:KWIUHFFTVRNATP-UHFFFAOYSA-N,Streptomyces niveus,-0.47575342099468926,2.9122151109155496e-07,0.47575342099468926,negative
C18_positive|NAME:,Kitasatospora sp. MMS16-BH015,-0.47572934135623385,2.916796785280572e-07,0.47572934135623385,negative
C18_negative|IK:BJEPYKJPYRNKOW-REOHCLBHSA-N,Thermomonospora curvata,-0.47572685986160335,2.9172693330973276e-07,0.47572685986160335,negative
HILICZ_positive|IK:SIOXPEMLGUPBBT-UHFFFAOYSA-N,Pseudomonas taetrolens,0.4757141151342081,2.919697442858041e-07,0.4757141151342081,positive
C18_positive|IK:KZSNJWFQEVHDMF-BYPYZUCNSA-N,Amycolatopsis methanolica,-0.4756620947924825,2.92962824803928e-07,0.4756620947924825,negative
C18_negative|IK:SMUMBCREXHTKFN-VZOUQOBNSA-N,Micromonospora viridifaciens,-0.47566198088835376,2.929650027819281e-07,0.47566198088835376,negative
HILICZ_positive|IK:COLNVLDHVKWLRT-QMMMGPOBSA-N,Micromonospora inositola,-0.47564449955889937,2.932994485671685e-07,0.47564449955889937,negative
HILICZ_negative|IK:WJAOHEPEBANKEO-UHFFFAOYSA-N,Bradyrhizobium sp. S23321,0.4756439895787201,2.933092107538161e-07,0.4756439895787201,positive
C18_negative|IK:SMUMBCREXHTKFN-VZOUQOBNSA-N,Pseudomonas prosekii,0.4756099527316889,2.9396145303985067e-07,0.4756099527316889,positive
C18_negative|NAME:,Streptomyces sp. SCSIO 03032,-0.4756026535856111,2.941015048886671e-07,0.4756026535856111,negative
HILICZ_negative|IK:VRYALKFFQXWPIH-UHFFFAOYSA-N,Streptomyces albulus,-0.47559286113004673,2.942894966417047e-07,0.47559286113004673,negative
C18_positive|IK:KZSNJWFQEVHDMF-BYPYZUCNSA-N,Alloactinosynnema sp. L-07,-0.4755785141930061,2.945651299991676e-07,0.4755785141930061,negative
HILICZ_negative|IK:SLWWJZMPHJJOPH-PHDIDXHHSA-N,Gordonia bronchialis,-0.4755779308169158,2.9457634301516015e-07,0.4755779308169158,negative
C18_positive|NAME:,Pseudomonas putida,0.4755699312916901,2.947301420888423e-07,0.4755699312916901,positive
C18_negative|IK:BJEPYKJPYRNKOW-REOHCLBHSA-N,Frankia inefficax,-0.47556597238812964,2.9480628432189147e-07,0.47556597238812964,negative
C18_positive|IK:NGFMICBWJRZIBI-UHFFFAOYSA-N,Actinoplanes missouriensis,-0.47555260811361794,2.950634598093305e-07,0.47555260811361794,negative
C18_negative|IK:BJEPYKJPYRNKOW-REOHCLBHSA-N,Cystobacter fuscus,-0.4755497087855088,2.9511928121101793e-07,0.4755497087855088,negative
C18_positive|NAME:,Actinopolymorpha singaporensis,-0.4755409438458198,2.9528809562050295e-07,0.4755409438458198,negative
C18_positive|IK:FATBGEAMYMYZAF-KTKRTIGZSA-N,Pimelobacter simplex,-0.47553139985244336,2.9547201922334544e-07,0.47553139985244336,negative
C18_positive|IK:NJMQSVWMCODQIP-FQXXIRCGSA-N,Jiangella alkaliphila,-0.4755092894225145,2.9589853111664667e-07,0.4755092894225145,negative
C18_negative|IK:NGFMICBWJRZIBI-UHFFFAOYSA-N,Pseudomonas sp. StFLB209,0.4754865394279217,2.9633799155910054e-07,0.4754865394279217,positive
HILICZ_positive|IK:PUQSUZTXKPLAPR-UJPOAAIJSA-N,Streptomyces lydicus,-0.4754691261384896,2.966747825685526e-07,0.4754691261384896,negative
C18_positive|IK:XEAQIWGXBXCYFX-UHFFFAOYSA-N,Caulobacter sp. K31,0.4754686002846423,2.9668495878702613e-07,0.4754686002846423,positive
C18_positive|IK:RGHHSNMVTDWUBI-UHFFFAOYSA-N,Pseudopropionibacterium propionicum,-0.4754422981363687,2.971943765755933e-07,0.4754422981363687,negative
C18_negative|IK:SMUMBCREXHTKFN-VZOUQOBNSA-N,Amycolatopsis sp. AA4,-0.4754378522786661,2.9728056573951557e-07,0.4754378522786661,negative
HILICZ_negative|IK:COLNVLDHVKWLRT-QMMMGPOBSA-N,Kitasatospora setae,-0.475431768654215,2.9739854383112684e-07,0.475431768654215,negative
HILICZ_negative|IK:WJAOHEPEBANKEO-UHFFFAOYSA-N,Pseudomonas alkylphenolica,-0.47535629434628773,2.988659055825029e-07,0.47535629434628773,negative
HILICZ_negative|IK:COLNVLDHVKWLRT-QMMMGPOBSA-N,Novosphingobium sp. P6W,0.4753082314006749,2.998039257372611e-07,0.4753082314006749,positive
C18_negative|IK:BJEPYKJPYRNKOW-REOHCLBHSA-N,Streptosporangium roseum,-0.47530208486933284,2.9992408625476374e-07,0.47530208486933284,negative
C18_positive|IK:FATBGEAMYMYZAF-KTKRTIGZSA-N,Nocardioides sp. 603,-0.4752523567767042,3.008979227827343e-07,0.4752523567767042,negative
C18_positive|IK:NJMQSVWMCODQIP-FQXXIRCGSA-N,Alloactinosynnema sp. L-07,-0.4752468409303991,3.0100612598197143e-07,0.4752468409303991,negative
C18_positive|IK:NGFMICBWJRZIBI-UHFFFAOYSA-N,Pseudomonas extremorientalis,0.4751942089268379,3.020404602237242e-07,0.4751942089268379,positive
C18_positive|IK:RGHHSNMVTDWUBI-UHFFFAOYSA-N,Micromonospora purpureochromogenes,-0.47519307142814204,3.020628518472241e-07,0.47519307142814204,negative
C18_positive|IK:FATBGEAMYMYZAF-KTKRTIGZSA-N,Kitasatospora aureofaciens,-0.47517633616953253,3.0239246741488807e-07,0.47517633616953253,negative
C18_negative|IK:BJEPYKJPYRNKOW-REOHCLBHSA-N,Nocardiopsis gilva,-0.47515860836683316,3.027420051771312e-07,0.47515860836683316,negative
HILICZ_negative|NAME:,Pseudomonas thivervalensis,0.47515732639730984,3.027672965700381e-07,0.47515732639730984,positive
C18_negative|IK:BJEPYKJPYRNKOW-REOHCLBHSA-N,Anaeromyxobacter dehalogenans,-0.4751469935297678,3.0297122240615876e-07,0.4751469935297678,negative
C18_positive|IK:KZSNJWFQEVHDMF-BYPYZUCNSA-N,Pseudomonas moraviensis,0.47513637955133103,3.0318083217836274e-07,0.47513637955133103,positive
C18_positive|IK:RGHHSNMVTDWUBI-UHFFFAOYSA-N,Pseudomonas corrugata,0.47510634972089705,3.0377462272092786e-07,0.47510634972089705,positive
HILICZ_positive|IK:COLNVLDHVKWLRT-QMMMGPOBSA-N,Streptomyces virus R4,0.47510549864140955,3.0379146752862916e-07,0.47510549864140955,positive
C18_positive|IK:RGHHSNMVTDWUBI-UHFFFAOYSA-N,Streptomyces katrae,-0.4750738820484053,3.044178621173087e-07,0.4750738820484053,negative
C18_negative|IK:BJEPYKJPYRNKOW-REOHCLBHSA-N,Methylosinus trichosporium,-0.47507333584195044,3.044286944625661e-07,0.47507333584195044,negative
C18_negative|IK:NGFMICBWJRZIBI-UHFFFAOYSA-N,Pseudomonas rhizosphaerae,0.47505956941908883,3.0470183073354296e-07,0.47505956941908883,positive
C18_positive|IK:FATBGEAMYMYZAF-KTKRTIGZSA-N,Marmoricola scoriae,-0.4750568978741752,3.0475486321191397e-07,0.4750568978741752,negative
C18_positive|IK:FATBGEAMYMYZAF-KTKRTIGZSA-N,Micromonospora purpureochromogenes,-0.4750323493157175,3.052425845213288e-07,0.4750323493157175,negative
HILICZ_positive|IK:PUQSUZTXKPLAPR-UJPOAAIJSA-N,Nitrobacter hamburgensis,-0.47502437798178093,3.054011155385591e-07,0.47502437798178093,negative
C18_positive|IK:UAUDZVJPLUQNMU-KTKRTIGZSA-N,Streptomyces niveus,-0.4749816631346663,3.062519481553577e-07,0.4749816631346663,negative
C18_positive|IK:ZEYHEAKUIGZSGI-UHFFFAOYSA-N,Massilia sp. NR 4-1,-0.4749315844950746,3.072523306992555e-07,0.4749315844950746,negative
C18_positive|IK:NJMQSVWMCODQIP-FQXXIRCGSA-N,Streptomyces rubrolavendulae,-0.47493111379829334,3.072617481760239e-07,0.47493111379829334,negative
HILICZ_positive|IK:SIOXPEMLGUPBBT-UHFFFAOYSA-N,Pseudomonas moraviensis,0.4748839335761752,3.082071018807109e-07,0.4748839335761752,positive
C18_positive|IK:UAUDZVJPLUQNMU-KTKRTIGZSA-N,Kitasatospora sp. MMS16-BH015,-0.47487914889072425,3.083031273488748e-07,0.47487914889072425,negative
C18_positive|IK:NJMQSVWMCODQIP-FQXXIRCGSA-N,Streptosporangium sp. 'caverna',-0.4748715532557511,3.0845562516113993e-07,0.4748715532557511,negative
HILICZ_positive|IK:SIOXPEMLGUPBBT-UHFFFAOYSA-N,Pseudomonas monteilii,0.4748556646350655,3.087748535699796e-07,0.4748556646350655,positive
C18_positive|IK:WCGUUGGRBIKTOS-UHFFFAOYSA-N,Rhizobium favelukesii,-0.47484808390614563,3.0892727354037283e-07,0.47484808390614563,negative
C18_positive|IK:SIKJAQJRHWYJAI-UHFFFAOYSA-N,Streptomyces xiamenensis,-0.47479854170636016,3.099251445523562e-07,0.47479854170636016,negative
HILICZ_negative|IK:SLWWJZMPHJJOPH-PHDIDXHHSA-N,Pseudomonas poae,0.4747904845143495,3.100877207889976e-07,0.4747904845143495,positive
C18_positive|IK:SIKJAQJRHWYJAI-UHFFFAOYSA-N,Frankia sp. QA3,-0.4747856602798692,3.101851019462543e-07,0.4747856602798692,negative
HILICZ_negative|IK:JVQYSWDUAOAHFM-UHFFFAOYSA-N,Mesorhizobium ciceri,0.4747754287518641,3.1039173006642855e-07,0.4747754287518641,positive
HILICZ_negative|IK:JVQYSWDUAOAHFM-UHFFFAOYSA-N,Nakamurella multipartita,-0.4747744981977468,3.1041052932007284e-07,0.4747744981977468,negative
C18_negative|IK:BJEPYKJPYRNKOW-REOHCLBHSA-N,Actinomadura amylolytica,-0.4747471735882396,3.10963029988085e-07,0.4747471735882396,negative
C18_positive|IK:RGHHSNMVTDWUBI-UHFFFAOYSA-N,Janibacter indicus,-0.47467711112808664,3.1238396263967517e-07,0.47467711112808664,negative
HILICZ_positive|IK:KWIUHFFTVRNATP-UHFFFAOYSA-N,Amycolatopsis methanolica,-0.47467694829860607,3.123872721565806e-07,0.47467694829860607,negative
C18_positive|IK:FATBGEAMYMYZAF-KTKRTIGZSA-N,Bradyrhizobium erythrophlei,-0.4745813668411306,3.1433573608554857e-07,0.4745813668411306,negative
C18_positive|IK:LVFCLUMIBMHAFL-HMUNZLOLSA-N,Streptomyces clavuligerus,-0.47452539416817924,3.154821209734831e-07,0.47452539416817924,negative
C18_positive|IK:KZSNJWFQEVHDMF-BYPYZUCNSA-N,Pseudomonas antarctica,0.47451660155640657,3.156625648071704e-07,0.47451660155640657,positive
HILICZ_negative|NAME:,Actinomadura amylolytica,-0.47451371396636655,3.157218459489168e-07,0.47451371396636655,negative
C18_positive|IK:RGHHSNMVTDWUBI-UHFFFAOYSA-N,Alloactinosynnema sp. L-07,-0.4744862107329917,3.1628700801440214e-07,0.4744862107329917,negative
C18_negative|IK:BJEPYKJPYRNKOW-REOHCLBHSA-N,Halomonas sp. JS92-SW72,-0.47447516414501273,3.165142743414846e-07,0.47447516414501273,negative
HILICZ_negative|IK:AAWZDTNXLSGCEK-LNVDRNJUSA-N,Pseudomonas entomophila,0.4744607066283661,3.1681194988105653e-07,0.4744607066283661,positive
HILICZ_positive|IK:SIOXPEMLGUPBBT-UHFFFAOYSA-N,Jiangella alkaliphila,-0.47445035942833025,3.170251588087246e-07,0.47445035942833025,negative
HILICZ_negative|NAME:,Janibacter indicus,-0.4744437679266713,3.171610509562166e-07,0.4744437679266713,negative
HILICZ_positive|IK:KWIUHFFTVRNATP-UHFFFAOYSA-N,Candidatus Koribacter versatilis,-0.47443284032853317,3.1738645928707607e-07,0.47443284032853317,negative
C18_positive|IK:LVFCLUMIBMHAFL-HMUNZLOLSA-N,Frankia sp. QA3,-0.47443035716944043,3.1743770173405123e-07,0.47443035716944043,negative
HILICZ_positive|IK:RGHHSNMVTDWUBI-UHFFFAOYSA-N,Streptomyces sp. SCSIO 03032,-0.47441778693435144,3.176972217457996e-07,0.47441778693435144,negative
C18_negative|IK:CZDNLUMNELLDDD-QZFWYPLZSA-N,Kitasatospora sp. MMS16-BH015,-0.47438858626741165,3.1830086605961455e-07,0.47438858626741165,negative
HILICZ_negative|IK:SLWWJZMPHJJOPH-PHDIDXHHSA-N,Jiangella alkaliphila,-0.4743669322664336,3.187492078564905e-07,0.4743669322664336,negative
C18_positive|IK:LVFCLUMIBMHAFL-HMUNZLOLSA-N,Streptomyces albulus,-0.4743520392748435,3.190579128369372e-07,0.4743520392748435,negative
C18_positive|IK:LVFCLUMIBMHAFL-HMUNZLOLSA-N,Pseudomonas sp. UW4,0.4743422321796594,3.1926135157264387e-07,0.4743422321796594,positive
C18_positive|IK:KZSNJWFQEVHDMF-BYPYZUCNSA-N,Pseudomonas sp. HLS-6,0.4743325080885657,3.1946319027870085e-07,0.4743325080885657,positive
HILICZ_positive|IK:SIOXPEMLGUPBBT-UHFFFAOYSA-N,Pseudomonas psychrophila,0.4743297070217576,3.195213533087661e-07,0.4743297070217576,positive
HILICZ_negative|IK:KCOOTJRKKIDHTM-UHFFFAOYSA-N,Frankia sp. EAN1pec,-0.47425877700581837,3.209975477805876e-07,0.47425877700581837,negative
HILICZ_positive|IK:PUQSUZTXKPLAPR-UJPOAAIJSA-N,Streptomyces gilvosporeus,-0.47425468812131316,3.2108284302654205e-07,0.47425468812131316,negative
C18_negative|IK:SMUMBCREXHTKFN-VZOUQOBNSA-N,Bradyrhizobium erythrophlei,-0.47423530082573506,3.2148756079716843e-07,0.47423530082573506,negative
HILICZ_positive|IK:KWIUHFFTVRNATP-UHFFFAOYSA-N,Streptomyces sp. 2323.1,-0.4742286288052452,3.21626954154644e-07,0.4742286288052452,negative
C18_negative|IK:NGFMICBWJRZIBI-UHFFFAOYSA-N,Pseudomonas frederiksbergensis,0.4741938326511593,3.2235485538544383e-07,0.4741938326511593,positive
HILICZ_negative|NAME:,Streptomyces globosus,-0.47419378008367175,3.2235595622980785e-07,0.47419378008367175,negative
C18_positive|IK:MMOXZBCLCQITDF-UHFFFAOYSA-N,Paucimonas lemoignei,-0.4741815649299499,3.226118573829548e-07,0.4741815649299499,negative
C18_negative|IK:BJEPYKJPYRNKOW-REOHCLBHSA-N,Nonomuraea sp. ATCC 55076,-0.47418026700012084,3.226390596943362e-07,0.47418026700012084,negative
C18_positive|IK:NGFMICBWJRZIBI-UHFFFAOYSA-N,Pseudomonas viridiflava,0.47414103735341856,3.2346227379945405e-07,0.47414103735341856,positive
HILICZ_positive|IK:PUQSUZTXKPLAPR-UJPOAAIJSA-N,Caulobacter sp. K31,0.47413824033645974,3.235210440023491e-07,0.47413824033645974,positive
C18_positive|IK:NJMQSVWMCODQIP-FQXXIRCGSA-N,Micromonospora echinaurantiaca,-0.47413261819085,3.236392058080361e-07,0.47413261819085,negative
C18_positive|IK:KZSNJWFQEVHDMF-BYPYZUCNSA-N,Pseudomonas versuta,0.47412999182828547,3.2369441868207603e-07,0.47412999182828547,positive
C18_positive|IK:LVFCLUMIBMHAFL-HMUNZLOLSA-N,Actinopolymorpha singaporensis,-0.4741131727349293,3.240482115817952e-07,0.4741131727349293,negative
HILICZ_negative|NAME:,Streptosporangium roseum,-0.47407603793582864,3.2483065216422287e-07,0.47407603793582864,negative
C18_positive|IK:LVFCLUMIBMHAFL-HMUNZLOLSA-N,Pseudomonas brassicacearum,0.47407504372286086,3.248516251860673e-07,0.47407504372286086,positive
HILICZ_negative|IK:VRYALKFFQXWPIH-UHFFFAOYSA-N,Pseudomonas sp. K2W31S-8,0.4740325542626908,3.257491492072936e-07,0.4740325542626908,positive
HILICZ_positive|IK:PUQSUZTXKPLAPR-UJPOAAIJSA-N,Pseudomonas sp. K2W31S-8,0.4740166814590787,3.260850422779857e-07,0.4740166814590787,positive
HILICZ_positive|IK:KWIUHFFTVRNATP-UHFFFAOYSA-N,Streptomyces violaceoruber,-0.4740077995457568,3.262731410056281e-07,0.4740077995457568,negative
C18_negative|IK:CZDNLUMNELLDDD-QZFWYPLZSA-N,Nocardiopsis dassonvillei,-0.4739995376267785,3.264482022988741e-07,0.4739995376267785,negative
HILICZ_negative|NAME:,Amycolatopsis methanolica,-0.47397481002515857,3.2697268788226695e-07,0.47397481002515857,negative
C18_positive|IK:NGFMICBWJRZIBI-UHFFFAOYSA-N,Rhodococcus sp. MTM3W5.2,-0.47396275460880083,3.272286801819943e-07,0.47396275460880083,negative
C18_positive|NAME:,Frankia sp. EAN1pec,-0.473940826718424,3.276947995575627e-07,0.473940826718424,negative
C18_negative|IK:BJEPYKJPYRNKOW-REOHCLBHSA-N,Nocardiopsis dassonvillei,-0.4739234574249497,3.2806446533696404e-07,0.4739234574249497,negative
C18_negative|IK:CZDNLUMNELLDDD-QZFWYPLZSA-N,Pseudomonas umsongensis,0.4739093022654833,3.283660188799661e-07,0.4739093022654833,positive
HILICZ_negative|NAME:,Micromonospora viridifaciens,-0.47389000594394765,3.287775214903638e-07,0.47389000594394765,negative
C18_positive|IK:NJMQSVWMCODQIP-FQXXIRCGSA-N,Actinosynnema pretiosum,-0.4738751787038522,3.2909405212418813e-07,0.4738751787038522,negative
HILICZ_positive|IK:MMOXZBCLCQITDF-UHFFFAOYSA-N,Halomonas sp. JS92-SW72,0.47384700020127657,3.2969640329556995e-07,0.47384700020127657,positive
HILICZ_negative|NAME:,Nonomuraea sp. ATCC 55076,-0.4738416418592572,3.2981106322705454e-07,0.4738416418592572,negative
HILICZ_positive|IK:SIOXPEMLGUPBBT-UHFFFAOYSA-N,Pseudomonas antarctica,0.47378680132788376,3.30986745027729e-07,0.47378680132788376,positive
C18_positive|IK:SIKJAQJRHWYJAI-UHFFFAOYSA-N,Frankia alni,-0.4737852544745382,3.3101996449295585e-07,0.4737852544745382,negative
C18_positive|IK:RGHHSNMVTDWUBI-UHFFFAOYSA-N,Amycolatopsis albispora,-0.4737834062333766,3.3105966057307934e-07,0.4737834062333766,negative
HILICZ_negative|IK:SLWWJZMPHJJOPH-PHDIDXHHSA-N,Streptomyces fulvissimus,-0.47377034749709246,3.313402620016426e-07,0.47377034749709246,negative
HILICZ_negative|IK:JVQYSWDUAOAHFM-UHFFFAOYSA-N,Thermobispora bispora,-0.47375923727512975,3.31579172521687e-07,0.47375923727512975,negative
HILICZ_positive|IK:COLNVLDHVKWLRT-QMMMGPOBSA-N,Streptomyces sp. 2323.1,-0.47372147463467196,3.323924331247158e-07,0.47372147463467196,negative
HILICZ_negative|IK:WJAOHEPEBANKEO-UHFFFAOYSA-N,Streptomyces fulvissimus,0.47371349949076963,3.325644291964302e-07,0.47371349949076963,positive
HILICZ_negative|IK:SLWWJZMPHJJOPH-PHDIDXHHSA-N,Pseudomonas sp. CMR5c,0.4736990228673629,3.3287685581996e-07,0.4736990228673629,positive
HILICZ_negative|IK:AAWZDTNXLSGCEK-LNVDRNJUSA-N,Halomonas sp. JS92-SW72,-0.4736648137374059,3.3361624820515227e-07,0.4736648137374059,negative
HILICZ_negative|IK:SLWWJZMPHJJOPH-PHDIDXHHSA-N,Pseudomonas sp. DR 5-09,0.4736611138598648,3.336963104857093e-07,0.4736611138598648,positive
C18_positive|IK:NGFMICBWJRZIBI-UHFFFAOYSA-N,Pimelobacter simplex,-0.473551206962667,3.360829550689938e-07,0.473551206962667,negative
C18_negative|IK:WJAOHEPEBANKEO-UHFFFAOYSA-N,Janthinobacterium svalbardensis,-0.47352772369067103,3.3659499831111816e-07,0.47352772369067103,negative
C18_positive|IK:NJMQSVWMCODQIP-FQXXIRCGSA-N,Plantactinospora sp. KBS50,-0.47351987994682,3.367661931964071e-07,0.47351987994682,negative
C18_positive|IK:NGFMICBWJRZIBI-UHFFFAOYSA-N,Actinoplanes derwentensis,-0.4734817530501439,3.375995180097288e-07,0.4734817530501439,negative
C18_positive|NAME:,Streptomyces sp. TLI_053,-0.47346048202457836,3.380652823952789e-07,0.47346048202457836,negative
C18_positive|IK:NGFMICBWJRZIBI-UHFFFAOYSA-N,Pseudomonas parafulva,0.47345507231013223,3.38183834498902e-07,0.47345507231013223,positive
HILICZ_positive|IK:COLNVLDHVKWLRT-QMMMGPOBSA-N,Streptomyces sp. NEAU-S7GS2,-0.47345414373172534,3.3820418796289344e-07,0.47345414373172534,negative
C18_positive|IK:RGHHSNMVTDWUBI-UHFFFAOYSA-N,Pseudomonas chlororaphis,0.473439492452276,3.38525482864805e-07,0.473439492452276,positive
C18_positive|IK:KZSNJWFQEVHDMF-BYPYZUCNSA-N,Pseudomonas sp. LG1E9,0.47343820481778165,3.385537338883482e-07,0.47343820481778165,positive
C18_positive|IK:NJMQSVWMCODQIP-FQXXIRCGSA-N,Micromonospora purpureochromogenes,-0.47342283420279285,3.388911422033854e-07,0.47342283420279285,negative
C18_negative|IK:NGFMICBWJRZIBI-UHFFFAOYSA-N,Streptomyces sp. SM18,-0.47341420984141835,3.390806000450257e-07,0.47341420984141835,negative
HILICZ_negative|NAME:,Micromonospora krabiensis,-0.473393471074149,3.3953659657293115e-07,0.473393471074149,negative
C18_negative|IK:CZDNLUMNELLDDD-QZFWYPLZSA-N,Actinomadura amylolytica,-0.4733283954234989,3.4097124542802987e-07,0.4733283954234989,negative
C18_positive|IK:KZSNJWFQEVHDMF-BYPYZUCNSA-N,Amycolatopsis sp. AA4,-0.47331809935908026,3.411987585585801e-07,0.47331809935908026,negative
C18_positive|IK:RGHHSNMVTDWUBI-UHFFFAOYSA-N,Streptomyces globosus,-0.47329689351305637,3.416678011307651e-07,0.47329689351305637,negative
HILICZ_negative|IK:JVQYSWDUAOAHFM-UHFFFAOYSA-N,Burkholderia pseudomallei,-0.47329333905466736,3.41746480575162e-07,0.47329333905466736,negative
C18_negative|IK:SMUMBCREXHTKFN-VZOUQOBNSA-N,Terriglobus roseus,-0.47328621899931994,3.4190413784846436e-07,0.47328621899931994,negative
C18_positive|NAME:,Frankia inefficax,-0.47328121905750453,3.4201489141282997e-07,0.47328121905750453,negative
HILICZ_positive|IK:SIOXPEMLGUPBBT-UHFFFAOYSA-N,Singulisphaera acidiphila,-0.4732770236188627,3.4210785077466623e-07,0.4732770236188627,negative
HILICZ_negative|IK:SLWWJZMPHJJOPH-PHDIDXHHSA-N,Pseudomonas brenneri,0.4732768118576937,3.421125434556916e-07,0.4732768118576937,positive
C18_positive|IK:SIKJAQJRHWYJAI-UHFFFAOYSA-N,Nocardiopsis dassonvillei,-0.473276330797196,3.421232041053815e-07,0.473276330797196,negative
C18_positive|IK:NJMQSVWMCODQIP-FQXXIRCGSA-N,Frankia inefficax,-0.4732762899878016,3.421241084857089e-07,0.4732762899878016,negative
HILICZ_positive|IK:COLNVLDHVKWLRT-QMMMGPOBSA-N,Pseudomonas sp. 02C 26,0.47325815066674914,3.4252632062858487e-07,0.47325815066674914,positive
C18_negative|IK:BJEPYKJPYRNKOW-REOHCLBHSA-N,Streptomyces rubrolavendulae,-0.4732541329932061,3.426154672997385e-07,0.4732541329932061,negative
C18_positive|IK:FATBGEAMYMYZAF-KTKRTIGZSA-N,Nocardioides dokdonensis,-0.4732031805040423,3.4374794915217594e-07,0.4732031805040423,negative
C18_positive|IK:SIKJAQJRHWYJAI-UHFFFAOYSA-N,Frankia inefficax,-0.47314655588636817,3.4501067698361977e-07,0.47314655588636817,negative
HILICZ_positive|IK:PUQSUZTXKPLAPR-UJPOAAIJSA-N,Actinoplanes derwentensis,-0.4731413585957658,3.45126797208101e-07,0.4731413585957658,negative
HILICZ_negative|IK:SLWWJZMPHJJOPH-PHDIDXHHSA-N,Streptomyces peucetius,-0.47309320854695347,3.4620435598661433e-07,0.47309320854695347,negative
HILICZ_negative|IK:WJAOHEPEBANKEO-UHFFFAOYSA-N,Streptomyces sp. CdTB01,0.47305084345124104,3.4715509734209257e-07,0.47305084345124104,positive
C18_positive|IK:FATBGEAMYMYZAF-KTKRTIGZSA-N,Micromonospora inositola,-0.4730488826126791,3.4719916179585523e-07,0.4730488826126791,negative
C18_positive|IK:NGFMICBWJRZIBI-UHFFFAOYSA-N,Pseudomonas extremaustralis,0.4729857656382414,3.4862038651777555e-07,0.4729857656382414,positive
HILICZ_positive|IK:SIOXPEMLGUPBBT-UHFFFAOYSA-N,Pseudomonas sp. R5-89-07,0.47296482627338005,3.490931056034086e-07,0.47296482627338005,positive
HILICZ_negative|NAME:,Thermomonospora curvata,-0.4729548876352992,3.493176897432621e-07,0.4729548876352992,negative
C18_negative|IK:BJEPYKJPYRNKOW-REOHCLBHSA-N,Pseudomonas koreensis,0.472952739434227,3.493662508560969e-07,0.472952739434227,positive
HILICZ_negative|IK:AAWZDTNXLSGCEK-LNVDRNJUSA-N,Nocardiopsis gilva,-0.4729308489091303,3.4986146278728133e-07,0.4729308489091303,negative
HILICZ_positive|IK:SIOXPEMLGUPBBT-UHFFFAOYSA-N,Pseudomonas sp. B10,0.4729241469678476,3.500132088829717e-07,0.4729241469678476,positive
C18_negative|IK:SMUMBCREXHTKFN-VZOUQOBNSA-N,Amycolatopsis albispora,-0.47291882430693344,3.50133769748611e-07,0.47291882430693344,negative
C18_positive|IK:MMOXZBCLCQITDF-UHFFFAOYSA-N,Nocardia brasiliensis,0.47291754650037704,3.501627185675935e-07,0.47291754650037704,positive
C18_negative|IK:SMUMBCREXHTKFN-VZOUQOBNSA-N,Nitrobacter hamburgensis,-0.47288505708696754,3.508995341348148e-07,0.47288505708696754,negative
HILICZ_positive|IK:COLNVLDHVKWLRT-QMMMGPOBSA-N,Homo sapiens,-0.47287183762649526,3.511997552315276e-07,0.47287183762649526,negative
HILICZ_positive|IK:KWIUHFFTVRNATP-UHFFFAOYSA-N,Streptomyces sp. Mg1,-0.4728657232503308,3.5133869861873783e-07,0.4728657232503308,negative
HILICZ_positive|IK:PUQSUZTXKPLAPR-UJPOAAIJSA-N,Streptomyces lavendulae,-0.4728553939202047,3.5157354157498126e-07,0.4728553939202047,negative
C18_negative|IK:CZDNLUMNELLDDD-QZFWYPLZSA-N,Catenulispora acidiphila,-0.472841654583531,3.518861442141186e-07,0.472841654583531,negative
HILICZ_negative|IK:SLWWJZMPHJJOPH-PHDIDXHHSA-N,Bradyrhizobium lablabi,-0.4728357038522253,3.520216195381751e-07,0.4728357038522253,negative
C18_positive|NAME:,Homo sapiens,-0.4728226500632486,3.52318977986839e-07,0.4728226500632486,negative
C18_positive|IK:KZSNJWFQEVHDMF-BYPYZUCNSA-N,Kibdelosporangium phytohabitans,-0.47280150666457704,3.528011202872578e-07,0.47280150666457704,negative
C18_positive|IK:NJMQSVWMCODQIP-FQXXIRCGSA-N,Micromonospora rifamycinica,-0.47279174506998195,3.5302392989501406e-07,0.47279174506998195,negative
HILICZ_negative|IK:SLWWJZMPHJJOPH-PHDIDXHHSA-N,Pseudomonas sp. LG1D9,0.472789605697985,3.5307277919878836e-07,0.472789605697985,positive
C18_positive|IK:RGHHSNMVTDWUBI-UHFFFAOYSA-N,Kibdelosporangium phytohabitans,-0.47277478488184105,3.534113665212644e-07,0.47277478488184105,negative
C18_positive|IK:NGFMICBWJRZIBI-UHFFFAOYSA-N,Pseudomonas psychrophila,0.47275260042995043,3.5391875598377013e-07,0.47275260042995043,positive
HILICZ_negative|IK:WJAOHEPEBANKEO-UHFFFAOYSA-N,Pseudomonas extremaustralis,-0.4727507211701389,3.539617690946254e-07,0.4727507211701389,negative
HILICZ_positive|IK:KWIUHFFTVRNATP-UHFFFAOYSA-N,Streptomyces xinghaiensis,-0.47274571037780583,3.54076482040256e-07,0.47274571037780583,negative
C18_positive|IK:ZEYHEAKUIGZSGI-UHFFFAOYSA-N,Janthinobacterium svalbardensis,-0.4727201982213667,3.5466108469252285e-07,0.4727201982213667,negative
C18_positive|IK:RGHHSNMVTDWUBI-UHFFFAOYSA-N,Rhodococcus ruber,-0.47270889706259145,3.5492034024142093e-07,0.47270889706259145,negative
C18_positive|IK:RGHHSNMVTDWUBI-UHFFFAOYSA-N,Pseudomonas aeruginosa,0.47270692228758776,3.549656612891001e-07,0.47270692228758776,positive
C18_positive|IK:FATBGEAMYMYZAF-KTKRTIGZSA-N,Streptomyces albireticuli,-0.47266101358350615,3.5602081744418067e-07,0.47266101358350615,negative
C18_positive|IK:NGFMICBWJRZIBI-UHFFFAOYSA-N,Oligotropha carboxidovorans,-0.4726553586894641,3.56150994474799e-07,0.4726553586894641,negative
HILICZ_positive|IK:SIOXPEMLGUPBBT-UHFFFAOYSA-N,Pseudomonas extremaustralis,0.47263765203985064,3.565588986338712e-07,0.47263765203985064,positive
C18_positive|IK:FATBGEAMYMYZAF-KTKRTIGZSA-N,Streptomyces rubrolavendulae,-0.4726310410119547,3.5671130927671937e-07,0.4726310410119547,negative
C18_positive|IK:RGHHSNMVTDWUBI-UHFFFAOYSA-N,Plantactinospora sp. KBS50,-0.4726200093386241,3.5696577142106454e-07,0.4726200093386241,negative
HILICZ_negative|IK:JVQYSWDUAOAHFM-UHFFFAOYSA-N,Nocardiopsis gilva,-0.47257613713745256,3.579794589310173e-07,0.47257613713745256,negative
HILICZ_negative|NAME:,Pseudomonas sp. UW4,0.47257600513501147,3.579825130345482e-07,0.47257600513501147,positive
HILICZ_negative|IK:JVQYSWDUAOAHFM-UHFFFAOYSA-N,Kitasatospora setae,-0.47256313010884865,3.582805179973665e-07,0.47256313010884865,negative
HILICZ_negative|NAME:,Micromonospora rifamycinica,-0.4725506359530391,3.5856993285575853e-07,0.4725506359530391,negative
HILICZ_negative|IK:OKVJCVWFVRATSG-UHFFFAOYSA-N,Granulicella mallensis,-0.4725448896629971,3.587031146421752e-07,0.4725448896629971,negative
HILICZ_negative|IK:DRTQHJPVMGBUCF-UHFFFAOYSA-N,Streptomyces sp. TLI_053,-0.47251317582861735,3.594389928501801e-07,0.47251317582861735,negative
HILICZ_negative|IK:VRYALKFFQXWPIH-UHFFFAOYSA-N,Streptomyces gilvosporeus,-0.4724940195116647,3.598841853861513e-07,0.4724940195116647,negative
HILICZ_positive|IK:SIOXPEMLGUPBBT-UHFFFAOYSA-N,Pseudomonas parafulva,0.47247705197264556,3.6027894857094154e-07,0.47247705197264556,positive
HILICZ_positive|IK:SIOXPEMLGUPBBT-UHFFFAOYSA-N,Pseudomonas trivialis,0.4724675485591907,3.605002328353074e-07,0.4724675485591907,positive
C18_positive|IK:KZSNJWFQEVHDMF-BYPYZUCNSA-N,Pseudomonas trivialis,0.4724593963593623,3.606901574472253e-07,0.4724593963593623,positive
HILICZ_negative|IK:VRYALKFFQXWPIH-UHFFFAOYSA-N,Streptomyces clavuligerus,-0.4723994600341998,3.620894386533445e-07,0.4723994600341998,negative
HILICZ_negative|IK:AAWZDTNXLSGCEK-LNVDRNJUSA-N,Streptosporangium roseum,-0.4723918533408102,3.6226739415718787e-07,0.4723918533408102,negative
C18_negative|IK:SMUMBCREXHTKFN-VZOUQOBNSA-N,Pseudomonas synxantha,0.47235826815781495,3.6305410049098583e-07,0.47235826815781495,positive
C18_positive|IK:FATBGEAMYMYZAF-KTKRTIGZSA-N,Streptomyces cattleya,-0.47231322794432473,3.6411168209916856e-07,0.47231322794432473,negative
C18_negative|IK:SMUMBCREXHTKFN-VZOUQOBNSA-N,Alloactinosynnema sp. L-07,-0.4722735770830145,3.650451410844182e-07,0.4722735770830145,negative
C18_positive|IK:FATBGEAMYMYZAF-KTKRTIGZSA-N,Clavibacter michiganensis,-0.4722713950326559,3.650965768237568e-07,0.4722713950326559,negative
HILICZ_positive|IK:SIOXPEMLGUPBBT-UHFFFAOYSA-N,Amycolatopsis sp. AA4,-0.4722676929446785,3.6518385896576236e-07,0.4722676929446785,negative
HILICZ_negative|NAME:,Streptomyces gilvosporeus,-0.4722485921013458,3.6563450464161063e-07,0.4722485921013458,negative
C18_negative|IK:BJEPYKJPYRNKOW-REOHCLBHSA-N,Myxococcus fulvus,-0.47217368467496545,3.6740690148696243e-07,0.47217368467496545,negative
C18_positive|IK:UAUDZVJPLUQNMU-KTKRTIGZSA-N,Kitasatospora aureofaciens,-0.4721590802299898,3.6775340989071917e-07,0.4721590802299898,negative
C18_negative|IK:SMUMBCREXHTKFN-VZOUQOBNSA-N,Candidatus Koribacter versatilis,-0.4721379173990998,3.682560754510228e-07,0.4721379173990998,negative
C18_positive|IK:KZSNJWFQEVHDMF-BYPYZUCNSA-N,Streptomyces sp. NEAU-S7GS2,-0.4721219935076628,3.6863473486392697e-07,0.4721219935076628,negative
C18_negative|IK:CZDNLUMNELLDDD-QZFWYPLZSA-N,Nocardiopsis gilva,-0.4721052160340948,3.6903409236384447e-07,0.4721052160340948,negative
C18_positive|IK:LVFCLUMIBMHAFL-HMUNZLOLSA-N,Phycicoccus dokdonensis,-0.4720936303255708,3.6931010932965e-07,0.4720936303255708,negative
HILICZ_negative|IK:SLWWJZMPHJJOPH-PHDIDXHHSA-N,Streptomyces olivaceus,-0.47207660517253797,3.6971607134764836e-07,0.47207660517253797,negative
HILICZ_negative|IK:SLWWJZMPHJJOPH-PHDIDXHHSA-N,Pseudomonas sp. CMR12a,0.4720568187738954,3.7018840790689054e-07,0.4720568187738954,positive
HILICZ_negative|IK:VRYALKFFQXWPIH-UHFFFAOYSA-N,Streptomyces xinghaiensis,-0.4720553274365316,3.7022403202644675e-07,0.4720553274365316,negative
HILICZ_positive|IK:COLNVLDHVKWLRT-QMMMGPOBSA-N,Pseudomonas sp. S09G 359,0.4720501370898589,3.703480411445386e-07,0.4720501370898589,positive
HILICZ_positive|IK:SIOXPEMLGUPBBT-UHFFFAOYSA-N,Tessaracoccus sp. T2.5-30,-0.4720483403964091,3.703909774145033e-07,0.4720483403964091,negative
HILICZ_negative|IK:CDAISMWEOUEBRE-UHFFFAOYSA-N,Phycicoccus dokdonensis,-0.4720088105261882,3.713368362450254e-07,0.4720088105261882,negative
C18_positive|IK:MMOXZBCLCQITDF-UHFFFAOYSA-N,Blastochloris viridis,0.47196106028358165,3.7248245228189316e-07,0.47196106028358165,positive
HILICZ_negative|IK:SLWWJZMPHJJOPH-PHDIDXHHSA-N,Methylosinus trichosporium,-0.47191464717674536,3.7359920790310557e-07,0.47191464717674536,negative
C18_positive|IK:LVFCLUMIBMHAFL-HMUNZLOLSA-N,Granulicella tundricola,-0.4718965486392989,3.7403554273642236e-07,0.4718965486392989,negative
C18_positive|IK:SIKJAQJRHWYJAI-UHFFFAOYSA-N,Actinomadura amylolytica,-0.47186441198777723,3.7481151450958984e-07,0.47186441198777723,negative
HILICZ_positive|IK:SIOXPEMLGUPBBT-UHFFFAOYSA-N,Streptomyces virus Caliburn,0.4718275882369866,3.757025426452766e-07,0.4718275882369866,positive
C18_negative|IK:NGFMICBWJRZIBI-UHFFFAOYSA-N,Streptomyces fulvissimus,-0.4718197715725894,3.758919422299934e-07,0.4718197715725894,negative
C18_positive|NAME:,Saccharopolyspora erythraea,-0.4717752805343463,3.7697170033735935e-07,0.4717752805343463,negative
C18_negative|IK:SMUMBCREXHTKFN-VZOUQOBNSA-N,Tessaracoccus sp. T2.5-30,-0.4717624678223839,3.772831999882917e-07,0.4717624678223839,negative
C18_positive|IK:UAUDZVJPLUQNMU-KTKRTIGZSA-N,Nocardioides sp. JS614,-0.4717466763579416,3.7766745504714575e-07,0.4717466763579416,negative
C18_positive|IK:MMOXZBCLCQITDF-UHFFFAOYSA-N,Streptomyces cattleya,0.47174461508857696,3.77717639535988e-07,0.47174461508857696,positive
C18_positive|IK:RCFGIEPQSDGMJJ-UHFFFAOYSA-N,Streptomyces sp. RTd22,-0.47174154523024037,3.7779239128788753e-07,0.47174154523024037,negative
C18_positive|IK:LVFCLUMIBMHAFL-HMUNZLOLSA-N,Saccharopolyspora erythraea,-0.4716697485324305,3.795446736236381e-07,0.4716697485324305,negative
C18_positive|IK:KZSNJWFQEVHDMF-BYPYZUCNSA-N,Opitutus sp. GAS368,-0.4716587591315768,3.7981356370745364e-07,0.4716587591315768,negative
HILICZ_negative|IK:DRTQHJPVMGBUCF-UHFFFAOYSA-N,Kitasatospora aureofaciens,-0.4716551976516878,3.799007453097744e-07,0.4716551976516878,negative
HILICZ_negative|NAME:,Nocardioides sp. 78,-0.47165077745875916,3.800089738406053e-07,0.47165077745875916,negative
HILICZ_positive|IK:CZMRCDWAGMRECN-UGDNZRGBSA-N,Pantoea agglomerans,0.4716307782329576,3.804990218267013e-07,0.4716307782329576,positive
HILICZ_positive|IK:COLNVLDHVKWLRT-QMMMGPOBSA-N,Thermomonospora curvata,-0.47161585396772765,3.8086510768496265e-07,0.47161585396772765,negative
HILICZ_positive|IK:KWIUHFFTVRNATP-UHFFFAOYSA-N,Nakamurella panacisegetis,-0.4715530320707474,3.824097766624308e-07,0.4715530320707474,negative
HILICZ_negative|IK:WJAOHEPEBANKEO-UHFFFAOYSA-N,Streptomyces sp. ETH9427,0.4715484101681867,3.825236552076973e-07,0.4715484101681867,positive
HILICZ_negative|IK:DRTQHJPVMGBUCF-UHFFFAOYSA-N,Streptomyces virus Caliburn,0.4715131438855659,3.833936393781912e-07,0.4715131438855659,positive
C18_positive|IK:NJMQSVWMCODQIP-FQXXIRCGSA-N,Kibdelosporangium phytohabitans,-0.47150412715076884,3.836163750399345e-07,0.47150412715076884,negative
HILICZ_negative|IK:WJAOHEPEBANKEO-UHFFFAOYSA-N,Bradyrhizobium ottawaense,0.4714942234283798,3.8386116325595e-07,0.4714942234283798,positive
HILICZ_negative|NAME:,Streptomyces lydicus,-0.47148626128926086,3.8405806944449816e-07,0.47148626128926086,negative
HILICZ_negative|IK:WJAOHEPEBANKEO-UHFFFAOYSA-N,Granulicella mallensis,0.47148556421157223,3.840753129642673e-07,0.47148556421157223,positive
C18_negative|IK:BJEPYKJPYRNKOW-REOHCLBHSA-N,Myxococcus stipitatus,-0.4714618270319642,3.8466293593997317e-07,0.4714618270319642,negative
HILICZ_negative|IK:JVQYSWDUAOAHFM-UHFFFAOYSA-N,Intrasporangium calvum,-0.471443123918659,3.851265406082922e-07,0.471443123918659,negative
C18_negative|IK:CZDNLUMNELLDDD-QZFWYPLZSA-N,Kitasatospora aureofaciens,-0.4714429064577345,3.8513193405814853e-07,0.4714429064577345,negative
HILICZ_positive|IK:PUQSUZTXKPLAPR-UJPOAAIJSA-N,Streptomyces sp. WAC00288,-0.4714360603756091,3.853017668027708e-07,0.4714360603756091,negative
C18_positive|IK:KZSNJWFQEVHDMF-BYPYZUCNSA-N,Streptomyces clavuligerus,-0.4714311523426253,3.854235656157103e-07,0.4714311523426253,negative
C18_negative|IK:NGFMICBWJRZIBI-UHFFFAOYSA-N,Variovorax sp. HW608,-0.47142742528087483,3.855160816407048e-07,0.47142742528087483,negative
C18_positive|IK:NJMQSVWMCODQIP-FQXXIRCGSA-N,Friedmanniella luteola,-0.4714219188109169,3.8565280615828455e-07,0.4714219188109169,negative
HILICZ_positive|IK:KWIUHFFTVRNATP-UHFFFAOYSA-N,Catenulispora acidiphila,-0.47140148192551284,3.861606529738674e-07,0.47140148192551284,negative
HILICZ_negative|IK:JVQYSWDUAOAHFM-UHFFFAOYSA-N,Amycolatopsis methanolica,-0.47139123248078996,3.8641558608472285e-07,0.47139123248078996,negative
C18_positive|IK:LVFCLUMIBMHAFL-HMUNZLOLSA-N,Amycolatopsis methanolica,-0.4713852462071749,3.865645558985211e-07,0.4713852462071749,negative
C18_positive|IK:SIKJAQJRHWYJAI-UHFFFAOYSA-N,Candidatus Solibacter usitatus,-0.4713740742123477,3.8684271963261916e-07,0.4713740742123477,negative
C18_positive|IK:UAUDZVJPLUQNMU-KTKRTIGZSA-N,Micromonospora krabiensis,-0.4712003464354137,3.9119280929460454e-07,0.4712003464354137,negative
HILICZ_positive|IK:SIOXPEMLGUPBBT-UHFFFAOYSA-N,Nakamurella multipartita,-0.47119966325830354,3.912100072759103e-07,0.47119966325830354,negative
HILICZ_negative|IK:PFTAWBLQPZVEMU-UHFFFAOYSA-N,Pseudomonas umsongensis,0.4711993852357173,3.9121700629233396e-07,0.4711993852357173,positive
C18_positive|IK:FATBGEAMYMYZAF-KTKRTIGZSA-N,Pseudomonas syringae,0.4711982322489712,3.912460331656736e-07,0.4711982322489712,positive
C18_positive|IK:RGHHSNMVTDWUBI-UHFFFAOYSA-N,Pseudomonas plecoglossicida,0.4711976827719442,3.9125986717605926e-07,0.4711976827719442,positive
C18_positive|IK:LVFCLUMIBMHAFL-HMUNZLOLSA-N,Micromonospora purpureochromogenes,-0.47118750212400207,3.9151626628802276e-07,0.47118750212400207,negative
HILICZ_positive|IK:PUQSUZTXKPLAPR-UJPOAAIJSA-N,Planctomyces sp. SH-PL62,-0.4711872270390799,3.915231965039025e-07,0.4711872270390799,negative
HILICZ_positive|IK:COLNVLDHVKWLRT-QMMMGPOBSA-N,Pseudomonas entomophila,0.47113233769374546,3.92908359692377e-07,0.47113233769374546,positive
C18_positive|IK:MMOXZBCLCQITDF-UHFFFAOYSA-N,Leifsonia xyli,0.47112353042653154,3.931310492443689e-07,0.47112353042653154,positive
C18_positive|IK:KZSNJWFQEVHDMF-BYPYZUCNSA-N,Pseudomonas agarici,0.4710691703765067,3.9450818751607583e-07,0.4710691703765067,positive
C18_positive|IK:SIKJAQJRHWYJAI-UHFFFAOYSA-N,Nocardiopsis gilva,-0.47106524474177075,3.9460781550002565e-07,0.47106524474177075,negative
C18_positive|IK:FATBGEAMYMYZAF-KTKRTIGZSA-N,Pseudomonas cichorii,0.47105079697962415,3.949746887138008e-07,0.47105079697962415,positive
HILICZ_negative|IK:ODHCTXKNWHHXJC-UHFFFAOYSA-N,Candidatus Solibacter usitatus,-0.47104200836566607,3.9519801729814877e-07,0.47104200836566607,negative
HILICZ_negative|IK:SLWWJZMPHJJOPH-PHDIDXHHSA-N,Pseudomonas sp. R5-89-07,0.4710397004236187,3.9525668460409685e-07,0.4710397004236187,positive
C18_positive|IK:SIKJAQJRHWYJAI-UHFFFAOYSA-N,Streptosporangium sp. 'caverna',-0.4709969898239115,3.9634387273720383e-07,0.4709969898239115,negative
C18_negative|IK:SMUMBCREXHTKFN-VZOUQOBNSA-N,Pseudopropionibacterium propionicum,-0.47099073440848116,3.965033413089067e-07,0.47099073440848116,negative
HILICZ_negative|IK:WJAOHEPEBANKEO-UHFFFAOYSA-N,Streptomyces violaceusniger,0.4709389552640969,3.978256849484774e-07,0.4709389552640969,positive
C18_positive|NAME:,Amycolatopsis methanolica,-0.47092125614925134,3.982786482379253e-07,0.47092125614925134,negative
C18_negative|IK:CZDNLUMNELLDDD-QZFWYPLZSA-N,Streptomyces sp. TLI_053,-0.47091437997286656,3.98454758474181e-07,0.47091437997286656,negative
C18_positive|IK:NJMQSVWMCODQIP-FQXXIRCGSA-N,Pseudomonas protegens,0.4709007975651942,3.988028439210923e-07,0.4709007975651942,positive
C18_positive|IK:NJMQSVWMCODQIP-FQXXIRCGSA-N,Pseudonocardia sp. HH130630-07,-0.47088725403167664,3.991502209242217e-07,0.47088725403167664,negative
C18_positive|IK:KZSNJWFQEVHDMF-BYPYZUCNSA-N,Streptomyces sp. WAC00288,-0.4708832664238326,3.9925255355640094e-07,0.4708832664238326,negative
C18_positive|IK:NJMQSVWMCODQIP-FQXXIRCGSA-N,Pseudomonas putida,0.4708780691934058,3.993859657594992e-07,0.4708780691934058,positive
HILICZ_positive|IK:SIOXPEMLGUPBBT-UHFFFAOYSA-N,Kibdelosporangium phytohabitans,-0.47082333021022965,4.0079368415086377e-07,0.47082333021022965,negative
C18_positive|IK:NGFMICBWJRZIBI-UHFFFAOYSA-N,Streptomyces albus,-0.47081238580732593,4.010757057692535e-07,0.47081238580732593,negative
C18_negative|IK:SMUMBCREXHTKFN-VZOUQOBNSA-N,Streptosporangium sp. 'caverna',-0.47079741475652337,4.014617938772416e-07,0.47079741475652337,negative
C18_positive|IK:KZSNJWFQEVHDMF-BYPYZUCNSA-N,Pseudolabrys taiwanensis,-0.470795244950627,4.0151778025914465e-07,0.470795244950627,negative
C18_negative|IK:NGFMICBWJRZIBI-UHFFFAOYSA-N,Streptomyces olivaceus,-0.4707711934002196,4.021388673041329e-07,0.4707711934002196,negative
HILICZ_positive|IK:SIOXPEMLGUPBBT-UHFFFAOYSA-N,Streptomyces cattleya,-0.4707016803739522,4.0393905139273276e-07,0.4707016803739522,negative
C18_negative|IK:SMUMBCREXHTKFN-VZOUQOBNSA-N,Paludisphaera borealis,-0.4707009229411972,4.039587088096843e-07,0.4707009229411972,negative
HILICZ_negative|IK:AAWZDTNXLSGCEK-LNVDRNJUSA-N,Streptomyces virus Caliburn,0.4706636157242129,4.04928057641306e-07,0.4706636157242129,positive
C18_positive|IK:RCFGIEPQSDGMJJ-UHFFFAOYSA-N,Pseudomonas sp. LAB-08,0.4706464783867853,4.053740757163815e-07,0.4706464783867853,positive
HILICZ_negative|IK:WJAOHEPEBANKEO-UHFFFAOYSA-N,Pseudomonas sp. TKP,-0.4706401387300996,4.0553919056216575e-07,0.4706401387300996,negative
C18_positive|NAME:,Kitasatospora aureofaciens,-0.47064008368310656,4.055406245278812e-07,0.47064008368310656,negative
HILICZ_positive|IK:KWIUHFFTVRNATP-UHFFFAOYSA-N,Pseudomonas reinekei,0.47063497366618,4.056737606769508e-07,0.47063497366618,positive
HILICZ_positive|IK:SIOXPEMLGUPBBT-UHFFFAOYSA-N,Pseudomonas extremorientalis,0.4705956026909882,4.067009243773347e-07,0.4705956026909882,positive
C18_negative|IK:NGFMICBWJRZIBI-UHFFFAOYSA-N,Gemmatirosa kalamazoonesis,-0.47058579669276873,4.0695714091601366e-07,0.47058579669276873,negative
C18_positive|IK:LVFCLUMIBMHAFL-HMUNZLOLSA-N,Streptomyces lavendulae,-0.47051207621953495,4.088882687047811e-07,0.47051207621953495,negative
HILICZ_negative|IK:WJAOHEPEBANKEO-UHFFFAOYSA-N,Streptomyces sp. Z022,0.4704908990790411,4.0944461814334896e-07,0.4704908990790411,positive
C18_positive|IK:UAUDZVJPLUQNMU-KTKRTIGZSA-N,Streptosporangium sp. 'caverna',-0.47049035484201296,4.0945892539636015e-07,0.47049035484201296,negative
C18_positive|IK:FATBGEAMYMYZAF-KTKRTIGZSA-N,Bradyrhizobium lablabi,-0.47045986468008877,4.1026122989406734e-07,0.47045986468008877,negative
HILICZ_positive|IK:KWIUHFFTVRNATP-UHFFFAOYSA-N,Micromonospora inositola,-0.4704580423813525,4.10309228341663e-07,0.4704580423813525,negative
HILICZ_negative|NAME:,Streptomyces anulatus,-0.47043911243536074,4.108081495846691e-07,0.47043911243536074,negative
HILICZ_negative|NAME:,Streptomyces sp. NEAU-S7GS2,-0.4704333202497597,4.109609247075796e-07,0.4704333202497597,negative
HILICZ_positive|IK:KWIUHFFTVRNATP-UHFFFAOYSA-N,Allokutzneria albata,-0.47040859922859424,4.116135755477463e-07,0.47040859922859424,negative
C18_positive|IK:KZSNJWFQEVHDMF-BYPYZUCNSA-N,Micromonospora purpureochromogenes,-0.47039998433156927,4.1184124576062545e-07,0.47039998433156927,negative
HILICZ_positive|IK:KWIUHFFTVRNATP-UHFFFAOYSA-N,Streptomyces cattleya,-0.4703857611066599,4.1221739204234634e-07,0.4703857611066599,negative
C18_positive|IK:RGHHSNMVTDWUBI-UHFFFAOYSA-N,Streptomyces lavendulae,-0.4703195622126879,4.139723836871533e-07,0.4703195622126879,negative
HILICZ_negative|IK:ROJOJPXRGHLGTC-UHFFFAOYSA-N,Nakamurella panacisegetis,0.4702665869782218,4.1538191767792586e-07,0.4702665869782218,positive
HILICZ_negative|NAME:,Kytococcus sedentarius,-0.4702409339790392,4.160661158755082e-07,0.4702409339790392,negative
C18_negative|IK:SMUMBCREXHTKFN-VZOUQOBNSA-N,Pseudomonas corrugata,0.4702385273464615,4.1613035876706767e-07,0.4702385273464615,positive
HILICZ_negative|IK:WJAOHEPEBANKEO-UHFFFAOYSA-N,Streptomyces glaucescens,0.47020492633094657,4.1702829301009454e-07,0.47020492633094657,positive
C18_positive|IK:KZSNJWFQEVHDMF-BYPYZUCNSA-N,Pseudomonas extremorientalis,0.47019957195324413,4.171715503335398e-07,0.47019957195324413,positive
C18_positive|IK:KZSNJWFQEVHDMF-BYPYZUCNSA-N,Pseudomonas fluorescens,0.47019353938246194,4.173330088704615e-07,0.47019353938246194,positive
C18_positive|IK:KZSNJWFQEVHDMF-BYPYZUCNSA-N,Halomonas sp. JS92-SW72,-0.47019103318321304,4.1740010341769203e-07,0.47019103318321304,negative
C18_positive|IK:SIKJAQJRHWYJAI-UHFFFAOYSA-N,Thermomonospora curvata,-0.4701903608469047,4.1741810456876583e-07,0.4701903608469047,negative
C18_positive|IK:ZEYHEAKUIGZSGI-UHFFFAOYSA-N,Janthinobacterium agaricidamnosum,-0.47017446379606326,4.1784394770385093e-07,0.47017446379606326,negative
C18_negative|IK:BJEPYKJPYRNKOW-REOHCLBHSA-N,Micromonospora inositola,-0.4701409941407692,4.1874186824100115e-07,0.4701409941407692,negative
C18_negative|IK:NGFMICBWJRZIBI-UHFFFAOYSA-N,Streptomyces vietnamensis,-0.47014024674243704,4.187619402876028e-07,0.47014024674243704,negative
C18_positive|IK:KZSNJWFQEVHDMF-BYPYZUCNSA-N,Pseudomonas mucidolens,0.4700968841591328,4.199280479625699e-07,0.4700968841591328,positive
C18_positive|IK:UAUDZVJPLUQNMU-KTKRTIGZSA-N,Candidatus Solibacter usitatus,-0.4700963918067674,4.1994130601866534e-07,0.4700963918067674,negative
HILICZ_positive|IK:PUQSUZTXKPLAPR-UJPOAAIJSA-N,Jiangella alkaliphila,-0.47009579244143107,4.1995744625518436e-07,0.47009579244143107,negative
C18_negative|IK:SMUMBCREXHTKFN-VZOUQOBNSA-N,Rhodococcus ruber,-0.4700894847288045,4.2012734164235874e-07,0.4700894847288045,negative
C18_positive|IK:RGHHSNMVTDWUBI-UHFFFAOYSA-N,Micromonospora rifamycinica,-0.4700881116573354,4.2016433335863827e-07,0.4700881116573354,negative
HILICZ_positive|IK:SIOXPEMLGUPBBT-UHFFFAOYSA-N,Saccharothrix espanaensis,-0.4700861607814648,4.2021689694226645e-07,0.4700861607814648,negative
C18_negative|IK:CZDNLUMNELLDDD-QZFWYPLZSA-N,Kutzneria albida,-0.4700830593711733,4.2030047291064506e-07,0.4700830593711733,negative
HILICZ_negative|IK:WJAOHEPEBANKEO-UHFFFAOYSA-N,Variibacter gotjawalensis,0.470077169928768,4.204592235055973e-07,0.470077169928768,positive
HILICZ_positive|IK:KWIUHFFTVRNATP-UHFFFAOYSA-N,Streptomyces sp. NEAU-S7GS2,-0.4700760924757603,4.204882725411913e-07,0.4700760924757603,negative
C18_positive|IK:NJMQSVWMCODQIP-FQXXIRCGSA-N,Pseudomonas lini,0.4700283197791547,4.2177818351952854e-07,0.4700283197791547,positive
HILICZ_positive|IK:SIOXPEMLGUPBBT-UHFFFAOYSA-N,Rhodococcus ruber,-0.4700034876829426,4.22450159848502e-07,0.4700034876829426,negative
HILICZ_negative|IK:DRTQHJPVMGBUCF-UHFFFAOYSA-N,Granulicella mallensis,-0.47000306320836355,4.224616553099865e-07,0.47000306320836355,negative
C18_positive|IK:NGFMICBWJRZIBI-UHFFFAOYSA-N,Blastochloris viridis,-0.4699779777947167,4.231415373037231e-07,0.4699779777947167,negative
C18_positive|IK:KZSNJWFQEVHDMF-BYPYZUCNSA-N,Tessaracoccus sp. T2.5-30,-0.46996654860726506,4.234516436667766e-07,0.46996654860726506,negative
HILICZ_positive|IK:SIOXPEMLGUPBBT-UHFFFAOYSA-N,Pseudomonas sp. LG1E9,0.4699273522062655,4.245167950143577e-07,0.4699273522062655,positive
C18_positive|IK:NGFMICBWJRZIBI-UHFFFAOYSA-N,Burkholderia ambifaria,-0.4699265755939886,4.245379249434726e-07,0.4699265755939886,negative
HILICZ_negative|IK:SLWWJZMPHJJOPH-PHDIDXHHSA-N,Pseudomonas entomophila,0.4699028292080038,4.251844951902544e-07,0.4699028292080038,positive
C18_negative|IK:BJEPYKJPYRNKOW-REOHCLBHSA-N,Streptomyces globosus,-0.46989576940082817,4.25376901122741e-07,0.46989576940082817,negative
C18_positive|IK:NJMQSVWMCODQIP-FQXXIRCGSA-N,Pseudomonas thivervalensis,0.4698935739197454,4.2543675299315455e-07,0.4698935739197454,positive
HILICZ_negative|IK:VRYALKFFQXWPIH-UHFFFAOYSA-N,Streptomyces cattleya,-0.46987771511349513,4.25869323911504e-07,0.46987771511349513,negative
HILICZ_negative|IK:JVQYSWDUAOAHFM-UHFFFAOYSA-N,Actinopolymorpha singaporensis,-0.4698747962247935,4.259489861832953e-07,0.4698747962247935,negative
C18_positive|IK:RGHHSNMVTDWUBI-UHFFFAOYSA-N,Saccharothrix espanaensis,-0.46986637830196787,4.2617880735025e-07,0.46986637830196787,negative
C18_positive|IK:RGHHSNMVTDWUBI-UHFFFAOYSA-N,Micromonospora echinaurantiaca,-0.46985719984195756,4.2642952656207287e-07,0.46985719984195756,negative
C18_positive|IK:UAUDZVJPLUQNMU-KTKRTIGZSA-N,Pseudomonas reinekei,0.46985578592006405,4.2646816177284396e-07,0.46985578592006405,positive
HILICZ_negative|IK:AAWZDTNXLSGCEK-LNVDRNJUSA-N,Pseudomonas thivervalensis,0.46985480013002084,4.264951003112249e-07,0.46985480013002084,positive
C18_positive|IK:UAUDZVJPLUQNMU-KTKRTIGZSA-N,Granulicella mallensis,-0.46985416788485035,4.2651237843253e-07,0.46985416788485035,negative
HILICZ_negative|IK:VRYALKFFQXWPIH-UHFFFAOYSA-N,Streptomyces albireticuli,-0.46984797620246294,4.2668162111939587e-07,0.46984797620246294,negative
C18_positive|IK:UAUDZVJPLUQNMU-KTKRTIGZSA-N,Streptomyces xinghaiensis,-0.46983889744842444,4.2692989408323524e-07,0.46983889744842444,negative
HILICZ_positive|IK:COLNVLDHVKWLRT-QMMMGPOBSA-N,Novosphingobium sp. P6W,0.46983660448219117,4.269926206052297e-07,0.46983660448219117,positive
HILICZ_positive|IK:SIOXPEMLGUPBBT-UHFFFAOYSA-N,Pseudomonas sp. HLS-6,0.46982958489373555,4.2718470334680685e-07,0.46982958489373555,positive
C18_positive|IK:NJMQSVWMCODQIP-FQXXIRCGSA-N,Streptomyces sp. Mg1,-0.46982947929196317,4.271875936414401e-07,0.46982947929196317,negative
C18_negative|IK:SMUMBCREXHTKFN-VZOUQOBNSA-N,Pseudomonas chlororaphis,0.4698070418844308,4.278021216764246e-07,0.4698070418844308,positive
C18_positive|IK:RGHHSNMVTDWUBI-UHFFFAOYSA-N,Streptomyces olivoreticuli,-0.4697770559568254,4.286247045828018e-07,0.4697770559568254,negative
HILICZ_negative|IK:AAWZDTNXLSGCEK-LNVDRNJUSA-N,Streptomyces niveus,-0.4697730675750049,4.2873422826625087e-07,0.4697730675750049,negative
C18_positive|IK:ZEYHEAKUIGZSGI-UHFFFAOYSA-N,Massilia sp. YMA4,-0.4697020701325391,4.3068832311470727e-07,0.4697020701325391,negative
HILICZ_negative|IK:COLNVLDHVKWLRT-QMMMGPOBSA-N,Pseudomonas sp. K2W31S-8,0.46968202783010304,4.3124148674794347e-07,0.46968202783010304,positive
HILICZ_positive|IK:COLNVLDHVKWLRT-QMMMGPOBSA-N,Streptomyces vietnamensis,-0.4696588185597127,4.318829017942688e-07,0.4696588185597127,negative
HILICZ_positive|IK:PUQSUZTXKPLAPR-UJPOAAIJSA-N,Pseudomonas parafulva,0.46965325297017685,4.3203684803175584e-07,0.46965325297017685,positive
C18_positive|IK:FATBGEAMYMYZAF-KTKRTIGZSA-N,Nocardioides sp. CF8,-0.46965173008466243,4.3207898068761287e-07,0.46965173008466243,negative
HILICZ_negative|IK:SLWWJZMPHJJOPH-PHDIDXHHSA-N,Streptomyces venezuelae,-0.4696112777874291,4.331995779801225e-07,0.4696112777874291,negative
HILICZ_negative|IK:VRYALKFFQXWPIH-UHFFFAOYSA-N,Chryseolinea sp. KIS68-18,0.4695851947207016,4.339235872816569e-07,0.4695851947207016,positive
C18_positive|IK:RGHHSNMVTDWUBI-UHFFFAOYSA-N,Streptomyces violaceoruber,-0.46958488317408503,4.33932242085542e-07,0.46958488317408503,negative
HILICZ_positive|IK:RGHHSNMVTDWUBI-UHFFFAOYSA-N,Pseudomonas putida,0.46957867495983363,4.3410474126434294e-07,0.46957867495983363,positive
HILICZ_positive|IK:SIOXPEMLGUPBBT-UHFFFAOYSA-N,Pseudomonas sp. 02C 26,0.46956086800624325,4.3459988041401015e-07,0.46956086800624325,positive
C18_positive|IK:UAUDZVJPLUQNMU-KTKRTIGZSA-N,Granulicella tundricola,-0.4695080172033931,4.3607260940671817e-07,0.4695080172033931,negative
HILICZ_negative|IK:VRYALKFFQXWPIH-UHFFFAOYSA-N,Streptomyces sp. Mg1,-0.469502262310024,4.3623326006276234e-07,0.469502262310024,negative
C18_positive|IK:RGHHSNMVTDWUBI-UHFFFAOYSA-N,Pseudomonas taetrolens,0.46949149948437957,4.365338605698178e-07,0.46949149948437957,positive
HILICZ_positive|IK:COLNVLDHVKWLRT-QMMMGPOBSA-N,Granulicella tundricola,-0.46947625099771795,4.369600804642416e-07,0.46947625099771795,negative
C18_positive|IK:FATBGEAMYMYZAF-KTKRTIGZSA-N,Paludisphaera borealis,-0.46944769731524605,4.377592660604935e-07,0.46944769731524605,negative
C18_negative|IK:BJEPYKJPYRNKOW-REOHCLBHSA-N,Pseudopropionibacterium propionicum,-0.4694253674286292,4.3838522234838786e-07,0.4694253674286292,negative
HILICZ_negative|IK:COLNVLDHVKWLRT-QMMMGPOBSA-N,Pseudomonas umsongensis,0.4694173459631602,4.386102894316469e-07,0.4694173459631602,positive
HILICZ_negative|IK:SLWWJZMPHJJOPH-PHDIDXHHSA-N,Streptomyces pluripotens,-0.46941689769889383,4.386228701147707e-07,0.46941689769889383,negative
C18_positive|IK:FATBGEAMYMYZAF-KTKRTIGZSA-N,Pseudomonas poae,0.46941662514893356,4.3863051948611934e-07,0.46941662514893356,positive
HILICZ_negative|IK:WJAOHEPEBANKEO-UHFFFAOYSA-N,Pseudomonas psychrophila,-0.4694115389416077,4.387732919466207e-07,0.4694115389416077,negative
C18_positive|IK:KZSNJWFQEVHDMF-BYPYZUCNSA-N,Streptomyces sp. 2323.1,-0.46939335747891014,4.392840161768853e-07,0.46939335747891014,negative
C18_positive|IK:SIKJAQJRHWYJAI-UHFFFAOYSA-N,Pseudomonas reinekei,0.4693878479987237,4.394388910864449e-07,0.4693878479987237,positive
HILICZ_negative|IK:VRYALKFFQXWPIH-UHFFFAOYSA-N,Nonomuraea sp. ATCC 55076,-0.4693681265032861,4.399937000171712e-07,0.4693681265032861,negative
C18_negative|IK:BJEPYKJPYRNKOW-REOHCLBHSA-N,Pseudomonas rhizosphaerae,0.46936540106410823,4.4007042493577526e-07,0.46936540106410823,positive
C18_positive|IK:UAUDZVJPLUQNMU-KTKRTIGZSA-N,Kitasatospora setae,-0.46935406313604516,4.40389739934941e-07,0.46935406313604516,negative
HILICZ_negative|NAME:,Kutzneria albida,-0.46934766196713074,4.4057011607926394e-07,0.46934766196713074,negative
HILICZ_negative|NAME:,Streptomyces sp. Mg1,-0.46932263981825467,4.412758797395778e-07,0.46932263981825467,negative
HILICZ_negative|IK:SLWWJZMPHJJOPH-PHDIDXHHSA-N,Pseudomonas taetrolens,0.4693124210674457,4.4156441419223637e-07,0.4693124210674457,positive
HILICZ_positive|IK:COLNVLDHVKWLRT-QMMMGPOBSA-N,Granulicella mallensis,-0.46929868022498256,4.4195268032358415e-07,0.46929868022498256,negative
C18_positive|IK:LVFCLUMIBMHAFL-HMUNZLOLSA-N,Frankia inefficax,-0.46928246466388013,4.4241129035393825e-07,0.46928246466388013,negative
HILICZ_positive|IK:PUQSUZTXKPLAPR-UJPOAAIJSA-N,Streptomyces katrae,-0.4692645309317019,4.4291902054388186e-07,0.4692645309317019,negative
HILICZ_negative|IK:JVQYSWDUAOAHFM-UHFFFAOYSA-N,Sphingobium sp. YG1,0.469234607575784,4.437674275853256e-07,0.469234607575784,positive
HILICZ_positive|IK:COLNVLDHVKWLRT-QMMMGPOBSA-N,Actinomadura amylolytica,-0.4691917553717673,4.4498509193453124e-07,0.4691917553717673,negative
HILICZ_negative|IK:WJAOHEPEBANKEO-UHFFFAOYSA-N,Haliangium ochraceum,0.46916884497965405,4.4563740281022117e-07,0.46916884497965405,positive
HILICZ_negative|IK:JVQYSWDUAOAHFM-UHFFFAOYSA-N,Allokutzneria albata,-0.4691596445895395,4.458996144622709e-07,0.4691596445895395,negative
HILICZ_negative|IK:JVQYSWDUAOAHFM-UHFFFAOYSA-N,Streptosporangium roseum,-0.46914472662231144,4.4632508903230634e-07,0.46914472662231144,negative
C18_positive|IK:MMOXZBCLCQITDF-UHFFFAOYSA-N,Gemmata sp. SH-PL17,0.46913546976101167,4.465892974474418e-07,0.46913546976101167,positive
C18_negative|IK:WJAOHEPEBANKEO-UHFFFAOYSA-N,Massilia sp. NR 4-1,-0.46913067027658883,4.467263423579236e-07,0.46913067027658883,negative
C18_negative|IK:SMUMBCREXHTKFN-VZOUQOBNSA-N,Granulicella mallensis,-0.4690958400993848,4.4772208447877376e-07,0.4690958400993848,negative
C18_positive|IK:FATBGEAMYMYZAF-KTKRTIGZSA-N,Pseudomonas brassicacearum,0.4690471785239234,4.4911677786976466e-07,0.4690471785239234,positive
HILICZ_positive|IK:COLNVLDHVKWLRT-QMMMGPOBSA-N,Streptosporangium sp. 'caverna',-0.46903068851451574,4.4959033527632225e-07,0.46903068851451574,negative
C18_positive|IK:MMOXZBCLCQITDF-UHFFFAOYSA-N,Bradyrhizobium sp. S23321,0.4690268853246889,4.496996219844667e-07,0.4690268853246889,positive
HILICZ_positive|IK:KWIUHFFTVRNATP-UHFFFAOYSA-N,Actinopolymorpha singaporensis,-0.46900827131301565,4.502348698867859e-07,0.46900827131301565,negative
C18_positive|NAME:,Janibacter indicus,-0.4689990932269795,4.5049900953536333e-07,0.4689990932269795,negative
C18_positive|IK:UAUDZVJPLUQNMU-KTKRTIGZSA-N,Streptomyces albulus,-0.4689774638298523,4.5112207280516673e-07,0.4689774638298523,negative
C18_positive|IK:NGFMICBWJRZIBI-UHFFFAOYSA-N,Massilia sp. NR 4-1,0.46896941410193854,4.5135416484862727e-07,0.46896941410193854,positive
HILICZ_positive|IK:COLNVLDHVKWLRT-QMMMGPOBSA-N,Pseudomonas reinekei,0.4689401539224904,4.5219875889852925e-07,0.4689401539224904,positive
C18_positive|IK:MMOXZBCLCQITDF-UHFFFAOYSA-N,Gemmata obscuriglobus,0.4689320978241931,4.5243156144351146e-07,0.4689320978241931,positive
HILICZ_negative|IK:WJAOHEPEBANKEO-UHFFFAOYSA-N,Streptomyces sp. SAT1,0.4689314262674659,4.5245097301650797e-07,0.4689314262674659,positive
HILICZ_positive|IK:COLNVLDHVKWLRT-QMMMGPOBSA-N,Nocardiopsis gilva,-0.46889517211837634,4.535000868721288e-07,0.46889517211837634,negative
HILICZ_negative|IK:VRYALKFFQXWPIH-UHFFFAOYSA-N,Streptomyces olivoreticuli,-0.46888149755522834,4.538963981832872e-07,0.46888149755522834,negative
HILICZ_positive|IK:SIOXPEMLGUPBBT-UHFFFAOYSA-N,Terriglobus roseus,-0.4688727874378821,4.541490032560271e-07,0.4688727874378821,negative
HILICZ_positive|IK:PUQSUZTXKPLAPR-UJPOAAIJSA-N,Pseudopropionibacterium propionicum,-0.4688628106188631,4.5443850852301476e-07,0.4688628106188631,negative
HILICZ_positive|IK:KWIUHFFTVRNATP-UHFFFAOYSA-N,Mesorhizobium amorphae,0.4688402531515837,4.550937231021404e-07,0.4688402531515837,positive
HILICZ_positive|IK:SIOXPEMLGUPBBT-UHFFFAOYSA-N,Pseudomonas versuta,0.4688099106900034,4.559764802565783e-07,0.4688099106900034,positive
C18_negative|IK:CZDNLUMNELLDDD-QZFWYPLZSA-N,Thermobispora bispora,-0.46880978957000713,4.5598000727471175e-07,0.46880978957000713,negative
C18_positive|IK:LVFCLUMIBMHAFL-HMUNZLOLSA-N,Pseudomonas vancouverensis,0.46875444999615545,4.5759421226761973e-07,0.46875444999615545,positive
HILICZ_negative|IK:SLWWJZMPHJJOPH-PHDIDXHHSA-N,Pseudomonas agarici,0.4687201016129834,4.5859885300948276e-07,0.4687201016129834,positive
C18_negative|IK:BJEPYKJPYRNKOW-REOHCLBHSA-N,Paludisphaera borealis,-0.46867928138294784,4.597955115720185e-07,0.46867928138294784,negative
HILICZ_positive|IK:KWIUHFFTVRNATP-UHFFFAOYSA-N,Saccharopolyspora erythraea,-0.4686142028268323,4.6170944927283517e-07,0.4686142028268323,negative
C18_negative|IK:CZDNLUMNELLDDD-QZFWYPLZSA-N,Streptosporangium roseum,-0.4685928512160584,4.623390403859857e-07,0.4685928512160584,negative
C18_positive|IK:LVFCLUMIBMHAFL-HMUNZLOLSA-N,Streptomyces niveus,-0.4685764002682399,4.6282468286863303e-07,0.4685764002682399,negative
HILICZ_negative|IK:WJAOHEPEBANKEO-UHFFFAOYSA-N,Streptomyces vietnamensis,0.46856773937959784,4.630805525699263e-07,0.46856773937959784,positive
C18_negative|IK:BJEPYKJPYRNKOW-REOHCLBHSA-N,Blastochloris viridis,-0.46854654620067226,4.6370723228544574e-07,0.46854654620067226,negative
C18_positive|IK:MMOXZBCLCQITDF-UHFFFAOYSA-N,Pseudomonas sp. S09G 359,-0.46853039406596747,4.6418538999650857e-07,0.46853039406596747,negative
C18_negative|IK:BJEPYKJPYRNKOW-REOHCLBHSA-N,Myxococcus macrosporus,-0.4685302933698401,4.641883724108214e-07,0.4685302933698401,negative
C18_negative|IK:NGFMICBWJRZIBI-UHFFFAOYSA-N,Gemmata obscuriglobus,-0.4685248066371772,4.643509057926132e-07,0.4685248066371772,negative
HILICZ_negative|NAME:,Alloactinosynnema sp. L-07,-0.46852383060314756,4.643798244959949e-07,0.46852383060314756,negative
C18_positive|IK:RCFGIEPQSDGMJJ-UHFFFAOYSA-N,Streptomyces globisporus,-0.4685184747394297,4.645385426997225e-07,0.4685184747394297,negative
C18_negative|IK:SMUMBCREXHTKFN-VZOUQOBNSA-N,Pseudomonas sp. 7SR1,0.46850544545560363,4.6492487393468705e-07,0.46850544545560363,positive
HILICZ_negative|IK:SLWWJZMPHJJOPH-PHDIDXHHSA-N,Pseudomonas lini,0.46846511336125424,4.6612269686392456e-07,0.46846511336125424,positive
C18_positive|IK:RGHHSNMVTDWUBI-UHFFFAOYSA-N,Pseudomonas mendocina,0.4684614983052173,4.6623020350119634e-07,0.4684614983052173,positive
C18_positive|IK:NJMQSVWMCODQIP-FQXXIRCGSA-N,Saccharothrix espanaensis,-0.4684595563285355,4.662879648599903e-07,0.4684595563285355,negative
C18_positive|NAME:,Pseudomonas mediterranea,0.4684580149846213,4.663338148021977e-07,0.4684580149846213,positive
HILICZ_negative|IK:SLWWJZMPHJJOPH-PHDIDXHHSA-N,Streptomyces parvulus,-0.4684399826812452,4.6687053520658676e-07,0.4684399826812452,negative
C18_negative|IK:WJAOHEPEBANKEO-UHFFFAOYSA-N,Bradyrhizobium sp. ORS 3257,0.4684394108682642,4.6688756446599303e-07,0.4684394108682642,positive
HILICZ_negative|IK:AAWZDTNXLSGCEK-LNVDRNJUSA-N,Micromonospora inositola,-0.4684288582335643,4.6720194024640093e-07,0.4684288582335643,negative
C18_positive|IK:KZSNJWFQEVHDMF-BYPYZUCNSA-N,Plantactinospora sp. KBS50,-0.4684193589659655,4.6748510696620026e-07,0.4684193589659655,negative
HILICZ_positive|IK:COLNVLDHVKWLRT-QMMMGPOBSA-N,Streptomyces lydicus,-0.46839614432365545,4.68177806120952e-07,0.46839614432365545,negative
HILICZ_positive|IK:RGHHSNMVTDWUBI-UHFFFAOYSA-N,Pseudomonas silesiensis,0.4683850998882078,4.685077020923448e-07,0.4683850998882078,positive
HILICZ_positive|IK:SIOXPEMLGUPBBT-UHFFFAOYSA-N,Streptomyces albireticuli,-0.4683699120356274,4.6896172218729226e-07,0.4683699120356274,negative
HILICZ_negative|IK:WJAOHEPEBANKEO-UHFFFAOYSA-N,Pseudomonas mandelii,-0.46834985314974154,4.6956199590278366e-07,0.46834985314974154,negative
HILICZ_positive|IK:COLNVLDHVKWLRT-QMMMGPOBSA-N,Candidatus Koribacter versatilis,-0.4683407789601427,4.6983378603552063e-07,0.4683407789601427,negative
HILICZ_positive|IK:SIOXPEMLGUPBBT-UHFFFAOYSA-N,Streptomyces xinghaiensis,-0.4683176705057774,4.705266056988192e-07,0.4683176705057774,negative
C18_positive|IK:RGHHSNMVTDWUBI-UHFFFAOYSA-N,Amycolatopsis mediterranei,-0.4682936696109305,4.7124720948995205e-07,0.4682936696109305,negative
C18_positive|IK:RCFGIEPQSDGMJJ-UHFFFAOYSA-N,Streptomyces fungicidicus,-0.468276704567956,4.7175720104809257e-07,0.468276704567956,negative
HILICZ_negative|IK:SLWWJZMPHJJOPH-PHDIDXHHSA-N,Pseudomonas monteilii,0.46827263599431457,4.7187958567932994e-07,0.46827263599431457,positive
HILICZ_negative|IK:OKVJCVWFVRATSG-UHFFFAOYSA-N,Streptacidiphilus sp. DSM 106435,-0.46825665685656886,4.723605377242611e-07,0.46825665685656886,negative
HILICZ_negative|NAME:,Plantactinospora sp. KBS50,-0.468223447677342,4.733615828165373e-07,0.468223447677342,negative
HILICZ_negative|IK:AAWZDTNXLSGCEK-LNVDRNJUSA-N,Pseudomonas brassicacearum,0.4682105417961375,4.737511565260513e-07,0.4682105417961375,positive
HILICZ_negative|NAME:,Nakamurella panacisegetis,-0.4681629005780139,4.751918820612475e-07,0.4681629005780139,negative
HILICZ_positive|IK:KWIUHFFTVRNATP-UHFFFAOYSA-N,Micromonospora viridifaciens,-0.4681530268810393,4.754909944417505e-07,0.4681530268810393,negative
HILICZ_negative|IK:JVQYSWDUAOAHFM-UHFFFAOYSA-N,Streptosporangium sp. 'caverna',-0.4681332289787275,4.760912883694543e-07,0.4681332289787275,negative
C18_positive|IK:UAUDZVJPLUQNMU-KTKRTIGZSA-N,Paludisphaera borealis,-0.4680894137135963,4.774223762069999e-07,0.4680894137135963,negative
C18_positive|IK:NGFMICBWJRZIBI-UHFFFAOYSA-N,Rhodopseudomonas palustris,-0.4680824594841004,4.776339674253336e-07,0.4680824594841004,negative
HILICZ_negative|IK:SLWWJZMPHJJOPH-PHDIDXHHSA-N,Pseudomonas cedrina,0.4680797740784906,4.77715698128556e-07,0.4680797740784906,positive
C18_positive|IK:SIKJAQJRHWYJAI-UHFFFAOYSA-N,Nonomuraea sp. ATCC 55076,-0.4680458537770781,4.787492120493923e-07,0.4680458537770781,negative
C18_positive|IK:SIKJAQJRHWYJAI-UHFFFAOYSA-N,Thermobispora bispora,-0.46803422204833367,4.79104106826885e-07,0.46803422204833367,negative
C18_positive|IK:FATBGEAMYMYZAF-KTKRTIGZSA-N,Pseudomonas synxantha,0.4679888164725395,4.804918667395088e-07,0.4679888164725395,positive
C18_negative|IK:NGFMICBWJRZIBI-UHFFFAOYSA-N,Streptomyces venezuelae,-0.46798871050480795,4.804951099624453e-07,0.46798871050480795,negative
C18_positive|IK:NJMQSVWMCODQIP-FQXXIRCGSA-N,Pseudolabrys taiwanensis,-0.4679744169765483,4.809327649291861e-07,0.4679744169765483,negative
C18_negative|IK:CZDNLUMNELLDDD-QZFWYPLZSA-N,Streptomyces sp. SCSIO 03032,-0.46793122744966836,4.822574918620248e-07,0.46793122744966836,negative
HILICZ_positive|IK:MMOXZBCLCQITDF-UHFFFAOYSA-N,Kutzneria albida,0.46792965986383145,4.823056386420476e-07,0.46792965986383145,positive
C18_positive|NAME:,Alloactinosynnema sp. L-07,-0.4678809304847992,4.83804590890424e-07,0.4678809304847992,negative
C18_positive|NAME:,Micromonospora viridifaciens,-0.46788037154208933,4.838218100367914e-07,0.46788037154208933,negative
C18_positive|IK:FATBGEAMYMYZAF-KTKRTIGZSA-N,Pseudomonas fulva,0.46787544453206276,4.83973619847989e-07,0.46787544453206276,positive
C18_positive|IK:UAUDZVJPLUQNMU-KTKRTIGZSA-N,Streptomyces virus Amela,0.4678549400958235,4.846058836900181e-07,0.4678549400958235,positive
HILICZ_negative|IK:VRYALKFFQXWPIH-UHFFFAOYSA-N,Micromonospora inositola,-0.4678474305216772,4.848376411940145e-07,0.4678474305216772,negative
HILICZ_positive|IK:SIOXPEMLGUPBBT-UHFFFAOYSA-N,Actinosynnema pretiosum,-0.4678306012079322,4.853574033189888e-07,0.4678306012079322,negative
C18_negative|IK:BJEPYKJPYRNKOW-REOHCLBHSA-N,Micromonospora viridifaciens,-0.46781060515035316,4.859756564403115e-07,0.46781060515035316,negative
C18_positive|IK:LVFCLUMIBMHAFL-HMUNZLOLSA-N,Bradyrhizobium lablabi,-0.4677957888299687,4.864342411066114e-07,0.4677957888299687,negative
HILICZ_negative|IK:SLWWJZMPHJJOPH-PHDIDXHHSA-N,Pseudomonas parafulva,0.4677749687554405,4.870793447552065e-07,0.4677749687554405,positive
C18_positive|IK:ZEYHEAKUIGZSGI-UHFFFAOYSA-N,Massilia armeniaca,-0.46776698035866965,4.873270784974774e-07,0.46776698035866965,negative
C18_negative|IK:BJEPYKJPYRNKOW-REOHCLBHSA-N,Planctomyces sp. SH-PL62,-0.46775729284829476,4.876276652567429e-07,0.46775729284829476,negative
C18_negative|IK:BJEPYKJPYRNKOW-REOHCLBHSA-N,Streptomyces sp. fd1-xmd,-0.46773702236148496,4.882571935741443e-07,0.46773702236148496,negative
HILICZ_positive|IK:SIOXPEMLGUPBBT-UHFFFAOYSA-N,Streptomyces rubrolavendulae,-0.46768736786200915,4.898025476497472e-07,0.46768736786200915,negative
C18_negative|IK:BJEPYKJPYRNKOW-REOHCLBHSA-N,Streptomyces lavendulae,-0.4676835976853423,4.899200732234263e-07,0.4676835976853423,negative
HILICZ_positive|IK:KWIUHFFTVRNATP-UHFFFAOYSA-N,Streptomyces albus,-0.4676388622090904,4.913166334451178e-07,0.4676388622090904,negative
C18_positive|IK:NGFMICBWJRZIBI-UHFFFAOYSA-N,Rhodococcus erythropolis,-0.46762896349178923,4.916261640533661e-07,0.46762896349178923,negative
HILICZ_negative|NAME:,Nocardiopsis gilva,-0.4676178947873376,4.919724993060712e-07,0.4676178947873376,negative
HILICZ_negative|IK:OKVJCVWFVRATSG-UHFFFAOYSA-N,Pseudomonas reinekei,0.46759793344269174,4.925976677006407e-07,0.46759793344269174,positive
C18_positive|IK:SIKJAQJRHWYJAI-UHFFFAOYSA-N,Actinopolymorpha singaporensis,-0.46759144075025993,4.928011746498593e-07,0.46759144075025993,negative
HILICZ_positive|IK:SIOXPEMLGUPBBT-UHFFFAOYSA-N,Halomonas sp. JS92-SW72,-0.46757406138507823,4.933463066183765e-07,0.46757406138507823,negative
C18_positive|IK:NGFMICBWJRZIBI-UHFFFAOYSA-N,Pseudomonas sp. S09G 359,0.46756812828699645,4.935325390053918e-07,0.46756812828699645,positive
HILICZ_negative|IK:VRYALKFFQXWPIH-UHFFFAOYSA-N,Pantoea agglomerans,0.46755832969333216,4.938402506224056e-07,0.46755832969333216,positive
HILICZ_negative|NAME:,Pseudomonas protegens,0.4675451239600272,4.942552472464316e-07,0.4675451239600272,positive
HILICZ_negative|IK:KCOOTJRKKIDHTM-UHFFFAOYSA-N,Frankia inefficax,-0.46752131331176483,4.950043459372756e-07,0.46752131331176483,negative
C18_negative|IK:CZDNLUMNELLDDD-QZFWYPLZSA-N,Streptomyces xiamenensis,-0.46746163983105865,4.968864550517072e-07,0.46746163983105865,negative
C18_positive|IK:RGHHSNMVTDWUBI-UHFFFAOYSA-N,Actinosynnema pretiosum,-0.4674613078610584,4.968969444191787e-07,0.4674613078610584,negative
HILICZ_negative|IK:AAWZDTNXLSGCEK-LNVDRNJUSA-N,Streptomyces virus R4,0.4674571669789016,4.970278029419347e-07,0.4674571669789016,positive
HILICZ_negative|IK:COLNVLDHVKWLRT-QMMMGPOBSA-N,Streptomyces sp. Mg1,-0.46744882041694735,4.972916672128336e-07,0.46744882041694735,negative
HILICZ_positive|IK:SIOXPEMLGUPBBT-UHFFFAOYSA-N,Pseudomonas rhodesiae,0.4674143043903493,4.983842544257702e-07,0.4674143043903493,positive
C18_positive|IK:MMOXZBCLCQITDF-UHFFFAOYSA-N,Pseudomonas lini,-0.46736541127396114,4.999358451682755e-07,0.46736541127396114,negative
HILICZ_negative|IK:VRYALKFFQXWPIH-UHFFFAOYSA-N,Streptomyces violaceoruber,-0.46735231931216026,5.003520882257097e-07,0.46735231931216026,negative
HILICZ_negative|IK:AAWZDTNXLSGCEK-LNVDRNJUSA-N,Streptomyces hundungensis,-0.4673471394156035,5.005168676479794e-07,0.4673471394156035,negative
C18_positive|IK:MMOXZBCLCQITDF-UHFFFAOYSA-N,Nakamurella multipartita,0.46733894193640385,5.007777457622077e-07,0.46733894193640385,positive
HILICZ_negative|IK:AAWZDTNXLSGCEK-LNVDRNJUSA-N,Streptomyces bingchenggensis,-0.46730514340464574,5.018547215438979e-07,0.46730514340464574,negative
C18_negative|IK:SMUMBCREXHTKFN-VZOUQOBNSA-N,Pseudonocardia sp. HH130630-07,-0.4672781265229148,5.027171850552955e-07,0.4672781265229148,negative
HILICZ_positive|IK:COLNVLDHVKWLRT-QMMMGPOBSA-N,Pseudomonas monteilii,0.46725856300666707,5.033425926128712e-07,0.46725856300666707,positive
HILICZ_negative|NAME:,Nocardiopsis dassonvillei,-0.4672523728501515,5.035406337714208e-07,0.4672523728501515,negative
C18_positive|IK:RCFGIEPQSDGMJJ-UHFFFAOYSA-N,Streptomyces sp. SM18,-0.4672392418869651,5.039609766728639e-07,0.4672392418869651,negative
HILICZ_negative|NAME:,Rhodococcus sp. MTM3W5.2,-0.46722689672408335,5.043564688824849e-07,0.46722689672408335,negative
C18_positive|IK:RGHHSNMVTDWUBI-UHFFFAOYSA-N,Tessaracoccus sp. T2.5-30,-0.46722044401139523,5.045633066537882e-07,0.46722044401139523,negative
HILICZ_negative|IK:ODHCTXKNWHHXJC-UHFFFAOYSA-N,Intrasporangium calvum,-0.46721819975307527,5.046352638723906e-07,0.46721819975307527,negative
C18_positive|IK:UAUDZVJPLUQNMU-KTKRTIGZSA-N,Streptomyces sp. Mg1,-0.4671918530281026,5.054807431758573e-07,0.4671918530281026,negative
C18_positive|IK:NGFMICBWJRZIBI-UHFFFAOYSA-N,Pseudomonas tolaasii,0.46717284754288485,5.060914738493047e-07,0.46717284754288485,positive
C18_negative|IK:BJEPYKJPYRNKOW-REOHCLBHSA-N,Streptomyces xinghaiensis,-0.467121184424811,5.077551842019733e-07,0.467121184424811,negative
HILICZ_negative|IK:VRYALKFFQXWPIH-UHFFFAOYSA-N,Streptomyces sp. fd1-xmd,-0.46710906601876245,5.081461855747632e-07,0.46710906601876245,negative
C18_positive|IK:RGHHSNMVTDWUBI-UHFFFAOYSA-N,Streptomyces sp. 2323.1,-0.467094113554171,5.086290223009339e-07,0.467094113554171,negative
C18_positive|NAME:,Amycolatopsis albispora,-0.4670850622945079,5.089215123209495e-07,0.4670850622945079,negative
C18_negative|IK:CZDNLUMNELLDDD-QZFWYPLZSA-N,Nonomuraea sp. ATCC 55076,-0.4670497737372521,5.100633830989457e-07,0.4670497737372521,negative
C18_positive|IK:UAUDZVJPLUQNMU-KTKRTIGZSA-N,Streptomyces albireticuli,-0.46704131763487533,5.103373678110916e-07,0.46704131763487533,negative
HILICZ_positive|IK:RGHHSNMVTDWUBI-UHFFFAOYSA-N,Pseudomonas vancouverensis,0.4670052975391244,5.115060157416266e-07,0.4670052975391244,positive
C18_positive|IK:RCFGIEPQSDGMJJ-UHFFFAOYSA-N,Streptomyces sp. 4F,-0.4669850383979013,5.12164426665217e-07,0.4669850383979013,negative
HILICZ_negative|IK:WJAOHEPEBANKEO-UHFFFAOYSA-N,Pseudomonas sp. HLS-6,-0.4669513909205685,5.132597305419095e-07,0.4669513909205685,negative
C18_positive|IK:SIKJAQJRHWYJAI-UHFFFAOYSA-N,Pseudomonas sp. UW4,0.4668804234850159,5.155771868079942e-07,0.4668804234850159,positive
C18_positive|IK:KZSNJWFQEVHDMF-BYPYZUCNSA-N,Micromonospora echinaurantiaca,-0.4668576744847494,5.163221616608492e-07,0.4668576744847494,negative
C18_negative|IK:NGFMICBWJRZIBI-UHFFFAOYSA-N,Streptomyces virus Amela,0.466848529899328,5.166219128185826e-07,0.466848529899328,positive
HILICZ_negative|NAME:,Streptomyces globisporus,-0.46683330569750403,5.171213149961291e-07,0.46683330569750403,negative
C18_negative|IK:NGFMICBWJRZIBI-UHFFFAOYSA-N,Streptomyces hundungensis,-0.4668196063356596,5.17571089559167e-07,0.4668196063356596,negative
C18_positive|NAME:,Streptosporangium sp. 'caverna',-0.4668150944211037,5.177193051248317e-07,0.4668150944211037,negative
C18_negative|IK:BJEPYKJPYRNKOW-REOHCLBHSA-N,Kutzneria albida,-0.46680432697355956,5.180731767482268e-07,0.46680432697355956,negative
C18_negative|IK:SMUMBCREXHTKFN-VZOUQOBNSA-N,Frankia inefficax,-0.4667945440417923,5.183948915250434e-07,0.4667945440417923,negative
C18_negative|IK:BJEPYKJPYRNKOW-REOHCLBHSA-N,Jiangella sp. DSM 45060,-0.46677944590533504,5.188917709679088e-07,0.46677944590533504,negative
C18_positive|IK:FATBGEAMYMYZAF-KTKRTIGZSA-N,Oligotropha carboxidovorans,-0.4667708860558886,5.191736764148503e-07,0.4667708860558886,negative
HILICZ_negative|NAME:,Saccharopolyspora erythraea,-0.46676791981668864,5.192713988704778e-07,0.46676791981668864,negative
C18_positive|NAME:,Pseudomonas chlororaphis,0.4667578971627267,5.196017234960908e-07,0.4667578971627267,positive
HILICZ_negative|NAME:,Streptomyces sp. WAC00288,-0.4667072841829678,5.212728674697092e-07,0.4667072841829678,negative
HILICZ_negative|NAME:,Streptomyces sp. fd1-xmd,-0.46670591906179515,5.21318011800995e-07,0.46670591906179515,negative
C18_positive|IK:RCFGIEPQSDGMJJ-UHFFFAOYSA-N,Streptomyces olivaceus,-0.4666967334150565,5.216218762088336e-07,0.4666967334150565,negative
C18_positive|IK:KZSNJWFQEVHDMF-BYPYZUCNSA-N,Pseudomonas chlororaphis,0.4666824931695866,5.220932811378499e-07,0.4666824931695866,positive
C18_negative|IK:BJEPYKJPYRNKOW-REOHCLBHSA-N,Streptomyces albireticuli,-0.4666796315298509,5.221880608466855e-07,0.4666796315298509,negative
HILICZ_negative|IK:JVQYSWDUAOAHFM-UHFFFAOYSA-N,Nonomuraea sp. ATCC 55076,-0.4666675736458795,5.225876068041153e-07,0.4666675736458795,negative
HILICZ_positive|IK:COLNVLDHVKWLRT-QMMMGPOBSA-N,Streptomyces gilvosporeus,-0.4666647488363041,5.226812507145902e-07,0.4666647488363041,negative
HILICZ_negative|IK:VRYALKFFQXWPIH-UHFFFAOYSA-N,Streptomyces katrae,-0.4666375518939386,5.235836594599966e-07,0.4666375518939386,negative
HILICZ_negative|IK:SLWWJZMPHJJOPH-PHDIDXHHSA-N,Pseudomonas chlororaphis,0.4666060407937298,5.246310650238996e-07,0.4666060407937298,positive
HILICZ_positive|IK:PUQSUZTXKPLAPR-UJPOAAIJSA-N,Actinoplanes missouriensis,-0.46659044315882525,5.251502549829145e-07,0.46659044315882525,negative
C18_positive|IK:RGHHSNMVTDWUBI-UHFFFAOYSA-N,Pseudomonas fulva,0.4665484704651551,5.265498021277742e-07,0.4665484704651551,positive
C18_positive|NAME:,Kytococcus sedentarius,-0.46654502487791094,5.266648498135339e-07,0.46654502487791094,negative
HILICZ_positive|IK:SIOXPEMLGUPBBT-UHFFFAOYSA-N,Pseudomonas tolaasii,0.4665288186971657,5.272062923275242e-07,0.4665288186971657,positive
HILICZ_negative|IK:AAWZDTNXLSGCEK-LNVDRNJUSA-N,Streptomyces globisporus,-0.4664913958247892,5.284585976629888e-07,0.4664913958247892,negative
C18_positive|IK:UAUDZVJPLUQNMU-KTKRTIGZSA-N,Friedmanniella sagamiharensis,-0.466401753981736,5.314698407520779e-07,0.466401753981736,negative
C18_positive|IK:KZSNJWFQEVHDMF-BYPYZUCNSA-N,Streptomyces lydicus,-0.46635819640950865,5.329389012463956e-07,0.46635819640950865,negative
C18_positive|IK:KZSNJWFQEVHDMF-BYPYZUCNSA-N,Burkholderia pseudomallei,-0.4663565897665896,5.329931619747257e-07,0.4663565897665896,negative
C18_positive|IK:KZSNJWFQEVHDMF-BYPYZUCNSA-N,Pseudomonas sp. LBUM920,0.4663466082114818,5.333303840026214e-07,0.4663466082114818,positive
HILICZ_negative|IK:SLWWJZMPHJJOPH-PHDIDXHHSA-N,Pseudomonas sp. Z003-0.4C(8344-21),0.4662916961076743,5.351891903378284e-07,0.4662916961076743,positive
C18_positive|IK:FATBGEAMYMYZAF-KTKRTIGZSA-N,Pseudomonas mendocina,0.4662883008451595,5.353043237105527e-07,0.4662883008451595,positive
C18_positive|IK:NJMQSVWMCODQIP-FQXXIRCGSA-N,Gordonia bronchialis,-0.46628312741483136,5.354798000023749e-07,0.46628312741483136,negative
HILICZ_negative|IK:AAWZDTNXLSGCEK-LNVDRNJUSA-N,Streptomyces vietnamensis,-0.46626455667179206,5.361101466108364e-07,0.46626455667179206,negative
C18_negative|IK:BJEPYKJPYRNKOW-REOHCLBHSA-N,Streptomyces katrae,-0.4662609067175865,5.362341198338837e-07,0.4662609067175865,negative
HILICZ_negative|IK:SLWWJZMPHJJOPH-PHDIDXHHSA-N,Pseudomonas antarctica,0.466252277115078,5.365273385746593e-07,0.466252277115078,positive
HILICZ_negative|IK:AAWZDTNXLSGCEK-LNVDRNJUSA-N,Thermobispora bispora,-0.46619773323279756,5.38384170391572e-07,0.46619773323279756,negative
C18_positive|IK:RCFGIEPQSDGMJJ-UHFFFAOYSA-N,Streptomyces sp. SirexAA-E,-0.4661791472095756,5.390182856825648e-07,0.4661791472095756,negative
C18_negative|IK:WJAOHEPEBANKEO-UHFFFAOYSA-N,Bradyrhizobium sp. 2 39S1MB,0.46617359203844877,5.392079538879168e-07,0.46617359203844877,positive
C18_positive|NAME:,Amycolatopsis sp. AA4,-0.46616394300678776,5.395375479947056e-07,0.46616394300678776,negative
HILICZ_negative|IK:ODHCTXKNWHHXJC-UHFFFAOYSA-N,Streptomyces virus Caliburn,0.46614887829523766,5.400525149420798e-07,0.46614887829523766,positive
HILICZ_negative|IK:JVQYSWDUAOAHFM-UHFFFAOYSA-N,Pseudomonas sp. UW4,0.4661417316084158,5.402969780884558e-07,0.4661417316084158,positive
HILICZ_positive|IK:KWIUHFFTVRNATP-UHFFFAOYSA-N,Rhodococcus ruber,-0.46611524283760236,5.412039833638606e-07,0.46611524283760236,negative
HILICZ_negative|NAME:,Pseudomonas azotoformans,0.4661106958335421,5.413598232604524e-07,0.4661106958335421,positive
C18_negative|IK:SMUMBCREXHTKFN-VZOUQOBNSA-N,Streptomyces rubrolavendulae,-0.4661055850735971,5.415350356947429e-07,0.4661055850735971,negative
HILICZ_positive|IK:COLNVLDHVKWLRT-QMMMGPOBSA-N,Nocardiopsis dassonvillei,-0.46610201758776443,5.41657371908279e-07,0.46610201758776443,negative
C18_negative|NAME:,Chryseolinea sp. KIS68-18,0.466099620447197,5.417395893908631e-07,0.466099620447197,positive
HILICZ_negative|IK:SLWWJZMPHJJOPH-PHDIDXHHSA-N,Nitrobacter hamburgensis,-0.4660565541046289,5.432187062737313e-07,0.4660565541046289,negative
C18_positive|IK:FATBGEAMYMYZAF-KTKRTIGZSA-N,Pseudomonas sp. K2W31S-8,0.4660501145264783,5.434402034863348e-07,0.4660501145264783,positive
HILICZ_positive|IK:PUQSUZTXKPLAPR-UJPOAAIJSA-N,Opitutus sp. GAS368,-0.46604907005704943,5.434761373818516e-07,0.46604907005704943,negative
C18_positive|IK:KZSNJWFQEVHDMF-BYPYZUCNSA-N,Gordonia bronchialis,-0.46599229391489355,5.454328615069712e-07,0.46599229391489355,negative
C18_positive|IK:KZSNJWFQEVHDMF-BYPYZUCNSA-N,Nakamurella panacisegetis,-0.4659885005224308,5.455638345945813e-07,0.4659885005224308,negative
C18_negative|NAME:,Halomonas sp. JS92-SW72,-0.46598750871314654,5.455980833605088e-07,0.46598750871314654,negative
C18_positive|IK:NGFMICBWJRZIBI-UHFFFAOYSA-N,Pseudomonas palleroniana,0.4659584143459185,5.466036676611796e-07,0.4659584143459185,positive
C18_positive|IK:KZSNJWFQEVHDMF-BYPYZUCNSA-N,Saccharothrix espanaensis,-0.4659180070567768,5.480031794518136e-07,0.4659180070567768,negative
HILICZ_negative|IK:VRYALKFFQXWPIH-UHFFFAOYSA-N,Streptomyces virus R4,0.46590756469550576,5.48365405066643e-07,0.46590756469550576,positive
C18_positive|IK:LVFCLUMIBMHAFL-HMUNZLOLSA-N,Streptomyces olivoreticuli,-0.4659057753026949,5.484274985132146e-07,0.4659057753026949,negative
HILICZ_negative|NAME:,Streptomyces albus,-0.4659028518166907,5.485289603234073e-07,0.4659028518166907,negative
HILICZ_negative|IK:AAWZDTNXLSGCEK-LNVDRNJUSA-N,Pseudomonas reinekei,0.46589765140039646,5.487094888028179e-07,0.46589765140039646,positive
C18_positive|IK:RGHHSNMVTDWUBI-UHFFFAOYSA-N,Opitutus sp. GAS368,-0.465878640015462,5.493699348878681e-07,0.465878640015462,negative
HILICZ_negative|IK:JVQYSWDUAOAHFM-UHFFFAOYSA-N,Saccharopolyspora erythraea,-0.4658731051598101,5.495623548945783e-07,0.4658731051598101,negative
HILICZ_negative|IK:KCOOTJRKKIDHTM-UHFFFAOYSA-N,Frankia sp. QA3,-0.4658591985300241,5.500461032868818e-07,0.4658591985300241,negative
C18_positive|IK:SIKJAQJRHWYJAI-UHFFFAOYSA-N,Streptosporangium roseum,-0.46583104793327795,5.510265727875814e-07,0.46583104793327795,negative
C18_positive|IK:KZSNJWFQEVHDMF-BYPYZUCNSA-N,Pseudomonas extremaustralis,0.46582824244144116,5.5112437740653e-07,0.46582824244144116,positive
HILICZ_negative|NAME:,Thermobispora bispora,-0.4658243801825122,5.51259049850567e-07,0.4658243801825122,negative
C18_positive|IK:KZSNJWFQEVHDMF-BYPYZUCNSA-N,Amycolatopsis albispora,-0.4658008567902292,5.520799581612553e-07,0.4658008567902292,negative
C18_negative|IK:SMUMBCREXHTKFN-VZOUQOBNSA-N,Actinosynnema pretiosum,-0.46577491972629603,5.529864435565383e-07,0.46577491972629603,negative
HILICZ_negative|IK:SLWWJZMPHJJOPH-PHDIDXHHSA-N,Pseudomonas orientalis,0.4657481971711863,5.539218598979467e-07,0.4657481971711863,positive
C18_negative|IK:SMUMBCREXHTKFN-VZOUQOBNSA-N,Pseudomonas aeruginosa,0.4657451965987157,5.540269879878987e-07,0.4657451965987157,positive
C18_positive|IK:LVFCLUMIBMHAFL-HMUNZLOLSA-N,Janibacter indicus,-0.4657226756416561,5.548166376047794e-07,0.4657226756416561,negative
C18_positive|IK:KZSNJWFQEVHDMF-BYPYZUCNSA-N,Pseudomonas sp. NC02,0.465715137203919,5.55081195658422e-07,0.465715137203919,positive
C18_negative|IK:BJEPYKJPYRNKOW-REOHCLBHSA-N,Streptomyces olivoreticuli,-0.46568220626520307,5.562382976334189e-07,0.46568220626520307,negative
HILICZ_negative|IK:OKVJCVWFVRATSG-UHFFFAOYSA-N,Streptomyces xiamenensis,-0.46566726387692847,5.567640870441705e-07,0.46566726387692847,negative
HILICZ_negative|IK:JVQYSWDUAOAHFM-UHFFFAOYSA-N,Streptomyces xinghaiensis,-0.4656467119287448,5.57488035588114e-07,0.4656467119287448,negative
HILICZ_positive|IK:KWIUHFFTVRNATP-UHFFFAOYSA-N,Homo sapiens,-0.46564214013436594,5.576491999388147e-07,0.46564214013436594,negative
C18_negative|IK:SMUMBCREXHTKFN-VZOUQOBNSA-N,Planctomyces sp. SH-PL62,-0.46564154047143064,5.576703424677192e-07,0.46564154047143064,negative
C18_negative|IK:SMUMBCREXHTKFN-VZOUQOBNSA-N,Kibdelosporangium phytohabitans,-0.46559058626675043,5.594696364676591e-07,0.46559058626675043,negative
C18_positive|IK:KZSNJWFQEVHDMF-BYPYZUCNSA-N,Pseudomonas tolaasii,0.4655701266374281,5.601936568797765e-07,0.4655701266374281,positive
C18_positive|IK:RGHHSNMVTDWUBI-UHFFFAOYSA-N,Paludisphaera borealis,-0.46555948089830956,5.6057073762823e-07,0.46555948089830956,negative
HILICZ_negative|IK:VRYALKFFQXWPIH-UHFFFAOYSA-N,Streptomyces lydicus,-0.4654877904912896,5.63116355346837e-07,0.4654877904912896,negative
HILICZ_negative|IK:WJAOHEPEBANKEO-UHFFFAOYSA-N,Streptomyces roseochromogenus,0.4654629282101107,5.640017385000194e-07,0.4654629282101107,positive
HILICZ_positive|IK:COLNVLDHVKWLRT-QMMMGPOBSA-N,Streptosporangium roseum,-0.4654497743786155,5.64470700825286e-07,0.4654497743786155,negative
C18_positive|IK:FATBGEAMYMYZAF-KTKRTIGZSA-N,Pseudomonas sp. 7SR1,0.4654044401816306,5.660898015994875e-07,0.4654044401816306,positive
HILICZ_negative|IK:AAWZDTNXLSGCEK-LNVDRNJUSA-N,Streptomyces olivaceus,-0.4653986388812383,5.662973118084707e-07,0.4653986388812383,negative
HILICZ_negative|IK:KCOOTJRKKIDHTM-UHFFFAOYSA-N,Frankia alni,-0.46539265414692704,5.665114590825357e-07,0.46539265414692704,negative
HILICZ_positive|IK:PUQSUZTXKPLAPR-UJPOAAIJSA-N,Gordonia bronchialis,-0.4653814380396013,5.669130038248775e-07,0.4653814380396013,negative
HILICZ_positive|IK:SIOXPEMLGUPBBT-UHFFFAOYSA-N,Pseudomonas syringae,0.46536474214930945,5.67511229468073e-07,0.46536474214930945,positive
HILICZ_negative|IK:AAWZDTNXLSGCEK-LNVDRNJUSA-N,Streptomyces venezuelae,-0.4653354470321307,5.685623435785296e-07,0.4653354470321307,negative
HILICZ_negative|IK:DRTQHJPVMGBUCF-UHFFFAOYSA-N,Streptacidiphilus sp. DSM 106435,-0.4653140917630449,5.693297394264586e-07,0.4653140917630449,negative
C18_negative|IK:BJEPYKJPYRNKOW-REOHCLBHSA-N,Streptomyces sp. WAC00288,-0.4653042143018424,5.69685015967087e-07,0.4653042143018424,negative
C18_negative|IK:BJEPYKJPYRNKOW-REOHCLBHSA-N,Intrasporangium calvum,-0.46530002984707763,5.69835587623786e-07,0.46530002984707763,negative
C18_positive|IK:RCFGIEPQSDGMJJ-UHFFFAOYSA-N,Pseudomonas umsongensis,0.46529710975603095,5.699406853400803e-07,0.46529710975603095,positive
HILICZ_positive|IK:PUQSUZTXKPLAPR-UJPOAAIJSA-N,Tessaracoccus sp. T2.5-30,-0.4652900076821161,5.701963746742716e-07,0.4652900076821161,negative
C18_positive|IK:RCFGIEPQSDGMJJ-UHFFFAOYSA-N,Streptomyces venezuelae,-0.4652879482215194,5.702705398845701e-07,0.4652879482215194,negative
C18_positive|IK:FATBGEAMYMYZAF-KTKRTIGZSA-N,Lacunisphaera limnophila,-0.46528040614888916,5.705422229143287e-07,0.46528040614888916,negative
C18_positive|NAME:,Catenulispora acidiphila,-0.46520115402257084,5.734045116735299e-07,0.46520115402257084,negative
HILICZ_positive|IK:SIOXPEMLGUPBBT-UHFFFAOYSA-N,Paludisphaera borealis,-0.4651986755084621,5.734942458282931e-07,0.4651986755084621,negative
HILICZ_positive|IK:COLNVLDHVKWLRT-QMMMGPOBSA-N,Pseudomonas thivervalensis,0.46519799496136993,5.735188872462817e-07,0.46519799496136993,positive
HILICZ_positive|IK:SIOXPEMLGUPBBT-UHFFFAOYSA-N,Granulicella mallensis,-0.4650879481405381,5.775167450219056e-07,0.4650879481405381,negative
HILICZ_negative|NAME:,Amycolatopsis sp. AA4,-0.46503888238560426,5.793077582030972e-07,0.46503888238560426,negative
HILICZ_positive|IK:SIOXPEMLGUPBBT-UHFFFAOYSA-N,Pseudolabrys taiwanensis,-0.46502903338580426,5.796679045341921e-07,0.46502903338580426,negative
C18_negative|IK:WJAOHEPEBANKEO-UHFFFAOYSA-N,Janthinobacterium agaricidamnosum,-0.46501782953764237,5.800778518470939e-07,0.46501782953764237,negative
HILICZ_negative|NAME:,Pseudomonas sp. LAB-08,0.46495980033730566,5.822055424673138e-07,0.46495980033730566,positive
C18_positive|IK:MMOXZBCLCQITDF-UHFFFAOYSA-N,Pseudorhodoplanes sinuspersici,0.4649417187243391,5.828700334841373e-07,0.4649417187243391,positive
HILICZ_negative|IK:KCOOTJRKKIDHTM-UHFFFAOYSA-N,Intrasporangium calvum,-0.46490033677150266,5.843935128404369e-07,0.46490033677150266,negative
C18_positive|IK:RCFGIEPQSDGMJJ-UHFFFAOYSA-N,Streptomyces parvulus,-0.4648968670691771,5.845214218482713e-07,0.4648968670691771,negative
HILICZ_positive|IK:KWIUHFFTVRNATP-UHFFFAOYSA-N,Alloactinosynnema sp. L-07,-0.4648753801613454,5.853141193239823e-07,0.4648753801613454,negative
C18_positive|IK:NGFMICBWJRZIBI-UHFFFAOYSA-N,Actinoplanes teichomyceticus,-0.46487106124500777,5.854735764615591e-07,0.46487106124500777,negative
C18_positive|IK:MMOXZBCLCQITDF-UHFFFAOYSA-N,Rhizobium leguminosarum,-0.4648690340828073,5.855484348045377e-07,0.4648690340828073,negative
HILICZ_positive|IK:PUQSUZTXKPLAPR-UJPOAAIJSA-N,Pseudomonas monteilii,0.4648578540054629,5.859614521575344e-07,0.4648578540054629,positive
C18_positive|IK:NJMQSVWMCODQIP-FQXXIRCGSA-N,Nocardioides sp. 78,-0.4648556240487147,5.860438648931547e-07,0.4648556240487147,negative
HILICZ_positive|IK:PUQSUZTXKPLAPR-UJPOAAIJSA-N,Pseudomonas cichorii,0.4648283265393124,5.870535942256989e-07,0.4648283265393124,positive
C18_positive|IK:UAUDZVJPLUQNMU-KTKRTIGZSA-N,Pseudolabrys taiwanensis,-0.46482213473863593,5.872828574450497e-07,0.46482213473863593,negative
HILICZ_positive|IK:KWIUHFFTVRNATP-UHFFFAOYSA-N,Rhizobium leguminosarum,0.46482037157701483,5.873481574160405e-07,0.46482037157701483,positive
HILICZ_positive|IK:PUQSUZTXKPLAPR-UJPOAAIJSA-N,Pantoea agglomerans,0.4647631806851107,5.894700067222593e-07,0.4647631806851107,positive
C18_positive|IK:RGHHSNMVTDWUBI-UHFFFAOYSA-N,Pseudomonas poae,0.46475634711079505,5.897240266814361e-07,0.46475634711079505,positive
C18_positive|IK:RGHHSNMVTDWUBI-UHFFFAOYSA-N,Gordonia bronchialis,-0.4647411309547796,5.902900203270396e-07,0.4647411309547796,negative
HILICZ_negative|IK:ODHCTXKNWHHXJC-UHFFFAOYSA-N,Streptacidiphilus sp. DSM 106435,-0.46474090080977654,5.902985849638577e-07,0.46474090080977654,negative
HILICZ_positive|IK:COLNVLDHVKWLRT-QMMMGPOBSA-N,Thermobispora bispora,-0.46473441002064736,5.905401823769871e-07,0.46473441002064736,negative
HILICZ_negative|IK:JVQYSWDUAOAHFM-UHFFFAOYSA-N,Burkholderia multivorans,-0.46472587423756573,5.908580406362125e-07,0.46472587423756573,negative
C18_negative|IK:BJEPYKJPYRNKOW-REOHCLBHSA-N,Dinoroseobacter shibae,-0.4646877845099208,5.922784194779124e-07,0.4646877845099208,negative
C18_positive|IK:NGFMICBWJRZIBI-UHFFFAOYSA-N,Pseudomonas granadensis,0.46465042501178067,5.936747173152955e-07,0.46465042501178067,positive
C18_positive|NAME:,Pseudomonas sp. 7SR1,0.4646470017053739,5.938028183901352e-07,0.4646470017053739,positive
HILICZ_negative|IK:WJAOHEPEBANKEO-UHFFFAOYSA-N,Chondromyces crocatus,0.464602945256919,5.954537673681115e-07,0.464602945256919,positive
HILICZ_negative|IK:SLWWJZMPHJJOPH-PHDIDXHHSA-N,Pseudomonas granadensis,0.4645946177146038,5.957663188977176e-07,0.4645946177146038,positive
C18_negative|IK:SMUMBCREXHTKFN-VZOUQOBNSA-N,Pseudomonas taetrolens,0.46458329058290226,5.961917018983524e-07,0.46458329058290226,positive
C18_positive|IK:RGHHSNMVTDWUBI-UHFFFAOYSA-N,Nitrobacter hamburgensis,-0.46457907487569094,5.963500936547233e-07,0.46457907487569094,negative
HILICZ_negative|IK:SLWWJZMPHJJOPH-PHDIDXHHSA-N,Streptomyces sp. CB09001,-0.4645190268512984,5.986105496176103e-07,0.4645190268512984,negative
C18_positive|IK:NJMQSVWMCODQIP-FQXXIRCGSA-N,Streptomyces xinghaiensis,-0.4645028345647616,5.992214856944389e-07,0.4645028345647616,negative
HILICZ_positive|IK:PUQSUZTXKPLAPR-UJPOAAIJSA-N,Pseudomonas aeruginosa,0.4644865917299991,5.998349238100958e-07,0.4644865917299991,positive
HILICZ_positive|IK:SIOXPEMLGUPBBT-UHFFFAOYSA-N,Frankia sp. EAN1pec,-0.4644239293422696,6.022070675174549e-07,0.4644239293422696,negative
HILICZ_positive|IK:MMOXZBCLCQITDF-UHFFFAOYSA-N,Frankia sp. EAN1pec,0.46438246542454825,6.037816178465273e-07,0.46438246542454825,positive
HILICZ_negative|IK:SLWWJZMPHJJOPH-PHDIDXHHSA-N,Pseudomonas kribbensis,0.4643770283326814,6.039883756020672e-07,0.4643770283326814,positive
C18_positive|IK:NJMQSVWMCODQIP-FQXXIRCGSA-N,Halomonas sp. JS92-SW72,-0.4643657668255288,6.044168338301183e-07,0.4643657668255288,negative
HILICZ_negative|NAME:,Rhodococcus ruber,-0.4643467263385236,6.051419097532638e-07,0.4643467263385236,negative
HILICZ_negative|NAME:,Singulisphaera acidiphila,-0.4643405325898231,6.053779503065515e-07,0.4643405325898231,negative
C18_negative|IK:SMUMBCREXHTKFN-VZOUQOBNSA-N,Jiangella alkaliphila,-0.46427952103689596,6.077077460461633e-07,0.46427952103689596,negative
C18_positive|IK:RGHHSNMVTDWUBI-UHFFFAOYSA-N,Pseudomonas fragi,0.4642751413212012,6.07875317607234e-07,0.4642751413212012,positive
HILICZ_positive|IK:KWIUHFFTVRNATP-UHFFFAOYSA-N,Kibdelosporangium phytohabitans,-0.4642669189785902,6.0819002978388e-07,0.4642669189785902,negative
HILICZ_positive|IK:COLNVLDHVKWLRT-QMMMGPOBSA-N,Pseudomonas parafulva,0.4642022409070507,6.106709996763116e-07,0.4642022409070507,positive
C18_negative|IK:BJEPYKJPYRNKOW-REOHCLBHSA-N,Methylorubrum extorquens,-0.4641990692653143,6.107929067329101e-07,0.4641990692653143,negative
HILICZ_negative|IK:SLWWJZMPHJJOPH-PHDIDXHHSA-N,Streptomyces violaceusniger,-0.46418277831455007,6.114194394183105e-07,0.46418277831455007,negative
HILICZ_negative|IK:JVQYSWDUAOAHFM-UHFFFAOYSA-N,Granulicella mallensis,-0.4641801643977113,6.115200246848703e-07,0.4641801643977113,negative
C18_positive|NAME:,Kitasatospora setae,-0.4641541677904203,6.125212471118656e-07,0.4641541677904203,negative
C18_positive|IK:RCFGIEPQSDGMJJ-UHFFFAOYSA-N,Pseudomonas reinekei,0.4641483429017054,6.127457977963981e-07,0.4641483429017054,positive
HILICZ_negative|IK:SLWWJZMPHJJOPH-PHDIDXHHSA-N,Pseudomonas rhodesiae,0.4641368347572678,6.131896689823177e-07,0.4641368347572678,positive
C18_positive|IK:FATBGEAMYMYZAF-KTKRTIGZSA-N,Nocardia brasiliensis,-0.46411527957728305,6.140218777661229e-07,0.46411527957728305,negative
HILICZ_positive|IK:PUQSUZTXKPLAPR-UJPOAAIJSA-N,Streptomyces fulvissimus,-0.46407079360927983,6.157427972171603e-07,0.46407079360927983,negative
C18_positive|IK:NGFMICBWJRZIBI-UHFFFAOYSA-N,Friedmanniella sagamiharensis,-0.46406881203504863,6.158195599626218e-07,0.46406881203504863,negative
C18_negative|IK:NGFMICBWJRZIBI-UHFFFAOYSA-N,Bradyrhizobium sp. BTAi1,-0.4640630815233036,6.160416011792502e-07,0.4640630815233036,negative
HILICZ_negative|IK:VRYALKFFQXWPIH-UHFFFAOYSA-N,Intrasporangium calvum,-0.46401998471876016,6.177139185483737e-07,0.46401998471876016,negative
C18_positive|NAME:,Rhodococcus ruber,-0.4640097510768594,6.18111655020544e-07,0.4640097510768594,negative
HILICZ_positive|IK:SIOXPEMLGUPBBT-UHFFFAOYSA-N,Planctomyces sp. SH-PL62,-0.4639852179896782,6.190661382749439e-07,0.4639852179896782,negative
C18_negative|IK:CZDNLUMNELLDDD-QZFWYPLZSA-N,Micromonospora viridifaciens,-0.4639775789034071,6.193636298706268e-07,0.4639775789034071,negative
HILICZ_negative|IK:SLWWJZMPHJJOPH-PHDIDXHHSA-N,Pseudomonas yamanorum,0.46392710870861814,6.213325219980677e-07,0.46392710870861814,positive
HILICZ_negative|IK:AAWZDTNXLSGCEK-LNVDRNJUSA-N,Streptomyces sp. SM18,-0.4639160971689434,6.217628820946314e-07,0.4639160971689434,negative
C18_positive|IK:NJMQSVWMCODQIP-FQXXIRCGSA-N,Pseudonocardia sp. HH130629-09,-0.46388426724165605,6.23008471974606e-07,0.46388426724165605,negative
HILICZ_negative|IK:JVQYSWDUAOAHFM-UHFFFAOYSA-N,Streptomyces albireticuli,-0.46388022683745467,6.23166753122541e-07,0.46388022683745467,negative
C18_positive|IK:KZSNJWFQEVHDMF-BYPYZUCNSA-N,Actinosynnema pretiosum,-0.46386697855557196,6.236860169413672e-07,0.46386697855557196,negative
HILICZ_negative|NAME:,Kibdelosporangium phytohabitans,-0.4638526474080856,6.242481860449505e-07,0.4638526474080856,negative
C18_positive|IK:KZSNJWFQEVHDMF-BYPYZUCNSA-N,Amycolatopsis mediterranei,-0.4638348542140947,6.249468306744733e-07,0.4638348542140947,negative
C18_positive|IK:UAUDZVJPLUQNMU-KTKRTIGZSA-N,Lacunisphaera limnophila,-0.46376122053981345,6.278459370396285e-07,0.46376122053981345,negative
C18_negative|IK:NGFMICBWJRZIBI-UHFFFAOYSA-N,Variibacter gotjawalensis,-0.46374783665197444,6.283742573255778e-07,0.46374783665197444,negative
HILICZ_negative|IK:SLWWJZMPHJJOPH-PHDIDXHHSA-N,Pseudomonas sp. S09G 359,0.4637475911320822,6.283839530056685e-07,0.4637475911320822,positive
C18_negative|NAME:,Pseudomonas aeruginosa,0.4637375449850648,6.28780801266767e-07,0.4637375449850648,positive
C18_negative|IK:BJEPYKJPYRNKOW-REOHCLBHSA-N,Thermobispora bispora,-0.4637273995927259,6.291818114695859e-07,0.4637273995927259,negative
C18_positive|IK:KZSNJWFQEVHDMF-BYPYZUCNSA-N,Streptomyces gilvosporeus,-0.4637203946420212,6.294588332189772e-07,0.4637203946420212,negative
HILICZ_negative|NAME:,Streptomyces sp. HNM0039,-0.46371733606475385,6.295798257676178e-07,0.46371733606475385,negative
HILICZ_negative|IK:VRYALKFFQXWPIH-UHFFFAOYSA-N,Streptomyces sp. NEAU-S7GS2,-0.46370661956327763,6.300039281136585e-07,0.46370661956327763,negative
C18_negative|IK:SMUMBCREXHTKFN-VZOUQOBNSA-N,Gordonia bronchialis,-0.46370561211889394,6.30043811370353e-07,0.46370561211889394,negative
HILICZ_negative|IK:VRYALKFFQXWPIH-UHFFFAOYSA-N,Allokutzneria albata,-0.4637040997371322,6.301036888637019e-07,0.4637040997371322,negative
C18_positive|IK:SIKJAQJRHWYJAI-UHFFFAOYSA-N,Frankia sp. EAN1pec,-0.463701398470153,6.302106495744768e-07,0.463701398470153,negative
HILICZ_positive|IK:PUQSUZTXKPLAPR-UJPOAAIJSA-N,Pseudonocardia sp. HH130630-07,-0.4636609667355207,6.3181366623692e-07,0.4636609667355207,negative
C18_negative|IK:CZDNLUMNELLDDD-QZFWYPLZSA-N,Kitasatospora setae,-0.46366071148671434,6.318237984975065e-07,0.46366071148671434,negative
HILICZ_negative|IK:JVQYSWDUAOAHFM-UHFFFAOYSA-N,Kytococcus sedentarius,-0.46364020004825823,6.326385173703583e-07,0.46364020004825823,negative
C18_positive|IK:WCGUUGGRBIKTOS-UHFFFAOYSA-N,Bacillus simplex,-0.46364010386341165,6.326423402024413e-07,0.46364010386341165,negative
C18_positive|NAME:,Pseudopropionibacterium propionicum,-0.463633866348466,6.328902948233646e-07,0.463633866348466,negative
C18_positive|IK:UAUDZVJPLUQNMU-KTKRTIGZSA-N,Planctomyces sp. SH-PL62,-0.46363137495366447,6.329893589058334e-07,0.46363137495366447,negative
C18_negative|NAME:,Streptomyces sp. Mg1,-0.4636301729190164,6.330371600720768e-07,0.4636301729190164,negative
HILICZ_positive|IK:SIOXPEMLGUPBBT-UHFFFAOYSA-N,Candidatus Koribacter versatilis,-0.46361513146051037,6.33635601789383e-07,0.46361513146051037,negative
C18_positive|IK:LVFCLUMIBMHAFL-HMUNZLOLSA-N,Kytococcus sedentarius,-0.4636077281610392,6.33930347788871e-07,0.4636077281610392,negative
HILICZ_positive|IK:SIOXPEMLGUPBBT-UHFFFAOYSA-N,Catenulispora acidiphila,-0.46351071156659046,6.378048997200221e-07,0.46351071156659046,negative
HILICZ_negative|IK:WJAOHEPEBANKEO-UHFFFAOYSA-N,Pseudomonas reinekei,-0.46349197186478497,6.385558936261498e-07,0.46349197186478497,negative
C18_positive|IK:LVFCLUMIBMHAFL-HMUNZLOLSA-N,Streptomyces sp. 2323.1,-0.46343459415419685,6.408605307381989e-07,0.46343459415419685,negative
C18_positive|NAME:,Pseudomonas corrugata,0.46333452841928185,6.448986859376176e-07,0.46333452841928185,positive
C18_positive|IK:LVFCLUMIBMHAFL-HMUNZLOLSA-N,Pseudomonas aeruginosa,0.463323790780813,6.453334360063713e-07,0.463323790780813,positive
C18_negative|IK:SMUMBCREXHTKFN-VZOUQOBNSA-N,Pseudomonas fragi,0.46329953328465445,6.46316608423578e-07,0.46329953328465445,positive
C18_negative|IK:SMUMBCREXHTKFN-VZOUQOBNSA-N,Saccharothrix espanaensis,-0.46329622071601556,6.464509793395386e-07,0.46329622071601556,negative
HILICZ_positive|IK:PUQSUZTXKPLAPR-UJPOAAIJSA-N,Streptomyces albus,-0.4632732658876688,6.473828471599736e-07,0.4632732658876688,negative
HILICZ_positive|IK:SIOXPEMLGUPBBT-UHFFFAOYSA-N,Pseudomonas sp. LBUM920,0.46327291147510413,6.473972447864169e-07,0.46327291147510413,positive
C18_positive|IK:RCFGIEPQSDGMJJ-UHFFFAOYSA-N,Streptomyces sp. NEAU-S7GS2,-0.46325809746790314,6.479993197768244e-07,0.46325809746790314,negative
C18_positive|NAME:,Pseudomonas taetrolens,0.4632346590318345,6.489529972625538e-07,0.4632346590318345,positive
C18_positive|IK:KZSNJWFQEVHDMF-BYPYZUCNSA-N,Micromonospora rifamycinica,-0.4632034954514659,6.502230640671581e-07,0.4632034954514659,negative
C18_positive|IK:KZSNJWFQEVHDMF-BYPYZUCNSA-N,Pseudomonas sp. StFLB209,0.4631879721873332,6.508565924494445e-07,0.4631879721873332,positive
HILICZ_positive|IK:RGHHSNMVTDWUBI-UHFFFAOYSA-N,Streptomyces virus Amela,0.4631857516294283,6.509472647441228e-07,0.4631857516294283,positive
C18_negative|IK:WJAOHEPEBANKEO-UHFFFAOYSA-N,Bradyrhizobium sp. 3 85S1MB,0.4631563113457592,6.521505373086632e-07,0.4631563113457592,positive
HILICZ_negative|NAME:,Streptomyces katrae,-0.46314480315458095,6.526214697404836e-07,0.46314480315458095,negative
HILICZ_positive|IK:KWIUHFFTVRNATP-UHFFFAOYSA-N,Intrasporangium calvum,-0.46314160268859644,6.527524949752316e-07,0.46314160268859644,negative
HILICZ_negative|NAME:,Pseudonocardia sp. HH130630-07,-0.4631369497727928,6.52943027218126e-07,0.4631369497727928,negative
HILICZ_negative|NAME:,Pseudomonas taetrolens,0.46311004146265516,6.540459316148101e-07,0.46311004146265516,positive
HILICZ_positive|IK:PUQSUZTXKPLAPR-UJPOAAIJSA-N,Paucimonas lemoignei,0.4631053285578627,6.542392837339986e-07,0.4631053285578627,positive
C18_negative|IK:BJEPYKJPYRNKOW-REOHCLBHSA-N,Bordetella pertussis,-0.46305890151847406,6.561469069260494e-07,0.46305890151847406,negative
C18_negative|IK:BJEPYKJPYRNKOW-REOHCLBHSA-N,Jiangella alkaliphila,-0.46305169768363486,6.564433754381486e-07,0.46305169768363486,negative
C18_positive|IK:FATBGEAMYMYZAF-KTKRTIGZSA-N,Leifsonia xyli,-0.4630335849311994,6.571893543842769e-07,0.4630335849311994,negative
C18_positive|IK:NJMQSVWMCODQIP-FQXXIRCGSA-N,Pseudomonas mediterranea,0.4630121429608277,6.580734884582683e-07,0.4630121429608277,positive
C18_negative|IK:BJEPYKJPYRNKOW-REOHCLBHSA-N,Gordonia bronchialis,-0.46300361128410733,6.584255959294706e-07,0.46300361128410733,negative
C18_positive|IK:NJMQSVWMCODQIP-FQXXIRCGSA-N,Streptomyces albireticuli,-0.4629960697073239,6.587369903011e-07,0.4629960697073239,negative
C18_positive|IK:UAUDZVJPLUQNMU-KTKRTIGZSA-N,Pseudomonas brassicacearum,0.4629901390701384,6.589819666094261e-07,0.4629901390701384,positive
C18_positive|IK:NGFMICBWJRZIBI-UHFFFAOYSA-N,Nocardioides dokdonensis,-0.46298523915090006,6.591844323906574e-07,0.46298523915090006,negative
HILICZ_positive|IK:KWIUHFFTVRNATP-UHFFFAOYSA-N,Streptomyces sp. fd1-xmd,-0.4629833747341462,6.592614860260892e-07,0.4629833747341462,negative
HILICZ_negative|NAME:,Pseudonocardia sp. HH130629-09,-0.46297045349927857,6.597957369266639e-07,0.46297045349927857,negative
HILICZ_negative|NAME:,Pseudomonas sp. LBUM920,0.4629686511123439,6.598702924034688e-07,0.4629686511123439,positive
HILICZ_negative|IK:OKVJCVWFVRATSG-UHFFFAOYSA-N,Pseudomonas sp. K2W31S-8,0.462955979231511,6.603946887689216e-07,0.462955979231511,positive
HILICZ_negative|IK:AAWZDTNXLSGCEK-LNVDRNJUSA-N,Streptomyces parvulus,-0.4629542055690567,6.604681192278049e-07,0.4629542055690567,negative
C18_positive|IK:NGFMICBWJRZIBI-UHFFFAOYSA-N,Pseudomonas entomophila,0.4629200102390032,6.61885338219423e-07,0.4629200102390032,positive
HILICZ_positive|IK:KWIUHFFTVRNATP-UHFFFAOYSA-N,Singulisphaera acidiphila,-0.462910790684543,6.622679347619383e-07,0.462910790684543,negative
C18_positive|NAME:,Saccharothrix espanaensis,-0.4629035899443832,6.625668998097873e-07,0.4629035899443832,negative
HILICZ_negative|NAME:,Amycolatopsis albispora,-0.4628960050943485,6.628819511434738e-07,0.4628960050943485,negative
HILICZ_positive|IK:COLNVLDHVKWLRT-QMMMGPOBSA-N,Streptomyces albus,-0.4628889100527102,6.631767860820955e-07,0.4628889100527102,negative
C18_negative|IK:BJEPYKJPYRNKOW-REOHCLBHSA-N,Rhodococcus ruber,-0.4628725928180931,6.63855322347455e-07,0.4628725928180931,negative
HILICZ_positive|IK:SIOXPEMLGUPBBT-UHFFFAOYSA-N,Amycolatopsis albispora,-0.4628470690471083,6.649180254261634e-07,0.4628470690471083,negative
C18_positive|IK:UAUDZVJPLUQNMU-KTKRTIGZSA-N,Singulisphaera acidiphila,-0.46284219162023266,6.65121284797064e-07,0.46284219162023266,negative
HILICZ_positive|IK:KWIUHFFTVRNATP-UHFFFAOYSA-N,Amycolatopsis sp. AA4,-0.46283722191651666,6.6532845033745e-07,0.46283722191651666,negative
C18_positive|IK:FATBGEAMYMYZAF-KTKRTIGZSA-N,Homo sapiens,-0.4628287666511066,6.656810547094106e-07,0.4628287666511066,negative
C18_positive|IK:KZSNJWFQEVHDMF-BYPYZUCNSA-N,Rhodococcus sp. MTM3W5.2,-0.46282415767795915,6.658733343870335e-07,0.46282415767795915,negative
C18_positive|IK:WCGUUGGRBIKTOS-UHFFFAOYSA-N,Mesorhizobium amorphae,-0.4628238836844807,6.658847666579787e-07,0.4628238836844807,negative
C18_negative|IK:NGFMICBWJRZIBI-UHFFFAOYSA-N,Streptomyces sp. GSSD-12,-0.46281262301690745,6.663547748497813e-07,0.46281262301690745,negative
HILICZ_positive|IK:PUQSUZTXKPLAPR-UJPOAAIJSA-N,Nitrobacter winogradskyi,-0.4627584282228007,6.686212162627344e-07,0.4627584282228007,negative
C18_positive|IK:RCFGIEPQSDGMJJ-UHFFFAOYSA-N,Streptomyces pristinaespiralis,-0.4626666077461421,6.724778864477961e-07,0.4626666077461421,negative
HILICZ_positive|IK:RGHHSNMVTDWUBI-UHFFFAOYSA-N,Pseudomonas thivervalensis,0.4626228246032447,6.743243057219748e-07,0.4626228246032447,positive
C18_negative|IK:BJEPYKJPYRNKOW-REOHCLBHSA-N,Kytococcus sedentarius,-0.4626074994599094,6.749717328301497e-07,0.4626074994599094,negative
C18_positive|IK:FATBGEAMYMYZAF-KTKRTIGZSA-N,Streptomyces globosus,-0.4626016507663541,6.752189727018999e-07,0.4626016507663541,negative
C18_negative|IK:NGFMICBWJRZIBI-UHFFFAOYSA-N,Massilia armeniaca,0.4625931449099573,6.755786913727987e-07,0.4625931449099573,positive
C18_positive|IK:NJMQSVWMCODQIP-FQXXIRCGSA-N,Streptomyces albulus,-0.46259133270473385,6.756553543163538e-07,0.46259133270473385,negative
C18_positive|IK:RCFGIEPQSDGMJJ-UHFFFAOYSA-N,Streptomyces peucetius,-0.46258133846028415,6.760782959884932e-07,0.46258133846028415,negative
HILICZ_positive|IK:PUQSUZTXKPLAPR-UJPOAAIJSA-N,Nakamurella multipartita,-0.46256179510618967,6.769060682552166e-07,0.46256179510618967,negative
C18_positive|IK:LVFCLUMIBMHAFL-HMUNZLOLSA-N,Frankia sp. EAN1pec,-0.4625560280267011,6.771505206836395e-07,0.4625560280267011,negative
C18_positive|IK:RGHHSNMVTDWUBI-UHFFFAOYSA-N,Streptomyces sp. NEAU-S7GS2,-0.4625270957249539,6.783781557275431e-07,0.4625270957249539,negative
HILICZ_negative|IK:JVQYSWDUAOAHFM-UHFFFAOYSA-N,Kutzneria albida,-0.46252057575108385,6.786550982304467e-07,0.46252057575108385,negative
HILICZ_positive|IK:PUQSUZTXKPLAPR-UJPOAAIJSA-N,Pseudonocardia dioxanivorans,-0.46249867596095084,6.795860999360625e-07,0.46249867596095084,negative
C18_positive|IK:FATBGEAMYMYZAF-KTKRTIGZSA-N,Pseudomonas brenneri,0.46249516985743133,6.797352636070078e-07,0.46249516985743133,positive
HILICZ_negative|IK:SLWWJZMPHJJOPH-PHDIDXHHSA-N,Pseudomonas sp. NC02,0.46245756388144954,6.81337128007762e-07,0.46245756388144954,positive
C18_positive|NAME:,Actinosynnema pretiosum,-0.4624270373739064,6.826400698062331e-07,0.4624270373739064,negative
C18_positive|IK:RGHHSNMVTDWUBI-UHFFFAOYSA-N,Pseudomonas sp. LG1D9,0.46242422349469203,6.827602916571194e-07,0.46242422349469203,positive
HILICZ_negative|IK:VRYALKFFQXWPIH-UHFFFAOYSA-N,Streptomyces globosus,-0.46242074883100115,6.829087729906871e-07,0.46242074883100115,negative
C18_positive|IK:NJMQSVWMCODQIP-FQXXIRCGSA-N,Micromonospora krabiensis,-0.4624104699429116,6.833481958544205e-07,0.4624104699429116,negative
HILICZ_positive|IK:COLNVLDHVKWLRT-QMMMGPOBSA-N,Streptomyces sp. HNM0039,-0.4623886355301494,6.842825086618843e-07,0.4623886355301494,negative
HILICZ_negative|IK:ODHCTXKNWHHXJC-UHFFFAOYSA-N,Streptomyces sp. TLI_053,-0.4623836826025301,6.84494617258961e-07,0.4623836826025301,negative
HILICZ_negative|IK:WJAOHEPEBANKEO-UHFFFAOYSA-N,Streptomyces pactum,0.46238233052706473,6.845525305902608e-07,0.46238233052706473,positive
HILICZ_negative|IK:ODHCTXKNWHHXJC-UHFFFAOYSA-N,Kitasatospora aureofaciens,-0.4623336907084607,6.866390119247364e-07,0.4623336907084607,negative
HILICZ_negative|IK:GHOKWGTUZJEAQD-UHFFFAOYSA-N,Anaeromyxobacter sp. Fw109-5,-0.46231588031664905,6.874045255142871e-07,0.46231588031664905,negative
HILICZ_positive|IK:RGHHSNMVTDWUBI-UHFFFAOYSA-N,Kitasatospora sp. MMS16-BH015,-0.46230635475809223,6.878142787466706e-07,0.46230635475809223,negative
C18_positive|IK:KZSNJWFQEVHDMF-BYPYZUCNSA-N,Methylosinus trichosporium,-0.46226775259531805,6.894771715991255e-07,0.46226775259531805,negative
C18_positive|IK:KZSNJWFQEVHDMF-BYPYZUCNSA-N,Pseudomonas sp. S09G 359,0.46226774544874666,6.894774798101037e-07,0.46226774544874666,positive
C18_positive|IK:NJMQSVWMCODQIP-FQXXIRCGSA-N,Pseudonocardia dioxanivorans,-0.4622643496751317,6.896239445136415e-07,0.4622643496751317,negative
HILICZ_negative|IK:CDAISMWEOUEBRE-UHFFFAOYSA-N,Nakamurella multipartita,-0.46222322730305276,6.913999589190879e-07,0.46222322730305276,negative
C18_positive|IK:SIKJAQJRHWYJAI-UHFFFAOYSA-N,Catenulispora acidiphila,-0.4622232013209213,6.914010824201634e-07,0.4622232013209213,negative
HILICZ_positive|IK:KWIUHFFTVRNATP-UHFFFAOYSA-N,Streptomyces katrae,-0.4622180247733099,6.916249576269982e-07,0.4622180247733099,negative
HILICZ_negative|IK:AAWZDTNXLSGCEK-LNVDRNJUSA-N,Streptomyces pristinaespiralis,-0.4621957827833125,6.92587661941569e-07,0.4621957827833125,negative
C18_positive|NAME:,Friedmanniella sagamiharensis,-0.4621920898468246,6.927476271026914e-07,0.4621920898468246,negative
HILICZ_negative|NAME:,Pseudomonas sp. 7SR1,0.46218792062492375,6.929282654396175e-07,0.46218792062492375,positive
HILICZ_positive|IK:SIOXPEMLGUPBBT-UHFFFAOYSA-N,Pseudomonas sp. S09G 359,0.46216797978964036,6.937928531634748e-07,0.46216797978964036,positive
HILICZ_negative|IK:WJAOHEPEBANKEO-UHFFFAOYSA-N,Pseudomonas sp. 31-12,-0.4620706449441483,6.980277820318945e-07,0.4620706449441483,negative
C18_positive|IK:UAUDZVJPLUQNMU-KTKRTIGZSA-N,Streptomyces clavuligerus,-0.46199070597889885,7.015241759083702e-07,0.46199070597889885,negative
C18_negative|IK:NGFMICBWJRZIBI-UHFFFAOYSA-N,Chondromyces crocatus,-0.46198875895785196,7.016095423135669e-07,0.46198875895785196,negative
C18_positive|IK:RGHHSNMVTDWUBI-UHFFFAOYSA-N,Pseudomonas sp. CMR12a,0.4619110241438271,7.050258630981558e-07,0.4619110241438271,positive
HILICZ_negative|IK:RYWDJUUPROVLNV-LXFHESFISA-N,Rhizobium leguminosarum,0.461897949608901,7.056020170040384e-07,0.461897949608901,positive
C18_negative|IK:BJEPYKJPYRNKOW-REOHCLBHSA-N,Stigmatella aurantiaca,-0.46189519357230957,7.057235239469684e-07,0.46189519357230957,negative
C18_negative|IK:NGFMICBWJRZIBI-UHFFFAOYSA-N,Massilia sp. YMA4,0.46188099126974286,7.063499838349066e-07,0.46188099126974286,positive
HILICZ_positive|IK:PUQSUZTXKPLAPR-UJPOAAIJSA-N,Nocardioides sp. 78,-0.46184262331848175,7.080450245265307e-07,0.46184262331848175,negative
C18_positive|IK:RGHHSNMVTDWUBI-UHFFFAOYSA-N,Pseudomonas brenneri,0.461799149453787,7.099703029001287e-07,0.461799149453787,positive
C18_negative|IK:BJEPYKJPYRNKOW-REOHCLBHSA-N,Allokutzneria albata,-0.4617962912710851,7.100970539696529e-07,0.4617962912710851,negative
HILICZ_negative|IK:NGFMICBWJRZIBI-UHFFFAOYSA-N,Amycolatopsis mediterranei,-0.46173919114919143,7.126337633082392e-07,0.46173919114919143,negative
C18_negative|IK:BJEPYKJPYRNKOW-REOHCLBHSA-N,Pseudomonas lurida,0.46173271729004717,7.129219109142647e-07,0.46173271729004717,positive
HILICZ_negative|NAME:,Streptomyces sp. GSSD-12,-0.461718723951628,7.135451239671179e-07,0.461718723951628,negative
HILICZ_positive|IK:COLNVLDHVKWLRT-QMMMGPOBSA-N,Pseudomonas brassicacearum,0.4617173631724818,7.136057557651306e-07,0.4617173631724818,positive
HILICZ_negative|IK:VRYALKFFQXWPIH-UHFFFAOYSA-N,Streptomyces sp. 2323.1,-0.4616164355831401,7.181164112065811e-07,0.4616164355831401,negative
HILICZ_negative|NAME:,Gordonia bronchialis,-0.4615687657796176,7.202562671029677e-07,0.4615687657796176,negative
C18_positive|IK:UAUDZVJPLUQNMU-KTKRTIGZSA-N,Jiangella sp. DSM 45060,-0.46155920250899807,7.206862822242334e-07,0.46155920250899807,negative
HILICZ_positive|IK:PUQSUZTXKPLAPR-UJPOAAIJSA-N,Pseudomonas thivervalensis,0.46150160337055884,7.232814016641247e-07,0.46150160337055884,positive
HILICZ_negative|IK:VRYALKFFQXWPIH-UHFFFAOYSA-N,Streptomyces lavendulae,-0.46149863875492986,7.234152116386635e-07,0.46149863875492986,negative
HILICZ_negative|IK:AAWZDTNXLSGCEK-LNVDRNJUSA-N,Pseudomonas sp. S09G 359,0.4614877902299824,7.239050676441919e-07,0.4614877902299824,positive
HILICZ_negative|IK:RYWDJUUPROVLNV-LXFHESFISA-N,Streptacidiphilus sp. DSM 106435,-0.46147479881810777,7.244920981675306e-07,0.46147479881810777,negative
HILICZ_negative|IK:VRYALKFFQXWPIH-UHFFFAOYSA-N,Streptomyces niveus,-0.4614413024345377,7.260077523160888e-07,0.4614413024345377,negative
C18_negative|IK:BJEPYKJPYRNKOW-REOHCLBHSA-N,Chondromyces crocatus,-0.4614300460396661,7.265177602111849e-07,0.4614300460396661,negative
C18_negative|IK:BJEPYKJPYRNKOW-REOHCLBHSA-N,Streptomyces albulus,-0.46142120206517995,7.269187040106544e-07,0.46142120206517995,negative
HILICZ_positive|IK:COLNVLDHVKWLRT-QMMMGPOBSA-N,Intrasporangium calvum,-0.46140649239294373,7.275860358691496e-07,0.46140649239294373,negative
HILICZ_negative|IK:JVQYSWDUAOAHFM-UHFFFAOYSA-N,Rhodococcus ruber,-0.4614037438228259,7.27710794364222e-07,0.4614037438228259,negative
HILICZ_positive|IK:PUQSUZTXKPLAPR-UJPOAAIJSA-N,Pseudomonas sp. StFLB209,0.461388796078999,7.283896328821778e-07,0.461388796078999,positive
HILICZ_negative|IK:AAWZDTNXLSGCEK-LNVDRNJUSA-N,Streptosporangium sp. 'caverna',-0.46137656465426774,7.289455592659282e-07,0.46137656465426774,negative
HILICZ_negative|IK:WJAOHEPEBANKEO-UHFFFAOYSA-N,Pseudomonas putida,-0.461367651863042,7.293509051664179e-07,0.461367651863042,negative
C18_positive|IK:SIKJAQJRHWYJAI-UHFFFAOYSA-N,Micromonospora viridifaciens,-0.46133643102748184,7.307724891886658e-07,0.46133643102748184,negative
C18_negative|IK:SMUMBCREXHTKFN-VZOUQOBNSA-N,Micromonospora purpureochromogenes,-0.4612684735673306,7.338759061566636e-07,0.4612684735673306,negative
HILICZ_negative|IK:AAWZDTNXLSGCEK-LNVDRNJUSA-N,Candidatus Koribacter versatilis,-0.46126127167439596,7.342055274648733e-07,0.46126127167439596,negative
HILICZ_negative|IK:COLNVLDHVKWLRT-QMMMGPOBSA-N,Catenulispora acidiphila,-0.46124438280357005,7.34979060417331e-07,0.46124438280357005,negative
C18_positive|IK:FATBGEAMYMYZAF-KTKRTIGZSA-N,Methylosinus trichosporium,-0.4612429393849776,7.350452067926017e-07,0.4612429393849776,negative
C18_positive|IK:NJMQSVWMCODQIP-FQXXIRCGSA-N,Streptomyces violaceoruber,-0.46121210623172887,7.364595228912646e-07,0.46121210623172887,negative
C18_positive|IK:LVFCLUMIBMHAFL-HMUNZLOLSA-N,Micromonospora echinaurantiaca,-0.46120554892817645,7.36760639139599e-07,0.46120554892817645,negative
C18_negative|IK:SMUMBCREXHTKFN-VZOUQOBNSA-N,Pseudomonas plecoglossicida,0.46120352378626084,7.368536587744216e-07,0.46120352378626084,positive
HILICZ_negative|IK:AAWZDTNXLSGCEK-LNVDRNJUSA-N,Granulicella tundricola,-0.46119787998246436,7.371129510662444e-07,0.46119787998246436,negative
C18_negative|IK:BJEPYKJPYRNKOW-REOHCLBHSA-N,Alloactinosynnema sp. L-07,-0.4611825765653837,7.378164691199437e-07,0.4611825765653837,negative
C18_negative|IK:BJEPYKJPYRNKOW-REOHCLBHSA-N,Kibdelosporangium phytohabitans,-0.461168005412841,7.384869162484035e-07,0.461168005412841,negative
C18_positive|IK:LVFCLUMIBMHAFL-HMUNZLOLSA-N,Amycolatopsis albispora,-0.46116085078404245,7.388163262845275e-07,0.46116085078404245,negative
C18_positive|NAME:,Micromonospora rifamycinica,-0.46115044452934956,7.392956950829623e-07,0.46115044452934956,negative
HILICZ_negative|IK:WJAOHEPEBANKEO-UHFFFAOYSA-N,Streptomyces hygroscopicus,0.4611501477465263,7.393093708456484e-07,0.4611501477465263,positive
HILICZ_negative|IK:AAWZDTNXLSGCEK-LNVDRNJUSA-N,Kutzneria albida,-0.4611259299675454,7.404261364745863e-07,0.4611259299675454,negative
C18_positive|NAME:,Kibdelosporangium phytohabitans,-0.46111016587199233,7.411539335743697e-07,0.46111016587199233,negative
C18_positive|IK:LVFCLUMIBMHAFL-HMUNZLOLSA-N,Micromonospora rifamycinica,-0.46110015924815595,7.41616271825593e-07,0.46110015924815595,negative
C18_positive|IK:MMOXZBCLCQITDF-UHFFFAOYSA-N,Burkholderia multivorans,0.46109757032656185,7.417359329048944e-07,0.46109757032656185,positive
C18_positive|IK:NJMQSVWMCODQIP-FQXXIRCGSA-N,Pseudomonas prosekii,0.4610900337700008,7.42084380144481e-07,0.4610900337700008,positive
HILICZ_negative|IK:COLNVLDHVKWLRT-QMMMGPOBSA-N,Luteibacter rhizovicinus,0.46108815644274703,7.421712011779044e-07,0.46108815644274703,positive
HILICZ_positive|IK:SIOXPEMLGUPBBT-UHFFFAOYSA-N,Pseudomonas stutzeri,0.4610128514461981,7.456618028055277e-07,0.4610128514461981,positive
C18_negative|IK:SMUMBCREXHTKFN-VZOUQOBNSA-N,Nocardioides sp. 78,-0.461008048364933,7.458849671044874e-07,0.461008048364933,negative
C18_negative|IK:SMUMBCREXHTKFN-VZOUQOBNSA-N,Friedmanniella sagamiharensis,-0.46099829993148933,7.463381008995255e-07,0.46099829993148933,negative
HILICZ_negative|IK:JVQYSWDUAOAHFM-UHFFFAOYSA-N,Granulicella tundricola,-0.46099709344013123,7.46394200075867e-07,0.46099709344013123,negative
HILICZ_negative|IK:KCOOTJRKKIDHTM-UHFFFAOYSA-N,Thermomonospora curvata,-0.4609914110385227,7.466584729831838e-07,0.4609914110385227,negative
HILICZ_positive|IK:COLNVLDHVKWLRT-QMMMGPOBSA-N,Opitutus sp. GAS368,-0.4609862757058321,7.468973796059174e-07,0.4609862757058321,negative
HILICZ_positive|IK:COLNVLDHVKWLRT-QMMMGPOBSA-N,Streptomyces venezuelae,-0.460971044801206,7.476063805072214e-07,0.460971044801206,negative
HILICZ_negative|NAME:,Pseudomonas mediterranea,0.46090165460332616,7.508445964025809e-07,0.46090165460332616,positive
C18_negative|IK:NGFMICBWJRZIBI-UHFFFAOYSA-N,Pseudorhodoplanes sinuspersici,-0.4609012343845259,7.508642471435973e-07,0.4609012343845259,negative
HILICZ_positive|IK:SIOXPEMLGUPBBT-UHFFFAOYSA-N,Granulicella tundricola,-0.46089134856199515,7.513266798530449e-07,0.46089134856199515,negative
HILICZ_negative|IK:SLWWJZMPHJJOPH-PHDIDXHHSA-N,Pseudomonas sp. LBUM920,0.4608690871940771,7.523689977548064e-07,0.4608690871940771,positive
C18_positive|IK:SIKJAQJRHWYJAI-UHFFFAOYSA-N,Bradyrhizobium erythrophlei,-0.460862987094109,7.526548550357259e-07,0.460862987094109,negative
HILICZ_negative|IK:SLWWJZMPHJJOPH-PHDIDXHHSA-N,Pseudomonas sp. HLS-6,0.46086163508243655,7.52718225717676e-07,0.46086163508243655,positive
C18_positive|IK:LVFCLUMIBMHAFL-HMUNZLOLSA-N,Alloactinosynnema sp. L-07,-0.46085665475941,7.529517041225531e-07,0.46085665475941,negative
HILICZ_positive|IK:RGHHSNMVTDWUBI-UHFFFAOYSA-N,Pseudomonas mendocina,0.46085083967212553,7.532244033964661e-07,0.46085083967212553,positive
HILICZ_positive|IK:KWIUHFFTVRNATP-UHFFFAOYSA-N,Streptomyces globosus,-0.4608109591931217,7.550971308953528e-07,0.4608109591931217,negative
C18_negative|IK:BJEPYKJPYRNKOW-REOHCLBHSA-N,Saccharopolyspora erythraea,-0.46080157028292157,7.555386622129241e-07,0.46080157028292157,negative
HILICZ_positive|IK:KWIUHFFTVRNATP-UHFFFAOYSA-N,Streptomyces sp. WAC00288,-0.46079323126750943,7.55931025681351e-07,0.46079323126750943,negative
C18_positive|IK:NJMQSVWMCODQIP-FQXXIRCGSA-N,Terriglobus roseus,-0.46077656467533806,7.567157939549686e-07,0.46077656467533806,negative
C18_positive|NAME:,Gordonia bronchialis,-0.46074457286646275,7.58224337080801e-07,0.46074457286646275,negative
C18_negative|IK:BJEPYKJPYRNKOW-REOHCLBHSA-N,Janibacter indicus,-0.4607443959666946,7.582326865490087e-07,0.4607443959666946,negative
HILICZ_negative|NAME:,Saccharothrix espanaensis,-0.4607416519361086,7.583622128520947e-07,0.4607416519361086,negative
C18_positive|NAME:,Pseudomonas synxantha,0.46072485604801483,7.59155485844095e-07,0.46072485604801483,positive
HILICZ_negative|IK:AAWZDTNXLSGCEK-LNVDRNJUSA-N,Streptomyces sp. CB09001,-0.4607073323027141,7.599839750625017e-07,0.4607073323027141,negative
HILICZ_negative|IK:VRYALKFFQXWPIH-UHFFFAOYSA-N,Micromonospora viridifaciens,-0.4607027232384952,7.602020252998686e-07,0.4607027232384952,negative
C18_positive|IK:NJMQSVWMCODQIP-FQXXIRCGSA-N,Streptomyces clavuligerus,-0.4606790968429837,7.613206990857489e-07,0.4606790968429837,negative
C18_negative|NAME:,Thermomonospora curvata,-0.4606346541873436,7.634292256548778e-07,0.4606346541873436,negative
HILICZ_negative|IK:DRTQHJPVMGBUCF-UHFFFAOYSA-N,Catenulispora acidiphila,-0.4606079727758203,7.646977531273173e-07,0.4606079727758203,negative
HILICZ_negative|IK:WJAOHEPEBANKEO-UHFFFAOYSA-N,Pseudomonas sp. GR 6-02,-0.4605955714479811,7.652880362570676e-07,0.4605955714479811,negative
C18_positive|IK:UAUDZVJPLUQNMU-KTKRTIGZSA-N,Streptomyces cattleya,-0.46056669589596894,7.666641418423575e-07,0.46056669589596894,negative
C18_positive|IK:KZSNJWFQEVHDMF-BYPYZUCNSA-N,Micromonospora krabiensis,-0.4605590594937267,7.670284579109693e-07,0.4605590594937267,negative
HILICZ_negative|NAME:,Opitutus sp. GAS368,-0.4605542238249469,7.672592420565435e-07,0.4605542238249469,negative
C18_positive|NAME:,Streptomyces xinghaiensis,-0.46055296993509803,7.673190951881436e-07,0.46055296993509803,negative
HILICZ_negative|IK:COLNVLDHVKWLRT-QMMMGPOBSA-N,Pseudomonas mendocina,0.4605244285561489,7.686826872352338e-07,0.4605244285561489,positive
HILICZ_positive|IK:SIOXPEMLGUPBBT-UHFFFAOYSA-N,Gordonia bronchialis,-0.46051028997704857,7.693590229944606e-07,0.46051028997704857,negative
C18_positive|NAME:,Micromonospora inositola,-0.46048767709184574,7.704419113037549e-07,0.46048767709184574,negative
C18_positive|IK:NJMQSVWMCODQIP-FQXXIRCGSA-N,Pseudomonas chlororaphis,0.4604728265133264,7.711538641383314e-07,0.4604728265133264,positive
C18_positive|IK:NGFMICBWJRZIBI-UHFFFAOYSA-N,Pseudomonas rhizosphaerae,0.4604619984815556,7.716733652484775e-07,0.4604619984815556,positive
HILICZ_negative|NAME:,Nakamurella multipartita,-0.4604207289921864,7.736564159598001e-07,0.4604207289921864,negative
C18_negative|IK:SMUMBCREXHTKFN-VZOUQOBNSA-N,Methylosinus trichosporium,-0.46035233082456334,7.769536870833354e-07,0.46035233082456334,negative
HILICZ_negative|IK:SLWWJZMPHJJOPH-PHDIDXHHSA-N,Pseudonocardia sp. HH130630-07,-0.46031181978174046,7.789128869880609e-07,0.46031181978174046,negative
C18_negative|IK:NGFMICBWJRZIBI-UHFFFAOYSA-N,Anaeromyxobacter sp. Fw109-5,-0.46030846491256194,7.790753456036947e-07,0.46030846491256194,negative
HILICZ_negative|IK:DRTQHJPVMGBUCF-UHFFFAOYSA-N,Streptomyces virus R4,0.4602871940821343,7.801061281822122e-07,0.4602871940821343,positive
C18_positive|IK:NGFMICBWJRZIBI-UHFFFAOYSA-N,Marmoricola scoriae,-0.46027195851782576,7.808452376342171e-07,0.46027195851782576,negative
HILICZ_negative|IK:AAWZDTNXLSGCEK-LNVDRNJUSA-N,Pseudomonas poae,0.46027190916940086,7.808476327100322e-07,0.46027190916940086,positive
HILICZ_negative|IK:SLWWJZMPHJJOPH-PHDIDXHHSA-N,Streptomyces sp. ETH9427,-0.46025247759813026,7.817912663599429e-07,0.46025247759813026,negative
HILICZ_negative|IK:JVQYSWDUAOAHFM-UHFFFAOYSA-N,Amycolatopsis sp. AA4,-0.4602309113477063,7.828398310134565e-07,0.4602309113477063,negative
C18_negative|IK:BJEPYKJPYRNKOW-REOHCLBHSA-N,Streptomyces cattleya,-0.46014342924059903,7.871069686873082e-07,0.46014342924059903,negative
HILICZ_negative|IK:JVQYSWDUAOAHFM-UHFFFAOYSA-N,Streptomyces rubrolavendulae,-0.46013918855785546,7.873143774559431e-07,0.46013918855785546,negative
C18_positive|NAME:,Tessaracoccus sp. T2.5-30,-0.46012414637061644,7.880504984368269e-07,0.46012414637061644,negative
C18_positive|IK:RCFGIEPQSDGMJJ-UHFFFAOYSA-N,Streptomyces hygroscopicus,-0.46012405250539656,7.880550939780235e-07,0.46012405250539656,negative
C18_positive|IK:UAUDZVJPLUQNMU-KTKRTIGZSA-N,Actinoplanes missouriensis,-0.46008895774731773,7.897750793291259e-07,0.46008895774731773,negative
HILICZ_positive|IK:SIOXPEMLGUPBBT-UHFFFAOYSA-N,Micromonospora purpureochromogenes,-0.4600800106199768,7.902141453226934e-07,0.4600800106199768,negative
C18_positive|IK:LVFCLUMIBMHAFL-HMUNZLOLSA-N,Plantactinospora sp. KBS50,-0.4600725313121872,7.905813581493309e-07,0.4600725313121872,negative
HILICZ_positive|IK:PUQSUZTXKPLAPR-UJPOAAIJSA-N,Pseudomonas azotoformans,0.4600565621463214,7.913659409914785e-07,0.4600565621463214,positive
HILICZ_positive|IK:COLNVLDHVKWLRT-QMMMGPOBSA-N,Pseudomonas sp. NS1(2017),0.4600535945324023,7.915118245437949e-07,0.4600535945324023,positive
HILICZ_negative|IK:YCIMNLLNPGFGHC-UHFFFAOYSA-N,Arthrobacter alpinus,-0.4600331791488778,7.925161067421498e-07,0.4600331791488778,negative
C18_positive|IK:FATBGEAMYMYZAF-KTKRTIGZSA-N,Streptomyces albulus,-0.46002945137633233,7.926996154116977e-07,0.46002945137633233,negative
HILICZ_negative|NAME:,Jiangella alkaliphila,-0.46002696966006795,7.928218062865867e-07,0.46002696966006795,negative
C18_negative|IK:CZDNLUMNELLDDD-QZFWYPLZSA-N,Allokutzneria albata,-0.4600154657099717,7.933884533267302e-07,0.4600154657099717,negative
HILICZ_negative|IK:OKVJCVWFVRATSG-UHFFFAOYSA-N,Pseudomonas silesiensis,0.46000566597564224,7.938714593647562e-07,0.46000566597564224,positive
C18_positive|IK:RGHHSNMVTDWUBI-UHFFFAOYSA-N,Jiangella alkaliphila,-0.45999586223509376,7.943549420496639e-07,0.45999586223509376,negative
HILICZ_positive|IK:KWIUHFFTVRNATP-UHFFFAOYSA-N,Novosphingobium sp. P6W,0.45997718159710926,7.952769726276137e-07,0.45997718159710926,positive
HILICZ_negative|IK:WJAOHEPEBANKEO-UHFFFAOYSA-N,Pseudomonas sp. URMO17WK12:I11,-0.4599432837428885,7.969526817314204e-07,0.4599432837428885,negative
C18_negative|IK:SMUMBCREXHTKFN-VZOUQOBNSA-N,Pseudonocardia dioxanivorans,-0.45994240792114016,7.969960215394831e-07,0.45994240792114016,negative
C18_positive|NAME:,Micromonospora purpureochromogenes,-0.45989854782645073,7.991692894326247e-07,0.45989854782645073,negative
C18_negative|IK:NGFMICBWJRZIBI-UHFFFAOYSA-N,Haliangium ochraceum,-0.45989751399545026,7.992205835358268e-07,0.45989751399545026,negative
HILICZ_negative|IK:NGFMICBWJRZIBI-UHFFFAOYSA-N,Streptomyces virus R4,0.4598930951207748,7.994398636895234e-07,0.4598930951207748,positive
HILICZ_negative|IK:KCOOTJRKKIDHTM-UHFFFAOYSA-N,Actinomadura amylolytica,-0.4598759570983442,8.002908530182297e-07,0.4598759570983442,negative
C18_positive|IK:LVFCLUMIBMHAFL-HMUNZLOLSA-N,Pseudopropionibacterium propionicum,-0.4598591832018681,8.011245939719212e-07,0.4598591832018681,negative
C18_positive|IK:UAUDZVJPLUQNMU-KTKRTIGZSA-N,Streptomyces globosus,-0.45985396358470015,8.013842014030805e-07,0.45985396358470015,negative
HILICZ_negative|IK:JVQYSWDUAOAHFM-UHFFFAOYSA-N,Amycolatopsis mediterranei,-0.45984911742015205,8.016253059316308e-07,0.45984911742015205,negative
C18_negative|IK:SMUMBCREXHTKFN-VZOUQOBNSA-N,Micromonospora rifamycinica,-0.45984520239157817,8.018201352011043e-07,0.45984520239157817,negative
C18_positive|NAME:,Plantactinospora sp. KBS50,-0.4598036173260187,8.03892368627313e-07,0.4598036173260187,negative
C18_positive|IK:NGFMICBWJRZIBI-UHFFFAOYSA-N,Pseudomonas mandelii,0.4597720218875408,8.054702031951689e-07,0.4597720218875408,positive
C18_negative|IK:SMUMBCREXHTKFN-VZOUQOBNSA-N,Burkholderia pseudomallei,-0.45975551919386176,8.062954937902333e-07,0.45975551919386176,negative
C18_positive|IK:FATBGEAMYMYZAF-KTKRTIGZSA-N,Actinoplanes sp. N902-109,-0.4597163121536477,8.082594349746727e-07,0.4597163121536477,negative
HILICZ_negative|IK:SLWWJZMPHJJOPH-PHDIDXHHSA-N,Streptomyces sp. GSSD-12,-0.459696682678424,8.092444100334769e-07,0.459696682678424,negative
HILICZ_negative|IK:NGFMICBWJRZIBI-UHFFFAOYSA-N,Streptomyces virus Caliburn,0.4596736853011,8.103998297620288e-07,0.4596736853011,positive
C18_positive|IK:LVFCLUMIBMHAFL-HMUNZLOLSA-N,Amycolatopsis sp. AA4,-0.459660885150369,8.110436047707619e-07,0.459660885150369,negative
C18_negative|IK:CZDNLUMNELLDDD-QZFWYPLZSA-N,Pseudomonas sp. UW4,0.4596599450520968,8.110909055072061e-07,0.4596599450520968,positive
C18_positive|IK:LVFCLUMIBMHAFL-HMUNZLOLSA-N,Rhodococcus ruber,-0.45965868872523286,8.111541212679567e-07,0.45965868872523286,negative
C18_positive|IK:MMOXZBCLCQITDF-UHFFFAOYSA-N,Pseudomonas sp. 02C 26,-0.45965773132658033,8.112022987202086e-07,0.45965773132658033,negative
HILICZ_negative|IK:WJAOHEPEBANKEO-UHFFFAOYSA-N,Streptomyces qaidamensis,0.4596450626080549,8.118400596029239e-07,0.4596450626080549,positive
C18_negative|NAME:,Candidatus Koribacter versatilis,-0.4596426560803692,8.11961261306937e-07,0.4596426560803692,negative
C18_negative|IK:BJEPYKJPYRNKOW-REOHCLBHSA-N,Variibacter gotjawalensis,-0.45963173081140307,8.125117145079197e-07,0.45963173081140307,negative
HILICZ_positive|IK:KWIUHFFTVRNATP-UHFFFAOYSA-N,Streptomyces lavendulae,-0.4596290867983408,8.126449823234605e-07,0.4596290867983408,negative
C18_positive|IK:NGFMICBWJRZIBI-UHFFFAOYSA-N,Nocardioides sp. 603,-0.4596266274942236,8.127689587580857e-07,0.4596266274942236,negative
C18_negative|IK:SMUMBCREXHTKFN-VZOUQOBNSA-N,Pseudonocardia sp. HH130629-09,-0.45962275927626534,8.129639965229765e-07,0.45962275927626534,negative
C18_negative|IK:CZDNLUMNELLDDD-QZFWYPLZSA-N,Pseudomonas sp. K2W31S-8,0.45961556506041434,8.133268511128717e-07,0.45961556506041434,positive
C18_positive|NAME:,Pseudomonas mandelii,0.4595957766369751,8.143257124545154e-07,0.4595957766369751,positive
C18_negative|IK:BJEPYKJPYRNKOW-REOHCLBHSA-N,Paracoccus denitrificans,-0.45956255956782643,8.16005029584097e-07,0.45956255956782643,negative
C18_positive|IK:RGHHSNMVTDWUBI-UHFFFAOYSA-N,Methylosinus trichosporium,-0.45954747921592354,8.167685136368784e-07,0.45954747921592354,negative
C18_positive|IK:FATBGEAMYMYZAF-KTKRTIGZSA-N,Streptomyces olivoreticuli,-0.4594500066998951,8.217196993010216e-07,0.4594500066998951,negative
C18_negative|NAME:,Actinomadura amylolytica,-0.4594479761289151,8.218231457750279e-07,0.4594479761289151,negative
HILICZ_negative|IK:WJAOHEPEBANKEO-UHFFFAOYSA-N,Streptomyces sp. Go-475,0.4594199528355452,8.232520417078798e-07,0.4594199528355452,positive
C18_positive|IK:FATBGEAMYMYZAF-KTKRTIGZSA-N,Candidatus Solibacter usitatus,-0.4593660828204737,8.26005474843646e-07,0.4593660828204737,negative
C18_positive|IK:WCGUUGGRBIKTOS-UHFFFAOYSA-N,Bradyrhizobium icense,-0.459362355942752,8.261962878234398e-07,0.459362355942752,negative
HILICZ_negative|IK:AAWZDTNXLSGCEK-LNVDRNJUSA-N,Granulicella mallensis,-0.45930542995553286,8.29116053384468e-07,0.45930542995553286,negative
HILICZ_positive|IK:RGHHSNMVTDWUBI-UHFFFAOYSA-N,Candidatus Solibacter usitatus,-0.4593016033494365,8.293126729013958e-07,0.4593016033494365,negative
C18_negative|IK:BJEPYKJPYRNKOW-REOHCLBHSA-N,Catenulispora acidiphila,-0.4592942392556661,8.296911808849423e-07,0.4592942392556661,negative
HILICZ_negative|IK:WJAOHEPEBANKEO-UHFFFAOYSA-N,Sorangium cellulosum,0.4592752375473446,8.306686093630741e-07,0.4592752375473446,positive
HILICZ_positive|IK:YNBADRVTZLEFNH-UHFFFAOYSA-N,Mesorhizobium amorphae,0.45925388671527234,8.317681778069306e-07,0.45925388671527234,positive
C18_positive|IK:NJMQSVWMCODQIP-FQXXIRCGSA-N,Streptomyces niveus,-0.45925085830250134,8.319242529348268e-07,0.45925085830250134,negative
C18_positive|IK:NJMQSVWMCODQIP-FQXXIRCGSA-N,Granulicella mallensis,-0.4592355258066103,8.327148694173094e-07,0.4592355258066103,negative
HILICZ_negative|IK:JVQYSWDUAOAHFM-UHFFFAOYSA-N,Saccharothrix espanaensis,-0.4592161115927136,8.33716981553625e-07,0.4592161115927136,negative
C18_positive|IK:KZSNJWFQEVHDMF-BYPYZUCNSA-N,Streptomyces sp. HNM0039,-0.4592147418241597,8.337877287036165e-07,0.4592147418241597,negative
C18_positive|IK:SIKJAQJRHWYJAI-UHFFFAOYSA-N,Pseudomonas putida,0.45921223485335444,8.339172259436141e-07,0.45921223485335444,positive
C18_negative|NAME:,Nocardiopsis dassonvillei,-0.4592057728782974,8.34251106388275e-07,0.4592057728782974,negative
HILICZ_positive|IK:RGHHSNMVTDWUBI-UHFFFAOYSA-N,Pseudomonas synxantha,0.4592033614391464,8.343757342828863e-07,0.4592033614391464,positive
HILICZ_positive|IK:MMOXZBCLCQITDF-UHFFFAOYSA-N,Kitasatospora setae,0.45919627743323604,8.347419517478577e-07,0.45919627743323604,positive
C18_negative|IK:SMUMBCREXHTKFN-VZOUQOBNSA-N,Streptomyces xinghaiensis,-0.4591827877014512,8.35439743804723e-07,0.4591827877014512,negative
C18_negative|IK:SMUMBCREXHTKFN-VZOUQOBNSA-N,Pseudomonas sp. CMR12a,0.459170563506131,8.360725505991013e-07,0.459170563506131,positive
C18_positive|IK:UAUDZVJPLUQNMU-KTKRTIGZSA-N,Streptomyces sp. fd1-xmd,-0.45916176210059134,8.36528452274972e-07,0.45916176210059134,negative
C18_positive|IK:UAUDZVJPLUQNMU-KTKRTIGZSA-N,Methylosinus trichosporium,-0.4590704690154557,8.412712510911772e-07,0.4590704690154557,negative
HILICZ_positive|IK:COLNVLDHVKWLRT-QMMMGPOBSA-N,Streptomyces globisporus,-0.4590642558014162,8.415949614457407e-07,0.4590642558014162,negative
C18_negative|IK:SMUMBCREXHTKFN-VZOUQOBNSA-N,Streptomyces sp. Mg1,-0.459063909749264,8.416129943427483e-07,0.459063909749264,negative
HILICZ_negative|NAME:,Nocardioides sp. 603,-0.459061529786264,8.417370249663579e-07,0.459061529786264,negative
C18_negative|IK:SMUMBCREXHTKFN-VZOUQOBNSA-N,Pseudomonas mandelii,0.45904749588683086,8.424687475708898e-07,0.45904749588683086,positive
HILICZ_negative|IK:ODHCTXKNWHHXJC-UHFFFAOYSA-N,Kitasatospora setae,-0.45904275808088096,8.427159113452604e-07,0.45904275808088096,negative
C18_positive|IK:NGFMICBWJRZIBI-UHFFFAOYSA-N,Streptomyces globisporus,-0.4590348618850237,8.431279961652804e-07,0.4590348618850237,negative
HILICZ_negative|NAME:,Pantoea agglomerans,0.4590191985210405,8.439459979663673e-07,0.4590191985210405,positive
C18_positive|IK:FATBGEAMYMYZAF-KTKRTIGZSA-N,Singulisphaera acidiphila,-0.45901597834840663,8.441142611933188e-07,0.45901597834840663,negative
C18_positive|IK:FATBGEAMYMYZAF-KTKRTIGZSA-N,Pseudomonas sp. LBUM920,0.45901276337927216,8.442822842737886e-07,0.45901276337927216,positive
C18_positive|IK:FATBGEAMYMYZAF-KTKRTIGZSA-N,Pseudomonas protegens,0.4589972736184368,8.450922663760471e-07,0.4589972736184368,positive
C18_negative|IK:BJEPYKJPYRNKOW-REOHCLBHSA-N,Methylobacterium sp. 4-46,-0.458985098132564,8.457294576765647e-07,0.458985098132564,negative
C18_negative|IK:SMUMBCREXHTKFN-VZOUQOBNSA-N,Singulisphaera acidiphila,-0.4589808759168546,8.459505293345947e-07,0.4589808759168546,negative
C18_negative|IK:LWYJCVVIVLBLID-UHFFFAOYSA-N,Kitasatospora sp. MMS16-BH015,0.45896209433309004,8.469345817765689e-07,0.45896209433309004,positive
C18_positive|IK:RGHHSNMVTDWUBI-UHFFFAOYSA-N,Pseudomonas azotoformans,0.45893489629146017,8.483615359311921e-07,0.45893489629146017,positive
C18_positive|IK:LVFCLUMIBMHAFL-HMUNZLOLSA-N,Homo sapiens,-0.45891744051440575,8.492785604096535e-07,0.45891744051440575,negative
C18_positive|IK:FATBGEAMYMYZAF-KTKRTIGZSA-N,Pseudomonas taetrolens,0.45890939090156885,8.497017567673401e-07,0.45890939090156885,positive
HILICZ_negative|NAME:,Marmoricola scoriae,-0.45887744635553335,8.513831667211427e-07,0.45887744635553335,negative
C18_positive|IK:NGFMICBWJRZIBI-UHFFFAOYSA-N,Pseudomonas sp. Z003-0.4C(8344-21),0.45887114002223,8.517154751878467e-07,0.45887114002223,positive
HILICZ_negative|NAME:,Tessaracoccus sp. T2.5-30,-0.4588645405804708,8.520633605954599e-07,0.4588645405804708,negative
C18_negative|NAME:,Streptomyces rubrolavendulae,-0.45886232020240175,8.521804367295185e-07,0.45886232020240175,negative
HILICZ_positive|IK:SIOXPEMLGUPBBT-UHFFFAOYSA-N,Streptomyces sp. NEAU-S7GS2,-0.45882561608076483,8.541179850710551e-07,0.45882561608076483,negative
HILICZ_negative|IK:COLNVLDHVKWLRT-QMMMGPOBSA-N,Streptomyces katrae,-0.45877489614865813,8.568022832919236e-07,0.45877489614865813,negative
C18_positive|IK:FATBGEAMYMYZAF-KTKRTIGZSA-N,Planctomyces sp. SH-PL62,-0.4587528455911449,8.579717799045615e-07,0.4587528455911449,negative
C18_positive|IK:SIKJAQJRHWYJAI-UHFFFAOYSA-N,Pseudomonas brassicacearum,0.45874935914155507,8.581568295184932e-07,0.45874935914155507,positive
HILICZ_positive|IK:MMOXZBCLCQITDF-UHFFFAOYSA-N,Streptacidiphilus sp. DSM 106435,0.45872693879378335,8.593477349945286e-07,0.45872693879378335,positive
HILICZ_positive|IK:SIOXPEMLGUPBBT-UHFFFAOYSA-N,Frankia inefficax,-0.4587169105155541,8.598809161174649e-07,0.4587169105155541,negative
HILICZ_positive|IK:SIOXPEMLGUPBBT-UHFFFAOYSA-N,Micromonospora krabiensis,-0.4587121278606201,8.601353096990928e-07,0.4587121278606201,negative
C18_positive|IK:MMOXZBCLCQITDF-UHFFFAOYSA-N,Lentzea guizhouensis,0.458697040837693,8.609382695493385e-07,0.458697040837693,positive
HILICZ_negative|IK:KCOOTJRKKIDHTM-UHFFFAOYSA-N,Nocardiopsis gilva,-0.4586886022514954,8.613876971062481e-07,0.4586886022514954,negative
C18_positive|IK:LVFCLUMIBMHAFL-HMUNZLOLSA-N,Pseudomonas putida,0.45867849135696037,8.619264826282972e-07,0.45867849135696037,positive
C18_positive|IK:UAUDZVJPLUQNMU-KTKRTIGZSA-N,Nocardia brasiliensis,-0.4586661402185569,8.625850792423697e-07,0.4586661402185569,negative
HILICZ_negative|IK:OKVJCVWFVRATSG-UHFFFAOYSA-N,Granulicella tundricola,-0.45864861521497924,8.635203798880542e-07,0.45864861521497924,negative
HILICZ_negative|IK:VRYALKFFQXWPIH-UHFFFAOYSA-N,Streptomyces albus,-0.4586474511228824,8.635825409635787e-07,0.4586474511228824,negative
C18_positive|IK:MMOXZBCLCQITDF-UHFFFAOYSA-N,Rhodoplanes sp. Z2-YC6860,0.45863039190301935,8.64493969245127e-07,0.45863039190301935,positive
C18_positive|IK:UAUDZVJPLUQNMU-KTKRTIGZSA-N,Pseudomonas vancouverensis,0.45861748305142525,8.651842609709255e-07,0.45861748305142525,positive
HILICZ_negative|IK:SLWWJZMPHJJOPH-PHDIDXHHSA-N,Streptomyces sp. 4F,-0.45860310572117785,8.659536940709707e-07,0.45860310572117785,negative
HILICZ_negative|NAME:,Streptomyces bingchenggensis,-0.4585902410087997,8.666427265147175e-07,0.4585902410087997,negative
C18_positive|IK:LVFCLUMIBMHAFL-HMUNZLOLSA-N,Streptomyces sp. NEAU-S7GS2,-0.4585831452374216,8.670229977021505e-07,0.4585831452374216,negative
C18_positive|NAME:,Amycolatopsis mediterranei,-0.45856897790313983,8.677827163044523e-07,0.45856897790313983,negative
C18_negative|IK:SMUMBCREXHTKFN-VZOUQOBNSA-N,Pseudomonas mendocina,0.4585095460134094,8.709766186209338e-07,0.4585095460134094,positive
C18_negative|IK:BJEPYKJPYRNKOW-REOHCLBHSA-N,Arthrobacter alpinus,-0.458483227505193,8.723945495155094e-07,0.458483227505193,negative
C18_positive|IK:LVFCLUMIBMHAFL-HMUNZLOLSA-N,Pantoea agglomerans,0.4584669144508503,8.73274527546993e-07,0.4584669144508503,positive
HILICZ_negative|NAME:,Streptomyces sp. RTd22,-0.4584391780896351,8.747726483978646e-07,0.4584391780896351,negative
HILICZ_negative|IK:GHOKWGTUZJEAQD-UHFFFAOYSA-N,Myxococcus xanthus,-0.4584378755807556,8.748430605597857e-07,0.4584378755807556,negative
HILICZ_negative|NAME:,Amycolatopsis mediterranei,-0.458434200725953,8.750417480536724e-07,0.458434200725953,negative
C18_positive|IK:FATBGEAMYMYZAF-KTKRTIGZSA-N,Streptomyces katrae,-0.45843227263981073,8.75146010546301e-07,0.45843227263981073,negative
C18_negative|IK:BJEPYKJPYRNKOW-REOHCLBHSA-N,Streptomyces sp. NEAU-S7GS2,-0.45842804736235826,8.753745363433824e-07,0.45842804736235826,negative
C18_positive|IK:RGHHSNMVTDWUBI-UHFFFAOYSA-N,Pseudomonas sp. NS1(2017),0.4584193032719225,8.758476437370138e-07,0.4584193032719225,positive
HILICZ_negative|NAME:,Pimelobacter simplex,-0.45841465398322473,8.760992967243778e-07,0.45841465398322473,negative
HILICZ_negative|IK:SLWWJZMPHJJOPH-PHDIDXHHSA-N,Pseudomonas sp. LG1E9,0.45841143879342644,8.76273366069499e-07,0.45841143879342644,positive
C18_negative|IK:SMUMBCREXHTKFN-VZOUQOBNSA-N,Plantactinospora sp. KBS50,-0.4584101413935151,8.763436161753331e-07,0.4584101413935151,negative
HILICZ_positive|IK:SIOXPEMLGUPBBT-UHFFFAOYSA-N,Micromonospora echinaurantiaca,-0.4584034996283126,8.767033304676175e-07,0.4584034996283126,negative
C18_positive|IK:FATBGEAMYMYZAF-KTKRTIGZSA-N,Pseudomonas sp. LG1E9,0.45837899823386524,8.780315241284419e-07,0.45837899823386524,positive
HILICZ_positive|IK:SIOXPEMLGUPBBT-UHFFFAOYSA-N,Plantactinospora sp. KBS50,-0.45836365074652513,8.788644666512492e-07,0.45836365074652513,negative
HILICZ_positive|IK:RGHHSNMVTDWUBI-UHFFFAOYSA-N,Streptomyces sp. TLI_053,-0.45836208066633694,8.789497206730245e-07,0.45836208066633694,negative
HILICZ_negative|IK:JVQYSWDUAOAHFM-UHFFFAOYSA-N,Pseudomonas lini,0.4583343245612378,8.804581494972444e-07,0.4583343245612378,positive
HILICZ_positive|IK:SIOXPEMLGUPBBT-UHFFFAOYSA-N,Opitutus sp. GAS368,-0.45832515009216035,8.809572835063443e-07,0.45832515009216035,negative
C18_negative|IK:CZDNLUMNELLDDD-QZFWYPLZSA-N,Halomonas sp. JS92-SW72,-0.45831858800152225,8.813144565631657e-07,0.45831858800152225,negative
C18_positive|IK:RCFGIEPQSDGMJJ-UHFFFAOYSA-N,Streptomyces sp. GSSD-12,-0.45831778657331823,8.813580875247372e-07,0.45831778657331823,negative
HILICZ_positive|IK:SIOXPEMLGUPBBT-UHFFFAOYSA-N,Streptomyces albulus,-0.45831580222288076,8.814661273770247e-07,0.45831580222288076,negative
C18_positive|IK:RGHHSNMVTDWUBI-UHFFFAOYSA-N,Planctomyces sp. SH-PL62,-0.4582862487339433,8.830766829546482e-07,0.4582862487339433,negative
C18_negative|NAME:,Kutzneria albida,-0.4582791198129773,8.834656004133385e-07,0.4582791198129773,negative
C18_positive|IK:NGFMICBWJRZIBI-UHFFFAOYSA-N,Mycobacterium avium,-0.45826399883358926,8.84291061594712e-07,0.45826399883358926,negative
HILICZ_negative|IK:VRYALKFFQXWPIH-UHFFFAOYSA-N,Nakamurella panacisegetis,-0.458244064069136,8.853804276575942e-07,0.458244064069136,negative
C18_negative|IK:CZDNLUMNELLDDD-QZFWYPLZSA-N,Frankia alni,-0.45823936801043497,8.856372362635179e-07,0.45823936801043497,negative
C18_negative|IK:CZDNLUMNELLDDD-QZFWYPLZSA-N,Micromonospora inositola,-0.458228893862887,8.862102799511034e-07,0.458228893862887,negative
HILICZ_negative|NAME:,Nocardioides dokdonensis,-0.4582158296912904,8.869255175759111e-07,0.4582158296912904,negative
C18_positive|IK:RGHHSNMVTDWUBI-UHFFFAOYSA-N,Pseudomonas sp. CMR5c,0.4581987980104889,8.878587908292385e-07,0.4581987980104889,positive
C18_negative|IK:CZDNLUMNELLDDD-QZFWYPLZSA-N,Bradyrhizobium erythrophlei,-0.4581874354910993,8.884819329419753e-07,0.4581874354910993,negative
C18_positive|IK:SIKJAQJRHWYJAI-UHFFFAOYSA-N,Kutzneria albida,-0.4581658311348008,8.896679013526237e-07,0.4581658311348008,negative
HILICZ_negative|NAME:,Pseudomonas prosekii,0.4581606350513512,8.899533636386838e-07,0.4581606350513512,positive
C18_negative|IK:CZDNLUMNELLDDD-QZFWYPLZSA-N,Candidatus Koribacter versatilis,-0.4581222664305184,8.920639490617344e-07,0.4581222664305184,negative
C18_positive|IK:KZSNJWFQEVHDMF-BYPYZUCNSA-N,Pseudomonas sp. LAB-08,0.4581185807670938,8.922669402214891e-07,0.4581185807670938,positive
C18_positive|IK:NJMQSVWMCODQIP-FQXXIRCGSA-N,Pseudomonas corrugata,0.4580985198053153,8.933725839003464e-07,0.4580985198053153,positive
C18_negative|NAME:,Granulicella mallensis,-0.4580695772795839,8.949700181104466e-07,0.4580695772795839,negative
HILICZ_negative|IK:AAWZDTNXLSGCEK-LNVDRNJUSA-N,Homo sapiens,-0.45805931094546737,8.955373019568276e-07,0.45805931094546737,negative
HILICZ_positive|IK:KWIUHFFTVRNATP-UHFFFAOYSA-N,Rhizobium favelukesii,0.4580588289520408,8.955639437089778e-07,0.4580588289520408,positive
C18_negative|IK:NGFMICBWJRZIBI-UHFFFAOYSA-N,Clavibacter michiganensis,-0.45804229353372455,8.964783795101558e-07,0.45804229353372455,negative
C18_negative|IK:LWYJCVVIVLBLID-UHFFFAOYSA-N,Kitasatospora aureofaciens,0.4580145878881242,8.980125328381038e-07,0.4580145878881242,positive
HILICZ_negative|IK:KCOOTJRKKIDHTM-UHFFFAOYSA-N,Phycicoccus dokdonensis,-0.4579913142336532,8.993031965504531e-07,0.4579913142336532,negative
C18_positive|IK:KZSNJWFQEVHDMF-BYPYZUCNSA-N,Pseudomonas syringae,0.4579904946669577,8.993486784962967e-07,0.4579904946669577,positive
C18_positive|IK:NJMQSVWMCODQIP-FQXXIRCGSA-N,Streptomyces sp. fd1-xmd,-0.4579888208750624,8.99441572544237e-07,0.4579888208750624,negative
HILICZ_negative|IK:WJAOHEPEBANKEO-UHFFFAOYSA-N,Streptomyces actuosus,0.4579846002921622,8.996758517724123e-07,0.4579846002921622,positive
HILICZ_negative|IK:WJAOHEPEBANKEO-UHFFFAOYSA-N,Streptomyces ambofaciens,0.45797271218954216,9.003360565304561e-07,0.45797271218954216,positive
HILICZ_negative|IK:ODHCTXKNWHHXJC-UHFFFAOYSA-N,Thermobispora bispora,-0.45795590084068283,9.012704578459352e-07,0.45795590084068283,negative
HILICZ_positive|IK:SIOXPEMLGUPBBT-UHFFFAOYSA-N,Pseudomonas yamanorum,0.4579440940663583,9.019272468167971e-07,0.4579440940663583,positive
HILICZ_negative|IK:GHOKWGTUZJEAQD-UHFFFAOYSA-N,Anaeromyxobacter dehalogenans,-0.4579195061313517,9.032964856238945e-07,0.4579195061313517,negative
C18_positive|IK:SIKJAQJRHWYJAI-UHFFFAOYSA-N,Pseudomonas fulva,0.4579129789464708,9.036602988072517e-07,0.4579129789464708,positive
C18_negative|IK:BJEPYKJPYRNKOW-REOHCLBHSA-N,Micromonospora echinaurantiaca,-0.45791245765788613,9.036893604593179e-07,0.45791245765788613,negative
C18_negative|IK:SMUMBCREXHTKFN-VZOUQOBNSA-N,Granulicella tundricola,-0.457906044211401,9.040469803647686e-07,0.457906044211401,negative
C18_positive|IK:UAUDZVJPLUQNMU-KTKRTIGZSA-N,Streptomyces violaceoruber,-0.45787818294877664,9.056021099070361e-07,0.45787818294877664,negative
C18_positive|IK:RCFGIEPQSDGMJJ-UHFFFAOYSA-N,Streptomyces fulvissimus,-0.45787287825672524,9.058984888360879e-07,0.45787287825672524,negative
HILICZ_negative|IK:AAWZDTNXLSGCEK-LNVDRNJUSA-N,Streptomyces sp. ETH9427,-0.45787186109917954,9.059553290488413e-07,0.45787186109917954,negative
C18_positive|NAME:,Pseudolabrys taiwanensis,-0.4578656129942482,9.0630455627634e-07,0.4578656129942482,negative
C18_negative|NAME:,Pseudomonas brassicacearum,0.45786136165593183,9.065422506202263e-07,0.45786136165593183,positive
C18_positive|IK:LVFCLUMIBMHAFL-HMUNZLOLSA-N,Methylosinus trichosporium,-0.45784137350980814,9.076605901679316e-07,0.45784137350980814,negative
C18_positive|IK:NGFMICBWJRZIBI-UHFFFAOYSA-N,Pseudomonas fluorescens,0.4578358218764393,9.079714369635313e-07,0.4578358218764393,positive
C18_positive|IK:NGFMICBWJRZIBI-UHFFFAOYSA-N,Pseudomonas stutzeri,0.45783508328629036,9.080127996786381e-07,0.45783508328629036,positive
C18_negative|NAME:,Pseudomonas vancouverensis,0.45781396415337205,9.091962752994148e-07,0.45781396415337205,positive
HILICZ_negative|IK:COLNVLDHVKWLRT-QMMMGPOBSA-N,Pseudomonas aeruginosa,0.457811953598116,9.093090191975471e-07,0.457811953598116,positive
HILICZ_negative|IK:ODHCTXKNWHHXJC-UHFFFAOYSA-N,Kitasatospora sp. MMS16-BH015,-0.45780717895245593,9.095768153755293e-07,0.45780717895245593,negative
C18_positive|IK:RCFGIEPQSDGMJJ-UHFFFAOYSA-N,Streptomyces sp. CCM_MD2014,-0.4577989829740665,9.100366787262213e-07,0.4577989829740665,negative
C18_positive|IK:SIKJAQJRHWYJAI-UHFFFAOYSA-N,Pseudomonas mendocina,0.45778188597153946,9.109966743824963e-07,0.45778188597153946,positive
C18_positive|IK:RGHHSNMVTDWUBI-UHFFFAOYSA-N,Pseudomonas alkylphenolica,0.4577509337095129,9.127370862368922e-07,0.4577509337095129,positive
C18_negative|IK:BJEPYKJPYRNKOW-REOHCLBHSA-N,Streptomyces sp. 2323.1,-0.45774308913387485,9.131786788429074e-07,0.45774308913387485,negative
HILICZ_negative|NAME:,Actinosynnema pretiosum,-0.4576831058643862,9.1656200658502e-07,0.4576831058643862,negative
C18_positive|IK:RGHHSNMVTDWUBI-UHFFFAOYSA-N,Singulisphaera acidiphila,-0.45767835907451615,9.168302540914015e-07,0.45767835907451615,negative
HILICZ_negative|IK:PFTAWBLQPZVEMU-UHFFFAOYSA-N,Janibacter indicus,-0.4576677741252622,9.174286920675581e-07,0.4576677741252622,negative
C18_positive|IK:RGHHSNMVTDWUBI-UHFFFAOYSA-N,Micromonospora krabiensis,-0.45765793140851874,9.179854991133995e-07,0.45765793140851874,negative
C18_negative|IK:SMUMBCREXHTKFN-VZOUQOBNSA-N,Streptomyces albireticuli,-0.4576512867688958,9.183615706787639e-07,0.4576512867688958,negative
HILICZ_positive|IK:SIOXPEMLGUPBBT-UHFFFAOYSA-N,Pseudomonas mucidolens,0.4576499920695169,9.184348647429665e-07,0.4576499920695169,positive
HILICZ_negative|IK:KCOOTJRKKIDHTM-UHFFFAOYSA-N,Nocardiopsis dassonvillei,-0.4576429095601924,9.188359099969485e-07,0.4576429095601924,negative
HILICZ_negative|IK:WJAOHEPEBANKEO-UHFFFAOYSA-N,Streptomyces puniciscabiei,0.45763149131757197,9.194828148094348e-07,0.45763149131757197,positive
C18_negative|NAME:,Nocardiopsis gilva,-0.4576306244402417,9.195319457094911e-07,0.4576306244402417,negative
HILICZ_positive|IK:PUQSUZTXKPLAPR-UJPOAAIJSA-N,Nocardia brasiliensis,-0.45762891119711857,9.196290523272183e-07,0.45762891119711857,negative
HILICZ_positive|IK:PUQSUZTXKPLAPR-UJPOAAIJSA-N,Pseudomonas corrugata,0.4576206215845606,9.200990449665867e-07,0.4576206215845606,positive
HILICZ_positive|IK:COLNVLDHVKWLRT-QMMMGPOBSA-N,Pseudomonas vancouverensis,0.457615406765105,9.203948241038588e-07,0.457615406765105,positive
C18_positive|IK:FATBGEAMYMYZAF-KTKRTIGZSA-N,Pseudomonas mediterranea,0.45759055712855534,9.218055089217945e-07,0.45759055712855534,positive
C18_positive|NAME:,Pseudomonas fragi,0.45755178717744327,9.240105303691772e-07,0.45755178717744327,positive
C18_positive|IK:LVFCLUMIBMHAFL-HMUNZLOLSA-N,Kibdelosporangium phytohabitans,-0.45752181082827137,9.257188487352522e-07,0.45752181082827137,negative
C18_positive|NAME:,Jiangella alkaliphila,-0.4575176373788161,9.2595692635759e-07,0.4575176373788161,negative
C18_negative|IK:SMUMBCREXHTKFN-VZOUQOBNSA-N,Streptomyces cattleya,-0.45751461273837074,9.261295055855564e-07,0.45751461273837074,negative
C18_positive|IK:UAUDZVJPLUQNMU-KTKRTIGZSA-N,Streptomyces olivoreticuli,-0.4575110928333831,9.263303819137216e-07,0.4575110928333831,negative
HILICZ_positive|IK:RGHHSNMVTDWUBI-UHFFFAOYSA-N,Pseudomonas sp. LAB-08,0.4574818515203936,9.280007434554707e-07,0.4574818515203936,positive
C18_negative|IK:BJEPYKJPYRNKOW-REOHCLBHSA-N,Streptomyces lydicus,-0.45744531348529666,9.300919335238264e-07,0.45744531348529666,negative
HILICZ_positive|IK:RGHHSNMVTDWUBI-UHFFFAOYSA-N,Pseudomonas sp. UW4,0.45744213832968944,9.302738688922059e-07,0.45744213832968944,positive
HILICZ_positive|IK:RGHHSNMVTDWUBI-UHFFFAOYSA-N,Chryseolinea sp. KIS68-18,0.45740064608741515,9.326544655672065e-07,0.45740064608741515,positive
HILICZ_positive|IK:RGHHSNMVTDWUBI-UHFFFAOYSA-N,Streptomyces xinghaiensis,-0.45738217276019466,9.337162214592824e-07,0.45738217276019466,negative
C18_positive|NAME:,Pseudomonas alkylphenolica,0.4573722026721135,9.342897292772316e-07,0.4573722026721135,positive
HILICZ_negative|IK:GHOKWGTUZJEAQD-UHFFFAOYSA-N,Sorangium cellulosum,-0.45735468100380816,9.352984351068436e-07,0.45735468100380816,negative
C18_negative|IK:SMUMBCREXHTKFN-VZOUQOBNSA-N,Pseudomonas fulva,0.4573545061035701,9.353085091526391e-07,0.4573545061035701,positive
HILICZ_positive|IK:SIOXPEMLGUPBBT-UHFFFAOYSA-N,Pseudomonas cichorii,0.45734187397328696,9.360363770496774e-07,0.45734187397328696,positive
C18_negative|IK:BJEPYKJPYRNKOW-REOHCLBHSA-N,Nitrobacter hamburgensis,-0.4573305695999535,9.366881946014993e-07,0.4573305695999535,negative
HILICZ_negative|IK:SLWWJZMPHJJOPH-PHDIDXHHSA-N,Pseudonocardia sp. HH130629-09,-0.4573193030911727,9.373382571985485e-07,0.4573193030911727,negative
C18_positive|IK:SIKJAQJRHWYJAI-UHFFFAOYSA-N,Kitasatospora sp. MMS16-BH015,-0.45730377715968307,9.382347840020335e-07,0.45730377715968307,negative
C18_negative|IK:NGFMICBWJRZIBI-UHFFFAOYSA-N,Sandaracinus amylolyticus,-0.45727957044011847,9.396341955104544e-07,0.45727957044011847,negative
HILICZ_negative|IK:GHOKWGTUZJEAQD-UHFFFAOYSA-N,Chondromyces crocatus,-0.45726299078724425,9.405938217509438e-07,0.45726299078724425,negative
C18_positive|NAME:,Streptomyces cattleya,-0.45724905224594786,9.414013002556172e-07,0.45724905224594786,negative
C18_negative|IK:SMUMBCREXHTKFN-VZOUQOBNSA-N,Micromonospora echinaurantiaca,-0.4572076055642877,9.43806248451673e-07,0.4572076055642877,negative
C18_negative|IK:BJEPYKJPYRNKOW-REOHCLBHSA-N,Micromonospora purpureochromogenes,-0.4571654773690355,9.462567125216386e-07,0.4571654773690355,negative
C18_positive|IK:NJMQSVWMCODQIP-FQXXIRCGSA-N,Streptomyces cattleya,-0.4571646690500719,9.463037888322022e-07,0.4571646690500719,negative
HILICZ_negative|IK:OKVJCVWFVRATSG-UHFFFAOYSA-N,Bradyrhizobium erythrophlei,-0.45713003878844494,9.483227347687225e-07,0.45713003878844494,negative
HILICZ_negative|IK:JVQYSWDUAOAHFM-UHFFFAOYSA-N,Pseudomonas reinekei,0.45712816730412714,9.48431958669735e-07,0.45712816730412714,positive
HILICZ_positive|IK:PUQSUZTXKPLAPR-UJPOAAIJSA-N,Actinoplanes teichomyceticus,-0.4571266244678746,9.485220109262869e-07,0.4571266244678746,negative
HILICZ_negative|IK:WJAOHEPEBANKEO-UHFFFAOYSA-N,Bradyrhizobiaceae bacterium SG-6C,0.45711434160989267,9.49239226035913e-07,0.45711434160989267,positive
C18_negative|IK:BJEPYKJPYRNKOW-REOHCLBHSA-N,Opitutus sp. GAS368,-0.4570970596481275,9.502492175812041e-07,0.4570970596481275,negative
HILICZ_negative|IK:KCOOTJRKKIDHTM-UHFFFAOYSA-N,Streptomyces xiamenensis,-0.4570618102989921,9.52312418704642e-07,0.4570618102989921,negative
HILICZ_negative|IK:SLWWJZMPHJJOPH-PHDIDXHHSA-N,Pseudonocardia dioxanivorans,-0.4570563804951265,9.52630611254628e-07,0.4570563804951265,negative
C18_positive|IK:RGHHSNMVTDWUBI-UHFFFAOYSA-N,Pseudomonas sp. DR 5-09,0.4570381870539456,9.536975022817421e-07,0.4570381870539456,positive
HILICZ_negative|NAME:,Paludisphaera borealis,-0.45697429904971376,9.574529758553694e-07,0.45697429904971376,negative
C18_positive|IK:LVFCLUMIBMHAFL-HMUNZLOLSA-N,Streptomyces sp. WAC00288,-0.4569742096050045,9.574582434251118e-07,0.4569742096050045,negative
C18_positive|IK:LVFCLUMIBMHAFL-HMUNZLOLSA-N,Saccharothrix espanaensis,-0.4569548846585908,9.585969711310198e-07,0.4569548846585908,negative
HILICZ_negative|IK:PFTAWBLQPZVEMU-UHFFFAOYSA-N,Nakamurella multipartita,-0.45695270425516554,9.58725532601494e-07,0.45695270425516554,negative
C18_positive|NAME:,Micromonospora echinaurantiaca,-0.4569471833162801,9.590511326547086e-07,0.4569471833162801,negative
HILICZ_positive|IK:KWIUHFFTVRNATP-UHFFFAOYSA-N,Streptomyces hundungensis,-0.45693273332869605,9.59903824228118e-07,0.45693273332869605,negative
HILICZ_negative|IK:KCOOTJRKKIDHTM-UHFFFAOYSA-N,Pseudomonas sp. UW4,0.45690743258345634,9.61398549263651e-07,0.45690743258345634,positive
HILICZ_negative|IK:JVQYSWDUAOAHFM-UHFFFAOYSA-N,Amycolatopsis albispora,-0.4569043761099763,9.615792698951043e-07,0.4569043761099763,negative
HILICZ_negative|IK:WJAOHEPEBANKEO-UHFFFAOYSA-N,Anaeromyxobacter dehalogenans,0.4568992819049814,9.618805474285888e-07,0.4568992819049814,positive
C18_positive|IK:FATBGEAMYMYZAF-KTKRTIGZSA-N,Rhodopseudomonas palustris,-0.4568860506284199,9.626634796490745e-07,0.4568860506284199,negative
C18_negative|IK:BJEPYKJPYRNKOW-REOHCLBHSA-N,Lacunisphaera limnophila,-0.45688529342657114,9.627083037125979e-07,0.45688529342657114,negative
C18_positive|IK:SIKJAQJRHWYJAI-UHFFFAOYSA-N,Intrasporangium calvum,-0.45686239069146817,9.640650122569194e-07,0.45686239069146817,negative
C18_positive|IK:NGFMICBWJRZIBI-UHFFFAOYSA-N,Massilia sp. YMA4,0.4568578974712402,9.643313935994705e-07,0.4568578974712402,positive
HILICZ_negative|IK:YCIMNLLNPGFGHC-UHFFFAOYSA-N,Pantoea agglomerans,0.45685182536431324,9.646914904268569e-07,0.45685182536431324,positive
C18_negative|IK:CZDNLUMNELLDDD-QZFWYPLZSA-N,Nakamurella panacisegetis,-0.45683517286131786,9.656796956959285e-07,0.45683517286131786,negative
C18_positive|IK:NJMQSVWMCODQIP-FQXXIRCGSA-N,Pimelobacter simplex,-0.45683202808986034,9.658664228116658e-07,0.45683202808986034,negative
HILICZ_negative|IK:SLWWJZMPHJJOPH-PHDIDXHHSA-N,Streptomyces sp. RTd22,-0.4568171516577419,9.667502050559617e-07,0.4568171516577419,negative
HILICZ_positive|IK:PUQSUZTXKPLAPR-UJPOAAIJSA-N,Pseudonocardia sp. HH130629-09,-0.45681370457327974,9.669550996007036e-07,0.45681370457327974,negative
HILICZ_negative|IK:ODHCTXKNWHHXJC-UHFFFAOYSA-N,Thermomonospora curvata,-0.45681287774214674,9.670042525297155e-07,0.45681287774214674,negative
HILICZ_negative|IK:KCOOTJRKKIDHTM-UHFFFAOYSA-N,Streptomyces sp. SCSIO 03032,-0.4567971510749459,9.679396126944232e-07,0.4567971510749459,negative
C18_positive|NAME:,Streptomyces albireticuli,-0.45679211201638537,9.682394975024082e-07,0.45679211201638537,negative
HILICZ_negative|IK:OKVJCVWFVRATSG-UHFFFAOYSA-N,Pseudomonas brassicacearum,0.45676837881439397,9.696530946980954e-07,0.45676837881439397,positive
HILICZ_negative|IK:SLWWJZMPHJJOPH-PHDIDXHHSA-N,Pseudomonas stutzeri,0.45676371213161593,9.699312818739513e-07,0.45676371213161593,positive
HILICZ_positive|IK:RGHHSNMVTDWUBI-UHFFFAOYSA-N,Streptomyces cattleya,-0.4567587049308336,9.702298519582007e-07,0.4567587049308336,negative
C18_positive|IK:NGFMICBWJRZIBI-UHFFFAOYSA-N,Streptomyces sp. HNM0039,-0.4567540060596668,9.705101161970255e-07,0.4567540060596668,negative
C18_positive|IK:RCFGIEPQSDGMJJ-UHFFFAOYSA-N,Streptomyces glaucescens,-0.4567506382455467,9.707110367532938e-07,0.4567506382455467,negative
C18_negative|IK:BJEPYKJPYRNKOW-REOHCLBHSA-N,Tessaracoccus sp. T2.5-30,-0.4567304190440335,9.719181245128446e-07,0.4567304190440335,negative
HILICZ_positive|IK:PUQSUZTXKPLAPR-UJPOAAIJSA-N,Singulisphaera acidiphila,-0.45671286838306696,9.729670542114416e-07,0.45671286838306696,negative
C18_positive|NAME:,Streptomyces sp. Mg1,-0.4567038197520015,9.735082724594608e-07,0.4567038197520015,negative
C18_negative|NAME:,Pseudomonas sp. UW4,0.45670372977524964,9.735136555975027e-07,0.45670372977524964,positive
C18_positive|IK:NGFMICBWJRZIBI-UHFFFAOYSA-N,Massilia armeniaca,0.4566992811071489,9.737798461601907e-07,0.4566992811071489,positive
HILICZ_positive|IK:RGHHSNMVTDWUBI-UHFFFAOYSA-N,Catenulispora acidiphila,-0.45668075616134124,9.74889047444087e-07,0.45668075616134124,negative
C18_positive|IK:FATBGEAMYMYZAF-KTKRTIGZSA-N,Pseudomonas orientalis,0.45660594494674195,9.79380652473696e-07,0.45660594494674195,positive
C18_negative|IK:BJEPYKJPYRNKOW-REOHCLBHSA-N,Bradyrhizobium erythrophlei,-0.4566021675746334,9.796079625375455e-07,0.4566021675746334,negative
C18_positive|IK:LVFCLUMIBMHAFL-HMUNZLOLSA-N,Paludisphaera borealis,-0.4565774546388835,9.810963421714285e-07,0.4565774546388835,negative
C18_positive|IK:FATBGEAMYMYZAF-KTKRTIGZSA-N,Pseudomonas corrugata,0.45657442125489023,9.812791807156909e-07,0.45657442125489023,positive
C18_positive|IK:SIKJAQJRHWYJAI-UHFFFAOYSA-N,Phycicoccus dokdonensis,-0.456569645323332,9.815671175678988e-07,0.456569645323332,negative
HILICZ_positive|IK:CZMRCDWAGMRECN-UGDNZRGBSA-N,Pseudomonas umsongensis,0.4565572375741162,9.823155447518783e-07,0.4565572375741162,positive
C18_positive|IK:RGHHSNMVTDWUBI-UHFFFAOYSA-N,Pseudonocardia sp. HH130630-07,-0.45655240823809534,9.826069933784507e-07,0.45655240823809534,negative
HILICZ_negative|IK:OKVJCVWFVRATSG-UHFFFAOYSA-N,Homo sapiens,-0.4565475177872126,9.829022138321449e-07,0.4565475177872126,negative
C18_negative|IK:WJAOHEPEBANKEO-UHFFFAOYSA-N,Bradyrhizobium sp. CCGE-LA001,0.4565354919072003,9.836285344928096e-07,0.4565354919072003,positive
HILICZ_positive|IK:SIOXPEMLGUPBBT-UHFFFAOYSA-N,Pseudomonas sp. StFLB209,0.45650443262490764,9.855067610327296e-07,0.45650443262490764,positive
C18_positive|IK:UAUDZVJPLUQNMU-KTKRTIGZSA-N,Actinoplanes derwentensis,-0.4564768898099057,9.871751836029785e-07,0.4564768898099057,negative
HILICZ_negative|IK:JVQYSWDUAOAHFM-UHFFFAOYSA-N,Kibdelosporangium phytohabitans,-0.45646822333063586,9.877007145856343e-07,0.45646822333063586,negative
C18_positive|IK:KZSNJWFQEVHDMF-BYPYZUCNSA-N,Streptomyces albus,-0.45646500015443064,9.878962340625432e-07,0.45646500015443064,negative
C18_positive|IK:LVFCLUMIBMHAFL-HMUNZLOLSA-N,Pseudomonas synxantha,0.4564233561456406,9.904256833861932e-07,0.4564233561456406,positive
HILICZ_positive|IK:COLNVLDHVKWLRT-QMMMGPOBSA-N,Frankia alni,-0.45640834726444696,9.913388247975833e-07,0.45640834726444696,negative
HILICZ_negative|IK:DRTQHJPVMGBUCF-UHFFFAOYSA-N,Candidatus Solibacter usitatus,-0.4563939988005889,9.922125327945279e-07,0.4563939988005889,negative
HILICZ_negative|IK:KCOOTJRKKIDHTM-UHFFFAOYSA-N,Kitasatospora sp. MMS16-BH015,-0.4563879954554117,9.925783056888525e-07,0.4563879954554117,negative
C18_positive|IK:RCFGIEPQSDGMJJ-UHFFFAOYSA-N,Streptomyces ambofaciens,-0.4563419230160235,9.953896749649902e-07,0.4563419230160235,negative
C18_negative|IK:CZDNLUMNELLDDD-QZFWYPLZSA-N,Pseudomonas reinekei,0.4562962353528516,9.98185020878942e-07,0.4562962353528516,positive
HILICZ_negative|IK:WJAOHEPEBANKEO-UHFFFAOYSA-N,Anaeromyxobacter sp. Fw109-5,0.4562841467710557,9.989258910414808e-07,0.4562841467710557,positive
C18_positive|IK:SIKJAQJRHWYJAI-UHFFFAOYSA-N,Streptomyces cattleya,-0.4562564886101699,1.000622932355068e-06,0.4562564886101699,negative
C18_negative|IK:LWYJCVVIVLBLID-UHFFFAOYSA-N,Kitasatospora setae,0.45625255314754287,1.0008646253873295e-06,0.45625255314754287,positive
HILICZ_negative|IK:AAWZDTNXLSGCEK-LNVDRNJUSA-N,Streptomyces peucetius,-0.45625234590869135,1.0008773543163772e-06,0.45625234590869135,negative
HILICZ_positive|IK:RGHHSNMVTDWUBI-UHFFFAOYSA-N,Pseudomonas protegens,0.4562363417362514,1.0018608190430663e-06,0.4562363417362514,positive
C18_negative|IK:NGFMICBWJRZIBI-UHFFFAOYSA-N,Streptomyces pristinaespiralis,-0.4562331224725422,1.0020587551495395e-06,0.4562331224725422,negative
HILICZ_negative|IK:VRYALKFFQXWPIH-UHFFFAOYSA-N,Streptosporangium sp. 'caverna',-0.4562284868937747,1.0023438383927043e-06,0.4562284868937747,negative
C18_positive|IK:SIKJAQJRHWYJAI-UHFFFAOYSA-N,Saccharopolyspora erythraea,-0.4561977354759171,1.004236966775335e-06,0.4561977354759171,negative
C18_positive|NAME:,Candidatus Koribacter versatilis,-0.45618923044101223,1.0047611546581501e-06,0.45618923044101223,negative
HILICZ_positive|IK:KWIUHFFTVRNATP-UHFFFAOYSA-N,Streptomyces sp. HNM0039,-0.45617200123969087,1.0058238313877036e-06,0.45617200123969087,negative
HILICZ_negative|IK:COLNVLDHVKWLRT-QMMMGPOBSA-N,Streptomyces virus Amela,0.4561696696588507,1.0059677223820186e-06,0.4561696696588507,positive
HILICZ_negative|IK:SLWWJZMPHJJOPH-PHDIDXHHSA-N,Nocardia brasiliensis,-0.45616249352114585,1.0064107124798322e-06,0.45616249352114585,negative
C18_positive|IK:KZSNJWFQEVHDMF-BYPYZUCNSA-N,Jiangella alkaliphila,-0.4561444611669881,1.007524684190187e-06,0.4561444611669881,negative
C18_positive|IK:NJMQSVWMCODQIP-FQXXIRCGSA-N,Streptomyces globosus,-0.45611156855478613,1.0095596796509118e-06,0.45611156855478613,negative
HILICZ_negative|IK:WJAOHEPEBANKEO-UHFFFAOYSA-N,Modestobacter marinus,0.4561051157725697,1.0099593565209352e-06,0.4561051157725697,positive
HILICZ_negative|IK:AAWZDTNXLSGCEK-LNVDRNJUSA-N,Pseudomonas mediterranea,0.4561037817451847,1.010042003142464e-06,0.4561037817451847,positive
HILICZ_negative|IK:GHOKWGTUZJEAQD-UHFFFAOYSA-N,Pseudomonas umsongensis,0.4560936992774154,1.0106668468586957e-06,0.4560936992774154,positive
C18_positive|IK:KZSNJWFQEVHDMF-BYPYZUCNSA-N,Pseudomonas silesiensis,0.456085657274858,1.0111654990000327e-06,0.456085657274858,positive
HILICZ_positive|IK:PUQSUZTXKPLAPR-UJPOAAIJSA-N,Pseudomonas sp. URMO17WK12:I11,0.45607652400698906,1.0117320990414208e-06,0.45607652400698906,positive
C18_negative|IK:BJEPYKJPYRNKOW-REOHCLBHSA-N,Pseudomonas umsongensis,0.45602644265451153,1.0148443487129503e-06,0.45602644265451153,positive
HILICZ_negative|IK:JVQYSWDUAOAHFM-UHFFFAOYSA-N,Alloactinosynnema sp. L-07,-0.4560201049091219,1.0152388473317367e-06,0.4560201049091219,negative
C18_positive|IK:NJMQSVWMCODQIP-FQXXIRCGSA-N,Streptomyces katrae,-0.4560196219518395,1.0152689154010735e-06,0.4560196219518395,negative
C18_positive|IK:FATBGEAMYMYZAF-KTKRTIGZSA-N,Pseudomonas thivervalensis,0.4560073828161255,1.0160311843454896e-06,0.4560073828161255,positive
HILICZ_positive|IK:RGHHSNMVTDWUBI-UHFFFAOYSA-N,Pseudomonas plecoglossicida,0.4559788390257847,1.0178110372236573e-06,0.4559788390257847,positive
HILICZ_positive|IK:SIOXPEMLGUPBBT-UHFFFAOYSA-N,Pseudonocardia sp. HH130630-07,-0.45597795673860564,1.0178660994683622e-06,0.45597795673860564,negative
HILICZ_positive|IK:PUQSUZTXKPLAPR-UJPOAAIJSA-N,Pseudomonas plecoglossicida,0.4559484071344013,1.0197118791913432e-06,0.4559484071344013,positive
HILICZ_positive|IK:PUQSUZTXKPLAPR-UJPOAAIJSA-N,Pseudomonas syringae,0.4559350737373603,1.0205457722270733e-06,0.4559350737373603,positive
C18_positive|IK:MMOXZBCLCQITDF-UHFFFAOYSA-N,Intrasporangium calvum,0.4559134932633275,1.0218968217557477e-06,0.4559134932633275,positive
HILICZ_positive|IK:RGHHSNMVTDWUBI-UHFFFAOYSA-N,Kitasatospora aureofaciens,-0.45591335965889834,1.0219051913656406e-06,0.45591335965889834,negative
C18_negative|IK:BJEPYKJPYRNKOW-REOHCLBHSA-N,Actinopolymorpha singaporensis,-0.4558950393591752,1.0230534768889986e-06,0.4558950393591752,negative
C18_positive|IK:NGFMICBWJRZIBI-UHFFFAOYSA-N,Streptomyces virus Amela,0.4558928797711737,1.0231889168132933e-06,0.4558928797711737,positive
HILICZ_positive|IK:PUQSUZTXKPLAPR-UJPOAAIJSA-N,Streptomyces globisporus,-0.4558759926735498,1.0242485882521106e-06,0.4558759926735498,negative
HILICZ_positive|IK:PUQSUZTXKPLAPR-UJPOAAIJSA-N,Pseudomonas synxantha,0.4558719434632876,1.0245028322869756e-06,0.4558719434632876,positive
C18_negative|IK:SMUMBCREXHTKFN-VZOUQOBNSA-N,Pseudomonas alkylphenolica,0.455855865939317,1.025512907329133e-06,0.455855865939317,positive
C18_positive|IK:NGFMICBWJRZIBI-UHFFFAOYSA-N,Nocardioides sp. CF8,-0.45585140439188954,1.0257933726618003e-06,0.45585140439188954,negative
C18_negative|IK:NGFMICBWJRZIBI-UHFFFAOYSA-N,Lentzea guizhouensis,-0.45583928654794414,1.0265555012784033e-06,0.45583928654794414,negative
C18_positive|IK:NJMQSVWMCODQIP-FQXXIRCGSA-N,Nocardioides dokdonensis,-0.4558368788768849,1.026706991069312e-06,0.4558368788768849,negative
C18_positive|IK:SIKJAQJRHWYJAI-UHFFFAOYSA-N,Pseudomonas aeruginosa,0.45583492492836275,1.0268299483848986e-06,0.45583492492836275,positive
HILICZ_negative|NAME:,Streptomyces sp. SM18,-0.45581736581336263,1.0279355282911585e-06,0.45581736581336263,negative
C18_negative|IK:BJEPYKJPYRNKOW-REOHCLBHSA-N,Sandaracinus amylolyticus,-0.45577202704778075,1.0307954291465411e-06,0.45577202704778075,negative
C18_positive|IK:LVFCLUMIBMHAFL-HMUNZLOLSA-N,Gordonia bronchialis,-0.4557586864205931,1.0316383713369562e-06,0.4557586864205931,negative
HILICZ_negative|NAME:,Candidatus Koribacter versatilis,-0.45575366324325545,1.0319559356774728e-06,0.45575366324325545,negative
HILICZ_positive|IK:KWIUHFFTVRNATP-UHFFFAOYSA-N,Saccharothrix espanaensis,-0.4557378165230976,1.0329583699650009e-06,0.4557378165230976,negative
HILICZ_negative|NAME:,Pseudomonas corrugata,0.4557183831258613,1.0341889513169136e-06,0.4557183831258613,positive
HILICZ_positive|IK:RGHHSNMVTDWUBI-UHFFFAOYSA-N,Streptomyces albireticuli,-0.45571557402933144,1.0343669467362446e-06,0.45571557402933144,negative
HILICZ_negative|IK:WCGUUGGRBIKTOS-GPOJBZKASA-N,Streptomyces virus R4,0.455651895742392,1.038409655202181e-06,0.455651895742392,positive
C18_positive|IK:MMOXZBCLCQITDF-UHFFFAOYSA-N,Pseudomonas cichorii,-0.45564161280162874,1.0390638859926194e-06,0.45564161280162874,negative
HILICZ_positive|IK:PUQSUZTXKPLAPR-UJPOAAIJSA-N,Pseudomonas rhizosphaerae,0.4556315943349207,1.0397016660450216e-06,0.4556315943349207,positive
HILICZ_negative|IK:AAWZDTNXLSGCEK-LNVDRNJUSA-N,Micromonospora viridifaciens,-0.45559246678030063,1.0421961012099313e-06,0.45559246678030063,negative
C18_negative|IK:KRKNYBCHXYNGOX-UHFFFAOYSA-N,Candidatus Solibacter usitatus,-0.4555732991076846,1.0434201363891274e-06,0.4555732991076846,negative
C18_negative|IK:SMUMBCREXHTKFN-VZOUQOBNSA-N,Streptomyces niveus,-0.4555435759163334,1.0453209363510273e-06,0.4555435759163334,negative
C18_positive|IK:LVFCLUMIBMHAFL-HMUNZLOLSA-N,Pseudomonas mediterranea,0.45553970515951125,1.0455687129849022e-06,0.45553970515951125,positive
HILICZ_positive|IK:COLNVLDHVKWLRT-QMMMGPOBSA-N,Streptomyces niveus,-0.4555269635691018,1.0463847268530131e-06,0.4555269635691018,negative
HILICZ_negative|IK:OKVJCVWFVRATSG-UHFFFAOYSA-N,Streptomyces sp. SCSIO 03032,-0.45551296085181225,1.047282203946342e-06,0.45551296085181225,negative
C18_positive|IK:SIKJAQJRHWYJAI-UHFFFAOYSA-N,Nakamurella panacisegetis,-0.4555094391288565,1.0475080368104615e-06,0.4555094391288565,negative
C18_positive|NAME:,Pseudomonas brenneri,0.45549341236405394,1.0485363472671997e-06,0.45549341236405394,positive
HILICZ_negative|IK:WJAOHEPEBANKEO-UHFFFAOYSA-N,Pseudomonas sp. LAB-08,-0.45548839608764286,1.0488583985886332e-06,0.45548839608764286,negative
HILICZ_positive|IK:WHUUTDBJXJRKMK-VKHMYHEASA-N,Pseudomonas thivervalensis,0.4554864548903283,1.0489830510920035e-06,0.4554864548903283,positive
C18_negative|IK:CZDNLUMNELLDDD-QZFWYPLZSA-N,Frankia sp. QA3,-0.45547713140067264,1.049581947638469e-06,0.45547713140067264,negative
C18_negative|IK:NGFMICBWJRZIBI-UHFFFAOYSA-N,Anaeromyxobacter dehalogenans,-0.45546296423444965,1.0504925995318874e-06,0.45546296423444965,negative
HILICZ_negative|IK:SLWWJZMPHJJOPH-PHDIDXHHSA-N,Pseudomonas extremorientalis,0.4554599745527803,1.0506848691155514e-06,0.4554599745527803,positive
C18_positive|IK:SIKJAQJRHWYJAI-UHFFFAOYSA-N,Kytococcus sedentarius,-0.45543827336768344,1.0520814957010735e-06,0.45543827336768344,negative
C18_positive|IK:NGFMICBWJRZIBI-UHFFFAOYSA-N,Pseudomonas sp. StFLB209,0.4553867807432023,1.055402461664326e-06,0.4553867807432023,positive
HILICZ_negative|IK:VRYALKFFQXWPIH-UHFFFAOYSA-N,Pseudomonas reinekei,0.45537988926092093,1.0558476744116864e-06,0.45537988926092093,positive
C18_positive|IK:FATBGEAMYMYZAF-KTKRTIGZSA-N,Pseudomonas agarici,0.4553674896673411,1.0566491780070323e-06,0.4553674896673411,positive
C18_negative|IK:SMUMBCREXHTKFN-VZOUQOBNSA-N,Frankia sp. EAN1pec,-0.4553518228446484,1.0576626986214095e-06,0.4553518228446484,negative
HILICZ_negative|IK:ODHCTXKNWHHXJC-UHFFFAOYSA-N,Streptomyces sp. SCSIO 03032,-0.4553346320511925,1.05877586878755e-06,0.4553346320511925,negative
HILICZ_positive|IK:KWIUHFFTVRNATP-UHFFFAOYSA-N,Kytococcus sedentarius,-0.4553179029078387,1.0598602117701918e-06,0.4553179029078387,negative
HILICZ_negative|IK:VRYALKFFQXWPIH-UHFFFAOYSA-N,Streptomyces bingchenggensis,-0.45530584820572456,1.0606422213186748e-06,0.45530584820572456,negative
HILICZ_negative|IK:VRYALKFFQXWPIH-UHFFFAOYSA-N,Actinopolymorpha singaporensis,-0.45530044636725914,1.0609928254772997e-06,0.45530044636725914,negative
HILICZ_positive|IK:KWIUHFFTVRNATP-UHFFFAOYSA-N,Opitutus sp. GAS368,-0.45529462919104147,1.0613705098495984e-06,0.45529462919104147,negative
C18_positive|IK:NJMQSVWMCODQIP-FQXXIRCGSA-N,Pseudomonas synxantha,0.4552707060736587,1.0629250760471407e-06,0.4552707060736587,positive
C18_positive|IK:KZSNJWFQEVHDMF-BYPYZUCNSA-N,Streptomyces globisporus,-0.45524915230522284,1.0643275263091376e-06,0.45524915230522284,negative
C18_negative|IK:BJEPYKJPYRNKOW-REOHCLBHSA-N,Sorangium cellulosum,-0.45524676675844294,1.0644828557149046e-06,0.45524676675844294,negative
HILICZ_negative|IK:VRYALKFFQXWPIH-UHFFFAOYSA-N,Frankia alni,-0.45522906681213904,1.065636018654209e-06,0.45522906681213904,negative
HILICZ_positive|IK:PUQSUZTXKPLAPR-UJPOAAIJSA-N,Pseudomonas prosekii,0.4552209017713475,1.0661683754666269e-06,0.4552209017713475,positive
C18_positive|IK:RGHHSNMVTDWUBI-UHFFFAOYSA-N,Pseudomonas agarici,0.45521697897995744,1.066424229281641e-06,0.45521697897995744,positive
HILICZ_positive|IK:KWIUHFFTVRNATP-UHFFFAOYSA-N,Plantactinospora sp. KBS50,-0.4551921861843977,1.0680426217091528e-06,0.4551921861843977,negative
C18_positive|IK:SIKJAQJRHWYJAI-UHFFFAOYSA-N,Amycolatopsis methanolica,-0.4551862814002278,1.0684284098684254e-06,0.4551862814002278,negative
HILICZ_positive|IK:RGHHSNMVTDWUBI-UHFFFAOYSA-N,Streptomyces sp. NEAU-S7GS2,-0.45515128041770087,1.070717907755448e-06,0.45515128041770087,negative
C18_positive|IK:RCFGIEPQSDGMJJ-UHFFFAOYSA-N,Streptomyces qaidamensis,-0.4551466051678288,1.0710240789514112e-06,0.4551466051678288,negative
HILICZ_positive|IK:PUQSUZTXKPLAPR-UJPOAAIJSA-N,Pseudomonas sp. UW4,0.4551426670850931,1.0712820391989072e-06,0.4551426670850931,positive
C18_positive|IK:NGFMICBWJRZIBI-UHFFFAOYSA-N,Pseudomonas sp. 31-12,0.45514252736004296,1.0712911928333189e-06,0.45514252736004296,positive
HILICZ_positive|IK:PUQSUZTXKPLAPR-UJPOAAIJSA-N,Pseudomonas sp. 02C 26,0.45513333334998546,1.0718936716497836e-06,0.45513333334998546,positive
HILICZ_positive|IK:RGHHSNMVTDWUBI-UHFFFAOYSA-N,Streptomyces albulus,-0.45513193457750045,1.071985360651788e-06,0.45513193457750045,negative
C18_positive|IK:LVFCLUMIBMHAFL-HMUNZLOLSA-N,Tessaracoccus sp. T2.5-30,-0.45513179543643806,1.0719944817018962e-06,0.45513179543643806,negative
HILICZ_positive|IK:PUQSUZTXKPLAPR-UJPOAAIJSA-N,Pseudomonas mediterranea,0.4551301268558559,1.0721038671300503e-06,0.4551301268558559,positive
HILICZ_positive|IK:RGHHSNMVTDWUBI-UHFFFAOYSA-N,Pseudomonas entomophila,0.4551133619538556,1.07320349411925e-06,0.4551133619538556,positive
C18_negative|IK:BJEPYKJPYRNKOW-REOHCLBHSA-N,Amycolatopsis methanolica,-0.45508308369235284,1.0751921862927923e-06,0.45508308369235284,negative
HILICZ_negative|IK:SLWWJZMPHJJOPH-PHDIDXHHSA-N,Pseudomonas trivialis,0.45506862528810393,1.0761430539890253e-06,0.45506862528810393,positive
HILICZ_negative|IK:AAWZDTNXLSGCEK-LNVDRNJUSA-N,Pseudomonas sp. CMR5c,0.45505315190954004,1.0771615554076274e-06,0.45505315190954004,positive
HILICZ_negative|IK:COLNVLDHVKWLRT-QMMMGPOBSA-N,Streptomyces sp. fd1-xmd,-0.45503200847372893,1.0785547537081524e-06,0.45503200847372893,negative
HILICZ_negative|IK:SLWWJZMPHJJOPH-PHDIDXHHSA-N,Pseudomonas psychrophila,0.45502107054055396,1.0792761541238958e-06,0.45502107054055396,positive
C18_positive|NAME:,Streptomyces rubrolavendulae,-0.4549794994620572,1.0820221085364837e-06,0.4549794994620572,negative
HILICZ_positive|IK:COLNVLDHVKWLRT-QMMMGPOBSA-N,Kutzneria albida,-0.4549526656590852,1.0837981167760446e-06,0.4549526656590852,negative
C18_positive|IK:NJMQSVWMCODQIP-FQXXIRCGSA-N,Methylosinus trichosporium,-0.4549278918673048,1.0854402355572255e-06,0.4549278918673048,negative
HILICZ_negative|IK:AAWZDTNXLSGCEK-LNVDRNJUSA-N,Nonomuraea sp. ATCC 55076,-0.4549182702107348,1.0860786381599176e-06,0.4549182702107348,negative
C18_positive|IK:FATBGEAMYMYZAF-KTKRTIGZSA-N,Pseudomonas azotoformans,0.45490110146216844,1.0872186792183215e-06,0.45490110146216844,positive
HILICZ_negative|IK:COLNVLDHVKWLRT-QMMMGPOBSA-N,Streptomyces lavendulae,-0.45489791178746686,1.087430605268347e-06,0.45489791178746686,negative
C18_negative|IK:RHBSLIMVGWKFQW-UHFFFAOYSA-N,Janthinobacterium sp. LM6,-0.4548828060218624,1.0884347836265567e-06,0.4548828060218624,negative
HILICZ_negative|IK:COLNVLDHVKWLRT-QMMMGPOBSA-N,Streptomyces sp. SCSIO 03032,-0.4548748816471394,1.0889619197952656e-06,0.4548748816471394,negative
HILICZ_positive|IK:KWIUHFFTVRNATP-UHFFFAOYSA-N,Burkholderia ambifaria,-0.45487244114945363,1.089124312527519e-06,0.45487244114945363,negative
C18_negative|IK:CZDNLUMNELLDDD-QZFWYPLZSA-N,Phycicoccus dokdonensis,-0.4548715996290152,1.0891803133158937e-06,0.4548715996290152,negative
C18_negative|IK:NGFMICBWJRZIBI-UHFFFAOYSA-N,Mycolicibacter sinensis,-0.4548600234201652,1.0899509541778766e-06,0.4548600234201652,negative
C18_negative|IK:NGFMICBWJRZIBI-UHFFFAOYSA-N,Cellulomonas fimi,-0.4548567508556982,1.0901689060770735e-06,0.4548567508556982,negative
C18_positive|IK:NJMQSVWMCODQIP-FQXXIRCGSA-N,Nocardioides sp. 603,-0.45484417059864557,1.0910071325441605e-06,0.45484417059864557,negative
C18_negative|IK:BJEPYKJPYRNKOW-REOHCLBHSA-N,Streptomyces vietnamensis,-0.45484354528615634,1.09104881324815e-06,0.45484354528615634,negative
HILICZ_positive|IK:SIOXPEMLGUPBBT-UHFFFAOYSA-N,Streptomyces olivoreticuli,-0.45484091707257,1.091224015434269e-06,0.45484091707257,negative
C18_positive|NAME:,Streptomyces niveus,-0.4548373978124798,1.091458658405738e-06,0.4548373978124798,negative
HILICZ_positive|IK:MMOXZBCLCQITDF-UHFFFAOYSA-N,Streptomyces albireticuli,0.45482330201478904,1.092398960500956e-06,0.45482330201478904,positive
HILICZ_negative|IK:VRYALKFFQXWPIH-UHFFFAOYSA-N,Plantactinospora sp. KBS50,-0.45481929255716874,1.0926665635585446e-06,0.45481929255716874,negative
C18_negative|IK:ROJOJPXRGHLGTC-UHFFFAOYSA-N,Massilia sp. WG5,-0.45480345327324584,1.093724332057508e-06,0.45480345327324584,negative
C18_positive|IK:KZSNJWFQEVHDMF-BYPYZUCNSA-N,Arthrobacter alpinus,-0.4547887259252094,1.0947087149095935e-06,0.4547887259252094,negative
C18_positive|IK:MMOXZBCLCQITDF-UHFFFAOYSA-N,Pseudomonas syringae,-0.45478861362994377,1.0947162240035811e-06,0.45478861362994377,negative
HILICZ_negative|IK:ODHCTXKNWHHXJC-UHFFFAOYSA-N,Streptomyces xiamenensis,-0.4547839122489773,1.095030645386009e-06,0.4547839122489773,negative
C18_positive|IK:NGFMICBWJRZIBI-UHFFFAOYSA-N,Streptomyces bingchenggensis,-0.45478036175863334,1.0952681536537346e-06,0.45478036175863334,negative
C18_negative|IK:SMUMBCREXHTKFN-VZOUQOBNSA-N,Pseudomonas sp. CMR5c,0.45472881287608496,1.0987219971166223e-06,0.45472881287608496,positive
C18_positive|IK:NJMQSVWMCODQIP-FQXXIRCGSA-N,Pseudomonas fragi,0.4547275328927935,1.0988078889317811e-06,0.4547275328927935,positive
HILICZ_positive|IK:RGHHSNMVTDWUBI-UHFFFAOYSA-N,Nocardiopsis dassonvillei,-0.4547224968870711,1.0991458861344144e-06,0.4547224968870711,negative
C18_negative|IK:BJEPYKJPYRNKOW-REOHCLBHSA-N,Streptomyces clavuligerus,-0.4547110310681022,1.0999157952240496e-06,0.4547110310681022,negative
C18_negative|IK:NGFMICBWJRZIBI-UHFFFAOYSA-N,Streptomyces parvulus,-0.4546948483984351,1.101003302424468e-06,0.4546948483984351,negative
HILICZ_negative|IK:SLWWJZMPHJJOPH-PHDIDXHHSA-N,Pseudomonas versuta,0.45468045947573327,1.1019711223903476e-06,0.45468045947573327,positive
C18_negative|IK:BJEPYKJPYRNKOW-REOHCLBHSA-N,Azospirillum brasilense,-0.4546692374950753,1.1027264889587788e-06,0.4546692374950753,negative
C18_positive|IK:LVFCLUMIBMHAFL-HMUNZLOLSA-N,Pseudomonas mendocina,0.4546161443047586,1.1063069228162166e-06,0.4546161443047586,positive
HILICZ_negative|IK:COLNVLDHVKWLRT-QMMMGPOBSA-N,Homo sapiens,-0.45460317880043255,1.107182947526082e-06,0.45460317880043255,negative
HILICZ_negative|NAME:,Streptomyces lavendulae,-0.4545999027007122,1.1074044038898568e-06,0.4545999027007122,negative
C18_negative|NAME:,Pseudomonas putida,0.4545972900647573,1.1075810418160774e-06,0.4545972900647573,positive
C18_positive|IK:NGFMICBWJRZIBI-UHFFFAOYSA-N,Nocardioides sp. JS614,-0.4545881046762961,1.1082022695829267e-06,0.4545881046762961,negative
HILICZ_positive|IK:MMOXZBCLCQITDF-UHFFFAOYSA-N,Actinoplanes derwentensis,0.4545831976425802,1.1085342782864785e-06,0.4545831976425802,positive
HILICZ_negative|IK:AAWZDTNXLSGCEK-LNVDRNJUSA-N,Luteibacter rhizovicinus,0.4545822962754701,1.1085952748159215e-06,0.4545822962754701,positive
HILICZ_negative|IK:HEBKCHPVOIAQTA-IMJSIDKUSA-N,Pantoea agglomerans,0.45458052736926735,1.1087149879441882e-06,0.45458052736926735,positive
C18_negative|IK:CZDNLUMNELLDDD-QZFWYPLZSA-N,Intrasporangium calvum,-0.4545742079711812,1.10914276189368e-06,0.4545742079711812,negative
C18_positive|IK:MMOXZBCLCQITDF-UHFFFAOYSA-N,Pseudomonas alkylphenolica,-0.4545623806858769,1.1099437973403066e-06,0.4545623806858769,negative
C18_positive|NAME:,Streptomyces katrae,-0.45455441474646846,1.1104836215716153e-06,0.45455441474646846,negative
C18_positive|IK:RCFGIEPQSDGMJJ-UHFFFAOYSA-N,Streptomyces violaceoruber,-0.4545185984731345,1.1129138437207072e-06,0.4545185984731345,negative
C18_negative|NAME:,Pseudomonas plecoglossicida,0.4545067142014855,1.1137213341916915e-06,0.4545067142014855,positive
HILICZ_positive|IK:WHUUTDBJXJRKMK-VKHMYHEASA-N,Pseudomonas mediterranea,0.4545044880005713,1.113872657721487e-06,0.4545044880005713,positive
HILICZ_positive|IK:PUQSUZTXKPLAPR-UJPOAAIJSA-N,Pseudomonas poae,0.4544981726184411,1.1143020448812972e-06,0.4544981726184411,positive
C18_positive|NAME:,Pseudomonas sp. 31-12,0.4544582739989404,1.1170184088071942e-06,0.4544582739989404,positive
C18_positive|IK:RGHHSNMVTDWUBI-UHFFFAOYSA-N,Burkholderia pseudomallei,-0.45444059716229573,1.1182238826919962e-06,0.45444059716229573,negative
C18_positive|IK:RGHHSNMVTDWUBI-UHFFFAOYSA-N,Pantoea agglomerans,0.4544187480600896,1.1197155890342893e-06,0.4544187480600896,positive
HILICZ_positive|IK:MMOXZBCLCQITDF-UHFFFAOYSA-N,Streptomyces niveus,0.4543755631083132,1.1226695112754571e-06,0.4543755631083132,positive
HILICZ_negative|IK:SLWWJZMPHJJOPH-PHDIDXHHSA-N,Caulobacter sp. K31,0.4543604951541346,1.1237019216834328e-06,0.4543604951541346,positive
HILICZ_negative|IK:CDAISMWEOUEBRE-UHFFFAOYSA-N,Janibacter indicus,-0.4543367634711973,1.1253297697099046e-06,0.4543367634711973,negative
HILICZ_positive|IK:KWIUHFFTVRNATP-UHFFFAOYSA-N,Amycolatopsis albispora,-0.4543303608977475,1.1257693297878373e-06,0.4543303608977475,negative
HILICZ_negative|IK:DRTQHJPVMGBUCF-UHFFFAOYSA-N,Granulicella tundricola,-0.45432743402880127,1.1259703242487236e-06,0.45432743402880127,negative
HILICZ_negative|IK:SLWWJZMPHJJOPH-PHDIDXHHSA-N,Streptomyces sp. SirexAA-E,-0.4543215421675593,1.1263750343567527e-06,0.4543215421675593,negative
HILICZ_negative|IK:JVQYSWDUAOAHFM-UHFFFAOYSA-N,Candidatus Solibacter usitatus,-0.45431171288145034,1.1270505118935947e-06,0.45431171288145034,negative
HILICZ_negative|IK:AAWZDTNXLSGCEK-LNVDRNJUSA-N,Pseudomonas synxantha,0.4543086619333844,1.1272602539205557e-06,0.4543086619333844,positive
HILICZ_negative|IK:KCOOTJRKKIDHTM-UHFFFAOYSA-N,Streptomyces sp. TLI_053,-0.4543027868718129,1.1276642481269352e-06,0.4543027868718129,negative
C18_positive|IK:RCFGIEPQSDGMJJ-UHFFFAOYSA-N,Pseudomonas silesiensis,0.45429522308284565,1.1281845685142987e-06,0.45429522308284565,positive
HILICZ_negative|IK:JVQYSWDUAOAHFM-UHFFFAOYSA-N,Caulobacter flavus,0.45425820885779833,1.1307340967241524e-06,0.45425820885779833,positive
HILICZ_negative|IK:GHOKWGTUZJEAQD-UHFFFAOYSA-N,Intrasporangium calvum,-0.4542373051838025,1.1321763475222329e-06,0.4542373051838025,negative
C18_positive|IK:RCFGIEPQSDGMJJ-UHFFFAOYSA-N,Streptomyces bingchenggensis,-0.45422572627595603,1.132975985615783e-06,0.45422572627595603,negative
HILICZ_negative|IK:JVQYSWDUAOAHFM-UHFFFAOYSA-N,Pantoea agglomerans,0.4542174900687912,1.1335451029973654e-06,0.4542174900687912,positive
C18_positive|NAME:,Pseudonocardia sp. HH130630-07,-0.45418819489965284,1.1355715801138385e-06,0.45418819489965284,negative
HILICZ_positive|IK:YNBADRVTZLEFNH-UHFFFAOYSA-N,Chryseolinea sp. KIS68-18,0.4541875901918406,1.1356134465969745e-06,0.4541875901918406,positive
HILICZ_positive|IK:RGHHSNMVTDWUBI-UHFFFAOYSA-N,Pseudomonas fulva,0.45417455836314896,1.1365160509247792e-06,0.45417455836314896,positive
C18_negative|IK:BJEPYKJPYRNKOW-REOHCLBHSA-N,Pseudorhodoplanes sinuspersici,-0.45417186091125067,1.1367029654904896e-06,0.45417186091125067,negative
HILICZ_negative|IK:WJAOHEPEBANKEO-UHFFFAOYSA-N,Pseudomonas parafulva,-0.454160312863219,1.1375034939893971e-06,0.454160312863219,negative
HILICZ_negative|IK:WJAOHEPEBANKEO-UHFFFAOYSA-N,Sandaracinus amylolyticus,0.4541545584376294,1.1379025991263836e-06,0.4541545584376294,positive
C18_negative|IK:BJEPYKJPYRNKOW-REOHCLBHSA-N,Streptomyces violaceoruber,-0.4541117327793319,1.140876997176108e-06,0.4541117327793319,negative
C18_positive|IK:KZSNJWFQEVHDMF-BYPYZUCNSA-N,Anaeromyxobacter sp. Fw109-5,-0.4541029135716857,1.1414904377681741e-06,0.4541029135716857,negative
HILICZ_negative|IK:KCOOTJRKKIDHTM-UHFFFAOYSA-N,Thermobispora bispora,-0.4540882040338084,1.1425142897659127e-06,0.4540882040338084,negative
HILICZ_negative|IK:KCOOTJRKKIDHTM-UHFFFAOYSA-N,Granulicella mallensis,-0.4540491479487275,1.1452370002362775e-06,0.4540491479487275,negative
C18_positive|NAME:,Streptomyces albulus,-0.45404164466496755,1.1457607792699657e-06,0.45404164466496755,negative
HILICZ_negative|IK:ODHCTXKNWHHXJC-UHFFFAOYSA-N,Mesorhizobium amorphae,0.45402563266655854,1.146879282549196e-06,0.45402563266655854,positive
HILICZ_positive|IK:RGHHSNMVTDWUBI-UHFFFAOYSA-N,Streptomyces rubrolavendulae,-0.45401134602503807,1.1478781363199427e-06,0.45401134602503807,negative
HILICZ_positive|IK:PUQSUZTXKPLAPR-UJPOAAIJSA-N,Pseudomonas sp. NS1(2017),0.45400550144018986,1.1482869994280426e-06,0.45400550144018986,positive
C18_positive|IK:NJMQSVWMCODQIP-FQXXIRCGSA-N,Nocardioides sp. JS614,-0.4539891590502369,1.1494309785986423e-06,0.4539891590502369,negative
HILICZ_positive|IK:MMOXZBCLCQITDF-UHFFFAOYSA-N,Streptomyces rubrolavendulae,0.453985313639558,1.1497003171096069e-06,0.453985313639558,positive
C18_positive|IK:RGHHSNMVTDWUBI-UHFFFAOYSA-N,Pseudomonas sp. R5-89-07,0.45397839358857217,1.150185158891602e-06,0.45397839358857217,positive
HILICZ_positive|IK:COLNVLDHVKWLRT-QMMMGPOBSA-N,Frankia sp. QA3,-0.4539696086063288,1.1508009431684577e-06,0.4539696086063288,negative
C18_positive|IK:RCFGIEPQSDGMJJ-UHFFFAOYSA-N,Streptomyces sp. CB09001,-0.4539515252887133,1.152069479129885e-06,0.4539515252887133,negative
HILICZ_negative|IK:SLWWJZMPHJJOPH-PHDIDXHHSA-N,Pseudomonas extremaustralis,0.4539485862161201,1.1522757788297247e-06,0.4539485862161201,positive
HILICZ_negative|IK:JVQYSWDUAOAHFM-UHFFFAOYSA-N,Streptomyces albulus,-0.4539446962150739,1.152548880048661e-06,0.4539446962150739,negative
HILICZ_negative|IK:HEBKCHPVOIAQTA-IMJSIDKUSA-N,Candidatus Solibacter usitatus,-0.45393652592335537,1.1531226829249466e-06,0.45393652592335537,negative
HILICZ_negative|NAME:,Streptomyces pristinaespiralis,-0.4538899030175325,1.1564022134362443e-06,0.4538899030175325,negative
C18_positive|NAME:,Pseudomonas poae,0.4538789052756744,1.1571771001045362e-06,0.4538789052756744,positive
C18_positive|NAME:,Pseudomonas plecoglossicida,0.4538779448375298,1.1572447946978363e-06,0.4538779448375298,positive
HILICZ_negative|IK:AAWZDTNXLSGCEK-LNVDRNJUSA-N,Pseudomonas sp. NS1(2017),0.4538725923043487,1.157622126230074e-06,0.4538725923043487,positive
C18_positive|NAME:,Pseudomonas sp. LG1D9,0.4538374359388138,1.160103405305949e-06,0.4538374359388138,positive
C18_positive|IK:RGHHSNMVTDWUBI-UHFFFAOYSA-N,Pseudomonas orientalis,0.45379001468022734,1.163458307847368e-06,0.45379001468022734,positive
HILICZ_positive|IK:SIOXPEMLGUPBBT-UHFFFAOYSA-N,Streptomyces virus R4,0.4537681078432693,1.1650112502344757e-06,0.4537681078432693,positive
C18_negative|IK:BJEPYKJPYRNKOW-REOHCLBHSA-N,Streptomyces venezuelae,-0.4537445688646885,1.1666820824276343e-06,0.4537445688646885,negative
HILICZ_positive|IK:COLNVLDHVKWLRT-QMMMGPOBSA-N,Pseudomonas sp. CMR5c,0.45371446808384497,1.168821990838987e-06,0.45371446808384497,positive
C18_negative|NAME:,Bradyrhizobium erythrophlei,-0.4537021918483822,1.169695793963278e-06,0.4537021918483822,negative
HILICZ_positive|IK:SIOXPEMLGUPBBT-UHFFFAOYSA-N,Pseudonocardia dioxanivorans,-0.45368925884766226,1.1706170143721593e-06,0.45368925884766226,negative
HILICZ_negative|IK:PFTAWBLQPZVEMU-UHFFFAOYSA-N,Streptomyces rubrolavendulae,-0.4536612163069548,1.1726168533415267e-06,0.4536612163069548,negative
C18_positive|IK:NGFMICBWJRZIBI-UHFFFAOYSA-N,Pseudomonas moraviensis,0.4536567879403888,1.1729329558858497e-06,0.4536567879403888,positive
HILICZ_positive|IK:PUQSUZTXKPLAPR-UJPOAAIJSA-N,Streptomyces sp. HNM0039,-0.4536517969459544,1.173289316351894e-06,0.4536517969459544,negative
HILICZ_negative|IK:WJAOHEPEBANKEO-UHFFFAOYSA-N,Pseudomonas monteilii,-0.45364975259998574,1.173435313698179e-06,0.45364975259998574,negative
HILICZ_negative|IK:SLWWJZMPHJJOPH-PHDIDXHHSA-N,Pseudomonas tolaasii,0.45364740087938776,1.1736032835591324e-06,0.45364740087938776,positive
HILICZ_negative|NAME:,Pseudomonas synxantha,0.4536319953337037,1.1747041767599398e-06,0.4536319953337037,positive
C18_negative|IK:SMUMBCREXHTKFN-VZOUQOBNSA-N,Friedmanniella luteola,-0.4536308885726855,1.1747833045055666e-06,0.4536308885726855,negative
HILICZ_positive|IK:KWIUHFFTVRNATP-UHFFFAOYSA-N,Nakamurella multipartita,-0.45362621799191294,1.1751172827656445e-06,0.45362621799191294,negative
HILICZ_positive|IK:KWIUHFFTVRNATP-UHFFFAOYSA-N,Micromonospora purpureochromogenes,-0.4536259702232989,1.1751350024185682e-06,0.4536259702232989,negative
HILICZ_positive|IK:COLNVLDHVKWLRT-QMMMGPOBSA-N,Streptomyces hundungensis,-0.4536061060395168,1.1765564524437492e-06,0.4536061060395168,negative
C18_positive|IK:UAUDZVJPLUQNMU-KTKRTIGZSA-N,Bradyrhizobium lablabi,-0.4535975596766806,1.1771685181471905e-06,0.4535975596766806,negative
C18_negative|NAME:,Streptomyces xinghaiensis,-0.4535846357207425,1.1780946676845915e-06,0.4535846357207425,negative
C18_positive|IK:RGHHSNMVTDWUBI-UHFFFAOYSA-N,Pseudomonas entomophila,0.4535822834266557,1.178263310788469e-06,0.4535822834266557,positive
C18_negative|IK:NGFMICBWJRZIBI-UHFFFAOYSA-N,Streptomyces sp. CB09001,-0.45357299468906653,1.1789294721943145e-06,0.45357299468906653,negative
HILICZ_positive|IK:COLNVLDHVKWLRT-QMMMGPOBSA-N,Halomonas sp. JS92-SW72,-0.4535691889421801,1.179202512443082e-06,0.4535691889421801,negative
HILICZ_positive|IK:PUQSUZTXKPLAPR-UJPOAAIJSA-N,Pseudomonas alkylphenolica,0.453554585935043,1.1802507497950595e-06,0.453554585935043,positive
C18_positive|IK:RCFGIEPQSDGMJJ-UHFFFAOYSA-N,Streptomyces rubrolavendulae,-0.45354352970895245,1.1810449785100804e-06,0.45354352970895245,negative
HILICZ_negative|IK:SLWWJZMPHJJOPH-PHDIDXHHSA-N,Novosphingobium sp. P6W,0.45352954865276646,1.1820500390027666e-06,0.45352954865276646,positive
HILICZ_positive|IK:PUQSUZTXKPLAPR-UJPOAAIJSA-N,Pseudomonas sp. CMR12a,0.4535180039519437,1.1828805675157444e-06,0.4535180039519437,positive
C18_positive|IK:NJMQSVWMCODQIP-FQXXIRCGSA-N,Nitrobacter hamburgensis,-0.4535134235574784,1.1832102354134843e-06,0.4535134235574784,negative
C18_positive|IK:UAUDZVJPLUQNMU-KTKRTIGZSA-N,Friedmanniella luteola,-0.4535026958288541,1.1839826905155806e-06,0.4535026958288541,negative
HILICZ_negative|IK:VRYALKFFQXWPIH-UHFFFAOYSA-N,Saccharopolyspora erythraea,-0.4535006123815722,1.1841327655291927e-06,0.4535006123815722,negative
HILICZ_positive|IK:KWIUHFFTVRNATP-UHFFFAOYSA-N,Streptomyces globisporus,-0.4534909050002724,1.184832246017814e-06,0.4534909050002724,negative
HILICZ_negative|IK:SLWWJZMPHJJOPH-PHDIDXHHSA-N,Pseudomonas sp. URMO17WK12:I11,0.4534587675655846,1.1871507545578954e-06,0.4534587675655846,positive
C18_negative|IK:SMUMBCREXHTKFN-VZOUQOBNSA-N,Pseudomonas poae,0.4534311783960237,1.1891445649595272e-06,0.4534311783960237,positive
HILICZ_negative|IK:OXQKEKGBFMQTML-KVTDHHQDSA-N,Streptomyces virus Caliburn,0.45342641025950436,1.1894894695201985e-06,0.45342641025950436,positive
C18_positive|IK:MMOXZBCLCQITDF-UHFFFAOYSA-N,Pseudomonas parafulva,-0.45342613268138027,1.1895095511360138e-06,0.45342613268138027,negative
HILICZ_negative|IK:JVQYSWDUAOAHFM-UHFFFAOYSA-N,Paraburkholderia sprentiae,-0.4534187959760447,1.1900404475768374e-06,0.4534187959760447,negative
HILICZ_positive|IK:MMOXZBCLCQITDF-UHFFFAOYSA-N,Streptomyces xinghaiensis,0.4534174118860073,1.1901406278572119e-06,0.4534174118860073,positive
C18_positive|IK:SIKJAQJRHWYJAI-UHFFFAOYSA-N,Pseudomonas vancouverensis,0.4533506361357284,1.1949833560369916e-06,0.4533506361357284,positive
C18_positive|IK:NJMQSVWMCODQIP-FQXXIRCGSA-N,Nocardioides sp. CF8,-0.45333656837270614,1.196005961055852e-06,0.45333656837270614,negative
C18_negative|IK:WJAOHEPEBANKEO-UHFFFAOYSA-N,Bradyrhizobium sp. S23321,0.4533156755207842,1.197526221951203e-06,0.4533156755207842,positive
HILICZ_negative|IK:KCOOTJRKKIDHTM-UHFFFAOYSA-N,Pseudomonas reinekei,0.45326923346659004,1.2009121248249978e-06,0.45326923346659004,positive
HILICZ_positive|IK:RGHHSNMVTDWUBI-UHFFFAOYSA-N,Halomonas sp. JS92-SW72,-0.4532510993022036,1.202236675230484e-06,0.4532510993022036,negative
HILICZ_negative|IK:COLNVLDHVKWLRT-QMMMGPOBSA-N,Streptomyces xiamenensis,-0.45324984477835517,1.20232835899071e-06,0.45324984477835517,negative
C18_negative|NAME:,Thermobispora bispora,-0.45324700267616536,1.2025360914853483e-06,0.45324700267616536,negative
HILICZ_negative|NAME:,Pseudomonas brenneri,0.4532287489611515,1.2038710874427813e-06,0.4532287489611515,positive
C18_positive|IK:FATBGEAMYMYZAF-KTKRTIGZSA-N,Streptomyces sp. fd1-xmd,-0.4532249512960702,1.2041490083327147e-06,0.4532249512960702,negative
HILICZ_negative|IK:WJAOHEPEBANKEO-UHFFFAOYSA-N,Herbaspirillum robiniae,-0.45321729485625256,1.2047095071407766e-06,0.45321729485625256,negative
HILICZ_negative|IK:VRYALKFFQXWPIH-UHFFFAOYSA-N,Amycolatopsis methanolica,-0.45316404863294185,1.2086143055147795e-06,0.45316404863294185,negative
C18_positive|NAME:,Friedmanniella luteola,-0.453155343092409,1.2092538639941353e-06,0.453155343092409,negative
HILICZ_negative|IK:CDAISMWEOUEBRE-UHFFFAOYSA-N,Chryseolinea sp. KIS68-18,0.4531491933943399,1.2097058490784162e-06,0.4531491933943399,positive
HILICZ_negative|IK:AAWZDTNXLSGCEK-LNVDRNJUSA-N,Streptomyces pluripotens,-0.4531397283801148,1.2104018132282686e-06,0.4531397283801148,negative
C18_negative|IK:BJEPYKJPYRNKOW-REOHCLBHSA-N,Gemmata obscuriglobus,-0.4531125337929906,1.2124035481624586e-06,0.4531125337929906,negative
C18_negative|IK:CZDNLUMNELLDDD-QZFWYPLZSA-N,Saccharopolyspora erythraea,-0.45310790987125876,1.2127442170178383e-06,0.45310790987125876,negative
C18_positive|IK:UAUDZVJPLUQNMU-KTKRTIGZSA-N,Actinoplanes teichomyceticus,-0.45309790819737406,1.2134814038024029e-06,0.45309790819737406,negative
C18_negative|IK:SMUMBCREXHTKFN-VZOUQOBNSA-N,Streptomyces globosus,-0.4530585002616111,1.2163901541144405e-06,0.4530585002616111,negative
HILICZ_negative|NAME:,Pseudonocardia dioxanivorans,-0.4530543705709618,1.2166953541265713e-06,0.4530543705709618,negative
HILICZ_positive|IK:SIOXPEMLGUPBBT-UHFFFAOYSA-N,Micromonospora rifamycinica,-0.45304093779648374,1.2176885898550112e-06,0.45304093779648374,negative
C18_positive|IK:SIKJAQJRHWYJAI-UHFFFAOYSA-N,Pseudolabrys taiwanensis,-0.45304064445627423,1.217710288359575e-06,0.45304064445627423,negative
HILICZ_positive|IK:KWIUHFFTVRNATP-UHFFFAOYSA-N,Streptomyces bingchenggensis,-0.45303683923636473,1.2179917953652402e-06,0.45303683923636473,negative
C18_positive|IK:NJMQSVWMCODQIP-FQXXIRCGSA-N,Pseudomonas sp. 7SR1,0.45303303793643024,1.2182730739580547e-06,0.45303303793643024,positive
HILICZ_positive|IK:MMOXZBCLCQITDF-UHFFFAOYSA-N,Catenulispora acidiphila,0.45302027087933494,1.2192182277532326e-06,0.45302027087933494,positive
C18_negative|IK:SMUMBCREXHTKFN-VZOUQOBNSA-N,Pseudomonas sp. 31-12,0.4530183690614746,1.219359080063364e-06,0.4530183690614746,positive
HILICZ_negative|IK:AAWZDTNXLSGCEK-LNVDRNJUSA-N,Pseudomonas azotoformans,0.453013410794437,1.2197263714340614e-06,0.453013410794437,positive
C18_positive|IK:NJMQSVWMCODQIP-FQXXIRCGSA-N,Streptomyces lavendulae,-0.4530127650970953,1.219774210188537e-06,0.4530127650970953,negative
C18_negative|NAME:,Streptomyces lavendulae,-0.45300305074501024,1.2204941467327847e-06,0.45300305074501024,negative
C18_positive|IK:ZEYHEAKUIGZSGI-UHFFFAOYSA-N,Lentzea guizhouensis,0.4529870282924335,1.2216824604295355e-06,0.4529870282924335,positive
C18_positive|IK:RCFGIEPQSDGMJJ-UHFFFAOYSA-N,Streptomyces sp. ETH9427,-0.45298656420540956,1.2217168960252003e-06,0.45298656420540956,negative
C18_negative|IK:BJEPYKJPYRNKOW-REOHCLBHSA-N,Streptomyces sp. HNM0039,-0.45297193344331027,1.2228029810225369e-06,0.45297193344331027,negative
C18_positive|IK:NJMQSVWMCODQIP-FQXXIRCGSA-N,Streptomyces olivoreticuli,-0.4529638316948985,1.2234047915057758e-06,0.4529638316948985,negative
HILICZ_negative|IK:WJAOHEPEBANKEO-UHFFFAOYSA-N,Paucimonas lemoignei,-0.45296188015187777,1.2235497971064823e-06,0.45296188015187777,negative
HILICZ_positive|IK:SIOXPEMLGUPBBT-UHFFFAOYSA-N,Pseudomonas sp. TKP,0.45295656352051133,1.2239449216802823e-06,0.45295656352051133,positive
HILICZ_negative|IK:COLNVLDHVKWLRT-QMMMGPOBSA-N,Pseudomonas fulva,0.45294659879866195,1.224685811571029e-06,0.45294659879866195,positive
C18_positive|IK:KZSNJWFQEVHDMF-BYPYZUCNSA-N,Pseudomonas cichorii,0.45294295748282937,1.2249566541143365e-06,0.45294295748282937,positive
C18_positive|IK:SIKJAQJRHWYJAI-UHFFFAOYSA-N,Pseudopropionibacterium propionicum,-0.45293059457066537,1.2258766361428664e-06,0.45293059457066537,negative
HILICZ_negative|IK:VRYALKFFQXWPIH-UHFFFAOYSA-N,Streptomyces sp. WAC00288,-0.452898762227913,1.2282484441353475e-06,0.452898762227913,negative
HILICZ_negative|IK:JVQYSWDUAOAHFM-UHFFFAOYSA-N,Burkholderia ambifaria,-0.4528803552579877,1.2296219198727343e-06,0.4528803552579877,negative
HILICZ_negative|NAME:,Nocardioides sp. CF8,-0.4528653083742197,1.2307457567181864e-06,0.4528653083742197,negative
C18_positive|NAME:,Bradyrhizobium erythrophlei,-0.4528002612503836,1.235615271983473e-06,0.4528002612503836,negative
C18_negative|NAME:,Streptosporangium roseum,-0.45279458858674915,1.236040799747665e-06,0.45279458858674915,negative
HILICZ_negative|IK:VRYALKFFQXWPIH-UHFFFAOYSA-N,Pseudomonas putida,0.45279100426420743,1.2363097448175006e-06,0.45279100426420743,positive
C18_negative|IK:SMUMBCREXHTKFN-VZOUQOBNSA-N,Pseudomonas sp. URMO17WK12:I11,0.45278744751251293,1.2365766759654756e-06,0.45278744751251293,positive
HILICZ_positive|IK:KWIUHFFTVRNATP-UHFFFAOYSA-N,Pseudomonas plecoglossicida,0.45277485615991014,1.2375220851400738e-06,0.45277485615991014,positive
C18_negative|IK:BJEPYKJPYRNKOW-REOHCLBHSA-N,Actinosynnema pretiosum,-0.4527726039096004,1.2376912653209065e-06,0.4527726039096004,negative
HILICZ_negative|IK:ODHCTXKNWHHXJC-UHFFFAOYSA-N,Actinomadura amylolytica,-0.4527589223547117,1.2387194409866264e-06,0.4527589223547117,negative
HILICZ_negative|IK:JVQYSWDUAOAHFM-UHFFFAOYSA-N,Streptomyces sp. Mg1,-0.45274592923920187,1.2396966294593302e-06,0.45274592923920187,negative
C18_negative|NAME:,Streptomyces cattleya,-0.45273394659099736,1.2405984700601688e-06,0.45273394659099736,negative
HILICZ_negative|IK:JVQYSWDUAOAHFM-UHFFFAOYSA-N,Actinosynnema pretiosum,-0.4527332817670091,1.2406485243847508e-06,0.4527332817670091,negative
C18_negative|IK:BJEPYKJPYRNKOW-REOHCLBHSA-N,Amycolatopsis sp. AA4,-0.4527288289793276,1.2409838222800507e-06,0.4527288289793276,negative
C18_negative|NAME:,Streptomyces albireticuli,-0.4527224982528473,1.2414606780763128e-06,0.4527224982528473,negative
C18_positive|IK:FATBGEAMYMYZAF-KTKRTIGZSA-N,Streptomyces sp. Mg1,-0.4527170191641015,1.2418735252724745e-06,0.4527170191641015,negative
C18_positive|IK:FATBGEAMYMYZAF-KTKRTIGZSA-N,Streptomyces clavuligerus,-0.45271584543266213,1.241961982398409e-06,0.45271584543266213,negative
C18_negative|IK:CZDNLUMNELLDDD-QZFWYPLZSA-N,Micromonospora purpureochromogenes,-0.45269852406085564,1.2432680851951816e-06,0.45269852406085564,negative
C18_positive|IK:RCFGIEPQSDGMJJ-UHFFFAOYSA-N,Streptomyces sp. HNM0039,-0.45268385412072903,1.2443752771232754e-06,0.45268385412072903,negative
HILICZ_negative|IK:VRYALKFFQXWPIH-UHFFFAOYSA-N,Streptomyces hundungensis,-0.45267009773341826,1.24541436894207e-06,0.45267009773341826,negative
HILICZ_positive|IK:RGHHSNMVTDWUBI-UHFFFAOYSA-N,Kitasatospora setae,-0.4526457497379179,1.2472555163165511e-06,0.4526457497379179,negative
HILICZ_negative|IK:JVQYSWDUAOAHFM-UHFFFAOYSA-N,Pseudomonas mendocina,0.4526310540183659,1.248368025638156e-06,0.4526310540183659,positive
HILICZ_positive|IK:SIOXPEMLGUPBBT-UHFFFAOYSA-N,Methylosinus trichosporium,-0.4526297018579939,1.2484704353992666e-06,0.4526297018579939,negative
HILICZ_positive|IK:KWIUHFFTVRNATP-UHFFFAOYSA-N,Halomonas sp. JS92-SW72,-0.45262127771407606,1.2491086415503109e-06,0.45262127771407606,negative
C18_positive|IK:UAUDZVJPLUQNMU-KTKRTIGZSA-N,Terriglobus roseus,-0.4526129292521466,1.2497414191199056e-06,0.4526129292521466,negative
HILICZ_positive|IK:PUQSUZTXKPLAPR-UJPOAAIJSA-N,Rhodococcus erythropolis,-0.4525992503925722,1.2507788746582898e-06,0.4525992503925722,negative
HILICZ_positive|IK:WHUUTDBJXJRKMK-VKHMYHEASA-N,Pseudomonas vancouverensis,0.4525913250124408,1.2513803383230762e-06,0.4525913250124408,positive
HILICZ_negative|NAME:,Pseudomonas fluorescens,0.45253824803032866,1.2554154647681848e-06,0.45253824803032866,positive
C18_positive|IK:UAUDZVJPLUQNMU-KTKRTIGZSA-N,Streptomyces sp. NEAU-S7GS2,-0.45253155416178953,1.2559252344225093e-06,0.45253155416178953,negative
HILICZ_negative|IK:AAWZDTNXLSGCEK-LNVDRNJUSA-N,Pseudomonas alkylphenolica,0.45247884098026375,1.2599464522351367e-06,0.45247884098026375,positive
C18_positive|IK:MMOXZBCLCQITDF-UHFFFAOYSA-N,Pseudomonas rhizosphaerae,-0.4524745507174972,1.2602742707310192e-06,0.4524745507174972,negative
C18_positive|IK:SIKJAQJRHWYJAI-UHFFFAOYSA-N,Streptomyces sp. TLI_053,-0.45247012942139947,1.2606121860401743e-06,0.45247012942139947,negative
HILICZ_negative|IK:SLWWJZMPHJJOPH-PHDIDXHHSA-N,Pseudomonas moraviensis,0.4524618006615316,1.2612489781992762e-06,0.4524618006615316,positive
C18_positive|IK:LVFCLUMIBMHAFL-HMUNZLOLSA-N,Amycolatopsis mediterranei,-0.45245106356738984,1.2620703542384444e-06,0.45245106356738984,negative
C18_negative|NAME:,Streptomyces sp. fd1-xmd,-0.4523901682921157,1.266738375381552e-06,0.4523901682921157,negative
C18_negative|IK:LWYJCVVIVLBLID-UHFFFAOYSA-N,Streptacidiphilus sp. DSM 106435,0.45237865912805264,1.2676224645422833e-06,0.45237865912805264,positive
HILICZ_positive|IK:RGHHSNMVTDWUBI-UHFFFAOYSA-N,Nocardiopsis gilva,-0.45237842185579186,1.2676406970235641e-06,0.45237842185579186,negative
HILICZ_negative|IK:JVQYSWDUAOAHFM-UHFFFAOYSA-N,Novosphingobium sp. P6W,0.45237839812635544,1.2676425204552057e-06,0.45237839812635544,positive
HILICZ_negative|IK:JVQYSWDUAOAHFM-UHFFFAOYSA-N,Streptomyces olivoreticuli,-0.4523429760392525,1.2703672188173864e-06,0.4523429760392525,negative
HILICZ_positive|IK:KWIUHFFTVRNATP-UHFFFAOYSA-N,Pseudomonas mendocina,0.45226729676384175,1.2762071429423123e-06,0.45226729676384175,positive
C18_negative|IK:CZDNLUMNELLDDD-QZFWYPLZSA-N,Pseudomonas brassicacearum,0.4522568385343095,1.2770161685333902e-06,0.4522568385343095,positive
C18_positive|IK:RGHHSNMVTDWUBI-UHFFFAOYSA-N,Pseudonocardia dioxanivorans,-0.45224567816159444,1.2778800464203229e-06,0.45224567816159444,negative
HILICZ_positive|IK:WHUUTDBJXJRKMK-VKHMYHEASA-N,Pseudomonas sp. K2W31S-8,0.45224476345935183,1.277950874253933e-06,0.45224476345935183,positive
HILICZ_positive|IK:PUQSUZTXKPLAPR-UJPOAAIJSA-N,Pimelobacter simplex,-0.4522361806078239,1.2786156485829399e-06,0.4522361806078239,negative
HILICZ_positive|IK:PUQSUZTXKPLAPR-UJPOAAIJSA-N,Streptomyces virus Amela,0.4522276666278259,1.2792754123115403e-06,0.4522276666278259,positive
C18_negative|NAME:,Micromonospora inositola,-0.45222413536662565,1.2795491507785313e-06,0.45222413536662565,negative
C18_positive|NAME:,Streptomyces globosus,-0.45222265126131395,1.2796642131281276e-06,0.45222265126131395,negative
C18_positive|IK:UAUDZVJPLUQNMU-KTKRTIGZSA-N,Candidatus Koribacter versatilis,-0.4522172724233733,1.2800813153905147e-06,0.4522172724233733,negative
HILICZ_negative|NAME:,Pseudomonas sp. NS1(2017),0.4522080958910928,1.280793207461224e-06,0.4522080958910928,positive
C18_negative|NAME:,Streptomyces katrae,-0.452205925942078,1.2809616014344564e-06,0.452205925942078,negative
C18_negative|IK:BJEPYKJPYRNKOW-REOHCLBHSA-N,Amycolatopsis albispora,-0.4521973726660604,1.281625563385533e-06,0.4521973726660604,negative
C18_negative|IK:NGFMICBWJRZIBI-UHFFFAOYSA-N,Gemmata sp. SH-PL17,-0.4521875868622351,1.2823856023205618e-06,0.4521875868622351,negative
C18_negative|IK:BJEPYKJPYRNKOW-REOHCLBHSA-N,Micromonospora rifamycinica,-0.4521871346456626,1.2824207351749698e-06,0.4521871346456626,negative
HILICZ_positive|IK:COLNVLDHVKWLRT-QMMMGPOBSA-N,Singulisphaera acidiphila,-0.45215540612579647,1.2848880126669475e-06,0.45215540612579647,negative
C18_negative|IK:CZDNLUMNELLDDD-QZFWYPLZSA-N,Pseudomonas vancouverensis,0.4521284741485051,1.2869858297373376e-06,0.4521284741485051,positive
HILICZ_positive|IK:MMOXZBCLCQITDF-UHFFFAOYSA-N,Plantactinospora sp. KBS50,0.4520818811442796,1.2906227733093213e-06,0.4520818811442796,positive
C18_positive|IK:FATBGEAMYMYZAF-KTKRTIGZSA-N,Pseudomonas trivialis,0.45207514619833056,1.291149292781106e-06,0.45207514619833056,positive
C18_negative|IK:CZDNLUMNELLDDD-QZFWYPLZSA-N,Actinopolymorpha singaporensis,-0.4520488346952453,1.2932082049681467e-06,0.4520488346952453,negative
C18_negative|IK:SMUMBCREXHTKFN-VZOUQOBNSA-N,Pseudomonas azotoformans,0.4520169171645879,1.2957099729607333e-06,0.4520169171645879,positive
HILICZ_negative|IK:WJAOHEPEBANKEO-UHFFFAOYSA-N,Streptomyces nigra,0.4520153119431044,1.2958359148873701e-06,0.4520153119431044,positive
HILICZ_positive|IK:COLNVLDHVKWLRT-QMMMGPOBSA-N,Streptomyces pristinaespiralis,-0.452014787173503,1.295877089599983e-06,0.452014787173503,negative
C18_positive|IK:LVFCLUMIBMHAFL-HMUNZLOLSA-N,Pseudomonas thivervalensis,0.45199257985359376,1.2976206672806699e-06,0.45199257985359376,positive
C18_positive|IK:FATBGEAMYMYZAF-KTKRTIGZSA-N,Pseudomonas sp. CMR12a,0.4519881179403934,1.2979712564531826e-06,0.4519881179403934,positive
HILICZ_negative|IK:ODHCTXKNWHHXJC-UHFFFAOYSA-N,Streptomyces virus R4,0.4519812661473888,1.2985098021548166e-06,0.4519812661473888,positive
HILICZ_positive|IK:WHUUTDBJXJRKMK-VKHMYHEASA-N,Pseudomonas brassicacearum,0.45197855054374825,1.298723305113784e-06,0.45197855054374825,positive
C18_positive|IK:RGHHSNMVTDWUBI-UHFFFAOYSA-N,Streptomyces sp. WAC00288,-0.45195256943785295,1.300767642979863e-06,0.45195256943785295,negative
HILICZ_positive|IK:WHUUTDBJXJRKMK-VKHMYHEASA-N,Pseudomonas reinekei,0.4519314773178848,1.302429530522733e-06,0.4519314773178848,positive
C18_positive|IK:RCFGIEPQSDGMJJ-UHFFFAOYSA-N,Streptomyces albus,-0.45192597363426984,1.3028635069193437e-06,0.45192597363426984,negative
C18_negative|IK:WJAOHEPEBANKEO-UHFFFAOYSA-N,Nocardia brasiliensis,0.45191113619199774,1.3040341514977513e-06,0.45191113619199774,positive
C18_positive|IK:NGFMICBWJRZIBI-UHFFFAOYSA-N,Streptomyces fulvissimus,-0.45191045174622574,1.3040881769453079e-06,0.45191045174622574,negative
HILICZ_negative|IK:SLWWJZMPHJJOPH-PHDIDXHHSA-N,Streptomyces roseochromogenus,-0.45190622268824515,1.3044220367732056e-06,0.45190622268824515,negative
C18_positive|NAME:,Pantoea agglomerans,0.45188585636952,1.3060309751327382e-06,0.45188585636952,positive
C18_negative|IK:BJEPYKJPYRNKOW-REOHCLBHSA-N,Oligotropha carboxidovorans,-0.4518806435100187,1.3064430929865293e-06,0.4518806435100187,negative
HILICZ_positive|IK:MMOXZBCLCQITDF-UHFFFAOYSA-N,Saccharothrix espanaensis,0.4518739336478524,1.3069737421570645e-06,0.4518739336478524,positive
C18_negative|IK:SMUMBCREXHTKFN-VZOUQOBNSA-N,Streptomyces albulus,-0.45186024726740764,1.308056762228215e-06,0.45186024726740764,negative
C18_positive|IK:RCFGIEPQSDGMJJ-UHFFFAOYSA-N,Streptomyces vietnamensis,-0.45184955509673363,1.3089034384349341e-06,0.45184955509673363,negative
HILICZ_negative|NAME:,Nocardia brasiliensis,-0.45184823512176836,1.309007998715637e-06,0.45184823512176836,negative
C18_positive|NAME:,Micromonospora krabiensis,-0.45184589188127927,1.3091936352808895e-06,0.45184589188127927,negative
C18_positive|IK:RCFGIEPQSDGMJJ-UHFFFAOYSA-N,Streptomyces violaceusniger,-0.4518035915430498,1.312549052193678e-06,0.4518035915430498,negative
C18_negative|IK:BJEPYKJPYRNKOW-REOHCLBHSA-N,Saccharothrix espanaensis,-0.451803536906093,1.3125533914609807e-06,0.451803536906093,negative
HILICZ_positive|IK:RGHHSNMVTDWUBI-UHFFFAOYSA-N,Streptomyces clavuligerus,-0.45179876705042943,1.312932265813075e-06,0.45179876705042943,negative
C18_positive|IK:LVFCLUMIBMHAFL-HMUNZLOLSA-N,Actinosynnema pretiosum,-0.4517751193132537,1.3148121599210948e-06,0.4517751193132537,negative
C18_positive|IK:KZSNJWFQEVHDMF-BYPYZUCNSA-N,Pseudomonas sp. UW4,0.45176323633811877,1.3157577682601334e-06,0.45176323633811877,positive
C18_positive|IK:SIKJAQJRHWYJAI-UHFFFAOYSA-N,Streptomyces virus R4,0.45174586904091607,1.317140960282512e-06,0.45174586904091607,positive
C18_positive|NAME:,Pseudomonas agarici,0.4517448531227281,1.317221914185892e-06,0.4517448531227281,positive
HILICZ_negative|IK:OKVJCVWFVRATSG-UHFFFAOYSA-N,Kutzneria albida,-0.4517245514917786,1.318840647723115e-06,0.4517245514917786,negative
C18_positive|IK:MMOXZBCLCQITDF-UHFFFAOYSA-N,Janibacter indicus,0.4517161718426513,1.3195093414542076e-06,0.4517161718426513,positive
C18_positive|IK:SIKJAQJRHWYJAI-UHFFFAOYSA-N,Janibacter indicus,-0.45170758631130187,1.3201947977292447e-06,0.45170758631130187,negative
C18_positive|IK:LVFCLUMIBMHAFL-HMUNZLOLSA-N,Micromonospora krabiensis,-0.45170304103857895,1.320557822243408e-06,0.45170304103857895,negative
C18_positive|IK:FATBGEAMYMYZAF-KTKRTIGZSA-N,Pseudorhodoplanes sinuspersici,-0.45167895884470344,1.3224828118184622e-06,0.45167895884470344,negative
C18_positive|IK:RGHHSNMVTDWUBI-UHFFFAOYSA-N,Pseudomonas rhodesiae,0.4516707587572796,1.3231388854004958e-06,0.4516707587572796,positive
C18_positive|IK:SIKJAQJRHWYJAI-UHFFFAOYSA-N,Allokutzneria albata,-0.4516627593980929,1.3237791962558862e-06,0.4516627593980929,negative
HILICZ_negative|IK:ODHCTXKNWHHXJC-UHFFFAOYSA-N,Nocardiopsis gilva,-0.4516326779648736,1.3261897017440654e-06,0.4516326779648736,negative
C18_negative|NAME:,Micromonospora viridifaciens,-0.4516248030780464,1.3268214240062765e-06,0.4516248030780464,negative
C18_positive|IK:RGHHSNMVTDWUBI-UHFFFAOYSA-N,Bradyrhizobium lablabi,-0.451601867261583,1.328662956815676e-06,0.451601867261583,negative
HILICZ_negative|IK:COLNVLDHVKWLRT-QMMMGPOBSA-N,Pseudomonas putida,0.4515868325661702,1.329871416880986e-06,0.4515868325661702,positive
HILICZ_negative|IK:GHOKWGTUZJEAQD-UHFFFAOYSA-N,Pseudomonas granadensis,0.4515785213843078,1.3305399007020829e-06,0.4515785213843078,positive
HILICZ_negative|IK:WJAOHEPEBANKEO-UHFFFAOYSA-N,Streptomyces sp. SirexAA-E,0.45157367869468146,1.3309295540351363e-06,0.45157367869468146,positive
C18_negative|IK:BJEPYKJPYRNKOW-REOHCLBHSA-N,Plantactinospora sp. KBS50,-0.4515669938636245,1.3314676077176184e-06,0.4515669938636245,negative
HILICZ_negative|IK:VRYALKFFQXWPIH-UHFFFAOYSA-N,Micromonospora purpureochromogenes,-0.4515496382772271,1.3328654994940888e-06,0.4515496382772271,negative
HILICZ_negative|IK:AAWZDTNXLSGCEK-LNVDRNJUSA-N,Streptomyces fulvissimus,-0.4515460156976221,1.3331574526311347e-06,0.4515460156976221,negative
HILICZ_negative|IK:ODHCTXKNWHHXJC-UHFFFAOYSA-N,Nocardiopsis dassonvillei,-0.4515311555811415,1.3343557023864085e-06,0.4515311555811415,negative
HILICZ_positive|IK:COLNVLDHVKWLRT-QMMMGPOBSA-N,Frankia sp. EAN1pec,-0.4514940522717589,1.3373519948923831e-06,0.4514940522717589,negative
C18_positive|IK:RGHHSNMVTDWUBI-UHFFFAOYSA-N,Homo sapiens,-0.4514767932732068,1.3387479235776314e-06,0.4514767932732068,negative
C18_negative|IK:SMUMBCREXHTKFN-VZOUQOBNSA-N,Pseudomonas sp. LG1D9,0.4514152928914367,1.3437333822249846e-06,0.4514152928914367,positive
HILICZ_negative|IK:WJAOHEPEBANKEO-UHFFFAOYSA-N,Streptomyces scabiei,0.45139299475398914,1.3455452967640223e-06,0.45139299475398914,positive
C18_negative|NAME:,Streptomyces albulus,-0.45138730956867423,1.3460076369563718e-06,0.45138730956867423,negative
C18_negative|IK:SMUMBCREXHTKFN-VZOUQOBNSA-N,Nocardioides sp. 603,-0.45138462897038023,1.346225685289595e-06,0.45138462897038023,negative
C18_negative|IK:NGFMICBWJRZIBI-UHFFFAOYSA-N,Bradyrhizobium sp. ORS 278,-0.4513789552513877,1.346687313909378e-06,0.4513789552513877,negative
C18_positive|IK:RCFGIEPQSDGMJJ-UHFFFAOYSA-N,Streptomyces reticuli,-0.4513503534872903,1.3490167129643692e-06,0.4513503534872903,negative
C18_positive|NAME:,Pseudonocardia dioxanivorans,-0.4513384911639067,1.349983929763184e-06,0.4513384911639067,negative
C18_positive|IK:FATBGEAMYMYZAF-KTKRTIGZSA-N,Pseudomonas sp. LG1D9,0.4513180215621647,1.3516545025179215e-06,0.4513180215621647,positive
C18_positive|IK:NJMQSVWMCODQIP-FQXXIRCGSA-N,Cellulomonas fimi,-0.45130675130689457,1.3525751307116815e-06,0.45130675130689457,negative
HILICZ_positive|IK:COLNVLDHVKWLRT-QMMMGPOBSA-N,Micromonospora viridifaciens,-0.4513054295242649,1.3526831414829002e-06,0.4513054295242649,negative
C18_negative|IK:BJEPYKJPYRNKOW-REOHCLBHSA-N,Nitrobacter winogradskyi,-0.451301410143787,1.353011639335344e-06,0.451301410143787,negative
HILICZ_positive|IK:PUQSUZTXKPLAPR-UJPOAAIJSA-N,Pseudomonas sp. 7SR1,0.4512938733470483,1.3536278140280903e-06,0.4512938733470483,positive
C18_negative|IK:CZDNLUMNELLDDD-QZFWYPLZSA-N,Terriglobus roseus,-0.4512584125367215,1.3565305008839724e-06,0.4512584125367215,negative
HILICZ_negative|IK:WJAOHEPEBANKEO-UHFFFAOYSA-N,Dinoroseobacter shibae,0.4512556807671496,1.3567543576269094e-06,0.4512556807671496,positive
HILICZ_negative|IK:JVQYSWDUAOAHFM-UHFFFAOYSA-N,Janibacter indicus,-0.4512361751247378,1.3583537784589987e-06,0.4512361751247378,negative
HILICZ_negative|IK:AAWZDTNXLSGCEK-LNVDRNJUSA-N,Pseudomonas sp. R5-89-07,0.4512359908981376,1.35836889315757e-06,0.4512359908981376,positive
C18_negative|IK:SMUMBCREXHTKFN-VZOUQOBNSA-N,Streptomyces clavuligerus,-0.45122909708802533,1.358934603903644e-06,0.45122909708802533,negative
C18_positive|IK:KZSNJWFQEVHDMF-BYPYZUCNSA-N,Pseudomonas viridiflava,0.4512271037837731,1.3590982174047255e-06,0.4512271037837731,positive
C18_negative|IK:CZDNLUMNELLDDD-QZFWYPLZSA-N,Streptomyces sp. Mg1,-0.4512252390720995,1.3592512927245075e-06,0.4512252390720995,negative
C18_negative|IK:BJEPYKJPYRNKOW-REOHCLBHSA-N,Haliangium ochraceum,-0.45120996195340346,1.3605060160097855e-06,0.45120996195340346,negative
C18_positive|IK:FATBGEAMYMYZAF-KTKRTIGZSA-N,Pseudomonas alkylphenolica,0.45118799176005603,1.3623123714685102e-06,0.45118799176005603,positive
HILICZ_negative|NAME:,Jiangella sp. DSM 45060,-0.45114415580847944,1.3659232881064472e-06,0.45114415580847944,negative
HILICZ_positive|IK:MMOXZBCLCQITDF-UHFFFAOYSA-N,Streptomyces sp. TLI_053,0.45114305319069725,1.3660142312988305e-06,0.45114305319069725,positive
HILICZ_positive|IK:RGHHSNMVTDWUBI-UHFFFAOYSA-N,Actinomadura amylolytica,-0.45114299228913074,1.3660192545873217e-06,0.45114299228913074,negative
HILICZ_positive|IK:WHUUTDBJXJRKMK-VKHMYHEASA-N,Pseudomonas plecoglossicida,0.45112743556132806,1.3673029794016915e-06,0.45112743556132806,positive
C18_positive|IK:KZSNJWFQEVHDMF-BYPYZUCNSA-N,Bradyrhizobium lablabi,-0.45111763576003533,1.3681122354049877e-06,0.45111763576003533,negative
C18_positive|IK:MMOXZBCLCQITDF-UHFFFAOYSA-N,Pseudomonas monteilii,-0.4511076869327758,1.368934261990572e-06,0.4511076869327758,negative
C18_negative|IK:FBPFZTCFMRRESA-GUCUJZIJSA-N,Homo sapiens,-0.4510948896472008,1.3699923319282886e-06,0.4510948896472008,negative
HILICZ_positive|IK:SIOXPEMLGUPBBT-UHFFFAOYSA-N,Streptomyces sp. 2323.1,-0.4510948505022205,1.3699955695941349e-06,0.4510948505022205,negative
C18_negative|IK:LWYJCVVIVLBLID-UHFFFAOYSA-N,Streptomyces sp. TLI_053,0.45108973939228864,1.3704183697503158e-06,0.45108973939228864,positive
HILICZ_negative|IK:AAWZDTNXLSGCEK-LNVDRNJUSA-N,Pseudomonas vancouverensis,0.45104956341425734,1.373746106327031e-06,0.45104956341425734,positive
C18_positive|NAME:,Pseudomonas azotoformans,0.45098655763682755,1.3789802347235128e-06,0.45098655763682755,positive
HILICZ_positive|IK:MMOXZBCLCQITDF-UHFFFAOYSA-N,Actinosynnema pretiosum,0.4509797158553732,1.3795497432973353e-06,0.4509797158553732,positive
C18_positive|IK:NGFMICBWJRZIBI-UHFFFAOYSA-N,Bradyrhizobium sp. BTAi1,-0.4509786156308036,1.379641346575214e-06,0.4509786156308036,negative
HILICZ_negative|IK:VRYALKFFQXWPIH-UHFFFAOYSA-N,Frankia sp. EAN1pec,-0.4509712276188723,1.3802566122060383e-06,0.4509712276188723,negative
C18_positive|IK:UAUDZVJPLUQNMU-KTKRTIGZSA-N,Pseudomonas lini,0.45096575652960186,1.3807124061202474e-06,0.45096575652960186,positive
C18_positive|NAME:,Opitutus sp. GAS368,-0.45094227872541903,1.3826699505793777e-06,0.45094227872541903,negative
C18_positive|IK:FATBGEAMYMYZAF-KTKRTIGZSA-N,Pseudomonas sp. NS1(2017),0.4509305398579121,1.383649705689154e-06,0.4509305398579121,positive
HILICZ_negative|IK:JVQYSWDUAOAHFM-UHFFFAOYSA-N,Pseudomonas brassicacearum,0.45091917344556426,1.3845990015162915e-06,0.45091917344556426,positive
HILICZ_negative|IK:OKVJCVWFVRATSG-UHFFFAOYSA-N,Pseudomonas protegens,0.45091913366904557,1.3846023246400846e-06,0.45091913366904557,positive
HILICZ_negative|IK:WJAOHEPEBANKEO-UHFFFAOYSA-N,Bradyrhizobium sp. WSM471,0.45091095857976404,1.385285471745404e-06,0.45091095857976404,positive
HILICZ_negative|IK:SLWWJZMPHJJOPH-PHDIDXHHSA-N,Streptomyces vietnamensis,-0.4508944915847329,1.3866624972316993e-06,0.4508944915847329,negative
C18_positive|IK:KZSNJWFQEVHDMF-BYPYZUCNSA-N,Streptomyces sp. SM18,-0.450873736168964,1.388399982342e-06,0.450873736168964,negative
C18_positive|IK:SIKJAQJRHWYJAI-UHFFFAOYSA-N,Streptomyces xinghaiensis,-0.4508610262261361,1.3894649798668532e-06,0.4508610262261361,negative
C18_negative|IK:SMUMBCREXHTKFN-VZOUQOBNSA-N,Nocardioides dokdonensis,-0.4508503342243898,1.390361488475529e-06,0.4508503342243898,negative
HILICZ_positive|IK:SIOXPEMLGUPBBT-UHFFFAOYSA-N,Pseudonocardia sp. HH130629-09,-0.4508494331503943,1.3904370672372397e-06,0.4508494331503943,negative
HILICZ_positive|IK:RGHHSNMVTDWUBI-UHFFFAOYSA-N,Streptomyces sp. Mg1,-0.4508353406867986,1.3916195976675898e-06,0.4508353406867986,negative
HILICZ_positive|IK:RGHHSNMVTDWUBI-UHFFFAOYSA-N,Streptomyces sp. 2323.1,-0.4508183329415239,1.3930480248474207e-06,0.4508183329415239,negative
HILICZ_negative|IK:VRYALKFFQXWPIH-UHFFFAOYSA-N,Streptomyces sp. HNM0039,-0.450794305348124,1.3950683946583563e-06,0.450794305348124,negative
C18_negative|IK:CZDNLUMNELLDDD-QZFWYPLZSA-N,Amycolatopsis methanolica,-0.450791926434634,1.3952685775139705e-06,0.450791926434634,negative
C18_positive|IK:NJMQSVWMCODQIP-FQXXIRCGSA-N,Jiangella sp. DSM 45060,-0.45079003965901127,1.395427366880871e-06,0.45079003965901127,negative
C18_negative|IK:SMUMBCREXHTKFN-VZOUQOBNSA-N,Nitrobacter winogradskyi,-0.4507827664486343,1.3960396340480997e-06,0.4507827664486343,negative
HILICZ_negative|NAME:,Pseudomonas sp. DR 5-09,0.45076701582506135,1.397366412039318e-06,0.45076701582506135,positive
C18_positive|IK:FATBGEAMYMYZAF-KTKRTIGZSA-N,Pseudomonas sp. CMR5c,0.45075799389515925,1.3981269262003346e-06,0.45075799389515925,positive
HILICZ_negative|IK:VRYALKFFQXWPIH-UHFFFAOYSA-N,Kytococcus sedentarius,-0.4507472308686604,1.3990347210953583e-06,0.4507472308686604,negative
HILICZ_positive|IK:PUQSUZTXKPLAPR-UJPOAAIJSA-N,Pseudomonas orientalis,0.4507386065831263,1.3997625293512824e-06,0.4507386065831263,positive
HILICZ_negative|IK:JVQYSWDUAOAHFM-UHFFFAOYSA-N,Terriglobus roseus,-0.4507274627572044,1.4007034942347217e-06,0.4507274627572044,negative
HILICZ_negative|IK:COLNVLDHVKWLRT-QMMMGPOBSA-N,Streptomyces globosus,-0.4507126645492199,1.4019539549517437e-06,0.4507126645492199,negative
HILICZ_positive|IK:PUQSUZTXKPLAPR-UJPOAAIJSA-N,Pseudomonas sp. R5-89-07,0.4507119943203762,1.4020106148662905e-06,0.4507119943203762,positive
C18_positive|NAME:,Nocardia brasiliensis,-0.450666119257078,1.4058939686948481e-06,0.450666119257078,negative
HILICZ_positive|IK:COLNVLDHVKWLRT-QMMMGPOBSA-N,Nonomuraea sp. ATCC 55076,-0.45066483233511334,1.406003054277241e-06,0.45066483233511334,negative
C18_positive|IK:LVFCLUMIBMHAFL-HMUNZLOLSA-N,Pseudomonas fulva,0.45061086273026546,1.4105849990985872e-06,0.45061086273026546,positive
HILICZ_negative|IK:GHOKWGTUZJEAQD-UHFFFAOYSA-N,Myxococcus stipitatus,-0.4506102999107256,1.4106328561450369e-06,0.4506102999107256,negative
HILICZ_negative|IK:KCOOTJRKKIDHTM-UHFFFAOYSA-N,Kitasatospora aureofaciens,-0.4505732978429977,1.4137825519440524e-06,0.4505732978429977,negative
HILICZ_negative|IK:ODHCTXKNWHHXJC-UHFFFAOYSA-N,Micromonospora inositola,-0.45057315311650287,1.413794884445867e-06,0.45057315311650287,negative
C18_positive|IK:LVFCLUMIBMHAFL-HMUNZLOLSA-N,Jiangella alkaliphila,-0.4505598658917969,1.414927555954274e-06,0.4505598658917969,negative
HILICZ_positive|IK:RGHHSNMVTDWUBI-UHFFFAOYSA-N,Pseudomonas mediterranea,0.45051686100164734,1.4185994112475087e-06,0.45051686100164734,positive
HILICZ_negative|IK:AAWZDTNXLSGCEK-LNVDRNJUSA-N,Frankia alni,-0.45051314135431686,1.418917426999405e-06,0.45051314135431686,negative
C18_positive|IK:LVFCLUMIBMHAFL-HMUNZLOLSA-N,Terriglobus roseus,-0.4504920433729198,1.4207225028106545e-06,0.4504920433729198,negative
HILICZ_negative|IK:ODHCTXKNWHHXJC-UHFFFAOYSA-N,Frankia alni,-0.4504694837775006,1.4226550362632306e-06,0.4504694837775006,negative
C18_positive|IK:KZSNJWFQEVHDMF-BYPYZUCNSA-N,Homo sapiens,-0.4504133854334404,1.4274714171719452e-06,0.4504133854334404,negative
C18_positive|IK:NGFMICBWJRZIBI-UHFFFAOYSA-N,Streptomyces sp. SM18,-0.4504097322478758,1.4277856002911712e-06,0.4504097322478758,negative
C18_negative|IK:BJEPYKJPYRNKOW-REOHCLBHSA-N,Micromonospora krabiensis,-0.45040556404182347,1.428144156477255e-06,0.45040556404182347,negative
HILICZ_negative|IK:WJAOHEPEBANKEO-UHFFFAOYSA-N,Blastococcus saxobsidens,0.45038507295688096,1.429908075297191e-06,0.45038507295688096,positive
C18_positive|NAME:,Nocardioides sp. 78,-0.45038366791806717,1.4300290997883004e-06,0.45038366791806717,negative
HILICZ_negative|IK:DRTQHJPVMGBUCF-UHFFFAOYSA-N,Candidatus Koribacter versatilis,-0.4503589421051161,1.4321604722239864e-06,0.4503589421051161,negative
HILICZ_negative|IK:GHOKWGTUZJEAQD-UHFFFAOYSA-N,Pseudomonas sp. Z003-0.4C(8344-21),0.45034696447538963,1.4331940291274795e-06,0.45034696447538963,positive
C18_positive|IK:SIKJAQJRHWYJAI-UHFFFAOYSA-N,Pseudomonas plecoglossicida,0.4503317251742711,1.434510059081165e-06,0.4503317251742711,positive
HILICZ_negative|IK:VRYALKFFQXWPIH-UHFFFAOYSA-N,Rhodococcus ruber,-0.4503080472793489,1.4365570974216253e-06,0.4503080472793489,negative
HILICZ_positive|IK:COLNVLDHVKWLRT-QMMMGPOBSA-N,Streptomyces sp. SM18,-0.4503079140215694,1.4365686258581028e-06,0.4503079140215694,negative
HILICZ_positive|IK:PUQSUZTXKPLAPR-UJPOAAIJSA-N,Pseudomonas sp. LBUM920,0.45026706010903406,1.440107126857306e-06,0.45026706010903406,positive
C18_positive|IK:RGHHSNMVTDWUBI-UHFFFAOYSA-N,Pseudomonas cedrina,0.4502667469695007,1.4401342808317794e-06,0.4502667469695007,positive
HILICZ_negative|IK:ODHCTXKNWHHXJC-UHFFFAOYSA-N,Nakamurella panacisegetis,-0.45021767124917333,1.4443958942151475e-06,0.45021767124917333,negative
C18_positive|IK:MMOXZBCLCQITDF-UHFFFAOYSA-N,Jiangella sp. DSM 45060,0.45021194291860556,1.4448941060548656e-06,0.45021194291860556,positive
C18_negative|IK:CZDNLUMNELLDDD-QZFWYPLZSA-N,Streptomyces katrae,-0.4502112695616748,1.4449526808238653e-06,0.4502112695616748,negative
C18_positive|IK:KZSNJWFQEVHDMF-BYPYZUCNSA-N,Gemmatirosa kalamazoonesis,-0.4502095026498882,1.4451063937317432e-06,0.4502095026498882,negative
HILICZ_negative|IK:JVQYSWDUAOAHFM-UHFFFAOYSA-N,Pseudopropionibacterium propionicum,-0.45020087483430227,1.4458571951016052e-06,0.45020087483430227,negative
HILICZ_positive|IK:KWIUHFFTVRNATP-UHFFFAOYSA-N,Pseudopropionibacterium propionicum,-0.4501909119264516,1.4467246372866927e-06,0.4501909119264516,negative
C18_positive|IK:RCFGIEPQSDGMJJ-UHFFFAOYSA-N,Streptomyces pactum,-0.4501873059737207,1.4470387188744316e-06,0.4501873059737207,negative
HILICZ_negative|IK:JVQYSWDUAOAHFM-UHFFFAOYSA-N,Micromonospora rifamycinica,-0.4501695563345594,1.448585669453188e-06,0.4501695563345594,negative
C18_negative|IK:SMUMBCREXHTKFN-VZOUQOBNSA-N,Pseudomonas brenneri,0.45015755693549797,1.4496323514730749e-06,0.45015755693549797,positive
C18_positive|IK:NJMQSVWMCODQIP-FQXXIRCGSA-N,Pseudomonas plecoglossicida,0.4501523719232278,1.4500848506833927e-06,0.4501523719232278,positive
HILICZ_negative|IK:WJAOHEPEBANKEO-UHFFFAOYSA-N,Methylorubrum extorquens,0.4501449409092563,1.450733593144107e-06,0.4501449409092563,positive
C18_negative|IK:NGFMICBWJRZIBI-UHFFFAOYSA-N,Streptomyces pluripotens,-0.4501338884696221,1.451699001938784e-06,0.4501338884696221,negative
C18_positive|IK:UAUDZVJPLUQNMU-KTKRTIGZSA-N,Streptomyces sp. 2323.1,-0.45011292686297266,1.453531628781434e-06,0.45011292686297266,negative
HILICZ_negative|IK:OKVJCVWFVRATSG-UHFFFAOYSA-N,Kitasatospora sp. MMS16-BH015,-0.45007072002553644,1.4572283302143744e-06,0.45007072002553644,negative
C18_negative|IK:SMUMBCREXHTKFN-VZOUQOBNSA-N,Streptomyces katrae,-0.45006856783430943,1.4574170691187546e-06,0.45006856783430943,negative
HILICZ_negative|IK:AAWZDTNXLSGCEK-LNVDRNJUSA-N,Frankia sp. QA3,-0.4500481355503614,1.459210055793167e-06,0.4500481355503614,negative
HILICZ_negative|IK:AAWZDTNXLSGCEK-LNVDRNJUSA-N,Frankia sp. EAN1pec,-0.45002263307969065,1.4614508963911588e-06,0.45002263307969065,negative
C18_positive|IK:UAUDZVJPLUQNMU-KTKRTIGZSA-N,Rhodococcus erythropolis,-0.45002193566800974,1.4615122220400975e-06,0.45002193566800974,negative
HILICZ_negative|IK:PFTAWBLQPZVEMU-UHFFFAOYSA-N,Micromonospora viridifaciens,-0.45000598963433647,1.4629150732379912e-06,0.45000598963433647,negative
HILICZ_negative|IK:COLNVLDHVKWLRT-QMMMGPOBSA-N,Pseudomonas stutzeri,0.4499694617573971,1.4661334197822326e-06,0.4499694617573971,positive
HILICZ_positive|IK:SIOXPEMLGUPBBT-UHFFFAOYSA-N,Streptomyces clavuligerus,-0.4499688812716434,1.4661846184974425e-06,0.4499688812716434,negative
C18_negative|IK:BJEPYKJPYRNKOW-REOHCLBHSA-N,Streptomyces gilvosporeus,-0.4499683410077451,1.4662322711755555e-06,0.4499683410077451,negative
HILICZ_negative|IK:JVQYSWDUAOAHFM-UHFFFAOYSA-N,Plantactinospora sp. KBS50,-0.44996197765133894,1.4667936461408342e-06,0.44996197765133894,negative
HILICZ_negative|IK:COLNVLDHVKWLRT-QMMMGPOBSA-N,Pseudomonas reinekei,0.44994382479459727,1.468396209261448e-06,0.44994382479459727,positive
HILICZ_positive|IK:MMOXZBCLCQITDF-UHFFFAOYSA-N,Kitasatospora aureofaciens,0.4499372169491071,1.4689799720330089e-06,0.4499372169491071,positive
C18_positive|IK:UAUDZVJPLUQNMU-KTKRTIGZSA-N,Nitrobacter hamburgensis,-0.449903191002216,1.4719894386988927e-06,0.449903191002216,negative
C18_positive|IK:FATBGEAMYMYZAF-KTKRTIGZSA-N,Pseudomonas entomophila,0.44987519032791695,1.4744703723097503e-06,0.44987519032791695,positive
C18_positive|IK:FATBGEAMYMYZAF-KTKRTIGZSA-N,Pseudomonas lini,0.4498667756759306,1.4752167063392307e-06,0.4498667756759306,positive
C18_positive|IK:SIKJAQJRHWYJAI-UHFFFAOYSA-N,Halomonas sp. JS92-SW72,-0.44986085608518206,1.475741956359833e-06,0.44986085608518206,negative
C18_negative|IK:NGFMICBWJRZIBI-UHFFFAOYSA-N,Arthrobacter alpinus,-0.44985419434048096,1.4763332701491476e-06,0.44985419434048096,negative
C18_positive|NAME:,Pseudomonas rhodesiae,0.4498540474759776,1.476346308752642e-06,0.4498540474759776,positive
HILICZ_positive|IK:PUQSUZTXKPLAPR-UJPOAAIJSA-N,Streptomyces sp. SM18,-0.44982879915298246,1.4785894722238948e-06,0.44982879915298246,negative
HILICZ_negative|IK:AAWZDTNXLSGCEK-LNVDRNJUSA-N,Pseudomonas sp. CMR12a,0.44981526997421745,1.4797927874485643e-06,0.44981526997421745,positive
C18_positive|IK:FATBGEAMYMYZAF-KTKRTIGZSA-N,Pseudomonas fragi,0.44978407895107686,1.4825705218554674e-06,0.44978407895107686,positive
HILICZ_negative|IK:JVQYSWDUAOAHFM-UHFFFAOYSA-N,Streptomyces clavuligerus,-0.44978340198821,1.4826308638961363e-06,0.44978340198821,negative
HILICZ_positive|IK:COLNVLDHVKWLRT-QMMMGPOBSA-N,Pseudomonas granadensis,0.4497485290312642,1.4857424627133018e-06,0.4497485290312642,positive
C18_negative|IK:BJEPYKJPYRNKOW-REOHCLBHSA-N,Geodermatophilus obscurus,-0.4497341563097509,1.4870266924111673e-06,0.4497341563097509,negative
C18_positive|IK:LVFCLUMIBMHAFL-HMUNZLOLSA-N,Pseudomonas protegens,0.44973241753398,1.4871821265733529e-06,0.44973241753398,positive
HILICZ_positive|IK:SIOXPEMLGUPBBT-UHFFFAOYSA-N,Homo sapiens,-0.44969983735821417,1.4900974094089193e-06,0.44969983735821417,negative
C18_positive|IK:FATBGEAMYMYZAF-KTKRTIGZSA-N,Streptomyces sp. NEAU-S7GS2,-0.44969049774238384,1.490934118508543e-06,0.44969049774238384,negative
HILICZ_negative|IK:VRYALKFFQXWPIH-UHFFFAOYSA-N,Frankia sp. QA3,-0.4496877762733867,1.4911780107430381e-06,0.4496877762733867,negative
C18_positive|IK:UAUDZVJPLUQNMU-KTKRTIGZSA-N,Pseudomonas silesiensis,0.4496817205492278,1.4917208474092077e-06,0.4496817205492278,positive
HILICZ_positive|IK:KWIUHFFTVRNATP-UHFFFAOYSA-N,Amycolatopsis mediterranei,-0.44967798764176653,1.4920555594390001e-06,0.44967798764176653,negative
C18_positive|NAME:,Pseudomonas sp. CMR5c,0.4496727684519605,1.492523658591857e-06,0.4496727684519605,positive
C18_positive|IK:NJMQSVWMCODQIP-FQXXIRCGSA-N,Marmoricola scoriae,-0.4496477449289887,1.494769903456982e-06,0.4496477449289887,negative
HILICZ_negative|IK:ODHCTXKNWHHXJC-UHFFFAOYSA-N,Pseudomonas umsongensis,0.44960503776672456,1.4986109238755162e-06,0.44960503776672456,positive
HILICZ_negative|IK:VRYALKFFQXWPIH-UHFFFAOYSA-N,Phycicoccus dokdonensis,-0.44960071636451954,1.4990001049692455e-06,0.44960071636451954,negative
C18_positive|IK:LVFCLUMIBMHAFL-HMUNZLOLSA-N,Singulisphaera acidiphila,-0.44958309865485435,1.5005877289417044e-06,0.44958309865485435,negative
HILICZ_negative|NAME:,Planctomyces sp. SH-PL62,-0.4495816251423701,1.5007205870106914e-06,0.4495816251423701,negative
C18_positive|IK:KZSNJWFQEVHDMF-BYPYZUCNSA-N,Pseudomonas palleroniana,0.4495716502350814,1.5016202595570892e-06,0.4495716502350814,positive
HILICZ_positive|IK:KWIUHFFTVRNATP-UHFFFAOYSA-N,Streptomyces virus Caliburn,0.4495684361659656,1.501910256748652e-06,0.4495684361659656,positive
HILICZ_negative|IK:COLNVLDHVKWLRT-QMMMGPOBSA-N,Streptomyces rubrolavendulae,-0.449554150648105,1.5031998442880822e-06,0.449554150648105,negative
HILICZ_negative|IK:OKVJCVWFVRATSG-UHFFFAOYSA-N,Streptomyces sp. TLI_053,-0.4495438565839969,1.5041297639505097e-06,0.4495438565839969,negative
C18_positive|IK:NJMQSVWMCODQIP-FQXXIRCGSA-N,Streptomyces sp. NEAU-S7GS2,-0.4495380153484614,1.5046576773099555e-06,0.4495380153484614,negative
HILICZ_positive|IK:PUQSUZTXKPLAPR-UJPOAAIJSA-N,Jiangella sp. DSM 45060,-0.4495304151441929,1.50534482372484e-06,0.4495304151441929,negative
HILICZ_positive|IK:KWIUHFFTVRNATP-UHFFFAOYSA-N,Luteibacter rhizovicinus,0.44951483809984194,1.5067540977923336e-06,0.44951483809984194,positive
HILICZ_positive|IK:RGHHSNMVTDWUBI-UHFFFAOYSA-N,Thermomonospora curvata,-0.44945498706776016,1.5121805268528821e-06,0.44945498706776016,negative
HILICZ_negative|NAME:,Pseudomonas lini,0.44941059494421803,1.5162173156312835e-06,0.44941059494421803,positive
HILICZ_positive|IK:KWIUHFFTVRNATP-UHFFFAOYSA-N,Chryseolinea sp. KIS68-18,0.44940806639287467,1.516447555913124e-06,0.44940806639287467,positive
C18_positive|NAME:,Pseudomonas aeruginosa,0.44940727974565825,1.5165191917744353e-06,0.44940727974565825,positive
HILICZ_positive|IK:RGHHSNMVTDWUBI-UHFFFAOYSA-N,Pseudomonas stutzeri,0.44940475648533823,1.5167489935686606e-06,0.44940475648533823,positive
HILICZ_negative|IK:VRYALKFFQXWPIH-UHFFFAOYSA-N,Halomonas sp. JS92-SW72,-0.44938986525848645,1.5181058594659656e-06,0.44938986525848645,negative
C18_positive|IK:RGHHSNMVTDWUBI-UHFFFAOYSA-N,Pseudonocardia sp. HH130629-09,-0.44934681423476286,1.5220350726696216e-06,0.44934681423476286,negative
C18_positive|NAME:,Streptomyces sp. fd1-xmd,-0.44933621059441875,1.5230043310530471e-06,0.44933621059441875,negative
HILICZ_positive|IK:COLNVLDHVKWLRT-QMMMGPOBSA-N,Pantoea agglomerans,0.4493255978297765,1.523975008831058e-06,0.4493255978297765,positive
HILICZ_negative|IK:RHBSLIMVGWKFQW-UHFFFAOYSA-N,Nakamurella panacisegetis,0.4493062376275049,1.525747265197049e-06,0.4493062376275049,positive
C18_positive|IK:NJMQSVWMCODQIP-FQXXIRCGSA-N,Granulicella tundricola,-0.44930393762709886,1.5259579397014304e-06,0.44930393762709886,negative
HILICZ_negative|NAME:,Candidatus Solibacter usitatus,-0.44928892307682416,1.5273339135532926e-06,0.44928892307682416,negative
C18_negative|IK:SMUMBCREXHTKFN-VZOUQOBNSA-N,Rhodococcus erythropolis,-0.4492838539406262,1.527798728146578e-06,0.4492838539406262,negative
HILICZ_negative|IK:OKVJCVWFVRATSG-UHFFFAOYSA-N,Pseudomonas fulva,0.44928345651472684,1.5278351757895046e-06,0.44928345651472684,positive
HILICZ_negative|NAME:,Actinoplanes derwentensis,-0.44926537616137785,1.5294941832187982e-06,0.44926537616137785,negative
HILICZ_positive|IK:KWIUHFFTVRNATP-UHFFFAOYSA-N,Micromonospora echinaurantiaca,-0.44923809128098,1.5320010053516178e-06,0.44923809128098,negative
C18_negative|IK:BJEPYKJPYRNKOW-REOHCLBHSA-N,Blastococcus saxobsidens,-0.44922417695254596,1.5332808941736593e-06,0.44922417695254596,negative
C18_negative|IK:SMUMBCREXHTKFN-VZOUQOBNSA-N,Streptomyces sp. fd1-xmd,-0.44921293514014465,1.5343156951607448e-06,0.44921293514014465,negative
HILICZ_positive|IK:COLNVLDHVKWLRT-QMMMGPOBSA-N,Frankia inefficax,-0.4492005123308481,1.5354599754229544e-06,0.4492005123308481,negative
HILICZ_positive|IK:GHOKWGTUZJEAQD-UHFFFAOYSA-N,Sphingobium hydrophobicum,0.4491894399871482,1.5364805438490144e-06,0.4491894399871482,positive
HILICZ_negative|IK:SLWWJZMPHJJOPH-PHDIDXHHSA-N,Nocardioides sp. 78,-0.4491731520578354,1.537983014947e-06,0.4491731520578354,negative
C18_negative|IK:SMUMBCREXHTKFN-VZOUQOBNSA-N,Opitutus sp. GAS368,-0.44916518116205456,1.5387187928707846e-06,0.44916518116205456,negative
HILICZ_positive|IK:COLNVLDHVKWLRT-QMMMGPOBSA-N,Pseudomonas mediterranea,0.4491571865990034,1.5394570903414803e-06,0.4491571865990034,positive
C18_positive|IK:NJMQSVWMCODQIP-FQXXIRCGSA-N,Paludisphaera borealis,-0.44915409771295844,1.5397424386532564e-06,0.44915409771295844,negative
C18_positive|IK:LVFCLUMIBMHAFL-HMUNZLOLSA-N,Pseudomonas plecoglossicida,0.449102264528154,1.5445382179702587e-06,0.449102264528154,positive
C18_positive|IK:LVFCLUMIBMHAFL-HMUNZLOLSA-N,Pseudomonas sp. LAB-08,0.4490889926639907,1.5457684481862312e-06,0.4490889926639907,positive
HILICZ_positive|IK:KWIUHFFTVRNATP-UHFFFAOYSA-N,Streptomyces pristinaespiralis,-0.449070824108736,1.5474540801678545e-06,0.449070824108736,negative
HILICZ_negative|NAME:,Streptomyces peucetius,-0.4490603283094921,1.5484286467212126e-06,0.4490603283094921,negative
C18_positive|IK:NGFMICBWJRZIBI-UHFFFAOYSA-N,Pseudomonas sp. B10,0.44905924054546814,1.5485296821231401e-06,0.44905924054546814,positive
HILICZ_positive|IK:COLNVLDHVKWLRT-QMMMGPOBSA-N,Pseudomonas sp. Z003-0.4C(8344-21),0.4490452351302268,1.5498311129094554e-06,0.4490452351302268,positive
HILICZ_positive|IK:COLNVLDHVKWLRT-QMMMGPOBSA-N,Pseudomonas sp. DR 5-09,0.44904336145103757,1.5500053000912248e-06,0.44904336145103757,positive
C18_positive|IK:KZSNJWFQEVHDMF-BYPYZUCNSA-N,Streptomyces hundungensis,-0.44901520172333936,1.5526254125358246e-06,0.44901520172333936,negative
HILICZ_negative|IK:VRYALKFFQXWPIH-UHFFFAOYSA-N,Pseudopropionibacterium propionicum,-0.4489768660930496,1.5561990814064655e-06,0.4489768660930496,negative
HILICZ_negative|NAME:,Nocardioides sp. JS614,-0.44897398590553417,1.5564678884929505e-06,0.44897398590553417,negative
HILICZ_negative|IK:GHOKWGTUZJEAQD-UHFFFAOYSA-N,Sandaracinus amylolyticus,-0.4489739387425567,1.5564722905662304e-06,0.4489739387425567,negative
C18_positive|IK:KZSNJWFQEVHDMF-BYPYZUCNSA-N,Anaeromyxobacter dehalogenans,-0.4489721718317563,1.5566372180566576e-06,0.4489721718317563,negative
HILICZ_negative|IK:JVQYSWDUAOAHFM-UHFFFAOYSA-N,Micromonospora viridifaciens,-0.44896755876199995,1.55706789054632e-06,0.44896755876199995,negative
HILICZ_negative|IK:KCOOTJRKKIDHTM-UHFFFAOYSA-N,Kutzneria albida,-0.4489495897910696,1.5587465354026898e-06,0.4489495897910696,negative
C18_positive|NAME:,Pseudonocardia sp. HH130629-09,-0.4489424596447202,1.5594131020337923e-06,0.4489424596447202,negative
HILICZ_negative|IK:RHBSLIMVGWKFQW-UHFFFAOYSA-N,Nakamurella multipartita,0.44890210508744327,1.5631907661681291e-06,0.44890210508744327,positive
HILICZ_positive|IK:COLNVLDHVKWLRT-QMMMGPOBSA-N,Pseudomonas poae,0.4488981294378035,1.5635634026538857e-06,0.4488981294378035,positive
HILICZ_negative|IK:RYWDJUUPROVLNV-LXFHESFISA-N,Intrasporangium calvum,-0.4488487974510525,1.5681942797388994e-06,0.4488487974510525,negative
HILICZ_negative|IK:JVQYSWDUAOAHFM-UHFFFAOYSA-N,Pseudonocardia dioxanivorans,-0.44884728148302055,1.5683367917342186e-06,0.44884728148302055,negative
C18_negative|NAME:,Streptomyces globosus,-0.4488217403345875,1.5707396899652492e-06,0.4488217403345875,negative
HILICZ_positive|IK:PUQSUZTXKPLAPR-UJPOAAIJSA-N,Pseudomonas yamanorum,0.44881675775415947,1.5712088548503222e-06,0.44881675775415947,positive
HILICZ_negative|IK:OXQKEKGBFMQTML-KVTDHHQDSA-N,Streptomyces virus R4,0.4488035594118655,1.572452265780756e-06,0.4488035594118655,positive
C18_positive|NAME:,Pseudomonas sp. CMR12a,0.4487791404240553,1.5747552270541792e-06,0.4487791404240553,positive
C18_negative|IK:SMUMBCREXHTKFN-VZOUQOBNSA-N,Nocardioides sp. CF8,-0.44875281311386783,1.5772417410631252e-06,0.44875281311386783,negative
C18_positive|IK:SIKJAQJRHWYJAI-UHFFFAOYSA-N,Kitasatospora aureofaciens,-0.4487527222291772,1.5772503312120488e-06,0.4487527222291772,negative
HILICZ_positive|IK:PUQSUZTXKPLAPR-UJPOAAIJSA-N,Pseudomonas stutzeri,0.4487490512680347,1.577597336511975e-06,0.4487490512680347,positive
C18_negative|IK:SMUMBCREXHTKFN-VZOUQOBNSA-N,Bradyrhizobium lablabi,-0.448739082075571,1.5785400601575389e-06,0.448739082075571,negative
HILICZ_negative|IK:COLNVLDHVKWLRT-QMMMGPOBSA-N,Frankia inefficax,-0.4487354271540588,1.5788858166654486e-06,0.4487354271540588,negative
HILICZ_positive|IK:COLNVLDHVKWLRT-QMMMGPOBSA-N,Terriglobus roseus,-0.4487137848417928,1.5809346551608965e-06,0.4487137848417928,negative
HILICZ_positive|IK:PUQSUZTXKPLAPR-UJPOAAIJSA-N,Pseudomonas taetrolens,0.44868874911667417,1.5833078829246237e-06,0.44868874911667417,positive
HILICZ_negative|IK:RYWDJUUPROVLNV-LXFHESFISA-N,Frankia sp. EAN1pec,-0.4486783196943596,1.5842975211125347e-06,0.4486783196943596,negative
HILICZ_positive|IK:MMOXZBCLCQITDF-UHFFFAOYSA-N,Alloactinosynnema sp. L-07,0.44864514655696625,1.5874491857252877e-06,0.44864514655696625,positive
C18_negative|IK:SMUMBCREXHTKFN-VZOUQOBNSA-N,Pseudomonas agarici,0.44863978669927246,1.5879589640413592e-06,0.44863978669927246,positive
HILICZ_negative|IK:OKVJCVWFVRATSG-UHFFFAOYSA-N,Pseudomonas putida,0.4486277206856623,1.5891071350736121e-06,0.4486277206856623,positive
HILICZ_negative|IK:FTVWIRXFELQLPI-ZDUSSCGKSA-N,Pseudomonas umsongensis,-0.4485620922394405,1.5953659508161488e-06,0.4485620922394405,negative
HILICZ_positive|IK:PUQSUZTXKPLAPR-UJPOAAIJSA-N,Pseudomonas trivialis,0.4485487423488033,1.5966419495810226e-06,0.4485487423488033,positive
C18_positive|NAME:,Streptomyces clavuligerus,-0.44854241740598766,1.5972468326726636e-06,0.44854241740598766,negative
HILICZ_negative|IK:AAWZDTNXLSGCEK-LNVDRNJUSA-N,Streptomyces sp. 4F,-0.44853621322519716,1.5978403775795823e-06,0.44853621322519716,negative
HILICZ_positive|IK:KWIUHFFTVRNATP-UHFFFAOYSA-N,Pseudomonas stutzeri,0.4485360218899882,1.597858685659137e-06,0.4485360218899882,positive
HILICZ_positive|IK:MMOXZBCLCQITDF-UHFFFAOYSA-N,Micromonospora rifamycinica,0.4485334226737225,1.5981074136588045e-06,0.4485334226737225,positive
C18_positive|IK:FATBGEAMYMYZAF-KTKRTIGZSA-N,Streptomyces violaceoruber,-0.44852526567399525,1.5988882233063303e-06,0.44852526567399525,negative
C18_positive|IK:RCFGIEPQSDGMJJ-UHFFFAOYSA-N,Streptomyces lunaelactis,-0.4485051134955286,1.6008187923910452e-06,0.4485051134955286,negative
HILICZ_positive|IK:SIOXPEMLGUPBBT-UHFFFAOYSA-N,Streptomyces sp. Mg1,-0.44849796188762614,1.6015044435773275e-06,0.44849796188762614,negative
HILICZ_negative|IK:SLWWJZMPHJJOPH-PHDIDXHHSA-N,Streptomyces fungicidicus,-0.4484939648698759,1.6018877736458962e-06,0.4484939648698759,negative
C18_negative|IK:CZDNLUMNELLDDD-QZFWYPLZSA-N,Streptosporangium sp. 'caverna',-0.4484789263930439,1.6033308026330526e-06,0.4484789263930439,negative
C18_positive|IK:RCFGIEPQSDGMJJ-UHFFFAOYSA-N,Streptomyces sp. WAC00288,-0.4484686733350008,1.6043153486389083e-06,0.4484686733350008,negative
C18_positive|IK:UAUDZVJPLUQNMU-KTKRTIGZSA-N,Mycobacterium avium,-0.44844498176485437,1.60659251305882e-06,0.44844498176485437,negative
HILICZ_negative|IK:AAWZDTNXLSGCEK-LNVDRNJUSA-N,Novosphingobium sp. P6W,0.44843236638262973,1.6078063152476492e-06,0.44843236638262973,positive
HILICZ_negative|IK:JVQYSWDUAOAHFM-UHFFFAOYSA-N,Pseudomonas sp. URMO17WK12:I11,0.44842584312062406,1.6084342983040177e-06,0.44842584312062406,positive
HILICZ_negative|IK:JVQYSWDUAOAHFM-UHFFFAOYSA-N,Pseudonocardia sp. HH130630-07,-0.44840165654064496,1.6107647260159865e-06,0.44840165654064496,negative
C18_positive|IK:RCFGIEPQSDGMJJ-UHFFFAOYSA-N,Streptomyces sp. 2323.1,-0.44839666036074777,1.6112465167390065e-06,0.44839666036074777,negative
C18_negative|IK:WJAOHEPEBANKEO-UHFFFAOYSA-N,Actinoplanes teichomyceticus,0.4483836434066157,1.6125024063583816e-06,0.4483836434066157,positive
HILICZ_negative|IK:VRYALKFFQXWPIH-UHFFFAOYSA-N,Pseudomonas brassicacearum,0.4483724116366346,1.6135868044891008e-06,0.4483724116366346,positive
HILICZ_negative|IK:SLWWJZMPHJJOPH-PHDIDXHHSA-N,Paenibacillus borealis,0.4483455937743618,1.6161787929131953e-06,0.4483455937743618,positive
C18_negative|NAME:,Nonomuraea sp. ATCC 55076,-0.4483416469322216,1.6165605940749333e-06,0.4483416469322216,negative
C18_negative|IK:KRKNYBCHXYNGOX-UHFFFAOYSA-N,Kitasatospora aureofaciens,-0.4483343330731856,1.6172683323106403e-06,0.4483343330731856,negative
HILICZ_negative|IK:AAWZDTNXLSGCEK-LNVDRNJUSA-N,Pseudomonas taetrolens,0.44829767132255444,1.6208203941133481e-06,0.44829767132255444,positive
C18_positive|IK:RGHHSNMVTDWUBI-UHFFFAOYSA-N,Pseudomonas sp. LBUM920,0.44829241145172205,1.6213306149356376e-06,0.44829241145172205,positive
C18_positive|IK:LVFCLUMIBMHAFL-HMUNZLOLSA-N,Pseudomonas sp. 7SR1,0.44828912751759464,1.6216492420016602e-06,0.44828912751759464,positive
HILICZ_negative|IK:JVQYSWDUAOAHFM-UHFFFAOYSA-N,Rhizobium favelukesii,0.44828859562990164,1.6217008545283775e-06,0.44828859562990164,positive
HILICZ_negative|NAME:,Pseudomonas alkylphenolica,0.4482826577745257,1.6222771489340108e-06,0.4482826577745257,positive
HILICZ_negative|IK:VRYALKFFQXWPIH-UHFFFAOYSA-N,Pseudomonas plecoglossicida,0.4482819419278079,1.6223466380351283e-06,0.4482819419278079,positive
C18_positive|IK:MMOXZBCLCQITDF-UHFFFAOYSA-N,Massilia sp. NR 4-1,-0.44826962548856875,1.6235426683410586e-06,0.44826962548856875,negative
HILICZ_negative|IK:JVQYSWDUAOAHFM-UHFFFAOYSA-N,Pseudomonas fulva,0.44825729057397246,1.624741329595582e-06,0.44825729057397246,positive
HILICZ_negative|IK:KCOOTJRKKIDHTM-UHFFFAOYSA-N,Actinopolymorpha singaporensis,-0.44824040166046686,1.6263838908972802e-06,0.44824040166046686,negative
HILICZ_negative|IK:JVQYSWDUAOAHFM-UHFFFAOYSA-N,Burkholderia sp. CCGE1002,-0.4482042165129636,1.6299084371622408e-06,0.4482042165129636,negative
C18_positive|IK:LVFCLUMIBMHAFL-HMUNZLOLSA-N,Pseudomonas corrugata,0.4481846785552125,1.6318145010272854e-06,0.4481846785552125,positive
C18_positive|IK:UAUDZVJPLUQNMU-KTKRTIGZSA-N,Pseudomonas sp. K2W31S-8,0.44813808609121336,1.6363684426833781e-06,0.44813808609121336,positive
HILICZ_positive|IK:SIOXPEMLGUPBBT-UHFFFAOYSA-N,Pseudomonas viridiflava,0.4481251022635344,1.6376396229099209e-06,0.4481251022635344,positive
HILICZ_negative|IK:COLNVLDHVKWLRT-QMMMGPOBSA-N,Thermomonospora curvata,-0.4481249637918953,1.6376531849988103e-06,0.4481249637918953,negative
C18_positive|IK:MMOXZBCLCQITDF-UHFFFAOYSA-N,Variibacter gotjawalensis,0.44812418254151754,1.637729703649829e-06,0.44812418254151754,positive
HILICZ_negative|IK:AAWZDTNXLSGCEK-LNVDRNJUSA-N,Pseudomonas sp. 7SR1,0.4480821785129248,1.6418487269852614e-06,0.4480821785129248,positive
HILICZ_positive|IK:MMOXZBCLCQITDF-UHFFFAOYSA-N,Pseudomonas frederiksbergensis,-0.448074759186739,1.6425773039034778e-06,0.448074759186739,negative
HILICZ_positive|IK:PUQSUZTXKPLAPR-UJPOAAIJSA-N,Pseudomonas rhodesiae,0.44807199561491745,1.6428487645652395e-06,0.44807199561491745,positive
HILICZ_negative|IK:OKVJCVWFVRATSG-UHFFFAOYSA-N,Pseudomonas yamanorum,0.4480493757606228,1.6450722694014032e-06,0.4480493757606228,positive
HILICZ_negative|IK:OKVJCVWFVRATSG-UHFFFAOYSA-N,Pseudomonas sp. NC02,0.44804288405175935,1.6457109227697592e-06,0.44804288405175935,positive
C18_positive|IK:LVFCLUMIBMHAFL-HMUNZLOLSA-N,Opitutus sp. GAS368,-0.4480283978102569,1.6471369237137401e-06,0.4480283978102569,negative
C18_positive|IK:NJMQSVWMCODQIP-FQXXIRCGSA-N,Planctomyces sp. SH-PL62,-0.44802092665839904,1.6478728284356844e-06,0.44802092665839904,negative
HILICZ_negative|IK:KCOOTJRKKIDHTM-UHFFFAOYSA-N,Kitasatospora setae,-0.4480066348291322,1.6492814339864513e-06,0.4480066348291322,negative
HILICZ_positive|IK:KWIUHFFTVRNATP-UHFFFAOYSA-N,Streptomyces sp. SM18,-0.4479858381015489,1.6513332004676803e-06,0.4479858381015489,negative
C18_positive|IK:SIKJAQJRHWYJAI-UHFFFAOYSA-N,Streptomyces rubrolavendulae,-0.447979394126254,1.6519694414237147e-06,0.447979394126254,negative
HILICZ_positive|IK:MMOXZBCLCQITDF-UHFFFAOYSA-N,Lacunisphaera limnophila,0.44797300996676814,1.6526000054115775e-06,0.44797300996676814,positive
C18_negative|IK:SMUMBCREXHTKFN-VZOUQOBNSA-N,Pimelobacter simplex,-0.44797055670544833,1.6528423748585385e-06,0.44797055670544833,negative
HILICZ_negative|IK:AAWZDTNXLSGCEK-LNVDRNJUSA-N,Pseudomonas cichorii,0.4479668068643514,1.6532129046827375e-06,0.4479668068643514,positive
HILICZ_negative|IK:OKVJCVWFVRATSG-UHFFFAOYSA-N,Pseudomonas sp. LAB-08,0.447921964189717,1.6576500041799449e-06,0.447921964189717,positive
C18_negative|IK:NGFMICBWJRZIBI-UHFFFAOYSA-N,Pseudomonas sp. TKP,0.4479109696246769,1.658739616079226e-06,0.4479109696246769,positive
C18_negative|IK:SMUMBCREXHTKFN-VZOUQOBNSA-N,Nocardioides sp. JS614,-0.44787616868415914,1.6621930217260793e-06,0.44787616868415914,negative
C18_positive|IK:FATBGEAMYMYZAF-KTKRTIGZSA-N,Pseudomonas monteilii,0.4478656763444683,1.6632355442611705e-06,0.4478656763444683,positive
HILICZ_negative|IK:OKVJCVWFVRATSG-UHFFFAOYSA-N,Pseudomonas aeruginosa,0.4478480947386061,1.6649838468711988e-06,0.4478480947386061,positive
C18_negative|IK:RHBSLIMVGWKFQW-UHFFFAOYSA-N,Janthinobacterium sp. 1_2014MBL_MicDiv,-0.44783990781188393,1.6657985428282284e-06,0.44783990781188393,negative
HILICZ_negative|IK:COLNVLDHVKWLRT-QMMMGPOBSA-N,Granulicella mallensis,-0.44779920959817077,1.6698541014400198e-06,0.44779920959817077,negative
C18_positive|IK:NGFMICBWJRZIBI-UHFFFAOYSA-N,Streptomyces olivaceus,-0.44776552747890425,1.6732175782497798e-06,0.44776552747890425,negative
HILICZ_negative|IK:COLNVLDHVKWLRT-QMMMGPOBSA-N,Actinomadura amylolytica,-0.4477618623150636,1.6735839661382714e-06,0.4477618623150636,negative
C18_positive|IK:SIKJAQJRHWYJAI-UHFFFAOYSA-N,Rhodococcus ruber,-0.44775480490179953,1.6742896740241737e-06,0.44775480490179953,negative
HILICZ_negative|IK:GHOKWGTUZJEAQD-UHFFFAOYSA-N,Pseudopropionibacterium propionicum,-0.4477420217258604,1.6755686485242862e-06,0.4477420217258604,negative
C18_negative|IK:CZDNLUMNELLDDD-QZFWYPLZSA-N,Chryseolinea sp. KIS68-18,0.4477330485411226,1.6764669806627485e-06,0.4477330485411226,positive
C18_positive|NAME:,Pseudomonas sp. R5-89-07,0.4477264073316515,1.6771321454892043e-06,0.4477264073316515,positive
HILICZ_negative|NAME:,Pseudopropionibacterium propionicum,-0.44772514064299035,1.6772590418298513e-06,0.44772514064299035,negative
HILICZ_negative|IK:AAWZDTNXLSGCEK-LNVDRNJUSA-N,Streptomyces roseochromogenus,-0.4477194605270884,1.6778281852644758e-06,0.4477194605270884,negative
C18_positive|IK:NGFMICBWJRZIBI-UHFFFAOYSA-N,Pseudomonas kribbensis,0.44771106672903666,1.6786695724513043e-06,0.44771106672903666,positive
HILICZ_positive|IK:RGHHSNMVTDWUBI-UHFFFAOYSA-N,Kutzneria albida,-0.4477023734827203,1.6795413972238057e-06,0.4477023734827203,negative
C18_negative|IK:CZDNLUMNELLDDD-QZFWYPLZSA-N,Pseudomonas lini,0.44768560087294823,1.6812246936558985e-06,0.44768560087294823,positive
C18_positive|IK:RGHHSNMVTDWUBI-UHFFFAOYSA-N,Streptomyces gilvosporeus,-0.44767801902629106,1.6819861307190846e-06,0.44767801902629106,negative
C18_positive|IK:NJMQSVWMCODQIP-FQXXIRCGSA-N,Bradyrhizobium erythrophlei,-0.4476630926883525,1.6834861218118785e-06,0.4476630926883525,negative
C18_negative|IK:CZDNLUMNELLDDD-QZFWYPLZSA-N,Streptomyces rubrolavendulae,-0.4476324041318522,1.6865740841746077e-06,0.4476324041318522,negative
C18_positive|IK:UAUDZVJPLUQNMU-KTKRTIGZSA-N,Pantoea agglomerans,0.4476291177246171,1.686905088754358e-06,0.4476291177246171,positive
HILICZ_negative|IK:ODHCTXKNWHHXJC-UHFFFAOYSA-N,Phycicoccus dokdonensis,-0.44762909338404383,1.6869075405489025e-06,0.44762909338404383,negative
HILICZ_negative|IK:JVQYSWDUAOAHFM-UHFFFAOYSA-N,Streptomyces sp. fd1-xmd,-0.4475806480692127,1.6917940668234106e-06,0.4475806480692127,negative
HILICZ_positive|IK:SIOXPEMLGUPBBT-UHFFFAOYSA-N,Streptomyces globosus,-0.4475727676917974,1.6925902019618237e-06,0.4475727676917974,negative
C18_negative|IK:SMUMBCREXHTKFN-VZOUQOBNSA-N,Micromonospora krabiensis,-0.4475670887686185,1.6931641495148362e-06,0.4475670887686185,negative
HILICZ_positive|IK:GHOKWGTUZJEAQD-UHFFFAOYSA-N,Sphingobium sp. RAC03,0.44755832422685543,1.6940503106982268e-06,0.44755832422685543,positive
C18_positive|IK:SIKJAQJRHWYJAI-UHFFFAOYSA-N,Alloactinosynnema sp. L-07,-0.44750892281047383,1.6990533851899397e-06,0.44750892281047383,negative
HILICZ_negative|IK:GHOKWGTUZJEAQD-UHFFFAOYSA-N,Myxococcus macrosporus,-0.44750128787508775,1.699827851989135e-06,0.44750128787508775,negative
C18_positive|IK:KZSNJWFQEVHDMF-BYPYZUCNSA-N,Lacunisphaera limnophila,-0.447482823454341,1.7017022138270868e-06,0.447482823454341,negative
C18_positive|IK:FATBGEAMYMYZAF-KTKRTIGZSA-N,Pseudomonas antarctica,0.44747880478887764,1.702110416161484e-06,0.44747880478887764,positive
C18_positive|NAME:,Streptomyces olivoreticuli,-0.4474743622302621,1.7025617840152871e-06,0.4474743622302621,negative
C18_positive|IK:NJMQSVWMCODQIP-FQXXIRCGSA-N,Blastococcus saxobsidens,-0.4474642546937852,1.7035891408733635e-06,0.4474642546937852,negative
C18_positive|IK:UAUDZVJPLUQNMU-KTKRTIGZSA-N,Pseudomonas protegens,0.44745845320583516,1.7041790846333927e-06,0.44745845320583516,positive
HILICZ_negative|IK:KCOOTJRKKIDHTM-UHFFFAOYSA-N,Catenulispora acidiphila,-0.44744332532963005,1.7057183234209975e-06,0.44744332532963005,negative
C18_positive|IK:RGHHSNMVTDWUBI-UHFFFAOYSA-N,Pseudomonas sp. LG1E9,0.4473972177483122,1.7104178250481667e-06,0.4473972177483122,positive
HILICZ_negative|IK:SLWWJZMPHJJOPH-PHDIDXHHSA-N,Jiangella sp. DSM 45060,-0.4473958531314309,1.7105570998312744e-06,0.4473958531314309,negative
C18_positive|IK:RGHHSNMVTDWUBI-UHFFFAOYSA-N,Pseudomonas antarctica,0.447390614247926,1.7110918876470564e-06,0.447390614247926,positive
HILICZ_positive|IK:PUQSUZTXKPLAPR-UJPOAAIJSA-N,Streptomyces sp. GSSD-12,-0.44737072604237554,1.7131235270496724e-06,0.44737072604237554,negative
C18_negative|IK:NGFMICBWJRZIBI-UHFFFAOYSA-N,Streptomyces sp. 4F,-0.4473601147825963,1.714208432999678e-06,0.4473601147825963,negative
HILICZ_negative|IK:OKVJCVWFVRATSG-UHFFFAOYSA-N,Pseudomonas plecoglossicida,0.4473465356949246,1.715597721580516e-06,0.4473465356949246,positive
C18_positive|IK:NJMQSVWMCODQIP-FQXXIRCGSA-N,Pseudomonas taetrolens,0.44732955922963175,1.7173360984521349e-06,0.44732955922963175,positive
C18_negative|IK:SMUMBCREXHTKFN-VZOUQOBNSA-N,Streptomyces violaceoruber,-0.4473287953879133,1.7174143544462712e-06,0.4473287953879133,negative
C18_positive|NAME:,Paludisphaera borealis,-0.4473211537585994,1.7181974293417888e-06,0.4473211537585994,negative
HILICZ_negative|IK:SLWWJZMPHJJOPH-PHDIDXHHSA-N,Pseudomonas sp. B10,0.44731759204910443,1.7185625305181122e-06,0.44731759204910443,positive
C18_positive|IK:SIKJAQJRHWYJAI-UHFFFAOYSA-N,Streptomyces albireticuli,-0.44729419441487644,1.7209627853562836e-06,0.44729419441487644,negative
HILICZ_negative|IK:SLWWJZMPHJJOPH-PHDIDXHHSA-N,Streptomyces hygroscopicus,-0.44728308959245006,1.7221030879978991e-06,0.44728308959245006,negative
C18_positive|IK:RCFGIEPQSDGMJJ-UHFFFAOYSA-N,Pseudomonas vancouverensis,0.44728009059953905,1.7224111633144836e-06,0.44728009059953905,positive
HILICZ_negative|IK:WJAOHEPEBANKEO-UHFFFAOYSA-N,Granulicella tundricola,0.4472798589449673,1.722434962492462e-06,0.4472798589449673,positive
C18_positive|NAME:,Streptomyces lavendulae,-0.4472792697089874,1.7224954994242726e-06,0.4472792697089874,negative
C18_negative|IK:NGFMICBWJRZIBI-UHFFFAOYSA-N,Pseudomonas lurida,0.44727412214907203,1.7230244351601075e-06,0.44727412214907203,positive
HILICZ_positive|IK:KWIUHFFTVRNATP-UHFFFAOYSA-N,Pseudomonas silesiensis,0.4472645270127797,1.7240107905830618e-06,0.4472645270127797,positive
C18_positive|IK:LVFCLUMIBMHAFL-HMUNZLOLSA-N,Pseudomonas lini,0.4472471419794329,1.7257992894410479e-06,0.4472471419794329,positive
C18_negative|NAME:,Pseudomonas fulva,0.44723189110687434,1.727369681168057e-06,0.44723189110687434,positive
HILICZ_negative|IK:DRTQHJPVMGBUCF-UHFFFAOYSA-N,Streptomyces xiamenensis,-0.4472310399503598,1.7274573651273216e-06,0.4472310399503598,negative
C18_positive|IK:RCFGIEPQSDGMJJ-UHFFFAOYSA-N,Pseudomonas brassicacearum,0.44723042768310717,1.7275204419340231e-06,0.44723042768310717,positive
HILICZ_positive|IK:RGHMISIYKIHAJW-UHFFFAOYSA-N,Chryseolinea sp. KIS68-18,0.4472178614856637,1.728815514591118e-06,0.4472178614856637,positive
C18_positive|NAME:,Pseudomonas sp. NS1(2017),0.44720693141973905,1.7299427149278154e-06,0.44720693141973905,positive
C18_positive|IK:RCFGIEPQSDGMJJ-UHFFFAOYSA-N,Streptomyces lavendulae,-0.4471963163606393,1.73103809513221e-06,0.4471963163606393,negative
C18_negative|IK:KRKNYBCHXYNGOX-UHFFFAOYSA-N,Kitasatospora sp. MMS16-BH015,-0.4471935070916215,1.7313280967183516e-06,0.4471935070916215,negative
HILICZ_negative|IK:SLWWJZMPHJJOPH-PHDIDXHHSA-N,Rhodococcus sp. MTM3W5.2,-0.4471919165797561,1.7314923060735342e-06,0.4471919165797561,negative
HILICZ_positive|IK:MMOXZBCLCQITDF-UHFFFAOYSA-N,Amycolatopsis sp. AA4,0.4471917138138908,1.731513241307181e-06,0.4471917138138908,positive
HILICZ_negative|IK:SLWWJZMPHJJOPH-PHDIDXHHSA-N,Streptomyces lunaelactis,-0.44716709749028793,1.7340566166272313e-06,0.44716709749028793,negative
HILICZ_positive|IK:SIOXPEMLGUPBBT-UHFFFAOYSA-N,Nocardioides sp. 78,-0.44715754820810516,1.7350442068449863e-06,0.44715754820810516,negative
HILICZ_negative|IK:WJAOHEPEBANKEO-UHFFFAOYSA-N,Streptomyces lunaelactis,0.4471468753713548,1.7361486256747696e-06,0.4471468753713548,positive
HILICZ_negative|IK:KCOOTJRKKIDHTM-UHFFFAOYSA-N,Kytococcus sedentarius,-0.4471320500788057,1.7376838426264136e-06,0.4471320500788057,negative
C18_positive|IK:FATBGEAMYMYZAF-KTKRTIGZSA-N,Streptomyces sp. 2323.1,-0.4471314971385638,1.7377411266036603e-06,0.4471314971385638,negative
C18_positive|IK:RGHHSNMVTDWUBI-UHFFFAOYSA-N,Pseudomonas mucidolens,0.4471314863250329,1.7377422468909305e-06,0.4471314863250329,positive
HILICZ_positive|IK:KWIUHFFTVRNATP-UHFFFAOYSA-N,Pseudomonas aeruginosa,0.4471139266407722,1.739562341450571e-06,0.4471139266407722,positive
HILICZ_positive|IK:PUQSUZTXKPLAPR-UJPOAAIJSA-N,Streptomyces venezuelae,-0.44710912825225996,1.7400600174185842e-06,0.44710912825225996,negative
HILICZ_negative|IK:JVQYSWDUAOAHFM-UHFFFAOYSA-N,Streptomyces globosus,-0.4470933703102285,1.7416953372665845e-06,0.4470933703102285,negative
C18_negative|IK:BJEPYKJPYRNKOW-REOHCLBHSA-N,Starkeya novella,-0.4470915638849028,1.741882896508741e-06,0.4470915638849028,negative
HILICZ_positive|IK:COLNVLDHVKWLRT-QMMMGPOBSA-N,Pseudopropionibacterium propionicum,-0.447090645138336,1.7419782963347864e-06,0.447090645138336,negative
C18_positive|IK:FATBGEAMYMYZAF-KTKRTIGZSA-N,Pseudomonas stutzeri,0.4470770709223888,1.74338837788495e-06,0.4470770709223888,positive
C18_positive|IK:LVFCLUMIBMHAFL-HMUNZLOLSA-N,Planctomyces sp. SH-PL62,-0.4470701194197759,1.7441109142279816e-06,0.4470701194197759,negative
HILICZ_positive|IK:RGHHSNMVTDWUBI-UHFFFAOYSA-N,Pseudomonas corrugata,0.4470635996557085,1.74478883348129e-06,0.4470635996557085,positive
C18_positive|IK:NJMQSVWMCODQIP-FQXXIRCGSA-N,Streptomyces sp. 2323.1,-0.44702455992560153,1.7488533720737344e-06,0.44702455992560153,negative
HILICZ_positive|IK:WHUUTDBJXJRKMK-VKHMYHEASA-N,Pseudomonas sp. NS1(2017),0.4470237314000143,1.7489397293208865e-06,0.4470237314000143,positive
C18_negative|IK:SMUMBCREXHTKFN-VZOUQOBNSA-N,Pseudomonas sp. NS1(2017),0.44701334057181386,1.7500231085340407e-06,0.44701334057181386,positive
HILICZ_negative|IK:JVQYSWDUAOAHFM-UHFFFAOYSA-N,Catenulispora acidiphila,-0.4470112213556804,1.7502441424179104e-06,0.4470112213556804,negative
C18_negative|IK:NGFMICBWJRZIBI-UHFFFAOYSA-N,Sorangium cellulosum,-0.44698039823364455,1.753461978218216e-06,0.44698039823364455,negative
C18_positive|IK:LVFCLUMIBMHAFL-HMUNZLOLSA-N,Nitrobacter winogradskyi,-0.4469728841329613,1.75424727511641e-06,0.4469728841329613,negative
C18_positive|IK:FATBGEAMYMYZAF-KTKRTIGZSA-N,Catenulispora acidiphila,-0.44696905102609913,1.754648000455433e-06,0.44696905102609913,negative
C18_negative|NAME:,Pseudomonas silesiensis,0.44695508871475254,1.7561083983633413e-06,0.44695508871475254,positive
HILICZ_negative|NAME:,Pseudomonas antarctica,0.4469392861854085,1.7577626634387894e-06,0.4469392861854085,positive
C18_negative|IK:KRKNYBCHXYNGOX-UHFFFAOYSA-N,Streptomyces sp. TLI_053,-0.4469298164410157,1.7587546968648346e-06,0.4469298164410157,negative
C18_positive|NAME:,Singulisphaera acidiphila,-0.44690482089178624,1.7613757323994424e-06,0.44690482089178624,negative
HILICZ_negative|IK:COLNVLDHVKWLRT-QMMMGPOBSA-N,Pseudomonas plecoglossicida,0.4468963631045319,1.7622634537811212e-06,0.4468963631045319,positive
HILICZ_negative|IK:GHOKWGTUZJEAQD-UHFFFAOYSA-N,Pseudomonas putida,0.4468484430086888,1.7673011058972604e-06,0.4468484430086888,positive
C18_positive|NAME:,Pseudomonas mendocina,0.4468332562802978,1.7689004701733573e-06,0.4468332562802978,positive
C18_negative|IK:BJEPYKJPYRNKOW-REOHCLBHSA-N,Gemmata sp. SH-PL17,-0.44682314251653305,1.7699663439092102e-06,0.44682314251653305,negative
HILICZ_negative|IK:AAWZDTNXLSGCEK-LNVDRNJUSA-N,Pseudomonas prosekii,0.4468221691482006,1.7700689577438956e-06,0.4468221691482006,positive
C18_positive|IK:KZSNJWFQEVHDMF-BYPYZUCNSA-N,Streptomyces niveus,-0.4467881655116895,1.7736572052025867e-06,0.4467881655116895,negative
HILICZ_negative|NAME:,Rhodococcus erythropolis,-0.4467848156438381,1.7740110737450819e-06,0.4467848156438381,negative
HILICZ_positive|IK:WHUUTDBJXJRKMK-VKHMYHEASA-N,Pseudomonas corrugata,0.44675112802923034,1.7775734355789674e-06,0.44675112802923034,positive
C18_positive|IK:FATBGEAMYMYZAF-KTKRTIGZSA-N,Pseudomonas parafulva,0.44673702153354433,1.779067164981983e-06,0.44673702153354433,positive
C18_negative|IK:ROJOJPXRGHLGTC-UHFFFAOYSA-N,Lentzea guizhouensis,0.446707585985613,1.7821879074317767e-06,0.446707585985613,positive
HILICZ_negative|IK:SLWWJZMPHJJOPH-PHDIDXHHSA-N,Pseudomonas mucidolens,0.44666849644102186,1.7863401733276218e-06,0.44666849644102186,positive
C18_negative|IK:WJAOHEPEBANKEO-UHFFFAOYSA-N,Mycobacterium avium,0.4466143101689614,1.7921112305390427e-06,0.4466143101689614,positive
C18_negative|IK:SMUMBCREXHTKFN-VZOUQOBNSA-N,Homo sapiens,-0.4466105978078941,1.7925072573753673e-06,0.4466105978078941,negative
HILICZ_positive|IK:MMOXZBCLCQITDF-UHFFFAOYSA-N,Streptomyces albulus,0.4466011432543572,1.7935162233938573e-06,0.4466011432543572,positive
HILICZ_negative|IK:AAWZDTNXLSGCEK-LNVDRNJUSA-N,Streptomyces fungicidicus,-0.44656358802788193,1.797529333985157e-06,0.44656358802788193,negative
C18_positive|IK:SIKJAQJRHWYJAI-UHFFFAOYSA-N,Kitasatospora setae,-0.4465609958143543,1.797806648499708e-06,0.4465609958143543,negative
C18_positive|IK:FATBGEAMYMYZAF-KTKRTIGZSA-N,Pseudomonas aeruginosa,0.4465505589978605,1.798923587024653e-06,0.4465505589978605,positive
HILICZ_negative|IK:COLNVLDHVKWLRT-QMMMGPOBSA-N,Frankia alni,-0.446541444289001,1.7998995721479788e-06,0.446541444289001,negative
C18_negative|IK:KRKNYBCHXYNGOX-UHFFFAOYSA-N,Frankia sp. EAN1pec,-0.4465204783715385,1.8021464644210673e-06,0.4465204783715385,negative
C18_positive|IK:LVFCLUMIBMHAFL-HMUNZLOLSA-N,Pseudomonas silesiensis,0.44651116631044874,1.803145278222226e-06,0.44651116631044874,positive
HILICZ_positive|IK:RGHHSNMVTDWUBI-UHFFFAOYSA-N,Streptomyces niveus,-0.4464800230385376,1.8064895211793285e-06,0.4464800230385376,negative
C18_positive|IK:RGHHSNMVTDWUBI-UHFFFAOYSA-N,Pseudomonas granadensis,0.4464711828306452,1.807439874347857e-06,0.4464711828306452,positive
HILICZ_positive|IK:COLNVLDHVKWLRT-QMMMGPOBSA-N,Pseudomonas azotoformans,0.44644594152586975,1.810156008296253e-06,0.44644594152586975,positive
C18_negative|IK:CZDNLUMNELLDDD-QZFWYPLZSA-N,Pseudomonas protegens,0.44644365997002283,1.8104017093558799e-06,0.44644365997002283,positive
HILICZ_positive|IK:MMOXZBCLCQITDF-UHFFFAOYSA-N,Kitasatospora sp. MMS16-BH015,0.44642721191236234,1.8121739373617546e-06,0.44642721191236234,positive
HILICZ_negative|IK:AAWZDTNXLSGCEK-LNVDRNJUSA-N,Pseudomonas cedrina,0.4464131393850128,1.8136915127654709e-06,0.4464131393850128,positive
HILICZ_positive|IK:SIOXPEMLGUPBBT-UHFFFAOYSA-N,Arthrobacter alpinus,-0.44640111764398865,1.814988885028429e-06,0.44640111764398865,negative
HILICZ_positive|IK:PUQSUZTXKPLAPR-UJPOAAIJSA-N,Streptomyces bingchenggensis,-0.446394867291389,1.8156637628640887e-06,0.446394867291389,negative
HILICZ_positive|IK:RGHHSNMVTDWUBI-UHFFFAOYSA-N,Streptosporangium roseum,-0.44638051512619636,1.8172143278732534e-06,0.44638051512619636,negative
HILICZ_positive|IK:RGHHSNMVTDWUBI-UHFFFAOYSA-N,Pseudomonas sp. 7SR1,0.4463790589778584,1.8173717158086432e-06,0.4463790589778584,positive
HILICZ_negative|NAME:,Pseudolabrys taiwanensis,-0.44633707025243124,1.821915626069828e-06,0.44633707025243124,negative
C18_positive|IK:RGHHSNMVTDWUBI-UHFFFAOYSA-N,Streptomyces lydicus,-0.44629277421499386,1.8267208840685681e-06,0.44629277421499386,negative
C18_negative|IK:RHBSLIMVGWKFQW-UHFFFAOYSA-N,Massilia sp. NR 4-1,-0.44627542271311466,1.8286064525814458e-06,0.44627542271311466,negative
HILICZ_negative|IK:JVQYSWDUAOAHFM-UHFFFAOYSA-N,Pseudomonas protegens,0.44627054317831083,1.8291370380554994e-06,0.44627054317831083,positive
HILICZ_negative|IK:SLWWJZMPHJJOPH-PHDIDXHHSA-N,Streptomyces sp. CCM_MD2014,-0.4462671722211138,1.8295036705953987e-06,0.4462671722211138,negative
HILICZ_negative|IK:OKVJCVWFVRATSG-UHFFFAOYSA-N,Terriglobus roseus,-0.44626712127334556,1.8295092123176322e-06,0.44626712127334556,negative
C18_positive|IK:KZSNJWFQEVHDMF-BYPYZUCNSA-N,Pseudonocardia sp. HH130630-07,-0.44624927142125775,1.8314517658611244e-06,0.44624927142125775,negative
HILICZ_negative|IK:VRYALKFFQXWPIH-UHFFFAOYSA-N,Pseudomonas sp. UW4,0.4462429152468252,1.8321439632964835e-06,0.4462429152468252,positive
HILICZ_negative|IK:NGFMICBWJRZIBI-UHFFFAOYSA-N,Streptacidiphilus sp. DSM 106435,-0.4462233550544116,1.8342756531867206e-06,0.4462233550544116,negative
C18_negative|IK:SMUMBCREXHTKFN-VZOUQOBNSA-N,Pseudomonas mucidolens,0.44622247921400815,1.8343711580710076e-06,0.44622247921400815,positive
HILICZ_negative|NAME:,Streptomyces olivaceus,-0.44621039007998703,1.8356898830489133e-06,0.44621039007998703,negative
C18_positive|IK:XEAQIWGXBXCYFX-UHFFFAOYSA-N,Chryseolinea sp. KIS68-18,0.4461786516015002,1.8391562993203035e-06,0.4461786516015002,positive
HILICZ_positive|IK:PUQSUZTXKPLAPR-UJPOAAIJSA-N,Pseudomonas sp. LG1D9,0.44617341659452925,1.8397286517982815e-06,0.44617341659452925,positive
HILICZ_positive|IK:PUQSUZTXKPLAPR-UJPOAAIJSA-N,Oligotropha carboxidovorans,-0.4461667578549445,1.8404569070868222e-06,0.4461667578549445,negative
C18_positive|IK:SIKJAQJRHWYJAI-UHFFFAOYSA-N,Amycolatopsis sp. AA4,-0.4461459162342332,1.8427380847061955e-06,0.4461459162342332,negative
HILICZ_negative|IK:NGFMICBWJRZIBI-UHFFFAOYSA-N,Streptomyces xiamenensis,-0.4461395730879266,1.8434328920928715e-06,0.4461395730879266,negative
HILICZ_negative|IK:AAWZDTNXLSGCEK-LNVDRNJUSA-N,Streptomyces sp. RTd22,-0.4461222366917515,1.8453331292520653e-06,0.4461222366917515,negative
C18_negative|NAME:,Granulicella tundricola,-0.44611505166062815,1.846121221702832e-06,0.44611505166062815,negative
C18_positive|NAME:,Pseudomonas fulva,0.44608705073542454,1.84919555345224e-06,0.44608705073542454,positive
HILICZ_negative|IK:JVQYSWDUAOAHFM-UHFFFAOYSA-N,Micromonospora purpureochromogenes,-0.4460786820216342,1.850115327715247e-06,0.4460786820216342,negative
C18_positive|IK:SIKJAQJRHWYJAI-UHFFFAOYSA-N,Tessaracoccus sp. T2.5-30,-0.44606899076135276,1.8511809992749136e-06,0.44606899076135276,negative
C18_negative|IK:NGFMICBWJRZIBI-UHFFFAOYSA-N,Streptomyces sp. RTd22,-0.44605957842799626,1.8522165556240895e-06,0.44605957842799626,negative
C18_positive|IK:RCFGIEPQSDGMJJ-UHFFFAOYSA-N,Pseudomonas extremaustralis,0.44603746351210444,1.8546518237504882e-06,0.44603746351210444,positive
HILICZ_positive|IK:SIOXPEMLGUPBBT-UHFFFAOYSA-N,Streptomyces lydicus,-0.44603108386794543,1.8553549056289743e-06,0.44603108386794543,negative
C18_positive|IK:LVFCLUMIBMHAFL-HMUNZLOLSA-N,Rhodococcus erythropolis,-0.44602234203489594,1.8563187271474453e-06,0.44602234203489594,negative
C18_positive|IK:RCFGIEPQSDGMJJ-UHFFFAOYSA-N,Streptomyces albulus,-0.44599050715609356,1.8598326550755373e-06,0.44599050715609356,negative
C18_negative|IK:BJEPYKJPYRNKOW-REOHCLBHSA-N,Rhodopseudomonas palustris,-0.44598516365795865,1.8604230861674892e-06,0.44598516365795865,negative
C18_negative|NAME:,Streptomyces clavuligerus,-0.4459191197892209,1.8677352831363093e-06,0.4459191197892209,negative
HILICZ_negative|IK:PFTAWBLQPZVEMU-UHFFFAOYSA-N,Kytococcus sedentarius,-0.4459124204238527,1.868478536425955e-06,0.4459124204238527,negative
C18_negative|IK:BJEPYKJPYRNKOW-REOHCLBHSA-N,Phycicoccus dokdonensis,-0.44588651463583134,1.8713552592450771e-06,0.44588651463583134,negative
HILICZ_positive|IK:WHUUTDBJXJRKMK-VKHMYHEASA-N,Pseudomonas sp. 7SR1,0.44587550656894287,1.8725789250126904e-06,0.44587550656894287,positive
HILICZ_positive|IK:COLNVLDHVKWLRT-QMMMGPOBSA-N,Pseudomonas synxantha,0.4458707742903906,1.8731052017379114e-06,0.4458707742903906,positive
C18_positive|IK:MMOXZBCLCQITDF-UHFFFAOYSA-N,Janthinobacterium svalbardensis,-0.4458387142409241,1.8766742888837909e-06,0.4458387142409241,negative
C18_negative|NAME:,Streptomyces violaceoruber,-0.4458033801034519,1.8806153206702768e-06,0.4458033801034519,negative
HILICZ_positive|IK:KWIUHFFTVRNATP-UHFFFAOYSA-N,Burkholderia pseudomallei,-0.44580223389429025,1.880743295456575e-06,0.44580223389429025,negative
HILICZ_negative|IK:RYWDJUUPROVLNV-LXFHESFISA-N,Burkholderia pseudomallei,-0.4457425883531569,1.8874141347586725e-06,0.4457425883531569,negative
C18_negative|IK:NGFMICBWJRZIBI-UHFFFAOYSA-N,Streptomyces violaceusniger,-0.4457424196259318,1.887433037171113e-06,0.4457424196259318,negative
HILICZ_negative|IK:VRYALKFFQXWPIH-UHFFFAOYSA-N,Micromonospora rifamycinica,-0.44573087281408685,1.888727045567824e-06,0.44573087281408685,negative
HILICZ_negative|IK:GHOKWGTUZJEAQD-UHFFFAOYSA-N,Pseudomonas reinekei,0.44571245295865103,1.8907930288771412e-06,0.44571245295865103,positive
C18_negative|IK:CZDNLUMNELLDDD-QZFWYPLZSA-N,Streptomyces globosus,-0.4456915965318892,1.8931348818175784e-06,0.4456915965318892,negative
HILICZ_negative|IK:WJAOHEPEBANKEO-UHFFFAOYSA-N,Streptomyces antibioticus,0.44567745872667813,1.8947238988501775e-06,0.44567745872667813,positive
C18_negative|IK:CZDNLUMNELLDDD-QZFWYPLZSA-N,Kibdelosporangium phytohabitans,-0.4456673924775796,1.8958560631358252e-06,0.4456673924775796,negative
C18_negative|IK:BJEPYKJPYRNKOW-REOHCLBHSA-N,Pseudomonas sp. LAB-08,0.4456508531003552,1.8977176591591599e-06,0.4456508531003552,positive
C18_negative|IK:CZDNLUMNELLDDD-QZFWYPLZSA-N,Pseudolabrys taiwanensis,-0.4456358617846328,1.8994065072699525e-06,0.4456358617846328,negative
C18_negative|NAME:,Streptomyces virus R4,0.44560375340519776,1.9030284674425758e-06,0.44560375340519776,positive
HILICZ_negative|IK:WJAOHEPEBANKEO-UHFFFAOYSA-N,Pseudomonas koreensis,-0.4456006127375103,1.9033830987404675e-06,0.4456006127375103,negative
C18_negative|IK:CZDNLUMNELLDDD-QZFWYPLZSA-N,Alloactinosynnema sp. L-07,-0.4455776231622943,1.905980892563066e-06,0.4455776231622943,negative
HILICZ_positive|IK:MMOXZBCLCQITDF-UHFFFAOYSA-N,Streptomyces olivoreticuli,0.44555284998087813,1.90878398809703e-06,0.44555284998087813,positive
C18_negative|IK:SMUMBCREXHTKFN-VZOUQOBNSA-N,Pseudomonas orientalis,0.4455508136479788,1.9090145734589297e-06,0.4455508136479788,positive
C18_positive|IK:SIKJAQJRHWYJAI-UHFFFAOYSA-N,Jiangella alkaliphila,-0.44554219947065987,1.909990296629053e-06,0.44554219947065987,negative
C18_negative|IK:KRKNYBCHXYNGOX-UHFFFAOYSA-N,Candidatus Koribacter versatilis,-0.4455308567307136,1.9112758025985354e-06,0.4455308567307136,negative
C18_positive|IK:NGFMICBWJRZIBI-UHFFFAOYSA-N,Pseudomonas frederiksbergensis,0.44552376904895163,1.9120794860366136e-06,0.44552376904895163,positive
HILICZ_negative|IK:AAWZDTNXLSGCEK-LNVDRNJUSA-N,Pseudomonas sp. StFLB209,0.4454920698027793,1.915677829674624e-06,0.4454920698027793,positive
HILICZ_negative|IK:KCOOTJRKKIDHTM-UHFFFAOYSA-N,Streptosporangium roseum,-0.44547395371976917,1.917737156166824e-06,0.44547395371976917,negative
HILICZ_positive|IK:WHUUTDBJXJRKMK-VKHMYHEASA-N,Pseudomonas putida,0.4454722939888761,1.917925929052283e-06,0.4454722939888761,positive
HILICZ_positive|IK:PUQSUZTXKPLAPR-UJPOAAIJSA-N,Pseudomonas reinekei,0.44543542231510175,1.922124142372354e-06,0.44543542231510175,positive
HILICZ_positive|IK:PUQSUZTXKPLAPR-UJPOAAIJSA-N,Pseudomonas cedrina,0.4454324858810651,1.922458858775599e-06,0.4454324858810651,positive
C18_positive|IK:RCFGIEPQSDGMJJ-UHFFFAOYSA-N,Streptomyces chartreusis,-0.44541046077698687,1.9249712018758077e-06,0.44541046077698687,negative
C18_positive|IK:SIKJAQJRHWYJAI-UHFFFAOYSA-N,Streptomyces albulus,-0.44538965472802167,1.9273473447382053e-06,0.44538965472802167,negative
C18_positive|IK:FATBGEAMYMYZAF-KTKRTIGZSA-N,Streptomyces lavendulae,-0.4453350506070775,1.9335965871609083e-06,0.4453350506070775,negative
HILICZ_negative|IK:RYWDJUUPROVLNV-LXFHESFISA-N,Frankia sp. QA3,-0.44532945316789363,1.934238276256248e-06,0.44532945316789363,negative
HILICZ_positive|IK:MMOXZBCLCQITDF-UHFFFAOYSA-N,Frankia inefficax,0.4453108448067473,1.9363729834572235e-06,0.4453108448067473,positive
HILICZ_negative|IK:JVQYSWDUAOAHFM-UHFFFAOYSA-N,Micromonospora krabiensis,-0.4453000051696014,1.9376175085768738e-06,0.4453000051696014,negative
C18_positive|IK:LVFCLUMIBMHAFL-HMUNZLOLSA-N,Streptomyces gilvosporeus,-0.44528174345297916,1.939715892926425e-06,0.44528174345297916,negative
HILICZ_negative|IK:KCOOTJRKKIDHTM-UHFFFAOYSA-N,Nonomuraea sp. ATCC 55076,-0.4452375244465442,1.9448058435793677e-06,0.4452375244465442,negative
C18_negative|IK:SMUMBCREXHTKFN-VZOUQOBNSA-N,Pseudomonas sp. R5-89-07,0.445225207643047,1.9462258525602173e-06,0.445225207643047,positive
HILICZ_negative|IK:COLNVLDHVKWLRT-QMMMGPOBSA-N,Streptomyces sp. WAC00288,-0.4452232330764173,1.9464535923504596e-06,0.4452232330764173,negative
HILICZ_negative|IK:SLWWJZMPHJJOPH-PHDIDXHHSA-N,Pseudomonas syringae,0.44520555408747403,1.948493750878925e-06,0.44520555408747403,positive
HILICZ_positive|IK:SIOXPEMLGUPBBT-UHFFFAOYSA-N,Pseudomonas palleroniana,0.44520501479789504,1.9485560167928736e-06,0.44520501479789504,positive
C18_negative|IK:NGFMICBWJRZIBI-UHFFFAOYSA-N,Streptomyces anulatus,-0.44518488258758676,1.9508818124284283e-06,0.44518488258758676,negative
C18_positive|IK:NGFMICBWJRZIBI-UHFFFAOYSA-N,Gemmata obscuriglobus,-0.4451530037344397,1.9545700267754957e-06,0.4451530037344397,negative
C18_positive|IK:UAUDZVJPLUQNMU-KTKRTIGZSA-N,Pseudomonas sp. LAB-08,0.4451471444529747,1.9552486321183497e-06,0.4451471444529747,positive
HILICZ_positive|IK:SIOXPEMLGUPBBT-UHFFFAOYSA-N,Burkholderia ambifaria,-0.4451351121584717,1.956642877491267e-06,0.4451351121584717,negative
HILICZ_positive|IK:MMOXZBCLCQITDF-UHFFFAOYSA-N,Amycolatopsis albispora,0.4451271892682138,1.9575614582657124e-06,0.4451271892682138,positive
HILICZ_negative|IK:YCIMNLLNPGFGHC-UHFFFAOYSA-N,Pseudomonas umsongensis,0.44506382075554907,1.9649231114144986e-06,0.44506382075554907,positive
HILICZ_negative|IK:PFTAWBLQPZVEMU-UHFFFAOYSA-N,Streptomyces violaceoruber,-0.44504855371875374,1.966700627711995e-06,0.44504855371875374,negative
HILICZ_positive|IK:PUQSUZTXKPLAPR-UJPOAAIJSA-N,Pseudomonas vancouverensis,0.44497927543432325,1.9747857242148567e-06,0.44497927543432325,positive
HILICZ_negative|IK:VRYALKFFQXWPIH-UHFFFAOYSA-N,Micromonospora echinaurantiaca,-0.44497701621851976,1.9750499140554707e-06,0.44497701621851976,negative
HILICZ_negative|IK:COLNVLDHVKWLRT-QMMMGPOBSA-N,Caulobacter sp. K31,0.4449714928283533,1.9756959531840357e-06,0.4449714928283533,positive
HILICZ_negative|IK:KCOOTJRKKIDHTM-UHFFFAOYSA-N,Amycolatopsis methanolica,-0.4449542253869131,1.9777169165051447e-06,0.4449542253869131,negative
C18_positive|IK:FATBGEAMYMYZAF-KTKRTIGZSA-N,Streptomyces sp. WAC00288,-0.44494848664774395,1.9783890055963885e-06,0.44494848664774395,negative
C18_positive|IK:RGHHSNMVTDWUBI-UHFFFAOYSA-N,Nocardia brasiliensis,-0.4449318203695889,1.980342092683489e-06,0.4449318203695889,negative
HILICZ_negative|IK:PFTAWBLQPZVEMU-UHFFFAOYSA-N,Pseudomonas reinekei,0.44492823899689454,1.9807620245556257e-06,0.44492823899689454,positive
HILICZ_negative|IK:SLWWJZMPHJJOPH-PHDIDXHHSA-N,Actinoplanes derwentensis,-0.4449269424252236,1.9809140741255523e-06,0.4449269424252236,negative
C18_positive|IK:MMOXZBCLCQITDF-UHFFFAOYSA-N,Pseudomonas plecoglossicida,-0.44487173013213643,1.987399105825852e-06,0.44487173013213643,negative
HILICZ_negative|IK:COLNVLDHVKWLRT-QMMMGPOBSA-N,Streptomyces albireticuli,-0.4448716880274272,1.9874040589474664e-06,0.4448716880274272,negative
C18_positive|IK:RCFGIEPQSDGMJJ-UHFFFAOYSA-N,Streptomyces olivoreticuli,-0.44485112582262815,1.9898243559071553e-06,0.44485112582262815,negative
HILICZ_positive|IK:RGHHSNMVTDWUBI-UHFFFAOYSA-N,Pseudomonas taetrolens,0.44483616551934396,1.991587027645954e-06,0.44483616551934396,positive
HILICZ_negative|NAME:,Pseudomonas extremorientalis,0.4448127013634917,1.9943546277861196e-06,0.4448127013634917,positive
C18_positive|NAME:,Pseudomonas sp. URMO17WK12:I11,0.4448032767367569,1.9954672879479127e-06,0.4448032767367569,positive
C18_positive|IK:KZSNJWFQEVHDMF-BYPYZUCNSA-N,Chondromyces crocatus,-0.4448007269113087,1.9957684182467153e-06,0.4448007269113087,negative
C18_negative|IK:WJAOHEPEBANKEO-UHFFFAOYSA-N,Nakamurella panacisegetis,0.4447661980350779,1.9998504598707372e-06,0.4447661980350779,positive
C18_negative|IK:SMUMBCREXHTKFN-VZOUQOBNSA-N,Pseudomonas yamanorum,0.44472669564011474,2.004530166722592e-06,0.44472669564011474,positive
C18_positive|IK:MMOXZBCLCQITDF-UHFFFAOYSA-N,Starkeya novella,0.4447190964150938,2.005431607379526e-06,0.4447190964150938,positive
HILICZ_positive|IK:WHUUTDBJXJRKMK-VKHMYHEASA-N,Pseudomonas synxantha,0.4447055932617921,2.007034334572022e-06,0.4447055932617921,positive
HILICZ_negative|IK:JVQYSWDUAOAHFM-UHFFFAOYSA-N,Micromonospora echinaurantiaca,-0.4447014435277118,2.0075271216183475e-06,0.4447014435277118,negative
HILICZ_negative|IK:KCOOTJRKKIDHTM-UHFFFAOYSA-N,Candidatus Solibacter usitatus,-0.4446658521870151,2.0117583509464325e-06,0.4446658521870151,negative
HILICZ_positive|IK:KWIUHFFTVRNATP-UHFFFAOYSA-N,Actinosynnema pretiosum,-0.4446392232197226,2.014929618334287e-06,0.4446392232197226,negative
HILICZ_negative|IK:COLNVLDHVKWLRT-QMMMGPOBSA-N,Frankia sp. QA3,-0.44463341447704885,2.0156220149247866e-06,0.44463341447704885,negative
C18_negative|IK:BJEPYKJPYRNKOW-REOHCLBHSA-N,Streptomyces globisporus,-0.44457310411549406,2.022824270375522e-06,0.44457310411549406,negative
HILICZ_negative|NAME:,Pseudomonas agarici,0.44456705034163946,2.023548554711428e-06,0.44456705034163946,positive
HILICZ_negative|IK:CDAISMWEOUEBRE-UHFFFAOYSA-N,Pseudomonas umsongensis,0.44455255990625697,2.0252832132265206e-06,0.44455255990625697,positive
HILICZ_negative|IK:AAWZDTNXLSGCEK-LNVDRNJUSA-N,Pseudomonas protegens,0.44453386664916517,2.0275230726766954e-06,0.44453386664916517,positive
HILICZ_negative|IK:SLWWJZMPHJJOPH-PHDIDXHHSA-N,Actinoplanes missouriensis,-0.44451705015993126,2.0295400572728113e-06,0.44451705015993126,negative
C18_positive|NAME:,Pseudomonas antarctica,0.4445166401486767,2.029589258089643e-06,0.4445166401486767,positive
C18_positive|IK:KZSNJWFQEVHDMF-BYPYZUCNSA-N,Streptomyces pristinaespiralis,-0.44450003377451813,2.031582950299158e-06,0.44450003377451813,negative
HILICZ_positive|IK:RGHHSNMVTDWUBI-UHFFFAOYSA-N,Pseudomonas prosekii,0.4444928513943555,2.0324458109914116e-06,0.4444928513943555,positive
C18_positive|IK:SIKJAQJRHWYJAI-UHFFFAOYSA-N,Micromonospora purpureochromogenes,-0.4444570652119053,2.0367501824214404e-06,0.4444570652119053,negative
HILICZ_negative|IK:ODHCTXKNWHHXJC-UHFFFAOYSA-N,Nakamurella multipartita,-0.4444306751414915,2.039929911890566e-06,0.4444306751414915,negative
C18_positive|NAME:,Terriglobus roseus,-0.4443949157019473,2.0442460490691377e-06,0.4443949157019473,negative
HILICZ_negative|IK:YCIMNLLNPGFGHC-UHFFFAOYSA-N,Pseudarthrobacter phenanthrenivorans,-0.4443945363600214,2.044291881640791e-06,0.4443945363600214,negative
C18_positive|IK:RCFGIEPQSDGMJJ-UHFFFAOYSA-N,Streptomyces clavuligerus,-0.4443482518487459,2.049891338218051e-06,0.4443482518487459,negative
C18_positive|IK:SIKJAQJRHWYJAI-UHFFFAOYSA-N,Kibdelosporangium phytohabitans,-0.44434557648339906,2.050215444704124e-06,0.44434557648339906,negative
HILICZ_negative|IK:RYWDJUUPROVLNV-LXFHESFISA-N,Mesorhizobium ciceri,0.4442996624582444,2.055785251063038e-06,0.4442996624582444,positive
HILICZ_positive|IK:KWIUHFFTVRNATP-UHFFFAOYSA-N,Micromonospora rifamycinica,-0.4442833650424431,2.0577657230479767e-06,0.4442833650424431,negative
C18_positive|IK:UAUDZVJPLUQNMU-KTKRTIGZSA-N,Caulobacter sp. K31,0.4442814393419904,2.0579998545832954e-06,0.4442814393419904,positive
C18_positive|IK:NGFMICBWJRZIBI-UHFFFAOYSA-N,Streptomyces hundungensis,-0.44425781650854024,2.0608740305766275e-06,0.44425781650854024,negative
C18_positive|IK:UAUDZVJPLUQNMU-KTKRTIGZSA-N,Burkholderia ambifaria,-0.4442422875877651,2.0627654938111747e-06,0.4442422875877651,negative
C18_negative|IK:SMUMBCREXHTKFN-VZOUQOBNSA-N,Pseudomonas cedrina,0.4442309124540768,2.0641520571499017e-06,0.4442309124540768,positive
HILICZ_negative|NAME:,Caulobacter sp. K31,0.44422441571583066,2.0649443678137094e-06,0.44422441571583066,positive
C18_negative|IK:SMUMBCREXHTKFN-VZOUQOBNSA-N,Pseudomonas frederiksbergensis,0.44422385618946775,2.0650126183914495e-06,0.44422385618946775,positive
HILICZ_negative|IK:AAWZDTNXLSGCEK-LNVDRNJUSA-N,Pseudomonas sp. URMO17WK12:I11,0.44422109603418775,2.0653493311615926e-06,0.44422109603418775,positive
HILICZ_negative|NAME:,Pseudomonas kribbensis,0.44421632164558905,2.0659318839564566e-06,0.44421632164558905,positive
C18_negative|IK:CZDNLUMNELLDDD-QZFWYPLZSA-N,Nakamurella multipartita,-0.44417026599053194,2.0715594102580547e-06,0.44417026599053194,negative
C18_positive|IK:RGHHSNMVTDWUBI-UHFFFAOYSA-N,Pseudomonas extremaustralis,0.44415927995999405,2.072903931062811e-06,0.44415927995999405,positive
C18_positive|IK:NJMQSVWMCODQIP-FQXXIRCGSA-N,Chryseolinea sp. KIS68-18,0.4441527212305793,2.0737070120530634e-06,0.4441527212305793,positive
HILICZ_positive|IK:COLNVLDHVKWLRT-QMMMGPOBSA-N,Rhodococcus sp. MTM3W5.2,-0.4441377866200992,2.075536773028443e-06,0.4441377866200992,negative
C18_positive|IK:RCFGIEPQSDGMJJ-UHFFFAOYSA-N,Streptomyces lydicus,-0.44413629466295784,2.0757196487805324e-06,0.44413629466295784,negative
HILICZ_negative|IK:WJAOHEPEBANKEO-UHFFFAOYSA-N,Methylobacterium sp. 4-46,0.4441187021029542,2.077877196497321e-06,0.4441187021029542,positive
HILICZ_negative|IK:PFTAWBLQPZVEMU-UHFFFAOYSA-N,Streptomyces sp. Mg1,-0.4441171959638095,2.078062007654932e-06,0.4441171959638095,negative
C18_positive|IK:RGHHSNMVTDWUBI-UHFFFAOYSA-N,Pseudomonas yamanorum,0.44406934933533115,2.0839411415865145e-06,0.44406934933533115,positive
C18_positive|IK:SIKJAQJRHWYJAI-UHFFFAOYSA-N,Amycolatopsis albispora,-0.44405211576250286,2.0860625621689566e-06,0.44405211576250286,negative
HILICZ_positive|IK:MMOXZBCLCQITDF-UHFFFAOYSA-N,Allokutzneria albata,0.44404001946499333,2.087552814140745e-06,0.44404001946499333,positive
C18_negative|IK:RHBSLIMVGWKFQW-UHFFFAOYSA-N,Janthinobacterium agaricidamnosum,-0.4440366595839359,2.0879669269196667e-06,0.4440366595839359,negative
C18_negative|IK:SMUMBCREXHTKFN-VZOUQOBNSA-N,Pseudomonas rhodesiae,0.44401576913592455,2.0905434655841433e-06,0.44401576913592455,positive
C18_negative|IK:CZDNLUMNELLDDD-QZFWYPLZSA-N,Pseudomonas silesiensis,0.44401188142658166,2.091023290973978e-06,0.44401188142658166,positive
HILICZ_positive|IK:SIOXPEMLGUPBBT-UHFFFAOYSA-N,Streptomyces violaceoruber,-0.4439777650768556,2.0952384406855673e-06,0.4439777650768556,negative
HILICZ_negative|IK:VRYALKFFQXWPIH-UHFFFAOYSA-N,Alloactinosynnema sp. L-07,-0.4439528271003917,2.098324667475146e-06,0.4439528271003917,negative
HILICZ_positive|IK:PUQSUZTXKPLAPR-UJPOAAIJSA-N,Massilia sp. WG5,0.4439455453780698,2.099226636116465e-06,0.4439455453780698,positive
C18_positive|IK:LVFCLUMIBMHAFL-HMUNZLOLSA-N,Pseudomonas taetrolens,0.443944952751997,2.0993000593600037e-06,0.443944952751997,positive
HILICZ_positive|IK:COLNVLDHVKWLRT-QMMMGPOBSA-N,Pseudomonas sp. R5-89-07,0.4439425493736515,2.0995978501669724e-06,0.4439425493736515,positive
HILICZ_negative|IK:PFTAWBLQPZVEMU-UHFFFAOYSA-N,Micromonospora purpureochromogenes,-0.44392452187839193,2.1018328232651676e-06,0.44392452187839193,negative
HILICZ_negative|IK:COLNVLDHVKWLRT-QMMMGPOBSA-N,Rhizobium favelukesii,0.44391711483151053,2.102751770136089e-06,0.44391711483151053,positive
HILICZ_positive|IK:MMOXZBCLCQITDF-UHFFFAOYSA-N,Pseudomonas fulva,-0.4439150092582991,2.1030130650754146e-06,0.4439150092582991,negative
HILICZ_negative|IK:JVQYSWDUAOAHFM-UHFFFAOYSA-N,Paraburkholderia sp. SOS3,-0.44386363727772166,2.1093976917231924e-06,0.44386363727772166,negative
HILICZ_negative|IK:AAWZDTNXLSGCEK-LNVDRNJUSA-N,Streptomyces violaceusniger,-0.44385755639721075,2.1101546502195926e-06,0.44385755639721075,negative
HILICZ_negative|IK:ODHCTXKNWHHXJC-UHFFFAOYSA-N,Frankia sp. QA3,-0.4438521003206799,2.1108340508001703e-06,0.4438521003206799,negative
HILICZ_positive|IK:RGHHSNMVTDWUBI-UHFFFAOYSA-N,Pseudomonas monteilii,0.4438184569084267,2.115027964966546e-06,0.4438184569084267,positive
C18_negative|IK:SMUMBCREXHTKFN-VZOUQOBNSA-N,Marmoricola scoriae,-0.44381631004621924,2.115295855551495e-06,0.44381631004621924,negative
HILICZ_negative|IK:RYWDJUUPROVLNV-LXFHESFISA-N,Pseudomonas umsongensis,0.44378691976064677,2.118966475269004e-06,0.44378691976064677,positive
HILICZ_negative|IK:COLNVLDHVKWLRT-QMMMGPOBSA-N,Candidatus Koribacter versatilis,-0.44376197118442967,2.1220870884237707e-06,0.44376197118442967,negative
HILICZ_positive|IK:RGHHSNMVTDWUBI-UHFFFAOYSA-N,Streptomyces olivoreticuli,-0.4437604911112847,2.122272355228684e-06,0.4437604911112847,negative
HILICZ_negative|IK:COLNVLDHVKWLRT-QMMMGPOBSA-N,Frankia sp. EAN1pec,-0.4437592546755755,2.1224271366726204e-06,0.4437592546755755,negative
HILICZ_negative|IK:GHOKWGTUZJEAQD-UHFFFAOYSA-N,Pseudomonas kribbensis,0.4437579225278879,2.122593911637673e-06,0.4437579225278879,positive
HILICZ_negative|IK:GHOKWGTUZJEAQD-UHFFFAOYSA-N,Singulisphaera acidiphila,-0.44375708029708766,2.122699359056543e-06,0.44375708029708766,negative
C18_positive|IK:KZSNJWFQEVHDMF-BYPYZUCNSA-N,Pseudonocardia sp. HH130629-09,-0.4437440369434394,2.1243330217391213e-06,0.4437440369434394,negative
HILICZ_negative|IK:KCOOTJRKKIDHTM-UHFFFAOYSA-N,Granulicella tundricola,-0.4437033562437318,2.1294358698724303e-06,0.4437033562437318,negative
C18_positive|IK:RGHHSNMVTDWUBI-UHFFFAOYSA-N,Pseudomonas trivialis,0.4436774494052803,2.132691577707387e-06,0.4436774494052803,positive
HILICZ_negative|IK:KCOOTJRKKIDHTM-UHFFFAOYSA-N,Rhodococcus ruber,-0.44367670033530315,2.1327857832213127e-06,0.44367670033530315,negative
C18_positive|IK:KZSNJWFQEVHDMF-BYPYZUCNSA-N,Pseudomonas rhizosphaerae,0.44367580350683766,2.132898576509562e-06,0.44367580350683766,positive
C18_positive|IK:UAUDZVJPLUQNMU-KTKRTIGZSA-N,Streptomyces katrae,-0.443657011949937,2.1352632718073274e-06,0.443657011949937,negative
C18_positive|IK:UAUDZVJPLUQNMU-KTKRTIGZSA-N,Streptomyces lavendulae,-0.44365524530302736,2.1354857109569416e-06,0.44365524530302736,negative
HILICZ_negative|IK:JVQYSWDUAOAHFM-UHFFFAOYSA-N,Paraburkholderia phenoliruptrix,-0.44365517018220035,2.1354951699333264e-06,0.44365517018220035,negative
HILICZ_negative|IK:AAWZDTNXLSGCEK-LNVDRNJUSA-N,Pseudomonas fragi,0.44361459690054533,2.1406098259526116e-06,0.44361459690054533,positive
C18_positive|IK:LVFCLUMIBMHAFL-HMUNZLOLSA-N,Streptomyces lydicus,-0.4436032383319201,2.142043759057031e-06,0.4436032383319201,negative
C18_positive|IK:FATBGEAMYMYZAF-KTKRTIGZSA-N,Pseudomonas prosekii,0.4435924820578544,2.1434024948380735e-06,0.4435924820578544,positive
C18_negative|IK:BJEPYKJPYRNKOW-REOHCLBHSA-N,Streptomyces pristinaespiralis,-0.44358671192556204,2.1441317157099312e-06,0.44358671192556204,negative
HILICZ_negative|IK:AAWZDTNXLSGCEK-LNVDRNJUSA-N,Allokutzneria albata,-0.44357063000851066,2.1461653638712108e-06,0.44357063000851066,negative
HILICZ_negative|IK:JVQYSWDUAOAHFM-UHFFFAOYSA-N,Caulobacter segnis,0.4435587423875357,2.14766979285706e-06,0.4435587423875357,positive
C18_positive|IK:KZSNJWFQEVHDMF-BYPYZUCNSA-N,Nitrobacter hamburgensis,-0.4435583780518981,2.1477159168367075e-06,0.4435583780518981,negative
HILICZ_negative|IK:SLWWJZMPHJJOPH-PHDIDXHHSA-N,Pseudomonas fluorescens,0.44355836114415015,2.1477180573380237e-06,0.44355836114415015,positive
HILICZ_negative|NAME:,Streptomyces venezuelae,-0.4435315196169859,2.1511187099086538e-06,0.4435315196169859,negative
HILICZ_negative|IK:KCOOTJRKKIDHTM-UHFFFAOYSA-N,Saccharopolyspora erythraea,-0.4435226983091098,2.152237425938947e-06,0.4435226983091098,negative
HILICZ_negative|IK:ZBCATMYQYDCTIZ-UHFFFAOYSA-N,Pseudomonas umsongensis,0.4434916032229209,2.1561852886864116e-06,0.4434916032229209,positive
HILICZ_positive|IK:PUQSUZTXKPLAPR-UJPOAAIJSA-N,Streptomyces olivaceus,-0.4434800846685659,2.1576494340281917e-06,0.4434800846685659,negative
HILICZ_positive|IK:MMOXZBCLCQITDF-UHFFFAOYSA-N,Amycolatopsis mediterranei,0.44347819697474355,2.1578894720730325e-06,0.44347819697474355,positive
HILICZ_positive|IK:SIOXPEMLGUPBBT-UHFFFAOYSA-N,Pimelobacter simplex,-0.44345809101416644,2.160447702492452e-06,0.44345809101416644,negative
C18_positive|IK:ZEYHEAKUIGZSGI-UHFFFAOYSA-N,Massilia oculi,-0.4434557301491696,2.1607482810303793e-06,0.4434557301491696,negative
HILICZ_negative|IK:COLNVLDHVKWLRT-QMMMGPOBSA-N,Nocardiopsis gilva,-0.44344787401036667,2.1617487869399484e-06,0.44344787401036667,negative
HILICZ_negative|IK:PFTAWBLQPZVEMU-UHFFFAOYSA-N,Pseudomonas brassicacearum,0.44343002475431303,2.164023579703182e-06,0.44343002475431303,positive
HILICZ_negative|IK:JVQYSWDUAOAHFM-UHFFFAOYSA-N,Streptomyces sp. NEAU-S7GS2,-0.44341743290824487,2.1656297057466944e-06,0.44341743290824487,negative
HILICZ_negative|IK:VRYALKFFQXWPIH-UHFFFAOYSA-N,Streptomyces globisporus,-0.44340738247446054,2.1669124766744605e-06,0.44340738247446054,negative
C18_negative|NAME:,Pseudomonas protegens,0.4433996497992461,2.167899913518769e-06,0.4433996497992461,positive
HILICZ_negative|IK:AAWZDTNXLSGCEK-LNVDRNJUSA-N,Streptomyces sp. GSSD-12,-0.44338766211180297,2.169431542851482e-06,0.44338766211180297,negative
HILICZ_negative|NAME:,Pseudomonas extremaustralis,0.4433654620498479,2.172270679323569e-06,0.4433654620498479,positive
HILICZ_positive|IK:MMOXZBCLCQITDF-UHFFFAOYSA-N,Amycolatopsis methanolica,0.4433652812735734,2.1722938129845745e-06,0.4433652812735734,positive
HILICZ_negative|IK:VRYALKFFQXWPIH-UHFFFAOYSA-N,Nakamurella multipartita,-0.44336417803015793,2.1724349983947638e-06,0.44336417803015793,negative
C18_negative|IK:CZDNLUMNELLDDD-QZFWYPLZSA-N,Janibacter indicus,-0.44334801708748167,2.1745041586285143e-06,0.44334801708748167,negative
HILICZ_positive|IK:COLNVLDHVKWLRT-QMMMGPOBSA-N,Streptomyces bingchenggensis,-0.4433414502906016,2.175345468653312e-06,0.4433414502906016,negative
HILICZ_negative|NAME:,Pseudomonas trivialis,0.4433402966618904,2.175493298445834e-06,0.4433402966618904,positive
C18_positive|IK:MMOXZBCLCQITDF-UHFFFAOYSA-N,Bradyrhizobium japonicum,0.4433140359718387,2.1788610018850714e-06,0.4433140359718387,positive
HILICZ_negative|IK:OKVJCVWFVRATSG-UHFFFAOYSA-N,Kitasatospora aureofaciens,-0.4432917616177473,2.1817213581771866e-06,0.4432917616177473,negative
C18_negative|IK:CZDNLUMNELLDDD-QZFWYPLZSA-N,Actinosynnema pretiosum,-0.4432865231173335,2.18239457487708e-06,0.4432865231173335,negative
C18_positive|IK:NJMQSVWMCODQIP-FQXXIRCGSA-N,Candidatus Koribacter versatilis,-0.44327033188203124,2.1844766058528505e-06,0.44327033188203124,negative
C18_positive|IK:FATBGEAMYMYZAF-KTKRTIGZSA-N,Pseudomonas sp. R5-89-07,0.443267384714496,2.1848557842382824e-06,0.443267384714496,positive
HILICZ_negative|IK:PFTAWBLQPZVEMU-UHFFFAOYSA-N,Actinopolymorpha singaporensis,-0.4432628427629544,2.1854402672004587e-06,0.4432628427629544,negative
HILICZ_negative|IK:GHOKWGTUZJEAQD-UHFFFAOYSA-N,Gemmata obscuriglobus,-0.44326240102717746,2.1854971200491036e-06,0.44326240102717746,negative
HILICZ_negative|IK:OKVJCVWFVRATSG-UHFFFAOYSA-N,Burkholderia pseudomallei,-0.4432416616378306,2.1881679233453657e-06,0.4432416616378306,negative
HILICZ_negative|IK:PFTAWBLQPZVEMU-UHFFFAOYSA-N,Streptomyces albulus,-0.44317545261229724,2.196714952739809e-06,0.44317545261229724,negative
C18_positive|IK:RCFGIEPQSDGMJJ-UHFFFAOYSA-N,Streptomyces collinus,-0.4431426460919894,2.200961692460422e-06,0.4431426460919894,negative
HILICZ_negative|IK:VRYALKFFQXWPIH-UHFFFAOYSA-N,Streptomyces olivaceus,-0.4431418063674375,2.2010704950407823e-06,0.4431418063674375,negative
HILICZ_positive|IK:SIOXPEMLGUPBBT-UHFFFAOYSA-N,Streptomyces katrae,-0.4431117049664111,2.20497407688743e-06,0.4431117049664111,negative
C18_positive|IK:RCFGIEPQSDGMJJ-UHFFFAOYSA-N,Streptomyces sp. Go-475,-0.4431075355834384,2.205515283076756e-06,0.4431075355834384,negative
C18_negative|IK:ROJOJPXRGHLGTC-UHFFFAOYSA-N,Janthinobacterium sp. LM6,-0.44309676572185897,2.206913845141856e-06,0.44309676572185897,negative
HILICZ_negative|NAME:,Pseudomonas sp. K2W31S-8,0.4430930291108953,2.207399273244014e-06,0.4430930291108953,positive
C18_positive|IK:ZEYHEAKUIGZSGI-UHFFFAOYSA-N,Bradyrhizobium sp. S23321,0.4430869484799869,2.208189432048197e-06,0.4430869484799869,positive
C18_negative|NAME:,Micromonospora purpureochromogenes,-0.4430849410331338,2.2084503521826284e-06,0.4430849410331338,negative
C18_positive|IK:FATBGEAMYMYZAF-KTKRTIGZSA-N,Pseudomonas tolaasii,0.4430796240130867,2.2091415787155705e-06,0.4430796240130867,positive
HILICZ_negative|IK:SLWWJZMPHJJOPH-PHDIDXHHSA-N,Streptomyces anulatus,-0.4430750237579054,2.209739789087185e-06,0.4430750237579054,negative
C18_negative|IK:CZDNLUMNELLDDD-QZFWYPLZSA-N,Frankia inefficax,-0.4430539228064292,2.212485689795381e-06,0.4430539228064292,negative
HILICZ_positive|IK:COLNVLDHVKWLRT-QMMMGPOBSA-N,Pseudomonas sp. CMR12a,0.44303980614794175,2.214324515131951e-06,0.44303980614794175,positive
C18_positive|IK:MMOXZBCLCQITDF-UHFFFAOYSA-N,Pseudomonas azotoformans,-0.4430265003534985,2.2160590415119766e-06,0.4430265003534985,negative
C18_positive|IK:RCFGIEPQSDGMJJ-UHFFFAOYSA-N,Streptomyces alboflavus,-0.44300208321254947,2.2192453730816777e-06,0.44300208321254947,negative
HILICZ_negative|IK:AAWZDTNXLSGCEK-LNVDRNJUSA-N,Terriglobus roseus,-0.44299803781386554,2.219773698518496e-06,0.44299803781386554,negative
HILICZ_negative|IK:OKVJCVWFVRATSG-UHFFFAOYSA-N,Pseudomonas vancouverensis,0.442970824016231,2.223330889932718e-06,0.442970824016231,positive
C18_negative|NAME:,Pseudolabrys taiwanensis,-0.4429676670230333,2.2237438982412767e-06,0.4429676670230333,negative
C18_negative|IK:CZDNLUMNELLDDD-QZFWYPLZSA-N,Frankia sp. EAN1pec,-0.4429669393659322,2.2238391030460573e-06,0.4429669393659322,negative
C18_negative|NAME:,Pseudomonas mendocina,0.44296403120821387,2.2242196375105773e-06,0.44296403120821387,positive
C18_positive|IK:NJMQSVWMCODQIP-FQXXIRCGSA-N,Singulisphaera acidiphila,-0.44296218610187493,2.2244611029013203e-06,0.44296218610187493,negative
HILICZ_positive|IK:SIOXPEMLGUPBBT-UHFFFAOYSA-N,Bradyrhizobium erythrophlei,-0.4429492198379135,2.226158671664641e-06,0.4429492198379135,negative
C18_negative|IK:CZDNLUMNELLDDD-QZFWYPLZSA-N,Micromonospora rifamycinica,-0.44292628376826426,2.22916450881309e-06,0.44292628376826426,negative
HILICZ_negative|IK:OXQKEKGBFMQTML-KVTDHHQDSA-N,Candidatus Solibacter usitatus,-0.4429091474726946,2.231412774652776e-06,0.4429091474726946,negative
C18_negative|IK:BJEPYKJPYRNKOW-REOHCLBHSA-N,Streptomyces fulvissimus,-0.4429014564979518,2.2324225205924296e-06,0.4429014564979518,negative
C18_negative|IK:RHBSLIMVGWKFQW-UHFFFAOYSA-N,Janthinobacterium svalbardensis,-0.44288644850194364,2.2343941611328186e-06,0.44288644850194364,negative
C18_positive|IK:KZSNJWFQEVHDMF-BYPYZUCNSA-N,Nocardia brasiliensis,-0.4428712987352692,2.2363860971719885e-06,0.4428712987352692,negative
HILICZ_positive|IK:PUQSUZTXKPLAPR-UJPOAAIJSA-N,Rhodopseudomonas palustris,-0.4428671151489121,2.2369364633998304e-06,0.4428671151489121,negative
HILICZ_positive|IK:RGHHSNMVTDWUBI-UHFFFAOYSA-N,Nonomuraea sp. ATCC 55076,-0.44286515398890824,2.2371945053470593e-06,0.44286515398890824,negative
HILICZ_negative|IK:AAWZDTNXLSGCEK-LNVDRNJUSA-N,Pseudomonas orientalis,0.4428440934709262,2.239967343443136e-06,0.4428440934709262,positive
HILICZ_positive|IK:SIOXPEMLGUPBBT-UHFFFAOYSA-N,Streptomyces sp. fd1-xmd,-0.44283503918355405,2.2411604344242602e-06,0.44283503918355405,negative
HILICZ_negative|IK:GHOKWGTUZJEAQD-UHFFFAOYSA-N,Blastococcus saxobsidens,-0.4428270977504848,2.2422073785384247e-06,0.4428270977504848,negative
HILICZ_negative|IK:COLNVLDHVKWLRT-QMMMGPOBSA-N,Thermobispora bispora,-0.4428250623187186,2.2424757903953054e-06,0.4428250623187186,negative
HILICZ_negative|IK:SLWWJZMPHJJOPH-PHDIDXHHSA-N,Rhizobium leguminosarum,0.44281807751126456,2.2433971062872325e-06,0.44281807751126456,positive
HILICZ_positive|IK:MMOXZBCLCQITDF-UHFFFAOYSA-N,Kibdelosporangium phytohabitans,0.4427938428660911,2.2465965020496997e-06,0.4427938428660911,positive
C18_negative|IK:CZDNLUMNELLDDD-QZFWYPLZSA-N,Streptomyces clavuligerus,-0.44278886002785833,2.247254858360848e-06,0.44278886002785833,negative
C18_negative|IK:CZDNLUMNELLDDD-QZFWYPLZSA-N,Streptomyces xinghaiensis,-0.44277808377959504,2.2486792918293847e-06,0.44277808377959504,negative
C18_positive|NAME:,Planctomyces sp. SH-PL62,-0.44277449543675035,2.2491537981683346e-06,0.44277449543675035,negative
HILICZ_negative|IK:AAWZDTNXLSGCEK-LNVDRNJUSA-N,Micromonospora purpureochromogenes,-0.442763126709719,2.2506577730999104e-06,0.442763126709719,negative
HILICZ_positive|IK:KWIUHFFTVRNATP-UHFFFAOYSA-N,Phycicoccus dokdonensis,-0.4427612081455132,2.2509116747837627e-06,0.4427612081455132,negative
HILICZ_negative|IK:COLNVLDHVKWLRT-QMMMGPOBSA-N,Pseudomonas entomophila,0.44275835394930774,2.251289447610064e-06,0.44275835394930774,positive
HILICZ_positive|IK:WHUUTDBJXJRKMK-VKHMYHEASA-N,Pseudomonas taetrolens,0.4427525044796223,2.2520638532584417e-06,0.4427525044796223,positive
HILICZ_negative|IK:JVQYSWDUAOAHFM-UHFFFAOYSA-N,Pseudonocardia sp. HH130629-09,-0.44273868286663004,2.2538946846100606e-06,0.44273868286663004,negative
C18_positive|IK:RGHHSNMVTDWUBI-UHFFFAOYSA-N,Pseudomonas sp. Z003-0.4C(8344-21),0.4427359926388646,2.254251199831434e-06,0.4427359926388646,positive
HILICZ_negative|IK:VRYALKFFQXWPIH-UHFFFAOYSA-N,Opitutus sp. GAS368,-0.44272693340137237,2.255452143334445e-06,0.44272693340137237,negative
HILICZ_positive|IK:COLNVLDHVKWLRT-QMMMGPOBSA-N,Pseudomonas moraviensis,0.4427233979634863,2.2559209850501703e-06,0.4427233979634863,positive
HILICZ_negative|IK:VRYALKFFQXWPIH-UHFFFAOYSA-N,Amycolatopsis sp. AA4,-0.4427177519404522,2.256669907009351e-06,0.4427177519404522,negative
C18_positive|IK:SIKJAQJRHWYJAI-UHFFFAOYSA-N,Micromonospora inositola,-0.4427098936257101,2.2577126719633085e-06,0.4427098936257101,negative
HILICZ_negative|IK:AAWZDTNXLSGCEK-LNVDRNJUSA-N,Pseudomonas sp. DR 5-09,0.44269447449862886,2.259760049379751e-06,0.44269447449862886,positive
C18_negative|NAME:,Streptomyces olivoreticuli,-0.4426944729657592,2.2597602530040176e-06,0.4426944729657592,negative
C18_positive|IK:FATBGEAMYMYZAF-KTKRTIGZSA-N,Burkholderia pseudomallei,-0.4426933647510504,2.259907471249253e-06,0.4426933647510504,negative
HILICZ_positive|IK:RGHHSNMVTDWUBI-UHFFFAOYSA-N,Pseudomonas poae,0.4426876681658676,2.2606643642625316e-06,0.4426876681658676,positive
HILICZ_positive|IK:KWIUHFFTVRNATP-UHFFFAOYSA-N,Burkholderia multivorans,-0.4426773482032205,2.262036166274488e-06,0.4426773482032205,negative
HILICZ_negative|NAME:,Pseudomonas sp. CMR12a,0.44267273660655765,2.2626494266735594e-06,0.44267273660655765,positive
C18_negative|IK:SMUMBCREXHTKFN-VZOUQOBNSA-N,Jiangella sp. DSM 45060,-0.44266655302600333,2.2634719798394953e-06,0.44266655302600333,negative
C18_negative|IK:CZDNLUMNELLDDD-QZFWYPLZSA-N,Kytococcus sedentarius,-0.4426341680938218,2.2677845153890507e-06,0.4426341680938218,negative
C18_positive|IK:NGFMICBWJRZIBI-UHFFFAOYSA-N,Friedmanniella luteola,-0.4426310736150432,2.268196997874445e-06,0.4426310736150432,negative
C18_negative|IK:NGFMICBWJRZIBI-UHFFFAOYSA-N,Streptomyces peucetius,-0.4426057049821393,2.2715812190090346e-06,0.4426057049821393,negative
HILICZ_negative|NAME:,Streptomyces fulvissimus,-0.4425883275150274,2.2739021603529706e-06,0.4425883275150274,negative
C18_positive|NAME:,Granulicella mallensis,-0.4425728147106701,2.2759759515831174e-06,0.4425728147106701,negative
HILICZ_negative|IK:AAWZDTNXLSGCEK-LNVDRNJUSA-N,Pseudomonas agarici,0.44256531507837216,2.276979162983264e-06,0.44256531507837216,positive
HILICZ_negative|NAME:,Pseudomonas putida,0.44256108815449086,2.2775447747793167e-06,0.44256108815449086,positive
C18_positive|IK:MMOXZBCLCQITDF-UHFFFAOYSA-N,Terriglobus roseus,0.44245050879569375,2.2923888914822822e-06,0.44245050879569375,positive
HILICZ_negative|IK:GHOKWGTUZJEAQD-UHFFFAOYSA-N,Myxococcus fulvus,-0.44244715223638464,2.292840902299565e-06,0.44244715223638464,negative
HILICZ_negative|IK:JVQYSWDUAOAHFM-UHFFFAOYSA-N,Pseudomonas putida,0.4424365967335256,2.294262907854829e-06,0.4424365967335256,positive
HILICZ_negative|IK:SLWWJZMPHJJOPH-PHDIDXHHSA-N,Streptomyces sp. SAT1,-0.44242964335864127,2.295200101329116e-06,0.44242964335864127,negative
HILICZ_negative|IK:GHOKWGTUZJEAQD-UHFFFAOYSA-N,Pseudomonas sp. DR 5-09,0.44240222422988473,2.2988992517757306e-06,0.44240222422988473,positive
C18_negative|IK:BJEPYKJPYRNKOW-REOHCLBHSA-N,Streptomyces albus,-0.4423717178740232,2.303021531774532e-06,0.4423717178740232,negative
C18_negative|NAME:,Nakamurella panacisegetis,-0.4423520322942528,2.3056853267012486e-06,0.4423520322942528,negative
HILICZ_negative|NAME:,Streptomyces hundungensis,-0.4423500181040412,2.305958045315058e-06,0.4423500181040412,negative
HILICZ_negative|IK:JVQYSWDUAOAHFM-UHFFFAOYSA-N,Gordonia bronchialis,-0.442348825030809,2.30611960019714e-06,0.442348825030809,negative
C18_positive|IK:RCFGIEPQSDGMJJ-UHFFFAOYSA-N,Pseudomonas taetrolens,0.44234044659943483,2.3072544310977403e-06,0.44234044659943483,positive
HILICZ_positive|IK:COLNVLDHVKWLRT-QMMMGPOBSA-N,Arthrobacter alpinus,-0.44232746317232485,2.309014037108395e-06,0.44232746317232485,negative
HILICZ_positive|IK:KWIUHFFTVRNATP-UHFFFAOYSA-N,Pseudomonas putida,0.44232563541628916,2.309261849459068e-06,0.44232563541628916,positive
C18_negative|NAME:,Pantoea agglomerans,0.44232538000929095,2.3092964802681334e-06,0.44232538000929095,positive
C18_positive|IK:KZSNJWFQEVHDMF-BYPYZUCNSA-N,Nakamurella multipartita,-0.44232442814518613,2.3094255484983957e-06,0.44232442814518613,negative
HILICZ_negative|IK:GHOKWGTUZJEAQD-UHFFFAOYSA-N,Stigmatella aurantiaca,-0.44229704589105917,2.313141374443773e-06,0.44229704589105917,negative
HILICZ_negative|IK:KCOOTJRKKIDHTM-UHFFFAOYSA-N,Allokutzneria albata,-0.4422912659408523,2.3139264476490313e-06,0.4422912659408523,negative
HILICZ_negative|IK:VRYALKFFQXWPIH-UHFFFAOYSA-N,Pseudomonas mendocina,0.44227513946884256,2.316118190565975e-06,0.44227513946884256,positive
C18_negative|IK:CZDNLUMNELLDDD-QZFWYPLZSA-N,Amycolatopsis albispora,-0.44223695817589115,2.321315227541508e-06,0.44223695817589115,negative
C18_positive|IK:ZEYHEAKUIGZSGI-UHFFFAOYSA-N,Bradyrhizobium sp. 2 39S1MB,0.44223087632326125,2.322144075162227e-06,0.44223087632326125,positive
C18_positive|NAME:,Pseudomonas orientalis,0.4421736540964469,2.329956159884836e-06,0.4421736540964469,positive
HILICZ_positive|IK:PUQSUZTXKPLAPR-UJPOAAIJSA-N,Pseudomonas sp. LG1E9,0.4421711013255448,2.3303052475111747e-06,0.4421711013255448,positive
HILICZ_positive|IK:RGHHSNMVTDWUBI-UHFFFAOYSA-N,Thermobispora bispora,-0.44216547962961994,2.331074180521111e-06,0.44216547962961994,negative
C18_positive|IK:RCFGIEPQSDGMJJ-UHFFFAOYSA-N,Streptomyces sp. Mg1,-0.4421564043428371,2.3323160005932163e-06,0.4421564043428371,negative
C18_negative|IK:CZDNLUMNELLDDD-QZFWYPLZSA-N,Pseudomonas putida,0.4421526802771918,2.3328257654879444e-06,0.4421526802771918,positive
HILICZ_positive|IK:KWIUHFFTVRNATP-UHFFFAOYSA-N,Paludisphaera borealis,-0.44215077738556113,2.3330862815337966e-06,0.44215077738556113,negative
C18_positive|IK:RCFGIEPQSDGMJJ-UHFFFAOYSA-N,Streptomyces actuosus,-0.44214395256200045,2.334020862759838e-06,0.44214395256200045,negative
HILICZ_positive|IK:PUQSUZTXKPLAPR-UJPOAAIJSA-N,Blastochloris viridis,-0.44213376125767917,2.335417104120077e-06,0.44213376125767917,negative
C18_positive|IK:NGFMICBWJRZIBI-UHFFFAOYSA-N,Streptomyces venezuelae,-0.44212670852529456,2.3363838135897537e-06,0.44212670852529456,negative
C18_positive|IK:SIKJAQJRHWYJAI-UHFFFAOYSA-N,Granulicella mallensis,-0.4421236187832442,2.336807440005995e-06,0.4421236187832442,negative
C18_negative|IK:CZDNLUMNELLDDD-QZFWYPLZSA-N,Micromonospora echinaurantiaca,-0.44210693801181733,2.339095752005934e-06,0.44210693801181733,negative
HILICZ_negative|IK:AAWZDTNXLSGCEK-LNVDRNJUSA-N,Pseudomonas syringae,0.4420998412681728,2.340069944497927e-06,0.4420998412681728,positive
C18_positive|NAME:,Pseudomonas versuta,0.44209708019633337,2.3404490692748326e-06,0.44209708019633337,positive
HILICZ_negative|IK:AAWZDTNXLSGCEK-LNVDRNJUSA-N,Burkholderia ambifaria,-0.4420624934114,2.345203130840025e-06,0.4420624934114,negative
C18_negative|IK:KRKNYBCHXYNGOX-UHFFFAOYSA-N,Kitasatospora setae,-0.4420556679653138,2.3461423882297216e-06,0.4420556679653138,negative
C18_positive|IK:SIKJAQJRHWYJAI-UHFFFAOYSA-N,Streptomyces olivoreticuli,-0.4420418465798187,2.348045454694986e-06,0.4420418465798187,negative
C18_negative|NAME:,Streptomyces virus Caliburn,0.4420348530053657,2.3490089561557187e-06,0.4420348530053657,positive
C18_negative|IK:WJAOHEPEBANKEO-UHFFFAOYSA-N,Actinoplanes derwentensis,0.44201093488815013,2.3523069712597904e-06,0.44201093488815013,positive
HILICZ_positive|IK:RGHHSNMVTDWUBI-UHFFFAOYSA-N,Streptomyces sp. fd1-xmd,-0.44198657201056324,2.3556708158494934e-06,0.44198657201056324,negative
C18_positive|IK:SIKJAQJRHWYJAI-UHFFFAOYSA-N,Plantactinospora sp. KBS50,-0.44197717635325445,2.356969313523381e-06,0.44197717635325445,negative
HILICZ_positive|IK:RGHHSNMVTDWUBI-UHFFFAOYSA-N,Frankia sp. EAN1pec,-0.4419576151498954,2.3596748813166415e-06,0.4419576151498954,negative
HILICZ_negative|IK:ODHCTXKNWHHXJC-UHFFFAOYSA-N,Frankia inefficax,-0.44194680905605876,2.361170763449655e-06,0.44194680905605876,negative
C18_positive|IK:NJMQSVWMCODQIP-FQXXIRCGSA-N,Pseudomonas mandelii,0.44193479004619707,2.3628356025624877e-06,0.44193479004619707,positive
HILICZ_negative|IK:VRYALKFFQXWPIH-UHFFFAOYSA-N,Pseudomonas vancouverensis,0.44191781331858276,2.365189062535849e-06,0.44191781331858276,positive
HILICZ_negative|IK:SLWWJZMPHJJOPH-PHDIDXHHSA-N,Pseudomonas sp. StFLB209,0.44190676266143075,2.3667221908407517e-06,0.44190676266143075,positive
C18_negative|IK:SMUMBCREXHTKFN-VZOUQOBNSA-N,Streptomyces olivoreticuli,-0.4418972419555055,2.3680438129734024e-06,0.4418972419555055,negative
HILICZ_positive|IK:KWIUHFFTVRNATP-UHFFFAOYSA-N,Granulicella mallensis,-0.4418877594514443,2.369360825944687e-06,0.4418877594514443,negative
HILICZ_negative|IK:VRYALKFFQXWPIH-UHFFFAOYSA-N,Amycolatopsis albispora,-0.44188072226413316,2.3703386598026604e-06,0.44188072226413316,negative
C18_positive|NAME:,Burkholderia ambifaria,-0.44187860739990675,2.370632599785573e-06,0.44187860739990675,negative
HILICZ_negative|IK:VRYALKFFQXWPIH-UHFFFAOYSA-N,Saccharothrix espanaensis,-0.4418649357817422,2.372533617712827e-06,0.4418649357817422,negative
HILICZ_negative|IK:KCOOTJRKKIDHTM-UHFFFAOYSA-N,Pseudomonas brassicacearum,0.4418626053098802,2.3728578101254043e-06,0.4418626053098802,positive
HILICZ_negative|IK:JVQYSWDUAOAHFM-UHFFFAOYSA-N,Streptomyces lavendulae,-0.44186198542210214,2.3729440498943696e-06,0.44186198542210214,negative
HILICZ_negative|IK:WCGUUGGRBIKTOS-GPOJBZKASA-N,Streptomyces virus Caliburn,0.44184996604222626,2.3746167911938627e-06,0.44184996604222626,positive
HILICZ_negative|NAME:,Streptomyces vietnamensis,-0.44181767064819744,2.379116878698503e-06,0.44181767064819744,negative
HILICZ_negative|IK:JVQYSWDUAOAHFM-UHFFFAOYSA-N,Paenibacillus borealis,0.44179022707567867,2.3829472446791882e-06,0.44179022707567867,positive
HILICZ_positive|IK:KWIUHFFTVRNATP-UHFFFAOYSA-N,Pseudomonas fulva,0.4417833326750938,2.38391042922606e-06,0.4417833326750938,positive
HILICZ_negative|IK:WJAOHEPEBANKEO-UHFFFAOYSA-N,Gemmatirosa kalamazoonesis,0.44177279614819953,2.385383149692681e-06,0.44177279614819953,positive
HILICZ_positive|IK:KWIUHFFTVRNATP-UHFFFAOYSA-N,Streptomyces virus R4,0.4417642787621702,2.386574278009471e-06,0.4417642787621702,positive
C18_positive|IK:MMOXZBCLCQITDF-UHFFFAOYSA-N,Pseudomonas poae,-0.4417536082416302,2.388067308958158e-06,0.4417536082416302,negative
C18_negative|NAME:,Pseudomonas thivervalensis,0.4417513137056883,2.3883884783373103e-06,0.4417513137056883,positive
HILICZ_negative|IK:SLWWJZMPHJJOPH-PHDIDXHHSA-N,Lacunisphaera limnophila,-0.4417473323055172,2.3889458573923308e-06,0.4417473323055172,negative
C18_positive|IK:FATBGEAMYMYZAF-KTKRTIGZSA-N,Pseudomonas viridiflava,0.441739635188291,2.3900237698590927e-06,0.441739635188291,positive
HILICZ_negative|IK:ODHCTXKNWHHXJC-UHFFFAOYSA-N,Streptosporangium roseum,-0.4417315732911159,2.391153259729073e-06,0.4417315732911159,negative
C18_negative|IK:SMUMBCREXHTKFN-VZOUQOBNSA-N,Streptomyces lavendulae,-0.44171735560689035,2.393146419568124e-06,0.44171735560689035,negative
C18_positive|IK:RCFGIEPQSDGMJJ-UHFFFAOYSA-N,Streptomyces nigra,-0.4417130861373739,2.393745258029881e-06,0.4417130861373739,negative
HILICZ_positive|IK:COLNVLDHVKWLRT-QMMMGPOBSA-N,Pseudomonas protegens,0.441701076246764,2.3954305329715097e-06,0.441701076246764,positive
HILICZ_positive|IK:PUQSUZTXKPLAPR-UJPOAAIJSA-N,Pseudomonas protegens,0.44168213629132547,2.3980905423548655e-06,0.44168213629132547,positive
HILICZ_positive|IK:COLNVLDHVKWLRT-QMMMGPOBSA-N,Streptomyces peucetius,-0.44165727496613766,2.4015864152601966e-06,0.44165727496613766,negative
C18_positive|IK:NGFMICBWJRZIBI-UHFFFAOYSA-N,Variibacter gotjawalensis,-0.4416465842467495,2.403091171288005e-06,0.4416465842467495,negative
HILICZ_positive|IK:RGHHSNMVTDWUBI-UHFFFAOYSA-N,Pantoea agglomerans,0.441637846690656,2.4043216749820234e-06,0.441637846690656,positive
HILICZ_positive|IK:MMOXZBCLCQITDF-UHFFFAOYSA-N,Actinoplanes teichomyceticus,0.441626520652766,2.40591759962306e-06,0.441626520652766,positive
C18_negative|IK:ROJOJPXRGHLGTC-UHFFFAOYSA-N,Janthinobacterium sp. 1_2014MBL_MicDiv,-0.4415830319007819,2.412054809057729e-06,0.4415830319007819,negative
HILICZ_negative|IK:RYWDJUUPROVLNV-LXFHESFISA-N,Candidatus Solibacter usitatus,-0.44155735698992693,2.4156850460421214e-06,0.44155735698992693,negative
C18_positive|IK:SIKJAQJRHWYJAI-UHFFFAOYSA-N,Singulisphaera acidiphila,-0.4415423273236642,2.417812523722469e-06,0.4415423273236642,negative
C18_negative|IK:NGFMICBWJRZIBI-UHFFFAOYSA-N,Bradyrhizobium sp. ORS 285,-0.44153097562650756,2.419420552474533e-06,0.44153097562650756,negative
HILICZ_negative|IK:OKVJCVWFVRATSG-UHFFFAOYSA-N,Pseudomonas thivervalensis,0.44153087811581165,2.4194343697680036e-06,0.44153087811581165,positive
HILICZ_positive|IK:COLNVLDHVKWLRT-QMMMGPOBSA-N,Burkholderia ambifaria,-0.44149957294936165,2.4238741810761928e-06,0.44149957294936165,negative
C18_positive|IK:NGFMICBWJRZIBI-UHFFFAOYSA-N,Bradyrhizobium sp. ORS 278,-0.4414981879613699,2.4240707829427255e-06,0.4414981879613699,negative
HILICZ_positive|IK:KWIUHFFTVRNATP-UHFFFAOYSA-N,Granulicella tundricola,-0.44149019587650284,2.4252055703259838e-06,0.44149019587650284,negative
HILICZ_negative|IK:JVQYSWDUAOAHFM-UHFFFAOYSA-N,Singulisphaera acidiphila,-0.4414750347476894,2.427359663170089e-06,0.4414750347476894,negative
C18_negative|IK:CZDNLUMNELLDDD-QZFWYPLZSA-N,Streptomyces albulus,-0.44147091616011175,2.427945144486115e-06,0.44147091616011175,negative
HILICZ_negative|NAME:,Pseudomonas sp. LG1D9,0.4414481508082816,2.431183782675107e-06,0.4414481508082816,positive
HILICZ_positive|IK:PUQSUZTXKPLAPR-UJPOAAIJSA-N,Streptomyces vietnamensis,-0.4414301782657114,2.4337434731997885e-06,0.4414301782657114,negative
HILICZ_positive|IK:GHOKWGTUZJEAQD-UHFFFAOYSA-N,Sphingobium yanoikuyae,0.4414222272892765,2.434876682453504e-06,0.4414222272892765,positive
HILICZ_negative|IK:COLNVLDHVKWLRT-QMMMGPOBSA-N,Granulicella tundricola,-0.441407828578244,2.4369301223909346e-06,0.441407828578244,negative
HILICZ_positive|IK:COLNVLDHVKWLRT-QMMMGPOBSA-N,Pseudomonas prosekii,0.4414050650549637,2.437324423373339e-06,0.4414050650549637,positive
HILICZ_negative|IK:KCOOTJRKKIDHTM-UHFFFAOYSA-N,Novosphingobium sp. P6W,0.4414025425388195,2.4376843900036277e-06,0.4414025425388195,positive
HILICZ_positive|IK:PUQSUZTXKPLAPR-UJPOAAIJSA-N,Pseudomonas frederiksbergensis,0.441390790814849,2.4393620405405424e-06,0.441390790814849,positive
C18_positive|IK:KZSNJWFQEVHDMF-BYPYZUCNSA-N,Myxococcus xanthus,-0.4413673637193886,2.44270970046996e-06,0.4413673637193886,negative
C18_positive|IK:NJMQSVWMCODQIP-FQXXIRCGSA-N,Pseudomonas alkylphenolica,0.4413663453230328,2.44285532468011e-06,0.4413663453230328,positive
C18_positive|IK:MMOXZBCLCQITDF-UHFFFAOYSA-N,Janthinobacterium sp. LM6,-0.4413503693773294,2.445140858421486e-06,0.4413503693773294,negative
C18_positive|IK:LVFCLUMIBMHAFL-HMUNZLOLSA-N,Pseudomonas prosekii,0.44129687615262647,2.4528083808834125e-06,0.44129687615262647,positive
HILICZ_negative|IK:CDAISMWEOUEBRE-UHFFFAOYSA-N,Streptomyces rubrolavendulae,-0.4412804551861039,2.4551666599205165e-06,0.4412804551861039,negative
HILICZ_positive|IK:SIOXPEMLGUPBBT-UHFFFAOYSA-N,Streptomyces lavendulae,-0.4412774377164516,2.4556002436678105e-06,0.4412774377164516,negative
C18_negative|IK:KRKNYBCHXYNGOX-UHFFFAOYSA-N,Burkholderia ambifaria,-0.44126482563369607,2.4574132726329774e-06,0.44126482563369607,negative
HILICZ_negative|IK:AAWZDTNXLSGCEK-LNVDRNJUSA-N,Burkholderia pseudomallei,-0.44126041322509374,2.4580478699688273e-06,0.44126041322509374,negative
C18_positive|IK:KZSNJWFQEVHDMF-BYPYZUCNSA-N,Streptomyces bingchenggensis,-0.4412598465963435,2.4581293743517697e-06,0.4412598465963435,negative
C18_positive|IK:NGFMICBWJRZIBI-UHFFFAOYSA-N,Streptomyces vietnamensis,-0.44124219820696353,2.4606692142920107e-06,0.44124219820696353,negative
C18_negative|IK:NGFMICBWJRZIBI-UHFFFAOYSA-N,Dinoroseobacter shibae,-0.4412236574854337,2.463340146003305e-06,0.4412236574854337,negative
C18_negative|IK:CZDNLUMNELLDDD-QZFWYPLZSA-N,Saccharothrix espanaensis,-0.4411815852446013,2.469411145416989e-06,0.4411815852446013,negative
HILICZ_positive|IK:MMOXZBCLCQITDF-UHFFFAOYSA-N,Mycobacterium intracellulare,0.4411777050003643,2.46997177450808e-06,0.4411777050003643,positive
C18_positive|IK:FATBGEAMYMYZAF-KTKRTIGZSA-N,Pseudomonas rhodesiae,0.4411701675513545,2.471061151331563e-06,0.4411701675513545,positive
C18_positive|IK:RGHHSNMVTDWUBI-UHFFFAOYSA-N,Pseudomonas kribbensis,0.44114156818196226,2.475198712052955e-06,0.44114156818196226,positive
HILICZ_negative|IK:AAWZDTNXLSGCEK-LNVDRNJUSA-N,Pseudomonas viridiflava,0.44110697158327694,2.4802126678992503e-06,0.44110697158327694,positive
C18_positive|NAME:,Pseudomonas frederiksbergensis,0.44109185721024474,2.482406151022301e-06,0.44109185721024474,positive
HILICZ_positive|IK:COLNVLDHVKWLRT-QMMMGPOBSA-N,Micromonospora purpureochromogenes,-0.4410904257047321,2.482613994263052e-06,0.4410904257047321,negative
C18_positive|NAME:,Nitrobacter hamburgensis,-0.4410748511094121,2.4848763657464442e-06,0.4410748511094121,negative
HILICZ_positive|IK:COLNVLDHVKWLRT-QMMMGPOBSA-N,Pseudomonas alkylphenolica,0.44105519109450714,2.4877349708717374e-06,0.44105519109450714,positive
HILICZ_negative|NAME:,Bradyrhizobium erythrophlei,-0.4410336954029311,2.4908640460924346e-06,0.4410336954029311,negative
C18_positive|IK:SIKJAQJRHWYJAI-UHFFFAOYSA-N,Streptomyces sp. Mg1,-0.4410307978100907,2.491286126164661e-06,0.4410307978100907,negative
HILICZ_negative|IK:GHOKWGTUZJEAQD-UHFFFAOYSA-N,Gemmatirosa kalamazoonesis,-0.44102708395320045,2.4918272068678554e-06,0.44102708395320045,negative
HILICZ_negative|NAME:,Pseudomonas orientalis,0.44101720391332944,2.493267194692673e-06,0.44101720391332944,positive
C18_positive|IK:NJMQSVWMCODQIP-FQXXIRCGSA-N,Pseudomonas sp. LG1D9,0.4410082282760134,2.494576050586499e-06,0.4410082282760134,positive
C18_positive|IK:SIKJAQJRHWYJAI-UHFFFAOYSA-N,Pseudomonas synxantha,0.4409968215246528,2.49624035687837e-06,0.4409968215246528,positive
HILICZ_negative|IK:WJAOHEPEBANKEO-UHFFFAOYSA-N,Herbaspirillum seropedicae,-0.4409926924878194,2.496843064342811e-06,0.4409926924878194,negative
C18_positive|IK:RGHHSNMVTDWUBI-UHFFFAOYSA-N,Pseudomonas psychrophila,0.440991027887665,2.4970860817070637e-06,0.440991027887665,positive
HILICZ_positive|IK:COLNVLDHVKWLRT-QMMMGPOBSA-N,Pseudomonas sp. B10,0.44097885666042097,2.498863656471285e-06,0.44097885666042097,positive
C18_negative|IK:CZDNLUMNELLDDD-QZFWYPLZSA-N,Pseudopropionibacterium propionicum,-0.4409718622585473,2.499885711289781e-06,0.4409718622585473,negative
HILICZ_negative|NAME:,Pseudomonas fulva,0.4409352690639003,2.505239328305905e-06,0.4409352690639003,positive
C18_negative|IK:KRKNYBCHXYNGOX-UHFFFAOYSA-N,Frankia sp. QA3,-0.4409345046555872,2.5053512774502433e-06,0.4409345046555872,negative
C18_positive|IK:MMOXZBCLCQITDF-UHFFFAOYSA-N,Janthinobacterium agaricidamnosum,-0.44091142811135753,2.5087331121029815e-06,0.44091142811135753,negative
C18_positive|IK:RGHHSNMVTDWUBI-UHFFFAOYSA-N,Pseudomonas sp. HLS-6,0.4409016687188866,2.510164635694587e-06,0.4409016687188866,positive
HILICZ_negative|NAME:,Pseudomonas rhodesiae,0.440889874953668,2.5118955952143796e-06,0.440889874953668,positive
HILICZ_negative|IK:OKVJCVWFVRATSG-UHFFFAOYSA-N,Nakamurella panacisegetis,-0.44085094457792606,2.517617385176258e-06,0.44085094457792606,negative
C18_positive|NAME:,Methylosinus trichosporium,-0.44084556842149447,2.518408513398873e-06,0.44084556842149447,negative
HILICZ_negative|IK:GHOKWGTUZJEAQD-UHFFFAOYSA-N,Pseudomonas moraviensis,0.4408315368552273,2.5204744360107313e-06,0.4408315368552273,positive
HILICZ_negative|IK:JVQYSWDUAOAHFM-UHFFFAOYSA-N,Tessaracoccus sp. T2.5-30,-0.44082962964076583,2.5207553663804658e-06,0.44082962964076583,negative
C18_negative|IK:KRKNYBCHXYNGOX-UHFFFAOYSA-N,Streptacidiphilus sp. DSM 106435,-0.4408127194662472,2.523247510043529e-06,0.4408127194662472,negative
HILICZ_negative|IK:VRYALKFFQXWPIH-UHFFFAOYSA-N,Streptomyces sp. SM18,-0.440784212765395,2.5274539718204e-06,0.440784212765395,negative
HILICZ_negative|IK:SLWWJZMPHJJOPH-PHDIDXHHSA-N,Pseudomonas cichorii,0.44076875717882835,2.5297373767470087e-06,0.44076875717882835,positive
HILICZ_positive|IK:MMOXZBCLCQITDF-UHFFFAOYSA-N,Saccharopolyspora erythraea,0.44073650258889974,2.53450894802982e-06,0.44073650258889974,positive
HILICZ_negative|NAME:,Methylosinus trichosporium,-0.4407159460844108,2.5375544064886457e-06,0.4407159460844108,negative
HILICZ_negative|NAME:,Streptomyces sp. 4F,-0.440702677022477,2.5395220634343717e-06,0.440702677022477,negative
C18_positive|IK:MMOXZBCLCQITDF-UHFFFAOYSA-N,Pseudomonas trivialis,-0.4406921363561169,2.5410861573491137e-06,0.4406921363561169,negative
C18_positive|IK:SIKJAQJRHWYJAI-UHFFFAOYSA-N,Pseudomonas mediterranea,0.4406856115875938,2.542054802168406e-06,0.4406856115875938,positive
HILICZ_positive|IK:MMOXZBCLCQITDF-UHFFFAOYSA-N,Rhodococcus ruber,0.44068492814385796,2.542156284088319e-06,0.44068492814385796,positive
C18_positive|IK:RCFGIEPQSDGMJJ-UHFFFAOYSA-N,Pseudomonas sp. HLS-6,0.44067844839516185,2.543118627307374e-06,0.44067844839516185,positive
C18_negative|IK:KRKNYBCHXYNGOX-UHFFFAOYSA-N,Thermomonospora curvata,-0.44067451268741287,2.543703309130742e-06,0.44067451268741287,negative
HILICZ_positive|IK:MMOXZBCLCQITDF-UHFFFAOYSA-N,Frankia alni,0.4406720028698699,2.5440762295883457e-06,0.4406720028698699,positive
C18_positive|IK:NGFMICBWJRZIBI-UHFFFAOYSA-N,Streptomyces sp. GSSD-12,-0.44067023956757667,2.5443382602305973e-06,0.44067023956757667,negative
HILICZ_positive|IK:COLNVLDHVKWLRT-QMMMGPOBSA-N,Kytococcus sedentarius,-0.44067006460193375,2.5443642619060453e-06,0.44067006460193375,negative
C18_negative|IK:RHBSLIMVGWKFQW-UHFFFAOYSA-N,Massilia sp. YMA4,-0.44066373335718234,2.545305318396982e-06,0.44066373335718234,negative
HILICZ_positive|IK:RGHHSNMVTDWUBI-UHFFFAOYSA-N,Pseudomonas fragi,0.4406258682924948,2.550940337898984e-06,0.4406258682924948,positive
HILICZ_negative|IK:ODHCTXKNWHHXJC-UHFFFAOYSA-N,Allokutzneria albata,-0.4406126809038582,2.552905632651618e-06,0.4406126809038582,negative
HILICZ_positive|IK:GHOKWGTUZJEAQD-UHFFFAOYSA-N,Novosphingobium sp. P6W,0.44060964951926135,2.5533575972402056e-06,0.44060964951926135,positive
HILICZ_positive|IK:COLNVLDHVKWLRT-QMMMGPOBSA-N,Actinopolymorpha singaporensis,-0.4405994649026085,2.554876627895158e-06,0.4405994649026085,negative
C18_negative|IK:CZDNLUMNELLDDD-QZFWYPLZSA-N,Streptomyces lavendulae,-0.44059739073563814,2.5551860936203656e-06,0.44059739073563814,negative
HILICZ_positive|IK:WHUUTDBJXJRKMK-VKHMYHEASA-N,Pseudomonas brenneri,0.4405923760897875,2.5559344252653985e-06,0.4405923760897875,positive
C18_positive|IK:HHSKNLJWHGXWPK-BFMVXSJESA-N,Caulobacter sp. K31,0.44058191487881715,2.557496210718642e-06,0.44058191487881715,positive
C18_positive|IK:MMOXZBCLCQITDF-UHFFFAOYSA-N,Janthinobacterium sp. 1_2014MBL_MicDiv,-0.44057891364390644,2.557944440611014e-06,0.44057891364390644,negative
C18_negative|IK:CZDNLUMNELLDDD-QZFWYPLZSA-N,Plantactinospora sp. KBS50,-0.4405645246537835,2.5600944465532898e-06,0.4405645246537835,negative
HILICZ_negative|IK:GHOKWGTUZJEAQD-UHFFFAOYSA-N,Tessaracoccus sp. T2.5-30,-0.4405593954127772,2.5608612718978656e-06,0.4405593954127772,negative
C18_positive|IK:RGHHSNMVTDWUBI-UHFFFAOYSA-N,Pseudomonas extremorientalis,0.44051627407982424,2.5673165372412017e-06,0.44051627407982424,positive
HILICZ_positive|IK:KWIUHFFTVRNATP-UHFFFAOYSA-N,Streptomyces pluripotens,-0.44050231211053453,2.5694099401431917e-06,0.44050231211053453,negative
HILICZ_positive|IK:PUQSUZTXKPLAPR-UJPOAAIJSA-N,Marmoricola scoriae,-0.440497978775578,2.570059991550378e-06,0.440497978775578,negative
HILICZ_positive|IK:PUQSUZTXKPLAPR-UJPOAAIJSA-N,Bradyrhizobium sp. BTAi1,-0.44049455309063534,2.5705739948029986e-06,0.44049455309063534,negative
HILICZ_negative|IK:AAWZDTNXLSGCEK-LNVDRNJUSA-N,Pseudomonas sp. HLS-6,0.44047044026524157,2.574194729217331e-06,0.44047044026524157,positive
HILICZ_negative|IK:ODHCTXKNWHHXJC-UHFFFAOYSA-N,Actinopolymorpha singaporensis,-0.44044777364247256,2.5776027016199274e-06,0.44044777364247256,negative
HILICZ_positive|IK:PUQSUZTXKPLAPR-UJPOAAIJSA-N,Pseudomonas agarici,0.44044696683222323,2.577724085764685e-06,0.44044696683222323,positive
C18_positive|IK:NJMQSVWMCODQIP-FQXXIRCGSA-N,Pseudomonas sp. CMR5c,0.44042384350498326,2.581205275558662e-06,0.44042384350498326,positive
HILICZ_negative|IK:ODHCTXKNWHHXJC-UHFFFAOYSA-N,Rhizobium leguminosarum,0.4403932652103801,2.5858156288493765e-06,0.4403932652103801,positive
C18_negative|IK:CZDNLUMNELLDDD-QZFWYPLZSA-N,Pseudomonas prosekii,0.4403299483213496,2.5953868148086153e-06,0.4403299483213496,positive
HILICZ_negative|IK:AAWZDTNXLSGCEK-LNVDRNJUSA-N,Streptomyces reticuli,-0.44032822005691324,2.5956485339330004e-06,0.44032822005691324,negative
C18_positive|IK:FATBGEAMYMYZAF-KTKRTIGZSA-N,Pseudomonas yamanorum,0.4403241174007918,2.5962699181771057e-06,0.4403241174007918,positive
HILICZ_negative|IK:OKVJCVWFVRATSG-UHFFFAOYSA-N,Streptomyces cattleya,-0.44031582779334766,2.597525883200033e-06,0.44031582779334766,negative
HILICZ_negative|IK:ODHCTXKNWHHXJC-UHFFFAOYSA-N,Catenulispora acidiphila,-0.44028525543266245,2.602162894329703e-06,0.44028525543266245,negative
C18_positive|IK:LVFCLUMIBMHAFL-HMUNZLOLSA-N,Arthrobacter alpinus,-0.4402669288472006,2.604946299441911e-06,0.4402669288472006,negative
HILICZ_positive|IK:COLNVLDHVKWLRT-QMMMGPOBSA-N,Pseudomonas taetrolens,0.44025715126571624,2.606432450369832e-06,0.44025715126571624,positive
C18_positive|IK:SIKJAQJRHWYJAI-UHFFFAOYSA-N,Streptomyces clavuligerus,-0.4402514870463139,2.6072937544141407e-06,0.4402514870463139,negative
C18_positive|IK:KZSNJWFQEVHDMF-BYPYZUCNSA-N,Haliangium ochraceum,-0.4402359597936659,2.609656216546944e-06,0.4402359597936659,negative
C18_negative|IK:SMUMBCREXHTKFN-VZOUQOBNSA-N,Pseudomonas sp. LG1E9,0.4402355378405063,2.609720444707175e-06,0.4402355378405063,positive
HILICZ_negative|IK:NGFMICBWJRZIBI-UHFFFAOYSA-N,Streptomyces sp. SCSIO 03032,-0.4402347305373237,2.6098433335982902e-06,0.4402347305373237,negative
C18_positive|IK:SIKJAQJRHWYJAI-UHFFFAOYSA-N,Gordonia bronchialis,-0.44023309843150854,2.6100917918860886e-06,0.44023309843150854,negative
C18_positive|IK:NJMQSVWMCODQIP-FQXXIRCGSA-N,Pseudomonas mendocina,0.4402166931485296,2.612590439042401e-06,0.4402166931485296,positive
HILICZ_positive|IK:SIOXPEMLGUPBBT-UHFFFAOYSA-N,Streptomyces gilvosporeus,-0.4402136789885121,2.61304976401501e-06,0.4402136789885121,negative
HILICZ_negative|IK:CDAISMWEOUEBRE-UHFFFAOYSA-N,Nocardioides sp. 78,-0.44019693575087426,2.6156026405318006e-06,0.44019693575087426,negative
HILICZ_negative|IK:GHOKWGTUZJEAQD-UHFFFAOYSA-N,Actinopolymorpha singaporensis,-0.4401959957659371,2.6157460318976267e-06,0.4401959957659371,negative
HILICZ_positive|IK:WHUUTDBJXJRKMK-VKHMYHEASA-N,Pseudomonas cedrina,0.4401799327810847,2.618197532323339e-06,0.4401799327810847,positive
HILICZ_negative|IK:JVQYSWDUAOAHFM-UHFFFAOYSA-N,Streptomyces sp. 2323.1,-0.44016107780996244,2.6210779118001274e-06,0.44016107780996244,negative
C18_positive|IK:ZEYHEAKUIGZSGI-UHFFFAOYSA-N,Massilia violaceinigra,-0.4401610044018333,2.6210891318454696e-06,0.4401610044018333,negative
C18_positive|IK:SIKJAQJRHWYJAI-UHFFFAOYSA-N,Saccharothrix espanaensis,-0.4401608350275438,2.621115019985537e-06,0.4401608350275438,negative
HILICZ_positive|IK:MMOXZBCLCQITDF-UHFFFAOYSA-N,Mycolicibacter sinensis,0.44012889468030014,2.626001290393311e-06,0.44012889468030014,positive
HILICZ_negative|IK:AAWZDTNXLSGCEK-LNVDRNJUSA-N,Streptomyces sp. CCM_MD2014,-0.44008310023889,2.6330220049217144e-06,0.44008310023889,negative
HILICZ_positive|IK:SIOXPEMLGUPBBT-UHFFFAOYSA-N,Streptomyces niveus,-0.44008164928747817,2.6332447391003343e-06,0.44008164928747817,negative
C18_positive|NAME:,Pseudomonas sp. DR 5-09,0.4400764584199906,2.6340417301456224e-06,0.4400764584199906,positive
C18_negative|IK:KRKNYBCHXYNGOX-UHFFFAOYSA-N,Pseudomonas sp. K2W31S-8,0.4400676920754646,2.6353882076513157e-06,0.4400676920754646,positive
C18_positive|IK:RGHHSNMVTDWUBI-UHFFFAOYSA-N,Pseudomonas monteilii,0.4400656140771121,2.635707475778779e-06,0.4400656140771121,positive
C18_positive|IK:FATBGEAMYMYZAF-KTKRTIGZSA-N,Pseudomonas extremorientalis,0.4400590968114292,2.636709039705189e-06,0.4400590968114292,positive
HILICZ_positive|IK:PUQSUZTXKPLAPR-UJPOAAIJSA-N,Nocardioides sp. 603,-0.4400588131971825,2.6367526333006983e-06,0.4400588131971825,negative
HILICZ_negative|IK:AAWZDTNXLSGCEK-LNVDRNJUSA-N,Pseudomonas sp. LBUM920,0.4400430341612007,2.6391790611431895e-06,0.4400430341612007,positive
C18_negative|IK:KRKNYBCHXYNGOX-UHFFFAOYSA-N,Actinomadura amylolytica,-0.44002484876798814,2.641978146342234e-06,0.44002484876798814,negative
C18_negative|IK:BJEPYKJPYRNKOW-REOHCLBHSA-N,Streptomyces sp. SM18,-0.44002355070940513,2.642178050061917e-06,0.44002355070940513,negative
HILICZ_negative|IK:SLWWJZMPHJJOPH-PHDIDXHHSA-N,Streptomyces reticuli,-0.44000629151495485,2.6448373615185785e-06,0.44000629151495485,negative
HILICZ_negative|IK:OKVJCVWFVRATSG-UHFFFAOYSA-N,Streptomyces niveus,-0.4400034806868653,2.6452706958866788e-06,0.4400034806868653,negative
C18_positive|IK:SIKJAQJRHWYJAI-UHFFFAOYSA-N,Actinosynnema pretiosum,-0.440001123403836,2.6456341607435827e-06,0.440001123403836,negative
C18_positive|IK:NJMQSVWMCODQIP-FQXXIRCGSA-N,Pseudomonas poae,0.43999545202535606,2.6465088129696835e-06,0.43999545202535606,positive
C18_positive|IK:RCFGIEPQSDGMJJ-UHFFFAOYSA-N,Streptomyces gilvosporeus,-0.43999420613386003,2.646700993669903e-06,0.43999420613386003,negative
HILICZ_negative|IK:OKVJCVWFVRATSG-UHFFFAOYSA-N,Pseudomonas lini,0.4399936228772847,2.6467909664379413e-06,0.4399936228772847,positive
HILICZ_negative|IK:ODHCTXKNWHHXJC-UHFFFAOYSA-N,Kytococcus sedentarius,-0.4399920087790432,2.647039971225724e-06,0.4399920087790432,negative
HILICZ_negative|IK:VRYALKFFQXWPIH-UHFFFAOYSA-N,Pseudomonas thivervalensis,0.4399903931348663,2.6472892366844886e-06,0.4399903931348663,positive
HILICZ_positive|IK:COLNVLDHVKWLRT-QMMMGPOBSA-N,Phycicoccus dokdonensis,-0.4399814713011994,2.648666118306241e-06,0.4399814713011994,negative
C18_negative|IK:KRKNYBCHXYNGOX-UHFFFAOYSA-N,Pseudomonas thivervalensis,0.43996559533653257,2.651117886142274e-06,0.43996559533653257,positive
C18_positive|IK:RGHHSNMVTDWUBI-UHFFFAOYSA-N,Pseudomonas sp. URMO17WK12:I11,0.4399616407341914,2.6517289397461975e-06,0.4399616407341914,positive
C18_positive|IK:LVFCLUMIBMHAFL-HMUNZLOLSA-N,Rhodococcus sp. MTM3W5.2,-0.4399600366691976,2.651976833145098e-06,0.4399600366691976,negative
HILICZ_negative|IK:VRYALKFFQXWPIH-UHFFFAOYSA-N,Micromonospora krabiensis,-0.43994054894986206,2.6549902304816156e-06,0.43994054894986206,negative
HILICZ_negative|IK:AAWZDTNXLSGCEK-LNVDRNJUSA-N,Streptomyces sp. CdTB01,-0.43993116150039846,2.6564429723657142e-06,0.43993116150039846,negative
HILICZ_positive|IK:RGHHSNMVTDWUBI-UHFFFAOYSA-N,Pseudomonas lini,0.4399261712119612,2.6572155435529616e-06,0.4399261712119612,positive
C18_negative|IK:CZDNLUMNELLDDD-QZFWYPLZSA-N,Streptomyces albireticuli,-0.43991591261211016,2.6588043953412965e-06,0.43991591261211016,negative
C18_positive|IK:SIKJAQJRHWYJAI-UHFFFAOYSA-N,Micromonospora rifamycinica,-0.4398587796150222,2.667669598009412e-06,0.4398587796150222,negative
HILICZ_negative|IK:WJAOHEPEBANKEO-UHFFFAOYSA-N,Azospirillum brasilense,0.43984953136764154,2.669107253943312e-06,0.43984953136764154,positive
C18_positive|IK:SIKJAQJRHWYJAI-UHFFFAOYSA-N,Micromonospora echinaurantiaca,-0.4398201561885103,2.6736785362609797e-06,0.4398201561885103,negative
C18_positive|NAME:,Pseudomonas sp. LBUM920,0.439809576076605,2.6753267957995728e-06,0.439809576076605,positive
C18_negative|IK:NGFMICBWJRZIBI-UHFFFAOYSA-N,Streptomyces fungicidicus,-0.43980518232139665,2.6760115745328254e-06,0.43980518232139665,negative
HILICZ_negative|IK:VRYALKFFQXWPIH-UHFFFAOYSA-N,Streptomyces sp. CB09001,-0.4398035939767453,2.676259163159534e-06,0.4398035939767453,negative
C18_negative|IK:SMUMBCREXHTKFN-VZOUQOBNSA-N,Pseudomonas extremaustralis,0.4397866387432228,2.6789034678425363e-06,0.4397866387432228,positive
HILICZ_negative|IK:AAWZDTNXLSGCEK-LNVDRNJUSA-N,Streptomyces hygroscopicus,-0.43977848621639976,2.680175799079122e-06,0.43977848621639976,negative
C18_positive|IK:RGHHSNMVTDWUBI-UHFFFAOYSA-N,Pseudomonas versuta,0.4397783801273332,2.680192359727427e-06,0.4397783801273332,positive
HILICZ_negative|IK:AAWZDTNXLSGCEK-LNVDRNJUSA-N,Pseudomonas sp. LG1E9,0.43977729946397287,2.6803610582674513e-06,0.43977729946397287,positive
HILICZ_positive|IK:KWIUHFFTVRNATP-UHFFFAOYSA-N,Gordonia bronchialis,-0.43974232913909506,2.68582557432309e-06,0.43974232913909506,negative
C18_negative|IK:RHBSLIMVGWKFQW-UHFFFAOYSA-N,Massilia armeniaca,-0.4397330399228113,2.6872788909860666e-06,0.4397330399228113,negative
C18_positive|IK:MMOXZBCLCQITDF-UHFFFAOYSA-N,Streptomyces virus R4,-0.4397322631264275,2.6874004560322934e-06,0.4397322631264275,negative
C18_positive|IK:KZSNJWFQEVHDMF-BYPYZUCNSA-N,Pseudonocardia dioxanivorans,-0.43972631073306934,2.6883321506863645e-06,0.43972631073306934,negative
C18_negative|IK:WJAOHEPEBANKEO-UHFFFAOYSA-N,Actinoplanes sp. N902-109,0.43971646929924646,2.6898732448891387e-06,0.43971646929924646,positive
C18_positive|IK:ZEYHEAKUIGZSGI-UHFFFAOYSA-N,Massilia sp. WG5,-0.43968080509861623,2.6954649903083133e-06,0.43968080509861623,negative
HILICZ_positive|IK:PUQSUZTXKPLAPR-UJPOAAIJSA-N,Streptomyces anulatus,-0.43965502252264077,2.6995142507350005e-06,0.43965502252264077,negative
HILICZ_negative|IK:AAWZDTNXLSGCEK-LNVDRNJUSA-N,Intrasporangium calvum,-0.4396511862376805,2.700117246506888e-06,0.4396511862376805,negative
C18_positive|IK:MMOXZBCLCQITDF-UHFFFAOYSA-N,Pseudomonas sp. LG1E9,-0.43962677820858553,2.703956738282476e-06,0.43962677820858553,negative
HILICZ_positive|IK:RGHHSNMVTDWUBI-UHFFFAOYSA-N,Streptomyces lavendulae,-0.4396235880368956,2.7044589477658422e-06,0.4396235880368956,negative
HILICZ_negative|IK:WJAOHEPEBANKEO-UHFFFAOYSA-N,Terriglobus roseus,0.4396094727201734,2.706682095465703e-06,0.4396094727201734,positive
HILICZ_positive|IK:MMOXZBCLCQITDF-UHFFFAOYSA-N,Frankia sp. QA3,0.43960921515409174,2.7067226779027917e-06,0.43960921515409174,positive
HILICZ_positive|IK:RGHHSNMVTDWUBI-UHFFFAOYSA-N,Pseudomonas sp. NS1(2017),0.43959524181636705,2.7089251970434272e-06,0.43959524181636705,positive
C18_positive|IK:MMOXZBCLCQITDF-UHFFFAOYSA-N,Pseudomonas sp. NS1(2017),-0.4395847740187485,2.7105762725453624e-06,0.4395847740187485,negative
C18_positive|IK:FATBGEAMYMYZAF-KTKRTIGZSA-N,Bradyrhizobium sp. BTAi1,-0.43958414018242203,2.7106762774736824e-06,0.43958414018242203,negative
C18_negative|IK:NGFMICBWJRZIBI-UHFFFAOYSA-N,Actinoplanes sp. N902-109,-0.4395744633787729,2.7122034898069233e-06,0.4395744633787729,negative
C18_positive|IK:XEAQIWGXBXCYFX-UHFFFAOYSA-N,Caulobacter flavus,0.43957078647485054,2.7127839993248322e-06,0.43957078647485054,positive
HILICZ_negative|IK:AAWZDTNXLSGCEK-LNVDRNJUSA-N,Pseudomonas trivialis,0.43955713797918733,2.714939851043584e-06,0.43955713797918733,positive
C18_positive|IK:LVFCLUMIBMHAFL-HMUNZLOLSA-N,Pseudonocardia sp. HH130630-07,-0.43954398285610563,2.7170193049177345e-06,0.43954398285610563,negative
C18_positive|IK:RGHHSNMVTDWUBI-UHFFFAOYSA-N,Friedmanniella sagamiharensis,-0.4395418157022089,2.717362015250939e-06,0.4395418157022089,negative
C18_positive|IK:NJMQSVWMCODQIP-FQXXIRCGSA-N,Pseudomonas entomophila,0.43954075385969066,2.717529948286559e-06,0.43954075385969066,positive
C18_negative|IK:KRKNYBCHXYNGOX-UHFFFAOYSA-N,Frankia alni,-0.43953645404088204,2.7182100756465084e-06,0.43953645404088204,negative
HILICZ_positive|IK:MMOXZBCLCQITDF-UHFFFAOYSA-N,Micromonospora krabiensis,0.4394998644133296,2.7240041849976172e-06,0.4394998644133296,positive
C18_positive|IK:LVFCLUMIBMHAFL-HMUNZLOLSA-N,Streptomyces virus R4,0.4394822581410837,2.726796365755448e-06,0.4394822581410837,positive
HILICZ_negative|IK:COLNVLDHVKWLRT-QMMMGPOBSA-N,Streptomyces albulus,-0.43948200132745735,2.7268371138738303e-06,0.43948200132745735,negative
C18_negative|NAME:,Streptomyces sp. 2323.1,-0.4394782966633856,2.727424989769651e-06,0.4394782966633856,negative
HILICZ_positive|IK:WHUUTDBJXJRKMK-VKHMYHEASA-N,Pseudomonas fragi,0.4394712948397296,2.728536403832896e-06,0.4394712948397296,positive
C18_negative|IK:NGFMICBWJRZIBI-UHFFFAOYSA-N,Leifsonia xyli,-0.4394650759167642,2.7295239054709296e-06,0.4394650759167642,negative
C18_positive|IK:XEAQIWGXBXCYFX-UHFFFAOYSA-N,Caulobacter segnis,0.43946230756707305,2.729963599886644e-06,0.43946230756707305,positive
C18_positive|IK:FATBGEAMYMYZAF-KTKRTIGZSA-N,Blastochloris viridis,-0.4394504332178935,2.731850351510358e-06,0.4394504332178935,negative
C18_positive|IK:RCFGIEPQSDGMJJ-UHFFFAOYSA-N,Streptomyces formicae,-0.4394344311184187,2.734394924206367e-06,0.4394344311184187,negative
C18_negative|IK:ROJOJPXRGHLGTC-UHFFFAOYSA-N,Massilia sp. NR 4-1,-0.4394341521531534,2.7344393037139967e-06,0.4394341521531534,negative
C18_negative|IK:CZDNLUMNELLDDD-QZFWYPLZSA-N,Rhodococcus ruber,-0.4394297223856431,2.735144109602314e-06,0.4394297223856431,negative
C18_negative|IK:CZDNLUMNELLDDD-QZFWYPLZSA-N,Amycolatopsis sp. AA4,-0.43942792305654854,2.7354304440447826e-06,0.43942792305654854,negative
HILICZ_positive|IK:RGHHSNMVTDWUBI-UHFFFAOYSA-N,Pseudomonas yamanorum,0.43941296539989744,2.737811813066809e-06,0.43941296539989744,positive
HILICZ_negative|IK:GHOKWGTUZJEAQD-UHFFFAOYSA-N,Melittangium boletus,-0.43940145972623157,2.7396449345391557e-06,0.43940145972623157,negative
C18_positive|IK:NJMQSVWMCODQIP-FQXXIRCGSA-N,Pseudomonas sp. NS1(2017),0.4393945684449061,2.7407434315472434e-06,0.4393945684449061,positive
C18_positive|IK:RGHHSNMVTDWUBI-UHFFFAOYSA-N,Nocardioides sp. 78,-0.4393820086188599,2.7427465877746736e-06,0.4393820086188599,negative
HILICZ_negative|IK:PFTAWBLQPZVEMU-UHFFFAOYSA-N,Streptomyces sp. NEAU-S7GS2,-0.4393736382607236,2.744082337767893e-06,0.4393736382607236,negative
HILICZ_negative|IK:VRYALKFFQXWPIH-UHFFFAOYSA-N,Bradyrhizobium erythrophlei,-0.439358214423364,2.7465452998467763e-06,0.439358214423364,negative
C18_positive|IK:NJMQSVWMCODQIP-FQXXIRCGSA-N,Pseudomonas sp. CMR12a,0.43934791888618113,2.7481905101050663e-06,0.43934791888618113,positive
HILICZ_negative|IK:VRYALKFFQXWPIH-UHFFFAOYSA-N,Streptomyces parvulus,-0.4393415689304225,2.7492056872945064e-06,0.4393415689304225,negative
HILICZ_negative|IK:PFTAWBLQPZVEMU-UHFFFAOYSA-N,Pseudomonas sp. K2W31S-8,0.4393315939335397,2.7508011213109696e-06,0.4393315939335397,positive
C18_positive|IK:RCFGIEPQSDGMJJ-UHFFFAOYSA-N,Streptomyces pluripotens,-0.43929359730685047,2.756886448773871e-06,0.43929359730685047,negative
HILICZ_negative|IK:DRTQHJPVMGBUCF-UHFFFAOYSA-N,Pantoea agglomerans,0.4392779112429317,2.7594023508124736e-06,0.4392779112429317,positive
C18_positive|IK:NJMQSVWMCODQIP-FQXXIRCGSA-N,Geodermatophilus obscurus,-0.4392638011691188,2.761667332679059e-06,0.4392638011691188,negative
HILICZ_negative|IK:ODHCTXKNWHHXJC-UHFFFAOYSA-N,Granulicella mallensis,-0.43926112335262746,2.7620973803974838e-06,0.43926112335262746,negative
HILICZ_positive|IK:COLNVLDHVKWLRT-QMMMGPOBSA-N,Pseudomonas fragi,0.43923509056392773,2.7662814536369773e-06,0.43923509056392773,positive
HILICZ_negative|NAME:,Pseudomonas tolaasii,0.43922761542461225,2.7674839888486628e-06,0.43922761542461225,positive
C18_positive|IK:LVFCLUMIBMHAFL-HMUNZLOLSA-N,Streptomyces albus,-0.4392211376769971,2.76852647206409e-06,0.4392211376769971,negative
HILICZ_positive|IK:PUQSUZTXKPLAPR-UJPOAAIJSA-N,Nocardioides dokdonensis,-0.43921495087517615,2.7695224791087826e-06,0.43921495087517615,negative
HILICZ_negative|IK:AAWZDTNXLSGCEK-LNVDRNJUSA-N,Pseudomonas antarctica,0.4392133558796999,2.7697793107560098e-06,0.4392133558796999,positive
C18_negative|IK:CZDNLUMNELLDDD-QZFWYPLZSA-N,Streptomyces sp. fd1-xmd,-0.4391668696830085,2.777274576632055e-06,0.4391668696830085,negative
C18_positive|IK:KZSNJWFQEVHDMF-BYPYZUCNSA-N,Sorangium cellulosum,-0.4391625366951913,2.7779741879835577e-06,0.4391625366951913,negative
HILICZ_negative|IK:GHOKWGTUZJEAQD-UHFFFAOYSA-N,Burkholderia ambifaria,-0.4391583801432432,2.7786454682783818e-06,0.4391583801432432,negative
C18_positive|IK:MMOXZBCLCQITDF-UHFFFAOYSA-N,Massilia sp. WG5,-0.43915234718207635,2.7796200602014244e-06,0.43915234718207635,negative
HILICZ_negative|IK:JVQYSWDUAOAHFM-UHFFFAOYSA-N,Pseudomonas plecoglossicida,0.43914721145718694,2.7804499631387387e-06,0.43914721145718694,positive
HILICZ_positive|IK:RGHHSNMVTDWUBI-UHFFFAOYSA-N,Streptomyces katrae,-0.4391329203173142,2.782760560317336e-06,0.4391329203173142,negative
HILICZ_negative|IK:ODHCTXKNWHHXJC-UHFFFAOYSA-N,Rhodococcus ruber,-0.43910317438357566,2.787575717300894e-06,0.43910317438357566,negative
C18_negative|IK:CZDNLUMNELLDDD-QZFWYPLZSA-N,Pseudomonas aeruginosa,0.4390727679874146,2.7925059277445796e-06,0.4390727679874146,positive
C18_positive|IK:MMOXZBCLCQITDF-UHFFFAOYSA-N,Pseudomonas agarici,-0.4390708565829021,2.7928161254725738e-06,0.4390708565829021,negative
C18_negative|IK:CZDNLUMNELLDDD-QZFWYPLZSA-N,Granulicella mallensis,-0.43906903717008533,2.793111424326795e-06,0.43906903717008533,negative
HILICZ_negative|IK:SLWWJZMPHJJOPH-PHDIDXHHSA-N,Actinoplanes teichomyceticus,-0.43905866380030983,2.7947956327223613e-06,0.43905866380030983,negative
C18_negative|NAME:,Pseudomonas mediterranea,0.4390473733082479,2.7966298351603695e-06,0.4390473733082479,positive
HILICZ_negative|IK:VRYALKFFQXWPIH-UHFFFAOYSA-N,Singulisphaera acidiphila,-0.4390444563035831,2.7971039035406854e-06,0.4390444563035831,negative
HILICZ_negative|IK:JVQYSWDUAOAHFM-UHFFFAOYSA-N,Jiangella alkaliphila,-0.43901892402449466,2.8012566252593897e-06,0.43901892402449466,negative
C18_negative|NAME:,Frankia alni,-0.43901845730233957,2.8013325899434453e-06,0.43901845730233957,negative
HILICZ_positive|IK:KWIUHFFTVRNATP-UHFFFAOYSA-N,Streptomyces peucetius,-0.4390091882268485,2.802841647706025e-06,0.4390091882268485,negative
HILICZ_negative|IK:OKVJCVWFVRATSG-UHFFFAOYSA-N,Pseudomonas azotoformans,0.4390059382915684,2.803370937436393e-06,0.4390059382915684,positive
HILICZ_positive|IK:WHUUTDBJXJRKMK-VKHMYHEASA-N,Pseudomonas sp. LG1D9,0.4389543020648997,2.8117931845821206e-06,0.4389543020648997,positive
HILICZ_positive|IK:RGHHSNMVTDWUBI-UHFFFAOYSA-N,Pseudomonas azotoformans,0.43894393783271735,2.8134865467460712e-06,0.43894393783271735,positive
HILICZ_negative|IK:OKVJCVWFVRATSG-UHFFFAOYSA-N,Kitasatospora setae,-0.4389027148507742,2.8202313196513682e-06,0.4389027148507742,negative
C18_positive|IK:MMOXZBCLCQITDF-UHFFFAOYSA-N,Pseudomonas extremorientalis,-0.4389017021830507,2.8203972013173287e-06,0.4389017021830507,negative
C18_positive|NAME:,Pseudomonas psychrophila,0.43889851297274896,2.8209196753089945e-06,0.43889851297274896,positive
C18_negative|NAME:,Streptosporangium sp. 'caverna',-0.4388955561601484,2.821404158366853e-06,0.4388955561601484,negative
HILICZ_negative|IK:KCOOTJRKKIDHTM-UHFFFAOYSA-N,Alloactinosynnema sp. L-07,-0.4388937901384167,2.8216935641098474e-06,0.4388937901384167,negative
HILICZ_negative|IK:VRYALKFFQXWPIH-UHFFFAOYSA-N,Actinosynnema pretiosum,-0.4388802792572189,2.8239085803795e-06,0.4388802792572189,negative
C18_positive|IK:RGHHSNMVTDWUBI-UHFFFAOYSA-N,Burkholderia ambifaria,-0.4388669885640609,2.8260891020114053e-06,0.4388669885640609,negative
HILICZ_negative|IK:PFTAWBLQPZVEMU-UHFFFAOYSA-N,Streptomyces lavendulae,-0.43882470110262395,2.8330375371930624e-06,0.43882470110262395,negative
HILICZ_positive|IK:PUQSUZTXKPLAPR-UJPOAAIJSA-N,Lacunisphaera limnophila,-0.4388155211973799,2.8345480589761595e-06,0.4388155211973799,negative
HILICZ_positive|IK:COLNVLDHVKWLRT-QMMMGPOBSA-N,Pseudomonas sp. 7SR1,0.4388135542650867,2.8348718099346524e-06,0.4388135542650867,positive
HILICZ_positive|IK:KWIUHFFTVRNATP-UHFFFAOYSA-N,Streptomyces sp. GSSD-12,-0.43880622949719605,2.836077751516621e-06,0.43880622949719605,negative
HILICZ_negative|NAME:,Streptomyces parvulus,-0.4388060337511667,2.836109985575731e-06,0.4388060337511667,negative
HILICZ_positive|IK:KWIUHFFTVRNATP-UHFFFAOYSA-N,Janibacter indicus,-0.4388017325155611,2.8368183697793695e-06,0.4388017325155611,negative
HILICZ_positive|IK:COLNVLDHVKWLRT-QMMMGPOBSA-N,Allokutzneria albata,-0.4387884899400398,2.839000382103639e-06,0.4387884899400398,negative
HILICZ_negative|IK:GHOKWGTUZJEAQD-UHFFFAOYSA-N,Phycicoccus dokdonensis,-0.43877653517696064,2.8409715608951437e-06,0.43877653517696064,negative
C18_positive|IK:RGHHSNMVTDWUBI-UHFFFAOYSA-N,Pseudomonas sp. 02C 26,0.4387682174879521,2.842343798508122e-06,0.4387682174879521,positive
HILICZ_negative|NAME:,Pseudomonas versuta,0.438759399827952,2.8437992046287245e-06,0.438759399827952,positive
HILICZ_negative|IK:KCOOTJRKKIDHTM-UHFFFAOYSA-N,Pseudomonas protegens,0.4387517970237141,2.8450546572770855e-06,0.4387517970237141,positive
C18_positive|IK:LVFCLUMIBMHAFL-HMUNZLOLSA-N,Pseudomonas sp. LG1D9,0.4387095097450252,2.852047131276407e-06,0.4387095097450252,positive
C18_positive|IK:LVFCLUMIBMHAFL-HMUNZLOLSA-N,Pseudomonas poae,0.43870950163419387,2.8520484740116025e-06,0.43870950163419387,positive
HILICZ_positive|IK:MMOXZBCLCQITDF-UHFFFAOYSA-N,Streptomyces lydicus,0.43870767562806734,2.8523507816215224e-06,0.43870767562806734,positive
HILICZ_positive|IK:PUQSUZTXKPLAPR-UJPOAAIJSA-N,Pseudomonas fragi,0.438702961384017,2.8531313965240205e-06,0.438702961384017,positive
HILICZ_negative|IK:RYWDJUUPROVLNV-LXFHESFISA-N,Nocardiopsis gilva,-0.43870151976727534,2.8533701490295205e-06,0.43870151976727534,negative
C18_positive|IK:FATBGEAMYMYZAF-KTKRTIGZSA-N,Variibacter gotjawalensis,-0.43868627105805996,2.855896711680049e-06,0.43868627105805996,negative
HILICZ_negative|IK:GHOKWGTUZJEAQD-UHFFFAOYSA-N,Geodermatophilus obscurus,-0.4386546451821882,2.8611435544121885e-06,0.4386546451821882,negative
HILICZ_negative|IK:WJAOHEPEBANKEO-UHFFFAOYSA-N,Paracoccus denitrificans,0.4386329975749307,2.8647402194760166e-06,0.4386329975749307,positive
C18_positive|IK:MMOXZBCLCQITDF-UHFFFAOYSA-N,Streptomyces virus Caliburn,-0.4386170485459754,2.8673928220113933e-06,0.4386170485459754,negative
HILICZ_positive|IK:COLNVLDHVKWLRT-QMMMGPOBSA-N,Nakamurella panacisegetis,-0.43858316910160816,2.873035272648897e-06,0.43858316910160816,negative
C18_negative|IK:SMUMBCREXHTKFN-VZOUQOBNSA-N,Burkholderia ambifaria,-0.43857266521182464,2.8747867728951045e-06,0.43857266521182464,negative
C18_positive|IK:RCFGIEPQSDGMJJ-UHFFFAOYSA-N,Streptomyces sp. SAT1,-0.43855793276173616,2.8772450768536925e-06,0.43855793276173616,negative
C18_positive|IK:NJMQSVWMCODQIP-FQXXIRCGSA-N,Pseudomonas brenneri,0.4385427863213498,2.8797745321365268e-06,0.4385427863213498,positive
HILICZ_negative|IK:DRTQHJPVMGBUCF-UHFFFAOYSA-N,Streptomyces sp. Mg1,-0.43853951441477457,2.8803212164873896e-06,0.43853951441477457,negative
HILICZ_negative|IK:OKVJCVWFVRATSG-UHFFFAOYSA-N,Pseudomonas synxantha,0.43852979920630614,2.8819450538410247e-06,0.43852979920630614,positive
HILICZ_negative|IK:RHBSLIMVGWKFQW-UHFFFAOYSA-N,Massilia sp. WG5,-0.43849804324055014,2.8872589075442652e-06,0.43849804324055014,negative
C18_positive|IK:RGHHSNMVTDWUBI-UHFFFAOYSA-N,Pseudomonas cichorii,0.43849768433855324,2.887319016955835e-06,0.43849768433855324,positive
HILICZ_negative|IK:RYWDJUUPROVLNV-LXFHESFISA-N,Phycicoccus dokdonensis,-0.4384860288058393,2.889271745093561e-06,0.4384860288058393,negative
C18_positive|IK:RGHHSNMVTDWUBI-UHFFFAOYSA-N,Streptomyces albus,-0.43845197274550435,2.894984536234817e-06,0.43845197274550435,negative
HILICZ_negative|IK:SLWWJZMPHJJOPH-PHDIDXHHSA-N,Pseudomonas viridiflava,0.4384439255924603,2.896335978132043e-06,0.4384439255924603,positive
HILICZ_negative|IK:ODHCTXKNWHHXJC-UHFFFAOYSA-N,Pseudopropionibacterium propionicum,-0.4384436969134664,2.8963743912806024e-06,0.4384436969134664,negative
HILICZ_negative|IK:COLNVLDHVKWLRT-QMMMGPOBSA-N,Paenibacillus borealis,0.4384426241863059,2.8965545927807517e-06,0.4384426241863059,positive
HILICZ_positive|IK:MMOXZBCLCQITDF-UHFFFAOYSA-N,Streptomyces sp. 2323.1,0.43843837172385985,2.897269044697072e-06,0.43843837172385985,positive
HILICZ_positive|IK:MMOXZBCLCQITDF-UHFFFAOYSA-N,Mycobacterium sp. EPa45,0.4384377784638059,2.897368730958415e-06,0.4384377784638059,positive
HILICZ_negative|IK:KCOOTJRKKIDHTM-UHFFFAOYSA-N,Pseudomonas sp. K2W31S-8,0.4384040878590737,2.903035130208762e-06,0.4384040878590737,positive
C18_positive|IK:LVFCLUMIBMHAFL-HMUNZLOLSA-N,Pseudomonas sp. CMR12a,0.4383875597920976,2.9058188026590425e-06,0.4383875597920976,positive
C18_positive|IK:LVFCLUMIBMHAFL-HMUNZLOLSA-N,Pseudomonas brenneri,0.4383821198752235,2.906735550264816e-06,0.4383821198752235,positive
HILICZ_negative|IK:RYWDJUUPROVLNV-LXFHESFISA-N,Frankia inefficax,-0.4383558785594011,2.9111616400591936e-06,0.4383558785594011,negative
C18_positive|IK:RCFGIEPQSDGMJJ-UHFFFAOYSA-N,Streptomyces xinghaiensis,-0.4383465893993207,2.9127299571479748e-06,0.4383465893993207,negative
C18_positive|NAME:,Streptomyces sp. 2323.1,-0.43834276082052376,2.9133765801071015e-06,0.43834276082052376,negative
HILICZ_positive|IK:MMOXZBCLCQITDF-UHFFFAOYSA-N,Actinoplanes missouriensis,0.4383329049775151,2.915041794512663e-06,0.4383329049775151,positive
HILICZ_negative|IK:AAWZDTNXLSGCEK-LNVDRNJUSA-N,Pseudomonas corrugata,0.4383182262267489,2.9175235411463704e-06,0.4383182262267489,positive
HILICZ_negative|NAME:,Actinoplanes missouriensis,-0.4383164698028118,2.917820634714523e-06,0.4383164698028118,negative
HILICZ_positive|IK:RGHHSNMVTDWUBI-UHFFFAOYSA-N,Pseudomonas brenneri,0.4382707834173761,2.9255583958389247e-06,0.4382707834173761,positive
C18_positive|IK:SIKJAQJRHWYJAI-UHFFFAOYSA-N,Paludisphaera borealis,-0.4382675725140751,2.9261029453958335e-06,0.4382675725140751,negative
C18_positive|IK:KZSNJWFQEVHDMF-BYPYZUCNSA-N,Sandaracinus amylolyticus,-0.43825527083001264,2.92819012255782e-06,0.43825527083001264,negative
C18_positive|IK:FATBGEAMYMYZAF-KTKRTIGZSA-N,Pseudomonas palleroniana,0.43825314375155666,2.9285511580541524e-06,0.43825314375155666,positive
HILICZ_negative|IK:AAWZDTNXLSGCEK-LNVDRNJUSA-N,Streptomyces sp. SAT1,-0.43824469714912484,2.9299852409015604e-06,0.43824469714912484,negative
HILICZ_positive|IK:SIOXPEMLGUPBBT-UHFFFAOYSA-N,Amycolatopsis mediterranei,-0.4382105688445541,2.935786382035336e-06,0.4382105688445541,negative
HILICZ_positive|IK:MMOXZBCLCQITDF-UHFFFAOYSA-N,Streptomyces globosus,0.4382046569389387,2.9367923923631314e-06,0.4382046569389387,positive
C18_positive|IK:KZSNJWFQEVHDMF-BYPYZUCNSA-N,Streptomyces peucetius,-0.43820385834364184,2.936928311783419e-06,0.43820385834364184,negative
HILICZ_positive|IK:COLNVLDHVKWLRT-QMMMGPOBSA-N,Rhodococcus ruber,-0.43819514954553973,2.938410918892522e-06,0.43819514954553973,negative
HILICZ_negative|IK:AAWZDTNXLSGCEK-LNVDRNJUSA-N,Opitutus sp. GAS368,-0.43817767068898844,2.941388697242327e-06,0.43817767068898844,negative
HILICZ_positive|IK:COLNVLDHVKWLRT-QMMMGPOBSA-N,Pseudomonas yamanorum,0.4381771194352949,2.94148265773671e-06,0.4381771194352949,positive
C18_positive|IK:MMOXZBCLCQITDF-UHFFFAOYSA-N,Pseudomonas sp. CMR12a,-0.43814238702555663,2.947408476925838e-06,0.43814238702555663,negative
C18_positive|IK:FATBGEAMYMYZAF-KTKRTIGZSA-N,Granulicella mallensis,-0.4381399836646944,2.9478189399516302e-06,0.4381399836646944,negative
C18_positive|IK:MMOXZBCLCQITDF-UHFFFAOYSA-N,Pseudomonas sp. CMR5c,-0.43812737342126545,2.9499734924360336e-06,0.43812737342126545,negative
HILICZ_positive|IK:MMOXZBCLCQITDF-UHFFFAOYSA-N,Nakamurella panacisegetis,0.43807721629127144,2.958557948604881e-06,0.43807721629127144,positive
C18_positive|IK:NJMQSVWMCODQIP-FQXXIRCGSA-N,Actinoplanes missouriensis,-0.4380683949840825,2.9600701658491877e-06,0.4380683949840825,negative
HILICZ_positive|IK:PUQSUZTXKPLAPR-UJPOAAIJSA-N,Mycobacterium avium,-0.43806816033562085,2.960110401091097e-06,0.43806816033562085,negative
HILICZ_negative|IK:WJAOHEPEBANKEO-UHFFFAOYSA-N,Streptomyces chartreusis,0.4380612353243246,2.9612980676182153e-06,0.4380612353243246,positive
C18_negative|IK:CZDNLUMNELLDDD-QZFWYPLZSA-N,Pseudomonas mediterranea,0.438059688826872,2.961563359496781e-06,0.438059688826872,positive
C18_negative|IK:NGFMICBWJRZIBI-UHFFFAOYSA-N,Janthinobacterium agaricidamnosum,0.4380546574223685,2.962426620624404e-06,0.4380546574223685,positive
C18_positive|IK:LVFCLUMIBMHAFL-HMUNZLOLSA-N,Pseudomonas chlororaphis,0.43805094561314967,2.9630636251857117e-06,0.43805094561314967,positive
C18_negative|NAME:,Pseudomonas alkylphenolica,0.438046543571934,2.9638192521770543e-06,0.438046543571934,positive
HILICZ_positive|IK:RGHHSNMVTDWUBI-UHFFFAOYSA-N,Pseudomonas sp. CMR5c,0.43804289676404373,2.9644453784556444e-06,0.43804289676404373,positive
C18_positive|IK:FATBGEAMYMYZAF-KTKRTIGZSA-N,Pseudomonas chlororaphis,0.43803066590230616,2.9665462275875046e-06,0.43803066590230616,positive
C18_positive|NAME:,Burkholderia pseudomallei,-0.43802765020112955,2.9670644394564934e-06,0.43802765020112955,negative
C18_negative|IK:CZDNLUMNELLDDD-QZFWYPLZSA-N,Opitutus sp. GAS368,-0.43800809322842066,2.9704271464779785e-06,0.43800809322842066,negative
HILICZ_positive|IK:MMOXZBCLCQITDF-UHFFFAOYSA-N,Streptomyces clavuligerus,0.4379997843312234,2.9718569027519794e-06,0.4379997843312234,positive
HILICZ_negative|IK:ODHCTXKNWHHXJC-UHFFFAOYSA-N,Janibacter indicus,-0.4379704325000038,2.9769128381219317e-06,0.4379704325000038,negative
HILICZ_positive|IK:RGHHSNMVTDWUBI-UHFFFAOYSA-N,Pseudomonas alkylphenolica,0.4379544966341371,2.979661239846661e-06,0.4379544966341371,positive
C18_positive|IK:RCFGIEPQSDGMJJ-UHFFFAOYSA-N,Pseudomonas corrugata,0.43795429492104404,2.979696043947279e-06,0.43795429492104404,positive
C18_positive|IK:NGFMICBWJRZIBI-UHFFFAOYSA-N,Pseudorhodoplanes sinuspersici,-0.43793626494022386,2.9828085362252736e-06,0.43793626494022386,negative
C18_negative|IK:WJAOHEPEBANKEO-UHFFFAOYSA-N,Lentzea guizhouensis,0.43793459784222666,2.98309648034494e-06,0.43793459784222666,positive
HILICZ_negative|IK:AAWZDTNXLSGCEK-LNVDRNJUSA-N,Amycolatopsis methanolica,-0.4379028381485136,2.988587091288547e-06,0.4379028381485136,negative
HILICZ_negative|IK:AAWZDTNXLSGCEK-LNVDRNJUSA-N,Paucimonas lemoignei,0.43789260046923284,2.9903590144632584e-06,0.43789260046923284,positive
C18_positive|IK:FATBGEAMYMYZAF-KTKRTIGZSA-N,Granulicella tundricola,-0.4378767045313166,2.993112229022122e-06,0.4378767045313166,negative
HILICZ_negative|IK:WJAOHEPEBANKEO-UHFFFAOYSA-N,Geodermatophilus obscurus,0.4378600213424174,2.996004373998812e-06,0.4378600213424174,positive
C18_negative|IK:BJEPYKJPYRNKOW-REOHCLBHSA-N,Variovorax sp. HW608,-0.4378511973060036,2.9975351488714983e-06,0.4378511973060036,negative
HILICZ_positive|IK:PUQSUZTXKPLAPR-UJPOAAIJSA-N,Streptomyces sp. RTd22,-0.4378217320832598,3.0026520696345786e-06,0.4378217320832598,negative
C18_negative|IK:BJEPYKJPYRNKOW-REOHCLBHSA-N,Streptomyces peucetius,-0.4378165190010932,3.0035582308208705e-06,0.4378165190010932,negative
HILICZ_negative|IK:KCOOTJRKKIDHTM-UHFFFAOYSA-N,Rhizobium leguminosarum,0.43780541264356404,3.0054896493842526e-06,0.43780541264356404,positive
C18_positive|IK:NGFMICBWJRZIBI-UHFFFAOYSA-N,Gemmatirosa kalamazoonesis,-0.4377878639358273,3.0085437988412603e-06,0.4377878639358273,negative
HILICZ_negative|IK:VRYALKFFQXWPIH-UHFFFAOYSA-N,Kibdelosporangium phytohabitans,-0.43776607178331745,3.012340553835863e-06,0.43776607178331745,negative
C18_negative|IK:SMUMBCREXHTKFN-VZOUQOBNSA-N,Pseudomonas sp. HLS-6,0.43775954965447605,3.013477757087165e-06,0.43775954965447605,positive
HILICZ_negative|IK:COLNVLDHVKWLRT-QMMMGPOBSA-N,Streptomyces olivoreticuli,-0.43773624874666395,3.017543835841047e-06,0.43773624874666395,negative
C18_negative|IK:KRKNYBCHXYNGOX-UHFFFAOYSA-N,Pseudomonas plecoglossicida,0.43773294516307715,3.018120740672933e-06,0.43773294516307715,positive
C18_negative|IK:NGFMICBWJRZIBI-UHFFFAOYSA-N,Methylorubrum extorquens,-0.4377078377429703,3.022508657588437e-06,0.4377078377429703,negative
HILICZ_positive|IK:PUQSUZTXKPLAPR-UJPOAAIJSA-N,Pseudomonas sp. HLS-6,0.43770269061323247,3.0234089439361286e-06,0.43770269061323247,positive
C18_negative|IK:WJAOHEPEBANKEO-UHFFFAOYSA-N,Massilia violaceinigra,-0.43769772345539654,3.024277991632723e-06,0.43769772345539654,negative
HILICZ_negative|IK:VRYALKFFQXWPIH-UHFFFAOYSA-N,Pseudomonas protegens,0.4376957998758198,3.0246146021122777e-06,0.4376957998758198,positive
HILICZ_negative|IK:ROJOJPXRGHLGTC-UHFFFAOYSA-N,Saccharothrix espanaensis,0.4376790224741823,3.0275520099528455e-06,0.4376790224741823,positive
C18_negative|IK:LWYJCVVIVLBLID-UHFFFAOYSA-N,Catenulispora acidiphila,0.43767442024483394,3.0283582449575964e-06,0.43767442024483394,positive
C18_negative|IK:NGFMICBWJRZIBI-UHFFFAOYSA-N,Massilia putida,0.4376741353536601,3.028408159881526e-06,0.4376741353536601,positive
HILICZ_negative|IK:ODHCTXKNWHHXJC-UHFFFAOYSA-N,Granulicella tundricola,-0.4376721360281629,3.028758477552829e-06,0.4376721360281629,negative
HILICZ_positive|IK:KWIUHFFTVRNATP-UHFFFAOYSA-N,Pseudomonas sp. 02C 26,0.43763586705622515,3.0351201047414575e-06,0.43763586705622515,positive
HILICZ_positive|IK:KWIUHFFTVRNATP-UHFFFAOYSA-N,Planctomyces sp. SH-PL62,-0.43762434453041216,3.0371438133952943e-06,0.43762434453041216,negative
C18_positive|IK:NJMQSVWMCODQIP-FQXXIRCGSA-N,Nocardia brasiliensis,-0.43762190108385424,3.037573121349945e-06,0.43762190108385424,negative
HILICZ_negative|IK:RYWDJUUPROVLNV-LXFHESFISA-N,Pseudomonas sp. K2W31S-8,0.4376061498638828,3.0403419513596427e-06,0.4376061498638828,positive
C18_positive|IK:SIKJAQJRHWYJAI-UHFFFAOYSA-N,Pseudomonas protegens,0.43759545058415494,3.0422240857101654e-06,0.43759545058415494,positive
HILICZ_negative|IK:OKVJCVWFVRATSG-UHFFFAOYSA-N,Allokutzneria albata,-0.43757686458998,3.045496207884921e-06,0.43757686458998,negative
HILICZ_negative|IK:COLNVLDHVKWLRT-QMMMGPOBSA-N,Streptomyces xinghaiensis,-0.43756881001057724,3.046915274499498e-06,0.43756881001057724,negative
HILICZ_negative|IK:GHOKWGTUZJEAQD-UHFFFAOYSA-N,Kytococcus sedentarius,-0.43756162841800744,3.048181064090978e-06,0.43756162841800744,negative
HILICZ_positive|IK:PUQSUZTXKPLAPR-UJPOAAIJSA-N,Pseudomonas mucidolens,0.4375566852424414,3.0490526108663673e-06,0.4375566852424414,positive
C18_positive|IK:RGHHSNMVTDWUBI-UHFFFAOYSA-N,Pseudomonas sp. NC02,0.4374511170411208,3.067721990009254e-06,0.4374511170411208,positive
HILICZ_negative|IK:SLWWJZMPHJJOPH-PHDIDXHHSA-N,Pimelobacter simplex,-0.4374472781928467,3.068402908793342e-06,0.4374472781928467,negative
C18_negative|IK:CZDNLUMNELLDDD-QZFWYPLZSA-N,Streptomyces niveus,-0.4374467028742615,3.0685049686942017e-06,0.4374467028742615,negative
C18_negative|IK:CZDNLUMNELLDDD-QZFWYPLZSA-N,Paludisphaera borealis,-0.4374304998594031,3.07138065589202e-06,0.4374304998594031,negative
HILICZ_negative|IK:ODHCTXKNWHHXJC-UHFFFAOYSA-N,Streptosporangium sp. 'caverna',-0.4374180369301111,3.073594290958172e-06,0.4374180369301111,negative
HILICZ_negative|IK:AAWZDTNXLSGCEK-LNVDRNJUSA-N,Frankia inefficax,-0.43738117054415393,3.0801512385868593e-06,0.43738117054415393,negative
C18_negative|IK:BJEPYKJPYRNKOW-REOHCLBHSA-N,Friedmanniella luteola,-0.4373252153223177,3.0901285349381926e-06,0.4373252153223177,negative
HILICZ_negative|IK:PFTAWBLQPZVEMU-UHFFFAOYSA-N,Streptomyces sp. fd1-xmd,-0.4373240755977579,3.0903320746472856e-06,0.4373240755977579,negative
HILICZ_negative|IK:KCOOTJRKKIDHTM-UHFFFAOYSA-N,Sphingobium sp. YG1,0.4373193464869509,3.0911767665573307e-06,0.4373193464869509,positive
C18_positive|IK:RCFGIEPQSDGMJJ-UHFFFAOYSA-N,Streptomyces sp. fd1-xmd,-0.4372811144192994,3.0980136185606857e-06,0.4372811144192994,negative
C18_negative|NAME:,Allokutzneria albata,-0.437259889894191,3.1018152617815656e-06,0.437259889894191,negative
HILICZ_negative|NAME:,Pseudomonas psychrophila,0.43724734735750503,3.1040638975589353e-06,0.43724734735750503,positive
C18_positive|IK:LVFCLUMIBMHAFL-HMUNZLOLSA-N,Pseudomonas fragi,0.43724227632924123,3.10497347272847e-06,0.43724227632924123,positive
HILICZ_negative|IK:AAWZDTNXLSGCEK-LNVDRNJUSA-N,Actinopolymorpha singaporensis,-0.43723840143512005,3.105668670657284e-06,0.43723840143512005,negative
HILICZ_negative|IK:JVQYSWDUAOAHFM-UHFFFAOYSA-N,Pseudomonas silesiensis,0.43723470493716937,3.106331999476141e-06,0.43723470493716937,positive
HILICZ_positive|IK:SIOXPEMLGUPBBT-UHFFFAOYSA-N,Clavibacter michiganensis,-0.437226227657369,3.1078537352403468e-06,0.437226227657369,negative
C18_positive|IK:LVFCLUMIBMHAFL-HMUNZLOLSA-N,Pseudomonas sp. CMR5c,0.4372174191695604,3.1094356716456027e-06,0.4372174191695604,positive
HILICZ_negative|IK:WJAOHEPEBANKEO-UHFFFAOYSA-N,Streptomyces virus Amela,-0.4371915631784966,3.1140836043499582e-06,0.4371915631784966,negative
HILICZ_negative|IK:ODHCTXKNWHHXJC-UHFFFAOYSA-N,Opitutus sp. GAS368,-0.437189035383546,3.114538358765444e-06,0.437189035383546,negative
C18_negative|IK:KRKNYBCHXYNGOX-UHFFFAOYSA-N,Nocardiopsis gilva,-0.4371690985818775,3.1181272218024483e-06,0.4371690985818775,negative
C18_negative|IK:BJEPYKJPYRNKOW-REOHCLBHSA-N,Bradyrhizobium lablabi,-0.4371595126276241,3.1198541992962777e-06,0.4371595126276241,negative
HILICZ_positive|IK:KWIUHFFTVRNATP-UHFFFAOYSA-N,Streptomyces olivaceus,-0.43713815165414593,3.123705781689517e-06,0.43713815165414593,negative
C18_negative|IK:NGFMICBWJRZIBI-UHFFFAOYSA-N,Streptomyces hygroscopicus,-0.43713340161691716,3.1245628681158196e-06,0.43713340161691716,negative
HILICZ_negative|IK:KCOOTJRKKIDHTM-UHFFFAOYSA-N,Janibacter indicus,-0.4371332888642059,3.1245832156707695e-06,0.4371332888642059,negative
HILICZ_negative|NAME:,Pseudomonas granadensis,0.43713238880327154,3.1247456467582907e-06,0.43713238880327154,positive
HILICZ_positive|IK:KWIUHFFTVRNATP-UHFFFAOYSA-N,Micromonospora krabiensis,-0.4371240553298096,3.1262499407942604e-06,0.4371240553298096,negative
HILICZ_negative|IK:RYWDJUUPROVLNV-LXFHESFISA-N,Nocardiopsis dassonvillei,-0.43712364634465384,3.1263237852392684e-06,0.43712364634465384,negative
HILICZ_positive|IK:PUQSUZTXKPLAPR-UJPOAAIJSA-N,Candidatus Koribacter versatilis,-0.43712188795240137,3.1266412910908945e-06,0.43712188795240137,negative
C18_positive|IK:NGFMICBWJRZIBI-UHFFFAOYSA-N,Haliangium ochraceum,-0.43710844494745327,3.1290696478780373e-06,0.43710844494745327,negative
C18_positive|IK:SIKJAQJRHWYJAI-UHFFFAOYSA-N,Pseudomonas thivervalensis,0.4371048369041817,3.129721711449e-06,0.4371048369041817,positive
HILICZ_negative|IK:ROJOJPXRGHLGTC-UHFFFAOYSA-N,Lentzea guizhouensis,0.4370765880750666,3.134831420963367e-06,0.4370765880750666,positive
HILICZ_negative|IK:SLWWJZMPHJJOPH-PHDIDXHHSA-N,Streptomyces collinus,-0.43707278517464876,3.135519899620574e-06,0.43707278517464876,negative
HILICZ_negative|NAME:,Pseudomonas mendocina,0.43707202091077774,3.135658279508992e-06,0.43707202091077774,positive
HILICZ_negative|IK:VRYALKFFQXWPIH-UHFFFAOYSA-N,Pseudomonas entomophila,0.4370705990289383,3.1359157450183926e-06,0.4370705990289383,positive
HILICZ_positive|IK:COLNVLDHVKWLRT-QMMMGPOBSA-N,Lacunisphaera limnophila,-0.43705117356523715,3.1394351884461747e-06,0.43705117356523715,negative
C18_negative|NAME:,Streptomyces niveus,-0.43703102843993447,3.143088960284878e-06,0.43703102843993447,negative
HILICZ_negative|IK:AAWZDTNXLSGCEK-LNVDRNJUSA-N,Pseudomonas versuta,0.4370262872751782,3.1439494611880365e-06,0.4370262872751782,positive
C18_negative|IK:CZDNLUMNELLDDD-QZFWYPLZSA-N,Pseudomonas chlororaphis,0.4370156495943461,3.1458809644460423e-06,0.4370156495943461,positive
HILICZ_positive|IK:MMOXZBCLCQITDF-UHFFFAOYSA-N,Streptomyces gilvosporeus,0.4370083531269554,3.147206445735719e-06,0.4370083531269554,positive
HILICZ_negative|IK:JVQYSWDUAOAHFM-UHFFFAOYSA-N,Pseudomonas thivervalensis,0.43697182655509176,3.153849825640094e-06,0.43697182655509176,positive
C18_positive|NAME:,Pimelobacter simplex,-0.43694874100792663,3.1580554109334232e-06,0.43694874100792663,negative
C18_positive|IK:SIKJAQJRHWYJAI-UHFFFAOYSA-N,Pseudonocardia sp. HH130630-07,-0.43692471222462115,3.1624384576694517e-06,0.43692471222462115,negative
C18_positive|IK:ZEYHEAKUIGZSGI-UHFFFAOYSA-N,Bradyrhizobium sp. 3 85S1MB,0.4368942413291536,3.168004865491419e-06,0.4368942413291536,positive
C18_negative|IK:NGFMICBWJRZIBI-UHFFFAOYSA-N,Paucimonas lemoignei,0.436893740442998,3.168096444423109e-06,0.436893740442998,positive
HILICZ_negative|IK:JVQYSWDUAOAHFM-UHFFFAOYSA-N,Pseudomonas frederiksbergensis,0.4368928731751918,3.1682550162290344e-06,0.4368928731751918,positive
C18_positive|IK:FATBGEAMYMYZAF-KTKRTIGZSA-N,Pseudomonas sp. UW4,0.4368918955410858,3.168433776473097e-06,0.4368918955410858,positive
HILICZ_positive|IK:RGHHSNMVTDWUBI-UHFFFAOYSA-N,Pseudomonas sp. LG1D9,0.4368880677795254,3.1691337737956493e-06,0.4368880677795254,positive
C18_negative|NAME:,Actinopolymorpha singaporensis,-0.436880300848804,3.1705545911093015e-06,0.436880300848804,negative
HILICZ_positive|IK:COLNVLDHVKWLRT-QMMMGPOBSA-N,Pseudomonas sp. LBUM920,0.43686287216917447,3.173745039081004e-06,0.43686287216917447,positive
C18_negative|NAME:,Saccharopolyspora erythraea,-0.43685334559142736,3.175490231294992e-06,0.43685334559142736,negative
HILICZ_negative|IK:COLNVLDHVKWLRT-QMMMGPOBSA-N,Streptomyces violaceoruber,-0.4368224338562774,3.18115925910354e-06,0.4368224338562774,negative
HILICZ_negative|IK:AAWZDTNXLSGCEK-LNVDRNJUSA-N,Pseudomonas granadensis,0.4368181641229846,3.1819430540217163e-06,0.4368181641229846,positive
C18_positive|IK:KZSNJWFQEVHDMF-BYPYZUCNSA-N,Streptomyces venezuelae,-0.4368143266748895,3.182647650053608e-06,0.4368143266748895,negative
C18_positive|NAME:,Pseudomonas fluorescens,0.4367958490375322,3.1860424041639552e-06,0.4367958490375322,positive
HILICZ_positive|IK:WHUUTDBJXJRKMK-VKHMYHEASA-N,Pseudomonas chlororaphis,0.4367864002036911,3.1877796876447254e-06,0.4367864002036911,positive
C18_positive|IK:NJMQSVWMCODQIP-FQXXIRCGSA-N,Pseudomonas aeruginosa,0.43678293068408286,3.1884178258538647e-06,0.43678293068408286,positive
HILICZ_negative|IK:WJAOHEPEBANKEO-UHFFFAOYSA-N,Streptomyces sp. P3,0.43677593687144806,3.1897045435135893e-06,0.43677593687144806,positive
C18_negative|IK:KRKNYBCHXYNGOX-UHFFFAOYSA-N,Pseudomonas sp. 02C 26,0.4367527454824052,3.193974794189774e-06,0.4367527454824052,positive
C18_positive|IK:FATBGEAMYMYZAF-KTKRTIGZSA-N,Streptomyces lydicus,-0.436749315428219,3.194606831444493e-06,0.436749315428219,negative
C18_positive|IK:RCFGIEPQSDGMJJ-UHFFFAOYSA-N,Streptomyces sp. P3,-0.43674752787249804,3.194936261366687e-06,0.43674752787249804,negative
HILICZ_negative|IK:RYWDJUUPROVLNV-LXFHESFISA-N,Actinomadura amylolytica,-0.43674325305991385,3.1957241998138614e-06,0.43674325305991385,negative
HILICZ_negative|IK:PFTAWBLQPZVEMU-UHFFFAOYSA-N,Streptomyces albireticuli,-0.4367374957519786,3.196785683724279e-06,0.4367374957519786,negative
C18_positive|IK:MMOXZBCLCQITDF-UHFFFAOYSA-N,Pseudomonas orientalis,-0.43673585493888045,3.19708826401422e-06,0.43673585493888045,negative
C18_negative|IK:BJEPYKJPYRNKOW-REOHCLBHSA-N,Pseudarthrobacter phenanthrenivorans,-0.43670488650993766,3.202804191313654e-06,0.43670488650993766,negative
HILICZ_positive|IK:RGHHSNMVTDWUBI-UHFFFAOYSA-N,Nakamurella panacisegetis,-0.43670142565621184,3.2034435700535566e-06,0.43670142565621184,negative
C18_negative|NAME:,Intrasporangium calvum,-0.43669741435315784,3.2041847929938217e-06,0.43669741435315784,negative
C18_positive|IK:ZEYHEAKUIGZSGI-UHFFFAOYSA-N,Bradyrhizobium sp. ORS 3257,0.43668322092194534,3.206808807467337e-06,0.43668322092194534,positive
C18_positive|IK:LVFCLUMIBMHAFL-HMUNZLOLSA-N,Pseudomonas azotoformans,0.4366728365287443,3.208729911135064e-06,0.4366728365287443,positive
C18_positive|IK:NGFMICBWJRZIBI-UHFFFAOYSA-N,Lentzea guizhouensis,-0.4366506923769484,3.2128301925895e-06,0.4366506923769484,negative
HILICZ_negative|IK:VRYALKFFQXWPIH-UHFFFAOYSA-N,Streptomyces pluripotens,-0.4366019825270412,3.221866892800008e-06,0.4366019825270412,negative
HILICZ_negative|IK:PFTAWBLQPZVEMU-UHFFFAOYSA-N,Streptomyces clavuligerus,-0.4365788338769073,3.2261698677236166e-06,0.4365788338769073,negative
C18_positive|IK:UAUDZVJPLUQNMU-KTKRTIGZSA-N,Streptomyces gilvosporeus,-0.43657744992865616,3.2264272941858495e-06,0.43657744992865616,negative
HILICZ_negative|IK:PFTAWBLQPZVEMU-UHFFFAOYSA-N,Allokutzneria albata,-0.43656147390465294,3.2294003797963183e-06,0.43656147390465294,negative
HILICZ_negative|IK:VRYALKFFQXWPIH-UHFFFAOYSA-N,Homo sapiens,-0.4365600788911365,3.229660110085465e-06,0.4365600788911365,negative
HILICZ_positive|IK:COLNVLDHVKWLRT-QMMMGPOBSA-N,Pseudomonas kribbensis,0.43655972685199046,3.2297256575365517e-06,0.43655972685199046,positive
C18_negative|IK:BJEPYKJPYRNKOW-REOHCLBHSA-N,Clavibacter michiganensis,-0.4365569581589833,3.2302412143948514e-06,0.4365569581589833,negative
C18_positive|NAME:,Pseudomonas trivialis,0.43650906338428236,3.2391719921911477e-06,0.43650906338428236,positive
HILICZ_negative|IK:NGFMICBWJRZIBI-UHFFFAOYSA-N,Phycicoccus dokdonensis,-0.4365058623531774,3.2397697087122985e-06,0.4365058623531774,negative
HILICZ_positive|IK:WHUUTDBJXJRKMK-VKHMYHEASA-N,Pseudomonas sp. CMR12a,0.4365052323619279,3.239887356886457e-06,0.4365052323619279,positive
C18_negative|IK:NGFMICBWJRZIBI-UHFFFAOYSA-N,Janthinobacterium sp. 1_2014MBL_MicDiv,0.43649562562363253,3.2416818744196078e-06,0.43649562562363253,positive
HILICZ_positive|IK:KWIUHFFTVRNATP-UHFFFAOYSA-N,Tessaracoccus sp. T2.5-30,-0.43649522949274155,3.2417558909547953e-06,0.43649522949274155,negative
C18_positive|NAME:,Granulicella tundricola,-0.43647167490762667,3.246159905791367e-06,0.43647167490762667,negative
HILICZ_positive|IK:WHUUTDBJXJRKMK-VKHMYHEASA-N,Pseudomonas azotoformans,0.4364464206433337,3.250887990263991e-06,0.4364464206433337,positive
HILICZ_negative|IK:AAWZDTNXLSGCEK-LNVDRNJUSA-N,Pseudomonas sp. Z003-0.4C(8344-21),0.43641737166489014,3.2563345652358144e-06,0.43641737166489014,positive
HILICZ_negative|IK:OKVJCVWFVRATSG-UHFFFAOYSA-N,Pseudomonas sp. UW4,0.4364047222700452,3.258708973288436e-06,0.4364047222700452,positive
HILICZ_negative|IK:COLNVLDHVKWLRT-QMMMGPOBSA-N,Streptosporangium sp. 'caverna',-0.436394809467546,3.2605708409425857e-06,0.436394809467546,negative
HILICZ_positive|IK:PUQSUZTXKPLAPR-UJPOAAIJSA-N,Caulobacter flavus,0.4363849673704438,3.2624204227703515e-06,0.4363849673704438,positive
HILICZ_positive|IK:PUQSUZTXKPLAPR-UJPOAAIJSA-N,Pseudomonas antarctica,0.4363702032386725,3.2651968399143252e-06,0.4363702032386725,positive
HILICZ_negative|IK:AAWZDTNXLSGCEK-LNVDRNJUSA-N,Pseudomonas sp. LG1D9,0.4363555667676046,3.2679514538530717e-06,0.4363555667676046,positive
HILICZ_positive|IK:COLNVLDHVKWLRT-QMMMGPOBSA-N,Streptomyces fulvissimus,-0.436330759835334,3.272625184653992e-06,0.436330759835334,negative
C18_positive|NAME:,Pseudomonas cedrina,0.4363188699421432,3.274867529068273e-06,0.4363188699421432,positive
HILICZ_negative|NAME:,Pseudomonas poae,0.43630685467752633,3.2771349922840222e-06,0.43630685467752633,positive
HILICZ_negative|IK:PFTAWBLQPZVEMU-UHFFFAOYSA-N,Streptomyces olivoreticuli,-0.4362972304628036,3.278952297895079e-06,0.4362972304628036,negative
HILICZ_negative|IK:RYWDJUUPROVLNV-LXFHESFISA-N,Frankia alni,-0.4362943492048915,3.2794965405693347e-06,0.4362943492048915,negative
HILICZ_positive|IK:KWIUHFFTVRNATP-UHFFFAOYSA-N,Pseudomonas vancouverensis,0.4362517298239501,3.28755691863245e-06,0.4362517298239501,positive
HILICZ_positive|IK:PUQSUZTXKPLAPR-UJPOAAIJSA-N,Pseudomonas sp. CMR5c,0.4362368773853945,3.290370277307095e-06,0.4362368773853945,positive
HILICZ_positive|IK:KWIUHFFTVRNATP-UHFFFAOYSA-N,Pseudomonas entomophila,0.43623468538494986,3.2907856800577757e-06,0.43623468538494986,positive
HILICZ_negative|IK:OKVJCVWFVRATSG-UHFFFAOYSA-N,Pseudomonas sp. S09G 359,0.4362319248454643,3.29130889629492e-06,0.4362319248454643,positive
HILICZ_negative|IK:ROJOJPXRGHLGTC-UHFFFAOYSA-N,Jiangella sp. DSM 45060,0.4362059315201337,3.2962393725632417e-06,0.4362059315201337,positive
C18_negative|NAME:,Streptomyces sp. NEAU-S7GS2,-0.43619029534068254,3.299208641312172e-06,0.43619029534068254,negative
HILICZ_negative|IK:JVQYSWDUAOAHFM-UHFFFAOYSA-N,Sphingobium yanoikuyae,0.4361538423695793,3.306140779827691e-06,0.4361538423695793,positive
C18_positive|NAME:,Pseudomonas mucidolens,0.43613173125938,3.310352278064872e-06,0.43613173125938,positive
C18_positive|IK:SHGAZHPCJJPHSC-UHFFFAOYSA-N,Pseudomonas frederiksbergensis,0.43611771658626963,3.3130242737382207e-06,0.43611771658626963,positive
C18_positive|IK:SIKJAQJRHWYJAI-UHFFFAOYSA-N,Pseudomonas sp. 7SR1,0.43610417156858383,3.3156086626693034e-06,0.43610417156858383,positive
HILICZ_negative|IK:CDAISMWEOUEBRE-UHFFFAOYSA-N,Nocardioides sp. CF8,-0.4360983666147009,3.316716830664665e-06,0.4360983666147009,negative
HILICZ_positive|IK:COLNVLDHVKWLRT-QMMMGPOBSA-N,Pseudomonas sp. UW4,0.4360943111051937,3.31749123666743e-06,0.4360943111051937,positive
C18_negative|IK:SMUMBCREXHTKFN-VZOUQOBNSA-N,Pseudomonas monteilii,0.4360811406656382,3.3200073315187924e-06,0.4360811406656382,positive
HILICZ_negative|IK:KCOOTJRKKIDHTM-UHFFFAOYSA-N,Pseudonocardia dioxanivorans,-0.43606458405919796,3.3231728812697965e-06,0.43606458405919796,negative
C18_positive|IK:RCFGIEPQSDGMJJ-UHFFFAOYSA-N,Streptomyces katrae,-0.4360516409211494,3.3256495377197955e-06,0.4360516409211494,negative
HILICZ_positive|IK:MMOXZBCLCQITDF-UHFFFAOYSA-N,Micromonospora purpureochromogenes,0.4360099066989284,3.333647221773681e-06,0.4360099066989284,positive
C18_positive|IK:MMOXZBCLCQITDF-UHFFFAOYSA-N,Pseudomonas rhodesiae,-0.4359895833900459,3.3375484288463944e-06,0.4359895833900459,negative
C18_positive|IK:FATBGEAMYMYZAF-KTKRTIGZSA-N,Pseudomonas putida,0.4359676132062312,3.341770617239713e-06,0.4359676132062312,positive
C18_negative|IK:BJEPYKJPYRNKOW-REOHCLBHSA-N,Pseudomonas silesiensis,0.43596204672986966,3.3428411731408e-06,0.43596204672986966,positive
C18_positive|IK:RGHHSNMVTDWUBI-UHFFFAOYSA-N,Pseudomonas mandelii,0.4359426272742885,3.3465784993684664e-06,0.4359426272742885,positive
HILICZ_negative|NAME:,Streptomyces fungicidicus,-0.435927414906898,3.349508917321747e-06,0.435927414906898,negative
HILICZ_positive|IK:COLNVLDHVKWLRT-QMMMGPOBSA-N,Pseudomonas antarctica,0.4359087077516562,3.3531158737471093e-06,0.4359087077516562,positive
C18_positive|NAME:,Streptomyces virus R4,0.43590329246649806,3.354160688225403e-06,0.43590329246649806,positive
HILICZ_negative|IK:VRYALKFFQXWPIH-UHFFFAOYSA-N,Paludisphaera borealis,-0.43589321357283034,3.356106109197463e-06,0.43589321357283034,negative
C18_positive|IK:RCFGIEPQSDGMJJ-UHFFFAOYSA-N,Streptomyces albireticuli,-0.43588933151372883,3.3568557058576244e-06,0.43588933151372883,negative
C18_positive|IK:NJMQSVWMCODQIP-FQXXIRCGSA-N,Pseudomonas sp. 31-12,0.4358873615978592,3.3572361424168836e-06,0.4358873615978592,positive
HILICZ_positive|IK:RGHHSNMVTDWUBI-UHFFFAOYSA-N,Streptosporangium sp. 'caverna',-0.43588462105464154,3.357765472791014e-06,0.43588462105464154,negative
HILICZ_negative|IK:CDAISMWEOUEBRE-UHFFFAOYSA-N,Nocardioides sp. 603,-0.43588321777336353,3.358036544252339e-06,0.43588321777336353,negative
HILICZ_positive|IK:PUQSUZTXKPLAPR-UJPOAAIJSA-N,Pseudomonas tolaasii,0.43586032403076785,3.362461843433318e-06,0.43586032403076785,positive
HILICZ_positive|IK:PUQSUZTXKPLAPR-UJPOAAIJSA-N,Pseudomonas sp. S09G 359,0.4358244566029256,3.3694060008113267e-06,0.4358244566029256,positive
HILICZ_negative|IK:COLNVLDHVKWLRT-QMMMGPOBSA-N,Opitutus sp. GAS368,-0.4358066559839614,3.3728573400928634e-06,0.4358066559839614,negative
HILICZ_positive|IK:PUQSUZTXKPLAPR-UJPOAAIJSA-N,Pseudomonas brenneri,0.4358035889947609,3.3734523319224714e-06,0.4358035889947609,positive
HILICZ_positive|IK:COLNVLDHVKWLRT-QMMMGPOBSA-N,Amycolatopsis methanolica,-0.43580129947641283,3.373896560081356e-06,0.43580129947641283,negative
HILICZ_negative|IK:ODHCTXKNWHHXJC-UHFFFAOYSA-N,Streptomyces rubrolavendulae,-0.4357998730044503,3.374173361964284e-06,0.4357998730044503,negative
C18_negative|IK:SMUMBCREXHTKFN-VZOUQOBNSA-N,Streptomyces sp. 2323.1,-0.4357980085706634,3.374535181151085e-06,0.4357980085706634,negative
C18_negative|IK:BJEPYKJPYRNKOW-REOHCLBHSA-N,Nocardioides sp. 78,-0.435770260722146,3.3799243694710988e-06,0.435770260722146,negative
C18_positive|IK:RCFGIEPQSDGMJJ-UHFFFAOYSA-N,Pseudomonas alkylphenolica,0.4357585930583288,3.382192891149147e-06,0.4357585930583288,positive
C18_negative|IK:KRKNYBCHXYNGOX-UHFFFAOYSA-N,Nocardiopsis dassonvillei,-0.4357398288099898,3.385844205428779e-06,0.4357398288099898,negative
C18_negative|IK:ROJOJPXRGHLGTC-UHFFFAOYSA-N,Janthinobacterium svalbardensis,-0.43572601410537315,3.3885347733087207e-06,0.43572601410537315,negative
C18_negative|NAME:,Pseudomonas taetrolens,0.4357253306354991,3.3886679391191277e-06,0.4357253306354991,positive
C18_positive|IK:LVFCLUMIBMHAFL-HMUNZLOLSA-N,Streptomyces globisporus,-0.4357168126199541,3.3903279859113403e-06,0.4357168126199541,negative
C18_positive|IK:FATBGEAMYMYZAF-KTKRTIGZSA-N,Streptomyces gilvosporeus,-0.43571159516952257,3.3913451762984538e-06,0.43571159516952257,negative
HILICZ_negative|IK:PFTAWBLQPZVEMU-UHFFFAOYSA-N,Streptomyces niveus,-0.43571077314040785,3.39150546479346e-06,0.43571077314040785,negative
HILICZ_negative|IK:COLNVLDHVKWLRT-QMMMGPOBSA-N,Nocardiopsis dassonvillei,-0.43570084303348605,3.3934423144181395e-06,0.43570084303348605,negative
HILICZ_positive|IK:FVXDQWZBHIXIEJ-LNDKUQBDSA-N,Kitasatospora aureofaciens,-0.4356956855039114,3.394448693633751e-06,0.4356956855039114,negative
HILICZ_positive|IK:PUQSUZTXKPLAPR-UJPOAAIJSA-N,Nocardioides sp. JS614,-0.43569209111007356,3.3951502277851437e-06,0.43569209111007356,negative
C18_positive|NAME:,Pseudomonas yamanorum,0.43568666954832896,3.396208637710582e-06,0.43568666954832896,positive
C18_positive|IK:NJMQSVWMCODQIP-FQXXIRCGSA-N,Streptomyces sp. WAC00288,-0.4356759566639319,3.3983009485796032e-06,0.4356759566639319,negative
HILICZ_negative|IK:YCIMNLLNPGFGHC-UHFFFAOYSA-N,Pseudarthrobacter equi,-0.43565371310770834,3.4026491806216997e-06,0.43565371310770834,negative
C18_positive|IK:NJMQSVWMCODQIP-FQXXIRCGSA-N,Streptomyces virus Caliburn,0.43565174384459604,3.4030343908022337e-06,0.43565174384459604,positive
C18_negative|NAME:,Pseudomonas synxantha,0.43564578640245716,3.4041999848558445e-06,0.43564578640245716,positive
HILICZ_negative|IK:WJAOHEPEBANKEO-UHFFFAOYSA-N,Pseudomonas lurida,-0.4356379576795219,3.405732274934029e-06,0.4356379576795219,negative
HILICZ_negative|IK:COLNVLDHVKWLRT-QMMMGPOBSA-N,Pantoea agglomerans,0.43562621574702187,3.408031706197502e-06,0.43562621574702187,positive
HILICZ_negative|IK:GHOKWGTUZJEAQD-UHFFFAOYSA-N,Haliangium ochraceum,-0.43561442661521843,3.4103418560386814e-06,0.43561442661521843,negative
HILICZ_negative|NAME:,Pseudomonas plecoglossicida,0.4356124546366698,3.410728421252414e-06,0.4356124546366698,positive
C18_positive|IK:SIKJAQJRHWYJAI-UHFFFAOYSA-N,Amycolatopsis mediterranei,-0.43561060792969863,3.4110904671240442e-06,0.43561060792969863,negative
HILICZ_negative|IK:ODHCTXKNWHHXJC-UHFFFAOYSA-N,Nonomuraea sp. ATCC 55076,-0.4355952585618804,3.414101107462044e-06,0.4355952585618804,negative
HILICZ_negative|IK:OKVJCVWFVRATSG-UHFFFAOYSA-N,Streptomyces albireticuli,-0.43558824057494544,3.4154784585473414e-06,0.43558824057494544,negative
C18_positive|IK:RCFGIEPQSDGMJJ-UHFFFAOYSA-N,Pseudomonas agarici,0.43556235921713565,3.4205624765069363e-06,0.43556235921713565,positive
C18_positive|IK:RGHHSNMVTDWUBI-UHFFFAOYSA-N,Jiangella sp. DSM 45060,-0.4355500988273146,3.42297334733332e-06,0.4355500988273146,negative
HILICZ_negative|IK:AAWZDTNXLSGCEK-LNVDRNJUSA-N,Saccharopolyspora erythraea,-0.4355314247123013,3.4266484915089874e-06,0.4355314247123013,negative
HILICZ_negative|IK:GHOKWGTUZJEAQD-UHFFFAOYSA-N,Frankia alni,-0.43550983993267744,3.4309011112426626e-06,0.43550983993267744,negative
HILICZ_negative|NAME:,Pseudomonas chlororaphis,0.4354751760049068,3.437741011161793e-06,0.4354751760049068,positive
HILICZ_positive|IK:WHUUTDBJXJRKMK-VKHMYHEASA-N,Pseudomonas entomophila,0.43545675704716363,3.441380686275816e-06,0.43545675704716363,positive
HILICZ_negative|IK:PFTAWBLQPZVEMU-UHFFFAOYSA-N,Nakamurella panacisegetis,-0.43543955305746146,3.444783565693699e-06,0.43543955305746146,negative
C18_positive|IK:FATBGEAMYMYZAF-KTKRTIGZSA-N,Pseudomonas versuta,0.4354269183386491,3.447284686065351e-06,0.4354269183386491,positive
C18_negative|NAME:,Frankia sp. QA3,-0.4354151873493126,3.4496084434082777e-06,0.4354151873493126,negative
HILICZ_negative|IK:COLNVLDHVKWLRT-QMMMGPOBSA-N,Streptosporangium roseum,-0.435391739173913,3.4542576595579397e-06,0.435391739173913,negative
C18_negative|IK:SMUMBCREXHTKFN-VZOUQOBNSA-N,Pseudomonas sp. DR 5-09,0.43539106641083525,3.4543911398092973e-06,0.43539106641083525,positive
C18_negative|IK:RHBSLIMVGWKFQW-UHFFFAOYSA-N,Massilia sp. WG5,-0.4353847988074188,3.4556349042955615e-06,0.4353847988074188,negative
HILICZ_positive|IK:MMOXZBCLCQITDF-UHFFFAOYSA-N,Micromonospora echinaurantiaca,0.4353753192447462,3.4575168647120728e-06,0.4353753192447462,positive
HILICZ_positive|IK:WHUUTDBJXJRKMK-VKHMYHEASA-N,Streptomyces sp. Mg1,-0.43535720191195054,3.461116359896527e-06,0.43535720191195054,negative
C18_positive|IK:ZEYHEAKUIGZSGI-UHFFFAOYSA-N,Bradyrhizobium sp. CCGE-LA001,0.4353525359381185,3.462043954119186e-06,0.4353525359381185,positive
C18_negative|NAME:,Pseudomonas sp. LAB-08,0.43534449341234943,3.4636433571601487e-06,0.43534449341234943,positive
HILICZ_negative|IK:PFTAWBLQPZVEMU-UHFFFAOYSA-N,Nocardioides sp. 78,-0.4353366938638832,3.465195106420699e-06,0.4353366938638832,negative
C18_positive|NAME:,Marmoricola scoriae,-0.43532626139904834,3.4672717109485006e-06,0.43532626139904834,negative
HILICZ_negative|IK:PFTAWBLQPZVEMU-UHFFFAOYSA-N,Rhodococcus ruber,-0.4353084778317922,3.470814278495071e-06,0.4353084778317922,negative
C18_positive|IK:FATBGEAMYMYZAF-KTKRTIGZSA-N,Pseudomonas fluorescens,0.4352822565100721,3.4760439233259417e-06,0.4352822565100721,positive
C18_positive|IK:NJMQSVWMCODQIP-FQXXIRCGSA-N,Pseudomonas sp. DR 5-09,0.43527007869655676,3.4784752268810387e-06,0.43527007869655676,positive
HILICZ_positive|IK:SIOXPEMLGUPBBT-UHFFFAOYSA-N,Nocardioides sp. 603,-0.4352699221085549,3.4785065001739824e-06,0.4352699221085549,negative
C18_negative|IK:SMUMBCREXHTKFN-VZOUQOBNSA-N,Blastococcus saxobsidens,-0.43525761801948865,3.4809646670424648e-06,0.43525761801948865,negative
C18_positive|IK:MMOXZBCLCQITDF-UHFFFAOYSA-N,Pseudomonas tolaasii,-0.43524517410394065,3.48345243810541e-06,0.43524517410394065,negative
C18_positive|IK:RCFGIEPQSDGMJJ-UHFFFAOYSA-N,Streptomyces antibioticus,-0.43524511563724666,3.483464130652415e-06,0.43524511563724666,negative
C18_positive|IK:RGHHSNMVTDWUBI-UHFFFAOYSA-N,Pseudomonas tolaasii,0.43524063079395403,3.484361149082636e-06,0.43524063079395403,positive
C18_positive|IK:LVFCLUMIBMHAFL-HMUNZLOLSA-N,Pseudomonas stutzeri,0.4352288660869504,3.4867152581332413e-06,0.4352288660869504,positive
HILICZ_negative|IK:ROJOJPXRGHLGTC-UHFFFAOYSA-N,Kitasatospora aureofaciens,0.4352040571963872,3.4916844242629057e-06,0.4352040571963872,positive
HILICZ_positive|IK:WHUUTDBJXJRKMK-VKHMYHEASA-N,Pseudomonas sp. LBUM920,0.4352029677096068,3.4919027993386337e-06,0.4352029677096068,positive
C18_negative|IK:CZDNLUMNELLDDD-QZFWYPLZSA-N,Streptomyces cattleya,-0.435174673567908,3.4975785544986933e-06,0.435174673567908,negative
C18_positive|IK:NJMQSVWMCODQIP-FQXXIRCGSA-N,Pseudomonas cedrina,0.4351683545285447,3.498847332648844e-06,0.4351683545285447,positive
HILICZ_positive|IK:KWIUHFFTVRNATP-UHFFFAOYSA-N,Streptomyces sp. CB09001,-0.43516004654266405,3.5005161261302928e-06,0.43516004654266405,negative
C18_negative|IK:SMUMBCREXHTKFN-VZOUQOBNSA-N,Pseudomonas sp. NC02,0.4351391704289064,3.5047127505946086e-06,0.4351391704289064,positive
C18_positive|IK:SIKJAQJRHWYJAI-UHFFFAOYSA-N,Micromonospora krabiensis,-0.4351250638686148,3.5075512146989876e-06,0.4351250638686148,negative
HILICZ_negative|IK:COLNVLDHVKWLRT-QMMMGPOBSA-N,Pseudomonas sp. 02C 26,0.43512314404849756,3.5079376808563027e-06,0.43512314404849756,positive
C18_positive|IK:MMOXZBCLCQITDF-UHFFFAOYSA-N,Phycicoccus dokdonensis,0.43509744082422264,3.5131157010184488e-06,0.43509744082422264,positive
C18_positive|IK:LVFCLUMIBMHAFL-HMUNZLOLSA-N,Pseudonocardia dioxanivorans,-0.4350904624525093,3.514522768401168e-06,0.4350904624525093,negative
HILICZ_negative|IK:YCIMNLLNPGFGHC-UHFFFAOYSA-N,Pseudarthrobacter chlorophenolicus,-0.4350702765824306,3.5185958960710402e-06,0.4350702765824306,negative
C18_negative|IK:BJEPYKJPYRNKOW-REOHCLBHSA-N,Streptomyces anulatus,-0.43506187805871027,3.5202918729230806e-06,0.43506187805871027,negative
C18_negative|IK:KRKNYBCHXYNGOX-UHFFFAOYSA-N,Pseudomonas mendocina,0.43503974293146386,3.524765485496885e-06,0.43503974293146386,positive
HILICZ_negative|IK:PFTAWBLQPZVEMU-UHFFFAOYSA-N,Frankia alni,-0.4350384536610096,3.525026218513452e-06,0.4350384536610096,negative
C18_negative|IK:SMUMBCREXHTKFN-VZOUQOBNSA-N,Pseudomonas antarctica,0.4349957829661909,3.533665927791703e-06,0.4349957829661909,positive
C18_positive|IK:SIKJAQJRHWYJAI-UHFFFAOYSA-N,Pseudomonas entomophila,0.43497818227230867,3.5372354356715558e-06,0.43497818227230867,positive
C18_positive|IK:RCFGIEPQSDGMJJ-UHFFFAOYSA-N,Streptomyces sp. Z022,-0.4349638309800148,3.540148469389044e-06,0.4349638309800148,negative
C18_positive|IK:UAUDZVJPLUQNMU-KTKRTIGZSA-N,Rhizobium leguminosarum,0.43495794838231744,3.5413431772077786e-06,0.43495794838231744,positive
HILICZ_negative|IK:OKVJCVWFVRATSG-UHFFFAOYSA-N,Pseudomonas prosekii,0.4349337528266835,3.5462611039778422e-06,0.4349337528266835,positive
HILICZ_positive|IK:MMOXZBCLCQITDF-UHFFFAOYSA-N,Streptosporangium roseum,0.43492458418534,3.548126383532773e-06,0.43492458418534,positive
HILICZ_positive|IK:MMOXZBCLCQITDF-UHFFFAOYSA-N,Actinopolymorpha singaporensis,0.43487569944375287,3.5580872082992043e-06,0.43487569944375287,positive
HILICZ_positive|IK:COLNVLDHVKWLRT-QMMMGPOBSA-N,Paludisphaera borealis,-0.4348743690304851,3.5583586640713503e-06,0.4348743690304851,negative
HILICZ_positive|IK:RGHHSNMVTDWUBI-UHFFFAOYSA-N,Pseudomonas chlororaphis,0.4348536425377802,3.5625901975516754e-06,0.4348536425377802,positive
C18_positive|IK:SIKJAQJRHWYJAI-UHFFFAOYSA-N,Pseudomonas silesiensis,0.434846216377797,3.564107483226787e-06,0.434846216377797,positive
C18_negative|IK:CZDNLUMNELLDDD-QZFWYPLZSA-N,Amycolatopsis mediterranei,-0.43484391370944087,3.564578079915334e-06,0.43484391370944087,negative
HILICZ_negative|IK:AAWZDTNXLSGCEK-LNVDRNJUSA-N,Plantactinospora sp. KBS50,-0.4348384857168088,3.5656876318704968e-06,0.4348384857168088,negative
HILICZ_negative|IK:RYWDJUUPROVLNV-LXFHESFISA-N,Thermobispora bispora,-0.43483439761124915,3.5665235089352123e-06,0.43483439761124915,negative
HILICZ_positive|IK:COLNVLDHVKWLRT-QMMMGPOBSA-N,Micromonospora echinaurantiaca,-0.43483397522118106,3.5666098837342745e-06,0.43483397522118106,negative
HILICZ_positive|IK:COLNVLDHVKWLRT-QMMMGPOBSA-N,Plantactinospora sp. KBS50,-0.4348269770500437,3.568041231556726e-06,0.4348269770500437,negative
HILICZ_negative|IK:PFTAWBLQPZVEMU-UHFFFAOYSA-N,Pseudomonas thivervalensis,0.43482575150053815,3.5682919511022436e-06,0.43482575150053815,positive
HILICZ_positive|IK:COLNVLDHVKWLRT-QMMMGPOBSA-N,Saccharopolyspora erythraea,-0.4348168815262116,3.5701070421826583e-06,0.4348168815262116,negative
C18_negative|IK:WJAOHEPEBANKEO-UHFFFAOYSA-N,Bradyrhizobium ottawaense,0.4348094320416702,3.5716321276904144e-06,0.4348094320416702,positive
C18_negative|NAME:,Micromonospora rifamycinica,-0.43478847391113135,3.5759260539706874e-06,0.43478847391113135,negative
HILICZ_negative|IK:AAWZDTNXLSGCEK-LNVDRNJUSA-N,Pseudomonas kribbensis,0.4347831320316495,3.5770212840507525e-06,0.4347831320316495,positive
HILICZ_positive|IK:MMOXZBCLCQITDF-UHFFFAOYSA-N,Nocardiopsis dassonvillei,0.43475988266145593,3.581791726675377e-06,0.43475988266145593,positive
HILICZ_positive|IK:RGHHSNMVTDWUBI-UHFFFAOYSA-N,Pseudomonas sp. CMR12a,0.43475956570915253,3.581856802316375e-06,0.43475956570915253,positive
C18_negative|IK:CZDNLUMNELLDDD-QZFWYPLZSA-N,Methylosinus trichosporium,-0.4347568091847206,3.582422810258214e-06,0.4347568091847206,negative
HILICZ_positive|IK:RGHHSNMVTDWUBI-UHFFFAOYSA-N,Pseudomonas parafulva,0.4347512813479056,3.583558117205903e-06,0.4347512813479056,positive
HILICZ_negative|IK:JVQYSWDUAOAHFM-UHFFFAOYSA-N,Planctomyces sp. SH-PL62,-0.434750674676658,3.5836827360208444e-06,0.434750674676658,negative
HILICZ_negative|NAME:,Pseudomonas syringae,0.4347384394543545,3.5861968968638006e-06,0.4347384394543545,positive
C18_negative|IK:BJEPYKJPYRNKOW-REOHCLBHSA-N,Streptomyces bingchenggensis,-0.4347354878954408,3.5868036488254334e-06,0.4347354878954408,negative
C18_positive|IK:LVFCLUMIBMHAFL-HMUNZLOLSA-N,Streptomyces fulvissimus,-0.4347257751575341,3.5888009809790197e-06,0.4347257751575341,negative
C18_positive|IK:LVFCLUMIBMHAFL-HMUNZLOLSA-N,Pseudomonas yamanorum,0.43472403642468616,3.589158645699023e-06,0.43472403642468616,positive
HILICZ_positive|IK:FVXDQWZBHIXIEJ-LNDKUQBDSA-N,Kitasatospora sp. MMS16-BH015,-0.43471281730848915,3.5914672751330014e-06,0.43471281730848915,negative
HILICZ_negative|IK:JVQYSWDUAOAHFM-UHFFFAOYSA-N,Paludisphaera borealis,-0.43470792911417133,3.592473588846123e-06,0.43470792911417133,negative
HILICZ_negative|NAME:,Pseudomonas sp. Z003-0.4C(8344-21),0.4346995478488862,3.594199627453959e-06,0.4346995478488862,positive
HILICZ_negative|IK:AAWZDTNXLSGCEK-LNVDRNJUSA-N,Streptomyces anulatus,-0.43469805289766217,3.5945075801668854e-06,0.43469805289766217,negative
C18_negative|NAME:,Pseudomonas sp. 7SR1,0.4346866784150806,3.596851484848091e-06,0.4346866784150806,positive
HILICZ_positive|IK:SIOXPEMLGUPBBT-UHFFFAOYSA-N,Nocardioides dokdonensis,-0.4346812093568823,3.5979789907541536e-06,0.4346812093568823,negative
HILICZ_negative|IK:OKVJCVWFVRATSG-UHFFFAOYSA-N,Streptomyces xinghaiensis,-0.4346540660348352,3.6035798240280654e-06,0.4346540660348352,negative
HILICZ_negative|IK:COLNVLDHVKWLRT-QMMMGPOBSA-N,Streptomyces cattleya,-0.43464611644635176,3.6052217240998146e-06,0.43464611644635176,negative
C18_positive|IK:NJMQSVWMCODQIP-FQXXIRCGSA-N,Pseudomonas orientalis,0.4346403874499437,3.606405423388013e-06,0.4346403874499437,positive
HILICZ_negative|IK:JVQYSWDUAOAHFM-UHFFFAOYSA-N,Pseudomonas vancouverensis,0.4346070715330774,3.6132962850695056e-06,0.4346070715330774,positive
C18_negative|NAME:,Streptomyces sp. WAC00288,-0.43457974824639833,3.618956947827132e-06,0.43457974824639833,negative
C18_positive|IK:SIKJAQJRHWYJAI-UHFFFAOYSA-N,Pseudomonas sp. CMR12a,0.43455579122924803,3.6239270994656457e-06,0.43455579122924803,positive
C18_negative|IK:ROJOJPXRGHLGTC-UHFFFAOYSA-N,Janthinobacterium agaricidamnosum,-0.4345515952307366,3.624798269600174e-06,0.4345515952307366,negative
C18_positive|IK:SIKJAQJRHWYJAI-UHFFFAOYSA-N,Pseudomonas taetrolens,0.43452168022024074,3.631014936878898e-06,0.43452168022024074,positive
HILICZ_negative|NAME:,Pseudomonas yamanorum,0.4344780282176535,3.6401043730153997e-06,0.4344780282176535,positive
HILICZ_positive|IK:COLNVLDHVKWLRT-QMMMGPOBSA-N,Pseudomonas cedrina,0.4344682263296105,3.642148323262173e-06,0.4344682263296105,positive
HILICZ_negative|IK:DRTQHJPVMGBUCF-UHFFFAOYSA-N,Pseudomonas mendocina,0.4344542785938588,3.645058660107087e-06,0.4344542785938588,positive
C18_negative|IK:BJEPYKJPYRNKOW-REOHCLBHSA-N,Streptomyces niveus,-0.43444933951478626,3.6460897756916697e-06,0.43444933951478626,negative
HILICZ_negative|IK:CDAISMWEOUEBRE-UHFFFAOYSA-N,Nocardioides dokdonensis,-0.43444593532420106,3.6468006179377912e-06,0.43444593532420106,negative
C18_negative|NAME:,Pseudomonas stutzeri,0.43441113154647965,3.654075643956299e-06,0.43441113154647965,positive
HILICZ_positive|IK:RGHHSNMVTDWUBI-UHFFFAOYSA-N,Homo sapiens,-0.43439216308644935,3.6580463861012436e-06,0.43439216308644935,negative
HILICZ_positive|IK:WHUUTDBJXJRKMK-VKHMYHEASA-N,Homo sapiens,-0.4343824255601145,3.6600863634120033e-06,0.4343824255601145,negative
HILICZ_negative|IK:COLNVLDHVKWLRT-QMMMGPOBSA-N,Pseudomonas thivervalensis,0.43437412702238215,3.661825725709714e-06,0.43437412702238215,positive
C18_positive|IK:SIKJAQJRHWYJAI-UHFFFAOYSA-N,Streptomyces virus Caliburn,0.4343586463437061,3.6650725418895685e-06,0.4343586463437061,positive
HILICZ_positive|IK:PUQSUZTXKPLAPR-UJPOAAIJSA-N,Pseudomonas putida,0.43431327113497525,3.674604913299269e-06,0.43431327113497525,positive
HILICZ_negative|IK:KCOOTJRKKIDHTM-UHFFFAOYSA-N,Streptomyces rubrolavendulae,-0.43428876325693394,3.6797632345059207e-06,0.43428876325693394,negative
C18_positive|IK:LVFCLUMIBMHAFL-HMUNZLOLSA-N,Pseudomonas alkylphenolica,0.4342811122495689,3.681374988577674e-06,0.4342811122495689,positive
C18_positive|IK:NGFMICBWJRZIBI-UHFFFAOYSA-N,Variovorax sp. HW608,-0.43427931741235987,3.6817531838520624e-06,0.43427931741235987,negative
C18_positive|IK:MDMCODCJMHTFIZ-UHFFFAOYSA-N,Janthinobacterium sp. LM6,-0.4342786836754471,3.6818867291326664e-06,0.4342786836754471,negative
HILICZ_negative|IK:OKVJCVWFVRATSG-UHFFFAOYSA-N,Pseudomonas mendocina,0.43426477824944004,3.684818125284569e-06,0.43426477824944004,positive
HILICZ_positive|IK:COLNVLDHVKWLRT-QMMMGPOBSA-N,Pseudomonas brenneri,0.43426244097863015,3.6853110605582243e-06,0.43426244097863015,positive
C18_positive|IK:NJMQSVWMCODQIP-FQXXIRCGSA-N,Pseudomonas agarici,0.43425856777765115,3.6861280638223936e-06,0.43425856777765115,positive
C18_negative|NAME:,Pseudopropionibacterium propionicum,-0.4342423789747134,3.689544741297122e-06,0.4342423789747134,negative
HILICZ_negative|NAME:,Streptomyces sp. CB09001,-0.434242007353681,3.689623207726736e-06,0.434242007353681,negative
HILICZ_positive|IK:RGHHSNMVTDWUBI-UHFFFAOYSA-N,Pseudomonas sp. URMO17WK12:I11,0.43423906048543803,3.6902454840458165e-06,0.43423906048543803,positive
C18_positive|IK:RGHHSNMVTDWUBI-UHFFFAOYSA-N,Pseudomonas moraviensis,0.4342355366818496,3.690989719223921e-06,0.4342355366818496,positive
HILICZ_positive|IK:MMOXZBCLCQITDF-UHFFFAOYSA-N,Streptomyces fulvissimus,0.4342281047442431,3.6925598258314466e-06,0.4342281047442431,positive
HILICZ_negative|IK:OKVJCVWFVRATSG-UHFFFAOYSA-N,Nakamurella multipartita,-0.434209622447777,3.6964672195062245e-06,0.434209622447777,negative
C18_negative|IK:BJEPYKJPYRNKOW-REOHCLBHSA-N,Friedmanniella sagamiharensis,-0.4341939486503084,3.6997839203975628e-06,0.4341939486503084,negative
C18_positive|NAME:,Pseudomonas entomophila,0.4341913349101762,3.700337282073832e-06,0.4341913349101762,positive
C18_positive|NAME:,Pseudomonas extremorientalis,0.4341885250695377,3.700932247880076e-06,0.4341885250695377,positive
HILICZ_negative|IK:PFTAWBLQPZVEMU-UHFFFAOYSA-N,Pseudomonas putida,0.43417063505333076,3.704722463984943e-06,0.43417063505333076,positive
C18_negative|IK:SMUMBCREXHTKFN-VZOUQOBNSA-N,Oligotropha carboxidovorans,-0.43416373761846466,3.7061847478713335e-06,0.43416373761846466,negative
C18_positive|IK:MMOXZBCLCQITDF-UHFFFAOYSA-N,Pseudomonas sp. 7SR1,-0.43415664593269016,3.7076887820879625e-06,0.43415664593269016,negative
C18_positive|NAME:,Pseudomonas extremaustralis,0.43415613662168206,3.707796821069128e-06,0.43415613662168206,positive
HILICZ_positive|IK:MMOXZBCLCQITDF-UHFFFAOYSA-N,Pseudomonas sp. StFLB209,-0.4341494804950259,3.7092090433915807e-06,0.4341494804950259,negative
C18_positive|IK:RGHHSNMVTDWUBI-UHFFFAOYSA-N,Pseudomonas stutzeri,0.4341207948272611,3.715301061199814e-06,0.4341207948272611,positive
HILICZ_negative|IK:OKVJCVWFVRATSG-UHFFFAOYSA-N,Pseudomonas sp. R5-89-07,0.43410841436091935,3.717933237475832e-06,0.43410841436091935,positive
HILICZ_positive|IK:PUQSUZTXKPLAPR-UJPOAAIJSA-N,Pseudomonas silesiensis,0.4341017554695407,3.7193496940220705e-06,0.4341017554695407,positive
HILICZ_negative|IK:SLWWJZMPHJJOPH-PHDIDXHHSA-N,Mesorhizobium ciceri,0.4340946587015842,3.720859855206962e-06,0.4340946587015842,positive
HILICZ_positive|IK:MMOXZBCLCQITDF-UHFFFAOYSA-N,Actinoplanes sp. N902-109,0.43406974758845107,3.726165416576456e-06,0.43406974758845107,positive
C18_positive|IK:KZSNJWFQEVHDMF-BYPYZUCNSA-N,Streptomyces sp. RTd22,-0.43406444484474743,3.7272957152908284e-06,0.43406444484474743,negative
C18_positive|IK:FATBGEAMYMYZAF-KTKRTIGZSA-N,Pseudomonas plecoglossicida,0.43406391521139065,3.7274086263128125e-06,0.43406391521139065,positive
C18_negative|IK:SMUMBCREXHTKFN-VZOUQOBNSA-N,Cellulomonas fimi,-0.4340586179868915,3.7285381042113526e-06,0.4340586179868915,negative
HILICZ_negative|IK:PFTAWBLQPZVEMU-UHFFFAOYSA-N,Streptomyces globosus,-0.43405732381879397,3.7288140967630853e-06,0.43405732381879397,negative
HILICZ_negative|IK:AAWZDTNXLSGCEK-LNVDRNJUSA-N,Pseudomonas brenneri,0.4340386365941174,3.732801460611233e-06,0.4340386365941174,positive
HILICZ_positive|IK:MSWZFWKMSRAUBD-UHFFFAOYSA-N,Rhizobium jaguaris,0.43402409749065446,3.735906509117273e-06,0.43402409749065446,positive
C18_positive|NAME:,Pseudomonas sp. LG1E9,0.43402177258009245,3.7364032555882733e-06,0.43402177258009245,positive
HILICZ_negative|IK:GHOKWGTUZJEAQD-UHFFFAOYSA-N,Friedmanniella luteola,-0.43399369403072774,3.7424075200949538e-06,0.43399369403072774,negative
C18_negative|IK:SMUMBCREXHTKFN-VZOUQOBNSA-N,Streptomyces virus R4,0.4339924894550293,3.7426653080499962e-06,0.4339924894550293,positive
C18_positive|IK:RGHHSNMVTDWUBI-UHFFFAOYSA-N,Pseudomonas syringae,0.43399182253705865,3.742808040556073e-06,0.43399182253705865,positive
HILICZ_negative|NAME:,Caulobacter flavus,0.4339770377825528,3.7459735659340884e-06,0.4339770377825528,positive
C18_positive|IK:UAUDZVJPLUQNMU-KTKRTIGZSA-N,Streptomyces sp. WAC00288,-0.43396799268071895,3.7479114356535717e-06,0.43396799268071895,negative
C18_negative|IK:WJAOHEPEBANKEO-UHFFFAOYSA-N,Pseudomonas frederiksbergensis,-0.4339389897839786,3.7541315544078753e-06,0.4339389897839786,negative
C18_negative|IK:SMUMBCREXHTKFN-VZOUQOBNSA-N,Pseudomonas versuta,0.4339359646971983,3.754780892126366e-06,0.4339359646971983,positive
C18_positive|IK:NJMQSVWMCODQIP-FQXXIRCGSA-N,Streptomyces lydicus,-0.4339282893768572,3.7564288828614106e-06,0.4339282893768572,negative
C18_positive|IK:FATBGEAMYMYZAF-KTKRTIGZSA-N,Streptomyces sp. HNM0039,-0.433919675946187,3.758279111487748e-06,0.433919675946187,negative
HILICZ_negative|IK:GHOKWGTUZJEAQD-UHFFFAOYSA-N,Streptosporangium sp. 'caverna',-0.4339151953033516,3.759241926991821e-06,0.4339151953033516,negative
C18_negative|IK:CZDNLUMNELLDDD-QZFWYPLZSA-N,Streptomyces olivoreticuli,-0.4339002502567373,3.762455053146292e-06,0.4339002502567373,negative
HILICZ_negative|IK:VRYALKFFQXWPIH-UHFFFAOYSA-N,Pseudomonas aeruginosa,0.4338895500730456,3.7647571435881865e-06,0.4338895500730456,positive
HILICZ_positive|IK:KWIUHFFTVRNATP-UHFFFAOYSA-N,Streptomyces parvulus,-0.4338788900855587,3.76705190875043e-06,0.4338788900855587,negative
HILICZ_negative|IK:RYWDJUUPROVLNV-LXFHESFISA-N,Thermomonospora curvata,-0.43387451190559195,3.767994777940562e-06,0.43387451190559195,negative
HILICZ_negative|IK:VRYALKFFQXWPIH-UHFFFAOYSA-N,Frankia inefficax,-0.4338517065571024,3.772909661394431e-06,0.4338517065571024,negative
HILICZ_negative|IK:ROJOJPXRGHLGTC-UHFFFAOYSA-N,Plantactinospora sp. KBS50,0.4338476192951129,3.7737911651940864e-06,0.4338476192951129,positive
HILICZ_negative|IK:AAWZDTNXLSGCEK-LNVDRNJUSA-N,Pseudomonas psychrophila,0.4338440495220364,3.7745612207742874e-06,0.4338440495220364,positive
HILICZ_negative|IK:OKVJCVWFVRATSG-UHFFFAOYSA-N,Nocardiopsis dassonvillei,-0.43383578047174376,3.7763455535917395e-06,0.43383578047174376,negative
HILICZ_positive|IK:COLNVLDHVKWLRT-QMMMGPOBSA-N,Pseudomonas sp. HLS-6,0.4337867635113588,3.7869390211141187e-06,0.4337867635113588,positive
C18_positive|IK:RCFGIEPQSDGMJJ-UHFFFAOYSA-N,Pseudomonas thivervalensis,0.4337747653901652,3.7895363081553017e-06,0.4337747653901652,positive
C18_positive|IK:FATBGEAMYMYZAF-KTKRTIGZSA-N,Pseudomonas sp. DR 5-09,0.4337430423153854,3.7964116509682064e-06,0.4337430423153854,positive
C18_negative|IK:KRKNYBCHXYNGOX-UHFFFAOYSA-N,Streptomyces sp. SCSIO 03032,-0.4337350756923699,3.798140107107348e-06,0.4337350756923699,negative
C18_positive|IK:RCFGIEPQSDGMJJ-UHFFFAOYSA-N,Streptomyces sp. ZFG47,-0.43373338190554855,3.798507690628586e-06,0.43373338190554855,negative
HILICZ_negative|IK:VRYALKFFQXWPIH-UHFFFAOYSA-N,Tessaracoccus sp. T2.5-30,-0.43372952711464563,3.79934437782222e-06,0.43372952711464563,negative
C18_negative|IK:SMUMBCREXHTKFN-VZOUQOBNSA-N,Streptomyces sp. NEAU-S7GS2,-0.43372364051081846,3.8006224083921407e-06,0.43372364051081846,negative
C18_positive|IK:SIKJAQJRHWYJAI-UHFFFAOYSA-N,Pseudomonas monteilii,0.43370104262382475,3.8055323691509208e-06,0.43370104262382475,positive
HILICZ_positive|IK:RGHHSNMVTDWUBI-UHFFFAOYSA-N,Pseudomonas orientalis,0.4336844446075945,3.809142521793652e-06,0.4336844446075945,positive
C18_positive|IK:MMOXZBCLCQITDF-UHFFFAOYSA-N,Pseudomonas sp. R5-89-07,-0.4336696423361299,3.8123648189845367e-06,0.4336696423361299,negative
HILICZ_negative|IK:VRYALKFFQXWPIH-UHFFFAOYSA-N,Janibacter indicus,-0.433642537353308,3.8182719594536064e-06,0.433642537353308,negative
C18_positive|NAME:,Nocardioides sp. 603,-0.4336425016933636,3.818279736715061e-06,0.4336425016933636,negative
HILICZ_negative|IK:KCOOTJRKKIDHTM-UHFFFAOYSA-N,Pseudomonas vancouverensis,0.4336212455169701,3.822918269132215e-06,0.4336212455169701,positive
HILICZ_negative|IK:KCOOTJRKKIDHTM-UHFFFAOYSA-N,Pseudopropionibacterium propionicum,-0.43361760636175767,3.823712940555158e-06,0.43361760636175767,negative
C18_positive|IK:NJMQSVWMCODQIP-FQXXIRCGSA-N,Streptomyces virus R4,0.43361354660884993,3.824599640721232e-06,0.43361354660884993,positive
C18_positive|IK:NJMQSVWMCODQIP-FQXXIRCGSA-N,Streptomyces gilvosporeus,-0.4336079911469889,3.825813336868506e-06,0.4336079911469889,negative
HILICZ_negative|IK:JVQYSWDUAOAHFM-UHFFFAOYSA-N,Streptomyces katrae,-0.4336006034461073,3.827427883880715e-06,0.4336006034461073,negative
HILICZ_negative|IK:KCOOTJRKKIDHTM-UHFFFAOYSA-N,Micromonospora viridifaciens,-0.4335935662228993,3.828966434029469e-06,0.4335935662228993,negative
HILICZ_positive|IK:MMOXZBCLCQITDF-UHFFFAOYSA-N,Pseudomonas lini,-0.4335716447376973,3.833762878991999e-06,0.4335716447376973,negative
HILICZ_negative|IK:PFTAWBLQPZVEMU-UHFFFAOYSA-N,Streptomyces globisporus,-0.4335673984808183,3.834692620394434e-06,0.4335673984808183,negative
C18_positive|IK:KZSNJWFQEVHDMF-BYPYZUCNSA-N,Myxococcus stipitatus,-0.4335672033748594,3.834735345038199e-06,0.4335672033748594,negative
C18_positive|IK:KZSNJWFQEVHDMF-BYPYZUCNSA-N,Nocardioides sp. 78,-0.43351777912123346,3.8455728469396815e-06,0.43351777912123346,negative
C18_positive|NAME:,Streptomyces violaceoruber,-0.4334900882367081,3.851657400458465e-06,0.4334900882367081,negative
HILICZ_negative|IK:SLWWJZMPHJJOPH-PHDIDXHHSA-N,Streptomyces puniciscabiei,-0.4334781483299301,3.854283775625949e-06,0.4334781483299301,negative
C18_positive|NAME:,Nocardioides sp. CF8,-0.4334660526483159,3.856946140361276e-06,0.4334660526483159,negative
C18_positive|IK:SIKJAQJRHWYJAI-UHFFFAOYSA-N,Streptomyces sp. NEAU-S7GS2,-0.4334202035950071,3.867053692035381e-06,0.4334202035950071,negative
HILICZ_negative|IK:DRTQHJPVMGBUCF-UHFFFAOYSA-N,Streptomyces sp. SCSIO 03032,-0.4334133409795795,3.868568725196381e-06,0.4334133409795795,negative
HILICZ_negative|IK:WJAOHEPEBANKEO-UHFFFAOYSA-N,Herbaspirillum hiltneri,-0.4334131191960182,3.868617696847229e-06,0.4334131191960182,negative
HILICZ_negative|NAME:,Pseudomonas sp. LG1E9,0.4334038851674301,3.870657166662188e-06,0.4334038851674301,positive
C18_positive|NAME:,Nocardioides dokdonensis,-0.4333993480791687,3.871659620693411e-06,0.4333993480791687,negative
HILICZ_negative|IK:AAWZDTNXLSGCEK-LNVDRNJUSA-N,Streptomyces collinus,-0.43338329709175877,3.875207999338969e-06,0.43338329709175877,negative
HILICZ_negative|IK:OKVJCVWFVRATSG-UHFFFAOYSA-N,Thermomonospora curvata,-0.4333687108892814,3.8784352224067224e-06,0.4333687108892814,negative
C18_positive|IK:RGHHSNMVTDWUBI-UHFFFAOYSA-N,Nitrobacter winogradskyi,-0.4333638696728594,3.879506910942497e-06,0.4333638696728594,negative
HILICZ_negative|IK:PFTAWBLQPZVEMU-UHFFFAOYSA-N,Streptomyces katrae,-0.4333567729347328,3.881078404367876e-06,0.4333567729347328,negative
HILICZ_positive|IK:PUQSUZTXKPLAPR-UJPOAAIJSA-N,Pseudomonas extremorientalis,0.43335567027362765,3.881322630308583e-06,0.43335567027362765,positive
HILICZ_positive|IK:WHUUTDBJXJRKMK-VKHMYHEASA-N,Pseudomonas extremaustralis,0.43331835284459747,3.889596546034027e-06,0.43331835284459747,positive
HILICZ_negative|NAME:,Pseudomonas moraviensis,0.4333023211915834,3.89315615132177e-06,0.4333023211915834,positive
HILICZ_positive|IK:KWIUHFFTVRNATP-UHFFFAOYSA-N,Pseudomonas parafulva,0.433270707848137,3.900184469807245e-06,0.433270707848137,positive
HILICZ_positive|IK:COLNVLDHVKWLRT-QMMMGPOBSA-N,Planctomyces sp. SH-PL62,-0.4332627528489201,3.901954921165215e-06,0.4332627528489201,negative
C18_positive|IK:LVFCLUMIBMHAFL-HMUNZLOLSA-N,Nocardioides sp. 78,-0.4332482252881131,3.905190109526548e-06,0.4332482252881131,negative
C18_negative|IK:KRKNYBCHXYNGOX-UHFFFAOYSA-N,Pseudomonas aeruginosa,0.4332431538838044,3.906320072880976e-06,0.4332431538838044,positive
HILICZ_negative|IK:GHOKWGTUZJEAQD-UHFFFAOYSA-N,Micromonospora viridifaciens,-0.43324136095370425,3.9067196308312e-06,0.43324136095370425,negative
HILICZ_negative|IK:RHBSLIMVGWKFQW-UHFFFAOYSA-N,Actinoplanes teichomyceticus,0.4332326581528112,3.9086596152464655e-06,0.4332326581528112,positive
C18_positive|IK:NGFMICBWJRZIBI-UHFFFAOYSA-N,Janthinobacterium agaricidamnosum,0.43322343903884963,3.910715685786255e-06,0.43322343903884963,positive
HILICZ_negative|NAME:,Pseudomonas sp. R5-89-07,0.4332215913357531,3.911127888128335e-06,0.4332215913357531,positive
C18_positive|IK:LVFCLUMIBMHAFL-HMUNZLOLSA-N,Streptomyces virus Caliburn,0.4331880376689907,3.9186204851410764e-06,0.4331880376689907,positive
HILICZ_positive|IK:COLNVLDHVKWLRT-QMMMGPOBSA-N,Pseudomonas orientalis,0.43317734848566464,3.921010245238349e-06,0.43317734848566464,positive
HILICZ_negative|NAME:,Pseudomonas sp. CMR5c,0.4331451484246792,3.928217470449595e-06,0.4331451484246792,positive
HILICZ_negative|IK:RHBSLIMVGWKFQW-UHFFFAOYSA-N,Lentzea guizhouensis,0.4331274809118851,3.932177240028076e-06,0.4331274809118851,positive
HILICZ_positive|IK:WHUUTDBJXJRKMK-VKHMYHEASA-N,Streptomyces albireticuli,-0.43311373829863986,3.935259938835909e-06,0.43311373829863986,negative
C18_positive|IK:LVFCLUMIBMHAFL-HMUNZLOLSA-N,Gemmatirosa kalamazoonesis,-0.4331114820896025,3.93576626242456e-06,0.4331114820896025,negative
HILICZ_negative|IK:OKVJCVWFVRATSG-UHFFFAOYSA-N,Pseudomonas sp. NS1(2017),0.433110012365457,3.9360961213347535e-06,0.433110012365457,positive
C18_negative|NAME:,Amycolatopsis methanolica,-0.43310695738716753,3.936781851765868e-06,0.43310695738716753,negative
HILICZ_negative|NAME:,Streptomyces sp. SirexAA-E,-0.4330958002892141,3.939287168928984e-06,0.4330958002892141,negative
HILICZ_negative|IK:NGFMICBWJRZIBI-UHFFFAOYSA-N,Pseudomonas silesiensis,0.4330897858409966,3.940638332779644e-06,0.4330897858409966,positive
C18_positive|IK:SIKJAQJRHWYJAI-UHFFFAOYSA-N,Streptomyces sp. fd1-xmd,-0.43307807413918825,3.9432706576128035e-06,0.43307807413918825,negative
C18_positive|NAME:,Nocardioides sp. JS614,-0.4330543564087567,3.948606547057478e-06,0.4330543564087567,negative
HILICZ_negative|IK:AAWZDTNXLSGCEK-LNVDRNJUSA-N,Streptomyces sp. SirexAA-E,-0.433050130462222,3.949557993468132e-06,0.433050130462222,negative
C18_positive|IK:RCFGIEPQSDGMJJ-UHFFFAOYSA-N,Pseudomonas fragi,0.43303284729769537,3.953451447457074e-06,0.43303284729769537,positive
HILICZ_negative|IK:SLWWJZMPHJJOPH-PHDIDXHHSA-N,Mycobacterium avium,-0.4330206604348306,3.956199013751344e-06,0.4330206604348306,negative
C18_positive|IK:NJMQSVWMCODQIP-FQXXIRCGSA-N,Pseudomonas azotoformans,0.43301450932103014,3.957586486173571e-06,0.43301450932103014,positive
C18_positive|IK:RCFGIEPQSDGMJJ-UHFFFAOYSA-N,Streptomyces hundungensis,-0.4330132112385444,3.957879346104756e-06,0.4330132112385444,negative
C18_negative|IK:SMUMBCREXHTKFN-VZOUQOBNSA-N,Pseudomonas entomophila,0.43300774279060905,3.959113305412105e-06,0.43300774279060905,positive
HILICZ_negative|IK:GHOKWGTUZJEAQD-UHFFFAOYSA-N,Pseudomonas vancouverensis,0.4330066388382988,3.959362457130714e-06,0.4330066388382988,positive
HILICZ_negative|IK:GHOKWGTUZJEAQD-UHFFFAOYSA-N,Janibacter indicus,-0.43298975096155773,3.963175739158675e-06,0.43298975096155773,negative
HILICZ_positive|IK:WHUUTDBJXJRKMK-VKHMYHEASA-N,Streptomyces sp. fd1-xmd,-0.43298468072197693,3.964321275789685e-06,0.43298468072197693,negative
C18_positive|IK:NGFMICBWJRZIBI-UHFFFAOYSA-N,Mycolicibacter sinensis,-0.43298402708039546,3.9644689780248424e-06,0.43298402708039546,negative
C18_positive|IK:SIKJAQJRHWYJAI-UHFFFAOYSA-N,Streptomyces sp. 2323.1,-0.4329542477110497,3.971203683433325e-06,0.4329542477110497,negative
C18_negative|IK:CZDNLUMNELLDDD-QZFWYPLZSA-N,Micromonospora krabiensis,-0.43295372672967947,3.971321601230398e-06,0.43295372672967947,negative
HILICZ_positive|IK:WHUUTDBJXJRKMK-VKHMYHEASA-N,Streptomyces xinghaiensis,-0.4329491651091002,3.972354209785548e-06,0.4329491651091002,negative
HILICZ_negative|IK:RYWDJUUPROVLNV-LXFHESFISA-N,Streptomyces xiamenensis,-0.4329450627962571,3.9732830619157485e-06,0.4329450627962571,negative
HILICZ_negative|IK:VRYALKFFQXWPIH-UHFFFAOYSA-N,Streptomyces sp. ETH9427,-0.43294340553492044,3.973658359792386e-06,0.43294340553492044,negative
HILICZ_positive|IK:WHUUTDBJXJRKMK-VKHMYHEASA-N,Pseudomonas poae,0.4329410416759719,3.974193729330485e-06,0.4329410416759719,positive
C18_positive|IK:RCFGIEPQSDGMJJ-UHFFFAOYSA-N,Micromonospora inositola,-0.43293389775085145,3.975812107818591e-06,0.43293389775085145,negative
HILICZ_positive|IK:SIOXPEMLGUPBBT-UHFFFAOYSA-N,Streptomyces virus Amela,0.4329232842057183,3.978217640031015e-06,0.4329232842057183,positive
HILICZ_negative|IK:VRYALKFFQXWPIH-UHFFFAOYSA-N,Streptomyces roseochromogenus,-0.43291705107146056,3.979631004062207e-06,0.43291705107146056,negative
HILICZ_negative|IK:OKVJCVWFVRATSG-UHFFFAOYSA-N,Candidatus Solibacter usitatus,-0.43290644297927405,3.9820374805559685e-06,0.43290644297927405,negative
HILICZ_negative|IK:COLNVLDHVKWLRT-QMMMGPOBSA-N,Streptomyces clavuligerus,-0.4329004515809068,3.983397253774869e-06,0.4329004515809068,negative
HILICZ_negative|IK:OKVJCVWFVRATSG-UHFFFAOYSA-N,Streptomyces albulus,-0.4328983387945048,3.983876864147483e-06,0.4328983387945048,negative
C18_negative|IK:SMUMBCREXHTKFN-VZOUQOBNSA-N,Pseudomonas trivialis,0.4328948705379005,3.984664289519395e-06,0.4328948705379005,positive
HILICZ_negative|IK:GHOKWGTUZJEAQD-UHFFFAOYSA-N,Methylorubrum extorquens,-0.4328845540901626,3.987007381969845e-06,0.4328845540901626,negative
C18_positive|IK:SIKJAQJRHWYJAI-UHFFFAOYSA-N,Nitrobacter hamburgensis,-0.43288345269296225,3.98725761037292e-06,0.43288345269296225,negative
HILICZ_positive|IK:COLNVLDHVKWLRT-QMMMGPOBSA-N,Streptomyces olivaceus,-0.43286788403575815,3.990796268134554e-06,0.43286788403575815,negative
HILICZ_negative|NAME:,Friedmanniella sagamiharensis,-0.43285923310380886,3.992763851959316e-06,0.43285923310380886,negative
C18_positive|IK:FATBGEAMYMYZAF-KTKRTIGZSA-N,Streptomyces albus,-0.43284774228734524,3.9953787607185244e-06,0.43284774228734524,negative
HILICZ_negative|IK:JVQYSWDUAOAHFM-UHFFFAOYSA-N,Micromonospora inositola,-0.43283842426434466,3.997500404719489e-06,0.43283842426434466,negative
HILICZ_negative|IK:ODHCTXKNWHHXJC-UHFFFAOYSA-N,Singulisphaera acidiphila,-0.4328290031125568,3.999646611871015e-06,0.4328290031125568,negative
HILICZ_negative|IK:KCOOTJRKKIDHTM-UHFFFAOYSA-N,Kibdelosporangium phytohabitans,-0.4327729422734243,4.012440196671592e-06,0.4327729422734243,negative
C18_negative|IK:BJEPYKJPYRNKOW-REOHCLBHSA-N,Pimelobacter simplex,-0.4327623767108361,4.0148556757959235e-06,0.4327623767108361,negative
C18_positive|IK:KZSNJWFQEVHDMF-BYPYZUCNSA-N,Pseudomonas sp. TKP,0.4327403386651001,4.019898391871917e-06,0.4327403386651001,positive
C18_positive|IK:SIKJAQJRHWYJAI-UHFFFAOYSA-N,Pseudomonas sp. CMR5c,0.43273980901861897,4.02001965842832e-06,0.43273980901861897,positive
C18_negative|IK:BJEPYKJPYRNKOW-REOHCLBHSA-N,Nakamurella panacisegetis,-0.43273779987886324,4.020479697531605e-06,0.43273779987886324,negative
HILICZ_positive|IK:COLNVLDHVKWLRT-QMMMGPOBSA-N,Pseudomonas sp. StFLB209,0.432736123093327,4.020863674488535e-06,0.432736123093327,positive
C18_positive|IK:MMOXZBCLCQITDF-UHFFFAOYSA-N,Caulobacter sp. K31,-0.43273369301490394,4.021420213856327e-06,0.43273369301490394,negative
C18_positive|NAME:,Pseudomonas monteilii,0.4327271246433959,4.0229248739021544e-06,0.4327271246433959,positive
C18_positive|IK:MMOXZBCLCQITDF-UHFFFAOYSA-N,Streptomyces albireticuli,0.43270281252640935,4.028498836789466e-06,0.43270281252640935,positive
C18_negative|IK:SMUMBCREXHTKFN-VZOUQOBNSA-N,Pseudomonas psychrophila,0.43270257102830456,4.028554240862192e-06,0.43270257102830456,positive
HILICZ_negative|IK:ODHCTXKNWHHXJC-UHFFFAOYSA-N,Streptomyces sp. Mg1,-0.4326929918260387,4.030752465031156e-06,0.4326929918260387,negative
HILICZ_negative|IK:AAWZDTNXLSGCEK-LNVDRNJUSA-N,Pseudopropionibacterium propionicum,-0.4326871810031456,4.032086477722903e-06,0.4326871810031456,negative
C18_negative|NAME:,Terriglobus roseus,-0.4326823020679407,4.033206875351705e-06,0.4326823020679407,negative
HILICZ_negative|IK:OKVJCVWFVRATSG-UHFFFAOYSA-N,Pseudomonas mediterranea,0.43267714435596816,4.034391610838951e-06,0.43267714435596816,positive
C18_positive|IK:FATBGEAMYMYZAF-KTKRTIGZSA-N,Pseudomonas silesiensis,0.43266359828196116,4.037504732767386e-06,0.43266359828196116,positive
HILICZ_negative|IK:KCOOTJRKKIDHTM-UHFFFAOYSA-N,Pseudonocardia sp. HH130630-07,-0.4326622014549283,4.037825876730801e-06,0.4326622014549283,negative
HILICZ_negative|IK:RYWDJUUPROVLNV-LXFHESFISA-N,Kitasatospora sp. MMS16-BH015,-0.43265535938162974,4.0393992835966465e-06,0.43265535938162974,negative
HILICZ_negative|IK:KCOOTJRKKIDHTM-UHFFFAOYSA-N,Streptomyces albireticuli,-0.4326351701757191,4.044045379178552e-06,0.4326351701757191,negative
HILICZ_negative|IK:VRYALKFFQXWPIH-UHFFFAOYSA-N,Streptomyces pristinaespiralis,-0.43263077979595066,4.0450563948897205e-06,0.43263077979595066,negative
HILICZ_positive|IK:COLNVLDHVKWLRT-QMMMGPOBSA-N,Pseudomonas sp. LG1E9,0.4326190688230343,4.0477543626334916e-06,0.4326190688230343,positive
C18_positive|IK:NGFMICBWJRZIBI-UHFFFAOYSA-N,Janthinobacterium sp. 1_2014MBL_MicDiv,0.43260186149046215,4.051721661274185e-06,0.43260186149046215,positive
C18_positive|IK:NJMQSVWMCODQIP-FQXXIRCGSA-N,Actinoplanes derwentensis,-0.4325958949857656,4.053098147297309e-06,0.4325958949857656,negative
HILICZ_positive|IK:FVXDQWZBHIXIEJ-LNDKUQBDSA-N,Streptomyces sp. TLI_053,-0.4325881909777278,4.054876132360892e-06,0.4325881909777278,negative
C18_positive|IK:MMOXZBCLCQITDF-UHFFFAOYSA-N,Streptomyces rubrolavendulae,0.43258569868790875,4.055451478137578e-06,0.43258569868790875,positive
C18_positive|IK:SIKJAQJRHWYJAI-UHFFFAOYSA-N,Granulicella tundricola,-0.4325712113450622,4.0587974116742256e-06,0.4325712113450622,negative
HILICZ_positive|IK:PUQSUZTXKPLAPR-UJPOAAIJSA-N,Pseudomonas chlororaphis,0.4325542956638054,4.062707482019744e-06,0.4325542956638054,positive
HILICZ_positive|IK:PUQSUZTXKPLAPR-UJPOAAIJSA-N,Pseudomonas versuta,0.4325482219239061,4.064112298361276e-06,0.4325482219239061,positive
HILICZ_negative|IK:AAWZDTNXLSGCEK-LNVDRNJUSA-N,Pseudomonas rhodesiae,0.432543751967877,4.0651464629344514e-06,0.432543751967877,positive
HILICZ_negative|IK:COLNVLDHVKWLRT-QMMMGPOBSA-N,Halomonas sp. JS92-SW72,-0.4325178528993761,4.0711433376685545e-06,0.4325178528993761,negative
HILICZ_negative|IK:RHBSLIMVGWKFQW-UHFFFAOYSA-N,Massilia sp. NR 4-1,-0.4325108218852876,4.072772795149201e-06,0.4325108218852876,negative
HILICZ_positive|IK:SIOXPEMLGUPBBT-UHFFFAOYSA-N,Streptomyces albus,-0.4325085057109859,4.0733097099418295e-06,0.4325085057109859,negative
HILICZ_negative|IK:JVQYSWDUAOAHFM-UHFFFAOYSA-N,Streptomyces lydicus,-0.43249206478653396,4.077122819129182e-06,0.43249206478653396,negative
HILICZ_negative|IK:OKVJCVWFVRATSG-UHFFFAOYSA-N,Pseudomonas parafulva,0.4324696576287019,4.082325091211611e-06,0.4324696576287019,positive
HILICZ_positive|IK:RGHHSNMVTDWUBI-UHFFFAOYSA-N,Granulicella mallensis,-0.43244182577865037,4.088795541589673e-06,0.43244182577865037,negative
HILICZ_negative|IK:NGFMICBWJRZIBI-UHFFFAOYSA-N,Kutzneria albida,-0.432434271302638,4.090553503919781e-06,0.432434271302638,negative
C18_positive|IK:RGHHSNMVTDWUBI-UHFFFAOYSA-N,Pseudomonas sp. B10,0.4324287625161359,4.091835874507117e-06,0.4324287625161359,positive
HILICZ_negative|IK:VRYALKFFQXWPIH-UHFFFAOYSA-N,Streptomyces violaceusniger,-0.43242689813032587,4.0922699641314626e-06,0.43242689813032587,negative
C18_positive|IK:MMOXZBCLCQITDF-UHFFFAOYSA-N,Massilia armeniaca,-0.432413777815369,4.095326029813446e-06,0.432413777815369,negative
HILICZ_positive|IK:COLNVLDHVKWLRT-QMMMGPOBSA-N,Janibacter indicus,-0.4324073027279888,4.096835041583058e-06,0.4324073027279888,negative
HILICZ_negative|IK:AAWZDTNXLSGCEK-LNVDRNJUSA-N,Mesorhizobium amorphae,0.43240069276062854,4.098376028455289e-06,0.43240069276062854,positive
C18_positive|IK:WCGUUGGRBIKTOS-UHFFFAOYSA-N,Acinetobacter calcoaceticus,-0.43238547164569097,4.101926620202535e-06,0.43238547164569097,negative
HILICZ_positive|IK:MMOXZBCLCQITDF-UHFFFAOYSA-N,Nonomuraea sp. ATCC 55076,0.43237991876102766,4.103222650693615e-06,0.43237991876102766,positive
HILICZ_positive|IK:WHUUTDBJXJRKMK-VKHMYHEASA-N,Pseudomonas agarici,0.43235986624151307,4.107906082212382e-06,0.43235986624151307,positive
HILICZ_positive|IK:KWIUHFFTVRNATP-UHFFFAOYSA-N,Pseudomonas monteilii,0.43235684401061847,4.108612386697406e-06,0.43235684401061847,positive
C18_positive|IK:NGFMICBWJRZIBI-UHFFFAOYSA-N,Chondromyces crocatus,-0.43234710723669423,4.110888679969092e-06,0.43234710723669423,negative
C18_positive|IK:FATBGEAMYMYZAF-KTKRTIGZSA-N,Pseudomonas sp. Z003-0.4C(8344-21),0.4323441276199319,4.111585501937017e-06,0.4323441276199319,positive
C18_positive|IK:NGFMICBWJRZIBI-UHFFFAOYSA-N,Streptomyces pristinaespiralis,-0.43233435767697814,4.113871112010586e-06,0.43233435767697814,negative
HILICZ_negative|IK:PFTAWBLQPZVEMU-UHFFFAOYSA-N,Pseudomonas silesiensis,0.43226354765894737,4.1304725115814835e-06,0.43226354765894737,positive
C18_negative|IK:WJAOHEPEBANKEO-UHFFFAOYSA-N,Saccharothrix espanaensis,0.43223113311056355,4.1380931840179335e-06,0.43223113311056355,positive
HILICZ_negative|IK:PFTAWBLQPZVEMU-UHFFFAOYSA-N,Streptomyces sp. SCSIO 03032,-0.4321797964480153,4.150189617618696e-06,0.4321797964480153,negative
C18_positive|IK:MMOXZBCLCQITDF-UHFFFAOYSA-N,Pseudomonas sp. K2W31S-8,-0.43217758182359667,4.1507121989179985e-06,0.43217758182359667,negative
HILICZ_positive|IK:FVXDQWZBHIXIEJ-LNDKUQBDSA-N,Terriglobus roseus,-0.43217637810838466,4.150996263685286e-06,0.43217637810838466,negative
C18_negative|IK:BJEPYKJPYRNKOW-REOHCLBHSA-N,Nocardioides sp. JS614,-0.43215798611801426,4.155338873022765e-06,0.43215798611801426,negative
HILICZ_positive|IK:COLNVLDHVKWLRT-QMMMGPOBSA-N,Pseudomonas sp. URMO17WK12:I11,0.4321571907790991,4.155526760516037e-06,0.4321571907790991,positive
C18_negative|IK:FBPFZTCFMRRESA-GUCUJZIJSA-N,Streptosporangium sp. 'caverna',-0.4321513412611383,4.1569088722788805e-06,0.4321513412611383,negative
HILICZ_positive|IK:KWIUHFFTVRNATP-UHFFFAOYSA-N,Pseudomonas sp. UW4,0.43214806136716954,4.15768402858685e-06,0.43214806136716954,positive
HILICZ_negative|IK:ROJOJPXRGHLGTC-UHFFFAOYSA-N,Micromonospora rifamycinica,0.4321464196910329,4.158072066645946e-06,0.4321464196910329,positive
C18_positive|IK:SIKJAQJRHWYJAI-UHFFFAOYSA-N,Pseudomonas poae,0.4321462920793214,4.158102231275165e-06,0.4321462920793214,positive
HILICZ_negative|IK:PFTAWBLQPZVEMU-UHFFFAOYSA-N,Streptomyces xinghaiensis,-0.43214328462945695,4.158813186730547e-06,0.43214328462945695,negative
C18_positive|IK:KZSNJWFQEVHDMF-BYPYZUCNSA-N,Myxococcus fulvus,-0.4321169688055727,4.16503909515918e-06,0.4321169688055727,negative
HILICZ_positive|IK:COLNVLDHVKWLRT-QMMMGPOBSA-N,Micromonospora rifamycinica,-0.4320789819276831,4.174041710828438e-06,0.4320789819276831,negative
C18_positive|IK:NJMQSVWMCODQIP-FQXXIRCGSA-N,Burkholderia pseudomallei,-0.43204592975617456,4.181889779757669e-06,0.43204592975617456,negative
HILICZ_negative|IK:RYWDJUUPROVLNV-LXFHESFISA-N,Streptomyces sp. TLI_053,-0.4320424680064762,4.18271255995119e-06,0.4320424680064762,negative
C18_negative|NAME:,Paludisphaera borealis,-0.432037871095761,4.183805378653523e-06,0.432037871095761,negative
HILICZ_negative|IK:JVQYSWDUAOAHFM-UHFFFAOYSA-N,Massilia sp. WG5,0.43203597262284504,4.1842567792474115e-06,0.43203597262284504,positive
C18_positive|IK:LVFCLUMIBMHAFL-HMUNZLOLSA-N,Pseudonocardia sp. HH130629-09,-0.4320292216856678,4.185862324508322e-06,0.4320292216856678,negative
C18_positive|IK:SIKJAQJRHWYJAI-UHFFFAOYSA-N,Streptomyces globosus,-0.43202334042540647,4.187261512420517e-06,0.43202334042540647,negative
HILICZ_negative|IK:RYWDJUUPROVLNV-LXFHESFISA-N,Micromonospora inositola,-0.4319702981209161,4.199900566170952e-06,0.4319702981209161,negative
HILICZ_negative|NAME:,Lacunisphaera limnophila,-0.4319620214256116,4.2018760034111005e-06,0.4319620214256116,negative
HILICZ_negative|IK:VRYALKFFQXWPIH-UHFFFAOYSA-N,Burkholderia ambifaria,-0.43195976550582005,4.202414586352612e-06,0.43195976550582005,negative
HILICZ_positive|IK:KWIUHFFTVRNATP-UHFFFAOYSA-N,Mycobacterium avium,-0.43192854399357195,4.20987517026164e-06,0.43192854399357195,negative
C18_positive|IK:MMOXZBCLCQITDF-UHFFFAOYSA-N,Streptomyces xinghaiensis,0.43191360166124165,4.213450160447285e-06,0.43191360166124165,positive
C18_positive|IK:NGFMICBWJRZIBI-UHFFFAOYSA-N,Streptomyces sp. CB09001,-0.4319085995476394,4.214647568734862e-06,0.4319085995476394,negative
HILICZ_negative|IK:KCOOTJRKKIDHTM-UHFFFAOYSA-N,Amycolatopsis sp. AA4,-0.43190681188697005,4.215075577693493e-06,0.43190681188697005,negative
HILICZ_positive|IK:SIOXPEMLGUPBBT-UHFFFAOYSA-N,Pseudomonas rhizosphaerae,0.4319066769216182,4.215107893310584e-06,0.4319066769216182,positive
HILICZ_negative|IK:RYWDJUUPROVLNV-LXFHESFISA-N,Streptomyces sp. SCSIO 03032,-0.4318971090956481,4.217399375152675e-06,0.4318971090956481,negative
C18_positive|IK:NJMQSVWMCODQIP-FQXXIRCGSA-N,Pseudomonas fulva,0.4318806151261642,4.221352420721049e-06,0.4318806151261642,positive
C18_positive|IK:LVFCLUMIBMHAFL-HMUNZLOLSA-N,Pseudomonas orientalis,0.4318761198853159,4.222430384039979e-06,0.4318761198853159,positive
HILICZ_negative|IK:NGFMICBWJRZIBI-UHFFFAOYSA-N,Rhodococcus erythropolis,-0.43186672095207335,4.22468509752776e-06,0.43186672095207335,negative
HILICZ_positive|IK:WHUUTDBJXJRKMK-VKHMYHEASA-N,Pseudomonas orientalis,0.4318475025417575,4.229298947492356e-06,0.4318475025417575,positive
C18_negative|IK:BJEPYKJPYRNKOW-REOHCLBHSA-N,Ramlibacter tataouinensis,-0.43184300292879174,4.230379876790307e-06,0.43184300292879174,negative
C18_positive|IK:NJMQSVWMCODQIP-FQXXIRCGSA-N,Pseudomonas sp. R5-89-07,0.4318394076406583,4.231243750133104e-06,0.4318394076406583,positive
HILICZ_negative|IK:PFTAWBLQPZVEMU-UHFFFAOYSA-N,Pseudomonas sp. NS1(2017),0.43183065588346203,4.233347312440346e-06,0.43183065588346203,positive
C18_positive|IK:NGFMICBWJRZIBI-UHFFFAOYSA-N,Streptomyces parvulus,-0.43181806567791464,4.2363752115634164e-06,0.43181806567791464,negative
HILICZ_positive|IK:WHUUTDBJXJRKMK-VKHMYHEASA-N,Pseudomonas rhodesiae,0.43180197586882496,4.240247728708503e-06,0.43180197586882496,positive
C18_negative|IK:BJEPYKJPYRNKOW-REOHCLBHSA-N,Pseudomonas sp. UW4,0.43175560794371837,4.2514263242572065e-06,0.43175560794371837,positive
HILICZ_negative|IK:CDAISMWEOUEBRE-UHFFFAOYSA-N,Kytococcus sedentarius,-0.43175153661634263,4.252409186332538e-06,0.43175153661634263,negative
C18_negative|IK:CZDNLUMNELLDDD-QZFWYPLZSA-N,Tessaracoccus sp. T2.5-30,-0.43175014582774024,4.2527449867614245e-06,0.43175014582774024,negative
HILICZ_positive|IK:MMOXZBCLCQITDF-UHFFFAOYSA-N,Pseudomonas viridiflava,-0.43174233833066006,4.25463054092249e-06,0.43174233833066006,negative
C18_negative|IK:WJAOHEPEBANKEO-UHFFFAOYSA-N,Streptomyces cattleya,0.4317356325979401,4.2562506428148064e-06,0.4317356325979401,positive
HILICZ_negative|IK:CDAISMWEOUEBRE-UHFFFAOYSA-N,Streptomyces violaceoruber,-0.4317312678638787,4.2573054734042115e-06,0.4317312678638787,negative
HILICZ_positive|IK:WHUUTDBJXJRKMK-VKHMYHEASA-N,Streptacidiphilus sp. DSM 106435,-0.4317245053273924,4.25894027121702e-06,0.4317245053273924,negative
HILICZ_negative|IK:ROJOJPXRGHLGTC-UHFFFAOYSA-N,Actinoplanes teichomyceticus,0.4317136162595468,4.261573875718548e-06,0.4317136162595468,positive
HILICZ_positive|IK:MMOXZBCLCQITDF-UHFFFAOYSA-N,Bradyrhizobium sp. 2 39S1MB,0.43169988053187536,4.26489815949414e-06,0.43169988053187536,positive
HILICZ_positive|IK:SIOXPEMLGUPBBT-UHFFFAOYSA-N,Streptomyces sp. HNM0039,-0.4316989569654664,4.265121766355006e-06,0.4316989569654664,negative
C18_positive|IK:ZEYHEAKUIGZSGI-UHFFFAOYSA-N,Mycobacterium avium,0.43169778927944386,4.2654044934381786e-06,0.43169778927944386,positive
HILICZ_negative|IK:CDAISMWEOUEBRE-UHFFFAOYSA-N,Nocardioides sp. JS614,-0.4316975451554867,4.265463604418323e-06,0.4316975451554867,negative
HILICZ_negative|NAME:,Streptomyces pluripotens,-0.43168310116770703,4.26896237768147e-06,0.43168310116770703,negative
C18_positive|IK:MMOXZBCLCQITDF-UHFFFAOYSA-N,Pseudomonas sp. LBUM920,-0.43168093120365025,4.2694882430113335e-06,0.43168093120365025,negative
C18_negative|IK:SMUMBCREXHTKFN-VZOUQOBNSA-N,Pseudomonas extremorientalis,0.43168036409771254,4.269625684560337e-06,0.43168036409771254,positive
C18_positive|IK:SIKJAQJRHWYJAI-UHFFFAOYSA-N,Pseudomonas fragi,0.4316594627591215,4.274694164927302e-06,0.4316594627591215,positive
HILICZ_negative|IK:COLNVLDHVKWLRT-QMMMGPOBSA-N,Pseudomonas monteilii,0.4316413107218468,4.2791005599373185e-06,0.4316413107218468,positive
HILICZ_positive|IK:SIOXPEMLGUPBBT-UHFFFAOYSA-N,Streptomyces sp. WAC00288,-0.4316396103323998,4.279513547916021e-06,0.4316396103323998,negative
C18_positive|IK:FATBGEAMYMYZAF-KTKRTIGZSA-N,Streptomyces sp. RTd22,-0.43163226441696567,4.281298145016605e-06,0.43163226441696567,negative
HILICZ_negative|IK:AAWZDTNXLSGCEK-LNVDRNJUSA-N,Pseudomonas yamanorum,0.4316241887832208,4.283260828588296e-06,0.4316241887832208,positive
HILICZ_negative|IK:AAWZDTNXLSGCEK-LNVDRNJUSA-N,Pseudomonas tolaasii,0.43162399132511703,4.283308828990819e-06,0.43162399132511703,positive
HILICZ_negative|IK:RYWDJUUPROVLNV-LXFHESFISA-N,Streptosporangium roseum,-0.4316233301875346,4.283469549667069e-06,0.4316233301875346,negative
C18_positive|IK:RCFGIEPQSDGMJJ-UHFFFAOYSA-N,Streptomyces scabiei,-0.43161872620335096,4.284588923066151e-06,0.43161872620335096,negative
C18_positive|IK:SIKJAQJRHWYJAI-UHFFFAOYSA-N,Pseudomonas sp. 02C 26,0.43160906860136716,4.286937887150138e-06,0.43160906860136716,positive
HILICZ_negative|IK:VRYALKFFQXWPIH-UHFFFAOYSA-N,Planctomyces sp. SH-PL62,-0.4315949075357711,4.290384401543494e-06,0.4315949075357711,negative
C18_positive|IK:MMOXZBCLCQITDF-UHFFFAOYSA-N,Pseudomonas yamanorum,-0.43158637948402184,4.292461217040405e-06,0.43158637948402184,negative
HILICZ_negative|IK:PFTAWBLQPZVEMU-UHFFFAOYSA-N,Streptomyces xiamenensis,-0.43158286102921656,4.293318334201305e-06,0.43158286102921656,negative
HILICZ_negative|NAME:,Pseudomonas sp. NC02,0.43155951950521343,4.299008564964487e-06,0.43155951950521343,positive
C18_negative|IK:SMUMBCREXHTKFN-VZOUQOBNSA-N,Mycobacterium avium,-0.4315557319236939,4.2999325781771674e-06,0.4315557319236939,negative
HILICZ_negative|NAME:,Pseudomonas viridiflava,0.43153602207654335,4.304743992553905e-06,0.43153602207654335,positive
C18_positive|IK:LVFCLUMIBMHAFL-HMUNZLOLSA-N,Nocardia brasiliensis,-0.43153040821930194,4.306115333286002e-06,0.43153040821930194,negative
HILICZ_negative|IK:OKVJCVWFVRATSG-UHFFFAOYSA-N,Pseudomonas sp. CMR12a,0.4315108806248504,4.3108887040276025e-06,0.4315108806248504,positive
HILICZ_positive|IK:RGHHSNMVTDWUBI-UHFFFAOYSA-N,Bradyrhizobium erythrophlei,-0.43150585768653466,4.3121173301767365e-06,0.43150585768653466,negative
HILICZ_negative|IK:PFTAWBLQPZVEMU-UHFFFAOYSA-N,Frankia sp. EAN1pec,-0.43149747645059794,4.314168142201023e-06,0.43149747645059794,negative
C18_negative|IK:CZDNLUMNELLDDD-QZFWYPLZSA-N,Planctomyces sp. SH-PL62,-0.4314784812431838,4.318819504755862e-06,0.4314784812431838,negative
HILICZ_positive|IK:RGHHSNMVTDWUBI-UHFFFAOYSA-N,Streptomyces violaceoruber,-0.43147271559326844,4.320232277560806e-06,0.43147271559326844,negative
C18_negative|NAME:,Micromonospora echinaurantiaca,-0.43144860449166883,4.326145014131828e-06,0.43144860449166883,negative
HILICZ_positive|IK:COLNVLDHVKWLRT-QMMMGPOBSA-N,Pseudomonas agarici,0.4314369368226034,4.329009004508195e-06,0.4314369368226034,positive
C18_negative|IK:CZDNLUMNELLDDD-QZFWYPLZSA-N,Streptomyces sp. 2323.1,-0.4314188774612772,4.3334454531908834e-06,0.4314188774612772,negative
C18_positive|NAME:,Pseudomonas granadensis,0.4313806468453337,4.342851319883783e-06,0.4313806468453337,positive
C18_positive|IK:LVFCLUMIBMHAFL-HMUNZLOLSA-N,Pseudomonas sp. R5-89-07,0.4313752541451195,4.344179634124817e-06,0.4313752541451195,positive
HILICZ_negative|IK:PFTAWBLQPZVEMU-UHFFFAOYSA-N,Streptomyces lydicus,-0.4313718420676929,4.345020285201281e-06,0.4313718420676929,negative
HILICZ_negative|IK:ODHCTXKNWHHXJC-UHFFFAOYSA-N,Micromonospora viridifaciens,-0.4313655102078913,4.346580704986945e-06,0.4313655102078913,negative
HILICZ_positive|IK:WHUUTDBJXJRKMK-VKHMYHEASA-N,Streptomyces rubrolavendulae,-0.4313408933756088,4.352652289986354e-06,0.4313408933756088,negative
HILICZ_positive|IK:WHUUTDBJXJRKMK-VKHMYHEASA-N,Pseudomonas mucidolens,0.43133221220212137,4.354795354943924e-06,0.43133221220212137,positive
HILICZ_positive|IK:RGHHSNMVTDWUBI-UHFFFAOYSA-N,Streptomyces lydicus,-0.43132121562856846,4.357511437607997e-06,0.43132121562856846,negative
HILICZ_negative|IK:ODHCTXKNWHHXJC-UHFFFAOYSA-N,Homo sapiens,-0.4313042451625592,4.361706171368499e-06,0.4313042451625592,negative
HILICZ_negative|IK:VRYALKFFQXWPIH-UHFFFAOYSA-N,Streptomyces peucetius,-0.43128982597673127,4.365273278488893e-06,0.43128982597673127,negative
HILICZ_negative|IK:RHBSLIMVGWKFQW-UHFFFAOYSA-N,Saccharothrix espanaensis,0.43126636088956555,4.3710841039845725e-06,0.43126636088956555,positive
HILICZ_negative|IK:COLNVLDHVKWLRT-QMMMGPOBSA-N,Micromonospora inositola,-0.4312661070160522,4.371147012384457e-06,0.4312661070160522,negative
C18_positive|IK:UAUDZVJPLUQNMU-KTKRTIGZSA-N,Streptomyces lydicus,-0.4312648073367428,4.371469078846417e-06,0.4312648073367428,negative
C18_negative|IK:CZDNLUMNELLDDD-QZFWYPLZSA-N,Pseudomonas sp. LAB-08,0.4312085933351238,4.3854206206571004e-06,0.4312085933351238,positive
C18_positive|IK:NJMQSVWMCODQIP-FQXXIRCGSA-N,Opitutus sp. GAS368,-0.43117958803913764,4.392635763565483e-06,0.43117958803913764,negative
C18_positive|IK:NJMQSVWMCODQIP-FQXXIRCGSA-N,Burkholderia ambifaria,-0.4311724799558158,4.394405626426146e-06,0.4311724799558158,negative
HILICZ_positive|IK:SIOXPEMLGUPBBT-UHFFFAOYSA-N,Lacunisphaera limnophila,-0.4311399960177796,4.402502469394171e-06,0.4311399960177796,negative
HILICZ_negative|IK:KCOOTJRKKIDHTM-UHFFFAOYSA-N,Pseudomonas putida,0.4311187172017329,4.4078139905557e-06,0.4311187172017329,positive
C18_positive|IK:RCFGIEPQSDGMJJ-UHFFFAOYSA-N,Pseudomonas sp. CMR12a,0.431114186523437,4.408945698623772e-06,0.431114186523437,positive
HILICZ_positive|IK:COLNVLDHVKWLRT-QMMMGPOBSA-N,Pseudomonas corrugata,0.43109191686184095,4.4145123762553405e-06,0.43109191686184095,positive
C18_positive|IK:FATBGEAMYMYZAF-KTKRTIGZSA-N,Pseudomonas psychrophila,0.4310736495067976,4.4190835619600785e-06,0.4310736495067976,positive
C18_positive|IK:SIKJAQJRHWYJAI-UHFFFAOYSA-N,Streptomyces katrae,-0.43107143686189425,4.419637552972421e-06,0.43107143686189425,negative
C18_positive|NAME:,Mycobacterium avium,-0.4310672915777376,4.420675605027033e-06,0.4310672915777376,negative
C18_negative|IK:SMUMBCREXHTKFN-VZOUQOBNSA-N,Streptomyces virus Caliburn,0.43106591790506454,4.421019647585855e-06,0.43106591790506454,positive
HILICZ_negative|IK:AAWZDTNXLSGCEK-LNVDRNJUSA-N,Streptomyces lunaelactis,-0.43106028291914694,4.422431219892177e-06,0.43106028291914694,negative
HILICZ_positive|IK:WHUUTDBJXJRKMK-VKHMYHEASA-N,Streptomyces lavendulae,-0.4310555172419664,4.4236253610911444e-06,0.4310555172419664,negative
C18_negative|IK:ROJOJPXRGHLGTC-UHFFFAOYSA-N,Massilia sp. YMA4,-0.4309711605406352,4.444813155745332e-06,0.4309711605406352,negative
C18_positive|NAME:,Pseudomonas sp. NC02,0.43095791271457495,4.448149289945264e-06,0.43095791271457495,positive
HILICZ_negative|NAME:,Nitrobacter hamburgensis,-0.43095051299394166,4.450013753424422e-06,0.43095051299394166,negative
C18_negative|IK:CZDNLUMNELLDDD-QZFWYPLZSA-N,Pseudomonas sp. 7SR1,0.43093400060779546,4.454176940770518e-06,0.43093400060779546,positive
HILICZ_positive|IK:MMOXZBCLCQITDF-UHFFFAOYSA-N,Streptomyces albus,0.43092968259128894,4.455266227409747e-06,0.43092968259128894,positive
C18_positive|IK:MMOXZBCLCQITDF-UHFFFAOYSA-N,Massilia sp. YMA4,-0.43091330957851887,4.4593988584877e-06,0.43091330957851887,negative
HILICZ_negative|IK:AAWZDTNXLSGCEK-LNVDRNJUSA-N,Pseudomonas moraviensis,0.43089589896538477,4.463797354358151e-06,0.43089589896538477,positive
HILICZ_negative|IK:OKVJCVWFVRATSG-UHFFFAOYSA-N,Streptomyces rubrolavendulae,-0.4308915315242741,4.464901356474675e-06,0.4308915315242741,negative
HILICZ_negative|IK:CDAISMWEOUEBRE-UHFFFAOYSA-N,Pseudomonas reinekei,0.4308812398224787,4.46750391295666e-06,0.4308812398224787,positive
HILICZ_negative|IK:OKVJCVWFVRATSG-UHFFFAOYSA-N,Pseudomonas monteilii,0.4308776450012914,4.468413305533904e-06,0.4308776450012914,positive
C18_positive|IK:SIKJAQJRHWYJAI-UHFFFAOYSA-N,Pseudonocardia dioxanivorans,-0.4308648767496608,4.471644740605727e-06,0.4308648767496608,negative
C18_negative|IK:BJEPYKJPYRNKOW-REOHCLBHSA-N,Streptomyces hundungensis,-0.4308432628340211,4.477119895766296e-06,0.4308432628340211,negative
HILICZ_negative|IK:AAWZDTNXLSGCEK-LNVDRNJUSA-N,Bradyrhizobium erythrophlei,-0.4308402856105994,4.477874570342976e-06,0.4308402856105994,negative
HILICZ_positive|IK:WHUUTDBJXJRKMK-VKHMYHEASA-N,Streptomyces katrae,-0.43083900048953194,4.478200363374924e-06,0.43083900048953194,negative
HILICZ_negative|IK:AAWZDTNXLSGCEK-LNVDRNJUSA-N,Nakamurella panacisegetis,-0.43083434226947154,4.479381463485049e-06,0.43083434226947154,negative
C18_negative|IK:SMUMBCREXHTKFN-VZOUQOBNSA-N,Blastochloris viridis,-0.4308242002527262,4.481954007164126e-06,0.4308242002527262,negative
C18_positive|IK:LVFCLUMIBMHAFL-HMUNZLOLSA-N,Streptomyces vietnamensis,-0.4308211147633783,4.4827369245747466e-06,0.4308211147633783,negative
C18_positive|IK:NJMQSVWMCODQIP-FQXXIRCGSA-N,Pseudomonas yamanorum,0.4308185114963921,4.483397582443699e-06,0.4308185114963921,positive
HILICZ_negative|IK:AAWZDTNXLSGCEK-LNVDRNJUSA-N,Pseudomonas extremorientalis,0.4308025174584872,4.4874585713092166e-06,0.4308025174584872,positive
HILICZ_positive|IK:COLNVLDHVKWLRT-QMMMGPOBSA-N,Pseudomonas versuta,0.43078361619151034,4.492262200036465e-06,0.43078361619151034,positive
HILICZ_positive|IK:PUQSUZTXKPLAPR-UJPOAAIJSA-N,Streptomyces pristinaespiralis,-0.4307708676965998,4.4955048836963005e-06,0.4307708676965998,negative
C18_positive|IK:RCFGIEPQSDGMJJ-UHFFFAOYSA-N,Pseudomonas mucidolens,0.4307537274861212,4.49986811803356e-06,0.4307537274861212,positive
HILICZ_negative|IK:ODHCTXKNWHHXJC-UHFFFAOYSA-N,Streptomyces albireticuli,-0.43075305530887337,4.500039309770922e-06,0.43075305530887337,negative
C18_positive|NAME:,Jiangella sp. DSM 45060,-0.43074953474335237,4.500936036379624e-06,0.43074953474335237,negative
C18_positive|IK:NJMQSVWMCODQIP-FQXXIRCGSA-N,Pseudomonas mucidolens,0.43073051910040566,4.50578244533323e-06,0.43073051910040566,positive
HILICZ_positive|IK:SIOXPEMLGUPBBT-UHFFFAOYSA-N,Rhodococcus sp. MTM3W5.2,-0.430699177207691,4.513781126111299e-06,0.430699177207691,negative
HILICZ_positive|IK:WHUUTDBJXJRKMK-VKHMYHEASA-N,Streptomyces cattleya,-0.4306935060548537,4.515229876995957e-06,0.4306935060548537,negative
HILICZ_negative|IK:KCOOTJRKKIDHTM-UHFFFAOYSA-N,Streptosporangium sp. 'caverna',-0.43067789957066965,4.519218970416601e-06,0.43067789957066965,negative
HILICZ_positive|IK:MMOXZBCLCQITDF-UHFFFAOYSA-N,Thermomonospora curvata,0.4306690537483822,4.521481482443531e-06,0.4306690537483822,positive
HILICZ_negative|IK:KCOOTJRKKIDHTM-UHFFFAOYSA-N,Burkholderia ambifaria,-0.43065448702315234,4.525209570108733e-06,0.43065448702315234,negative
HILICZ_positive|IK:MMOXZBCLCQITDF-UHFFFAOYSA-N,Mycobacterium avium,0.4306445233393294,4.527761263956296e-06,0.4306445233393294,positive
C18_positive|IK:NGFMICBWJRZIBI-UHFFFAOYSA-N,Anaeromyxobacter sp. Fw109-5,-0.43063539645386567,4.530099845878954e-06,0.43063539645386567,negative
C18_negative|IK:NGFMICBWJRZIBI-UHFFFAOYSA-N,Mycobacterium intracellulare,-0.43061714869584367,4.534778887584208e-06,0.43061714869584367,negative
HILICZ_positive|IK:WHUUTDBJXJRKMK-VKHMYHEASA-N,Pseudomonas umsongensis,0.4306123069416595,4.536021162828949e-06,0.4306123069416595,positive
HILICZ_negative|IK:GHOKWGTUZJEAQD-UHFFFAOYSA-N,Pseudomonas sp. B10,0.4306093112389278,4.536789947431407e-06,0.4306093112389278,positive
C18_positive|IK:LVFCLUMIBMHAFL-HMUNZLOLSA-N,Pseudomonas agarici,0.43060927849599734,4.536798350900704e-06,0.43060927849599734,positive
C18_negative|IK:WJAOHEPEBANKEO-UHFFFAOYSA-N,Nakamurella multipartita,0.430605869523223,4.537673343758456e-06,0.430605869523223,positive
C18_positive|IK:NGFMICBWJRZIBI-UHFFFAOYSA-N,Gemmata sp. SH-PL17,-0.43058275197769763,4.543611207916009e-06,0.43058275197769763,negative
C18_positive|IK:NGFMICBWJRZIBI-UHFFFAOYSA-N,Streptomyces pluripotens,-0.4305736691692215,4.545946181480622e-06,0.4305736691692215,negative
HILICZ_negative|IK:JVQYSWDUAOAHFM-UHFFFAOYSA-N,Streptomyces violaceoruber,-0.4305507167741969,4.551851743095278e-06,0.4305507167741969,negative
C18_negative|NAME:,Pseudomonas prosekii,0.43050706634412267,4.563102812549158e-06,0.43050706634412267,positive
C18_positive|IK:LVFCLUMIBMHAFL-HMUNZLOLSA-N,Jiangella sp. DSM 45060,-0.43048410365203976,4.56903206666193e-06,0.43048410365203976,negative
C18_positive|IK:RCFGIEPQSDGMJJ-UHFFFAOYSA-N,Pseudomonas sp. 31-12,0.43048348767243083,4.569191220394585e-06,0.43048348767243083,positive
HILICZ_negative|IK:OKVJCVWFVRATSG-UHFFFAOYSA-N,Bradyrhizobium lablabi,-0.4304753361559298,4.571297861302749e-06,0.4304753361559298,negative
HILICZ_negative|IK:AAWZDTNXLSGCEK-LNVDRNJUSA-N,Pseudomonas sp. B10,0.4304747134955972,4.571458816490323e-06,0.4304747134955972,positive
C18_positive|IK:SIKJAQJRHWYJAI-UHFFFAOYSA-N,Planctomyces sp. SH-PL62,-0.4304721823809204,4.572113154501054e-06,0.4304721823809204,negative
C18_positive|IK:MMOXZBCLCQITDF-UHFFFAOYSA-N,Pseudomonas fragi,-0.4304251948714001,4.584276321907729e-06,0.4304251948714001,negative
C18_negative|IK:WJAOHEPEBANKEO-UHFFFAOYSA-N,Actinoplanes missouriensis,0.43042170359907383,4.585181288981849e-06,0.43042170359907383,positive
HILICZ_negative|IK:SLWWJZMPHJJOPH-PHDIDXHHSA-N,Burkholderia multivorans,-0.4304197212067524,4.585695216744948e-06,0.4304197212067524,negative
HILICZ_negative|IK:ODHCTXKNWHHXJC-UHFFFAOYSA-N,Amycolatopsis methanolica,-0.4303839301458265,4.594983271201771e-06,0.4303839301458265,negative
HILICZ_negative|IK:KCOOTJRKKIDHTM-UHFFFAOYSA-N,Saccharothrix espanaensis,-0.43037610829013523,4.597015465319462e-06,0.43037610829013523,negative
HILICZ_negative|IK:COLNVLDHVKWLRT-QMMMGPOBSA-N,Streptomyces sp. 2323.1,-0.4303342538285063,4.607904081810845e-06,0.4303342538285063,negative
C18_positive|IK:KZSNJWFQEVHDMF-BYPYZUCNSA-N,Myxococcus macrosporus,-0.4303301595785499,4.608970524338605e-06,0.4303301595785499,negative
HILICZ_negative|IK:KCOOTJRKKIDHTM-UHFFFAOYSA-N,Tessaracoccus sp. T2.5-30,-0.4303202305594038,4.611557735548e-06,0.4303202305594038,negative
HILICZ_positive|IK:PUQSUZTXKPLAPR-UJPOAAIJSA-N,Nocardioides sp. CF8,-0.4303082666932544,4.614676988956148e-06,0.4303082666932544,negative
HILICZ_positive|IK:RGHHSNMVTDWUBI-UHFFFAOYSA-N,Pseudomonas agarici,0.4303037740743592,4.615848831570936e-06,0.4303037740743592,positive
C18_positive|IK:RGHHSNMVTDWUBI-UHFFFAOYSA-N,Massilia sp. WG5,0.43029457959617884,4.618247970066831e-06,0.43029457959617884,positive
HILICZ_positive|IK:COLNVLDHVKWLRT-QMMMGPOBSA-N,Streptomyces parvulus,-0.43028990485076046,4.619468214462819e-06,0.43028990485076046,negative
HILICZ_negative|IK:OKVJCVWFVRATSG-UHFFFAOYSA-N,Pseudomonas alkylphenolica,0.43028153258500346,4.621654379610637e-06,0.43028153258500346,positive
C18_positive|IK:NGFMICBWJRZIBI-UHFFFAOYSA-N,Sandaracinus amylolyticus,-0.43028105551701384,4.621778980952589e-06,0.43028105551701384,negative
C18_positive|NAME:,Streptomyces sp. NEAU-S7GS2,-0.4302800684827949,4.622036786113751e-06,0.4302800684827949,negative
C18_positive|IK:FATBGEAMYMYZAF-KTKRTIGZSA-N,Pseudomonas cedrina,0.430261120596804,4.626988448664271e-06,0.430261120596804,positive
C18_negative|IK:NGFMICBWJRZIBI-UHFFFAOYSA-N,Streptomyces sp. SirexAA-E,-0.43021831125288734,4.638194279655686e-06,0.43021831125288734,negative
HILICZ_positive|IK:RGHHSNMVTDWUBI-UHFFFAOYSA-N,Streptomyces globosus,-0.43021426167049215,4.639255628677543e-06,0.43021426167049215,negative
HILICZ_negative|IK:ODHCTXKNWHHXJC-UHFFFAOYSA-N,Kutzneria albida,-0.4302011389500281,4.642696517934686e-06,0.4302011389500281,negative
C18_positive|IK:LVFCLUMIBMHAFL-HMUNZLOLSA-N,Streptomyces sp. HNM0039,-0.430195138436195,4.644270706161138e-06,0.430195138436195,negative
C18_positive|IK:MDMCODCJMHTFIZ-UHFFFAOYSA-N,Massilia sp. NR 4-1,-0.4301817298777551,4.647790157982659e-06,0.4301817298777551,negative
C18_negative|NAME:,Kytococcus sedentarius,-0.4301768646345504,4.649067799576181e-06,0.4301768646345504,negative
HILICZ_negative|IK:JVQYSWDUAOAHFM-UHFFFAOYSA-N,Pseudomonas aeruginosa,0.43017049053001105,4.650742178646045e-06,0.43017049053001105,positive
C18_negative|IK:CZDNLUMNELLDDD-QZFWYPLZSA-N,Streptomyces violaceoruber,-0.43016757548425993,4.651508105887461e-06,0.43016757548425993,negative
HILICZ_positive|IK:WHUUTDBJXJRKMK-VKHMYHEASA-N,Pseudomonas psychrophila,0.43013637716809494,4.659712910587592e-06,0.43013637716809494,positive
C18_negative|IK:NGFMICBWJRZIBI-UHFFFAOYSA-N,Streptomyces sp. CCM_MD2014,-0.43013246309015896,4.660743232563029e-06,0.43013246309015896,negative
C18_positive|IK:NJMQSVWMCODQIP-FQXXIRCGSA-N,Clavibacter michiganensis,-0.43012314663796636,4.663196513036355e-06,0.43012314663796636,negative
C18_positive|IK:LVFCLUMIBMHAFL-HMUNZLOLSA-N,Pseudomonas sp. NS1(2017),0.4301174988895396,4.664684315218733e-06,0.4301174988895396,positive
HILICZ_negative|IK:GHOKWGTUZJEAQD-UHFFFAOYSA-N,Frankia inefficax,-0.4301171563409874,4.664774568150505e-06,0.4301171563409874,negative
HILICZ_negative|IK:ODHCTXKNWHHXJC-UHFFFAOYSA-N,Tessaracoccus sp. T2.5-30,-0.4301144547198965,4.665486435141817e-06,0.4301144547198965,negative
C18_positive|IK:LVFCLUMIBMHAFL-HMUNZLOLSA-N,Pseudomonas rhodesiae,0.4301060255283147,4.66770815439173e-06,0.4301060255283147,positive
HILICZ_negative|IK:RYWDJUUPROVLNV-LXFHESFISA-N,Kitasatospora aureofaciens,-0.43009268689289537,4.671225917609632e-06,0.43009268689289537,negative
HILICZ_positive|IK:RGHHSNMVTDWUBI-UHFFFAOYSA-N,Pseudomonas rhodesiae,0.43009224733129975,4.671341884603481e-06,0.43009224733129975,positive
HILICZ_positive|IK:WHUUTDBJXJRKMK-VKHMYHEASA-N,Streptomyces globosus,-0.43006792393309984,4.6777632225560595e-06,0.43006792393309984,negative
C18_positive|IK:KZSNJWFQEVHDMF-BYPYZUCNSA-N,Streptomyces fulvissimus,-0.430067707356564,4.677820435810246e-06,0.430067707356564,negative
HILICZ_negative|IK:VRYALKFFQXWPIH-UHFFFAOYSA-N,Pseudomonas stutzeri,0.4300667874577174,4.678063453827865e-06,0.4300667874577174,positive
HILICZ_negative|IK:DRTQHJPVMGBUCF-UHFFFAOYSA-N,Streptomyces cattleya,-0.4300652637854524,4.678466002353565e-06,0.4300652637854524,negative
C18_positive|IK:NGFMICBWJRZIBI-UHFFFAOYSA-N,Bradyrhizobium sp. ORS 285,-0.4300637158157076,4.678875003657811e-06,0.4300637158157076,negative
HILICZ_negative|IK:PFTAWBLQPZVEMU-UHFFFAOYSA-N,Streptomyces sp. 2323.1,-0.4300611420292726,4.679555118780342e-06,0.4300611420292726,negative
HILICZ_positive|IK:WHUUTDBJXJRKMK-VKHMYHEASA-N,Streptomyces olivoreticuli,-0.43005468924623796,4.681260656965078e-06,0.43005468924623796,negative
HILICZ_negative|IK:KCOOTJRKKIDHTM-UHFFFAOYSA-N,Plantactinospora sp. KBS50,-0.4300306990308283,4.6876066682907016e-06,0.4300306990308283,negative
C18_negative|IK:BJEPYKJPYRNKOW-REOHCLBHSA-N,Nocardioides dokdonensis,-0.43001758031226,4.691080329749231e-06,0.43001758031226,negative
C18_positive|IK:RCFGIEPQSDGMJJ-UHFFFAOYSA-N,Streptomyces globosus,-0.42999230666710203,4.697779302360423e-06,0.42999230666710203,negative
HILICZ_negative|NAME:,Pseudomonas sp. URMO17WK12:I11,0.4299828941550283,4.700276466858499e-06,0.4299828941550283,positive
C18_negative|IK:KRKNYBCHXYNGOX-UHFFFAOYSA-N,Streptomyces xiamenensis,-0.42995690841917134,4.7071770561785175e-06,0.42995690841917134,negative
C18_positive|IK:MMOXZBCLCQITDF-UHFFFAOYSA-N,Pseudomonas sp. GR 6-02,-0.4299469639385173,4.709820371049084e-06,0.4299469639385173,negative
HILICZ_negative|IK:AAWZDTNXLSGCEK-LNVDRNJUSA-N,Streptomyces puniciscabiei,-0.42991810793145935,4.717498438034018e-06,0.42991810793145935,negative
HILICZ_negative|IK:ROJOJPXRGHLGTC-UHFFFAOYSA-N,Kitasatospora setae,0.4298993079642962,4.7225071258121805e-06,0.4298993079642962,positive
C18_negative|IK:KRKNYBCHXYNGOX-UHFFFAOYSA-N,Thermobispora bispora,-0.4298950399355079,4.7236449129048195e-06,0.4298950399355079,negative
HILICZ_positive|IK:COLNVLDHVKWLRT-QMMMGPOBSA-N,Kibdelosporangium phytohabitans,-0.42989156551396945,4.724571328205633e-06,0.42989156551396945,negative
C18_negative|IK:SMUMBCREXHTKFN-VZOUQOBNSA-N,Nocardia brasiliensis,-0.4298842884820935,4.726512222298455e-06,0.4298842884820935,negative
HILICZ_negative|IK:AAWZDTNXLSGCEK-LNVDRNJUSA-N,Micromonospora echinaurantiaca,-0.42988321758664333,4.726797909759948e-06,0.42988321758664333,negative
HILICZ_negative|IK:AAWZDTNXLSGCEK-LNVDRNJUSA-N,Pseudomonas rhizosphaerae,0.42985895503437704,4.733274905409684e-06,0.42985895503437704,positive
C18_positive|IK:FATBGEAMYMYZAF-KTKRTIGZSA-N,Pseudomonas vancouverensis,0.42985669049401115,4.733879861617457e-06,0.42985669049401115,positive
HILICZ_negative|IK:PFTAWBLQPZVEMU-UHFFFAOYSA-N,Micromonospora krabiensis,-0.4298449874746051,4.73700740489303e-06,0.4298449874746051,negative
HILICZ_negative|IK:GHOKWGTUZJEAQD-UHFFFAOYSA-N,Pseudolabrys taiwanensis,-0.4298398249527634,4.738387669438224e-06,0.4298398249527634,negative
HILICZ_negative|IK:OKVJCVWFVRATSG-UHFFFAOYSA-N,Pseudomonas sp. 7SR1,0.4298320920590217,4.740455864959394e-06,0.4298320920590217,positive
HILICZ_negative|IK:WJAOHEPEBANKEO-UHFFFAOYSA-N,Ochrobactrum anthropi,0.42981928846773965,4.743882113227698e-06,0.42981928846773965,positive
HILICZ_negative|IK:OKVJCVWFVRATSG-UHFFFAOYSA-N,Pseudomonas corrugata,0.4298154533983729,4.744908834680738e-06,0.4298154533983729,positive
HILICZ_positive|IK:WHUUTDBJXJRKMK-VKHMYHEASA-N,Pseudomonas antarctica,0.4298113224830009,4.746014994349655e-06,0.4298113224830009,positive
HILICZ_negative|IK:COLNVLDHVKWLRT-QMMMGPOBSA-N,Streptomyces sp. NEAU-S7GS2,-0.4298036018789188,4.7480830386622984e-06,0.4298036018789188,negative
HILICZ_positive|IK:COLNVLDHVKWLRT-QMMMGPOBSA-N,Pseudomonas trivialis,0.42980273000450037,4.748316632746579e-06,0.42980273000450037,positive
C18_positive|IK:UAUDZVJPLUQNMU-KTKRTIGZSA-N,Streptomyces albus,-0.42978381980744507,4.753385754224796e-06,0.42978381980744507,negative
HILICZ_negative|IK:SLWWJZMPHJJOPH-PHDIDXHHSA-N,Pseudomonas palleroniana,0.4297816043556094,4.753979968647747e-06,0.4297816043556094,positive
C18_negative|IK:CZDNLUMNELLDDD-QZFWYPLZSA-N,Jiangella alkaliphila,-0.4297809532849053,4.754154608023846e-06,0.4297809532849053,negative
HILICZ_positive|IK:WHUUTDBJXJRKMK-VKHMYHEASA-N,Pseudomonas sp. R5-89-07,0.4297740045968776,4.75601886036345e-06,0.4297740045968776,positive
C18_negative|IK:ROJOJPXRGHLGTC-UHFFFAOYSA-N,Leifsonia xyli,0.42976349186405804,4.7588406159053975e-06,0.42976349186405804,positive
HILICZ_positive|IK:RGHHSNMVTDWUBI-UHFFFAOYSA-N,Streptomyces gilvosporeus,-0.42975836789190014,4.760216529905692e-06,0.42975836789190014,negative
HILICZ_negative|IK:KCOOTJRKKIDHTM-UHFFFAOYSA-N,Mesorhizobium ciceri,0.4297328784498951,4.767066659512221e-06,0.4297328784498951,positive
C18_negative|NAME:,Pseudomonas fragi,0.4297283239318299,4.768291637147985e-06,0.4297283239318299,positive
HILICZ_negative|IK:PFTAWBLQPZVEMU-UHFFFAOYSA-N,Streptomyces sp. HNM0039,-0.4297270963353151,4.7686218608292966e-06,0.4297270963353151,negative
HILICZ_negative|IK:KCOOTJRKKIDHTM-UHFFFAOYSA-N,Sphingomonas sp. LM7,0.42972681840751925,4.7686966264518e-06,0.42972681840751925,positive
HILICZ_negative|IK:GHOKWGTUZJEAQD-UHFFFAOYSA-N,Micromonospora inositola,-0.4296694419967527,4.784155217857499e-06,0.4296694419967527,negative
C18_positive|NAME:,Blastococcus saxobsidens,-0.4296656115788434,4.78518890698179e-06,0.4296656115788434,negative
C18_negative|IK:ROJOJPXRGHLGTC-UHFFFAOYSA-N,Massilia armeniaca,-0.42964667856103045,4.7903013292709664e-06,0.42964667856103045,negative
HILICZ_negative|IK:ODHCTXKNWHHXJC-UHFFFAOYSA-N,Saccharopolyspora erythraea,-0.4296148387606696,4.798910552666323e-06,0.4296148387606696,negative
HILICZ_negative|IK:JVQYSWDUAOAHFM-UHFFFAOYSA-N,Streptomyces gilvosporeus,-0.42960674868432613,4.801100368603689e-06,0.42960674868432613,negative
C18_positive|IK:RCFGIEPQSDGMJJ-UHFFFAOYSA-N,Streptomyces puniciscabiei,-0.4295900796568545,4.805615301967033e-06,0.4295900796568545,negative
HILICZ_negative|IK:CDAISMWEOUEBRE-UHFFFAOYSA-N,Streptomyces sp. Mg1,-0.42958824638410015,4.806112102360617e-06,0.42958824638410015,negative
HILICZ_negative|NAME:,Actinoplanes teichomyceticus,-0.42956197035666194,4.81323799626792e-06,0.42956197035666194,negative
C18_positive|IK:MMOXZBCLCQITDF-UHFFFAOYSA-N,Pseudomonas antarctica,-0.42955988918599736,4.813802822582784e-06,0.42955988918599736,negative
HILICZ_negative|IK:COLNVLDHVKWLRT-QMMMGPOBSA-N,Sphingomonas sp. LM7,0.429556107414612,4.8148293492395304e-06,0.429556107414612,positive
C18_negative|IK:ROJOJPXRGHLGTC-UHFFFAOYSA-N,Pseudomonas frederiksbergensis,-0.42953889855186683,4.819503144017328e-06,0.42953889855186683,negative
HILICZ_positive|IK:FVXDQWZBHIXIEJ-LNDKUQBDSA-N,Kitasatospora setae,-0.4295322526173441,4.821309274351828e-06,0.4295322526173441,negative
C18_positive|IK:RGHHSNMVTDWUBI-UHFFFAOYSA-N,Pseudomonas palleroniana,0.4295303449137515,4.821827838793761e-06,0.4295303449137515,positive
HILICZ_positive|IK:MMOXZBCLCQITDF-UHFFFAOYSA-N,Streptomyces violaceoruber,0.42952193615925255,4.824114188635002e-06,0.42952193615925255,positive
HILICZ_negative|NAME:,Pseudomonas sp. S09G 359,0.42951665408671386,4.825550913199571e-06,0.42951665408671386,positive
C18_negative|IK:CZDNLUMNELLDDD-QZFWYPLZSA-N,Rhodococcus erythropolis,-0.4295027749803158,4.829327956818906e-06,0.4295027749803158,negative
C18_positive|IK:RGHHSNMVTDWUBI-UHFFFAOYSA-N,Pseudomonas sp. 31-12,0.4294830263186975,4.834707143183328e-06,0.4294830263186975,positive
HILICZ_positive|IK:KWIUHFFTVRNATP-UHFFFAOYSA-N,Pseudomonas protegens,0.42946593849736014,4.83936612555175e-06,0.42946593849736014,positive
C18_positive|IK:KZSNJWFQEVHDMF-BYPYZUCNSA-N,Streptomyces virus Caliburn,0.42945912752351617,4.841224313271204e-06,0.42945912752351617,positive
HILICZ_negative|IK:ROJOJPXRGHLGTC-UHFFFAOYSA-N,Micromonospora echinaurantiaca,0.42945383660178865,4.842668261000704e-06,0.42945383660178865,positive
HILICZ_negative|IK:VRYALKFFQXWPIH-UHFFFAOYSA-N,Streptomyces virus Amela,0.42945123623113857,4.843378078209205e-06,0.42945123623113857,positive
C18_positive|IK:NJMQSVWMCODQIP-FQXXIRCGSA-N,Streptomyces globisporus,-0.4294014079248304,4.8569985754811645e-06,0.4294014079248304,negative
HILICZ_negative|NAME:,Pseudomonas cedrina,0.429389053853002,4.860381130477644e-06,0.429389053853002,positive
HILICZ_positive|IK:COLNVLDHVKWLRT-QMMMGPOBSA-N,Pseudomonas rhodesiae,0.4293885239893909,4.8605262572688425e-06,0.4293885239893909,positive
C18_negative|IK:BJEPYKJPYRNKOW-REOHCLBHSA-N,Nocardioides sp. 603,-0.4293773620178501,4.863584411672485e-06,0.4293773620178501,negative
HILICZ_positive|IK:MMOXZBCLCQITDF-UHFFFAOYSA-N,Actinomadura amylolytica,0.4293747507269363,4.864300114565063e-06,0.4293747507269363,positive
C18_positive|IK:MDMCODCJMHTFIZ-UHFFFAOYSA-N,Massilia sp. YMA4,-0.4293295087603492,4.8767158245686895e-06,0.4293295087603492,negative
C18_positive|IK:LVFCLUMIBMHAFL-HMUNZLOLSA-N,Streptomyces venezuelae,-0.42932447090574033,4.878100206932798e-06,0.42932447090574033,negative
HILICZ_negative|IK:KCOOTJRKKIDHTM-UHFFFAOYSA-N,Streptomyces cattleya,-0.42925301950689393,4.897774734783655e-06,0.42925301950689393,negative
C18_positive|IK:SIKJAQJRHWYJAI-UHFFFAOYSA-N,Pseudomonas sp. LG1D9,0.42925101185847936,4.8983286315452135e-06,0.42925101185847936,positive
C18_positive|IK:LVFCLUMIBMHAFL-HMUNZLOLSA-N,Pseudomonas cedrina,0.42923886040502424,4.901682397914367e-06,0.42923886040502424,positive
HILICZ_positive|IK:WHUUTDBJXJRKMK-VKHMYHEASA-N,Pseudomonas extremorientalis,0.4292294646634982,4.90427708085565e-06,0.4292294646634982,positive
C18_negative|NAME:,Plantactinospora sp. KBS50,-0.42922470143186564,4.905592967041024e-06,0.42922470143186564,negative
HILICZ_negative|IK:DRTQHJPVMGBUCF-UHFFFAOYSA-N,Pseudomonas sp. K2W31S-8,0.4292127459529182,4.908897244735818e-06,0.4292127459529182,positive
C18_negative|IK:SMUMBCREXHTKFN-VZOUQOBNSA-N,Arthrobacter alpinus,-0.4292080210863338,4.910203691096664e-06,0.4292080210863338,negative
C18_positive|IK:RCFGIEPQSDGMJJ-UHFFFAOYSA-N,Pseudomonas mediterranea,0.42920749742711073,4.910348505364495e-06,0.42920749742711073,positive
C18_negative|IK:WJAOHEPEBANKEO-UHFFFAOYSA-N,Herbaspirillum robiniae,-0.4291911422936439,4.914873431179554e-06,0.4291911422936439,negative
C18_positive|NAME:,Pseudomonas sp. HLS-6,0.4291903884788173,4.915082081687234e-06,0.4291903884788173,positive
C18_positive|IK:UAUDZVJPLUQNMU-KTKRTIGZSA-N,Mycolicibacter sinensis,-0.4291894229759614,4.915349338122504e-06,0.4291894229759614,negative
C18_positive|IK:NJMQSVWMCODQIP-FQXXIRCGSA-N,Pseudomonas extremaustralis,0.42918248855441693,4.917269226596509e-06,0.42918248855441693,positive
C18_positive|IK:KZSNJWFQEVHDMF-BYPYZUCNSA-N,Bordetella pertussis,-0.42918134782358425,4.9175851211313425e-06,0.42918134782358425,negative
HILICZ_positive|IK:PUQSUZTXKPLAPR-UJPOAAIJSA-N,Burkholderia pseudomallei,-0.42915552258287665,4.924741848434832e-06,0.42915552258287665,negative
HILICZ_negative|IK:RHBSLIMVGWKFQW-UHFFFAOYSA-N,Actinoplanes derwentensis,0.42914637038546777,4.9272804759509756e-06,0.42914637038546777,positive
HILICZ_negative|IK:AAWZDTNXLSGCEK-LNVDRNJUSA-N,Micromonospora rifamycinica,-0.4291463617943959,4.927282859513996e-06,0.4291463617943959,negative
HILICZ_positive|IK:COLNVLDHVKWLRT-QMMMGPOBSA-N,Chryseolinea sp. KIS68-18,0.4291314782385269,4.931413884307136e-06,0.4291314782385269,positive
HILICZ_positive|IK:PUQSUZTXKPLAPR-UJPOAAIJSA-N,Pseudomonas psychrophila,0.42912385151081023,4.933531996768171e-06,0.42912385151081023,positive
HILICZ_negative|IK:NGFMICBWJRZIBI-UHFFFAOYSA-N,Streptomyces cattleya,-0.42911097823227434,4.937109140798034e-06,0.42911097823227434,negative
C18_positive|NAME:,Pseudomonas sp. Z003-0.4C(8344-21),0.4291015336924067,4.939735085063437e-06,0.4291015336924067,positive
C18_positive|IK:WCGUUGGRBIKTOS-UHFFFAOYSA-N,Mesorhizobium ciceri,-0.4290924848635343,4.942252242583276e-06,0.4290924848635343,negative
HILICZ_positive|IK:KWIUHFFTVRNATP-UHFFFAOYSA-N,Streptomyces venezuelae,-0.42908918090293674,4.943171623233806e-06,0.42908918090293674,negative
C18_positive|IK:KZSNJWFQEVHDMF-BYPYZUCNSA-N,Streptomyces virus R4,0.4290776525827679,4.9463808293824544e-06,0.4290776525827679,positive
C18_positive|IK:MMOXZBCLCQITDF-UHFFFAOYSA-N,Dinoroseobacter shibae,0.42906618424203286,4.9495752891050275e-06,0.42906618424203286,positive
HILICZ_negative|IK:LCTONWCANYUPML-UHFFFAOYSA-N,Pseudomonas entomophila,0.42905033526917025,4.953993159998729e-06,0.42905033526917025,positive
C18_negative|NAME:,Pseudomonas sp. CMR12a,0.4290423709425003,4.956214605138984e-06,0.4290423709425003,positive
C18_negative|IK:WJAOHEPEBANKEO-UHFFFAOYSA-N,Micromonospora rifamycinica,0.429028057757574,4.9602092643288615e-06,0.429028057757574,positive
HILICZ_negative|IK:NGFMICBWJRZIBI-UHFFFAOYSA-N,Burkholderia pseudomallei,-0.42902737333244906,4.9604003562556345e-06,0.42902737333244906,negative
HILICZ_negative|IK:ODHCTXKNWHHXJC-UHFFFAOYSA-N,Halomonas sp. JS92-SW72,-0.42901079694206185,4.965030616741701e-06,0.42901079694206185,negative
C18_positive|IK:MMOXZBCLCQITDF-UHFFFAOYSA-N,Pseudomonas sp. HLS-6,-0.4290075259785882,4.96594477209986e-06,0.4290075259785882,negative
C18_positive|IK:RCFGIEPQSDGMJJ-UHFFFAOYSA-N,Pseudomonas azotoformans,0.42897697016851993,4.974492057704405e-06,0.42897697016851993,positive
HILICZ_positive|IK:COLNVLDHVKWLRT-QMMMGPOBSA-N,Tessaracoccus sp. T2.5-30,-0.4289729572174836,4.9756156191268e-06,0.4289729572174836,negative
C18_positive|IK:RCFGIEPQSDGMJJ-UHFFFAOYSA-N,Streptomyces roseochromogenus,-0.4289557876909895,4.980425513273663e-06,0.4289557876909895,negative
HILICZ_negative|NAME:,Pseudomonas sp. HLS-6,0.428951594644135,4.9816008253514685e-06,0.428951594644135,positive
C18_positive|IK:SIKJAQJRHWYJAI-UHFFFAOYSA-N,Pseudomonas alkylphenolica,0.4289444545210776,4.9836028058488e-06,0.4289444545210776,positive
C18_negative|IK:NGFMICBWJRZIBI-UHFFFAOYSA-N,Streptomyces roseochromogenus,-0.4289350516656739,4.986240379677808e-06,0.4289350516656739,negative
HILICZ_negative|IK:ODHCTXKNWHHXJC-UHFFFAOYSA-N,Streptomyces globosus,-0.42893377711514097,4.9865980023273105e-06,0.42893377711514097,negative
HILICZ_negative|IK:ROJOJPXRGHLGTC-UHFFFAOYSA-N,Kibdelosporangium phytohabitans,0.42891517804485607,4.9918194185759165e-06,0.42891517804485607,positive
C18_positive|IK:RGHHSNMVTDWUBI-UHFFFAOYSA-N,Pseudomonas fluorescens,0.4288961400928428,4.9971693864585005e-06,0.4288961400928428,positive
HILICZ_positive|IK:MMOXZBCLCQITDF-UHFFFAOYSA-N,Nocardiopsis gilva,0.4288869678016738,4.999748877034002e-06,0.4288869678016738,positive
HILICZ_positive|IK:WHUUTDBJXJRKMK-VKHMYHEASA-N,Streptomyces xiamenensis,-0.428875766120725,5.002900789546413e-06,0.428875766120725,negative
HILICZ_negative|IK:JVQYSWDUAOAHFM-UHFFFAOYSA-N,Paenibacillus sp. FSL P4-0081,0.42887559074632314,5.002950151039341e-06,0.42887559074632314,positive
C18_positive|IK:SIKJAQJRHWYJAI-UHFFFAOYSA-N,Pseudomonas brenneri,0.4288755232515573,5.002969148474816e-06,0.4288755232515573,positive
HILICZ_positive|IK:FVXDQWZBHIXIEJ-LNDKUQBDSA-N,Mesorhizobium amorphae,0.42887231929516034,5.003871029370769e-06,0.42887231929516034,positive
C18_positive|IK:RCFGIEPQSDGMJJ-UHFFFAOYSA-N,Pseudomonas mandelii,0.4288720825162993,5.003937686280418e-06,0.4288720825162993,positive
HILICZ_negative|IK:COLNVLDHVKWLRT-QMMMGPOBSA-N,Sphingomonas sp. Cra20,0.4288631006056675,5.006466851697079e-06,0.4288631006056675,positive
HILICZ_negative|IK:PFTAWBLQPZVEMU-UHFFFAOYSA-N,Streptomyces gilvosporeus,-0.4288326498879353,5.01505027548669e-06,0.4288326498879353,negative
HILICZ_positive|IK:WHUUTDBJXJRKMK-VKHMYHEASA-N,Kitasatospora aureofaciens,-0.4288196608843257,5.018715828018881e-06,0.4288196608843257,negative
HILICZ_negative|IK:GHOKWGTUZJEAQD-UHFFFAOYSA-N,Thermobispora bispora,-0.428802361086837,5.023601830464022e-06,0.428802361086837,negative
HILICZ_negative|IK:JVQYSWDUAOAHFM-UHFFFAOYSA-N,Sphingobium sp. RAC03,0.4288019453322793,5.023719307724029e-06,0.4288019453322793,positive
C18_positive|IK:RGHHSNMVTDWUBI-UHFFFAOYSA-N,Streptomyces globisporus,-0.42878478129858055,5.028571508189019e-06,0.42878478129858055,negative
