metabolite,best_model,cv_r2,cv_rmse,feature,feature_type,importance_rank,importance
C18_negative|IK:RGHHSNMVTDWUBI-UHFFFAOYSA-N,RandomForest_tuned,0.6466928701780337,3.7137242708050855,Streptomyces sp. SCSIO 03032,mg,1,0.06349544417772142
C18_negative|IK:RGHHSNMVTDWUBI-UHFFFAOYSA-N,RandomForest_tuned,0.6466928701780337,3.7137242708050855,Actinomadura amylolytica,mg,2,0.054575534027173515
C18_negative|IK:RGHHSNMVTDWUBI-UHFFFAOYSA-N,RandomForest_tuned,0.6466928701780337,3.7137242708050855,Thermomonospora curvata,mg,3,0.050812466048853026
C18_negative|IK:RGHHSNMVTDWUBI-UHFFFAOYSA-N,RandomForest_tuned,0.6466928701780337,3.7137242708050855,Allokutzneria albata,mg,4,0.05004761921773075
C18_negative|IK:RGHHSNMVTDWUBI-UHFFFAOYSA-N,RandomForest_tuned,0.6466928701780337,3.7137242708050855,Amycolatopsis keratiniphila,mg,5,0.037390199577861265
C18_negative|IK:RGHHSNMVTDWUBI-UHFFFAOYSA-N,RandomForest_tuned,0.6466928701780337,3.7137242708050855,Actinoalloteichus sp. GBA129-24,mg,6,0.03450328038928607
C18_negative|IK:RGHHSNMVTDWUBI-UHFFFAOYSA-N,RandomForest_tuned,0.6466928701780337,3.7137242708050855,Streptomyces sp. TLI_053,mg,7,0.03263519624568667
C18_negative|IK:RGHHSNMVTDWUBI-UHFFFAOYSA-N,RandomForest_tuned,0.6466928701780337,3.7137242708050855,Micromonospora auratinigra,mg,8,0.03260273461790531
C18_negative|IK:RGHHSNMVTDWUBI-UHFFFAOYSA-N,RandomForest_tuned,0.6466928701780337,3.7137242708050855,Kitasatospora setae,mg,9,0.031056963185970368
C18_negative|IK:RGHHSNMVTDWUBI-UHFFFAOYSA-N,RandomForest_tuned,0.6466928701780337,3.7137242708050855,Micromonospora narathiwatensis,mg,10,0.027114903550587356
C18_negative|IK:RGHHSNMVTDWUBI-UHFFFAOYSA-N,RandomForest_tuned,0.6466928701780337,3.7137242708050855,Streptosporangium roseum,mg,11,0.022851819055581393
C18_negative|IK:RGHHSNMVTDWUBI-UHFFFAOYSA-N,RandomForest_tuned,0.6466928701780337,3.7137242708050855,Nakamurella multipartita,mg,12,0.022729718962872583
C18_negative|IK:RGHHSNMVTDWUBI-UHFFFAOYSA-N,RandomForest_tuned,0.6466928701780337,3.7137242708050855,Amycolatopsis sp. BJA-103,mg,13,0.022236426369139074
C18_negative|IK:RGHHSNMVTDWUBI-UHFFFAOYSA-N,RandomForest_tuned,0.6466928701780337,3.7137242708050855,Nocardiopsis gilva,mg,14,0.020689085310307182
C18_negative|IK:RGHHSNMVTDWUBI-UHFFFAOYSA-N,RandomForest_tuned,0.6466928701780337,3.7137242708050855,Amycolatopsis orientalis,mg,15,0.018585346688905394
C18_negative|IK:RGHHSNMVTDWUBI-UHFFFAOYSA-N,RandomForest_tuned,0.6466928701780337,3.7137242708050855,Streptacidiphilus sp. DSM 106435,mg,16,0.01633348416875249
C18_negative|IK:RGHHSNMVTDWUBI-UHFFFAOYSA-N,RandomForest_tuned,0.6466928701780337,3.7137242708050855,Kitasatospora aureofaciens,mg,17,0.015416480662236356
C18_negative|IK:RGHHSNMVTDWUBI-UHFFFAOYSA-N,RandomForest_tuned,0.6466928701780337,3.7137242708050855,Nocardiopsis dassonvillei,mg,18,0.014788180312456085
C18_negative|IK:RGHHSNMVTDWUBI-UHFFFAOYSA-N,RandomForest_tuned,0.6466928701780337,3.7137242708050855,Streptosporangium sp. 'caverna',mg,19,0.01469950575101306
C18_negative|IK:RGHHSNMVTDWUBI-UHFFFAOYSA-N,RandomForest_tuned,0.6466928701780337,3.7137242708050855,Nakamurella panacisegetis,mg,20,0.014210797670105094
C18_negative|IK:RGHHSNMVTDWUBI-UHFFFAOYSA-N,RandomForest_tuned,0.6466928701780337,3.7137242708050855,Kutzneria albida,mg,21,0.011936100475890849
C18_negative|IK:RGHHSNMVTDWUBI-UHFFFAOYSA-N,RandomForest_tuned,0.6466928701780337,3.7137242708050855,Kitasatospora sp. MMS16-BH015,mg,22,0.010854441394515297
C18_negative|IK:RGHHSNMVTDWUBI-UHFFFAOYSA-N,RandomForest_tuned,0.6466928701780337,3.7137242708050855,Catenulispora acidiphila,mg,23,0.009810598486086843
C18_negative|IK:RGHHSNMVTDWUBI-UHFFFAOYSA-N,RandomForest_tuned,0.6466928701780337,3.7137242708050855,Pseudonocardia sp. AL041005-10,mg,24,0.00973828538914884
C18_negative|IK:RGHHSNMVTDWUBI-UHFFFAOYSA-N,RandomForest_tuned,0.6466928701780337,3.7137242708050855,Nonomuraea sp. ATCC 55076,mg,25,0.008701253888837496
C18_negative|IK:RGHHSNMVTDWUBI-UHFFFAOYSA-N,RandomForest_tuned,0.6466928701780337,3.7137242708050855,Pseudomonas lini,mg,26,0.008668706445162482
C18_negative|IK:RGHHSNMVTDWUBI-UHFFFAOYSA-N,RandomForest_tuned,0.6466928701780337,3.7137242708050855,Alcanivorax sp. N3-2A,mg,27,0.00855139627733087
C18_negative|IK:RGHHSNMVTDWUBI-UHFFFAOYSA-N,RandomForest_tuned,0.6466928701780337,3.7137242708050855,Phycicoccus dokdonensis,mg,28,0.00853780229599335
C18_negative|IK:RGHHSNMVTDWUBI-UHFFFAOYSA-N,RandomForest_tuned,0.6466928701780337,3.7137242708050855,Jatrophihabitans sp. GAS493,mg,29,0.008214777400642423
C18_negative|IK:RGHHSNMVTDWUBI-UHFFFAOYSA-N,RandomForest_tuned,0.6466928701780337,3.7137242708050855,soil_NH4,soil,30,0.007198213677745926
C18_negative|IK:RGHHSNMVTDWUBI-UHFFFAOYSA-N,RandomForest_tuned,0.6466928701780337,3.7137242708050855,Streptomyces xiamenensis,mg,31,0.006709483782642935
C18_negative|IK:RGHHSNMVTDWUBI-UHFFFAOYSA-N,RandomForest_tuned,0.6466928701780337,3.7137242708050855,Thermobispora bispora,mg,32,0.005864148184372396
C18_negative|IK:RGHHSNMVTDWUBI-UHFFFAOYSA-N,RandomForest_tuned,0.6466928701780337,3.7137242708050855,Marmoricola scoriae,mg,33,0.005616397899123044
C18_negative|IK:RGHHSNMVTDWUBI-UHFFFAOYSA-N,RandomForest_tuned,0.6466928701780337,3.7137242708050855,Pseudonocardia dioxanivorans,mg,34,0.005535287497030536
C18_negative|IK:RGHHSNMVTDWUBI-UHFFFAOYSA-N,RandomForest_tuned,0.6466928701780337,3.7137242708050855,Pseudonocardia sp. EC080619-01,mg,35,0.005047574761850683
C18_negative|IK:RGHHSNMVTDWUBI-UHFFFAOYSA-N,RandomForest_tuned,0.6466928701780337,3.7137242708050855,Rhodococcus sp. MTM3W5.2,mg,36,0.00492197051805377
C18_negative|IK:RGHHSNMVTDWUBI-UHFFFAOYSA-N,RandomForest_tuned,0.6466928701780337,3.7137242708050855,Pseudonocardia sp. HH130630-07,mg,37,0.004740413337507055
C18_negative|IK:RGHHSNMVTDWUBI-UHFFFAOYSA-N,RandomForest_tuned,0.6466928701780337,3.7137242708050855,Intrasporangium calvum,mg,38,0.004701459433060879
C18_negative|IK:RGHHSNMVTDWUBI-UHFFFAOYSA-N,RandomForest_tuned,0.6466928701780337,3.7137242708050855,Nocardia nova,mg,39,0.004058089129986888
C18_negative|IK:RGHHSNMVTDWUBI-UHFFFAOYSA-N,RandomForest_tuned,0.6466928701780337,3.7137242708050855,psize__Soil Sand Content %,soil,40,0.004033956477862488
C18_negative|IK:RGHHSNMVTDWUBI-UHFFFAOYSA-N,RandomForest_tuned,0.6466928701780337,3.7137242708050855,Actinopolymorpha singaporensis,mg,41,0.003809921237068778
C18_negative|IK:RGHHSNMVTDWUBI-UHFFFAOYSA-N,RandomForest_tuned,0.6466928701780337,3.7137242708050855,Micromonospora coxensis,mg,42,0.003747006266739992
C18_negative|IK:RGHHSNMVTDWUBI-UHFFFAOYSA-N,RandomForest_tuned,0.6466928701780337,3.7137242708050855,Streptomyces sp. CMB-StM0423,mg,43,0.0036184785453459226
C18_negative|IK:RGHHSNMVTDWUBI-UHFFFAOYSA-N,RandomForest_tuned,0.6466928701780337,3.7137242708050855,Actinoplanes teichomyceticus,mg,44,0.0035691130470473374
C18_negative|IK:RGHHSNMVTDWUBI-UHFFFAOYSA-N,RandomForest_tuned,0.6466928701780337,3.7137242708050855,Micromonospora purpureochromogenes,mg,45,0.0035470320017510124
C18_negative|IK:RGHHSNMVTDWUBI-UHFFFAOYSA-N,RandomForest_tuned,0.6466928701780337,3.7137242708050855,Bradyrhizobium lablabi,mg,46,0.0035237180319627956
C18_negative|IK:RGHHSNMVTDWUBI-UHFFFAOYSA-N,RandomForest_tuned,0.6466928701780337,3.7137242708050855,Nocardia sp. Y48,mg,47,0.003474235732753906
C18_negative|IK:RGHHSNMVTDWUBI-UHFFFAOYSA-N,RandomForest_tuned,0.6466928701780337,3.7137242708050855,Rhodococcus erythropolis,mg,48,0.003401446624409008
C18_negative|IK:RGHHSNMVTDWUBI-UHFFFAOYSA-N,RandomForest_tuned,0.6466928701780337,3.7137242708050855,Amycolatopsis mediterranei,mg,49,0.0031439119218038074
C18_negative|IK:RGHHSNMVTDWUBI-UHFFFAOYSA-N,RandomForest_tuned,0.6466928701780337,3.7137242708050855,Micromonospora krabiensis,mg,50,0.0028995072516808267
C18_negative|IK:WLJVXDMOQOGPHL-UHFFFAOYSA-N,XGBoost_tuned,0.630536037972228,3.1897928180325037,Kutzneria albida,mg,1,0.4598795771598816
C18_negative|IK:WLJVXDMOQOGPHL-UHFFFAOYSA-N,XGBoost_tuned,0.630536037972228,3.1897928180325037,Pseudonocardia sp. AL041005-10,mg,2,0.05801407992839813
C18_negative|IK:WLJVXDMOQOGPHL-UHFFFAOYSA-N,XGBoost_tuned,0.630536037972228,3.1897928180325037,Streptomyces sviceus,mg,3,0.05176599696278572
C18_negative|IK:WLJVXDMOQOGPHL-UHFFFAOYSA-N,XGBoost_tuned,0.630536037972228,3.1897928180325037,Burkholderia pseudomallei,mg,4,0.04697984457015991
C18_negative|IK:WLJVXDMOQOGPHL-UHFFFAOYSA-N,XGBoost_tuned,0.630536037972228,3.1897928180325037,Bacillus muralis,mg,5,0.024352988228201866
C18_negative|IK:WLJVXDMOQOGPHL-UHFFFAOYSA-N,XGBoost_tuned,0.630536037972228,3.1897928180325037,Acinetobacter lwoffii,mg,6,0.02179182879626751
C18_negative|IK:WLJVXDMOQOGPHL-UHFFFAOYSA-N,XGBoost_tuned,0.630536037972228,3.1897928180325037,Streptomyces actuosus,mg,7,0.02120007574558258
C18_negative|IK:WLJVXDMOQOGPHL-UHFFFAOYSA-N,XGBoost_tuned,0.630536037972228,3.1897928180325037,Rahnella sp. ERMR1:05,mg,8,0.021047649905085564
C18_negative|IK:WLJVXDMOQOGPHL-UHFFFAOYSA-N,XGBoost_tuned,0.630536037972228,3.1897928180325037,Lachnoclostridium phytofermentans,mg,9,0.01939667947590351
C18_negative|IK:WLJVXDMOQOGPHL-UHFFFAOYSA-N,XGBoost_tuned,0.630536037972228,3.1897928180325037,Streptomyces lincolnensis,mg,10,0.018412379547953606
C18_negative|IK:WLJVXDMOQOGPHL-UHFFFAOYSA-N,XGBoost_tuned,0.630536037972228,3.1897928180325037,Chryseobacterium arthrosphaerae,mg,11,0.017434703186154366
C18_negative|IK:WLJVXDMOQOGPHL-UHFFFAOYSA-N,XGBoost_tuned,0.630536037972228,3.1897928180325037,Brucella suis,mg,12,0.017164040356874466
C18_negative|IK:WLJVXDMOQOGPHL-UHFFFAOYSA-N,XGBoost_tuned,0.630536037972228,3.1897928180325037,Xanthomonas campestris,mg,13,0.015603127889335155
C18_negative|IK:WLJVXDMOQOGPHL-UHFFFAOYSA-N,XGBoost_tuned,0.630536037972228,3.1897928180325037,Leifsonia sp. 21MFCrub1.1,mg,14,0.014204824343323708
C18_negative|IK:WLJVXDMOQOGPHL-UHFFFAOYSA-N,XGBoost_tuned,0.630536037972228,3.1897928180325037,Dickeya sp. MK7,mg,15,0.011007520370185375
C18_negative|IK:WLJVXDMOQOGPHL-UHFFFAOYSA-N,XGBoost_tuned,0.630536037972228,3.1897928180325037,Caulobacter flavus,mg,16,0.010935792699456215
C18_negative|IK:WLJVXDMOQOGPHL-UHFFFAOYSA-N,XGBoost_tuned,0.630536037972228,3.1897928180325037,Acidiferrobacter sp. SPIII_3,mg,17,0.008806763216853142
C18_negative|IK:WLJVXDMOQOGPHL-UHFFFAOYSA-N,XGBoost_tuned,0.630536037972228,3.1897928180325037,Sphingopyxis sp. LPB0140,mg,18,0.008381408639252186
C18_negative|IK:WLJVXDMOQOGPHL-UHFFFAOYSA-N,XGBoost_tuned,0.630536037972228,3.1897928180325037,Mycobacterium shigaense,mg,19,0.008301782421767712
C18_negative|IK:WLJVXDMOQOGPHL-UHFFFAOYSA-N,XGBoost_tuned,0.630536037972228,3.1897928180325037,Methylobacterium sp. XJLW,mg,20,0.008071636781096458
C18_negative|IK:WLJVXDMOQOGPHL-UHFFFAOYSA-N,XGBoost_tuned,0.630536037972228,3.1897928180325037,Bosea sp. AS-1,mg,21,0.0067833117209374905
C18_negative|IK:WLJVXDMOQOGPHL-UHFFFAOYSA-N,XGBoost_tuned,0.630536037972228,3.1897928180325037,Acinetobacter radioresistens,mg,22,0.005910272244364023
C18_negative|IK:WLJVXDMOQOGPHL-UHFFFAOYSA-N,XGBoost_tuned,0.630536037972228,3.1897928180325037,Streptomyces phage Nanodon,mg,23,0.005215222481638193
C18_negative|IK:WLJVXDMOQOGPHL-UHFFFAOYSA-N,XGBoost_tuned,0.630536037972228,3.1897928180325037,Lactobacillus fermentum,mg,24,0.005094091407954693
C18_negative|IK:WLJVXDMOQOGPHL-UHFFFAOYSA-N,XGBoost_tuned,0.630536037972228,3.1897928180325037,Burkholderia cepacia,mg,25,0.004213972948491573
C18_negative|IK:WLJVXDMOQOGPHL-UHFFFAOYSA-N,XGBoost_tuned,0.630536037972228,3.1897928180325037,Helicobacter pylori,mg,26,0.003936273977160454
C18_negative|IK:WLJVXDMOQOGPHL-UHFFFAOYSA-N,XGBoost_tuned,0.630536037972228,3.1897928180325037,Paraburkholderia caffeinilytica,mg,27,0.0037722585257142782
C18_negative|IK:WLJVXDMOQOGPHL-UHFFFAOYSA-N,XGBoost_tuned,0.630536037972228,3.1897928180325037,Sphingomonas indica,mg,28,0.0033994277473539114
C18_negative|IK:WLJVXDMOQOGPHL-UHFFFAOYSA-N,XGBoost_tuned,0.630536037972228,3.1897928180325037,Cylindrospermum stagnale,mg,29,0.00337703013792634
C18_negative|IK:WLJVXDMOQOGPHL-UHFFFAOYSA-N,XGBoost_tuned,0.630536037972228,3.1897928180325037,Burkholderia sp. MSMB0266,mg,30,0.003282826393842697
C18_negative|IK:WLJVXDMOQOGPHL-UHFFFAOYSA-N,XGBoost_tuned,0.630536037972228,3.1897928180325037,Mesorhizobium amorphae,mg,31,0.0031928368844091892
C18_negative|IK:WLJVXDMOQOGPHL-UHFFFAOYSA-N,XGBoost_tuned,0.630536037972228,3.1897928180325037,Massilia oculi,mg,32,0.002850265707820654
C18_negative|IK:WLJVXDMOQOGPHL-UHFFFAOYSA-N,XGBoost_tuned,0.630536037972228,3.1897928180325037,Bacillus amyloliquefaciens,mg,33,0.0027783464174717665
C18_negative|IK:WLJVXDMOQOGPHL-UHFFFAOYSA-N,XGBoost_tuned,0.630536037972228,3.1897928180325037,Acidipropionibacterium acidipropionici,mg,34,0.0027437712997198105
C18_negative|IK:WLJVXDMOQOGPHL-UHFFFAOYSA-N,XGBoost_tuned,0.630536037972228,3.1897928180325037,Shewanella sp. ANA-3,mg,35,0.0026348475366830826
C18_negative|IK:WLJVXDMOQOGPHL-UHFFFAOYSA-N,XGBoost_tuned,0.630536037972228,3.1897928180325037,Pseudomonas asplenii,mg,36,0.002608922543004155
C18_negative|IK:WLJVXDMOQOGPHL-UHFFFAOYSA-N,XGBoost_tuned,0.630536037972228,3.1897928180325037,Kocuria sp. BT304,mg,37,0.0023248728830367327
C18_negative|IK:WLJVXDMOQOGPHL-UHFFFAOYSA-N,XGBoost_tuned,0.630536037972228,3.1897928180325037,chem__P (Mehlich 1 mg/kg dry weight),soil,38,0.0022040673065930605
C18_negative|IK:WLJVXDMOQOGPHL-UHFFFAOYSA-N,XGBoost_tuned,0.630536037972228,3.1897928180325037,psize__Soil Sand Content %,soil,39,0.002118763281032443
C18_negative|IK:WLJVXDMOQOGPHL-UHFFFAOYSA-N,XGBoost_tuned,0.630536037972228,3.1897928180325037,Xylella fastidiosa,mg,40,0.0019408940570428967
C18_negative|IK:WLJVXDMOQOGPHL-UHFFFAOYSA-N,XGBoost_tuned,0.630536037972228,3.1897928180325037,Erwinia billingiae,mg,41,0.0017811005236580968
C18_negative|IK:WLJVXDMOQOGPHL-UHFFFAOYSA-N,XGBoost_tuned,0.630536037972228,3.1897928180325037,Burkholderia ambifaria,mg,42,0.0017602279549464583
C18_negative|IK:WLJVXDMOQOGPHL-UHFFFAOYSA-N,XGBoost_tuned,0.630536037972228,3.1897928180325037,Streptacidiphilus sp. DSM 106435,mg,43,0.001703179907053709
C18_negative|IK:WLJVXDMOQOGPHL-UHFFFAOYSA-N,XGBoost_tuned,0.630536037972228,3.1897928180325037,Serratia proteamaculans,mg,44,0.001637504086829722
C18_negative|IK:WLJVXDMOQOGPHL-UHFFFAOYSA-N,XGBoost_tuned,0.630536037972228,3.1897928180325037,Vibrio diabolicus,mg,45,0.001550173619762063
C18_negative|IK:WLJVXDMOQOGPHL-UHFFFAOYSA-N,XGBoost_tuned,0.630536037972228,3.1897928180325037,Actinoalloteichus hoggarensis,mg,46,0.0015224155504256487
C18_negative|IK:WLJVXDMOQOGPHL-UHFFFAOYSA-N,XGBoost_tuned,0.630536037972228,3.1897928180325037,Mycobacterium haemophilum,mg,47,0.0015085116028785706
C18_negative|IK:WLJVXDMOQOGPHL-UHFFFAOYSA-N,XGBoost_tuned,0.630536037972228,3.1897928180325037,Sphingomonas sp. Cra20,mg,48,0.001483851345255971
C18_negative|IK:WLJVXDMOQOGPHL-UHFFFAOYSA-N,XGBoost_tuned,0.630536037972228,3.1897928180325037,Bacillus megaterium,mg,49,0.0014525472652167082
C18_negative|IK:WLJVXDMOQOGPHL-UHFFFAOYSA-N,XGBoost_tuned,0.630536037972228,3.1897928180325037,Synechococcus sp. NIES-970,mg,50,0.0014296025037765503
C18_positive|IK:LVGKNOAMLMIIKO-QXMHVHEDSA-N,ExtraTrees_tuned,0.5661954856051917,3.139799192266706,Calothrix sp. NIES-3974,mg,1,0.03772895385117476
C18_positive|IK:LVGKNOAMLMIIKO-QXMHVHEDSA-N,ExtraTrees_tuned,0.5661954856051917,3.139799192266706,Thermomonospora curvata,mg,2,0.02231715295110366
C18_positive|IK:LVGKNOAMLMIIKO-QXMHVHEDSA-N,ExtraTrees_tuned,0.5661954856051917,3.139799192266706,Thermobifida fusca,mg,3,0.021922921849455976
C18_positive|IK:LVGKNOAMLMIIKO-QXMHVHEDSA-N,ExtraTrees_tuned,0.5661954856051917,3.139799192266706,Kutzneria albida,mg,4,0.020954875800731066
C18_positive|IK:LVGKNOAMLMIIKO-QXMHVHEDSA-N,ExtraTrees_tuned,0.5661954856051917,3.139799192266706,Actinomadura amylolytica,mg,5,0.018479147529612924
C18_positive|IK:LVGKNOAMLMIIKO-QXMHVHEDSA-N,ExtraTrees_tuned,0.5661954856051917,3.139799192266706,Nocardiopsis dassonvillei,mg,6,0.017916242237408828
C18_positive|IK:LVGKNOAMLMIIKO-QXMHVHEDSA-N,ExtraTrees_tuned,0.5661954856051917,3.139799192266706,Catenulispora acidiphila,mg,7,0.01507128445111312
C18_positive|IK:LVGKNOAMLMIIKO-QXMHVHEDSA-N,ExtraTrees_tuned,0.5661954856051917,3.139799192266706,Nocardiopsis alba,mg,8,0.014111608610138741
C18_positive|IK:LVGKNOAMLMIIKO-QXMHVHEDSA-N,ExtraTrees_tuned,0.5661954856051917,3.139799192266706,Nostoc sp. PCC 7524,mg,9,0.014036438304667893
C18_positive|IK:LVGKNOAMLMIIKO-QXMHVHEDSA-N,ExtraTrees_tuned,0.5661954856051917,3.139799192266706,Mycobacterium colombiense,mg,10,0.013355075093931787
C18_positive|IK:LVGKNOAMLMIIKO-QXMHVHEDSA-N,ExtraTrees_tuned,0.5661954856051917,3.139799192266706,Kosakonia radicincitans,mg,11,0.013160186745547283
C18_positive|IK:LVGKNOAMLMIIKO-QXMHVHEDSA-N,ExtraTrees_tuned,0.5661954856051917,3.139799192266706,Nocardiopsis gilva,mg,12,0.012181295976907234
C18_positive|IK:LVGKNOAMLMIIKO-QXMHVHEDSA-N,ExtraTrees_tuned,0.5661954856051917,3.139799192266706,Thermobispora bispora,mg,13,0.01183644981418932
C18_positive|IK:LVGKNOAMLMIIKO-QXMHVHEDSA-N,ExtraTrees_tuned,0.5661954856051917,3.139799192266706,Mycobacterium shigaense,mg,14,0.011494692512243063
C18_positive|IK:LVGKNOAMLMIIKO-QXMHVHEDSA-N,ExtraTrees_tuned,0.5661954856051917,3.139799192266706,Gramella salexigens,mg,15,0.01132749133969146
C18_positive|IK:LVGKNOAMLMIIKO-QXMHVHEDSA-N,ExtraTrees_tuned,0.5661954856051917,3.139799192266706,Treponema denticola,mg,16,0.011210983606570421
C18_positive|IK:LVGKNOAMLMIIKO-QXMHVHEDSA-N,ExtraTrees_tuned,0.5661954856051917,3.139799192266706,Kitasatospora setae,mg,17,0.01034393373703654
C18_positive|IK:LVGKNOAMLMIIKO-QXMHVHEDSA-N,ExtraTrees_tuned,0.5661954856051917,3.139799192266706,Aquimarina sp. AD10,mg,18,0.010168306670845497
C18_positive|IK:LVGKNOAMLMIIKO-QXMHVHEDSA-N,ExtraTrees_tuned,0.5661954856051917,3.139799192266706,Streptosporangium roseum,mg,19,0.009809645163149729
C18_positive|IK:LVGKNOAMLMIIKO-QXMHVHEDSA-N,ExtraTrees_tuned,0.5661954856051917,3.139799192266706,Kitasatospora aureofaciens,mg,20,0.00964555308789371
C18_positive|IK:LVGKNOAMLMIIKO-QXMHVHEDSA-N,ExtraTrees_tuned,0.5661954856051917,3.139799192266706,Nonomuraea sp. ATCC 55076,mg,21,0.009110846827724443
C18_positive|IK:LVGKNOAMLMIIKO-QXMHVHEDSA-N,ExtraTrees_tuned,0.5661954856051917,3.139799192266706,Glaciecola nitratireducens,mg,22,0.008992270042610037
C18_positive|IK:LVGKNOAMLMIIKO-QXMHVHEDSA-N,ExtraTrees_tuned,0.5661954856051917,3.139799192266706,Streptacidiphilus sp. DSM 106435,mg,23,0.008784795988726633
C18_positive|IK:LVGKNOAMLMIIKO-QXMHVHEDSA-N,ExtraTrees_tuned,0.5661954856051917,3.139799192266706,soil_total_N,soil,24,0.00840893129994256
C18_positive|IK:LVGKNOAMLMIIKO-QXMHVHEDSA-N,ExtraTrees_tuned,0.5661954856051917,3.139799192266706,soil_total_C,soil,25,0.008318065134926637
C18_positive|IK:LVGKNOAMLMIIKO-QXMHVHEDSA-N,ExtraTrees_tuned,0.5661954856051917,3.139799192266706,Kitasatospora sp. MMS16-BH015,mg,26,0.008200332033278768
C18_positive|IK:LVGKNOAMLMIIKO-QXMHVHEDSA-N,ExtraTrees_tuned,0.5661954856051917,3.139799192266706,Streptosporangium sp. 'caverna',mg,27,0.007994901199325772
C18_positive|IK:LVGKNOAMLMIIKO-QXMHVHEDSA-N,ExtraTrees_tuned,0.5661954856051917,3.139799192266706,Nocardia seriolae,mg,28,0.007891764047023781
C18_positive|IK:LVGKNOAMLMIIKO-QXMHVHEDSA-N,ExtraTrees_tuned,0.5661954856051917,3.139799192266706,Saccharothrix espanaensis,mg,29,0.007785202392337487
C18_positive|IK:LVGKNOAMLMIIKO-QXMHVHEDSA-N,ExtraTrees_tuned,0.5661954856051917,3.139799192266706,nitrif__Rate (mg NO3-N/kilogram dry weight soil/day),soil,30,0.007765927717395692
C18_positive|IK:LVGKNOAMLMIIKO-QXMHVHEDSA-N,ExtraTrees_tuned,0.5661954856051917,3.139799192266706,Mycobacterium marseillense,mg,31,0.007425883863826894
C18_positive|IK:LVGKNOAMLMIIKO-QXMHVHEDSA-N,ExtraTrees_tuned,0.5661954856051917,3.139799192266706,Amycolatopsis albispora,mg,32,0.00721436730548072
C18_positive|IK:LVGKNOAMLMIIKO-QXMHVHEDSA-N,ExtraTrees_tuned,0.5661954856051917,3.139799192266706,Mycobacterium haemophilum,mg,33,0.007171488400775519
C18_positive|IK:LVGKNOAMLMIIKO-QXMHVHEDSA-N,ExtraTrees_tuned,0.5661954856051917,3.139799192266706,moist__Replicate 1 Mass Water / Mass Dry Soil %,soil,34,0.006832556285844469
C18_positive|IK:LVGKNOAMLMIIKO-QXMHVHEDSA-N,ExtraTrees_tuned,0.5661954856051917,3.139799192266706,Plantactinospora sp. KBS50,mg,35,0.006648630218971937
C18_positive|IK:LVGKNOAMLMIIKO-QXMHVHEDSA-N,ExtraTrees_tuned,0.5661954856051917,3.139799192266706,Wolbachia endosymbiont of Drosophila simulans,mg,36,0.006596823055209247
C18_positive|IK:LVGKNOAMLMIIKO-QXMHVHEDSA-N,ExtraTrees_tuned,0.5661954856051917,3.139799192266706,Rickettsia helvetica,mg,37,0.006329829701575418
C18_positive|IK:LVGKNOAMLMIIKO-QXMHVHEDSA-N,ExtraTrees_tuned,0.5661954856051917,3.139799192266706,Frankia symbiont of Datisca glomerata,mg,38,0.006246549080040581
C18_positive|IK:LVGKNOAMLMIIKO-QXMHVHEDSA-N,ExtraTrees_tuned,0.5661954856051917,3.139799192266706,Streptomyces sp. TLI_053,mg,39,0.006227203160622276
C18_positive|IK:LVGKNOAMLMIIKO-QXMHVHEDSA-N,ExtraTrees_tuned,0.5661954856051917,3.139799192266706,Saccharomonospora marina,mg,40,0.006197633326695061
C18_positive|IK:LVGKNOAMLMIIKO-QXMHVHEDSA-N,ExtraTrees_tuned,0.5661954856051917,3.139799192266706,Saccharopolyspora erythraea,mg,41,0.00583410150575598
C18_positive|IK:LVGKNOAMLMIIKO-QXMHVHEDSA-N,ExtraTrees_tuned,0.5661954856051917,3.139799192266706,Frankia sp. EAN1pec,mg,42,0.005747336069205222
C18_positive|IK:LVGKNOAMLMIIKO-QXMHVHEDSA-N,ExtraTrees_tuned,0.5661954856051917,3.139799192266706,Nocardia sp. CFHS0054,mg,43,0.005557332015446788
C18_positive|IK:LVGKNOAMLMIIKO-QXMHVHEDSA-N,ExtraTrees_tuned,0.5661954856051917,3.139799192266706,Prevotella intermedia,mg,44,0.005463311266645305
C18_positive|IK:LVGKNOAMLMIIKO-QXMHVHEDSA-N,ExtraTrees_tuned,0.5661954856051917,3.139799192266706,Jonesia denitrificans,mg,45,0.005319509973222286
C18_positive|IK:LVGKNOAMLMIIKO-QXMHVHEDSA-N,ExtraTrees_tuned,0.5661954856051917,3.139799192266706,Rickettsia rickettsii,mg,46,0.005154149659210901
C18_positive|IK:LVGKNOAMLMIIKO-QXMHVHEDSA-N,ExtraTrees_tuned,0.5661954856051917,3.139799192266706,Stackebrandtia nassauensis,mg,47,0.005127564222808341
C18_positive|IK:LVGKNOAMLMIIKO-QXMHVHEDSA-N,ExtraTrees_tuned,0.5661954856051917,3.139799192266706,Frankia inefficax,mg,48,0.005060611189823749
C18_positive|IK:LVGKNOAMLMIIKO-QXMHVHEDSA-N,ExtraTrees_tuned,0.5661954856051917,3.139799192266706,Kibdelosporangium phytohabitans,mg,49,0.005052691939121016
C18_positive|IK:LVGKNOAMLMIIKO-QXMHVHEDSA-N,ExtraTrees_tuned,0.5661954856051917,3.139799192266706,Nakamurella panacisegetis,mg,50,0.005008849636103646
HILICZ_negative|IK:COLNVLDHVKWLRT-QMMMGPOBSA-N,RandomForest_tuned,0.5267660573045383,4.232243680762494,Kitasatospora aureofaciens,mg,1,0.24544413877032908
HILICZ_negative|IK:COLNVLDHVKWLRT-QMMMGPOBSA-N,RandomForest_tuned,0.5267660573045383,4.232243680762494,Agromyces aureus,mg,2,0.17247624450612925
HILICZ_negative|IK:COLNVLDHVKWLRT-QMMMGPOBSA-N,RandomForest_tuned,0.5267660573045383,4.232243680762494,Streptomyces xiamenensis,mg,3,0.10657915336850012
HILICZ_negative|IK:COLNVLDHVKWLRT-QMMMGPOBSA-N,RandomForest_tuned,0.5267660573045383,4.232243680762494,Streptacidiphilus sp. DSM 106435,mg,4,0.05921706855918952
HILICZ_negative|IK:COLNVLDHVKWLRT-QMMMGPOBSA-N,RandomForest_tuned,0.5267660573045383,4.232243680762494,Actinoplanes friuliensis,mg,5,0.05457426679325512
HILICZ_negative|IK:COLNVLDHVKWLRT-QMMMGPOBSA-N,RandomForest_tuned,0.5267660573045383,4.232243680762494,Agromyces sp. 30A,mg,6,0.044764094942651114
HILICZ_negative|IK:COLNVLDHVKWLRT-QMMMGPOBSA-N,RandomForest_tuned,0.5267660573045383,4.232243680762494,Kitasatospora sp. MMS16-BH015,mg,7,0.03075331916285839
HILICZ_negative|IK:COLNVLDHVKWLRT-QMMMGPOBSA-N,RandomForest_tuned,0.5267660573045383,4.232243680762494,Microbacterium sp. BH-3-3-3,mg,8,0.02368454127667207
HILICZ_negative|IK:COLNVLDHVKWLRT-QMMMGPOBSA-N,RandomForest_tuned,0.5267660573045383,4.232243680762494,Streptomyces sp. TLI_053,mg,9,0.023078053626562095
HILICZ_negative|IK:COLNVLDHVKWLRT-QMMMGPOBSA-N,RandomForest_tuned,0.5267660573045383,4.232243680762494,Microbacterium sp. LKL04,mg,10,0.023066353137751468
HILICZ_negative|IK:COLNVLDHVKWLRT-QMMMGPOBSA-N,RandomForest_tuned,0.5267660573045383,4.232243680762494,Lysinimonas sp. 2DFWR-13,mg,11,0.021282631314596404
HILICZ_negative|IK:COLNVLDHVKWLRT-QMMMGPOBSA-N,RandomForest_tuned,0.5267660573045383,4.232243680762494,Cellulomonas fimi,mg,12,0.01778261116541846
HILICZ_negative|IK:COLNVLDHVKWLRT-QMMMGPOBSA-N,RandomForest_tuned,0.5267660573045383,4.232243680762494,Paraburkholderia phytofirmans,mg,13,0.01725361452074696
HILICZ_negative|IK:COLNVLDHVKWLRT-QMMMGPOBSA-N,RandomForest_tuned,0.5267660573045383,4.232243680762494,Streptomyces sp. SCSIO 03032,mg,14,0.008408146728886944
HILICZ_negative|IK:COLNVLDHVKWLRT-QMMMGPOBSA-N,RandomForest_tuned,0.5267660573045383,4.232243680762494,Pseudomonas protegens,mg,15,0.006448021868487907
HILICZ_negative|IK:COLNVLDHVKWLRT-QMMMGPOBSA-N,RandomForest_tuned,0.5267660573045383,4.232243680762494,Actinoplanes teichomyceticus,mg,16,0.006409635000540349
HILICZ_negative|IK:COLNVLDHVKWLRT-QMMMGPOBSA-N,RandomForest_tuned,0.5267660573045383,4.232243680762494,Pseudomonas chlororaphis,mg,17,0.006046535810287065
HILICZ_negative|IK:COLNVLDHVKWLRT-QMMMGPOBSA-N,RandomForest_tuned,0.5267660573045383,4.232243680762494,Cupriavidus pauculus,mg,18,0.005529926822744185
HILICZ_negative|IK:COLNVLDHVKWLRT-QMMMGPOBSA-N,RandomForest_tuned,0.5267660573045383,4.232243680762494,Paenibacillus riograndensis,mg,19,0.005463294226463312
HILICZ_negative|IK:COLNVLDHVKWLRT-QMMMGPOBSA-N,RandomForest_tuned,0.5267660573045383,4.232243680762494,Paenibacillus graminis,mg,20,0.005282932950550347
HILICZ_negative|IK:COLNVLDHVKWLRT-QMMMGPOBSA-N,RandomForest_tuned,0.5267660573045383,4.232243680762494,Lysobacter gummosus,mg,21,0.0050973985679910105
HILICZ_negative|IK:COLNVLDHVKWLRT-QMMMGPOBSA-N,RandomForest_tuned,0.5267660573045383,4.232243680762494,Pseudoxanthomonas spadix,mg,22,0.004083895124719601
HILICZ_negative|IK:COLNVLDHVKWLRT-QMMMGPOBSA-N,RandomForest_tuned,0.5267660573045383,4.232243680762494,Actinoplanes sp. N902-109,mg,23,0.0035223688162933165
HILICZ_negative|IK:COLNVLDHVKWLRT-QMMMGPOBSA-N,RandomForest_tuned,0.5267660573045383,4.232243680762494,Massilia sp. NR 4-1,mg,24,0.0030159747246472917
HILICZ_negative|IK:COLNVLDHVKWLRT-QMMMGPOBSA-N,RandomForest_tuned,0.5267660573045383,4.232243680762494,Microbacterium sp. No. 7,mg,25,0.002900319063647726
HILICZ_negative|IK:COLNVLDHVKWLRT-QMMMGPOBSA-N,RandomForest_tuned,0.5267660573045383,4.232243680762494,Microbacterium foliorum,mg,26,0.0027667532048329716
HILICZ_negative|IK:COLNVLDHVKWLRT-QMMMGPOBSA-N,RandomForest_tuned,0.5267660573045383,4.232243680762494,Actinoplanes derwentensis,mg,27,0.002665725830498944
HILICZ_negative|IK:COLNVLDHVKWLRT-QMMMGPOBSA-N,RandomForest_tuned,0.5267660573045383,4.232243680762494,Microbacterium paludicola,mg,28,0.002559457787882105
HILICZ_negative|IK:COLNVLDHVKWLRT-QMMMGPOBSA-N,RandomForest_tuned,0.5267660573045383,4.232243680762494,Flavobacterium sp. HYN0048,mg,29,0.002552798696344246
HILICZ_negative|IK:COLNVLDHVKWLRT-QMMMGPOBSA-N,RandomForest_tuned,0.5267660573045383,4.232243680762494,Microbacterium sp. 10M-3C3,mg,30,0.0019256480207529075
HILICZ_negative|IK:COLNVLDHVKWLRT-QMMMGPOBSA-N,RandomForest_tuned,0.5267660573045383,4.232243680762494,Kitasatospora setae,mg,31,0.0019143208259752233
HILICZ_negative|IK:COLNVLDHVKWLRT-QMMMGPOBSA-N,RandomForest_tuned,0.5267660573045383,4.232243680762494,Massilia sp. WG5,mg,32,0.0017317868859101795
HILICZ_negative|IK:COLNVLDHVKWLRT-QMMMGPOBSA-N,RandomForest_tuned,0.5267660573045383,4.232243680762494,Cupriavidus basilensis,mg,33,0.0017234519031186998
HILICZ_negative|IK:COLNVLDHVKWLRT-QMMMGPOBSA-N,RandomForest_tuned,0.5267660573045383,4.232243680762494,Massilia armeniaca,mg,34,0.0017075828918760502
HILICZ_negative|IK:COLNVLDHVKWLRT-QMMMGPOBSA-N,RandomForest_tuned,0.5267660573045383,4.232243680762494,Novosphingobium resinovorum,mg,35,0.0015849686032335093
HILICZ_negative|IK:COLNVLDHVKWLRT-QMMMGPOBSA-N,RandomForest_tuned,0.5267660573045383,4.232243680762494,Sphingomonas sp. LM7,mg,36,0.0015530683290630445
HILICZ_negative|IK:COLNVLDHVKWLRT-QMMMGPOBSA-N,RandomForest_tuned,0.5267660573045383,4.232243680762494,Micromonospora krabiensis,mg,37,0.0014315144828402012
HILICZ_negative|IK:COLNVLDHVKWLRT-QMMMGPOBSA-N,RandomForest_tuned,0.5267660573045383,4.232243680762494,Serratia plymuthica,mg,38,0.001317422402755181
HILICZ_negative|IK:COLNVLDHVKWLRT-QMMMGPOBSA-N,RandomForest_tuned,0.5267660573045383,4.232243680762494,Massilia sp. YMA4,mg,39,0.0012966810305334573
HILICZ_negative|IK:COLNVLDHVKWLRT-QMMMGPOBSA-N,RandomForest_tuned,0.5267660573045383,4.232243680762494,Mesorhizobium loti,mg,40,0.0012141815641307455
HILICZ_negative|IK:COLNVLDHVKWLRT-QMMMGPOBSA-N,RandomForest_tuned,0.5267660573045383,4.232243680762494,Janthinobacterium sp. LM6,mg,41,0.0011949967809447505
HILICZ_negative|IK:COLNVLDHVKWLRT-QMMMGPOBSA-N,RandomForest_tuned,0.5267660573045383,4.232243680762494,soil_NO3,soil,42,0.001190719690344227
HILICZ_negative|IK:COLNVLDHVKWLRT-QMMMGPOBSA-N,RandomForest_tuned,0.5267660573045383,4.232243680762494,Mesorhizobium australicum,mg,43,0.0010763908541694238
HILICZ_negative|IK:COLNVLDHVKWLRT-QMMMGPOBSA-N,RandomForest_tuned,0.5267660573045383,4.232243680762494,Microbacterium sp. PAMC 28756,mg,44,0.0010021632213750788
HILICZ_negative|IK:COLNVLDHVKWLRT-QMMMGPOBSA-N,RandomForest_tuned,0.5267660573045383,4.232243680762494,Pseudomonas sp. DY-1,mg,45,0.0009913827685287533
HILICZ_negative|IK:COLNVLDHVKWLRT-QMMMGPOBSA-N,RandomForest_tuned,0.5267660573045383,4.232243680762494,Burkholderia mallei,mg,46,0.0009603077894732751
HILICZ_negative|IK:COLNVLDHVKWLRT-QMMMGPOBSA-N,RandomForest_tuned,0.5267660573045383,4.232243680762494,Herminiimonas arsenicoxydans,mg,47,0.0009476116352927882
HILICZ_negative|IK:COLNVLDHVKWLRT-QMMMGPOBSA-N,RandomForest_tuned,0.5267660573045383,4.232243680762494,Janthinobacterium svalbardensis,mg,48,0.0009172507746988326
HILICZ_negative|IK:COLNVLDHVKWLRT-QMMMGPOBSA-N,RandomForest_tuned,0.5267660573045383,4.232243680762494,chem__Mg (Mehlich 1 mg/kg dry weight),soil,49,0.0008907877604071828
HILICZ_negative|IK:COLNVLDHVKWLRT-QMMMGPOBSA-N,RandomForest_tuned,0.5267660573045383,4.232243680762494,Pseudomonas avellanae,mg,50,0.0008427099491948248
C18_positive|IK:MECHNRXZTMCUDQ-UHFFFAOYSA-N,ExtraTrees_tuned,0.4860926802070316,4.207452786834347,Tessaracoccus flavescens,mg,1,0.004319913920721739
C18_positive|IK:MECHNRXZTMCUDQ-UHFFFAOYSA-N,ExtraTrees_tuned,0.4860926802070316,4.207452786834347,Micromonospora echinofusca,mg,2,0.003778499458376264
C18_positive|IK:MECHNRXZTMCUDQ-UHFFFAOYSA-N,ExtraTrees_tuned,0.4860926802070316,4.207452786834347,Pseudarcicella sp. HME7025,mg,3,0.003692105879549305
C18_positive|IK:MECHNRXZTMCUDQ-UHFFFAOYSA-N,ExtraTrees_tuned,0.4860926802070316,4.207452786834347,Thermosulfidibacter takaii,mg,4,0.003474196697861307
C18_positive|IK:MECHNRXZTMCUDQ-UHFFFAOYSA-N,ExtraTrees_tuned,0.4860926802070316,4.207452786834347,Desulfocapsa sulfexigens,mg,5,0.003461395799869072
C18_positive|IK:MECHNRXZTMCUDQ-UHFFFAOYSA-N,ExtraTrees_tuned,0.4860926802070316,4.207452786834347,Actinomyces sp. VUL4_3,mg,6,0.0033583268588683194
C18_positive|IK:MECHNRXZTMCUDQ-UHFFFAOYSA-N,ExtraTrees_tuned,0.4860926802070316,4.207452786834347,Sphaerochaeta globosa,mg,7,0.0032956486383646662
C18_positive|IK:MECHNRXZTMCUDQ-UHFFFAOYSA-N,ExtraTrees_tuned,0.4860926802070316,4.207452786834347,Thermobispora bispora,mg,8,0.0032124835533414264
C18_positive|IK:MECHNRXZTMCUDQ-UHFFFAOYSA-N,ExtraTrees_tuned,0.4860926802070316,4.207452786834347,Gordonia phthalatica,mg,9,0.0031147184333248337
C18_positive|IK:MECHNRXZTMCUDQ-UHFFFAOYSA-N,ExtraTrees_tuned,0.4860926802070316,4.207452786834347,Corynebacterium ammoniagenes,mg,10,0.003109815019762606
C18_positive|IK:MECHNRXZTMCUDQ-UHFFFAOYSA-N,ExtraTrees_tuned,0.4860926802070316,4.207452786834347,Nocardiopsis dassonvillei,mg,11,0.0030498247615765965
C18_positive|IK:MECHNRXZTMCUDQ-UHFFFAOYSA-N,ExtraTrees_tuned,0.4860926802070316,4.207452786834347,Psychrobacter sp. AntiMn-1,mg,12,0.0030471481684876843
C18_positive|IK:MECHNRXZTMCUDQ-UHFFFAOYSA-N,ExtraTrees_tuned,0.4860926802070316,4.207452786834347,Streptococcus suis,mg,13,0.0030111656604551395
C18_positive|IK:MECHNRXZTMCUDQ-UHFFFAOYSA-N,ExtraTrees_tuned,0.4860926802070316,4.207452786834347,Arcanobacterium haemolyticum,mg,14,0.002800168260825012
C18_positive|IK:MECHNRXZTMCUDQ-UHFFFAOYSA-N,ExtraTrees_tuned,0.4860926802070316,4.207452786834347,Carboxydocella thermautotrophica,mg,15,0.002770415741904365
C18_positive|IK:MECHNRXZTMCUDQ-UHFFFAOYSA-N,ExtraTrees_tuned,0.4860926802070316,4.207452786834347,Clostridium sp. SY8519,mg,16,0.0027340140469034385
C18_positive|IK:MECHNRXZTMCUDQ-UHFFFAOYSA-N,ExtraTrees_tuned,0.4860926802070316,4.207452786834347,Acidaminococcus intestini,mg,17,0.0027198136169431755
C18_positive|IK:MECHNRXZTMCUDQ-UHFFFAOYSA-N,ExtraTrees_tuned,0.4860926802070316,4.207452786834347,Ruminococcus champanellensis,mg,18,0.002695463117862407
C18_positive|IK:MECHNRXZTMCUDQ-UHFFFAOYSA-N,ExtraTrees_tuned,0.4860926802070316,4.207452786834347,Desulfobacula toluolica,mg,19,0.0026843826308763567
C18_positive|IK:MECHNRXZTMCUDQ-UHFFFAOYSA-N,ExtraTrees_tuned,0.4860926802070316,4.207452786834347,Methylovulum psychrotolerans,mg,20,0.0026570431326385195
C18_positive|IK:MECHNRXZTMCUDQ-UHFFFAOYSA-N,ExtraTrees_tuned,0.4860926802070316,4.207452786834347,Anaerolinea thermophila,mg,21,0.0026243566278325993
C18_positive|IK:MECHNRXZTMCUDQ-UHFFFAOYSA-N,ExtraTrees_tuned,0.4860926802070316,4.207452786834347,Saccharothrix espanaensis,mg,22,0.002606609449000401
C18_positive|IK:MECHNRXZTMCUDQ-UHFFFAOYSA-N,ExtraTrees_tuned,0.4860926802070316,4.207452786834347,Planktothrix agardhii,mg,23,0.0025813323464335697
C18_positive|IK:MECHNRXZTMCUDQ-UHFFFAOYSA-N,ExtraTrees_tuned,0.4860926802070316,4.207452786834347,Intrasporangium calvum,mg,24,0.0025719446620876708
C18_positive|IK:MECHNRXZTMCUDQ-UHFFFAOYSA-N,ExtraTrees_tuned,0.4860926802070316,4.207452786834347,Pelodictyon phaeoclathratiforme,mg,25,0.0025633133924047044
C18_positive|IK:MECHNRXZTMCUDQ-UHFFFAOYSA-N,ExtraTrees_tuned,0.4860926802070316,4.207452786834347,Serinicoccus sp. JLT9,mg,26,0.0025573122513472962
C18_positive|IK:MECHNRXZTMCUDQ-UHFFFAOYSA-N,ExtraTrees_tuned,0.4860926802070316,4.207452786834347,Dermatophilus congolensis,mg,27,0.002556354365214501
C18_positive|IK:MECHNRXZTMCUDQ-UHFFFAOYSA-N,ExtraTrees_tuned,0.4860926802070316,4.207452786834347,Corynebacterium mustelae,mg,28,0.0025526911164108325
C18_positive|IK:MECHNRXZTMCUDQ-UHFFFAOYSA-N,ExtraTrees_tuned,0.4860926802070316,4.207452786834347,Actinomyces hongkongensis,mg,29,0.0025464022200620833
C18_positive|IK:MECHNRXZTMCUDQ-UHFFFAOYSA-N,ExtraTrees_tuned,0.4860926802070316,4.207452786834347,Allokutzneria albata,mg,30,0.0025119777872781063
C18_positive|IK:MECHNRXZTMCUDQ-UHFFFAOYSA-N,ExtraTrees_tuned,0.4860926802070316,4.207452786834347,Rhodococcus sp. WMMA185,mg,31,0.0025004494082369066
C18_positive|IK:MECHNRXZTMCUDQ-UHFFFAOYSA-N,ExtraTrees_tuned,0.4860926802070316,4.207452786834347,Acidiphilium multivorum,mg,32,0.00249876892753576
C18_positive|IK:MECHNRXZTMCUDQ-UHFFFAOYSA-N,ExtraTrees_tuned,0.4860926802070316,4.207452786834347,Gemmatimonas aurantiaca,mg,33,0.0024595595641396352
C18_positive|IK:MECHNRXZTMCUDQ-UHFFFAOYSA-N,ExtraTrees_tuned,0.4860926802070316,4.207452786834347,Micromonospora siamensis,mg,34,0.002438697540494483
C18_positive|IK:MECHNRXZTMCUDQ-UHFFFAOYSA-N,ExtraTrees_tuned,0.4860926802070316,4.207452786834347,Rhodococcus sp. WB1,mg,35,0.002418966615054136
C18_positive|IK:MECHNRXZTMCUDQ-UHFFFAOYSA-N,ExtraTrees_tuned,0.4860926802070316,4.207452786834347,Proteiniphilum saccharofermentans,mg,36,0.0023583168104188614
C18_positive|IK:MECHNRXZTMCUDQ-UHFFFAOYSA-N,ExtraTrees_tuned,0.4860926802070316,4.207452786834347,Actinomadura amylolytica,mg,37,0.0023404139465281015
C18_positive|IK:MECHNRXZTMCUDQ-UHFFFAOYSA-N,ExtraTrees_tuned,0.4860926802070316,4.207452786834347,Rhodococcus sp. p52,mg,38,0.002333810117990347
C18_positive|IK:MECHNRXZTMCUDQ-UHFFFAOYSA-N,ExtraTrees_tuned,0.4860926802070316,4.207452786834347,Nocardiopsis gilva,mg,39,0.0023092095860779245
C18_positive|IK:MECHNRXZTMCUDQ-UHFFFAOYSA-N,ExtraTrees_tuned,0.4860926802070316,4.207452786834347,Deinococcus soli Cha et al. 2016,mg,40,0.0022839679350750803
C18_positive|IK:MECHNRXZTMCUDQ-UHFFFAOYSA-N,ExtraTrees_tuned,0.4860926802070316,4.207452786834347,Amycolatopsis orientalis,mg,41,0.0022709198260404
C18_positive|IK:MECHNRXZTMCUDQ-UHFFFAOYSA-N,ExtraTrees_tuned,0.4860926802070316,4.207452786834347,Ruminococcus albus,mg,42,0.0022522714983208908
C18_positive|IK:MECHNRXZTMCUDQ-UHFFFAOYSA-N,ExtraTrees_tuned,0.4860926802070316,4.207452786834347,Brevibacterium linens,mg,43,0.002236188584062663
C18_positive|IK:MECHNRXZTMCUDQ-UHFFFAOYSA-N,ExtraTrees_tuned,0.4860926802070316,4.207452786834347,Saccharopolyspora erythraea,mg,44,0.0022134049258751122
C18_positive|IK:MECHNRXZTMCUDQ-UHFFFAOYSA-N,ExtraTrees_tuned,0.4860926802070316,4.207452786834347,Methanoculleus bourgensis,mg,45,0.002190607855342877
C18_positive|IK:MECHNRXZTMCUDQ-UHFFFAOYSA-N,ExtraTrees_tuned,0.4860926802070316,4.207452786834347,Rhizobium leguminosarum,mg,46,0.00218898186669499
C18_positive|IK:MECHNRXZTMCUDQ-UHFFFAOYSA-N,ExtraTrees_tuned,0.4860926802070316,4.207452786834347,Cyanothece sp. ATCC 51142,mg,47,0.002180405933359725
C18_positive|IK:MECHNRXZTMCUDQ-UHFFFAOYSA-N,ExtraTrees_tuned,0.4860926802070316,4.207452786834347,Thermus thermophilus,mg,48,0.0021657334846967124
C18_positive|IK:MECHNRXZTMCUDQ-UHFFFAOYSA-N,ExtraTrees_tuned,0.4860926802070316,4.207452786834347,Dehalobacter restrictus,mg,49,0.002165393967347811
C18_positive|IK:MECHNRXZTMCUDQ-UHFFFAOYSA-N,ExtraTrees_tuned,0.4860926802070316,4.207452786834347,Syntrophus aciditrophicus,mg,50,0.002151642136910364
C18_negative|IK:AIONOLUJZLIMTK-UHFFFAOYSA-N,RandomForest_tuned,0.4812052308429454,3.939560474758952,Amycolatopsis orientalis,mg,1,0.02019267888069442
C18_negative|IK:AIONOLUJZLIMTK-UHFFFAOYSA-N,RandomForest_tuned,0.4812052308429454,3.939560474758952,Saccharothrix espanaensis,mg,2,0.014773637239904745
C18_negative|IK:AIONOLUJZLIMTK-UHFFFAOYSA-N,RandomForest_tuned,0.4812052308429454,3.939560474758952,Jatrophihabitans sp. GAS493,mg,3,0.012189005732656761
C18_negative|IK:AIONOLUJZLIMTK-UHFFFAOYSA-N,RandomForest_tuned,0.4812052308429454,3.939560474758952,Nocardiopsis alba,mg,4,0.011823528853421006
C18_negative|IK:AIONOLUJZLIMTK-UHFFFAOYSA-N,RandomForest_tuned,0.4812052308429454,3.939560474758952,Thermomonospora curvata,mg,5,0.011343336438624384
C18_negative|IK:AIONOLUJZLIMTK-UHFFFAOYSA-N,RandomForest_tuned,0.4812052308429454,3.939560474758952,Allokutzneria albata,mg,6,0.009323994724008454
C18_negative|IK:AIONOLUJZLIMTK-UHFFFAOYSA-N,RandomForest_tuned,0.4812052308429454,3.939560474758952,Nakamurella panacisegetis,mg,7,0.009247779329579684
C18_negative|IK:AIONOLUJZLIMTK-UHFFFAOYSA-N,RandomForest_tuned,0.4812052308429454,3.939560474758952,Streptomyces sp. TLI_053,mg,8,0.00903087968276935
C18_negative|IK:AIONOLUJZLIMTK-UHFFFAOYSA-N,RandomForest_tuned,0.4812052308429454,3.939560474758952,Nonomuraea sp. ATCC 55076,mg,9,0.008248446748489138
C18_negative|IK:AIONOLUJZLIMTK-UHFFFAOYSA-N,RandomForest_tuned,0.4812052308429454,3.939560474758952,Janthinobacterium sp. LM6,mg,10,0.008178980231674583
C18_negative|IK:AIONOLUJZLIMTK-UHFFFAOYSA-N,RandomForest_tuned,0.4812052308429454,3.939560474758952,Micromonospora narathiwatensis,mg,11,0.007967307040971013
C18_negative|IK:AIONOLUJZLIMTK-UHFFFAOYSA-N,RandomForest_tuned,0.4812052308429454,3.939560474758952,Kibdelosporangium phytohabitans,mg,12,0.007854547561208838
C18_negative|IK:AIONOLUJZLIMTK-UHFFFAOYSA-N,RandomForest_tuned,0.4812052308429454,3.939560474758952,Homo sapiens,mg,13,0.007762844005024784
C18_negative|IK:AIONOLUJZLIMTK-UHFFFAOYSA-N,RandomForest_tuned,0.4812052308429454,3.939560474758952,Amycolatopsis methanolica,mg,14,0.007624844226223634
C18_negative|IK:AIONOLUJZLIMTK-UHFFFAOYSA-N,RandomForest_tuned,0.4812052308429454,3.939560474758952,Kutzneria albida,mg,15,0.0075614148753811354
C18_negative|IK:AIONOLUJZLIMTK-UHFFFAOYSA-N,RandomForest_tuned,0.4812052308429454,3.939560474758952,Kitasatospora sp. MMS16-BH015,mg,16,0.007376383426013248
C18_negative|IK:AIONOLUJZLIMTK-UHFFFAOYSA-N,RandomForest_tuned,0.4812052308429454,3.939560474758952,Janthinobacterium agaricidamnosum,mg,17,0.007293576842562519
C18_negative|IK:AIONOLUJZLIMTK-UHFFFAOYSA-N,RandomForest_tuned,0.4812052308429454,3.939560474758952,Actinomyces sp. oral taxon 897,mg,18,0.007260558687128618
C18_negative|IK:AIONOLUJZLIMTK-UHFFFAOYSA-N,RandomForest_tuned,0.4812052308429454,3.939560474758952,Micromonospora echinofusca,mg,19,0.00713611162633466
C18_negative|IK:AIONOLUJZLIMTK-UHFFFAOYSA-N,RandomForest_tuned,0.4812052308429454,3.939560474758952,Streptomyces globosus,mg,20,0.007117431682217383
C18_negative|IK:AIONOLUJZLIMTK-UHFFFAOYSA-N,RandomForest_tuned,0.4812052308429454,3.939560474758952,Micromonospora auratinigra,mg,21,0.006853050322186776
C18_negative|IK:AIONOLUJZLIMTK-UHFFFAOYSA-N,RandomForest_tuned,0.4812052308429454,3.939560474758952,Streptosporangium roseum,mg,22,0.006759158260062041
C18_negative|IK:AIONOLUJZLIMTK-UHFFFAOYSA-N,RandomForest_tuned,0.4812052308429454,3.939560474758952,Streptomyces sp. SCSIO 03032,mg,23,0.006607176877090672
C18_negative|IK:AIONOLUJZLIMTK-UHFFFAOYSA-N,RandomForest_tuned,0.4812052308429454,3.939560474758952,Nakamurella multipartita,mg,24,0.0065727528857350125
C18_negative|IK:AIONOLUJZLIMTK-UHFFFAOYSA-N,RandomForest_tuned,0.4812052308429454,3.939560474758952,Janthinobacterium svalbardensis,mg,25,0.006276591774014222
C18_negative|IK:AIONOLUJZLIMTK-UHFFFAOYSA-N,RandomForest_tuned,0.4812052308429454,3.939560474758952,Paludisphaera borealis,mg,26,0.006274832678173584
C18_negative|IK:AIONOLUJZLIMTK-UHFFFAOYSA-N,RandomForest_tuned,0.4812052308429454,3.939560474758952,Amycolatopsis mediterranei,mg,27,0.006122211015782344
C18_negative|IK:AIONOLUJZLIMTK-UHFFFAOYSA-N,RandomForest_tuned,0.4812052308429454,3.939560474758952,Amycolatopsis sp. BJA-103,mg,28,0.0060798696210262035
C18_negative|IK:AIONOLUJZLIMTK-UHFFFAOYSA-N,RandomForest_tuned,0.4812052308429454,3.939560474758952,Kytococcus sedentarius,mg,29,0.006012954980264867
C18_negative|IK:AIONOLUJZLIMTK-UHFFFAOYSA-N,RandomForest_tuned,0.4812052308429454,3.939560474758952,Frankia casuarinae,mg,30,0.005949527108613407
C18_negative|IK:AIONOLUJZLIMTK-UHFFFAOYSA-N,RandomForest_tuned,0.4812052308429454,3.939560474758952,Kitasatospora aureofaciens,mg,31,0.005934858678130956
C18_negative|IK:AIONOLUJZLIMTK-UHFFFAOYSA-N,RandomForest_tuned,0.4812052308429454,3.939560474758952,Amycolatopsis albispora,mg,32,0.005801843886773897
C18_negative|IK:AIONOLUJZLIMTK-UHFFFAOYSA-N,RandomForest_tuned,0.4812052308429454,3.939560474758952,Amycolatopsis sp. AA4,mg,33,0.005654604577152659
C18_negative|IK:AIONOLUJZLIMTK-UHFFFAOYSA-N,RandomForest_tuned,0.4812052308429454,3.939560474758952,Weeksella virosa,mg,34,0.0056228860813544905
C18_negative|IK:AIONOLUJZLIMTK-UHFFFAOYSA-N,RandomForest_tuned,0.4812052308429454,3.939560474758952,Amycolatopsis keratiniphila,mg,35,0.0055982918381606555
C18_negative|IK:AIONOLUJZLIMTK-UHFFFAOYSA-N,RandomForest_tuned,0.4812052308429454,3.939560474758952,Janthinobacterium sp. 1_2014MBL_MicDiv,mg,36,0.005553560120970938
C18_negative|IK:AIONOLUJZLIMTK-UHFFFAOYSA-N,RandomForest_tuned,0.4812052308429454,3.939560474758952,Actinoalloteichus sp. AHMU CJ021,mg,37,0.00545951714618383
C18_negative|IK:AIONOLUJZLIMTK-UHFFFAOYSA-N,RandomForest_tuned,0.4812052308429454,3.939560474758952,Clostridium botulinum,mg,38,0.005396246625386846
C18_negative|IK:AIONOLUJZLIMTK-UHFFFAOYSA-N,RandomForest_tuned,0.4812052308429454,3.939560474758952,Saccharopolyspora erythraea,mg,39,0.0053945070024698115
C18_negative|IK:AIONOLUJZLIMTK-UHFFFAOYSA-N,RandomForest_tuned,0.4812052308429454,3.939560474758952,Micromonospora echinaurantiaca,mg,40,0.0053655816412959785
C18_negative|IK:AIONOLUJZLIMTK-UHFFFAOYSA-N,RandomForest_tuned,0.4812052308429454,3.939560474758952,Micromonospora sp. L5,mg,41,0.0051559053650717945
C18_negative|IK:AIONOLUJZLIMTK-UHFFFAOYSA-N,RandomForest_tuned,0.4812052308429454,3.939560474758952,Streptacidiphilus sp. DSM 106435,mg,42,0.0051485474676005736
C18_negative|IK:AIONOLUJZLIMTK-UHFFFAOYSA-N,RandomForest_tuned,0.4812052308429454,3.939560474758952,Micromonospora krabiensis,mg,43,0.0051067981269135405
C18_negative|IK:AIONOLUJZLIMTK-UHFFFAOYSA-N,RandomForest_tuned,0.4812052308429454,3.939560474758952,Actinoplanes derwentensis,mg,44,0.005075692445572558
C18_negative|IK:AIONOLUJZLIMTK-UHFFFAOYSA-N,RandomForest_tuned,0.4812052308429454,3.939560474758952,Alloactinosynnema sp. L-07,mg,45,0.004962994508359114
C18_negative|IK:AIONOLUJZLIMTK-UHFFFAOYSA-N,RandomForest_tuned,0.4812052308429454,3.939560474758952,Plantactinospora sp. KBS50,mg,46,0.004903657824556035
C18_negative|IK:AIONOLUJZLIMTK-UHFFFAOYSA-N,RandomForest_tuned,0.4812052308429454,3.939560474758952,Frankia symbiont of Datisca glomerata,mg,47,0.004893136127585751
C18_negative|IK:AIONOLUJZLIMTK-UHFFFAOYSA-N,RandomForest_tuned,0.4812052308429454,3.939560474758952,Planctomyces sp. SH-PL62,mg,48,0.00488290352552354
C18_negative|IK:AIONOLUJZLIMTK-UHFFFAOYSA-N,RandomForest_tuned,0.4812052308429454,3.939560474758952,Frankia alni,mg,49,0.004774894091319679
C18_negative|IK:AIONOLUJZLIMTK-UHFFFAOYSA-N,RandomForest_tuned,0.4812052308429454,3.939560474758952,Streptomyces sp. CNQ-509,mg,50,0.004670821489095878
C18_negative|IK:GYUCMTKUEQLBJW-UHFFFAOYSA-N,XGBoost_tuned,0.4723181412272977,3.400177493715858,Nonomuraea sp. ATCC 55076,mg,1,0.03938014432787895
C18_negative|IK:GYUCMTKUEQLBJW-UHFFFAOYSA-N,XGBoost_tuned,0.4723181412272977,3.400177493715858,Rhodopseudomonas palustris,mg,2,0.021532155573368073
C18_negative|IK:GYUCMTKUEQLBJW-UHFFFAOYSA-N,XGBoost_tuned,0.4723181412272977,3.400177493715858,Mycobacterium marseillense,mg,3,0.021146193146705627
C18_negative|IK:GYUCMTKUEQLBJW-UHFFFAOYSA-N,XGBoost_tuned,0.4723181412272977,3.400177493715858,Streptacidiphilus sp. DSM 106435,mg,4,0.020186366513371468
C18_negative|IK:GYUCMTKUEQLBJW-UHFFFAOYSA-N,XGBoost_tuned,0.4723181412272977,3.400177493715858,Bradyrhizobium erythrophlei,mg,5,0.018953675404191017
C18_negative|IK:GYUCMTKUEQLBJW-UHFFFAOYSA-N,XGBoost_tuned,0.4723181412272977,3.400177493715858,Acidobacteriaceae bacterium SBC82,mg,6,0.018455227836966515
C18_negative|IK:GYUCMTKUEQLBJW-UHFFFAOYSA-N,XGBoost_tuned,0.4723181412272977,3.400177493715858,Frankia symbiont of Datisca glomerata,mg,7,0.018330413848161697
C18_negative|IK:GYUCMTKUEQLBJW-UHFFFAOYSA-N,XGBoost_tuned,0.4723181412272977,3.400177493715858,Serratia sp. 3ACOL1,mg,8,0.016613800078630447
C18_negative|IK:GYUCMTKUEQLBJW-UHFFFAOYSA-N,XGBoost_tuned,0.4723181412272977,3.400177493715858,Nitrospira moscoviensis,mg,9,0.014749391004443169
C18_negative|IK:GYUCMTKUEQLBJW-UHFFFAOYSA-N,XGBoost_tuned,0.4723181412272977,3.400177493715858,Trichormus variabilis,mg,10,0.014024135656654835
C18_negative|IK:GYUCMTKUEQLBJW-UHFFFAOYSA-N,XGBoost_tuned,0.4723181412272977,3.400177493715858,Mycobacterium haemophilum,mg,11,0.01345041673630476
C18_negative|IK:GYUCMTKUEQLBJW-UHFFFAOYSA-N,XGBoost_tuned,0.4723181412272977,3.400177493715858,Planctomyces sp. SH-PL62,mg,12,0.012552531436085701
C18_negative|IK:GYUCMTKUEQLBJW-UHFFFAOYSA-N,XGBoost_tuned,0.4723181412272977,3.400177493715858,Kitasatospora sp. MMS16-BH015,mg,13,0.011703882366418839
C18_negative|IK:GYUCMTKUEQLBJW-UHFFFAOYSA-N,XGBoost_tuned,0.4723181412272977,3.400177493715858,[Eubacterium] minutum,mg,14,0.011237596161663532
C18_negative|IK:GYUCMTKUEQLBJW-UHFFFAOYSA-N,XGBoost_tuned,0.4723181412272977,3.400177493715858,Nitrosomonas communis,mg,15,0.010483434423804283
C18_negative|IK:GYUCMTKUEQLBJW-UHFFFAOYSA-N,XGBoost_tuned,0.4723181412272977,3.400177493715858,Ochrobactrum sp. A44,mg,16,0.010214577428996563
C18_negative|IK:GYUCMTKUEQLBJW-UHFFFAOYSA-N,XGBoost_tuned,0.4723181412272977,3.400177493715858,Myroides odoratus,mg,17,0.009849266149103642
C18_negative|IK:GYUCMTKUEQLBJW-UHFFFAOYSA-N,XGBoost_tuned,0.4723181412272977,3.400177493715858,Mycolicibacterium rhodesiae,mg,18,0.009795350022614002
C18_negative|IK:GYUCMTKUEQLBJW-UHFFFAOYSA-N,XGBoost_tuned,0.4723181412272977,3.400177493715858,Kosakonia radicincitans,mg,19,0.009196511469781399
C18_negative|IK:GYUCMTKUEQLBJW-UHFFFAOYSA-N,XGBoost_tuned,0.4723181412272977,3.400177493715858,Methanocorpusculum labreanum,mg,20,0.008899270556867123
C18_negative|IK:GYUCMTKUEQLBJW-UHFFFAOYSA-N,XGBoost_tuned,0.4723181412272977,3.400177493715858,Chloracidobacterium thermophilum,mg,21,0.008755435235798359
C18_negative|IK:GYUCMTKUEQLBJW-UHFFFAOYSA-N,XGBoost_tuned,0.4723181412272977,3.400177493715858,Candidatus Solibacter usitatus,mg,22,0.008603476919233799
C18_negative|IK:GYUCMTKUEQLBJW-UHFFFAOYSA-N,XGBoost_tuned,0.4723181412272977,3.400177493715858,nitrif__Rate (mg NO3-N/kilogram dry weight soil/day),soil,23,0.008444089442491531
C18_negative|IK:GYUCMTKUEQLBJW-UHFFFAOYSA-N,XGBoost_tuned,0.4723181412272977,3.400177493715858,Mucinivorans hirudinis,mg,24,0.008360335603356361
C18_negative|IK:GYUCMTKUEQLBJW-UHFFFAOYSA-N,XGBoost_tuned,0.4723181412272977,3.400177493715858,Acidiferrobacter sp. SPIII_3,mg,25,0.007971334271132946
C18_negative|IK:GYUCMTKUEQLBJW-UHFFFAOYSA-N,XGBoost_tuned,0.4723181412272977,3.400177493715858,Clostridioides difficile,mg,26,0.007776146288961172
C18_negative|IK:GYUCMTKUEQLBJW-UHFFFAOYSA-N,XGBoost_tuned,0.4723181412272977,3.400177493715858,Rhizobium leguminosarum,mg,27,0.0076588173396885395
C18_negative|IK:GYUCMTKUEQLBJW-UHFFFAOYSA-N,XGBoost_tuned,0.4723181412272977,3.400177493715858,Mycobacterium paragordonae,mg,28,0.007614383939653635
C18_negative|IK:GYUCMTKUEQLBJW-UHFFFAOYSA-N,XGBoost_tuned,0.4723181412272977,3.400177493715858,Vibrio natriegens,mg,29,0.00746676092967391
C18_negative|IK:GYUCMTKUEQLBJW-UHFFFAOYSA-N,XGBoost_tuned,0.4723181412272977,3.400177493715858,soil_total_N,soil,30,0.007338716182857752
C18_negative|IK:GYUCMTKUEQLBJW-UHFFFAOYSA-N,XGBoost_tuned,0.4723181412272977,3.400177493715858,Gramella salexigens,mg,31,0.007307564374059439
C18_negative|IK:GYUCMTKUEQLBJW-UHFFFAOYSA-N,XGBoost_tuned,0.4723181412272977,3.400177493715858,Candidatus Nanopelagicus hibericus,mg,32,0.007209955248981714
C18_negative|IK:GYUCMTKUEQLBJW-UHFFFAOYSA-N,XGBoost_tuned,0.4723181412272977,3.400177493715858,Blastococcus saxobsidens,mg,33,0.007072264328598976
C18_negative|IK:GYUCMTKUEQLBJW-UHFFFAOYSA-N,XGBoost_tuned,0.4723181412272977,3.400177493715858,Lactobacillus delbrueckii,mg,34,0.006910622585564852
C18_negative|IK:GYUCMTKUEQLBJW-UHFFFAOYSA-N,XGBoost_tuned,0.4723181412272977,3.400177493715858,Aquimarina sp. BL5,mg,35,0.0069088260643184185
C18_negative|IK:GYUCMTKUEQLBJW-UHFFFAOYSA-N,XGBoost_tuned,0.4723181412272977,3.400177493715858,Frankia inefficax,mg,36,0.006748880725353956
C18_negative|IK:GYUCMTKUEQLBJW-UHFFFAOYSA-N,XGBoost_tuned,0.4723181412272977,3.400177493715858,Mycobacterium dioxanotrophicus,mg,37,0.006510524079203606
C18_negative|IK:GYUCMTKUEQLBJW-UHFFFAOYSA-N,XGBoost_tuned,0.4723181412272977,3.400177493715858,Streptomyces dengpaensis,mg,38,0.006483770906925201
C18_negative|IK:GYUCMTKUEQLBJW-UHFFFAOYSA-N,XGBoost_tuned,0.4723181412272977,3.400177493715858,Paludisphaera borealis,mg,39,0.006454503629356623
C18_negative|IK:GYUCMTKUEQLBJW-UHFFFAOYSA-N,XGBoost_tuned,0.4723181412272977,3.400177493715858,Actinoplanes derwentensis,mg,40,0.006130042485892773
C18_negative|IK:GYUCMTKUEQLBJW-UHFFFAOYSA-N,XGBoost_tuned,0.4723181412272977,3.400177493715858,chem__LBCeq (mg/kg CaCO3/pH dry weight),soil,41,0.0060611916705966
C18_negative|IK:GYUCMTKUEQLBJW-UHFFFAOYSA-N,XGBoost_tuned,0.4723181412272977,3.400177493715858,Bradyrhizobium icense,mg,42,0.006042755674570799
C18_negative|IK:GYUCMTKUEQLBJW-UHFFFAOYSA-N,XGBoost_tuned,0.4723181412272977,3.400177493715858,Pseudomonas yamanorum,mg,43,0.005953323096036911
C18_negative|IK:GYUCMTKUEQLBJW-UHFFFAOYSA-N,XGBoost_tuned,0.4723181412272977,3.400177493715858,Pseudomonas synxantha,mg,44,0.005872770212590694
C18_negative|IK:GYUCMTKUEQLBJW-UHFFFAOYSA-N,XGBoost_tuned,0.4723181412272977,3.400177493715858,Frankineae bacterium MT45,mg,45,0.005763546098023653
C18_negative|IK:GYUCMTKUEQLBJW-UHFFFAOYSA-N,XGBoost_tuned,0.4723181412272977,3.400177493715858,Flavobacterium crassostreae,mg,46,0.005723932757973671
C18_negative|IK:GYUCMTKUEQLBJW-UHFFFAOYSA-N,XGBoost_tuned,0.4723181412272977,3.400177493715858,Borreliella burgdorferi,mg,47,0.005603420082479715
C18_negative|IK:GYUCMTKUEQLBJW-UHFFFAOYSA-N,XGBoost_tuned,0.4723181412272977,3.400177493715858,Dermatophilus congolensis,mg,48,0.005561940371990204
C18_negative|IK:GYUCMTKUEQLBJW-UHFFFAOYSA-N,XGBoost_tuned,0.4723181412272977,3.400177493715858,Mycolicibacter terrae,mg,49,0.005458202213048935
C18_negative|IK:GYUCMTKUEQLBJW-UHFFFAOYSA-N,XGBoost_tuned,0.4723181412272977,3.400177493715858,Kitasatospora setae,mg,50,0.005406389944255352
C18_positive|IK:MBIZFBDREVRUHY-UHFFFAOYSA-N,XGBoost_tuned,0.4422310812494176,4.278340139161292,Nocardia sp. CFHS0054,mg,1,0.05521754175424576
C18_positive|IK:MBIZFBDREVRUHY-UHFFFAOYSA-N,XGBoost_tuned,0.4422310812494176,4.278340139161292,Agrobacterium fabrum,mg,2,0.049177564680576324
C18_positive|IK:MBIZFBDREVRUHY-UHFFFAOYSA-N,XGBoost_tuned,0.4422310812494176,4.278340139161292,Mycobacterium kansasii,mg,3,0.04553844407200813
C18_positive|IK:MBIZFBDREVRUHY-UHFFFAOYSA-N,XGBoost_tuned,0.4422310812494176,4.278340139161292,Actinoplanes friuliensis,mg,4,0.04419134557247162
C18_positive|IK:MBIZFBDREVRUHY-UHFFFAOYSA-N,XGBoost_tuned,0.4422310812494176,4.278340139161292,Streptomyces olivaceus,mg,5,0.035401228815317154
C18_positive|IK:MBIZFBDREVRUHY-UHFFFAOYSA-N,XGBoost_tuned,0.4422310812494176,4.278340139161292,Nocardia seriolae,mg,6,0.034858059138059616
C18_positive|IK:MBIZFBDREVRUHY-UHFFFAOYSA-N,XGBoost_tuned,0.4422310812494176,4.278340139161292,Streptomyces sp. RTd22,mg,7,0.03271393105387688
C18_positive|IK:MBIZFBDREVRUHY-UHFFFAOYSA-N,XGBoost_tuned,0.4422310812494176,4.278340139161292,Nakamurella panacisegetis,mg,8,0.03263096511363983
C18_positive|IK:MBIZFBDREVRUHY-UHFFFAOYSA-N,XGBoost_tuned,0.4422310812494176,4.278340139161292,Nocardia farcinica,mg,9,0.0292951799929142
C18_positive|IK:MBIZFBDREVRUHY-UHFFFAOYSA-N,XGBoost_tuned,0.4422310812494176,4.278340139161292,Bradyrhizobium lablabi,mg,10,0.021634526550769806
C18_positive|IK:MBIZFBDREVRUHY-UHFFFAOYSA-N,XGBoost_tuned,0.4422310812494176,4.278340139161292,Bradyrhizobium sp. WSM471,mg,11,0.017755024135112762
C18_positive|IK:MBIZFBDREVRUHY-UHFFFAOYSA-N,XGBoost_tuned,0.4422310812494176,4.278340139161292,Janthinobacterium agaricidamnosum,mg,12,0.016456587240099907
C18_positive|IK:MBIZFBDREVRUHY-UHFFFAOYSA-N,XGBoost_tuned,0.4422310812494176,4.278340139161292,Bradyrhizobium sp. S23321,mg,13,0.01605742610991001
C18_positive|IK:MBIZFBDREVRUHY-UHFFFAOYSA-N,XGBoost_tuned,0.4422310812494176,4.278340139161292,Bradyrhizobium sp. CCGE-LA001,mg,14,0.0154812540858984
C18_positive|IK:MBIZFBDREVRUHY-UHFFFAOYSA-N,XGBoost_tuned,0.4422310812494176,4.278340139161292,Enterobacter sp. FY-07,mg,15,0.013325124979019165
C18_positive|IK:MBIZFBDREVRUHY-UHFFFAOYSA-N,XGBoost_tuned,0.4422310812494176,4.278340139161292,Catenulispora acidiphila,mg,16,0.012645013630390167
C18_positive|IK:MBIZFBDREVRUHY-UHFFFAOYSA-N,XGBoost_tuned,0.4422310812494176,4.278340139161292,Stenotrophomonas sp. G4,mg,17,0.010342237539589405
C18_positive|IK:MBIZFBDREVRUHY-UHFFFAOYSA-N,XGBoost_tuned,0.4422310812494176,4.278340139161292,chem__Ca (Mehlich 1 mg/kg dry weight),soil,18,0.010182336904108524
C18_positive|IK:MBIZFBDREVRUHY-UHFFFAOYSA-N,XGBoost_tuned,0.4422310812494176,4.278340139161292,Stenotrophomonas sp. ESTM1D_MKCIP4_1,mg,19,0.010159269906580448
C18_positive|IK:MBIZFBDREVRUHY-UHFFFAOYSA-N,XGBoost_tuned,0.4422310812494176,4.278340139161292,Mucilaginibacter sp. PAMC 26640,mg,20,0.00954893883317709
C18_positive|IK:MBIZFBDREVRUHY-UHFFFAOYSA-N,XGBoost_tuned,0.4422310812494176,4.278340139161292,Pontibacter korlensis,mg,21,0.009524323977530003
C18_positive|IK:MBIZFBDREVRUHY-UHFFFAOYSA-N,XGBoost_tuned,0.4422310812494176,4.278340139161292,Idiomarina sp. OT37-5b,mg,22,0.009497016668319702
C18_positive|IK:MBIZFBDREVRUHY-UHFFFAOYSA-N,XGBoost_tuned,0.4422310812494176,4.278340139161292,Nostoc sp. PCC 7524,mg,23,0.009407657198607922
C18_positive|IK:MBIZFBDREVRUHY-UHFFFAOYSA-N,XGBoost_tuned,0.4422310812494176,4.278340139161292,Lacunisphaera limnophila,mg,24,0.008576313965022564
C18_positive|IK:MBIZFBDREVRUHY-UHFFFAOYSA-N,XGBoost_tuned,0.4422310812494176,4.278340139161292,Laribacter hongkongensis,mg,25,0.008051679469645023
C18_positive|IK:MBIZFBDREVRUHY-UHFFFAOYSA-N,XGBoost_tuned,0.4422310812494176,4.278340139161292,Lentzea guizhouensis,mg,26,0.007932214066386223
C18_positive|IK:MBIZFBDREVRUHY-UHFFFAOYSA-N,XGBoost_tuned,0.4422310812494176,4.278340139161292,Sphingobium sp. MI1205,mg,27,0.007189244497567415
C18_positive|IK:MBIZFBDREVRUHY-UHFFFAOYSA-N,XGBoost_tuned,0.4422310812494176,4.278340139161292,Cellulomonas flavigena,mg,28,0.006911146454513073
C18_positive|IK:MBIZFBDREVRUHY-UHFFFAOYSA-N,XGBoost_tuned,0.4422310812494176,4.278340139161292,Streptomyces alboflavus,mg,29,0.006105588749051094
C18_positive|IK:MBIZFBDREVRUHY-UHFFFAOYSA-N,XGBoost_tuned,0.4422310812494176,4.278340139161292,Mycobacterium haemophilum,mg,30,0.006088810507208109
C18_positive|IK:MBIZFBDREVRUHY-UHFFFAOYSA-N,XGBoost_tuned,0.4422310812494176,4.278340139161292,Paenibacillus sp. JDR-2,mg,31,0.005952490493655205
C18_positive|IK:MBIZFBDREVRUHY-UHFFFAOYSA-N,XGBoost_tuned,0.4422310812494176,4.278340139161292,Myxococcus macrosporus,mg,32,0.0056495931930840015
C18_positive|IK:MBIZFBDREVRUHY-UHFFFAOYSA-N,XGBoost_tuned,0.4422310812494176,4.278340139161292,Cedecea neteri,mg,33,0.005555868614464998
C18_positive|IK:MBIZFBDREVRUHY-UHFFFAOYSA-N,XGBoost_tuned,0.4422310812494176,4.278340139161292,Paucibacter sp. KCTC 42545,mg,34,0.005472095217555761
C18_positive|IK:MBIZFBDREVRUHY-UHFFFAOYSA-N,XGBoost_tuned,0.4422310812494176,4.278340139161292,Pseudomonas veronii,mg,35,0.005399452056735754
C18_positive|IK:MBIZFBDREVRUHY-UHFFFAOYSA-N,XGBoost_tuned,0.4422310812494176,4.278340139161292,Xanthomonas euvesicatoria,mg,36,0.005184024106711149
C18_positive|IK:MBIZFBDREVRUHY-UHFFFAOYSA-N,XGBoost_tuned,0.4422310812494176,4.278340139161292,Chitinophaga pinensis,mg,37,0.005039216950535774
C18_positive|IK:MBIZFBDREVRUHY-UHFFFAOYSA-N,XGBoost_tuned,0.4422310812494176,4.278340139161292,Xanthomonas arboricola,mg,38,0.005036174785345793
C18_positive|IK:MBIZFBDREVRUHY-UHFFFAOYSA-N,XGBoost_tuned,0.4422310812494176,4.278340139161292,Burkholderia insecticola,mg,39,0.0047341459430754185
C18_positive|IK:MBIZFBDREVRUHY-UHFFFAOYSA-N,XGBoost_tuned,0.4422310812494176,4.278340139161292,Pantoea rwandensis,mg,40,0.00472495099529624
C18_positive|IK:MBIZFBDREVRUHY-UHFFFAOYSA-N,XGBoost_tuned,0.4422310812494176,4.278340139161292,Pedobacter ginsengisoli,mg,41,0.004664607346057892
C18_positive|IK:MBIZFBDREVRUHY-UHFFFAOYSA-N,XGBoost_tuned,0.4422310812494176,4.278340139161292,Luteimonas sp. 100111,mg,42,0.004535677842795849
C18_positive|IK:MBIZFBDREVRUHY-UHFFFAOYSA-N,XGBoost_tuned,0.4422310812494176,4.278340139161292,Shigella dysenteriae,mg,43,0.004501758608967066
C18_positive|IK:MBIZFBDREVRUHY-UHFFFAOYSA-N,XGBoost_tuned,0.4422310812494176,4.278340139161292,Acinetobacter oleivorans,mg,44,0.004478428978472948
C18_positive|IK:MBIZFBDREVRUHY-UHFFFAOYSA-N,XGBoost_tuned,0.4422310812494176,4.278340139161292,Cronobacter turicensis,mg,45,0.004307950846850872
C18_positive|IK:MBIZFBDREVRUHY-UHFFFAOYSA-N,XGBoost_tuned,0.4422310812494176,4.278340139161292,Bradyrhizobium diazoefficiens,mg,46,0.00428594509139657
C18_positive|IK:MBIZFBDREVRUHY-UHFFFAOYSA-N,XGBoost_tuned,0.4422310812494176,4.278340139161292,Stenotrophomonas maltophilia,mg,47,0.0042060441337525845
C18_positive|IK:MBIZFBDREVRUHY-UHFFFAOYSA-N,XGBoost_tuned,0.4422310812494176,4.278340139161292,Dickeya dadantii,mg,48,0.004116842057555914
C18_positive|IK:MBIZFBDREVRUHY-UHFFFAOYSA-N,XGBoost_tuned,0.4422310812494176,4.278340139161292,chem__LBCeq (mg/kg CaCO3/pH dry weight),soil,49,0.004116768017411232
C18_positive|IK:MBIZFBDREVRUHY-UHFFFAOYSA-N,XGBoost_tuned,0.4422310812494176,4.278340139161292,Pelosinus sp. UFO1,mg,50,0.004023422487080097
C18_positive|IK:GUMFPOIJOXLCLA-JKSUJKDBSA-N,XGBoost_tuned,0.4382750010141011,3.225998358007724,Mycobacterium marseillense,mg,1,0.018371284008026123
C18_positive|IK:GUMFPOIJOXLCLA-JKSUJKDBSA-N,XGBoost_tuned,0.4382750010141011,3.225998358007724,Streptacidiphilus sp. DSM 106435,mg,2,0.017421845346689224
C18_positive|IK:GUMFPOIJOXLCLA-JKSUJKDBSA-N,XGBoost_tuned,0.4382750010141011,3.225998358007724,Mycobacterium colombiense,mg,3,0.013022192753851414
C18_positive|IK:GUMFPOIJOXLCLA-JKSUJKDBSA-N,XGBoost_tuned,0.4382750010141011,3.225998358007724,Catenulispora acidiphila,mg,4,0.01272312831133604
C18_positive|IK:GUMFPOIJOXLCLA-JKSUJKDBSA-N,XGBoost_tuned,0.4382750010141011,3.225998358007724,Flavobacterium sp. CJ74,mg,5,0.011762497946619987
C18_positive|IK:GUMFPOIJOXLCLA-JKSUJKDBSA-N,XGBoost_tuned,0.4382750010141011,3.225998358007724,Streptomyces xiamenensis,mg,6,0.011250415816903114
C18_positive|IK:GUMFPOIJOXLCLA-JKSUJKDBSA-N,XGBoost_tuned,0.4382750010141011,3.225998358007724,soil_total_N,soil,7,0.010690777562558651
C18_positive|IK:GUMFPOIJOXLCLA-JKSUJKDBSA-N,XGBoost_tuned,0.4382750010141011,3.225998358007724,moist__Replicate 1 Mass Water / Mass Dry Soil %,soil,8,0.010444989427924156
C18_positive|IK:GUMFPOIJOXLCLA-JKSUJKDBSA-N,XGBoost_tuned,0.4382750010141011,3.225998358007724,Nocardiopsis dassonvillei,mg,9,0.009887823835015297
C18_positive|IK:GUMFPOIJOXLCLA-JKSUJKDBSA-N,XGBoost_tuned,0.4382750010141011,3.225998358007724,Streptomyces lincolnensis,mg,10,0.009316888637840748
C18_positive|IK:GUMFPOIJOXLCLA-JKSUJKDBSA-N,XGBoost_tuned,0.4382750010141011,3.225998358007724,Acinetobacter baumannii,mg,11,0.009191920049488544
C18_positive|IK:GUMFPOIJOXLCLA-JKSUJKDBSA-N,XGBoost_tuned,0.4382750010141011,3.225998358007724,Paraburkholderia caffeinilytica,mg,12,0.008623051457107067
C18_positive|IK:GUMFPOIJOXLCLA-JKSUJKDBSA-N,XGBoost_tuned,0.4382750010141011,3.225998358007724,Synechococcus sp. WH 8020,mg,13,0.008538044057786465
C18_positive|IK:GUMFPOIJOXLCLA-JKSUJKDBSA-N,XGBoost_tuned,0.4382750010141011,3.225998358007724,Coprothermobacter proteolyticus,mg,14,0.008304940536618233
C18_positive|IK:GUMFPOIJOXLCLA-JKSUJKDBSA-N,XGBoost_tuned,0.4382750010141011,3.225998358007724,Thermobispora bispora,mg,15,0.008214102126657963
C18_positive|IK:GUMFPOIJOXLCLA-JKSUJKDBSA-N,XGBoost_tuned,0.4382750010141011,3.225998358007724,soil_NH4,soil,16,0.007950842380523682
C18_positive|IK:GUMFPOIJOXLCLA-JKSUJKDBSA-N,XGBoost_tuned,0.4382750010141011,3.225998358007724,Streptomyces avermitilis,mg,17,0.007750022690743208
C18_positive|IK:GUMFPOIJOXLCLA-JKSUJKDBSA-N,XGBoost_tuned,0.4382750010141011,3.225998358007724,Streptococcus pneumoniae,mg,18,0.007359381299465895
C18_positive|IK:GUMFPOIJOXLCLA-JKSUJKDBSA-N,XGBoost_tuned,0.4382750010141011,3.225998358007724,Halothermothrix orenii,mg,19,0.007254221010953188
C18_positive|IK:GUMFPOIJOXLCLA-JKSUJKDBSA-N,XGBoost_tuned,0.4382750010141011,3.225998358007724,Acetobacterium sp. KB-1,mg,20,0.007068350445479155
C18_positive|IK:GUMFPOIJOXLCLA-JKSUJKDBSA-N,XGBoost_tuned,0.4382750010141011,3.225998358007724,Yersinia massiliensis,mg,21,0.006325066089630127
C18_positive|IK:GUMFPOIJOXLCLA-JKSUJKDBSA-N,XGBoost_tuned,0.4382750010141011,3.225998358007724,Kingella kingae,mg,22,0.006091573741286993
C18_positive|IK:GUMFPOIJOXLCLA-JKSUJKDBSA-N,XGBoost_tuned,0.4382750010141011,3.225998358007724,Methylovorus sp. MP688,mg,23,0.006036950275301933
C18_positive|IK:GUMFPOIJOXLCLA-JKSUJKDBSA-N,XGBoost_tuned,0.4382750010141011,3.225998358007724,Streptomyces autolyticus,mg,24,0.005973304621875286
C18_positive|IK:GUMFPOIJOXLCLA-JKSUJKDBSA-N,XGBoost_tuned,0.4382750010141011,3.225998358007724,Terriglobus roseus,mg,25,0.005789821967482567
C18_positive|IK:GUMFPOIJOXLCLA-JKSUJKDBSA-N,XGBoost_tuned,0.4382750010141011,3.225998358007724,Streptomyces malaysiensis,mg,26,0.005768333561718464
C18_positive|IK:GUMFPOIJOXLCLA-JKSUJKDBSA-N,XGBoost_tuned,0.4382750010141011,3.225998358007724,Rhodococcus sp. MTM3W5.2,mg,27,0.005528166424483061
C18_positive|IK:GUMFPOIJOXLCLA-JKSUJKDBSA-N,XGBoost_tuned,0.4382750010141011,3.225998358007724,Bacillus simplex,mg,28,0.005465002730488777
C18_positive|IK:GUMFPOIJOXLCLA-JKSUJKDBSA-N,XGBoost_tuned,0.4382750010141011,3.225998358007724,Mycobacterium haemophilum,mg,29,0.005286555737257004
C18_positive|IK:GUMFPOIJOXLCLA-JKSUJKDBSA-N,XGBoost_tuned,0.4382750010141011,3.225998358007724,Streptomyces lividans,mg,30,0.005207751411944628
C18_positive|IK:GUMFPOIJOXLCLA-JKSUJKDBSA-N,XGBoost_tuned,0.4382750010141011,3.225998358007724,Bradyrhizobium erythrophlei,mg,31,0.005201589781790972
C18_positive|IK:GUMFPOIJOXLCLA-JKSUJKDBSA-N,XGBoost_tuned,0.4382750010141011,3.225998358007724,Mesorhizobium ciceri,mg,32,0.005194272845983505
C18_positive|IK:GUMFPOIJOXLCLA-JKSUJKDBSA-N,XGBoost_tuned,0.4382750010141011,3.225998358007724,Geminocystis herdmanii,mg,33,0.005154188256710768
C18_positive|IK:GUMFPOIJOXLCLA-JKSUJKDBSA-N,XGBoost_tuned,0.4382750010141011,3.225998358007724,nitrif__Rate (mg NO3-N/kilogram dry weight soil/day),soil,34,0.005149477627128363
C18_positive|IK:GUMFPOIJOXLCLA-JKSUJKDBSA-N,XGBoost_tuned,0.4382750010141011,3.225998358007724,Bacillus subtilis,mg,35,0.005107291042804718
C18_positive|IK:GUMFPOIJOXLCLA-JKSUJKDBSA-N,XGBoost_tuned,0.4382750010141011,3.225998358007724,Chryseobacterium glaciei,mg,36,0.00506621552631259
C18_positive|IK:GUMFPOIJOXLCLA-JKSUJKDBSA-N,XGBoost_tuned,0.4382750010141011,3.225998358007724,Phenylobacterium zucineum,mg,37,0.005000462289899588
C18_positive|IK:GUMFPOIJOXLCLA-JKSUJKDBSA-N,XGBoost_tuned,0.4382750010141011,3.225998358007724,Flavisolibacter tropicus,mg,38,0.004995973315089941
C18_positive|IK:GUMFPOIJOXLCLA-JKSUJKDBSA-N,XGBoost_tuned,0.4382750010141011,3.225998358007724,Bacillus foraminis,mg,39,0.004991534631699324
C18_positive|IK:GUMFPOIJOXLCLA-JKSUJKDBSA-N,XGBoost_tuned,0.4382750010141011,3.225998358007724,Burkholderia metallica,mg,40,0.004990492947399616
C18_positive|IK:GUMFPOIJOXLCLA-JKSUJKDBSA-N,XGBoost_tuned,0.4382750010141011,3.225998358007724,Metallosphaera sedula,mg,41,0.0049671595916152
C18_positive|IK:GUMFPOIJOXLCLA-JKSUJKDBSA-N,XGBoost_tuned,0.4382750010141011,3.225998358007724,soil_total_C,soil,42,0.004846286494284868
C18_positive|IK:GUMFPOIJOXLCLA-JKSUJKDBSA-N,XGBoost_tuned,0.4382750010141011,3.225998358007724,Corynebacterium sp. ATCC 6931,mg,43,0.004765240475535393
C18_positive|IK:GUMFPOIJOXLCLA-JKSUJKDBSA-N,XGBoost_tuned,0.4382750010141011,3.225998358007724,Granulicella tundricola,mg,44,0.004708198364824057
C18_positive|IK:GUMFPOIJOXLCLA-JKSUJKDBSA-N,XGBoost_tuned,0.4382750010141011,3.225998358007724,Nostoc sp. PCC 7524,mg,45,0.004645350854843855
C18_positive|IK:GUMFPOIJOXLCLA-JKSUJKDBSA-N,XGBoost_tuned,0.4382750010141011,3.225998358007724,Borreliella bavariensis,mg,46,0.004612776916474104
C18_positive|IK:GUMFPOIJOXLCLA-JKSUJKDBSA-N,XGBoost_tuned,0.4382750010141011,3.225998358007724,Actinoalloteichus sp. ADI127-7,mg,47,0.004414161667227745
C18_positive|IK:GUMFPOIJOXLCLA-JKSUJKDBSA-N,XGBoost_tuned,0.4382750010141011,3.225998358007724,Cupriavidus sp. USMAHM13,mg,48,0.004238109569996595
C18_positive|IK:GUMFPOIJOXLCLA-JKSUJKDBSA-N,XGBoost_tuned,0.4382750010141011,3.225998358007724,Bacillus sp. 1NLA3E,mg,49,0.004236053675413132
C18_positive|IK:GUMFPOIJOXLCLA-JKSUJKDBSA-N,XGBoost_tuned,0.4382750010141011,3.225998358007724,Bacillus megaterium,mg,50,0.004100671969354153
HILICZ_positive|IK:OYTCZOJKXCTBHG-UHFFFAOYSA-N,RandomForest_tuned,0.4350307938679755,4.68266215915222,Candidatus Koribacter versatilis,mg,1,0.06267037119306423
HILICZ_positive|IK:OYTCZOJKXCTBHG-UHFFFAOYSA-N,RandomForest_tuned,0.4350307938679755,4.68266215915222,Acidobacteriaceae bacterium SBC82,mg,2,0.06089354093018245
HILICZ_positive|IK:OYTCZOJKXCTBHG-UHFFFAOYSA-N,RandomForest_tuned,0.4350307938679755,4.68266215915222,Catenulispora acidiphila,mg,3,0.06067182785790781
HILICZ_positive|IK:OYTCZOJKXCTBHG-UHFFFAOYSA-N,RandomForest_tuned,0.4350307938679755,4.68266215915222,Granulicella mallensis,mg,4,0.057509879892990785
HILICZ_positive|IK:OYTCZOJKXCTBHG-UHFFFAOYSA-N,RandomForest_tuned,0.4350307938679755,4.68266215915222,Granulicella tundricola,mg,5,0.043381227442065115
HILICZ_positive|IK:OYTCZOJKXCTBHG-UHFFFAOYSA-N,RandomForest_tuned,0.4350307938679755,4.68266215915222,Kitasatospora setae,mg,6,0.039304129749670236
HILICZ_positive|IK:OYTCZOJKXCTBHG-UHFFFAOYSA-N,RandomForest_tuned,0.4350307938679755,4.68266215915222,Terriglobus roseus,mg,7,0.0383129252698816
HILICZ_positive|IK:OYTCZOJKXCTBHG-UHFFFAOYSA-N,RandomForest_tuned,0.4350307938679755,4.68266215915222,Kitasatospora aureofaciens,mg,8,0.037449982476855666
HILICZ_positive|IK:OYTCZOJKXCTBHG-UHFFFAOYSA-N,RandomForest_tuned,0.4350307938679755,4.68266215915222,Kitasatospora sp. MMS16-BH015,mg,9,0.03709262391799188
HILICZ_positive|IK:OYTCZOJKXCTBHG-UHFFFAOYSA-N,RandomForest_tuned,0.4350307938679755,4.68266215915222,Acidobacterium capsulatum,mg,10,0.03348806968260604
HILICZ_positive|IK:OYTCZOJKXCTBHG-UHFFFAOYSA-N,RandomForest_tuned,0.4350307938679755,4.68266215915222,nitrif__Rate (mg NO3-N/kilogram dry weight soil/day),soil,11,0.033150162166628444
HILICZ_positive|IK:OYTCZOJKXCTBHG-UHFFFAOYSA-N,RandomForest_tuned,0.4350307938679755,4.68266215915222,Streptomyces sp. TLI_053,mg,12,0.02933957952473878
HILICZ_positive|IK:OYTCZOJKXCTBHG-UHFFFAOYSA-N,RandomForest_tuned,0.4350307938679755,4.68266215915222,Terriglobus saanensis,mg,13,0.02395068351468091
HILICZ_positive|IK:OYTCZOJKXCTBHG-UHFFFAOYSA-N,RandomForest_tuned,0.4350307938679755,4.68266215915222,Candidatus Solibacter usitatus,mg,14,0.02122816069226082
HILICZ_positive|IK:OYTCZOJKXCTBHG-UHFFFAOYSA-N,RandomForest_tuned,0.4350307938679755,4.68266215915222,Streptacidiphilus sp. DSM 106435,mg,15,0.016416517846357805
HILICZ_positive|IK:OYTCZOJKXCTBHG-UHFFFAOYSA-N,RandomForest_tuned,0.4350307938679755,4.68266215915222,Sphingobacteriaceae bacterium GW460-11-11-14-LB5,mg,16,0.013175348882674425
HILICZ_positive|IK:OYTCZOJKXCTBHG-UHFFFAOYSA-N,RandomForest_tuned,0.4350307938679755,4.68266215915222,soil_NO3,soil,17,0.012683140582689394
HILICZ_positive|IK:OYTCZOJKXCTBHG-UHFFFAOYSA-N,RandomForest_tuned,0.4350307938679755,4.68266215915222,Bradyrhizobium lablabi,mg,18,0.011530060283703637
HILICZ_positive|IK:OYTCZOJKXCTBHG-UHFFFAOYSA-N,RandomForest_tuned,0.4350307938679755,4.68266215915222,moist__Replicate 1 Mass Water / Mass Dry Soil %,soil,19,0.010178737716557886
HILICZ_positive|IK:OYTCZOJKXCTBHG-UHFFFAOYSA-N,RandomForest_tuned,0.4350307938679755,4.68266215915222,Kitasatospora albolonga,mg,20,0.009330750965859237
HILICZ_positive|IK:OYTCZOJKXCTBHG-UHFFFAOYSA-N,RandomForest_tuned,0.4350307938679755,4.68266215915222,Bradyrhizobium sp.,mg,21,0.0092220003480922
HILICZ_positive|IK:OYTCZOJKXCTBHG-UHFFFAOYSA-N,RandomForest_tuned,0.4350307938679755,4.68266215915222,Bradyrhizobium erythrophlei,mg,22,0.007605322545472594
HILICZ_positive|IK:OYTCZOJKXCTBHG-UHFFFAOYSA-N,RandomForest_tuned,0.4350307938679755,4.68266215915222,Micromonospora inositola,mg,23,0.006246083861467496
HILICZ_positive|IK:OYTCZOJKXCTBHG-UHFFFAOYSA-N,RandomForest_tuned,0.4350307938679755,4.68266215915222,Bradyrhizobium icense,mg,24,0.005867383176544931
HILICZ_positive|IK:OYTCZOJKXCTBHG-UHFFFAOYSA-N,RandomForest_tuned,0.4350307938679755,4.68266215915222,Acidisphaera sp. G45-3,mg,25,0.005495638593333658
HILICZ_positive|IK:OYTCZOJKXCTBHG-UHFFFAOYSA-N,RandomForest_tuned,0.4350307938679755,4.68266215915222,Pedobacter sp. G11,mg,26,0.005362198359303282
HILICZ_positive|IK:OYTCZOJKXCTBHG-UHFFFAOYSA-N,RandomForest_tuned,0.4350307938679755,4.68266215915222,chem__Zn (Mehlich 1 mg/kg dry weight),soil,27,0.005068775744386973
HILICZ_positive|IK:OYTCZOJKXCTBHG-UHFFFAOYSA-N,RandomForest_tuned,0.4350307938679755,4.68266215915222,Chryseolinea sp. KIS68-18,mg,28,0.004856639088908924
HILICZ_positive|IK:OYTCZOJKXCTBHG-UHFFFAOYSA-N,RandomForest_tuned,0.4350307938679755,4.68266215915222,Streptomyces cattleya,mg,29,0.004359205026731256
HILICZ_positive|IK:OYTCZOJKXCTBHG-UHFFFAOYSA-N,RandomForest_tuned,0.4350307938679755,4.68266215915222,Sulfurihydrogenibium sp. YO3AOP1,mg,30,0.004337417610864083
HILICZ_positive|IK:OYTCZOJKXCTBHG-UHFFFAOYSA-N,RandomForest_tuned,0.4350307938679755,4.68266215915222,Nakamurella panacisegetis,mg,31,0.004064384793542814
HILICZ_positive|IK:OYTCZOJKXCTBHG-UHFFFAOYSA-N,RandomForest_tuned,0.4350307938679755,4.68266215915222,Chitinophaga pinensis,mg,32,0.003813291419224504
HILICZ_positive|IK:OYTCZOJKXCTBHG-UHFFFAOYSA-N,RandomForest_tuned,0.4350307938679755,4.68266215915222,Acidiphilium multivorum,mg,33,0.0037878284845873954
HILICZ_positive|IK:OYTCZOJKXCTBHG-UHFFFAOYSA-N,RandomForest_tuned,0.4350307938679755,4.68266215915222,Bradyrhizobium sp. ORS 3257,mg,34,0.003614491852429563
HILICZ_positive|IK:OYTCZOJKXCTBHG-UHFFFAOYSA-N,RandomForest_tuned,0.4350307938679755,4.68266215915222,Burkholderia mallei,mg,35,0.0035346852490742847
HILICZ_positive|IK:OYTCZOJKXCTBHG-UHFFFAOYSA-N,RandomForest_tuned,0.4350307938679755,4.68266215915222,chem__K (Mehlich 1 mg/kg dry weight),soil,36,0.0028437560242100955
HILICZ_positive|IK:OYTCZOJKXCTBHG-UHFFFAOYSA-N,RandomForest_tuned,0.4350307938679755,4.68266215915222,Bradyrhizobium japonicum,mg,37,0.002745361191966129
HILICZ_positive|IK:OYTCZOJKXCTBHG-UHFFFAOYSA-N,RandomForest_tuned,0.4350307938679755,4.68266215915222,Streptomyces griseus,mg,38,0.0027451263379166054
HILICZ_positive|IK:OYTCZOJKXCTBHG-UHFFFAOYSA-N,RandomForest_tuned,0.4350307938679755,4.68266215915222,Bacillus cereus,mg,39,0.0027134318119502268
HILICZ_positive|IK:OYTCZOJKXCTBHG-UHFFFAOYSA-N,RandomForest_tuned,0.4350307938679755,4.68266215915222,Streptomyces xiamenensis,mg,40,0.0026581784700067494
HILICZ_positive|IK:OYTCZOJKXCTBHG-UHFFFAOYSA-N,RandomForest_tuned,0.4350307938679755,4.68266215915222,Aeromonas caviae,mg,41,0.002539889836183685
HILICZ_positive|IK:OYTCZOJKXCTBHG-UHFFFAOYSA-N,RandomForest_tuned,0.4350307938679755,4.68266215915222,Streptomyces rubrolavendulae,mg,42,0.002413384797854076
HILICZ_positive|IK:OYTCZOJKXCTBHG-UHFFFAOYSA-N,RandomForest_tuned,0.4350307938679755,4.68266215915222,Homo sapiens,mg,43,0.0022837799458730636
HILICZ_positive|IK:OYTCZOJKXCTBHG-UHFFFAOYSA-N,RandomForest_tuned,0.4350307938679755,4.68266215915222,Thermotoga sp. RQ7,mg,44,0.0022610212948271564
HILICZ_positive|IK:OYTCZOJKXCTBHG-UHFFFAOYSA-N,RandomForest_tuned,0.4350307938679755,4.68266215915222,Xanthomonas citri,mg,45,0.0022506143357400657
HILICZ_positive|IK:OYTCZOJKXCTBHG-UHFFFAOYSA-N,RandomForest_tuned,0.4350307938679755,4.68266215915222,Streptomyces sp. Tu6071,mg,46,0.002224003088860803
HILICZ_positive|IK:OYTCZOJKXCTBHG-UHFFFAOYSA-N,RandomForest_tuned,0.4350307938679755,4.68266215915222,Pseudomonas citronellolis,mg,47,0.0021475656108064893
HILICZ_positive|IK:OYTCZOJKXCTBHG-UHFFFAOYSA-N,RandomForest_tuned,0.4350307938679755,4.68266215915222,Streptomyces atratus,mg,48,0.0021459577088611495
HILICZ_positive|IK:OYTCZOJKXCTBHG-UHFFFAOYSA-N,RandomForest_tuned,0.4350307938679755,4.68266215915222,Niastella koreensis,mg,49,0.0020675798021471408
HILICZ_positive|IK:OYTCZOJKXCTBHG-UHFFFAOYSA-N,RandomForest_tuned,0.4350307938679755,4.68266215915222,Frankia casuarinae,mg,50,0.0020435447490378135
C18_negative|IK:NGFMICBWJRZIBI-UHFFFAOYSA-N,RandomForest_tuned,0.4236997989398883,1.2952240918214624,Kitasatospora aureofaciens,mg,1,0.014598380322368818
C18_negative|IK:NGFMICBWJRZIBI-UHFFFAOYSA-N,RandomForest_tuned,0.4236997989398883,1.2952240918214624,Sulfurihydrogenibium sp. YO3AOP1,mg,2,0.01394660378335342
C18_negative|IK:NGFMICBWJRZIBI-UHFFFAOYSA-N,RandomForest_tuned,0.4236997989398883,1.2952240918214624,Streptomyces sp. TLI_053,mg,3,0.013317827955088676
C18_negative|IK:NGFMICBWJRZIBI-UHFFFAOYSA-N,RandomForest_tuned,0.4236997989398883,1.2952240918214624,Amycolatopsis orientalis,mg,4,0.01301352768536531
C18_negative|IK:NGFMICBWJRZIBI-UHFFFAOYSA-N,RandomForest_tuned,0.4236997989398883,1.2952240918214624,Rhodococcus coprophilus,mg,5,0.012114993725016
C18_negative|IK:NGFMICBWJRZIBI-UHFFFAOYSA-N,RandomForest_tuned,0.4236997989398883,1.2952240918214624,Thermomonospora curvata,mg,6,0.011607581680867523
C18_negative|IK:NGFMICBWJRZIBI-UHFFFAOYSA-N,RandomForest_tuned,0.4236997989398883,1.2952240918214624,Corynebacterium camporealensis,mg,7,0.011551237170747315
C18_negative|IK:NGFMICBWJRZIBI-UHFFFAOYSA-N,RandomForest_tuned,0.4236997989398883,1.2952240918214624,Kitasatospora sp. MMS16-BH015,mg,8,0.01037074396046275
C18_negative|IK:NGFMICBWJRZIBI-UHFFFAOYSA-N,RandomForest_tuned,0.4236997989398883,1.2952240918214624,Kytococcus sedentarius,mg,9,0.009769295552916075
C18_negative|IK:NGFMICBWJRZIBI-UHFFFAOYSA-N,RandomForest_tuned,0.4236997989398883,1.2952240918214624,Kitasatospora setae,mg,10,0.009722517317930893
C18_negative|IK:NGFMICBWJRZIBI-UHFFFAOYSA-N,RandomForest_tuned,0.4236997989398883,1.2952240918214624,Actinomadura amylolytica,mg,11,0.009544996327810182
C18_negative|IK:NGFMICBWJRZIBI-UHFFFAOYSA-N,RandomForest_tuned,0.4236997989398883,1.2952240918214624,Micromonospora purpureochromogenes,mg,12,0.009054135134659459
C18_negative|IK:NGFMICBWJRZIBI-UHFFFAOYSA-N,RandomForest_tuned,0.4236997989398883,1.2952240918214624,Jatrophihabitans sp. GAS493,mg,13,0.008713126912887614
C18_negative|IK:NGFMICBWJRZIBI-UHFFFAOYSA-N,RandomForest_tuned,0.4236997989398883,1.2952240918214624,Nocardiopsis gilva,mg,14,0.00866071233980896
C18_negative|IK:NGFMICBWJRZIBI-UHFFFAOYSA-N,RandomForest_tuned,0.4236997989398883,1.2952240918214624,Thermobispora bispora,mg,15,0.008409627696532659
C18_negative|IK:NGFMICBWJRZIBI-UHFFFAOYSA-N,RandomForest_tuned,0.4236997989398883,1.2952240918214624,Nocardiopsis dassonvillei,mg,16,0.008130908078380513
C18_negative|IK:NGFMICBWJRZIBI-UHFFFAOYSA-N,RandomForest_tuned,0.4236997989398883,1.2952240918214624,Streptosporangium roseum,mg,17,0.00808631761567085
C18_negative|IK:NGFMICBWJRZIBI-UHFFFAOYSA-N,RandomForest_tuned,0.4236997989398883,1.2952240918214624,Amycolatopsis sp. BJA-103,mg,18,0.007957935698395372
C18_negative|IK:NGFMICBWJRZIBI-UHFFFAOYSA-N,RandomForest_tuned,0.4236997989398883,1.2952240918214624,Amycolatopsis methanolica,mg,19,0.0077300379969045575
C18_negative|IK:NGFMICBWJRZIBI-UHFFFAOYSA-N,RandomForest_tuned,0.4236997989398883,1.2952240918214624,Serinicoccus sp. JLT9,mg,20,0.007097548294007559
C18_negative|IK:NGFMICBWJRZIBI-UHFFFAOYSA-N,RandomForest_tuned,0.4236997989398883,1.2952240918214624,Dermacoccus nishinomiyaensis,mg,21,0.007049536982717918
C18_negative|IK:NGFMICBWJRZIBI-UHFFFAOYSA-N,RandomForest_tuned,0.4236997989398883,1.2952240918214624,Rhodococcus rhodochrous,mg,22,0.006698373981187325
C18_negative|IK:NGFMICBWJRZIBI-UHFFFAOYSA-N,RandomForest_tuned,0.4236997989398883,1.2952240918214624,Allokutzneria albata,mg,23,0.006637742189500548
C18_negative|IK:NGFMICBWJRZIBI-UHFFFAOYSA-N,RandomForest_tuned,0.4236997989398883,1.2952240918214624,Rothia mucilaginosa,mg,24,0.006475884369571946
C18_negative|IK:NGFMICBWJRZIBI-UHFFFAOYSA-N,RandomForest_tuned,0.4236997989398883,1.2952240918214624,Micromonospora narathiwatensis,mg,25,0.0064406108039987055
C18_negative|IK:NGFMICBWJRZIBI-UHFFFAOYSA-N,RandomForest_tuned,0.4236997989398883,1.2952240918214624,Actinomyces sp. VUL4_3,mg,26,0.006356813047187928
C18_negative|IK:NGFMICBWJRZIBI-UHFFFAOYSA-N,RandomForest_tuned,0.4236997989398883,1.2952240918214624,Micromonospora coxensis,mg,27,0.006322746320617212
C18_negative|IK:NGFMICBWJRZIBI-UHFFFAOYSA-N,RandomForest_tuned,0.4236997989398883,1.2952240918214624,Micromonospora tulbaghiae,mg,28,0.006321649416319686
C18_negative|IK:NGFMICBWJRZIBI-UHFFFAOYSA-N,RandomForest_tuned,0.4236997989398883,1.2952240918214624,Candidatus Koribacter versatilis,mg,29,0.0061921259689713135
C18_negative|IK:NGFMICBWJRZIBI-UHFFFAOYSA-N,RandomForest_tuned,0.4236997989398883,1.2952240918214624,Thermobifida fusca,mg,30,0.006110952052966883
C18_negative|IK:NGFMICBWJRZIBI-UHFFFAOYSA-N,RandomForest_tuned,0.4236997989398883,1.2952240918214624,Rhodococcus hoagii,mg,31,0.0060155943130411355
C18_negative|IK:NGFMICBWJRZIBI-UHFFFAOYSA-N,RandomForest_tuned,0.4236997989398883,1.2952240918214624,Rhodococcus qingshengii,mg,32,0.006009638553662592
C18_negative|IK:NGFMICBWJRZIBI-UHFFFAOYSA-N,RandomForest_tuned,0.4236997989398883,1.2952240918214624,Kutzneria albida,mg,33,0.005922082044221476
C18_negative|IK:NGFMICBWJRZIBI-UHFFFAOYSA-N,RandomForest_tuned,0.4236997989398883,1.2952240918214624,Amycolatopsis japonica,mg,34,0.005677729500642341
C18_negative|IK:NGFMICBWJRZIBI-UHFFFAOYSA-N,RandomForest_tuned,0.4236997989398883,1.2952240918214624,Nocardiopsis alba,mg,35,0.005422921600054711
C18_negative|IK:NGFMICBWJRZIBI-UHFFFAOYSA-N,RandomForest_tuned,0.4236997989398883,1.2952240918214624,Rhodococcus sp. P1Y,mg,36,0.005374910862240223
C18_negative|IK:NGFMICBWJRZIBI-UHFFFAOYSA-N,RandomForest_tuned,0.4236997989398883,1.2952240918214624,Acidobacterium capsulatum,mg,37,0.005368913125649477
C18_negative|IK:NGFMICBWJRZIBI-UHFFFAOYSA-N,RandomForest_tuned,0.4236997989398883,1.2952240918214624,Candidatus Solibacter usitatus,mg,38,0.004879597276962028
C18_negative|IK:NGFMICBWJRZIBI-UHFFFAOYSA-N,RandomForest_tuned,0.4236997989398883,1.2952240918214624,Frankineae bacterium MT45,mg,39,0.004868924160025291
C18_negative|IK:NGFMICBWJRZIBI-UHFFFAOYSA-N,RandomForest_tuned,0.4236997989398883,1.2952240918214624,Nakamurella panacisegetis,mg,40,0.004817273620514084
C18_negative|IK:NGFMICBWJRZIBI-UHFFFAOYSA-N,RandomForest_tuned,0.4236997989398883,1.2952240918214624,Rhodococcus sp. S2-17,mg,41,0.004808556076792934
C18_negative|IK:NGFMICBWJRZIBI-UHFFFAOYSA-N,RandomForest_tuned,0.4236997989398883,1.2952240918214624,Nonomuraea sp. ATCC 55076,mg,42,0.0046479800979822945
C18_negative|IK:NGFMICBWJRZIBI-UHFFFAOYSA-N,RandomForest_tuned,0.4236997989398883,1.2952240918214624,Devriesea agamarum,mg,43,0.004646886497958424
C18_negative|IK:NGFMICBWJRZIBI-UHFFFAOYSA-N,RandomForest_tuned,0.4236997989398883,1.2952240918214624,Acidiphilium multivorum,mg,44,0.00458118117908515
C18_negative|IK:NGFMICBWJRZIBI-UHFFFAOYSA-N,RandomForest_tuned,0.4236997989398883,1.2952240918214624,Brevibacterium aurantiacum,mg,45,0.00455264248014049
C18_negative|IK:NGFMICBWJRZIBI-UHFFFAOYSA-N,RandomForest_tuned,0.4236997989398883,1.2952240918214624,Nakamurella multipartita,mg,46,0.004399790418953756
C18_negative|IK:NGFMICBWJRZIBI-UHFFFAOYSA-N,RandomForest_tuned,0.4236997989398883,1.2952240918214624,Streptosporangium sp. 'caverna',mg,47,0.004112636395003188
C18_negative|IK:NGFMICBWJRZIBI-UHFFFAOYSA-N,RandomForest_tuned,0.4236997989398883,1.2952240918214624,Rhodococcus ruber,mg,48,0.0040492831853089295
C18_negative|IK:NGFMICBWJRZIBI-UHFFFAOYSA-N,RandomForest_tuned,0.4236997989398883,1.2952240918214624,Dietzia sp. oral taxon 368,mg,49,0.003974698876569907
C18_negative|IK:NGFMICBWJRZIBI-UHFFFAOYSA-N,RandomForest_tuned,0.4236997989398883,1.2952240918214624,Dermatophilus congolensis,mg,50,0.00396974973349113
C18_negative|IK:LTSJJOKAWSCMBC-UHFFFAOYSA-N,RandomForest_tuned,0.41003710326878,3.924313758624332,Streptacidiphilus sp. DSM 106435,mg,1,0.10335600565783741
C18_negative|IK:LTSJJOKAWSCMBC-UHFFFAOYSA-N,RandomForest_tuned,0.41003710326878,3.924313758624332,Mycobacterium colombiense,mg,2,0.10052104191073355
C18_negative|IK:LTSJJOKAWSCMBC-UHFFFAOYSA-N,RandomForest_tuned,0.41003710326878,3.924313758624332,soil_NH4,soil,3,0.07640427573885976
C18_negative|IK:LTSJJOKAWSCMBC-UHFFFAOYSA-N,RandomForest_tuned,0.41003710326878,3.924313758624332,Mycobacterium shigaense,mg,4,0.059662714953296975
C18_negative|IK:LTSJJOKAWSCMBC-UHFFFAOYSA-N,RandomForest_tuned,0.41003710326878,3.924313758624332,Mycobacterium marseillense,mg,5,0.05097685377091449
C18_negative|IK:LTSJJOKAWSCMBC-UHFFFAOYSA-N,RandomForest_tuned,0.41003710326878,3.924313758624332,Candidatus Solibacter usitatus,mg,6,0.032352386824212105
C18_negative|IK:LTSJJOKAWSCMBC-UHFFFAOYSA-N,RandomForest_tuned,0.41003710326878,3.924313758624332,Nocardiopsis dassonvillei,mg,7,0.031597800795760786
C18_negative|IK:LTSJJOKAWSCMBC-UHFFFAOYSA-N,RandomForest_tuned,0.41003710326878,3.924313758624332,Paenibacillus graminis,mg,8,0.02586006399206204
C18_negative|IK:LTSJJOKAWSCMBC-UHFFFAOYSA-N,RandomForest_tuned,0.41003710326878,3.924313758624332,Paenibacillus riograndensis,mg,9,0.020483140613256526
C18_negative|IK:LTSJJOKAWSCMBC-UHFFFAOYSA-N,RandomForest_tuned,0.41003710326878,3.924313758624332,Thermomonospora curvata,mg,10,0.020192424112152933
C18_negative|IK:LTSJJOKAWSCMBC-UHFFFAOYSA-N,RandomForest_tuned,0.41003710326878,3.924313758624332,Bradyrhizobium erythrophlei,mg,11,0.019975912171520324
C18_negative|IK:LTSJJOKAWSCMBC-UHFFFAOYSA-N,RandomForest_tuned,0.41003710326878,3.924313758624332,Borreliella bavariensis,mg,12,0.014836424613022038
C18_negative|IK:LTSJJOKAWSCMBC-UHFFFAOYSA-N,RandomForest_tuned,0.41003710326878,3.924313758624332,Mycolicibacterium vanbaalenii,mg,13,0.014038903928561674
C18_negative|IK:LTSJJOKAWSCMBC-UHFFFAOYSA-N,RandomForest_tuned,0.41003710326878,3.924313758624332,Actinomadura amylolytica,mg,14,0.013666082887629584
C18_negative|IK:LTSJJOKAWSCMBC-UHFFFAOYSA-N,RandomForest_tuned,0.41003710326878,3.924313758624332,Mycobacterium sp. MS1601,mg,15,0.012999886190979928
C18_negative|IK:LTSJJOKAWSCMBC-UHFFFAOYSA-N,RandomForest_tuned,0.41003710326878,3.924313758624332,Pseudomonas arsenicoxydans,mg,16,0.012561286365759806
C18_negative|IK:LTSJJOKAWSCMBC-UHFFFAOYSA-N,RandomForest_tuned,0.41003710326878,3.924313758624332,Mycobacterium avium,mg,17,0.012494100444026652
C18_negative|IK:LTSJJOKAWSCMBC-UHFFFAOYSA-N,RandomForest_tuned,0.41003710326878,3.924313758624332,Thermobifida fusca,mg,18,0.010624349823424941
C18_negative|IK:LTSJJOKAWSCMBC-UHFFFAOYSA-N,RandomForest_tuned,0.41003710326878,3.924313758624332,Mycolicibacterium rutilum,mg,19,0.0105642997379204
C18_negative|IK:LTSJJOKAWSCMBC-UHFFFAOYSA-N,RandomForest_tuned,0.41003710326878,3.924313758624332,soil_total_N,soil,20,0.010493867375777304
C18_negative|IK:LTSJJOKAWSCMBC-UHFFFAOYSA-N,RandomForest_tuned,0.41003710326878,3.924313758624332,Mycobacterium sp. YC-RL4,mg,21,0.010303014601085009
C18_negative|IK:LTSJJOKAWSCMBC-UHFFFAOYSA-N,RandomForest_tuned,0.41003710326878,3.924313758624332,Mycolicibacterium rhodesiae,mg,22,0.01012197301650811
C18_negative|IK:LTSJJOKAWSCMBC-UHFFFAOYSA-N,RandomForest_tuned,0.41003710326878,3.924313758624332,Streptosporangium roseum,mg,23,0.009267637140698906
C18_negative|IK:LTSJJOKAWSCMBC-UHFFFAOYSA-N,RandomForest_tuned,0.41003710326878,3.924313758624332,moist__Replicate 1 Mass Water / Mass Dry Soil %,soil,24,0.009130200804705075
C18_negative|IK:LTSJJOKAWSCMBC-UHFFFAOYSA-N,RandomForest_tuned,0.41003710326878,3.924313758624332,Phenylobacterium sp. HYN0004,mg,25,0.008692982085471472
C18_negative|IK:LTSJJOKAWSCMBC-UHFFFAOYSA-N,RandomForest_tuned,0.41003710326878,3.924313758624332,Catenulispora acidiphila,mg,26,0.008605431172578391
C18_negative|IK:LTSJJOKAWSCMBC-UHFFFAOYSA-N,RandomForest_tuned,0.41003710326878,3.924313758624332,psize__Soil Clay Content %,soil,27,0.008496626123414366
C18_negative|IK:LTSJJOKAWSCMBC-UHFFFAOYSA-N,RandomForest_tuned,0.41003710326878,3.924313758624332,Mycobacterium dioxanotrophicus,mg,28,0.008044479795511457
C18_negative|IK:LTSJJOKAWSCMBC-UHFFFAOYSA-N,RandomForest_tuned,0.41003710326878,3.924313758624332,Phenylobacterium zucineum,mg,29,0.007768302651145601
C18_negative|IK:LTSJJOKAWSCMBC-UHFFFAOYSA-N,RandomForest_tuned,0.41003710326878,3.924313758624332,Polaribacter sp. KT 15,mg,30,0.007113323969689967
C18_negative|IK:LTSJJOKAWSCMBC-UHFFFAOYSA-N,RandomForest_tuned,0.41003710326878,3.924313758624332,Kutzneria albida,mg,31,0.00654264733264338
C18_negative|IK:LTSJJOKAWSCMBC-UHFFFAOYSA-N,RandomForest_tuned,0.41003710326878,3.924313758624332,Nocardiopsis gilva,mg,32,0.0062578815468724595
C18_negative|IK:LTSJJOKAWSCMBC-UHFFFAOYSA-N,RandomForest_tuned,0.41003710326878,3.924313758624332,psize__Soil Silt Content %,soil,33,0.0058082279943008274
C18_negative|IK:LTSJJOKAWSCMBC-UHFFFAOYSA-N,RandomForest_tuned,0.41003710326878,3.924313758624332,Rhodococcus sp. MTM3W5.2,mg,34,0.005680961226432693
C18_negative|IK:LTSJJOKAWSCMBC-UHFFFAOYSA-N,RandomForest_tuned,0.41003710326878,3.924313758624332,Polaribacter vadi,mg,35,0.004845260675957917
C18_negative|IK:LTSJJOKAWSCMBC-UHFFFAOYSA-N,RandomForest_tuned,0.41003710326878,3.924313758624332,Flavobacterium sp. HYN0056,mg,36,0.0041689415174488344
C18_negative|IK:LTSJJOKAWSCMBC-UHFFFAOYSA-N,RandomForest_tuned,0.41003710326878,3.924313758624332,Granulicella tundricola,mg,37,0.004097010262721748
C18_negative|IK:LTSJJOKAWSCMBC-UHFFFAOYSA-N,RandomForest_tuned,0.41003710326878,3.924313758624332,Mycobacterium sp. JS623,mg,38,0.003975783027280302
C18_negative|IK:LTSJJOKAWSCMBC-UHFFFAOYSA-N,RandomForest_tuned,0.41003710326878,3.924313758624332,chem__Mn (Mehlich 1 mg/kg dry weight),soil,39,0.003963720948203453
C18_negative|IK:LTSJJOKAWSCMBC-UHFFFAOYSA-N,RandomForest_tuned,0.41003710326878,3.924313758624332,Flavobacterium gilvum,mg,40,0.0037613827654622623
C18_negative|IK:LTSJJOKAWSCMBC-UHFFFAOYSA-N,RandomForest_tuned,0.41003710326878,3.924313758624332,Synechocystis sp. PCC 6714,mg,41,0.0036030017501317135
C18_negative|IK:LTSJJOKAWSCMBC-UHFFFAOYSA-N,RandomForest_tuned,0.41003710326878,3.924313758624332,Kitasatospora sp. MMS16-BH015,mg,42,0.003529358171743651
C18_negative|IK:LTSJJOKAWSCMBC-UHFFFAOYSA-N,RandomForest_tuned,0.41003710326878,3.924313758624332,Mycolicibacterium aurum,mg,43,0.0033926678729486602
C18_negative|IK:LTSJJOKAWSCMBC-UHFFFAOYSA-N,RandomForest_tuned,0.41003710326878,3.924313758624332,Paenibacillus sp. FSL R7-0331,mg,44,0.003333155010095355
C18_negative|IK:LTSJJOKAWSCMBC-UHFFFAOYSA-N,RandomForest_tuned,0.41003710326878,3.924313758624332,denit__Rate (microgN/kilogram dry weight soil/day),soil,45,0.0031486180812992106
C18_negative|IK:LTSJJOKAWSCMBC-UHFFFAOYSA-N,RandomForest_tuned,0.41003710326878,3.924313758624332,Mycobacterium haemophilum,mg,46,0.003137563114213947
C18_negative|IK:LTSJJOKAWSCMBC-UHFFFAOYSA-N,RandomForest_tuned,0.41003710326878,3.924313758624332,Sphingomonas indica,mg,47,0.0030860413308478702
C18_negative|IK:LTSJJOKAWSCMBC-UHFFFAOYSA-N,RandomForest_tuned,0.41003710326878,3.924313758624332,Bacillus megaterium,mg,48,0.003015509347844851
C18_negative|IK:LTSJJOKAWSCMBC-UHFFFAOYSA-N,RandomForest_tuned,0.41003710326878,3.924313758624332,Thermobispora bispora,mg,49,0.0029400499886750005
C18_negative|IK:LTSJJOKAWSCMBC-UHFFFAOYSA-N,RandomForest_tuned,0.41003710326878,3.924313758624332,Streptosporangium sp. 'caverna',mg,50,0.002870072791086381
C18_positive|IK:NGFMICBWJRZIBI-UHFFFAOYSA-N,RandomForest_tuned,0.3608390445015792,1.059619625064513,Acidobacterium capsulatum,mg,1,0.006607467073602534
C18_positive|IK:NGFMICBWJRZIBI-UHFFFAOYSA-N,RandomForest_tuned,0.3608390445015792,1.059619625064513,Amycolatopsis orientalis,mg,2,0.005759738715258212
C18_positive|IK:NGFMICBWJRZIBI-UHFFFAOYSA-N,RandomForest_tuned,0.3608390445015792,1.059619625064513,Gordonia iterans,mg,3,0.0055365830367844066
C18_positive|IK:NGFMICBWJRZIBI-UHFFFAOYSA-N,RandomForest_tuned,0.3608390445015792,1.059619625064513,Massilia sp. YMA4,mg,4,0.004907246716457873
C18_positive|IK:NGFMICBWJRZIBI-UHFFFAOYSA-N,RandomForest_tuned,0.3608390445015792,1.059619625064513,Corynebacterium minutissimum,mg,5,0.004836563316350397
C18_positive|IK:NGFMICBWJRZIBI-UHFFFAOYSA-N,RandomForest_tuned,0.3608390445015792,1.059619625064513,Kitasatospora aureofaciens,mg,6,0.004815728817922719
C18_positive|IK:NGFMICBWJRZIBI-UHFFFAOYSA-N,RandomForest_tuned,0.3608390445015792,1.059619625064513,Streptomyces sp. TLI_053,mg,7,0.004768616993679935
C18_positive|IK:NGFMICBWJRZIBI-UHFFFAOYSA-N,RandomForest_tuned,0.3608390445015792,1.059619625064513,Actinomadura amylolytica,mg,8,0.004379515463057285
C18_positive|IK:NGFMICBWJRZIBI-UHFFFAOYSA-N,RandomForest_tuned,0.3608390445015792,1.059619625064513,Kibdelosporangium phytohabitans,mg,9,0.0042966151033573844
C18_positive|IK:NGFMICBWJRZIBI-UHFFFAOYSA-N,RandomForest_tuned,0.3608390445015792,1.059619625064513,Saccharomonospora glauca,mg,10,0.004179183569897277
C18_positive|IK:NGFMICBWJRZIBI-UHFFFAOYSA-N,RandomForest_tuned,0.3608390445015792,1.059619625064513,Dietzia sp. oral taxon 368,mg,11,0.00415502793455713
C18_positive|IK:NGFMICBWJRZIBI-UHFFFAOYSA-N,RandomForest_tuned,0.3608390445015792,1.059619625064513,Microlunatus soli,mg,12,0.003854615091900894
C18_positive|IK:NGFMICBWJRZIBI-UHFFFAOYSA-N,RandomForest_tuned,0.3608390445015792,1.059619625064513,Austwickia chelonae,mg,13,0.003782830908717501
C18_positive|IK:NGFMICBWJRZIBI-UHFFFAOYSA-N,RandomForest_tuned,0.3608390445015792,1.059619625064513,Nocardiopsis dassonvillei,mg,14,0.0037294307829332015
C18_positive|IK:NGFMICBWJRZIBI-UHFFFAOYSA-N,RandomForest_tuned,0.3608390445015792,1.059619625064513,Rhodococcus qingshengii,mg,15,0.0036872562979675446
C18_positive|IK:NGFMICBWJRZIBI-UHFFFAOYSA-N,RandomForest_tuned,0.3608390445015792,1.059619625064513,Rhodococcus sp. P1Y,mg,16,0.0036461235630383393
C18_positive|IK:NGFMICBWJRZIBI-UHFFFAOYSA-N,RandomForest_tuned,0.3608390445015792,1.059619625064513,Sulfurihydrogenibium sp. YO3AOP1,mg,17,0.003558032698572419
C18_positive|IK:NGFMICBWJRZIBI-UHFFFAOYSA-N,RandomForest_tuned,0.3608390445015792,1.059619625064513,Acidiphilium multivorum,mg,18,0.003439094045620346
C18_positive|IK:NGFMICBWJRZIBI-UHFFFAOYSA-N,RandomForest_tuned,0.3608390445015792,1.059619625064513,Auraticoccus monumenti,mg,19,0.0034217036782685705
C18_positive|IK:NGFMICBWJRZIBI-UHFFFAOYSA-N,RandomForest_tuned,0.3608390445015792,1.059619625064513,Saccharothrix espanaensis,mg,20,0.003412179904332694
C18_positive|IK:NGFMICBWJRZIBI-UHFFFAOYSA-N,RandomForest_tuned,0.3608390445015792,1.059619625064513,Rhodococcus ruber,mg,21,0.003407242744098684
C18_positive|IK:NGFMICBWJRZIBI-UHFFFAOYSA-N,RandomForest_tuned,0.3608390445015792,1.059619625064513,Rhodococcus coprophilus,mg,22,0.0033267628759427767
C18_positive|IK:NGFMICBWJRZIBI-UHFFFAOYSA-N,RandomForest_tuned,0.3608390445015792,1.059619625064513,Devriesea agamarum,mg,23,0.003243502101515312
C18_positive|IK:NGFMICBWJRZIBI-UHFFFAOYSA-N,RandomForest_tuned,0.3608390445015792,1.059619625064513,Nocardia cyriacigeorgica,mg,24,0.0030956970371560904
C18_positive|IK:NGFMICBWJRZIBI-UHFFFAOYSA-N,RandomForest_tuned,0.3608390445015792,1.059619625064513,Micromonospora sp. WMMA2032,mg,25,0.0030067247055754775
C18_positive|IK:NGFMICBWJRZIBI-UHFFFAOYSA-N,RandomForest_tuned,0.3608390445015792,1.059619625064513,Tessaracoccus sp. Marseille-P5995,mg,26,0.0029837959530318744
C18_positive|IK:NGFMICBWJRZIBI-UHFFFAOYSA-N,RandomForest_tuned,0.3608390445015792,1.059619625064513,Intrasporangium calvum,mg,27,0.002968523905602504
C18_positive|IK:NGFMICBWJRZIBI-UHFFFAOYSA-N,RandomForest_tuned,0.3608390445015792,1.059619625064513,Micromonospora auratinigra,mg,28,0.0029579831653364433
C18_positive|IK:NGFMICBWJRZIBI-UHFFFAOYSA-N,RandomForest_tuned,0.3608390445015792,1.059619625064513,Nocardia terpenica,mg,29,0.002954048447626806
C18_positive|IK:NGFMICBWJRZIBI-UHFFFAOYSA-N,RandomForest_tuned,0.3608390445015792,1.059619625064513,Acidobacteriaceae bacterium SBC82,mg,30,0.0029424625003236712
C18_positive|IK:NGFMICBWJRZIBI-UHFFFAOYSA-N,RandomForest_tuned,0.3608390445015792,1.059619625064513,Sanguibacter keddieii,mg,31,0.0029226364332142433
C18_positive|IK:NGFMICBWJRZIBI-UHFFFAOYSA-N,RandomForest_tuned,0.3608390445015792,1.059619625064513,Dermatophilus congolensis,mg,32,0.002884006483016261
C18_positive|IK:NGFMICBWJRZIBI-UHFFFAOYSA-N,RandomForest_tuned,0.3608390445015792,1.059619625064513,Alcanivorax sp. N3-2A,mg,33,0.002861696656965826
C18_positive|IK:NGFMICBWJRZIBI-UHFFFAOYSA-N,RandomForest_tuned,0.3608390445015792,1.059619625064513,psize__Soil Sand Content %,soil,34,0.002814888080472953
C18_positive|IK:NGFMICBWJRZIBI-UHFFFAOYSA-N,RandomForest_tuned,0.3608390445015792,1.059619625064513,Nakamurella panacisegetis,mg,35,0.002806587974270624
C18_positive|IK:NGFMICBWJRZIBI-UHFFFAOYSA-N,RandomForest_tuned,0.3608390445015792,1.059619625064513,Arthrobacter sp. DCT-5,mg,36,0.0027702405643137383
C18_positive|IK:NGFMICBWJRZIBI-UHFFFAOYSA-N,RandomForest_tuned,0.3608390445015792,1.059619625064513,Corynebacterium humireducens,mg,37,0.0027199300035003243
C18_positive|IK:NGFMICBWJRZIBI-UHFFFAOYSA-N,RandomForest_tuned,0.3608390445015792,1.059619625064513,Thermobispora bispora,mg,38,0.002670020402654757
C18_positive|IK:NGFMICBWJRZIBI-UHFFFAOYSA-N,RandomForest_tuned,0.3608390445015792,1.059619625064513,Brachybacterium faecium,mg,39,0.0026267741893219276
C18_positive|IK:NGFMICBWJRZIBI-UHFFFAOYSA-N,RandomForest_tuned,0.3608390445015792,1.059619625064513,Candidatus Koribacter versatilis,mg,40,0.0025864630205723257
C18_positive|IK:NGFMICBWJRZIBI-UHFFFAOYSA-N,RandomForest_tuned,0.3608390445015792,1.059619625064513,Amycolatopsis sp. AA4,mg,41,0.002533566270347356
C18_positive|IK:NGFMICBWJRZIBI-UHFFFAOYSA-N,RandomForest_tuned,0.3608390445015792,1.059619625064513,Chryseolinea sp. KIS68-18,mg,42,0.0025305095619383494
C18_positive|IK:NGFMICBWJRZIBI-UHFFFAOYSA-N,RandomForest_tuned,0.3608390445015792,1.059619625064513,Kitasatospora setae,mg,43,0.0025214056698855004
C18_positive|IK:NGFMICBWJRZIBI-UHFFFAOYSA-N,RandomForest_tuned,0.3608390445015792,1.059619625064513,Tessaracoccus aquimaris,mg,44,0.002513411469970855
C18_positive|IK:NGFMICBWJRZIBI-UHFFFAOYSA-N,RandomForest_tuned,0.3608390445015792,1.059619625064513,Thermomonospora curvata,mg,45,0.0024989709621996976
C18_positive|IK:NGFMICBWJRZIBI-UHFFFAOYSA-N,RandomForest_tuned,0.3608390445015792,1.059619625064513,Pseudomonas lini,mg,46,0.0024758234718571075
C18_positive|IK:NGFMICBWJRZIBI-UHFFFAOYSA-N,RandomForest_tuned,0.3608390445015792,1.059619625064513,Thermobifida fusca,mg,47,0.0024562973443408315
C18_positive|IK:NGFMICBWJRZIBI-UHFFFAOYSA-N,RandomForest_tuned,0.3608390445015792,1.059619625064513,Gordonia polyisoprenivorans,mg,48,0.002438456668339759
C18_positive|IK:NGFMICBWJRZIBI-UHFFFAOYSA-N,RandomForest_tuned,0.3608390445015792,1.059619625064513,Rhodococcus sp. S2-17,mg,49,0.002437841602471728
C18_positive|IK:NGFMICBWJRZIBI-UHFFFAOYSA-N,RandomForest_tuned,0.3608390445015792,1.059619625064513,Xylanimonas cellulosilytica,mg,50,0.0024029890603442863
C18_negative|IK:ZWNLSRDFHQCTQW-UHFFFAOYSA-N,RandomForest_tuned,0.3578503427547289,4.094879405680756,Streptomyces sp. SCSIO 03032,mg,1,0.11762211317254219
C18_negative|IK:ZWNLSRDFHQCTQW-UHFFFAOYSA-N,RandomForest_tuned,0.3578503427547289,4.094879405680756,Actinoalloteichus sp. GBA129-24,mg,2,0.07914809684099824
C18_negative|IK:ZWNLSRDFHQCTQW-UHFFFAOYSA-N,RandomForest_tuned,0.3578503427547289,4.094879405680756,Streptacidiphilus sp. DSM 106435,mg,3,0.0645665580251091
C18_negative|IK:ZWNLSRDFHQCTQW-UHFFFAOYSA-N,RandomForest_tuned,0.3578503427547289,4.094879405680756,Streptomyces sp. CNQ-509,mg,4,0.04878935795328636
C18_negative|IK:ZWNLSRDFHQCTQW-UHFFFAOYSA-N,RandomForest_tuned,0.3578503427547289,4.094879405680756,Streptomyces xiamenensis,mg,5,0.04817139994141814
C18_negative|IK:ZWNLSRDFHQCTQW-UHFFFAOYSA-N,RandomForest_tuned,0.3578503427547289,4.094879405680756,Rahnella sp. ERMR1:05,mg,6,0.03625098090362368
C18_negative|IK:ZWNLSRDFHQCTQW-UHFFFAOYSA-N,RandomForest_tuned,0.3578503427547289,4.094879405680756,Nocardia terpenica,mg,7,0.0339312177140582
C18_negative|IK:ZWNLSRDFHQCTQW-UHFFFAOYSA-N,RandomForest_tuned,0.3578503427547289,4.094879405680756,Streptomyces sp. TLI_053,mg,8,0.02754321890502616
C18_negative|IK:ZWNLSRDFHQCTQW-UHFFFAOYSA-N,RandomForest_tuned,0.3578503427547289,4.094879405680756,Rahnella sp. Y9602,mg,9,0.0249741567261521
C18_negative|IK:ZWNLSRDFHQCTQW-UHFFFAOYSA-N,RandomForest_tuned,0.3578503427547289,4.094879405680756,Kitasatospora setae,mg,10,0.023347843646812354
C18_negative|IK:ZWNLSRDFHQCTQW-UHFFFAOYSA-N,RandomForest_tuned,0.3578503427547289,4.094879405680756,Rhizobium phage RHEph10,mg,11,0.015424610017590192
C18_negative|IK:ZWNLSRDFHQCTQW-UHFFFAOYSA-N,RandomForest_tuned,0.3578503427547289,4.094879405680756,Allokutzneria albata,mg,12,0.015348463616052646
C18_negative|IK:ZWNLSRDFHQCTQW-UHFFFAOYSA-N,RandomForest_tuned,0.3578503427547289,4.094879405680756,Homo sapiens,mg,13,0.013337114273716722
C18_negative|IK:ZWNLSRDFHQCTQW-UHFFFAOYSA-N,RandomForest_tuned,0.3578503427547289,4.094879405680756,Amycolatopsis keratiniphila,mg,14,0.012298325354637074
C18_negative|IK:ZWNLSRDFHQCTQW-UHFFFAOYSA-N,RandomForest_tuned,0.3578503427547289,4.094879405680756,Rahnella aquatilis,mg,15,0.011599502313799134
C18_negative|IK:ZWNLSRDFHQCTQW-UHFFFAOYSA-N,RandomForest_tuned,0.3578503427547289,4.094879405680756,Cellulomonas fimi,mg,16,0.009089808399008319
C18_negative|IK:ZWNLSRDFHQCTQW-UHFFFAOYSA-N,RandomForest_tuned,0.3578503427547289,4.094879405680756,psize__Soil Silt Content %,soil,17,0.007198333397815419
C18_negative|IK:ZWNLSRDFHQCTQW-UHFFFAOYSA-N,RandomForest_tuned,0.3578503427547289,4.094879405680756,Nocardiopsis gilva,mg,18,0.0069514164749566966
C18_negative|IK:ZWNLSRDFHQCTQW-UHFFFAOYSA-N,RandomForest_tuned,0.3578503427547289,4.094879405680756,Nocardiopsis dassonvillei,mg,19,0.006940398101265121
C18_negative|IK:ZWNLSRDFHQCTQW-UHFFFAOYSA-N,RandomForest_tuned,0.3578503427547289,4.094879405680756,Acinetobacter baumannii,mg,20,0.006928716118977188
C18_negative|IK:ZWNLSRDFHQCTQW-UHFFFAOYSA-N,RandomForest_tuned,0.3578503427547289,4.094879405680756,Jatrophihabitans sp. GAS493,mg,21,0.006913234783061637
C18_negative|IK:ZWNLSRDFHQCTQW-UHFFFAOYSA-N,RandomForest_tuned,0.3578503427547289,4.094879405680756,Cupriavidus pauculus,mg,22,0.006911710259129639
C18_negative|IK:ZWNLSRDFHQCTQW-UHFFFAOYSA-N,RandomForest_tuned,0.3578503427547289,4.094879405680756,Burkholderia gladioli,mg,23,0.006706899093322367
C18_negative|IK:ZWNLSRDFHQCTQW-UHFFFAOYSA-N,RandomForest_tuned,0.3578503427547289,4.094879405680756,psize__Soil Clay Content %,soil,24,0.005657853089408359
C18_negative|IK:ZWNLSRDFHQCTQW-UHFFFAOYSA-N,RandomForest_tuned,0.3578503427547289,4.094879405680756,Pseudomonas fulva,mg,25,0.005447661821557765
C18_negative|IK:ZWNLSRDFHQCTQW-UHFFFAOYSA-N,RandomForest_tuned,0.3578503427547289,4.094879405680756,Acinetobacter pittii,mg,26,0.00507898172907216
C18_negative|IK:ZWNLSRDFHQCTQW-UHFFFAOYSA-N,RandomForest_tuned,0.3578503427547289,4.094879405680756,Microbacterium foliorum,mg,27,0.005004345621013773
C18_negative|IK:ZWNLSRDFHQCTQW-UHFFFAOYSA-N,RandomForest_tuned,0.3578503427547289,4.094879405680756,Acinetobacter calcoaceticus,mg,28,0.004878908677100429
C18_negative|IK:ZWNLSRDFHQCTQW-UHFFFAOYSA-N,RandomForest_tuned,0.3578503427547289,4.094879405680756,Novosphingobium resinovorum,mg,29,0.004687429500353046
C18_negative|IK:ZWNLSRDFHQCTQW-UHFFFAOYSA-N,RandomForest_tuned,0.3578503427547289,4.094879405680756,Streptomyces virus TG1,mg,30,0.004499005020739381
C18_negative|IK:ZWNLSRDFHQCTQW-UHFFFAOYSA-N,RandomForest_tuned,0.3578503427547289,4.094879405680756,Pseudomonas monteilii,mg,31,0.00430924402444698
C18_negative|IK:ZWNLSRDFHQCTQW-UHFFFAOYSA-N,RandomForest_tuned,0.3578503427547289,4.094879405680756,Nonomuraea sp. ATCC 55076,mg,32,0.003978329108305998
C18_negative|IK:ZWNLSRDFHQCTQW-UHFFFAOYSA-N,RandomForest_tuned,0.3578503427547289,4.094879405680756,Kutzneria albida,mg,33,0.003969886866255111
C18_negative|IK:ZWNLSRDFHQCTQW-UHFFFAOYSA-N,RandomForest_tuned,0.3578503427547289,4.094879405680756,Paenibacillus odorifer,mg,34,0.003912506129343112
C18_negative|IK:ZWNLSRDFHQCTQW-UHFFFAOYSA-N,RandomForest_tuned,0.3578503427547289,4.094879405680756,Microterricola viridarii,mg,35,0.0038682332509390187
C18_negative|IK:ZWNLSRDFHQCTQW-UHFFFAOYSA-N,RandomForest_tuned,0.3578503427547289,4.094879405680756,Flavisolibacter tropicus,mg,36,0.0037004048006944994
C18_negative|IK:ZWNLSRDFHQCTQW-UHFFFAOYSA-N,RandomForest_tuned,0.3578503427547289,4.094879405680756,Streptomyces virus phiBT1,mg,37,0.0036425551742090938
C18_negative|IK:ZWNLSRDFHQCTQW-UHFFFAOYSA-N,RandomForest_tuned,0.3578503427547289,4.094879405680756,Cellulomonas gilvus,mg,38,0.0036180180471906713
C18_negative|IK:ZWNLSRDFHQCTQW-UHFFFAOYSA-N,RandomForest_tuned,0.3578503427547289,4.094879405680756,Serratia plymuthica,mg,39,0.003505859020439545
C18_negative|IK:ZWNLSRDFHQCTQW-UHFFFAOYSA-N,RandomForest_tuned,0.3578503427547289,4.094879405680756,Paenibacillus sp. FSL H7-0737,mg,40,0.0034427052702606722
C18_negative|IK:ZWNLSRDFHQCTQW-UHFFFAOYSA-N,RandomForest_tuned,0.3578503427547289,4.094879405680756,Micromonospora auratinigra,mg,41,0.002969209534373859
C18_negative|IK:ZWNLSRDFHQCTQW-UHFFFAOYSA-N,RandomForest_tuned,0.3578503427547289,4.094879405680756,Rhodoferax koreense,mg,42,0.0029523318202112543
C18_negative|IK:ZWNLSRDFHQCTQW-UHFFFAOYSA-N,RandomForest_tuned,0.3578503427547289,4.094879405680756,Rhodococcus erythropolis,mg,43,0.0028933934001008394
C18_negative|IK:ZWNLSRDFHQCTQW-UHFFFAOYSA-N,RandomForest_tuned,0.3578503427547289,4.094879405680756,Rhodococcus sp. H-CA8f,mg,44,0.002748107190138274
C18_negative|IK:ZWNLSRDFHQCTQW-UHFFFAOYSA-N,RandomForest_tuned,0.3578503427547289,4.094879405680756,Burkholderia mallei,mg,45,0.00259145241285147
C18_negative|IK:ZWNLSRDFHQCTQW-UHFFFAOYSA-N,RandomForest_tuned,0.3578503427547289,4.094879405680756,Luteitalea pratensis,mg,46,0.0025323464338975667
C18_negative|IK:ZWNLSRDFHQCTQW-UHFFFAOYSA-N,RandomForest_tuned,0.3578503427547289,4.094879405680756,Acinetobacter oleivorans,mg,47,0.0024986781952191827
C18_negative|IK:ZWNLSRDFHQCTQW-UHFFFAOYSA-N,RandomForest_tuned,0.3578503427547289,4.094879405680756,Yersinia enterocolitica,mg,48,0.002481789808711621
C18_negative|IK:ZWNLSRDFHQCTQW-UHFFFAOYSA-N,RandomForest_tuned,0.3578503427547289,4.094879405680756,Streptomyces virus phiC31,mg,49,0.0024629121174413373
C18_negative|IK:ZWNLSRDFHQCTQW-UHFFFAOYSA-N,RandomForest_tuned,0.3578503427547289,4.094879405680756,Novosphingobium sp. P6W,mg,50,0.002418282520387903
C18_negative|IK:GHOKWGTUZJEAQD-UHFFFAOYSA-N,RandomForest_tuned,0.3577850307245721,4.52419014250194,Streptomyces sp. TLI_053,mg,1,0.12871825549680646
C18_negative|IK:GHOKWGTUZJEAQD-UHFFFAOYSA-N,RandomForest_tuned,0.3577850307245721,4.52419014250194,Kitasatospora aureofaciens,mg,2,0.10911597658946438
C18_negative|IK:GHOKWGTUZJEAQD-UHFFFAOYSA-N,RandomForest_tuned,0.3577850307245721,4.52419014250194,Azospira oryzae,mg,3,0.08651238260852007
C18_negative|IK:GHOKWGTUZJEAQD-UHFFFAOYSA-N,RandomForest_tuned,0.3577850307245721,4.52419014250194,Bordetella pertussis,mg,4,0.06622921928107886
C18_negative|IK:GHOKWGTUZJEAQD-UHFFFAOYSA-N,RandomForest_tuned,0.3577850307245721,4.52419014250194,Kitasatospora sp. MMS16-BH015,mg,5,0.04455160275662647
C18_negative|IK:GHOKWGTUZJEAQD-UHFFFAOYSA-N,RandomForest_tuned,0.3577850307245721,4.52419014250194,Kitasatospora setae,mg,6,0.03343894923829593
C18_negative|IK:GHOKWGTUZJEAQD-UHFFFAOYSA-N,RandomForest_tuned,0.3577850307245721,4.52419014250194,Streptacidiphilus sp. DSM 106435,mg,7,0.02870905111257929
C18_negative|IK:GHOKWGTUZJEAQD-UHFFFAOYSA-N,RandomForest_tuned,0.3577850307245721,4.52419014250194,Streptomyces xiamenensis,mg,8,0.01991852554963506
C18_negative|IK:GHOKWGTUZJEAQD-UHFFFAOYSA-N,RandomForest_tuned,0.3577850307245721,4.52419014250194,Thauera sp. MZ1T,mg,9,0.016311749042889838
C18_negative|IK:GHOKWGTUZJEAQD-UHFFFAOYSA-N,RandomForest_tuned,0.3577850307245721,4.52419014250194,Hymenobacter sp. DG25B,mg,10,0.015348838427329418
C18_negative|IK:GHOKWGTUZJEAQD-UHFFFAOYSA-N,RandomForest_tuned,0.3577850307245721,4.52419014250194,Cupriavidus oxalaticus,mg,11,0.014188356130422429
C18_negative|IK:GHOKWGTUZJEAQD-UHFFFAOYSA-N,RandomForest_tuned,0.3577850307245721,4.52419014250194,Thauera chlorobenzoica,mg,12,0.012914910667712288
C18_negative|IK:GHOKWGTUZJEAQD-UHFFFAOYSA-N,RandomForest_tuned,0.3577850307245721,4.52419014250194,Streptomyces sp. SCSIO 03032,mg,13,0.012523341074524887
C18_negative|IK:GHOKWGTUZJEAQD-UHFFFAOYSA-N,RandomForest_tuned,0.3577850307245721,4.52419014250194,Mucilaginibacter gotjawali,mg,14,0.01179006298737047
C18_negative|IK:GHOKWGTUZJEAQD-UHFFFAOYSA-N,RandomForest_tuned,0.3577850307245721,4.52419014250194,Sulfuritalea hydrogenivorans,mg,15,0.011354170716400276
C18_negative|IK:GHOKWGTUZJEAQD-UHFFFAOYSA-N,RandomForest_tuned,0.3577850307245721,4.52419014250194,Bordetella sp. H567,mg,16,0.007904262524754482
C18_negative|IK:GHOKWGTUZJEAQD-UHFFFAOYSA-N,RandomForest_tuned,0.3577850307245721,4.52419014250194,Pseudomonas umsongensis,mg,17,0.007399689480834412
C18_negative|IK:GHOKWGTUZJEAQD-UHFFFAOYSA-N,RandomForest_tuned,0.3577850307245721,4.52419014250194,Pseudomonas sp. NC02,mg,18,0.007029599893917467
C18_negative|IK:GHOKWGTUZJEAQD-UHFFFAOYSA-N,RandomForest_tuned,0.3577850307245721,4.52419014250194,Bradyrhizobium sp. 3 85S1MB,mg,19,0.006778181804701795
C18_negative|IK:GHOKWGTUZJEAQD-UHFFFAOYSA-N,RandomForest_tuned,0.3577850307245721,4.52419014250194,Methylotenera versatilis,mg,20,0.0066858354668281016
C18_negative|IK:GHOKWGTUZJEAQD-UHFFFAOYSA-N,RandomForest_tuned,0.3577850307245721,4.52419014250194,Bradyrhizobium icense,mg,21,0.006440355822781691
C18_negative|IK:GHOKWGTUZJEAQD-UHFFFAOYSA-N,RandomForest_tuned,0.3577850307245721,4.52419014250194,Cupriavidus taiwanensis,mg,22,0.00597428470020415
C18_negative|IK:GHOKWGTUZJEAQD-UHFFFAOYSA-N,RandomForest_tuned,0.3577850307245721,4.52419014250194,Rhizobium phaseoli,mg,23,0.005582337535108978
C18_negative|IK:GHOKWGTUZJEAQD-UHFFFAOYSA-N,RandomForest_tuned,0.3577850307245721,4.52419014250194,soil_total_N,soil,24,0.005539348823745186
C18_negative|IK:GHOKWGTUZJEAQD-UHFFFAOYSA-N,RandomForest_tuned,0.3577850307245721,4.52419014250194,Burkholderia cenocepacia,mg,25,0.005477623961107831
C18_negative|IK:GHOKWGTUZJEAQD-UHFFFAOYSA-N,RandomForest_tuned,0.3577850307245721,4.52419014250194,Mucilaginibacter sp. PAMC 26640,mg,26,0.005047328011022935
C18_negative|IK:GHOKWGTUZJEAQD-UHFFFAOYSA-N,RandomForest_tuned,0.3577850307245721,4.52419014250194,Actinoplanes derwentensis,mg,27,0.005014908124956499
C18_negative|IK:GHOKWGTUZJEAQD-UHFFFAOYSA-N,RandomForest_tuned,0.3577850307245721,4.52419014250194,Bradyrhizobium sp. ORS 3257,mg,28,0.004993899600598649
C18_negative|IK:GHOKWGTUZJEAQD-UHFFFAOYSA-N,RandomForest_tuned,0.3577850307245721,4.52419014250194,Jeongeupia sp. USM3,mg,29,0.004802471346915497
C18_negative|IK:GHOKWGTUZJEAQD-UHFFFAOYSA-N,RandomForest_tuned,0.3577850307245721,4.52419014250194,Cupriavidus pauculus,mg,30,0.00471000816540204
C18_negative|IK:GHOKWGTUZJEAQD-UHFFFAOYSA-N,RandomForest_tuned,0.3577850307245721,4.52419014250194,Gordonia phage GMA4,mg,31,0.004626386752681934
C18_negative|IK:GHOKWGTUZJEAQD-UHFFFAOYSA-N,RandomForest_tuned,0.3577850307245721,4.52419014250194,Cupriavidus basilensis,mg,32,0.00459622448281688
C18_negative|IK:GHOKWGTUZJEAQD-UHFFFAOYSA-N,RandomForest_tuned,0.3577850307245721,4.52419014250194,Streptosporangium sp. 'caverna',mg,33,0.004536104967021108
C18_negative|IK:GHOKWGTUZJEAQD-UHFFFAOYSA-N,RandomForest_tuned,0.3577850307245721,4.52419014250194,Micromonospora auratinigra,mg,34,0.00448525702636419
C18_negative|IK:GHOKWGTUZJEAQD-UHFFFAOYSA-N,RandomForest_tuned,0.3577850307245721,4.52419014250194,Saccharomonospora marina,mg,35,0.004436052896874372
C18_negative|IK:GHOKWGTUZJEAQD-UHFFFAOYSA-N,RandomForest_tuned,0.3577850307245721,4.52419014250194,Geobacter sp. M18,mg,36,0.004325741812320933
C18_negative|IK:GHOKWGTUZJEAQD-UHFFFAOYSA-N,RandomForest_tuned,0.3577850307245721,4.52419014250194,Micromonospora inositola,mg,37,0.004300253254885122
C18_negative|IK:GHOKWGTUZJEAQD-UHFFFAOYSA-N,RandomForest_tuned,0.3577850307245721,4.52419014250194,Pseudomonas syringae group genomosp. 3,mg,38,0.003980046251635005
C18_negative|IK:GHOKWGTUZJEAQD-UHFFFAOYSA-N,RandomForest_tuned,0.3577850307245721,4.52419014250194,Nitrosococcus oceani,mg,39,0.0039285661233100224
C18_negative|IK:GHOKWGTUZJEAQD-UHFFFAOYSA-N,RandomForest_tuned,0.3577850307245721,4.52419014250194,Actinoplanes teichomyceticus,mg,40,0.0038878051293117955
C18_negative|IK:GHOKWGTUZJEAQD-UHFFFAOYSA-N,RandomForest_tuned,0.3577850307245721,4.52419014250194,Geobacter sulfurreducens,mg,41,0.0038539344269894783
C18_negative|IK:GHOKWGTUZJEAQD-UHFFFAOYSA-N,RandomForest_tuned,0.3577850307245721,4.52419014250194,Cupriavidus pinatubonensis,mg,42,0.0037655263075197323
C18_negative|IK:GHOKWGTUZJEAQD-UHFFFAOYSA-N,RandomForest_tuned,0.3577850307245721,4.52419014250194,Cupriavidus gilardii,mg,43,0.00361866289632064
C18_negative|IK:GHOKWGTUZJEAQD-UHFFFAOYSA-N,RandomForest_tuned,0.3577850307245721,4.52419014250194,Arachidicoccus sp. BS20,mg,44,0.003587099145820885
C18_negative|IK:GHOKWGTUZJEAQD-UHFFFAOYSA-N,RandomForest_tuned,0.3577850307245721,4.52419014250194,Streptomyces sp. CMB-StM0423,mg,45,0.0035869437662474227
C18_negative|IK:GHOKWGTUZJEAQD-UHFFFAOYSA-N,RandomForest_tuned,0.3577850307245721,4.52419014250194,Mycobacterium sp. JS623,mg,46,0.003431568240943196
C18_negative|IK:GHOKWGTUZJEAQD-UHFFFAOYSA-N,RandomForest_tuned,0.3577850307245721,4.52419014250194,Azoarcus sp. SY39,mg,47,0.0033593885700281506
C18_negative|IK:GHOKWGTUZJEAQD-UHFFFAOYSA-N,RandomForest_tuned,0.3577850307245721,4.52419014250194,Bordetella parapertussis,mg,48,0.0033233632957777206
C18_negative|IK:GHOKWGTUZJEAQD-UHFFFAOYSA-N,RandomForest_tuned,0.3577850307245721,4.52419014250194,Dickeya chrysanthemi,mg,49,0.002933004056328371
C18_negative|IK:GHOKWGTUZJEAQD-UHFFFAOYSA-N,RandomForest_tuned,0.3577850307245721,4.52419014250194,Bradyrhizobium sp. 2 39S1MB,mg,50,0.0028498376781122695
HILICZ_negative|IK:LWYJCVVIVLBLID-UHFFFAOYSA-N,RandomForest_tuned,0.3572856703351229,5.232692730309569,Kitasatospora sp. MMS16-BH015,mg,1,0.07028870907067583
HILICZ_negative|IK:LWYJCVVIVLBLID-UHFFFAOYSA-N,RandomForest_tuned,0.3572856703351229,5.232692730309569,Streptacidiphilus sp. DSM 106435,mg,2,0.06433355318063817
HILICZ_negative|IK:LWYJCVVIVLBLID-UHFFFAOYSA-N,RandomForest_tuned,0.3572856703351229,5.232692730309569,Candidatus Solibacter usitatus,mg,3,0.052643781844409814
HILICZ_negative|IK:LWYJCVVIVLBLID-UHFFFAOYSA-N,RandomForest_tuned,0.3572856703351229,5.232692730309569,Kitasatospora setae,mg,4,0.05049094732420969
HILICZ_negative|IK:LWYJCVVIVLBLID-UHFFFAOYSA-N,RandomForest_tuned,0.3572856703351229,5.232692730309569,Kitasatospora aureofaciens,mg,5,0.04956870525466089
HILICZ_negative|IK:LWYJCVVIVLBLID-UHFFFAOYSA-N,RandomForest_tuned,0.3572856703351229,5.232692730309569,Streptomyces sp. TLI_053,mg,6,0.049222081395696796
HILICZ_negative|IK:LWYJCVVIVLBLID-UHFFFAOYSA-N,RandomForest_tuned,0.3572856703351229,5.232692730309569,moist__Replicate 1 Mass Water / Mass Dry Soil %,soil,7,0.026788773046280065
HILICZ_negative|IK:LWYJCVVIVLBLID-UHFFFAOYSA-N,RandomForest_tuned,0.3572856703351229,5.232692730309569,Catenulispora acidiphila,mg,8,0.0204144326495885
HILICZ_negative|IK:LWYJCVVIVLBLID-UHFFFAOYSA-N,RandomForest_tuned,0.3572856703351229,5.232692730309569,Streptomyces virus phiBT1,mg,9,0.012397419579246293
HILICZ_negative|IK:LWYJCVVIVLBLID-UHFFFAOYSA-N,RandomForest_tuned,0.3572856703351229,5.232692730309569,nitrif__Rate (mg NO3-N/kilogram dry weight soil/day),soil,10,0.012356268286333683
HILICZ_negative|IK:LWYJCVVIVLBLID-UHFFFAOYSA-N,RandomForest_tuned,0.3572856703351229,5.232692730309569,Novosphingobium resinovorum,mg,11,0.012261413175469164
HILICZ_negative|IK:LWYJCVVIVLBLID-UHFFFAOYSA-N,RandomForest_tuned,0.3572856703351229,5.232692730309569,Granulicella mallensis,mg,12,0.011750409848769036
HILICZ_negative|IK:LWYJCVVIVLBLID-UHFFFAOYSA-N,RandomForest_tuned,0.3572856703351229,5.232692730309569,Terriglobus roseus,mg,13,0.011354117840640603
HILICZ_negative|IK:LWYJCVVIVLBLID-UHFFFAOYSA-N,RandomForest_tuned,0.3572856703351229,5.232692730309569,Rhizobium leguminosarum,mg,14,0.0110400254512903
HILICZ_negative|IK:LWYJCVVIVLBLID-UHFFFAOYSA-N,RandomForest_tuned,0.3572856703351229,5.232692730309569,Streptomyces virus phiC31,mg,15,0.010606344493067622
HILICZ_negative|IK:LWYJCVVIVLBLID-UHFFFAOYSA-N,RandomForest_tuned,0.3572856703351229,5.232692730309569,Mesorhizobium amorphae,mg,16,0.00835272023252089
HILICZ_negative|IK:LWYJCVVIVLBLID-UHFFFAOYSA-N,RandomForest_tuned,0.3572856703351229,5.232692730309569,Streptomyces sp. SCSIO 03032,mg,17,0.007297099685366783
HILICZ_negative|IK:LWYJCVVIVLBLID-UHFFFAOYSA-N,RandomForest_tuned,0.3572856703351229,5.232692730309569,Erwinia billingiae,mg,18,0.006153277932972921
HILICZ_negative|IK:LWYJCVVIVLBLID-UHFFFAOYSA-N,RandomForest_tuned,0.3572856703351229,5.232692730309569,Opitutus sp. GAS368,mg,19,0.0057952842378910475
HILICZ_negative|IK:LWYJCVVIVLBLID-UHFFFAOYSA-N,RandomForest_tuned,0.3572856703351229,5.232692730309569,Streptomyces autolyticus,mg,20,0.005487923722734937
HILICZ_negative|IK:LWYJCVVIVLBLID-UHFFFAOYSA-N,RandomForest_tuned,0.3572856703351229,5.232692730309569,Streptomyces sp. 769,mg,21,0.005419220226531223
HILICZ_negative|IK:LWYJCVVIVLBLID-UHFFFAOYSA-N,RandomForest_tuned,0.3572856703351229,5.232692730309569,Cupriavidus pauculus,mg,22,0.005394981940012838
HILICZ_negative|IK:LWYJCVVIVLBLID-UHFFFAOYSA-N,RandomForest_tuned,0.3572856703351229,5.232692730309569,Rhodococcus erythropolis,mg,23,0.005275969166178296
HILICZ_negative|IK:LWYJCVVIVLBLID-UHFFFAOYSA-N,RandomForest_tuned,0.3572856703351229,5.232692730309569,Novosphingobium sp. P6W,mg,24,0.005181201697907269
HILICZ_negative|IK:LWYJCVVIVLBLID-UHFFFAOYSA-N,RandomForest_tuned,0.3572856703351229,5.232692730309569,Streptomyces cattleya,mg,25,0.005095668795599432
HILICZ_negative|IK:LWYJCVVIVLBLID-UHFFFAOYSA-N,RandomForest_tuned,0.3572856703351229,5.232692730309569,Rhizobium phage RHEph10,mg,26,0.004884280567832035
HILICZ_negative|IK:LWYJCVVIVLBLID-UHFFFAOYSA-N,RandomForest_tuned,0.3572856703351229,5.232692730309569,soil_NH4,soil,27,0.004788740649837176
HILICZ_negative|IK:LWYJCVVIVLBLID-UHFFFAOYSA-N,RandomForest_tuned,0.3572856703351229,5.232692730309569,Acidobacterium capsulatum,mg,28,0.004749270476390686
HILICZ_negative|IK:LWYJCVVIVLBLID-UHFFFAOYSA-N,RandomForest_tuned,0.3572856703351229,5.232692730309569,Streptomyces sp. 2323.1,mg,29,0.0047183430825593784
HILICZ_negative|IK:LWYJCVVIVLBLID-UHFFFAOYSA-N,RandomForest_tuned,0.3572856703351229,5.232692730309569,Streptomyces lydicus,mg,30,0.004287143395179268
HILICZ_negative|IK:LWYJCVVIVLBLID-UHFFFAOYSA-N,RandomForest_tuned,0.3572856703351229,5.232692730309569,Streptomyces sp. M56,mg,31,0.004229472986877182
HILICZ_negative|IK:LWYJCVVIVLBLID-UHFFFAOYSA-N,RandomForest_tuned,0.3572856703351229,5.232692730309569,Pseudomonas frederiksbergensis,mg,32,0.004004048803179002
HILICZ_negative|IK:LWYJCVVIVLBLID-UHFFFAOYSA-N,RandomForest_tuned,0.3572856703351229,5.232692730309569,Streptomyces xiamenensis,mg,33,0.003726016469717667
HILICZ_negative|IK:LWYJCVVIVLBLID-UHFFFAOYSA-N,RandomForest_tuned,0.3572856703351229,5.232692730309569,denit__Rate (microgN/kilogram dry weight soil/day),soil,34,0.003684812033127865
HILICZ_negative|IK:LWYJCVVIVLBLID-UHFFFAOYSA-N,RandomForest_tuned,0.3572856703351229,5.232692730309569,Pseudolabrys taiwanensis,mg,35,0.00364451507723368
HILICZ_negative|IK:LWYJCVVIVLBLID-UHFFFAOYSA-N,RandomForest_tuned,0.3572856703351229,5.232692730309569,Granulibacter bethesdensis,mg,36,0.0036354633085414036
HILICZ_negative|IK:LWYJCVVIVLBLID-UHFFFAOYSA-N,RandomForest_tuned,0.3572856703351229,5.232692730309569,Caulobacter sp. K31,mg,37,0.003399613917591012
HILICZ_negative|IK:LWYJCVVIVLBLID-UHFFFAOYSA-N,RandomForest_tuned,0.3572856703351229,5.232692730309569,Variovorax paradoxus,mg,38,0.003394154665309549
HILICZ_negative|IK:LWYJCVVIVLBLID-UHFFFAOYSA-N,RandomForest_tuned,0.3572856703351229,5.232692730309569,Variovorax sp. PMC12,mg,39,0.0033643534055626005
HILICZ_negative|IK:LWYJCVVIVLBLID-UHFFFAOYSA-N,RandomForest_tuned,0.3572856703351229,5.232692730309569,Streptomyces parvulus,mg,40,0.003357164663660918
HILICZ_negative|IK:LWYJCVVIVLBLID-UHFFFAOYSA-N,RandomForest_tuned,0.3572856703351229,5.232692730309569,Komagataeibacter medellinensis,mg,41,0.0033413380382172194
HILICZ_negative|IK:LWYJCVVIVLBLID-UHFFFAOYSA-N,RandomForest_tuned,0.3572856703351229,5.232692730309569,Lysobacter gummosus,mg,42,0.003337526120891442
HILICZ_negative|IK:LWYJCVVIVLBLID-UHFFFAOYSA-N,RandomForest_tuned,0.3572856703351229,5.232692730309569,Rhizobium phaseoli,mg,43,0.0032610721617701162
HILICZ_negative|IK:LWYJCVVIVLBLID-UHFFFAOYSA-N,RandomForest_tuned,0.3572856703351229,5.232692730309569,Rhodococcus sp. H-CA8f,mg,44,0.003163495695894081
HILICZ_negative|IK:LWYJCVVIVLBLID-UHFFFAOYSA-N,RandomForest_tuned,0.3572856703351229,5.232692730309569,Pseudomonas putida,mg,45,0.003118666229818512
HILICZ_negative|IK:LWYJCVVIVLBLID-UHFFFAOYSA-N,RandomForest_tuned,0.3572856703351229,5.232692730309569,Streptomyces albidoflavus,mg,46,0.003101430256607287
HILICZ_negative|IK:LWYJCVVIVLBLID-UHFFFAOYSA-N,RandomForest_tuned,0.3572856703351229,5.232692730309569,Kribbella flavida,mg,47,0.0030658809309741714
HILICZ_negative|IK:LWYJCVVIVLBLID-UHFFFAOYSA-N,RandomForest_tuned,0.3572856703351229,5.232692730309569,Gluconacetobacter diazotrophicus,mg,48,0.0029880727727689188
HILICZ_negative|IK:LWYJCVVIVLBLID-UHFFFAOYSA-N,RandomForest_tuned,0.3572856703351229,5.232692730309569,Brucella suis,mg,49,0.0028823352625312413
HILICZ_negative|IK:LWYJCVVIVLBLID-UHFFFAOYSA-N,RandomForest_tuned,0.3572856703351229,5.232692730309569,Bradyrhizobium erythrophlei,mg,50,0.0027747630366725755
C18_positive|IK:PUQSUZTXKPLAPR-UJPOAAIJSA-N,XGBoost_tuned,0.3529115910205164,4.983415905294477,Acidisphaera sp. G45-3,mg,1,0.10244999825954437
C18_positive|IK:PUQSUZTXKPLAPR-UJPOAAIJSA-N,XGBoost_tuned,0.3529115910205164,4.983415905294477,Sulfurihydrogenibium sp. YO3AOP1,mg,2,0.07275077700614929
C18_positive|IK:PUQSUZTXKPLAPR-UJPOAAIJSA-N,XGBoost_tuned,0.3529115910205164,4.983415905294477,psize__Soil Clay Content %,soil,3,0.05236637592315674
C18_positive|IK:PUQSUZTXKPLAPR-UJPOAAIJSA-N,XGBoost_tuned,0.3529115910205164,4.983415905294477,Mycobacterium canettii,mg,4,0.02533138543367386
C18_positive|IK:PUQSUZTXKPLAPR-UJPOAAIJSA-N,XGBoost_tuned,0.3529115910205164,4.983415905294477,Opitutaceae bacterium TAV5,mg,5,0.024671871215105057
C18_positive|IK:PUQSUZTXKPLAPR-UJPOAAIJSA-N,XGBoost_tuned,0.3529115910205164,4.983415905294477,Pseudomonas umsongensis,mg,6,0.024585826322436333
C18_positive|IK:PUQSUZTXKPLAPR-UJPOAAIJSA-N,XGBoost_tuned,0.3529115910205164,4.983415905294477,Pseudomonas azotoformans,mg,7,0.022017167881131172
C18_positive|IK:PUQSUZTXKPLAPR-UJPOAAIJSA-N,XGBoost_tuned,0.3529115910205164,4.983415905294477,Actinomadura amylolytica,mg,8,0.020267758518457413
C18_positive|IK:PUQSUZTXKPLAPR-UJPOAAIJSA-N,XGBoost_tuned,0.3529115910205164,4.983415905294477,Mycobacterium chimaera,mg,9,0.01976490207016468
C18_positive|IK:PUQSUZTXKPLAPR-UJPOAAIJSA-N,XGBoost_tuned,0.3529115910205164,4.983415905294477,Hymenobacter sp. sh-6,mg,10,0.01969844475388527
C18_positive|IK:PUQSUZTXKPLAPR-UJPOAAIJSA-N,XGBoost_tuned,0.3529115910205164,4.983415905294477,Micrococcus luteus,mg,11,0.017759134992957115
C18_positive|IK:PUQSUZTXKPLAPR-UJPOAAIJSA-N,XGBoost_tuned,0.3529115910205164,4.983415905294477,Niastella koreensis,mg,12,0.01684628799557686
C18_positive|IK:PUQSUZTXKPLAPR-UJPOAAIJSA-N,XGBoost_tuned,0.3529115910205164,4.983415905294477,Streptomyces virus phiBT1,mg,13,0.016015103086829185
C18_positive|IK:PUQSUZTXKPLAPR-UJPOAAIJSA-N,XGBoost_tuned,0.3529115910205164,4.983415905294477,Aminobacter aminovorans,mg,14,0.01487654633820057
C18_positive|IK:PUQSUZTXKPLAPR-UJPOAAIJSA-N,XGBoost_tuned,0.3529115910205164,4.983415905294477,Lentzea guizhouensis,mg,15,0.014504550024867058
C18_positive|IK:PUQSUZTXKPLAPR-UJPOAAIJSA-N,XGBoost_tuned,0.3529115910205164,4.983415905294477,chem__LBCeq (mg/kg CaCO3/pH dry weight),soil,16,0.012527983635663986
C18_positive|IK:PUQSUZTXKPLAPR-UJPOAAIJSA-N,XGBoost_tuned,0.3529115910205164,4.983415905294477,Paracoccus denitrificans,mg,17,0.012210213579237461
C18_positive|IK:PUQSUZTXKPLAPR-UJPOAAIJSA-N,XGBoost_tuned,0.3529115910205164,4.983415905294477,Pseudomonas syringae group genomosp. 3,mg,18,0.012155060656368732
C18_positive|IK:PUQSUZTXKPLAPR-UJPOAAIJSA-N,XGBoost_tuned,0.3529115910205164,4.983415905294477,Hymenobacter sedentarius,mg,19,0.011743688024580479
C18_positive|IK:PUQSUZTXKPLAPR-UJPOAAIJSA-N,XGBoost_tuned,0.3529115910205164,4.983415905294477,Bradyrhizobium oligotrophicum,mg,20,0.011615486815571785
C18_positive|IK:PUQSUZTXKPLAPR-UJPOAAIJSA-N,XGBoost_tuned,0.3529115910205164,4.983415905294477,Xanthomonas axonopodis,mg,21,0.011488491669297218
C18_positive|IK:PUQSUZTXKPLAPR-UJPOAAIJSA-N,XGBoost_tuned,0.3529115910205164,4.983415905294477,Flavobacterium johnsoniae,mg,22,0.01096885185688734
C18_positive|IK:PUQSUZTXKPLAPR-UJPOAAIJSA-N,XGBoost_tuned,0.3529115910205164,4.983415905294477,psize__Soil Silt Content %,soil,23,0.01044851541519165
C18_positive|IK:PUQSUZTXKPLAPR-UJPOAAIJSA-N,XGBoost_tuned,0.3529115910205164,4.983415905294477,psize__Soil Sand Content %,soil,24,0.01016665156930685
C18_positive|IK:PUQSUZTXKPLAPR-UJPOAAIJSA-N,XGBoost_tuned,0.3529115910205164,4.983415905294477,Sphingorhabdus sp. YGSMI21,mg,25,0.010029260069131851
C18_positive|IK:PUQSUZTXKPLAPR-UJPOAAIJSA-N,XGBoost_tuned,0.3529115910205164,4.983415905294477,Pseudomonas prosekii,mg,26,0.009786435402929783
C18_positive|IK:PUQSUZTXKPLAPR-UJPOAAIJSA-N,XGBoost_tuned,0.3529115910205164,4.983415905294477,Burkholderia sp. OLGA172,mg,27,0.009507481008768082
C18_positive|IK:PUQSUZTXKPLAPR-UJPOAAIJSA-N,XGBoost_tuned,0.3529115910205164,4.983415905294477,Chryseolinea sp. KIS68-18,mg,28,0.009420854039490223
C18_positive|IK:PUQSUZTXKPLAPR-UJPOAAIJSA-N,XGBoost_tuned,0.3529115910205164,4.983415905294477,Hymenobacter sp. DG25B,mg,29,0.00893455184996128
C18_positive|IK:PUQSUZTXKPLAPR-UJPOAAIJSA-N,XGBoost_tuned,0.3529115910205164,4.983415905294477,Enterobacter cloacae,mg,30,0.008911741897463799
C18_positive|IK:PUQSUZTXKPLAPR-UJPOAAIJSA-N,XGBoost_tuned,0.3529115910205164,4.983415905294477,Gemmata sp. SH-PL17,mg,31,0.0076959701254963875
C18_positive|IK:PUQSUZTXKPLAPR-UJPOAAIJSA-N,XGBoost_tuned,0.3529115910205164,4.983415905294477,Halomonas sp. JS92-SW72,mg,32,0.007143289782106876
C18_positive|IK:PUQSUZTXKPLAPR-UJPOAAIJSA-N,XGBoost_tuned,0.3529115910205164,4.983415905294477,Singulisphaera acidiphila,mg,33,0.007092139683663845
C18_positive|IK:PUQSUZTXKPLAPR-UJPOAAIJSA-N,XGBoost_tuned,0.3529115910205164,4.983415905294477,Streptomyces niveus,mg,34,0.00705827446654439
C18_positive|IK:PUQSUZTXKPLAPR-UJPOAAIJSA-N,XGBoost_tuned,0.3529115910205164,4.983415905294477,Herbaspirillum sp. meg3,mg,35,0.007039142772555351
C18_positive|IK:PUQSUZTXKPLAPR-UJPOAAIJSA-N,XGBoost_tuned,0.3529115910205164,4.983415905294477,Polaromonas sp. SP1,mg,36,0.007001760881394148
C18_positive|IK:PUQSUZTXKPLAPR-UJPOAAIJSA-N,XGBoost_tuned,0.3529115910205164,4.983415905294477,Paraburkholderia terrae,mg,37,0.0068381167948246
C18_positive|IK:PUQSUZTXKPLAPR-UJPOAAIJSA-N,XGBoost_tuned,0.3529115910205164,4.983415905294477,Opitutus sp. GAS368,mg,38,0.006794272921979427
C18_positive|IK:PUQSUZTXKPLAPR-UJPOAAIJSA-N,XGBoost_tuned,0.3529115910205164,4.983415905294477,Bordetella pertussis,mg,39,0.006521733943372965
C18_positive|IK:PUQSUZTXKPLAPR-UJPOAAIJSA-N,XGBoost_tuned,0.3529115910205164,4.983415905294477,Mycolicibacterium rhodesiae,mg,40,0.006263580173254013
C18_positive|IK:PUQSUZTXKPLAPR-UJPOAAIJSA-N,XGBoost_tuned,0.3529115910205164,4.983415905294477,Sulfuricurvum kujiense,mg,41,0.006050338968634605
C18_positive|IK:PUQSUZTXKPLAPR-UJPOAAIJSA-N,XGBoost_tuned,0.3529115910205164,4.983415905294477,Cupriavidus basilensis,mg,42,0.005901341326534748
C18_positive|IK:PUQSUZTXKPLAPR-UJPOAAIJSA-N,XGBoost_tuned,0.3529115910205164,4.983415905294477,Marinobacter sp. LQ44,mg,43,0.005838147364556789
C18_positive|IK:PUQSUZTXKPLAPR-UJPOAAIJSA-N,XGBoost_tuned,0.3529115910205164,4.983415905294477,Staphylococcus aureus,mg,44,0.005270231049507856
C18_positive|IK:PUQSUZTXKPLAPR-UJPOAAIJSA-N,XGBoost_tuned,0.3529115910205164,4.983415905294477,denit__Rate (microgN/kilogram dry weight soil/day),soil,45,0.005133301485329866
C18_positive|IK:PUQSUZTXKPLAPR-UJPOAAIJSA-N,XGBoost_tuned,0.3529115910205164,4.983415905294477,Kitasatospora aureofaciens,mg,46,0.0051312679424881935
C18_positive|IK:PUQSUZTXKPLAPR-UJPOAAIJSA-N,XGBoost_tuned,0.3529115910205164,4.983415905294477,Klebsiella pneumoniae,mg,47,0.005066016688942909
C18_positive|IK:PUQSUZTXKPLAPR-UJPOAAIJSA-N,XGBoost_tuned,0.3529115910205164,4.983415905294477,Paraburkholderia hospita,mg,48,0.00499756820499897
C18_positive|IK:PUQSUZTXKPLAPR-UJPOAAIJSA-N,XGBoost_tuned,0.3529115910205164,4.983415905294477,Pseudomonas sp. URMO17WK12:I11,mg,49,0.004706232342869043
C18_positive|IK:PUQSUZTXKPLAPR-UJPOAAIJSA-N,XGBoost_tuned,0.3529115910205164,4.983415905294477,Caulobacter segnis,mg,50,0.004704742692410946
C18_positive|IK:WCGUUGGRBIKTOS-UHFFFAOYSA-N,RandomForest_tuned,0.3510421854116415,5.106644537774517,moist__Replicate 1 Mass Water / Mass Dry Soil %,soil,1,0.07518301610144872
C18_positive|IK:WCGUUGGRBIKTOS-UHFFFAOYSA-N,RandomForest_tuned,0.3510421854116415,5.106644537774517,denit__Rate (microgN/kilogram dry weight soil/day),soil,2,0.05596812876962627
C18_positive|IK:WCGUUGGRBIKTOS-UHFFFAOYSA-N,RandomForest_tuned,0.3510421854116415,5.106644537774517,nitrif__Rate (mg NO3-N/kilogram dry weight soil/day),soil,3,0.03870500792383709
C18_positive|IK:WCGUUGGRBIKTOS-UHFFFAOYSA-N,RandomForest_tuned,0.3510421854116415,5.106644537774517,Streptomyces cattleya,mg,4,0.02955759723372077
C18_positive|IK:WCGUUGGRBIKTOS-UHFFFAOYSA-N,RandomForest_tuned,0.3510421854116415,5.106644537774517,Rhizobium leguminosarum,mg,5,0.022713067993269928
C18_positive|IK:WCGUUGGRBIKTOS-UHFFFAOYSA-N,RandomForest_tuned,0.3510421854116415,5.106644537774517,Mesorhizobium amorphae,mg,6,0.01884700563101673
C18_positive|IK:WCGUUGGRBIKTOS-UHFFFAOYSA-N,RandomForest_tuned,0.3510421854116415,5.106644537774517,chem__P (Mehlich 1 mg/kg dry weight),soil,7,0.01844219804635346
C18_positive|IK:WCGUUGGRBIKTOS-UHFFFAOYSA-N,RandomForest_tuned,0.3510421854116415,5.106644537774517,Rhizobium favelukesii,mg,8,0.016589766206049225
C18_positive|IK:WCGUUGGRBIKTOS-UHFFFAOYSA-N,RandomForest_tuned,0.3510421854116415,5.106644537774517,Acinetobacter calcoaceticus,mg,9,0.015584137712968148
C18_positive|IK:WCGUUGGRBIKTOS-UHFFFAOYSA-N,RandomForest_tuned,0.3510421854116415,5.106644537774517,Streptomyces albulus,mg,10,0.015283494245909213
C18_positive|IK:WCGUUGGRBIKTOS-UHFFFAOYSA-N,RandomForest_tuned,0.3510421854116415,5.106644537774517,Streptomyces sp. NEAU-S7GS2,mg,11,0.013306028324639979
C18_positive|IK:WCGUUGGRBIKTOS-UHFFFAOYSA-N,RandomForest_tuned,0.3510421854116415,5.106644537774517,Rhizobium gallicum,mg,12,0.012621801353009587
C18_positive|IK:WCGUUGGRBIKTOS-UHFFFAOYSA-N,RandomForest_tuned,0.3510421854116415,5.106644537774517,Caulobacter segnis,mg,13,0.010677644448979515
C18_positive|IK:WCGUUGGRBIKTOS-UHFFFAOYSA-N,RandomForest_tuned,0.3510421854116415,5.106644537774517,Rhizobium jaguaris,mg,14,0.010030241152229792
C18_positive|IK:WCGUUGGRBIKTOS-UHFFFAOYSA-N,RandomForest_tuned,0.3510421854116415,5.106644537774517,psize__Soil Clay Content %,soil,15,0.008656830295349317
C18_positive|IK:WCGUUGGRBIKTOS-UHFFFAOYSA-N,RandomForest_tuned,0.3510421854116415,5.106644537774517,Streptomyces olivoreticuli,mg,16,0.008187116579771322
C18_positive|IK:WCGUUGGRBIKTOS-UHFFFAOYSA-N,RandomForest_tuned,0.3510421854116415,5.106644537774517,chem__Ca (Mehlich 1 mg/kg dry weight),soil,17,0.008094433210168929
C18_positive|IK:WCGUUGGRBIKTOS-UHFFFAOYSA-N,RandomForest_tuned,0.3510421854116415,5.106644537774517,Sphingomonas indica,mg,18,0.008071314594400436
C18_positive|IK:WCGUUGGRBIKTOS-UHFFFAOYSA-N,RandomForest_tuned,0.3510421854116415,5.106644537774517,Caulobacter vibrioides,mg,19,0.007919941878183593
C18_positive|IK:WCGUUGGRBIKTOS-UHFFFAOYSA-N,RandomForest_tuned,0.3510421854116415,5.106644537774517,chem__LBC (mg/kg CaCO3/pH dry weight),soil,20,0.0077451932145153266
C18_positive|IK:WCGUUGGRBIKTOS-UHFFFAOYSA-N,RandomForest_tuned,0.3510421854116415,5.106644537774517,soil_NO3,soil,21,0.007660956723474556
C18_positive|IK:WCGUUGGRBIKTOS-UHFFFAOYSA-N,RandomForest_tuned,0.3510421854116415,5.106644537774517,Streptomyces sp. PAMC 26508,mg,22,0.006888493691554402
C18_positive|IK:WCGUUGGRBIKTOS-UHFFFAOYSA-N,RandomForest_tuned,0.3510421854116415,5.106644537774517,chem__LBCeq (mg/kg CaCO3/pH dry weight),soil,23,0.006610160104088182
C18_positive|IK:WCGUUGGRBIKTOS-UHFFFAOYSA-N,RandomForest_tuned,0.3510421854116415,5.106644537774517,Bradyrhizobium icense,mg,24,0.005710850780466967
C18_positive|IK:WCGUUGGRBIKTOS-UHFFFAOYSA-N,RandomForest_tuned,0.3510421854116415,5.106644537774517,Actinoplanes derwentensis,mg,25,0.005464118520066939
C18_positive|IK:WCGUUGGRBIKTOS-UHFFFAOYSA-N,RandomForest_tuned,0.3510421854116415,5.106644537774517,Paraburkholderia sprentiae,mg,26,0.005446870147191925
C18_positive|IK:WCGUUGGRBIKTOS-UHFFFAOYSA-N,RandomForest_tuned,0.3510421854116415,5.106644537774517,Bacillus licheniformis,mg,27,0.005320905155970481
C18_positive|IK:WCGUUGGRBIKTOS-UHFFFAOYSA-N,RandomForest_tuned,0.3510421854116415,5.106644537774517,psize__Soil Silt Content %,soil,28,0.005173965713074508
C18_positive|IK:WCGUUGGRBIKTOS-UHFFFAOYSA-N,RandomForest_tuned,0.3510421854116415,5.106644537774517,Streptomyces xinghaiensis,mg,29,0.005160446815827956
C18_positive|IK:WCGUUGGRBIKTOS-UHFFFAOYSA-N,RandomForest_tuned,0.3510421854116415,5.106644537774517,Streptomyces clavuligerus,mg,30,0.005152235706882665
C18_positive|IK:WCGUUGGRBIKTOS-UHFFFAOYSA-N,RandomForest_tuned,0.3510421854116415,5.106644537774517,Streptomyces lydicus,mg,31,0.0051131877002256534
C18_positive|IK:WCGUUGGRBIKTOS-UHFFFAOYSA-N,RandomForest_tuned,0.3510421854116415,5.106644537774517,Streptomyces sp. ADI95-16,mg,32,0.004994767645574299
C18_positive|IK:WCGUUGGRBIKTOS-UHFFFAOYSA-N,RandomForest_tuned,0.3510421854116415,5.106644537774517,Streptomyces sp. MOE7,mg,33,0.004740996177304662
C18_positive|IK:WCGUUGGRBIKTOS-UHFFFAOYSA-N,RandomForest_tuned,0.3510421854116415,5.106644537774517,Streptomyces spongiicola,mg,34,0.004678746074604354
C18_positive|IK:WCGUUGGRBIKTOS-UHFFFAOYSA-N,RandomForest_tuned,0.3510421854116415,5.106644537774517,Delftia acidovorans,mg,35,0.0045104007168749035
C18_positive|IK:WCGUUGGRBIKTOS-UHFFFAOYSA-N,RandomForest_tuned,0.3510421854116415,5.106644537774517,Streptomyces niveus,mg,36,0.004429176816250608
C18_positive|IK:WCGUUGGRBIKTOS-UHFFFAOYSA-N,RandomForest_tuned,0.3510421854116415,5.106644537774517,Actinoplanes missouriensis,mg,37,0.004388651022366333
C18_positive|IK:WCGUUGGRBIKTOS-UHFFFAOYSA-N,RandomForest_tuned,0.3510421854116415,5.106644537774517,Mycobacterium sp. JS623,mg,38,0.004126328868170216
C18_positive|IK:WCGUUGGRBIKTOS-UHFFFAOYSA-N,RandomForest_tuned,0.3510421854116415,5.106644537774517,Pseudomonas plecoglossicida,mg,39,0.00399061132107998
C18_positive|IK:WCGUUGGRBIKTOS-UHFFFAOYSA-N,RandomForest_tuned,0.3510421854116415,5.106644537774517,Streptosporangium sp. 'caverna',mg,40,0.003978755119612014
C18_positive|IK:WCGUUGGRBIKTOS-UHFFFAOYSA-N,RandomForest_tuned,0.3510421854116415,5.106644537774517,Alcanivorax sp. N3-2A,mg,41,0.0038768202887012127
C18_positive|IK:WCGUUGGRBIKTOS-UHFFFAOYSA-N,RandomForest_tuned,0.3510421854116415,5.106644537774517,Bacillus megaterium,mg,42,0.003801994704942601
C18_positive|IK:WCGUUGGRBIKTOS-UHFFFAOYSA-N,RandomForest_tuned,0.3510421854116415,5.106644537774517,Bacillus anthracis,mg,43,0.0037180580287764333
C18_positive|IK:WCGUUGGRBIKTOS-UHFFFAOYSA-N,RandomForest_tuned,0.3510421854116415,5.106644537774517,Cupriavidus pauculus,mg,44,0.003695369301581278
C18_positive|IK:WCGUUGGRBIKTOS-UHFFFAOYSA-N,RandomForest_tuned,0.3510421854116415,5.106644537774517,Streptomyces sp. CMB-StM0423,mg,45,0.0036672617714571094
C18_positive|IK:WCGUUGGRBIKTOS-UHFFFAOYSA-N,RandomForest_tuned,0.3510421854116415,5.106644537774517,Streptomyces virus Amela,mg,46,0.0035758386343110894
C18_positive|IK:WCGUUGGRBIKTOS-UHFFFAOYSA-N,RandomForest_tuned,0.3510421854116415,5.106644537774517,Streptomyces venezuelae,mg,47,0.003557813371039971
C18_positive|IK:WCGUUGGRBIKTOS-UHFFFAOYSA-N,RandomForest_tuned,0.3510421854116415,5.106644537774517,Streptomyces gilvosporeus,mg,48,0.0035479697345964486
C18_positive|IK:WCGUUGGRBIKTOS-UHFFFAOYSA-N,RandomForest_tuned,0.3510421854116415,5.106644537774517,Paraburkholderia sp. SOS3,mg,49,0.0034239404147860357
C18_positive|IK:WCGUUGGRBIKTOS-UHFFFAOYSA-N,RandomForest_tuned,0.3510421854116415,5.106644537774517,Streptomyces sp. Sge12,mg,50,0.0034196654205615267
C18_positive|NAME:,XGBoost_tuned,0.3469017775208219,0.52892090691232,Kitasatospora aureofaciens,mg,1,0.19256971776485443
C18_positive|NAME:,XGBoost_tuned,0.3469017775208219,0.52892090691232,Halomonas sp. JS92-SW72,mg,2,0.07495763152837753
C18_positive|NAME:,XGBoost_tuned,0.3469017775208219,0.52892090691232,Roseobacter denitrificans,mg,3,0.06563133001327515
C18_positive|NAME:,XGBoost_tuned,0.3469017775208219,0.52892090691232,Pseudomonas sp. K2W31S-8,mg,4,0.03787827119231224
C18_positive|NAME:,XGBoost_tuned,0.3469017775208219,0.52892090691232,Cupriavidus basilensis,mg,5,0.033231452107429504
C18_positive|NAME:,XGBoost_tuned,0.3469017775208219,0.52892090691232,Pseudomonas umsongensis,mg,6,0.030353518202900887
C18_positive|NAME:,XGBoost_tuned,0.3469017775208219,0.52892090691232,Conexibacter woesei,mg,7,0.02815740928053856
C18_positive|NAME:,XGBoost_tuned,0.3469017775208219,0.52892090691232,psize__Soil Sand Content %,soil,8,0.02636007033288479
C18_positive|NAME:,XGBoost_tuned,0.3469017775208219,0.52892090691232,Flavobacterium indicum,mg,9,0.022948218509554863
C18_positive|NAME:,XGBoost_tuned,0.3469017775208219,0.52892090691232,Lelliottia jeotgali,mg,10,0.021928934380412102
C18_positive|NAME:,XGBoost_tuned,0.3469017775208219,0.52892090691232,Chryseolinea sp. KIS68-18,mg,11,0.02073480933904648
C18_positive|NAME:,XGBoost_tuned,0.3469017775208219,0.52892090691232,Arthrobacter alpinus,mg,12,0.019694238901138306
C18_positive|NAME:,XGBoost_tuned,0.3469017775208219,0.52892090691232,Niastella koreensis,mg,13,0.018852610141038895
C18_positive|NAME:,XGBoost_tuned,0.3469017775208219,0.52892090691232,Rhodococcus sp. YL-1,mg,14,0.01830822043120861
C18_positive|NAME:,XGBoost_tuned,0.3469017775208219,0.52892090691232,Opitutus sp. GAS368,mg,15,0.016905754804611206
C18_positive|NAME:,XGBoost_tuned,0.3469017775208219,0.52892090691232,Streptomyces davaonensis,mg,16,0.016201065853238106
C18_positive|NAME:,XGBoost_tuned,0.3469017775208219,0.52892090691232,Arthrobacter sp. DCT-5,mg,17,0.014601858332753181
C18_positive|NAME:,XGBoost_tuned,0.3469017775208219,0.52892090691232,Spongiibacter sp. IMCC21906,mg,18,0.013125536032021046
C18_positive|NAME:,XGBoost_tuned,0.3469017775208219,0.52892090691232,Sphingomonas sp. KC8,mg,19,0.01294043567031622
C18_positive|NAME:,XGBoost_tuned,0.3469017775208219,0.52892090691232,Flavobacterium commune,mg,20,0.012349152006208897
C18_positive|NAME:,XGBoost_tuned,0.3469017775208219,0.52892090691232,Streptomyces alboflavus,mg,21,0.012012912891805172
C18_positive|NAME:,XGBoost_tuned,0.3469017775208219,0.52892090691232,Azotobacter chroococcum,mg,22,0.011979654431343079
C18_positive|NAME:,XGBoost_tuned,0.3469017775208219,0.52892090691232,Pseudomonas sp. DY-1,mg,23,0.009999964386224747
C18_positive|NAME:,XGBoost_tuned,0.3469017775208219,0.52892090691232,Aeromonas media,mg,24,0.009553920477628708
C18_positive|NAME:,XGBoost_tuned,0.3469017775208219,0.52892090691232,Arthrobacter sp. FB24,mg,25,0.00940035656094551
C18_positive|NAME:,XGBoost_tuned,0.3469017775208219,0.52892090691232,Pseudomonas reinekei,mg,26,0.008918258361518383
C18_positive|NAME:,XGBoost_tuned,0.3469017775208219,0.52892090691232,Collimonas fungivorans,mg,27,0.00845581665635109
C18_positive|NAME:,XGBoost_tuned,0.3469017775208219,0.52892090691232,Sphingobium japonicum,mg,28,0.008222988806664944
C18_positive|NAME:,XGBoost_tuned,0.3469017775208219,0.52892090691232,Pseudomonas silesiensis,mg,29,0.008196692913770676
C18_positive|NAME:,XGBoost_tuned,0.3469017775208219,0.52892090691232,Sulfurihydrogenibium sp. YO3AOP1,mg,30,0.008185433223843575
C18_positive|NAME:,XGBoost_tuned,0.3469017775208219,0.52892090691232,Pseudomonas sp. UW4,mg,31,0.008055527694523335
C18_positive|NAME:,XGBoost_tuned,0.3469017775208219,0.52892090691232,Variovorax sp. PMC12,mg,32,0.007994456216692924
C18_positive|NAME:,XGBoost_tuned,0.3469017775208219,0.52892090691232,Clostridium tetani,mg,33,0.007809440605342388
C18_positive|NAME:,XGBoost_tuned,0.3469017775208219,0.52892090691232,Paucimonas lemoignei,mg,34,0.00766527745872736
C18_positive|NAME:,XGBoost_tuned,0.3469017775208219,0.52892090691232,Calothrix sp. NIES-3974,mg,35,0.007371723186224699
C18_positive|NAME:,XGBoost_tuned,0.3469017775208219,0.52892090691232,Caulobacter vibrioides,mg,36,0.00695494469255209
C18_positive|NAME:,XGBoost_tuned,0.3469017775208219,0.52892090691232,Stenotrophomonas sp. SAU14A_NAIMI4_5,mg,37,0.006582607515156269
C18_positive|NAME:,XGBoost_tuned,0.3469017775208219,0.52892090691232,Altererythrobacter sp. B11,mg,38,0.006030821241438389
C18_positive|NAME:,XGBoost_tuned,0.3469017775208219,0.52892090691232,Mucilaginibacter sp. HYN0043,mg,39,0.005858517251908779
C18_positive|NAME:,XGBoost_tuned,0.3469017775208219,0.52892090691232,Leifsonia xyli,mg,40,0.005616161040961742
C18_positive|NAME:,XGBoost_tuned,0.3469017775208219,0.52892090691232,Clostridium cellulovorans,mg,41,0.005491049028933048
C18_positive|NAME:,XGBoost_tuned,0.3469017775208219,0.52892090691232,Pseudomonas knackmussii,mg,42,0.005466253962367773
C18_positive|NAME:,XGBoost_tuned,0.3469017775208219,0.52892090691232,Serratia marcescens,mg,43,0.005112800281494856
C18_positive|NAME:,XGBoost_tuned,0.3469017775208219,0.52892090691232,Paenibacillus durus,mg,44,0.004899401217699051
C18_positive|NAME:,XGBoost_tuned,0.3469017775208219,0.52892090691232,Chryseobacterium indoltheticum,mg,45,0.004587953444570303
C18_positive|NAME:,XGBoost_tuned,0.3469017775208219,0.52892090691232,Flavobacterium anhuiense,mg,46,0.004120620433241129
C18_positive|NAME:,XGBoost_tuned,0.3469017775208219,0.52892090691232,Agrobacterium tumefaciens,mg,47,0.0037693707272410393
C18_positive|NAME:,XGBoost_tuned,0.3469017775208219,0.52892090691232,nitrif__Rate (mg NO3-N/kilogram dry weight soil/day),soil,48,0.003710834076628089
C18_positive|NAME:,XGBoost_tuned,0.3469017775208219,0.52892090691232,Paenibacillus sp. JDR-2,mg,49,0.0036965690087527037
C18_positive|NAME:,XGBoost_tuned,0.3469017775208219,0.52892090691232,Elizabethkingia anophelis,mg,50,0.0035353524144738913
C18_negative|IK:IQFYYKKMVGJFEH-UHFFFAOYSA-N,RandomForest_tuned,0.3444716419946625,3.7901948392678575,Streptomyces bingchenggensis,mg,1,0.01227745442928474
C18_negative|IK:IQFYYKKMVGJFEH-UHFFFAOYSA-N,RandomForest_tuned,0.3444716419946625,3.7901948392678575,Streptomyces ambofaciens,mg,2,0.009896945073933811
C18_negative|IK:IQFYYKKMVGJFEH-UHFFFAOYSA-N,RandomForest_tuned,0.3444716419946625,3.7901948392678575,Streptomyces hundungensis,mg,3,0.009293885741066361
C18_negative|IK:IQFYYKKMVGJFEH-UHFFFAOYSA-N,RandomForest_tuned,0.3444716419946625,3.7901948392678575,Streptomyces niveus,mg,4,0.009227473081076853
C18_negative|IK:IQFYYKKMVGJFEH-UHFFFAOYSA-N,RandomForest_tuned,0.3444716419946625,3.7901948392678575,Streptomyces actuosus,mg,5,0.009003677608847765
C18_negative|IK:IQFYYKKMVGJFEH-UHFFFAOYSA-N,RandomForest_tuned,0.3444716419946625,3.7901948392678575,Streptomyces coelicolor,mg,6,0.008745504136699032
C18_negative|IK:IQFYYKKMVGJFEH-UHFFFAOYSA-N,RandomForest_tuned,0.3444716419946625,3.7901948392678575,Streptomyces fungicidicus,mg,7,0.008632194027432673
C18_negative|IK:IQFYYKKMVGJFEH-UHFFFAOYSA-N,RandomForest_tuned,0.3444716419946625,3.7901948392678575,Streptomyces albus,mg,8,0.008493583289374721
C18_negative|IK:IQFYYKKMVGJFEH-UHFFFAOYSA-N,RandomForest_tuned,0.3444716419946625,3.7901948392678575,Streptomyces sp. Go-475,mg,9,0.007967296231756342
C18_negative|IK:IQFYYKKMVGJFEH-UHFFFAOYSA-N,RandomForest_tuned,0.3444716419946625,3.7901948392678575,Streptomyces collinus,mg,10,0.007908116846007495
C18_negative|IK:IQFYYKKMVGJFEH-UHFFFAOYSA-N,RandomForest_tuned,0.3444716419946625,3.7901948392678575,psize__Soil Clay Content %,soil,11,0.007776338442402384
C18_negative|IK:IQFYYKKMVGJFEH-UHFFFAOYSA-N,RandomForest_tuned,0.3444716419946625,3.7901948392678575,Streptomyces scabiei,mg,12,0.007678818094142036
C18_negative|IK:IQFYYKKMVGJFEH-UHFFFAOYSA-N,RandomForest_tuned,0.3444716419946625,3.7901948392678575,Streptomyces violaceusniger,mg,13,0.007573160810483849
C18_negative|IK:IQFYYKKMVGJFEH-UHFFFAOYSA-N,RandomForest_tuned,0.3444716419946625,3.7901948392678575,Streptomyces spongiicola,mg,14,0.007472039413012185
C18_negative|IK:IQFYYKKMVGJFEH-UHFFFAOYSA-N,RandomForest_tuned,0.3444716419946625,3.7901948392678575,Streptomyces sp. SirexAA-E,mg,15,0.007411262520743517
C18_negative|IK:IQFYYKKMVGJFEH-UHFFFAOYSA-N,RandomForest_tuned,0.3444716419946625,3.7901948392678575,Streptomyces sp. P3,mg,16,0.007310603147970647
C18_negative|IK:IQFYYKKMVGJFEH-UHFFFAOYSA-N,RandomForest_tuned,0.3444716419946625,3.7901948392678575,Streptomyces olivaceus,mg,17,0.007087359565687363
C18_negative|IK:IQFYYKKMVGJFEH-UHFFFAOYSA-N,RandomForest_tuned,0.3444716419946625,3.7901948392678575,Streptomyces hygroscopicus,mg,18,0.0070871111784969335
C18_negative|IK:IQFYYKKMVGJFEH-UHFFFAOYSA-N,RandomForest_tuned,0.3444716419946625,3.7901948392678575,Streptomyces pactum,mg,19,0.007072954648054674
C18_negative|IK:IQFYYKKMVGJFEH-UHFFFAOYSA-N,RandomForest_tuned,0.3444716419946625,3.7901948392678575,Streptomyces sp. CdTB01,mg,20,0.006962443019632476
C18_negative|IK:IQFYYKKMVGJFEH-UHFFFAOYSA-N,RandomForest_tuned,0.3444716419946625,3.7901948392678575,Oligotropha carboxidovorans,mg,21,0.006723072756245632
C18_negative|IK:IQFYYKKMVGJFEH-UHFFFAOYSA-N,RandomForest_tuned,0.3444716419946625,3.7901948392678575,Streptomyces noursei,mg,22,0.006713568458435835
C18_negative|IK:IQFYYKKMVGJFEH-UHFFFAOYSA-N,RandomForest_tuned,0.3444716419946625,3.7901948392678575,Streptomyces lydicus,mg,23,0.006651012544519179
C18_negative|IK:IQFYYKKMVGJFEH-UHFFFAOYSA-N,RandomForest_tuned,0.3444716419946625,3.7901948392678575,Streptomyces puniciscabiei,mg,24,0.0064188396711432295
C18_negative|IK:IQFYYKKMVGJFEH-UHFFFAOYSA-N,RandomForest_tuned,0.3444716419946625,3.7901948392678575,Streptomyces qaidamensis,mg,25,0.006247531999200407
C18_negative|IK:IQFYYKKMVGJFEH-UHFFFAOYSA-N,RandomForest_tuned,0.3444716419946625,3.7901948392678575,Rhodopseudomonas palustris,mg,26,0.006155446883483643
C18_negative|IK:IQFYYKKMVGJFEH-UHFFFAOYSA-N,RandomForest_tuned,0.3444716419946625,3.7901948392678575,Streptomyces reticuli,mg,27,0.006116377063141633
C18_negative|IK:IQFYYKKMVGJFEH-UHFFFAOYSA-N,RandomForest_tuned,0.3444716419946625,3.7901948392678575,Streptomyces sp. 4F,mg,28,0.005970866404240658
C18_negative|IK:IQFYYKKMVGJFEH-UHFFFAOYSA-N,RandomForest_tuned,0.3444716419946625,3.7901948392678575,Streptomyces pluripotens,mg,29,0.005881883922265891
C18_negative|IK:IQFYYKKMVGJFEH-UHFFFAOYSA-N,RandomForest_tuned,0.3444716419946625,3.7901948392678575,Streptomyces parvulus,mg,30,0.005872710175638568
C18_negative|IK:IQFYYKKMVGJFEH-UHFFFAOYSA-N,RandomForest_tuned,0.3444716419946625,3.7901948392678575,Streptomyces sp. SAT1,mg,31,0.005668071010824448
C18_negative|IK:IQFYYKKMVGJFEH-UHFFFAOYSA-N,RandomForest_tuned,0.3444716419946625,3.7901948392678575,Streptomyces pristinaespiralis,mg,32,0.005606908038742577
C18_negative|IK:IQFYYKKMVGJFEH-UHFFFAOYSA-N,RandomForest_tuned,0.3444716419946625,3.7901948392678575,Streptomyces peucetius,mg,33,0.0054821785826804454
C18_negative|IK:IQFYYKKMVGJFEH-UHFFFAOYSA-N,RandomForest_tuned,0.3444716419946625,3.7901948392678575,Streptomyces sp. Z022,mg,34,0.00547461041156924
C18_negative|IK:IQFYYKKMVGJFEH-UHFFFAOYSA-N,RandomForest_tuned,0.3444716419946625,3.7901948392678575,Streptomyces lunaelactis,mg,35,0.005375202372160899
C18_negative|IK:IQFYYKKMVGJFEH-UHFFFAOYSA-N,RandomForest_tuned,0.3444716419946625,3.7901948392678575,Streptomyces glaucescens,mg,36,0.005089867640244818
C18_negative|IK:IQFYYKKMVGJFEH-UHFFFAOYSA-N,RandomForest_tuned,0.3444716419946625,3.7901948392678575,Streptomyces gilvosporeus,mg,37,0.005024123269604355
C18_negative|IK:IQFYYKKMVGJFEH-UHFFFAOYSA-N,RandomForest_tuned,0.3444716419946625,3.7901948392678575,Streptomyces sp. HNM0039,mg,38,0.005011331771123749
C18_negative|IK:IQFYYKKMVGJFEH-UHFFFAOYSA-N,RandomForest_tuned,0.3444716419946625,3.7901948392678575,Streptomyces davaonensis,mg,39,0.004939350159676851
C18_negative|IK:IQFYYKKMVGJFEH-UHFFFAOYSA-N,RandomForest_tuned,0.3444716419946625,3.7901948392678575,Streptomyces sp. CCM_MD2014,mg,40,0.004876920059771858
C18_negative|IK:IQFYYKKMVGJFEH-UHFFFAOYSA-N,RandomForest_tuned,0.3444716419946625,3.7901948392678575,Streptomyces sp. GSSD-12,mg,41,0.004309217040828214
C18_negative|IK:IQFYYKKMVGJFEH-UHFFFAOYSA-N,RandomForest_tuned,0.3444716419946625,3.7901948392678575,Streptomyces chartreusis,mg,42,0.00422707967063537
C18_negative|IK:IQFYYKKMVGJFEH-UHFFFAOYSA-N,RandomForest_tuned,0.3444716419946625,3.7901948392678575,Stenotrophomonas sp. LM091,mg,43,0.004221488681113437
C18_negative|IK:IQFYYKKMVGJFEH-UHFFFAOYSA-N,RandomForest_tuned,0.3444716419946625,3.7901948392678575,Agromyces sp. 30A,mg,44,0.004164857268455489
C18_negative|IK:IQFYYKKMVGJFEH-UHFFFAOYSA-N,RandomForest_tuned,0.3444716419946625,3.7901948392678575,Microbacterium sp. BH-3-3-3,mg,45,0.004061639274405178
C18_negative|IK:IQFYYKKMVGJFEH-UHFFFAOYSA-N,RandomForest_tuned,0.3444716419946625,3.7901948392678575,Streptomyces sp. WAC00288,mg,46,0.004036455736257331
C18_negative|IK:IQFYYKKMVGJFEH-UHFFFAOYSA-N,RandomForest_tuned,0.3444716419946625,3.7901948392678575,Streptomyces sp. SM18,mg,47,0.003879409955824623
C18_negative|IK:IQFYYKKMVGJFEH-UHFFFAOYSA-N,RandomForest_tuned,0.3444716419946625,3.7901948392678575,Streptomyces alboflavus,mg,48,0.0037739274358021078
C18_negative|IK:IQFYYKKMVGJFEH-UHFFFAOYSA-N,RandomForest_tuned,0.3444716419946625,3.7901948392678575,Streptomyces antibioticus,mg,49,0.0037600908022371537
C18_negative|IK:IQFYYKKMVGJFEH-UHFFFAOYSA-N,RandomForest_tuned,0.3444716419946625,3.7901948392678575,Streptomyces venezuelae,mg,50,0.00370581908655517
C18_negative|IK:BJRNKVDFDLYUGJ-RMPHRYRLSA-N,XGBoost_tuned,0.3408853244831786,4.829167796347375,Acidisphaera sp. G45-3,mg,1,0.058951131999492645
C18_negative|IK:BJRNKVDFDLYUGJ-RMPHRYRLSA-N,XGBoost_tuned,0.3408853244831786,4.829167796347375,Corynebacterium camporealensis,mg,2,0.0325644426047802
C18_negative|IK:BJRNKVDFDLYUGJ-RMPHRYRLSA-N,XGBoost_tuned,0.3408853244831786,4.829167796347375,Rhodococcus hoagii,mg,3,0.031211625784635544
C18_negative|IK:BJRNKVDFDLYUGJ-RMPHRYRLSA-N,XGBoost_tuned,0.3408853244831786,4.829167796347375,Candidatus Koribacter versatilis,mg,4,0.03110050968825817
C18_negative|IK:BJRNKVDFDLYUGJ-RMPHRYRLSA-N,XGBoost_tuned,0.3408853244831786,4.829167796347375,Burkholderia sp. CCGE1003,mg,5,0.022572413086891174
C18_negative|IK:BJRNKVDFDLYUGJ-RMPHRYRLSA-N,XGBoost_tuned,0.3408853244831786,4.829167796347375,Nakamurella multipartita,mg,6,0.021016068756580353
C18_negative|IK:BJRNKVDFDLYUGJ-RMPHRYRLSA-N,XGBoost_tuned,0.3408853244831786,4.829167796347375,Sulfurihydrogenibium sp. YO3AOP1,mg,7,0.0177569929510355
C18_negative|IK:BJRNKVDFDLYUGJ-RMPHRYRLSA-N,XGBoost_tuned,0.3408853244831786,4.829167796347375,Amycolatopsis japonica,mg,8,0.017114708200097084
C18_negative|IK:BJRNKVDFDLYUGJ-RMPHRYRLSA-N,XGBoost_tuned,0.3408853244831786,4.829167796347375,Chryseolinea sp. KIS68-18,mg,9,0.014875471591949463
C18_negative|IK:BJRNKVDFDLYUGJ-RMPHRYRLSA-N,XGBoost_tuned,0.3408853244831786,4.829167796347375,Frankia symbiont of Datisca glomerata,mg,10,0.014797859825193882
C18_negative|IK:BJRNKVDFDLYUGJ-RMPHRYRLSA-N,XGBoost_tuned,0.3408853244831786,4.829167796347375,Amycolatopsis sp. BJA-103,mg,11,0.013237505219876766
C18_negative|IK:BJRNKVDFDLYUGJ-RMPHRYRLSA-N,XGBoost_tuned,0.3408853244831786,4.829167796347375,Pseudomonas silesiensis,mg,12,0.013168221339583397
C18_negative|IK:BJRNKVDFDLYUGJ-RMPHRYRLSA-N,XGBoost_tuned,0.3408853244831786,4.829167796347375,psize__Soil Sand Content %,soil,13,0.012555328197777271
C18_negative|IK:BJRNKVDFDLYUGJ-RMPHRYRLSA-N,XGBoost_tuned,0.3408853244831786,4.829167796347375,Kocuria palustris,mg,14,0.01255403459072113
C18_negative|IK:BJRNKVDFDLYUGJ-RMPHRYRLSA-N,XGBoost_tuned,0.3408853244831786,4.829167796347375,Caulobacter mirabilis,mg,15,0.011880753561854362
C18_negative|IK:BJRNKVDFDLYUGJ-RMPHRYRLSA-N,XGBoost_tuned,0.3408853244831786,4.829167796347375,Clavibacter michiganensis,mg,16,0.011768038384616375
C18_negative|IK:BJRNKVDFDLYUGJ-RMPHRYRLSA-N,XGBoost_tuned,0.3408853244831786,4.829167796347375,Rhodococcus sp. S2-17,mg,17,0.011603997088968754
C18_negative|IK:BJRNKVDFDLYUGJ-RMPHRYRLSA-N,XGBoost_tuned,0.3408853244831786,4.829167796347375,Caulobacter vibrioides,mg,18,0.011159446090459824
C18_negative|IK:BJRNKVDFDLYUGJ-RMPHRYRLSA-N,XGBoost_tuned,0.3408853244831786,4.829167796347375,Pseudomonas umsongensis,mg,19,0.010939373634755611
C18_negative|IK:BJRNKVDFDLYUGJ-RMPHRYRLSA-N,XGBoost_tuned,0.3408853244831786,4.829167796347375,Methanopyrus sp. KOL6,mg,20,0.010783357545733452
C18_negative|IK:BJRNKVDFDLYUGJ-RMPHRYRLSA-N,XGBoost_tuned,0.3408853244831786,4.829167796347375,Dermacoccus nishinomiyaensis,mg,21,0.010573241859674454
C18_negative|IK:BJRNKVDFDLYUGJ-RMPHRYRLSA-N,XGBoost_tuned,0.3408853244831786,4.829167796347375,Sphingomonas sp. Cra20,mg,22,0.010299403220415115
C18_negative|IK:BJRNKVDFDLYUGJ-RMPHRYRLSA-N,XGBoost_tuned,0.3408853244831786,4.829167796347375,Sphingomonas koreensis,mg,23,0.009408497251570225
C18_negative|IK:BJRNKVDFDLYUGJ-RMPHRYRLSA-N,XGBoost_tuned,0.3408853244831786,4.829167796347375,Pseudoalteromonas rubra,mg,24,0.008916173130273819
C18_negative|IK:BJRNKVDFDLYUGJ-RMPHRYRLSA-N,XGBoost_tuned,0.3408853244831786,4.829167796347375,Microbacterium sp. PAMC 28756,mg,25,0.008502427488565445
C18_negative|IK:BJRNKVDFDLYUGJ-RMPHRYRLSA-N,XGBoost_tuned,0.3408853244831786,4.829167796347375,Azotobacter vinelandii,mg,26,0.008250805549323559
C18_negative|IK:BJRNKVDFDLYUGJ-RMPHRYRLSA-N,XGBoost_tuned,0.3408853244831786,4.829167796347375,Bacillus foraminis,mg,27,0.007797374855726957
C18_negative|IK:BJRNKVDFDLYUGJ-RMPHRYRLSA-N,XGBoost_tuned,0.3408853244831786,4.829167796347375,Acinetobacter sp. ADP1,mg,28,0.007412485312670469
C18_negative|IK:BJRNKVDFDLYUGJ-RMPHRYRLSA-N,XGBoost_tuned,0.3408853244831786,4.829167796347375,Acidobacteriaceae bacterium SBC82,mg,29,0.007179954554885626
C18_negative|IK:BJRNKVDFDLYUGJ-RMPHRYRLSA-N,XGBoost_tuned,0.3408853244831786,4.829167796347375,Sphingorhabdus flavimaris,mg,30,0.007115705870091915
C18_negative|IK:BJRNKVDFDLYUGJ-RMPHRYRLSA-N,XGBoost_tuned,0.3408853244831786,4.829167796347375,Variovorax sp. PMC12,mg,31,0.006778712384402752
C18_negative|IK:BJRNKVDFDLYUGJ-RMPHRYRLSA-N,XGBoost_tuned,0.3408853244831786,4.829167796347375,Mycolicibacterium rhodesiae,mg,32,0.006529775448143482
C18_negative|IK:BJRNKVDFDLYUGJ-RMPHRYRLSA-N,XGBoost_tuned,0.3408853244831786,4.829167796347375,Streptomyces niveus,mg,33,0.006464081350713968
C18_negative|IK:BJRNKVDFDLYUGJ-RMPHRYRLSA-N,XGBoost_tuned,0.3408853244831786,4.829167796347375,Opitutus terrae,mg,34,0.006422989070415497
C18_negative|IK:BJRNKVDFDLYUGJ-RMPHRYRLSA-N,XGBoost_tuned,0.3408853244831786,4.829167796347375,Bacillus clausii,mg,35,0.005934958346188068
C18_negative|IK:BJRNKVDFDLYUGJ-RMPHRYRLSA-N,XGBoost_tuned,0.3408853244831786,4.829167796347375,Micromonospora coxensis,mg,36,0.005839850753545761
C18_negative|IK:BJRNKVDFDLYUGJ-RMPHRYRLSA-N,XGBoost_tuned,0.3408853244831786,4.829167796347375,Amycolatopsis orientalis,mg,37,0.005737157538533211
C18_negative|IK:BJRNKVDFDLYUGJ-RMPHRYRLSA-N,XGBoost_tuned,0.3408853244831786,4.829167796347375,Sphingomonas sp. KC8,mg,38,0.005559599958360195
C18_negative|IK:BJRNKVDFDLYUGJ-RMPHRYRLSA-N,XGBoost_tuned,0.3408853244831786,4.829167796347375,Bradyrhizobium erythrophlei,mg,39,0.005359278060495853
C18_negative|IK:BJRNKVDFDLYUGJ-RMPHRYRLSA-N,XGBoost_tuned,0.3408853244831786,4.829167796347375,Massilia sp. WG5,mg,40,0.005293090362101793
C18_negative|IK:BJRNKVDFDLYUGJ-RMPHRYRLSA-N,XGBoost_tuned,0.3408853244831786,4.829167796347375,Sinorhizobium sp. CCBAU 05631,mg,41,0.0051188706420362
C18_negative|IK:BJRNKVDFDLYUGJ-RMPHRYRLSA-N,XGBoost_tuned,0.3408853244831786,4.829167796347375,Mycolicibacterium aurum,mg,42,0.005030540749430656
C18_negative|IK:BJRNKVDFDLYUGJ-RMPHRYRLSA-N,XGBoost_tuned,0.3408853244831786,4.829167796347375,Chryseobacterium arthrosphaerae,mg,43,0.004772217012941837
C18_negative|IK:BJRNKVDFDLYUGJ-RMPHRYRLSA-N,XGBoost_tuned,0.3408853244831786,4.829167796347375,Lysobacter gummosus,mg,44,0.004702080972492695
C18_negative|IK:BJRNKVDFDLYUGJ-RMPHRYRLSA-N,XGBoost_tuned,0.3408853244831786,4.829167796347375,Stenotrophomonas acidaminiphila,mg,45,0.004506193101406097
C18_negative|IK:BJRNKVDFDLYUGJ-RMPHRYRLSA-N,XGBoost_tuned,0.3408853244831786,4.829167796347375,Rhodococcus aetherivorans,mg,46,0.0044928183779120445
C18_negative|IK:BJRNKVDFDLYUGJ-RMPHRYRLSA-N,XGBoost_tuned,0.3408853244831786,4.829167796347375,Bordetella hinzii,mg,47,0.004439379088580608
C18_negative|IK:BJRNKVDFDLYUGJ-RMPHRYRLSA-N,XGBoost_tuned,0.3408853244831786,4.829167796347375,Paraburkholderia sprentiae,mg,48,0.004238668829202652
C18_negative|IK:BJRNKVDFDLYUGJ-RMPHRYRLSA-N,XGBoost_tuned,0.3408853244831786,4.829167796347375,Pseudomonas stutzeri,mg,49,0.004187730606645346
C18_negative|IK:BJRNKVDFDLYUGJ-RMPHRYRLSA-N,XGBoost_tuned,0.3408853244831786,4.829167796347375,Clostridioides difficile,mg,50,0.004160657990723848
HILICZ_positive|IK:XPCTZQVDEJYUGT-UHFFFAOYSA-N,XGBoost_tuned,0.334287929662074,5.218880663925814,Actinomadura amylolytica,mg,1,0.049137696623802185
HILICZ_positive|IK:XPCTZQVDEJYUGT-UHFFFAOYSA-N,XGBoost_tuned,0.334287929662074,5.218880663925814,Thermomonospora curvata,mg,2,0.04520652815699577
HILICZ_positive|IK:XPCTZQVDEJYUGT-UHFFFAOYSA-N,XGBoost_tuned,0.334287929662074,5.218880663925814,Frankia sp. EAN1pec,mg,3,0.03442995995283127
HILICZ_positive|IK:XPCTZQVDEJYUGT-UHFFFAOYSA-N,XGBoost_tuned,0.334287929662074,5.218880663925814,Thermobispora bispora,mg,4,0.03281369060277939
HILICZ_positive|IK:XPCTZQVDEJYUGT-UHFFFAOYSA-N,XGBoost_tuned,0.334287929662074,5.218880663925814,Catenulispora acidiphila,mg,5,0.029941266402602196
HILICZ_positive|IK:XPCTZQVDEJYUGT-UHFFFAOYSA-N,XGBoost_tuned,0.334287929662074,5.218880663925814,Sulfurihydrogenibium sp. YO3AOP1,mg,6,0.025204267352819443
HILICZ_positive|IK:XPCTZQVDEJYUGT-UHFFFAOYSA-N,XGBoost_tuned,0.334287929662074,5.218880663925814,Granulibacter bethesdensis,mg,7,0.019715934991836548
HILICZ_positive|IK:XPCTZQVDEJYUGT-UHFFFAOYSA-N,XGBoost_tuned,0.334287929662074,5.218880663925814,Thauera aromatica,mg,8,0.01596509851515293
HILICZ_positive|IK:XPCTZQVDEJYUGT-UHFFFAOYSA-N,XGBoost_tuned,0.334287929662074,5.218880663925814,Alcanivorax sp. N3-2A,mg,9,0.01522731315344572
HILICZ_positive|IK:XPCTZQVDEJYUGT-UHFFFAOYSA-N,XGBoost_tuned,0.334287929662074,5.218880663925814,Janthinobacterium svalbardensis,mg,10,0.014992420561611652
HILICZ_positive|IK:XPCTZQVDEJYUGT-UHFFFAOYSA-N,XGBoost_tuned,0.334287929662074,5.218880663925814,Mesorhizobium ciceri,mg,11,0.013540767133235931
HILICZ_positive|IK:XPCTZQVDEJYUGT-UHFFFAOYSA-N,XGBoost_tuned,0.334287929662074,5.218880663925814,Bradyrhizobium sp.,mg,12,0.012771563604474068
HILICZ_positive|IK:XPCTZQVDEJYUGT-UHFFFAOYSA-N,XGBoost_tuned,0.334287929662074,5.218880663925814,Mycobacterium sp. YC-RL4,mg,13,0.011847433634102345
HILICZ_positive|IK:XPCTZQVDEJYUGT-UHFFFAOYSA-N,XGBoost_tuned,0.334287929662074,5.218880663925814,Azoarcus sp. SY39,mg,14,0.010623644106090069
HILICZ_positive|IK:XPCTZQVDEJYUGT-UHFFFAOYSA-N,XGBoost_tuned,0.334287929662074,5.218880663925814,Mycolicibacterium vanbaalenii,mg,15,0.01058918796479702
HILICZ_positive|IK:XPCTZQVDEJYUGT-UHFFFAOYSA-N,XGBoost_tuned,0.334287929662074,5.218880663925814,Candidatus Koribacter versatilis,mg,16,0.009820772334933281
HILICZ_positive|IK:XPCTZQVDEJYUGT-UHFFFAOYSA-N,XGBoost_tuned,0.334287929662074,5.218880663925814,Neorhizobium sp. NCHU2750,mg,17,0.009783408604562283
HILICZ_positive|IK:XPCTZQVDEJYUGT-UHFFFAOYSA-N,XGBoost_tuned,0.334287929662074,5.218880663925814,Actinoplanes derwentensis,mg,18,0.009670746512711048
HILICZ_positive|IK:XPCTZQVDEJYUGT-UHFFFAOYSA-N,XGBoost_tuned,0.334287929662074,5.218880663925814,Mucilaginibacter sp. BJC16-A31,mg,19,0.009640969336032867
HILICZ_positive|IK:XPCTZQVDEJYUGT-UHFFFAOYSA-N,XGBoost_tuned,0.334287929662074,5.218880663925814,Ahniella affigens,mg,20,0.008970522321760654
HILICZ_positive|IK:XPCTZQVDEJYUGT-UHFFFAOYSA-N,XGBoost_tuned,0.334287929662074,5.218880663925814,Ornithobacterium rhinotracheale,mg,21,0.008819913491606712
HILICZ_positive|IK:XPCTZQVDEJYUGT-UHFFFAOYSA-N,XGBoost_tuned,0.334287929662074,5.218880663925814,Bordetella pertussis,mg,22,0.008761487901210785
HILICZ_positive|IK:XPCTZQVDEJYUGT-UHFFFAOYSA-N,XGBoost_tuned,0.334287929662074,5.218880663925814,Mycolicibacterium rhodesiae,mg,23,0.008757710456848145
HILICZ_positive|IK:XPCTZQVDEJYUGT-UHFFFAOYSA-N,XGBoost_tuned,0.334287929662074,5.218880663925814,Halalkalicoccus jeotgali,mg,24,0.00860709510743618
HILICZ_positive|IK:XPCTZQVDEJYUGT-UHFFFAOYSA-N,XGBoost_tuned,0.334287929662074,5.218880663925814,Bacillus licheniformis,mg,25,0.00860462337732315
HILICZ_positive|IK:XPCTZQVDEJYUGT-UHFFFAOYSA-N,XGBoost_tuned,0.334287929662074,5.218880663925814,Candidatus Solibacter usitatus,mg,26,0.008570604957640171
HILICZ_positive|IK:XPCTZQVDEJYUGT-UHFFFAOYSA-N,XGBoost_tuned,0.334287929662074,5.218880663925814,Bradyrhizobium sp. S23321,mg,27,0.008295923471450806
HILICZ_positive|IK:XPCTZQVDEJYUGT-UHFFFAOYSA-N,XGBoost_tuned,0.334287929662074,5.218880663925814,Janthinobacterium sp. LM6,mg,28,0.008283548057079315
HILICZ_positive|IK:XPCTZQVDEJYUGT-UHFFFAOYSA-N,XGBoost_tuned,0.334287929662074,5.218880663925814,Agrobacterium rhizogenes,mg,29,0.007826734334230423
HILICZ_positive|IK:XPCTZQVDEJYUGT-UHFFFAOYSA-N,XGBoost_tuned,0.334287929662074,5.218880663925814,Lactobacillus delbrueckii,mg,30,0.007760243955999613
HILICZ_positive|IK:XPCTZQVDEJYUGT-UHFFFAOYSA-N,XGBoost_tuned,0.334287929662074,5.218880663925814,Caulobacter henricii,mg,31,0.00773254781961441
HILICZ_positive|IK:XPCTZQVDEJYUGT-UHFFFAOYSA-N,XGBoost_tuned,0.334287929662074,5.218880663925814,Caulobacter flavus,mg,32,0.007631366606801748
HILICZ_positive|IK:XPCTZQVDEJYUGT-UHFFFAOYSA-N,XGBoost_tuned,0.334287929662074,5.218880663925814,Achromobacter xylosoxidans,mg,33,0.007589502260088921
HILICZ_positive|IK:XPCTZQVDEJYUGT-UHFFFAOYSA-N,XGBoost_tuned,0.334287929662074,5.218880663925814,Methylobacterium brachiatum,mg,34,0.007390731014311314
HILICZ_positive|IK:XPCTZQVDEJYUGT-UHFFFAOYSA-N,XGBoost_tuned,0.334287929662074,5.218880663925814,Mycolicibacterium rutilum,mg,35,0.007192308083176613
HILICZ_positive|IK:XPCTZQVDEJYUGT-UHFFFAOYSA-N,XGBoost_tuned,0.334287929662074,5.218880663925814,Clavibacter michiganensis,mg,36,0.007000720594078302
HILICZ_positive|IK:XPCTZQVDEJYUGT-UHFFFAOYSA-N,XGBoost_tuned,0.334287929662074,5.218880663925814,Hymenobacter sedentarius,mg,37,0.006764443591237068
HILICZ_positive|IK:XPCTZQVDEJYUGT-UHFFFAOYSA-N,XGBoost_tuned,0.334287929662074,5.218880663925814,Mucilaginibacter sp. PAMC 26640,mg,38,0.006550617516040802
HILICZ_positive|IK:XPCTZQVDEJYUGT-UHFFFAOYSA-N,XGBoost_tuned,0.334287929662074,5.218880663925814,Mycobacteroides abscessus,mg,39,0.005887611303478479
HILICZ_positive|IK:XPCTZQVDEJYUGT-UHFFFAOYSA-N,XGBoost_tuned,0.334287929662074,5.218880663925814,Maribacter sp. T28,mg,40,0.005757094826549292
HILICZ_positive|IK:XPCTZQVDEJYUGT-UHFFFAOYSA-N,XGBoost_tuned,0.334287929662074,5.218880663925814,Mesorhizobium oceanicum,mg,41,0.0055223009549081326
HILICZ_positive|IK:XPCTZQVDEJYUGT-UHFFFAOYSA-N,XGBoost_tuned,0.334287929662074,5.218880663925814,Mesorhizobium australicum,mg,42,0.00545616215094924
HILICZ_positive|IK:XPCTZQVDEJYUGT-UHFFFAOYSA-N,XGBoost_tuned,0.334287929662074,5.218880663925814,Novosphingobium resinovorum,mg,43,0.005440973211079836
HILICZ_positive|IK:XPCTZQVDEJYUGT-UHFFFAOYSA-N,XGBoost_tuned,0.334287929662074,5.218880663925814,Bradyrhizobium icense,mg,44,0.005249280948191881
HILICZ_positive|IK:XPCTZQVDEJYUGT-UHFFFAOYSA-N,XGBoost_tuned,0.334287929662074,5.218880663925814,Herbaspirillum sp. meg3,mg,45,0.005228397902101278
HILICZ_positive|IK:XPCTZQVDEJYUGT-UHFFFAOYSA-N,XGBoost_tuned,0.334287929662074,5.218880663925814,Actinoalloteichus sp. GBA129-24,mg,46,0.0051911622285842896
HILICZ_positive|IK:XPCTZQVDEJYUGT-UHFFFAOYSA-N,XGBoost_tuned,0.334287929662074,5.218880663925814,Mycolicibacterium gilvum,mg,47,0.005177572835236788
HILICZ_positive|IK:XPCTZQVDEJYUGT-UHFFFAOYSA-N,XGBoost_tuned,0.334287929662074,5.218880663925814,psize__Soil Sand Content %,soil,48,0.005095186643302441
HILICZ_positive|IK:XPCTZQVDEJYUGT-UHFFFAOYSA-N,XGBoost_tuned,0.334287929662074,5.218880663925814,Caulobacter sp. K31,mg,49,0.005075350869446993
HILICZ_positive|IK:XPCTZQVDEJYUGT-UHFFFAOYSA-N,XGBoost_tuned,0.334287929662074,5.218880663925814,Streptomyces virus phiC31,mg,50,0.004960283171385527
C18_positive|IK:OYTCZOJKXCTBHG-UHFFFAOYSA-N,RandomForest_tuned,0.3333957770928647,3.679167604513014,Streptomyces sp. TLI_053,mg,1,0.007342308547841227
C18_positive|IK:OYTCZOJKXCTBHG-UHFFFAOYSA-N,RandomForest_tuned,0.3333957770928647,3.679167604513014,Amycolatopsis orientalis,mg,2,0.006448861274182515
C18_positive|IK:OYTCZOJKXCTBHG-UHFFFAOYSA-N,RandomForest_tuned,0.3333957770928647,3.679167604513014,Halomonas sp. JS92-SW72,mg,3,0.005970293849691571
C18_positive|IK:OYTCZOJKXCTBHG-UHFFFAOYSA-N,RandomForest_tuned,0.3333957770928647,3.679167604513014,Micromonospora auratinigra,mg,4,0.005762013214248855
C18_positive|IK:OYTCZOJKXCTBHG-UHFFFAOYSA-N,RandomForest_tuned,0.3333957770928647,3.679167604513014,Actinomadura amylolytica,mg,5,0.005456385704859243
C18_positive|IK:OYTCZOJKXCTBHG-UHFFFAOYSA-N,RandomForest_tuned,0.3333957770928647,3.679167604513014,Kitasatospora aureofaciens,mg,6,0.005187380861964864
C18_positive|IK:OYTCZOJKXCTBHG-UHFFFAOYSA-N,RandomForest_tuned,0.3333957770928647,3.679167604513014,Rhizobium leguminosarum,mg,7,0.005138795182777992
C18_positive|IK:OYTCZOJKXCTBHG-UHFFFAOYSA-N,RandomForest_tuned,0.3333957770928647,3.679167604513014,Saccharothrix espanaensis,mg,8,0.00453797886622027
C18_positive|IK:OYTCZOJKXCTBHG-UHFFFAOYSA-N,RandomForest_tuned,0.3333957770928647,3.679167604513014,Acidobacterium capsulatum,mg,9,0.004450485863584989
C18_positive|IK:OYTCZOJKXCTBHG-UHFFFAOYSA-N,RandomForest_tuned,0.3333957770928647,3.679167604513014,Nakamurella multipartita,mg,10,0.004305249602050937
C18_positive|IK:OYTCZOJKXCTBHG-UHFFFAOYSA-N,RandomForest_tuned,0.3333957770928647,3.679167604513014,Streptomyces olivoreticuli,mg,11,0.004222060795359177
C18_positive|IK:OYTCZOJKXCTBHG-UHFFFAOYSA-N,RandomForest_tuned,0.3333957770928647,3.679167604513014,psize__Soil Sand Content %,soil,12,0.00414744137084936
C18_positive|IK:OYTCZOJKXCTBHG-UHFFFAOYSA-N,RandomForest_tuned,0.3333957770928647,3.679167604513014,Homo sapiens,mg,13,0.003961262877222598
C18_positive|IK:OYTCZOJKXCTBHG-UHFFFAOYSA-N,RandomForest_tuned,0.3333957770928647,3.679167604513014,Streptomyces koyangensis,mg,14,0.0038280508247477097
C18_positive|IK:OYTCZOJKXCTBHG-UHFFFAOYSA-N,RandomForest_tuned,0.3333957770928647,3.679167604513014,Catenulispora acidiphila,mg,15,0.0038194927695885017
C18_positive|IK:OYTCZOJKXCTBHG-UHFFFAOYSA-N,RandomForest_tuned,0.3333957770928647,3.679167604513014,Spirosoma pollinicola,mg,16,0.0037919300508798296
C18_positive|IK:OYTCZOJKXCTBHG-UHFFFAOYSA-N,RandomForest_tuned,0.3333957770928647,3.679167604513014,Sanguibacter keddieii,mg,17,0.0036360278741145897
C18_positive|IK:OYTCZOJKXCTBHG-UHFFFAOYSA-N,RandomForest_tuned,0.3333957770928647,3.679167604513014,Granulicella tundricola,mg,18,0.0036327082772064844
C18_positive|IK:OYTCZOJKXCTBHG-UHFFFAOYSA-N,RandomForest_tuned,0.3333957770928647,3.679167604513014,Nocardia cyriacigeorgica,mg,19,0.0035902718452231874
C18_positive|IK:OYTCZOJKXCTBHG-UHFFFAOYSA-N,RandomForest_tuned,0.3333957770928647,3.679167604513014,Streptomyces cattleya,mg,20,0.0035867910561305635
C18_positive|IK:OYTCZOJKXCTBHG-UHFFFAOYSA-N,RandomForest_tuned,0.3333957770928647,3.679167604513014,Rhodococcus ruber,mg,21,0.0035627266718916864
C18_positive|IK:OYTCZOJKXCTBHG-UHFFFAOYSA-N,RandomForest_tuned,0.3333957770928647,3.679167604513014,Streptomyces albidoflavus,mg,22,0.00351972889193775
C18_positive|IK:OYTCZOJKXCTBHG-UHFFFAOYSA-N,RandomForest_tuned,0.3333957770928647,3.679167604513014,Acidiphilium multivorum,mg,23,0.0035053494741310227
C18_positive|IK:OYTCZOJKXCTBHG-UHFFFAOYSA-N,RandomForest_tuned,0.3333957770928647,3.679167604513014,Plantactinospora sp. KBS50,mg,24,0.0034771201188489253
C18_positive|IK:OYTCZOJKXCTBHG-UHFFFAOYSA-N,RandomForest_tuned,0.3333957770928647,3.679167604513014,Plantactinospora sp. BB1,mg,25,0.0034712819981711973
C18_positive|IK:OYTCZOJKXCTBHG-UHFFFAOYSA-N,RandomForest_tuned,0.3333957770928647,3.679167604513014,Kibdelosporangium phytohabitans,mg,26,0.0034456572201314287
C18_positive|IK:OYTCZOJKXCTBHG-UHFFFAOYSA-N,RandomForest_tuned,0.3333957770928647,3.679167604513014,Micromonospora sp. WMMA2032,mg,27,0.0034153648794191453
C18_positive|IK:OYTCZOJKXCTBHG-UHFFFAOYSA-N,RandomForest_tuned,0.3333957770928647,3.679167604513014,Nocardia terpenica,mg,28,0.0033079855209929535
C18_positive|IK:OYTCZOJKXCTBHG-UHFFFAOYSA-N,RandomForest_tuned,0.3333957770928647,3.679167604513014,Acidobacteriaceae bacterium SBC82,mg,29,0.0032956010519721887
C18_positive|IK:OYTCZOJKXCTBHG-UHFFFAOYSA-N,RandomForest_tuned,0.3333957770928647,3.679167604513014,Streptomyces rubrolavendulae,mg,30,0.003278540747415732
C18_positive|IK:OYTCZOJKXCTBHG-UHFFFAOYSA-N,RandomForest_tuned,0.3333957770928647,3.679167604513014,Dietzia sp. oral taxon 368,mg,31,0.0032533449150768377
C18_positive|IK:OYTCZOJKXCTBHG-UHFFFAOYSA-N,RandomForest_tuned,0.3333957770928647,3.679167604513014,Bradyrhizobium lablabi,mg,32,0.003249030409064994
C18_positive|IK:OYTCZOJKXCTBHG-UHFFFAOYSA-N,RandomForest_tuned,0.3333957770928647,3.679167604513014,Streptomyces globosus,mg,33,0.003204569162983993
C18_positive|IK:OYTCZOJKXCTBHG-UHFFFAOYSA-N,RandomForest_tuned,0.3333957770928647,3.679167604513014,Kutzneria albida,mg,34,0.00320326171567775
C18_positive|IK:OYTCZOJKXCTBHG-UHFFFAOYSA-N,RandomForest_tuned,0.3333957770928647,3.679167604513014,Streptomyces sp. WAC00288,mg,35,0.0031334285082285666
C18_positive|IK:OYTCZOJKXCTBHG-UHFFFAOYSA-N,RandomForest_tuned,0.3333957770928647,3.679167604513014,Sulfurihydrogenibium sp. YO3AOP1,mg,36,0.0031053792473876704
C18_positive|IK:OYTCZOJKXCTBHG-UHFFFAOYSA-N,RandomForest_tuned,0.3333957770928647,3.679167604513014,Nonomuraea sp. ATCC 55076,mg,37,0.0030998770160025817
C18_positive|IK:OYTCZOJKXCTBHG-UHFFFAOYSA-N,RandomForest_tuned,0.3333957770928647,3.679167604513014,Hydrogenophaga crassostreae,mg,38,0.003017074371202128
C18_positive|IK:OYTCZOJKXCTBHG-UHFFFAOYSA-N,RandomForest_tuned,0.3333957770928647,3.679167604513014,Microlunatus soli,mg,39,0.003004730067346246
C18_positive|IK:OYTCZOJKXCTBHG-UHFFFAOYSA-N,RandomForest_tuned,0.3333957770928647,3.679167604513014,Elizabethkingia anophelis,mg,40,0.0030040441380047036
C18_positive|IK:OYTCZOJKXCTBHG-UHFFFAOYSA-N,RandomForest_tuned,0.3333957770928647,3.679167604513014,Nocardia sp. CFHS0054,mg,41,0.0029993160795958184
C18_positive|IK:OYTCZOJKXCTBHG-UHFFFAOYSA-N,RandomForest_tuned,0.3333957770928647,3.679167604513014,Thermobifida fusca,mg,42,0.0029601656279637195
C18_positive|IK:OYTCZOJKXCTBHG-UHFFFAOYSA-N,RandomForest_tuned,0.3333957770928647,3.679167604513014,Streptomyces malaysiensis,mg,43,0.0029479930826839564
C18_positive|IK:OYTCZOJKXCTBHG-UHFFFAOYSA-N,RandomForest_tuned,0.3333957770928647,3.679167604513014,Gordonia iterans,mg,44,0.0029381913883492657
C18_positive|IK:OYTCZOJKXCTBHG-UHFFFAOYSA-N,RandomForest_tuned,0.3333957770928647,3.679167604513014,Devriesea agamarum,mg,45,0.0029255869984674905
C18_positive|IK:OYTCZOJKXCTBHG-UHFFFAOYSA-N,RandomForest_tuned,0.3333957770928647,3.679167604513014,Intrasporangium calvum,mg,46,0.0029204173614978944
C18_positive|IK:OYTCZOJKXCTBHG-UHFFFAOYSA-N,RandomForest_tuned,0.3333957770928647,3.679167604513014,Nocardiopsis dassonvillei,mg,47,0.002916536225412249
C18_positive|IK:OYTCZOJKXCTBHG-UHFFFAOYSA-N,RandomForest_tuned,0.3333957770928647,3.679167604513014,Streptomyces sp. NEAU-S7GS2,mg,48,0.0029150718762583606
C18_positive|IK:OYTCZOJKXCTBHG-UHFFFAOYSA-N,RandomForest_tuned,0.3333957770928647,3.679167604513014,Slackia heliotrinireducens,mg,49,0.0029077395822388933
C18_positive|IK:OYTCZOJKXCTBHG-UHFFFAOYSA-N,RandomForest_tuned,0.3333957770928647,3.679167604513014,Saccharomonospora glauca,mg,50,0.0029022039711179923
C18_negative|IK:GUNGQVJAKLIYDG-JXMROGBWSA-N,ExtraTrees_tuned,0.3285200261911318,3.989967729078256,Rhizobium sp. CCGE532,mg,1,0.027150477222473785
C18_negative|IK:GUNGQVJAKLIYDG-JXMROGBWSA-N,ExtraTrees_tuned,0.3285200261911318,3.989967729078256,Nostoc sp. PCC 7524,mg,2,0.02120849097699292
C18_negative|IK:GUNGQVJAKLIYDG-JXMROGBWSA-N,ExtraTrees_tuned,0.3285200261911318,3.989967729078256,Streptacidiphilus sp. DSM 106435,mg,3,0.02055251313906437
C18_negative|IK:GUNGQVJAKLIYDG-JXMROGBWSA-N,ExtraTrees_tuned,0.3285200261911318,3.989967729078256,moist__Replicate 1 Mass Water / Mass Dry Soil %,soil,4,0.019656426300171666
C18_negative|IK:GUNGQVJAKLIYDG-JXMROGBWSA-N,ExtraTrees_tuned,0.3285200261911318,3.989967729078256,Mycobacterium pseudoshottsii,mg,5,0.0171453342396605
C18_negative|IK:GUNGQVJAKLIYDG-JXMROGBWSA-N,ExtraTrees_tuned,0.3285200261911318,3.989967729078256,Kitasatospora sp. MMS16-BH015,mg,6,0.013590423576799982
C18_negative|IK:GUNGQVJAKLIYDG-JXMROGBWSA-N,ExtraTrees_tuned,0.3285200261911318,3.989967729078256,Kitasatospora setae,mg,7,0.01145469319537797
C18_negative|IK:GUNGQVJAKLIYDG-JXMROGBWSA-N,ExtraTrees_tuned,0.3285200261911318,3.989967729078256,Streptosporangium sp. 'caverna',mg,8,0.011184325865344099
C18_negative|IK:GUNGQVJAKLIYDG-JXMROGBWSA-N,ExtraTrees_tuned,0.3285200261911318,3.989967729078256,Streptosporangium roseum,mg,9,0.010965257015083217
C18_negative|IK:GUNGQVJAKLIYDG-JXMROGBWSA-N,ExtraTrees_tuned,0.3285200261911318,3.989967729078256,Catenulispora acidiphila,mg,10,0.010608947469181736
C18_negative|IK:GUNGQVJAKLIYDG-JXMROGBWSA-N,ExtraTrees_tuned,0.3285200261911318,3.989967729078256,soil_total_C,soil,11,0.010406472052049847
C18_negative|IK:GUNGQVJAKLIYDG-JXMROGBWSA-N,ExtraTrees_tuned,0.3285200261911318,3.989967729078256,Streptomyces sp. TLI_053,mg,12,0.009302486189662946
C18_negative|IK:GUNGQVJAKLIYDG-JXMROGBWSA-N,ExtraTrees_tuned,0.3285200261911318,3.989967729078256,Mycobacterium colombiense,mg,13,0.009072384591243437
C18_negative|IK:GUNGQVJAKLIYDG-JXMROGBWSA-N,ExtraTrees_tuned,0.3285200261911318,3.989967729078256,Kitasatospora aureofaciens,mg,14,0.009068286315821671
C18_negative|IK:GUNGQVJAKLIYDG-JXMROGBWSA-N,ExtraTrees_tuned,0.3285200261911318,3.989967729078256,Bifidobacterium breve,mg,15,0.008638025914672293
C18_negative|IK:GUNGQVJAKLIYDG-JXMROGBWSA-N,ExtraTrees_tuned,0.3285200261911318,3.989967729078256,Streptomyces sp. SCSIO 03032,mg,16,0.008434872162764251
C18_negative|IK:GUNGQVJAKLIYDG-JXMROGBWSA-N,ExtraTrees_tuned,0.3285200261911318,3.989967729078256,Kutzneria albida,mg,17,0.008160489337127983
C18_negative|IK:GUNGQVJAKLIYDG-JXMROGBWSA-N,ExtraTrees_tuned,0.3285200261911318,3.989967729078256,Nocardiopsis gilva,mg,18,0.007810088631862741
C18_negative|IK:GUNGQVJAKLIYDG-JXMROGBWSA-N,ExtraTrees_tuned,0.3285200261911318,3.989967729078256,Komagataeibacter xylinus,mg,19,0.007777175630028075
C18_negative|IK:GUNGQVJAKLIYDG-JXMROGBWSA-N,ExtraTrees_tuned,0.3285200261911318,3.989967729078256,Candidatus Solibacter usitatus,mg,20,0.007763906583098017
C18_negative|IK:GUNGQVJAKLIYDG-JXMROGBWSA-N,ExtraTrees_tuned,0.3285200261911318,3.989967729078256,Streptomyces xiamenensis,mg,21,0.007710442687030893
C18_negative|IK:GUNGQVJAKLIYDG-JXMROGBWSA-N,ExtraTrees_tuned,0.3285200261911318,3.989967729078256,Nocardiopsis dassonvillei,mg,22,0.007574946306255012
C18_negative|IK:GUNGQVJAKLIYDG-JXMROGBWSA-N,ExtraTrees_tuned,0.3285200261911318,3.989967729078256,Bradyrhizobium erythrophlei,mg,23,0.007302921771894507
C18_negative|IK:GUNGQVJAKLIYDG-JXMROGBWSA-N,ExtraTrees_tuned,0.3285200261911318,3.989967729078256,Streptomyces autolyticus,mg,24,0.00698491765853341
C18_negative|IK:GUNGQVJAKLIYDG-JXMROGBWSA-N,ExtraTrees_tuned,0.3285200261911318,3.989967729078256,Bifidobacterium catenulatum,mg,25,0.0067767341147165925
C18_negative|IK:GUNGQVJAKLIYDG-JXMROGBWSA-N,ExtraTrees_tuned,0.3285200261911318,3.989967729078256,Tenacibaculum maritimum,mg,26,0.006656865134094537
C18_negative|IK:GUNGQVJAKLIYDG-JXMROGBWSA-N,ExtraTrees_tuned,0.3285200261911318,3.989967729078256,soil_NH4,soil,27,0.006631165776350634
C18_negative|IK:GUNGQVJAKLIYDG-JXMROGBWSA-N,ExtraTrees_tuned,0.3285200261911318,3.989967729078256,Gramella salexigens,mg,28,0.006559048224832136
C18_negative|IK:GUNGQVJAKLIYDG-JXMROGBWSA-N,ExtraTrees_tuned,0.3285200261911318,3.989967729078256,Sphingopyxis sp. LPB0140,mg,29,0.006231200145380216
C18_negative|IK:GUNGQVJAKLIYDG-JXMROGBWSA-N,ExtraTrees_tuned,0.3285200261911318,3.989967729078256,Komagataeibacter medellinensis,mg,30,0.005730019350847684
C18_negative|IK:GUNGQVJAKLIYDG-JXMROGBWSA-N,ExtraTrees_tuned,0.3285200261911318,3.989967729078256,Mycobacterium shigaense,mg,31,0.0054925175785882395
C18_negative|IK:GUNGQVJAKLIYDG-JXMROGBWSA-N,ExtraTrees_tuned,0.3285200261911318,3.989967729078256,Rhizobium phage RHEph10,mg,32,0.005427586661608481
C18_negative|IK:GUNGQVJAKLIYDG-JXMROGBWSA-N,ExtraTrees_tuned,0.3285200261911318,3.989967729078256,Nonomuraea sp. ATCC 55076,mg,33,0.005393497127965597
C18_negative|IK:GUNGQVJAKLIYDG-JXMROGBWSA-N,ExtraTrees_tuned,0.3285200261911318,3.989967729078256,Mycobacterium avium,mg,34,0.0052746855099863
C18_negative|IK:GUNGQVJAKLIYDG-JXMROGBWSA-N,ExtraTrees_tuned,0.3285200261911318,3.989967729078256,Mycobacterium marseillense,mg,35,0.005271381557742252
C18_negative|IK:GUNGQVJAKLIYDG-JXMROGBWSA-N,ExtraTrees_tuned,0.3285200261911318,3.989967729078256,Aquimarina sp. BL5,mg,36,0.005223950094876313
C18_negative|IK:GUNGQVJAKLIYDG-JXMROGBWSA-N,ExtraTrees_tuned,0.3285200261911318,3.989967729078256,Myroides odoratus,mg,37,0.005076390687725957
C18_negative|IK:GUNGQVJAKLIYDG-JXMROGBWSA-N,ExtraTrees_tuned,0.3285200261911318,3.989967729078256,Nocardiopsis alba,mg,38,0.004979593710449036
C18_negative|IK:GUNGQVJAKLIYDG-JXMROGBWSA-N,ExtraTrees_tuned,0.3285200261911318,3.989967729078256,Opitutus sp. GAS368,mg,39,0.004975283260701657
C18_negative|IK:GUNGQVJAKLIYDG-JXMROGBWSA-N,ExtraTrees_tuned,0.3285200261911318,3.989967729078256,Winogradskyella sp. J14-2,mg,40,0.0049361560231653365
C18_negative|IK:GUNGQVJAKLIYDG-JXMROGBWSA-N,ExtraTrees_tuned,0.3285200261911318,3.989967729078256,Paenibacillus peoriae,mg,41,0.004866062273635859
C18_negative|IK:GUNGQVJAKLIYDG-JXMROGBWSA-N,ExtraTrees_tuned,0.3285200261911318,3.989967729078256,Candidatus Nanopelagicus hibericus,mg,42,0.00457831707865798
C18_negative|IK:GUNGQVJAKLIYDG-JXMROGBWSA-N,ExtraTrees_tuned,0.3285200261911318,3.989967729078256,Thermomonospora curvata,mg,43,0.004439637523698065
C18_negative|IK:GUNGQVJAKLIYDG-JXMROGBWSA-N,ExtraTrees_tuned,0.3285200261911318,3.989967729078256,Gammaproteobacteria bacterium DM2,mg,44,0.004217853338953168
C18_negative|IK:GUNGQVJAKLIYDG-JXMROGBWSA-N,ExtraTrees_tuned,0.3285200261911318,3.989967729078256,Streptomyces cattleya,mg,45,0.004203373916071054
C18_negative|IK:GUNGQVJAKLIYDG-JXMROGBWSA-N,ExtraTrees_tuned,0.3285200261911318,3.989967729078256,Thermobifida fusca,mg,46,0.004054681199715969
C18_negative|IK:GUNGQVJAKLIYDG-JXMROGBWSA-N,ExtraTrees_tuned,0.3285200261911318,3.989967729078256,Halobacillus halophilus,mg,47,0.0038915783751899426
C18_negative|IK:GUNGQVJAKLIYDG-JXMROGBWSA-N,ExtraTrees_tuned,0.3285200261911318,3.989967729078256,Olleya sp. Bg11-27,mg,48,0.0038449216787610064
C18_negative|IK:GUNGQVJAKLIYDG-JXMROGBWSA-N,ExtraTrees_tuned,0.3285200261911318,3.989967729078256,Streptomyces xinghaiensis,mg,49,0.0036856954124909608
C18_negative|IK:GUNGQVJAKLIYDG-JXMROGBWSA-N,ExtraTrees_tuned,0.3285200261911318,3.989967729078256,Acinetobacter radioresistens,mg,50,0.003668715826451309
C18_negative|IK:OKVJCVWFVRATSG-UHFFFAOYSA-N,RandomForest_tuned,0.3280923466515905,4.835754752421738,Streptomyces sp. TLI_053,mg,1,0.006568437776858425
C18_negative|IK:OKVJCVWFVRATSG-UHFFFAOYSA-N,RandomForest_tuned,0.3280923466515905,4.835754752421738,Kitasatospora aureofaciens,mg,2,0.0056009377536725925
C18_negative|IK:OKVJCVWFVRATSG-UHFFFAOYSA-N,RandomForest_tuned,0.3280923466515905,4.835754752421738,Amycolatopsis orientalis,mg,3,0.005352751180834673
C18_negative|IK:OKVJCVWFVRATSG-UHFFFAOYSA-N,RandomForest_tuned,0.3280923466515905,4.835754752421738,Streptomyces globosus,mg,4,0.004693896589806048
C18_negative|IK:OKVJCVWFVRATSG-UHFFFAOYSA-N,RandomForest_tuned,0.3280923466515905,4.835754752421738,Nocardia cyriacigeorgica,mg,5,0.004584950079048409
C18_negative|IK:OKVJCVWFVRATSG-UHFFFAOYSA-N,RandomForest_tuned,0.3280923466515905,4.835754752421738,Actinomadura amylolytica,mg,6,0.004479854051775752
C18_negative|IK:OKVJCVWFVRATSG-UHFFFAOYSA-N,RandomForest_tuned,0.3280923466515905,4.835754752421738,Auraticoccus monumenti,mg,7,0.00447419309254356
C18_negative|IK:OKVJCVWFVRATSG-UHFFFAOYSA-N,RandomForest_tuned,0.3280923466515905,4.835754752421738,Pimelobacter simplex,mg,8,0.004381443210104059
C18_negative|IK:OKVJCVWFVRATSG-UHFFFAOYSA-N,RandomForest_tuned,0.3280923466515905,4.835754752421738,Dietzia sp. oral taxon 368,mg,9,0.004335647785247792
C18_negative|IK:OKVJCVWFVRATSG-UHFFFAOYSA-N,RandomForest_tuned,0.3280923466515905,4.835754752421738,Halomonas sp. JS92-SW72,mg,10,0.0042858707501711515
C18_negative|IK:OKVJCVWFVRATSG-UHFFFAOYSA-N,RandomForest_tuned,0.3280923466515905,4.835754752421738,Nakamurella multipartita,mg,11,0.004233917704344117
C18_negative|IK:OKVJCVWFVRATSG-UHFFFAOYSA-N,RandomForest_tuned,0.3280923466515905,4.835754752421738,Sanguibacter keddieii,mg,12,0.0041031442647854474
C18_negative|IK:OKVJCVWFVRATSG-UHFFFAOYSA-N,RandomForest_tuned,0.3280923466515905,4.835754752421738,Microlunatus soli,mg,13,0.003913120605157905
C18_negative|IK:OKVJCVWFVRATSG-UHFFFAOYSA-N,RandomForest_tuned,0.3280923466515905,4.835754752421738,Pseudomonas resinovorans,mg,14,0.003799711112140654
C18_negative|IK:OKVJCVWFVRATSG-UHFFFAOYSA-N,RandomForest_tuned,0.3280923466515905,4.835754752421738,Nocardiopsis dassonvillei,mg,15,0.003601096962743157
C18_negative|IK:OKVJCVWFVRATSG-UHFFFAOYSA-N,RandomForest_tuned,0.3280923466515905,4.835754752421738,Rhodococcus sp. 008,mg,16,0.0035570387556261305
C18_negative|IK:OKVJCVWFVRATSG-UHFFFAOYSA-N,RandomForest_tuned,0.3280923466515905,4.835754752421738,Nocardia terpenica,mg,17,0.0034974868205735216
C18_negative|IK:OKVJCVWFVRATSG-UHFFFAOYSA-N,RandomForest_tuned,0.3280923466515905,4.835754752421738,Rhodococcus qingshengii,mg,18,0.003490869885958574
C18_negative|IK:OKVJCVWFVRATSG-UHFFFAOYSA-N,RandomForest_tuned,0.3280923466515905,4.835754752421738,Acidiphilium multivorum,mg,19,0.0034567441032765673
C18_negative|IK:OKVJCVWFVRATSG-UHFFFAOYSA-N,RandomForest_tuned,0.3280923466515905,4.835754752421738,Georgenia sp. ZLJ0423,mg,20,0.00333404070004669
C18_negative|IK:OKVJCVWFVRATSG-UHFFFAOYSA-N,RandomForest_tuned,0.3280923466515905,4.835754752421738,Streptomyces rubrolavendulae,mg,21,0.0033333849505138655
C18_negative|IK:OKVJCVWFVRATSG-UHFFFAOYSA-N,RandomForest_tuned,0.3280923466515905,4.835754752421738,Gordonia iterans,mg,22,0.0033231950006289263
C18_negative|IK:OKVJCVWFVRATSG-UHFFFAOYSA-N,RandomForest_tuned,0.3280923466515905,4.835754752421738,Saccharothrix espanaensis,mg,23,0.0033194135187590342
C18_negative|IK:OKVJCVWFVRATSG-UHFFFAOYSA-N,RandomForest_tuned,0.3280923466515905,4.835754752421738,Micromonospora auratinigra,mg,24,0.0033099062537527146
C18_negative|IK:OKVJCVWFVRATSG-UHFFFAOYSA-N,RandomForest_tuned,0.3280923466515905,4.835754752421738,Rhodococcus ruber,mg,25,0.0032711967757924126
C18_negative|IK:OKVJCVWFVRATSG-UHFFFAOYSA-N,RandomForest_tuned,0.3280923466515905,4.835754752421738,Pseudomonas mendocina,mg,26,0.003260259589472032
C18_negative|IK:OKVJCVWFVRATSG-UHFFFAOYSA-N,RandomForest_tuned,0.3280923466515905,4.835754752421738,Nocardia sp. CFHS0054,mg,27,0.003238993213818315
C18_negative|IK:OKVJCVWFVRATSG-UHFFFAOYSA-N,RandomForest_tuned,0.3280923466515905,4.835754752421738,Micromonospora sp. WMMA2032,mg,28,0.003218655408243906
C18_negative|IK:OKVJCVWFVRATSG-UHFFFAOYSA-N,RandomForest_tuned,0.3280923466515905,4.835754752421738,Kutzneria albida,mg,29,0.003076113231461806
C18_negative|IK:OKVJCVWFVRATSG-UHFFFAOYSA-N,RandomForest_tuned,0.3280923466515905,4.835754752421738,psize__Soil Sand Content %,soil,30,0.0030624853756857483
C18_negative|IK:OKVJCVWFVRATSG-UHFFFAOYSA-N,RandomForest_tuned,0.3280923466515905,4.835754752421738,Candidatus Solibacter usitatus,mg,31,0.00304862675013099
C18_negative|IK:OKVJCVWFVRATSG-UHFFFAOYSA-N,RandomForest_tuned,0.3280923466515905,4.835754752421738,Kibdelosporangium phytohabitans,mg,32,0.0030276695699869966
C18_negative|IK:OKVJCVWFVRATSG-UHFFFAOYSA-N,RandomForest_tuned,0.3280923466515905,4.835754752421738,Streptomyces noursei,mg,33,0.0029588493969913364
C18_negative|IK:OKVJCVWFVRATSG-UHFFFAOYSA-N,RandomForest_tuned,0.3280923466515905,4.835754752421738,Devriesea agamarum,mg,34,0.0029450379412030965
C18_negative|IK:OKVJCVWFVRATSG-UHFFFAOYSA-N,RandomForest_tuned,0.3280923466515905,4.835754752421738,Corynebacterium halotolerans,mg,35,0.002899763750862297
C18_negative|IK:OKVJCVWFVRATSG-UHFFFAOYSA-N,RandomForest_tuned,0.3280923466515905,4.835754752421738,Corynebacterium humireducens,mg,36,0.0028436349419878595
C18_negative|IK:OKVJCVWFVRATSG-UHFFFAOYSA-N,RandomForest_tuned,0.3280923466515905,4.835754752421738,Brachybacterium faecium,mg,37,0.0028122202570383735
C18_negative|IK:OKVJCVWFVRATSG-UHFFFAOYSA-N,RandomForest_tuned,0.3280923466515905,4.835754752421738,Arthrobacter sp. DCT-5,mg,38,0.0027749394389846127
C18_negative|IK:OKVJCVWFVRATSG-UHFFFAOYSA-N,RandomForest_tuned,0.3280923466515905,4.835754752421738,Acidobacterium capsulatum,mg,39,0.0027453433764043924
C18_negative|IK:OKVJCVWFVRATSG-UHFFFAOYSA-N,RandomForest_tuned,0.3280923466515905,4.835754752421738,Streptomyces sp. WAC00288,mg,40,0.002693451454106895
C18_negative|IK:OKVJCVWFVRATSG-UHFFFAOYSA-N,RandomForest_tuned,0.3280923466515905,4.835754752421738,nitrif__Rate (mg NO3-N/kilogram dry weight soil/day),soil,41,0.0026671611393165938
C18_negative|IK:OKVJCVWFVRATSG-UHFFFAOYSA-N,RandomForest_tuned,0.3280923466515905,4.835754752421738,Pseudonocardia sp. HH130629-09,mg,42,0.002562588731620012
C18_negative|IK:OKVJCVWFVRATSG-UHFFFAOYSA-N,RandomForest_tuned,0.3280923466515905,4.835754752421738,Pseudomonas yamanorum,mg,43,0.002556133561877429
C18_negative|IK:OKVJCVWFVRATSG-UHFFFAOYSA-N,RandomForest_tuned,0.3280923466515905,4.835754752421738,Nocardia brasiliensis,mg,44,0.0025517273704663505
C18_negative|IK:OKVJCVWFVRATSG-UHFFFAOYSA-N,RandomForest_tuned,0.3280923466515905,4.835754752421738,Sulfurihydrogenibium sp. YO3AOP1,mg,45,0.002500962642044949
C18_negative|IK:OKVJCVWFVRATSG-UHFFFAOYSA-N,RandomForest_tuned,0.3280923466515905,4.835754752421738,Amycolatopsis methanolica,mg,46,0.0024949904852062687
C18_negative|IK:OKVJCVWFVRATSG-UHFFFAOYSA-N,RandomForest_tuned,0.3280923466515905,4.835754752421738,Nonomuraea sp. ATCC 55076,mg,47,0.002485232388235397
C18_negative|IK:OKVJCVWFVRATSG-UHFFFAOYSA-N,RandomForest_tuned,0.3280923466515905,4.835754752421738,Streptomyces lavendulae,mg,48,0.0024849833695780605
C18_negative|IK:OKVJCVWFVRATSG-UHFFFAOYSA-N,RandomForest_tuned,0.3280923466515905,4.835754752421738,Rhodococcus sp. P1Y,mg,49,0.002479399365941267
C18_negative|IK:OKVJCVWFVRATSG-UHFFFAOYSA-N,RandomForest_tuned,0.3280923466515905,4.835754752421738,Pseudomonas fragi,mg,50,0.0024706420637354265
C18_positive|IK:GHOKWGTUZJEAQD-UHFFFAOYSA-N,XGBoost_tuned,0.3235493207706096,4.701480454998311,Azospira oryzae,mg,1,0.03782830387353897
C18_positive|IK:GHOKWGTUZJEAQD-UHFFFAOYSA-N,XGBoost_tuned,0.3235493207706096,4.701480454998311,Kitasatospora aureofaciens,mg,2,0.03738607093691826
C18_positive|IK:GHOKWGTUZJEAQD-UHFFFAOYSA-N,XGBoost_tuned,0.3235493207706096,4.701480454998311,Hymenobacter sp. DG25B,mg,3,0.026263952255249023
C18_positive|IK:GHOKWGTUZJEAQD-UHFFFAOYSA-N,XGBoost_tuned,0.3235493207706096,4.701480454998311,Bordetella pertussis,mg,4,0.025493090972304344
C18_positive|IK:GHOKWGTUZJEAQD-UHFFFAOYSA-N,XGBoost_tuned,0.3235493207706096,4.701480454998311,Marivirga tractuosa,mg,5,0.022819291800260544
C18_positive|IK:GHOKWGTUZJEAQD-UHFFFAOYSA-N,XGBoost_tuned,0.3235493207706096,4.701480454998311,Flavobacterium indicum,mg,6,0.021815184503793716
C18_positive|IK:GHOKWGTUZJEAQD-UHFFFAOYSA-N,XGBoost_tuned,0.3235493207706096,4.701480454998311,Pseudomonas syringae group genomosp. 3,mg,7,0.021516529843211174
C18_positive|IK:GHOKWGTUZJEAQD-UHFFFAOYSA-N,XGBoost_tuned,0.3235493207706096,4.701480454998311,Enterobacter ludwigii,mg,8,0.017356455326080322
C18_positive|IK:GHOKWGTUZJEAQD-UHFFFAOYSA-N,XGBoost_tuned,0.3235493207706096,4.701480454998311,Niabella ginsenosidivorans,mg,9,0.017012109979987144
C18_positive|IK:GHOKWGTUZJEAQD-UHFFFAOYSA-N,XGBoost_tuned,0.3235493207706096,4.701480454998311,Xanthomonas hortorum,mg,10,0.015238981693983078
C18_positive|IK:GHOKWGTUZJEAQD-UHFFFAOYSA-N,XGBoost_tuned,0.3235493207706096,4.701480454998311,Pseudomonas reinekei,mg,11,0.015056302770972252
C18_positive|IK:GHOKWGTUZJEAQD-UHFFFAOYSA-N,XGBoost_tuned,0.3235493207706096,4.701480454998311,Streptomyces scabiei,mg,12,0.014751768670976162
C18_positive|IK:GHOKWGTUZJEAQD-UHFFFAOYSA-N,XGBoost_tuned,0.3235493207706096,4.701480454998311,Vibrio coralliilyticus,mg,13,0.014387493021786213
C18_positive|IK:GHOKWGTUZJEAQD-UHFFFAOYSA-N,XGBoost_tuned,0.3235493207706096,4.701480454998311,Methylotenera versatilis,mg,14,0.014018649235367775
C18_positive|IK:GHOKWGTUZJEAQD-UHFFFAOYSA-N,XGBoost_tuned,0.3235493207706096,4.701480454998311,Bacteroides thetaiotaomicron,mg,15,0.013599292375147343
C18_positive|IK:GHOKWGTUZJEAQD-UHFFFAOYSA-N,XGBoost_tuned,0.3235493207706096,4.701480454998311,Hymenobacter sedentarius,mg,16,0.011968166567385197
C18_positive|IK:GHOKWGTUZJEAQD-UHFFFAOYSA-N,XGBoost_tuned,0.3235493207706096,4.701480454998311,Mesorhizobium japonicum,mg,17,0.011179069988429546
C18_positive|IK:GHOKWGTUZJEAQD-UHFFFAOYSA-N,XGBoost_tuned,0.3235493207706096,4.701480454998311,Microbacterium paraoxydans,mg,18,0.010496878996491432
C18_positive|IK:GHOKWGTUZJEAQD-UHFFFAOYSA-N,XGBoost_tuned,0.3235493207706096,4.701480454998311,Pseudomonas umsongensis,mg,19,0.010337449610233307
C18_positive|IK:GHOKWGTUZJEAQD-UHFFFAOYSA-N,XGBoost_tuned,0.3235493207706096,4.701480454998311,Bifidobacterium longum,mg,20,0.00949313398450613
C18_positive|IK:GHOKWGTUZJEAQD-UHFFFAOYSA-N,XGBoost_tuned,0.3235493207706096,4.701480454998311,Pseudomonas entomophila,mg,21,0.009006398729979992
C18_positive|IK:GHOKWGTUZJEAQD-UHFFFAOYSA-N,XGBoost_tuned,0.3235493207706096,4.701480454998311,Clostridium taeniosporum,mg,22,0.008045126684010029
C18_positive|IK:GHOKWGTUZJEAQD-UHFFFAOYSA-N,XGBoost_tuned,0.3235493207706096,4.701480454998311,Moraxellaceae bacterium HYN0046,mg,23,0.007795346435159445
C18_positive|IK:GHOKWGTUZJEAQD-UHFFFAOYSA-N,XGBoost_tuned,0.3235493207706096,4.701480454998311,Clostridium saccharobutylicum,mg,24,0.007297619711607695
C18_positive|IK:GHOKWGTUZJEAQD-UHFFFAOYSA-N,XGBoost_tuned,0.3235493207706096,4.701480454998311,Chryseobacterium glaciei,mg,25,0.007111300714313984
C18_positive|IK:GHOKWGTUZJEAQD-UHFFFAOYSA-N,XGBoost_tuned,0.3235493207706096,4.701480454998311,Pseudomonas plecoglossicida,mg,26,0.0067656077444553375
C18_positive|IK:GHOKWGTUZJEAQD-UHFFFAOYSA-N,XGBoost_tuned,0.3235493207706096,4.701480454998311,Collimonas arenae,mg,27,0.006668504793196917
C18_positive|IK:GHOKWGTUZJEAQD-UHFFFAOYSA-N,XGBoost_tuned,0.3235493207706096,4.701480454998311,Pseudomonas pseudoalcaligenes,mg,28,0.006533382926136255
C18_positive|IK:GHOKWGTUZJEAQD-UHFFFAOYSA-N,XGBoost_tuned,0.3235493207706096,4.701480454998311,Burkholderia sp. MSMB0266,mg,29,0.006273308303207159
C18_positive|IK:GHOKWGTUZJEAQD-UHFFFAOYSA-N,XGBoost_tuned,0.3235493207706096,4.701480454998311,Burkholderia sp. OLGA172,mg,30,0.006228514015674591
C18_positive|IK:GHOKWGTUZJEAQD-UHFFFAOYSA-N,XGBoost_tuned,0.3235493207706096,4.701480454998311,chem__LBCeq (mg/kg CaCO3/pH dry weight),soil,31,0.006198241375386715
C18_positive|IK:GHOKWGTUZJEAQD-UHFFFAOYSA-N,XGBoost_tuned,0.3235493207706096,4.701480454998311,Bradyrhizobium icense,mg,32,0.0061269463039934635
C18_positive|IK:GHOKWGTUZJEAQD-UHFFFAOYSA-N,XGBoost_tuned,0.3235493207706096,4.701480454998311,Sphingobium sp. YBL2,mg,33,0.006057661958038807
C18_positive|IK:GHOKWGTUZJEAQD-UHFFFAOYSA-N,XGBoost_tuned,0.3235493207706096,4.701480454998311,Massilia sp. NR 4-1,mg,34,0.005949696060270071
C18_positive|IK:GHOKWGTUZJEAQD-UHFFFAOYSA-N,XGBoost_tuned,0.3235493207706096,4.701480454998311,Plantibacter flavus,mg,35,0.005778075661510229
C18_positive|IK:GHOKWGTUZJEAQD-UHFFFAOYSA-N,XGBoost_tuned,0.3235493207706096,4.701480454998311,Nocardioides sp. 603,mg,36,0.005700637120753527
C18_positive|IK:GHOKWGTUZJEAQD-UHFFFAOYSA-N,XGBoost_tuned,0.3235493207706096,4.701480454998311,Bradyrhizobium sp.,mg,37,0.005648157559335232
C18_positive|IK:GHOKWGTUZJEAQD-UHFFFAOYSA-N,XGBoost_tuned,0.3235493207706096,4.701480454998311,Stenotrophomonas acidaminiphila,mg,38,0.005633527413010597
C18_positive|IK:GHOKWGTUZJEAQD-UHFFFAOYSA-N,XGBoost_tuned,0.3235493207706096,4.701480454998311,Agrobacterium sp. RAC06,mg,39,0.005317805800586939
C18_positive|IK:GHOKWGTUZJEAQD-UHFFFAOYSA-N,XGBoost_tuned,0.3235493207706096,4.701480454998311,Mucilaginibacter sp. BJC16-A31,mg,40,0.005215378012508154
C18_positive|IK:GHOKWGTUZJEAQD-UHFFFAOYSA-N,XGBoost_tuned,0.3235493207706096,4.701480454998311,Stenotrophomonas sp. LM091,mg,41,0.0051911743357777596
C18_positive|IK:GHOKWGTUZJEAQD-UHFFFAOYSA-N,XGBoost_tuned,0.3235493207706096,4.701480454998311,soil_total_C,soil,42,0.005180720239877701
C18_positive|IK:GHOKWGTUZJEAQD-UHFFFAOYSA-N,XGBoost_tuned,0.3235493207706096,4.701480454998311,Pseudomonas sp. LTJR-52,mg,43,0.005064729135483503
C18_positive|IK:GHOKWGTUZJEAQD-UHFFFAOYSA-N,XGBoost_tuned,0.3235493207706096,4.701480454998311,Stenotrophomonas sp. MYb57,mg,44,0.005051333457231522
C18_positive|IK:GHOKWGTUZJEAQD-UHFFFAOYSA-N,XGBoost_tuned,0.3235493207706096,4.701480454998311,Actinoplanes derwentensis,mg,45,0.004954463802278042
C18_positive|IK:GHOKWGTUZJEAQD-UHFFFAOYSA-N,XGBoost_tuned,0.3235493207706096,4.701480454998311,Cellulomonas gilvus,mg,46,0.00479354290291667
C18_positive|IK:GHOKWGTUZJEAQD-UHFFFAOYSA-N,XGBoost_tuned,0.3235493207706096,4.701480454998311,Sulfurihydrogenibium sp. YO3AOP1,mg,47,0.004791188519448042
C18_positive|IK:GHOKWGTUZJEAQD-UHFFFAOYSA-N,XGBoost_tuned,0.3235493207706096,4.701480454998311,Aminobacter aminovorans,mg,48,0.004669468849897385
C18_positive|IK:GHOKWGTUZJEAQD-UHFFFAOYSA-N,XGBoost_tuned,0.3235493207706096,4.701480454998311,soil_total_N,soil,49,0.004637051373720169
C18_positive|IK:GHOKWGTUZJEAQD-UHFFFAOYSA-N,XGBoost_tuned,0.3235493207706096,4.701480454998311,chem__Ca (Mehlich 1 mg/kg dry weight),soil,50,0.004616873804479837
C18_negative|IK:UGAGPNKCDRTDHP-UHFFFAOYSA-N,ExtraTrees_tuned,0.3173249854099185,4.677438784264085,Actinomyces sp. VUL4_3,mg,1,0.05058017679144093
C18_negative|IK:UGAGPNKCDRTDHP-UHFFFAOYSA-N,ExtraTrees_tuned,0.3173249854099185,4.677438784264085,Hymenobacter sp. DG25B,mg,2,0.023950953083407264
C18_negative|IK:UGAGPNKCDRTDHP-UHFFFAOYSA-N,ExtraTrees_tuned,0.3173249854099185,4.677438784264085,Polynucleobacter asymbioticus,mg,3,0.019571819718134792
C18_negative|IK:UGAGPNKCDRTDHP-UHFFFAOYSA-N,ExtraTrees_tuned,0.3173249854099185,4.677438784264085,Thermanaerovibrio velox,mg,4,0.017845713086279247
C18_negative|IK:UGAGPNKCDRTDHP-UHFFFAOYSA-N,ExtraTrees_tuned,0.3173249854099185,4.677438784264085,Dickeya solani,mg,5,0.011725783585162854
C18_negative|IK:UGAGPNKCDRTDHP-UHFFFAOYSA-N,ExtraTrees_tuned,0.3173249854099185,4.677438784264085,Sulfurihydrogenibium sp. YO3AOP1,mg,6,0.011148853702500364
C18_negative|IK:UGAGPNKCDRTDHP-UHFFFAOYSA-N,ExtraTrees_tuned,0.3173249854099185,4.677438784264085,Maribacter sp. T28,mg,7,0.010183822788518903
C18_negative|IK:UGAGPNKCDRTDHP-UHFFFAOYSA-N,ExtraTrees_tuned,0.3173249854099185,4.677438784264085,Bdellovibrio bacteriovorus,mg,8,0.009508626362877332
C18_negative|IK:UGAGPNKCDRTDHP-UHFFFAOYSA-N,ExtraTrees_tuned,0.3173249854099185,4.677438784264085,Advenella kashmirensis,mg,9,0.009284138960158957
C18_negative|IK:UGAGPNKCDRTDHP-UHFFFAOYSA-N,ExtraTrees_tuned,0.3173249854099185,4.677438784264085,Glutamicibacter arilaitensis,mg,10,0.008355603268467852
C18_negative|IK:UGAGPNKCDRTDHP-UHFFFAOYSA-N,ExtraTrees_tuned,0.3173249854099185,4.677438784264085,Bifidobacterium angulatum,mg,11,0.008155979397828724
C18_negative|IK:UGAGPNKCDRTDHP-UHFFFAOYSA-N,ExtraTrees_tuned,0.3173249854099185,4.677438784264085,Azospira oryzae,mg,12,0.007902110662923324
C18_negative|IK:UGAGPNKCDRTDHP-UHFFFAOYSA-N,ExtraTrees_tuned,0.3173249854099185,4.677438784264085,Streptomyces sp. SCSIO 03032,mg,13,0.007110005662647056
C18_negative|IK:UGAGPNKCDRTDHP-UHFFFAOYSA-N,ExtraTrees_tuned,0.3173249854099185,4.677438784264085,Rhizobium phage RHEph10,mg,14,0.006766729603022551
C18_negative|IK:UGAGPNKCDRTDHP-UHFFFAOYSA-N,ExtraTrees_tuned,0.3173249854099185,4.677438784264085,Streptomyces katrae,mg,15,0.006549864539172526
C18_negative|IK:UGAGPNKCDRTDHP-UHFFFAOYSA-N,ExtraTrees_tuned,0.3173249854099185,4.677438784264085,Corynebacterium camporealensis,mg,16,0.006526890172065456
C18_negative|IK:UGAGPNKCDRTDHP-UHFFFAOYSA-N,ExtraTrees_tuned,0.3173249854099185,4.677438784264085,Phyllobacterium zundukense,mg,17,0.006518822055931366
C18_negative|IK:UGAGPNKCDRTDHP-UHFFFAOYSA-N,ExtraTrees_tuned,0.3173249854099185,4.677438784264085,Streptomyces sp. CNQ-509,mg,18,0.0054518230650418675
C18_negative|IK:UGAGPNKCDRTDHP-UHFFFAOYSA-N,ExtraTrees_tuned,0.3173249854099185,4.677438784264085,Paenibacillus crassostreae,mg,19,0.005272954490274643
C18_negative|IK:UGAGPNKCDRTDHP-UHFFFAOYSA-N,ExtraTrees_tuned,0.3173249854099185,4.677438784264085,Cupriavidus oxalaticus,mg,20,0.0052506630979446
C18_negative|IK:UGAGPNKCDRTDHP-UHFFFAOYSA-N,ExtraTrees_tuned,0.3173249854099185,4.677438784264085,Prevotella intermedia,mg,21,0.0051799426860922385
C18_negative|IK:UGAGPNKCDRTDHP-UHFFFAOYSA-N,ExtraTrees_tuned,0.3173249854099185,4.677438784264085,Rhodococcus sp. p52,mg,22,0.005158348167589654
C18_negative|IK:UGAGPNKCDRTDHP-UHFFFAOYSA-N,ExtraTrees_tuned,0.3173249854099185,4.677438784264085,Devosia sp. A16,mg,23,0.0050962069241648365
C18_negative|IK:UGAGPNKCDRTDHP-UHFFFAOYSA-N,ExtraTrees_tuned,0.3173249854099185,4.677438784264085,Streptomyces sp. fd1-xmd,mg,24,0.004917310180738304
C18_negative|IK:UGAGPNKCDRTDHP-UHFFFAOYSA-N,ExtraTrees_tuned,0.3173249854099185,4.677438784264085,Pseudomonas simiae,mg,25,0.004866147628642795
C18_negative|IK:UGAGPNKCDRTDHP-UHFFFAOYSA-N,ExtraTrees_tuned,0.3173249854099185,4.677438784264085,Bordetella pertussis,mg,26,0.0047098442735287824
C18_negative|IK:UGAGPNKCDRTDHP-UHFFFAOYSA-N,ExtraTrees_tuned,0.3173249854099185,4.677438784264085,Arthrobacter sp. YC-RL1,mg,27,0.004608790075625223
C18_negative|IK:UGAGPNKCDRTDHP-UHFFFAOYSA-N,ExtraTrees_tuned,0.3173249854099185,4.677438784264085,Pseudomonas umsongensis,mg,28,0.004591912499213788
C18_negative|IK:UGAGPNKCDRTDHP-UHFFFAOYSA-N,ExtraTrees_tuned,0.3173249854099185,4.677438784264085,Corallococcus coralloides,mg,29,0.004576724709192365
C18_negative|IK:UGAGPNKCDRTDHP-UHFFFAOYSA-N,ExtraTrees_tuned,0.3173249854099185,4.677438784264085,Bordetella hinzii,mg,30,0.00445510863355083
C18_negative|IK:UGAGPNKCDRTDHP-UHFFFAOYSA-N,ExtraTrees_tuned,0.3173249854099185,4.677438784264085,Cupriavidus pinatubonensis,mg,31,0.004341989304675707
C18_negative|IK:UGAGPNKCDRTDHP-UHFFFAOYSA-N,ExtraTrees_tuned,0.3173249854099185,4.677438784264085,Acidobacteriaceae bacterium SBC82,mg,32,0.004297804148869323
C18_negative|IK:UGAGPNKCDRTDHP-UHFFFAOYSA-N,ExtraTrees_tuned,0.3173249854099185,4.677438784264085,Mesorhizobium sp. DCY119,mg,33,0.004105019560863072
C18_negative|IK:UGAGPNKCDRTDHP-UHFFFAOYSA-N,ExtraTrees_tuned,0.3173249854099185,4.677438784264085,Streptomyces lavendulae,mg,34,0.003923265383447119
C18_negative|IK:UGAGPNKCDRTDHP-UHFFFAOYSA-N,ExtraTrees_tuned,0.3173249854099185,4.677438784264085,Streptomyces sp. Sge12,mg,35,0.0039006689178060472
C18_negative|IK:UGAGPNKCDRTDHP-UHFFFAOYSA-N,ExtraTrees_tuned,0.3173249854099185,4.677438784264085,Xenorhabdus nematophila,mg,36,0.0038693288840765134
C18_negative|IK:UGAGPNKCDRTDHP-UHFFFAOYSA-N,ExtraTrees_tuned,0.3173249854099185,4.677438784264085,Bordetella sp. H567,mg,37,0.0038684226875895446
C18_negative|IK:UGAGPNKCDRTDHP-UHFFFAOYSA-N,ExtraTrees_tuned,0.3173249854099185,4.677438784264085,Gloeomargarita lithophora,mg,38,0.0038440639478082993
C18_negative|IK:UGAGPNKCDRTDHP-UHFFFAOYSA-N,ExtraTrees_tuned,0.3173249854099185,4.677438784264085,Chryseolinea sp. KIS68-18,mg,39,0.003820795845993743
C18_negative|IK:UGAGPNKCDRTDHP-UHFFFAOYSA-N,ExtraTrees_tuned,0.3173249854099185,4.677438784264085,Methanoculleus marisnigri,mg,40,0.0038052009380527313
C18_negative|IK:UGAGPNKCDRTDHP-UHFFFAOYSA-N,ExtraTrees_tuned,0.3173249854099185,4.677438784264085,Candidatus Koribacter versatilis,mg,41,0.003769969854957048
C18_negative|IK:UGAGPNKCDRTDHP-UHFFFAOYSA-N,ExtraTrees_tuned,0.3173249854099185,4.677438784264085,Cupriavidus taiwanensis,mg,42,0.0037650744519297807
C18_negative|IK:UGAGPNKCDRTDHP-UHFFFAOYSA-N,ExtraTrees_tuned,0.3173249854099185,4.677438784264085,Thauera chlorobenzoica,mg,43,0.003758959717868808
C18_negative|IK:UGAGPNKCDRTDHP-UHFFFAOYSA-N,ExtraTrees_tuned,0.3173249854099185,4.677438784264085,Cupriavidus pauculus,mg,44,0.0037570062951932637
C18_negative|IK:UGAGPNKCDRTDHP-UHFFFAOYSA-N,ExtraTrees_tuned,0.3173249854099185,4.677438784264085,Bifidobacterium breve,mg,45,0.0037155399627903972
C18_negative|IK:UGAGPNKCDRTDHP-UHFFFAOYSA-N,ExtraTrees_tuned,0.3173249854099185,4.677438784264085,Streptomyces xiamenensis,mg,46,0.0036231764429491354
C18_negative|IK:UGAGPNKCDRTDHP-UHFFFAOYSA-N,ExtraTrees_tuned,0.3173249854099185,4.677438784264085,Catenulispora acidiphila,mg,47,0.003560128120652179
C18_negative|IK:UGAGPNKCDRTDHP-UHFFFAOYSA-N,ExtraTrees_tuned,0.3173249854099185,4.677438784264085,Mesorhizobium ciceri,mg,48,0.003317115852764668
C18_negative|IK:UGAGPNKCDRTDHP-UHFFFAOYSA-N,ExtraTrees_tuned,0.3173249854099185,4.677438784264085,Streptomyces globosus,mg,49,0.003255758809237792
C18_negative|IK:UGAGPNKCDRTDHP-UHFFFAOYSA-N,ExtraTrees_tuned,0.3173249854099185,4.677438784264085,Wolbachia endosymbiont of Drosophila melanogaster,mg,50,0.0031826567841829346
C18_positive|IK:IBMRTYCHDPMBFN-UHFFFAOYSA-N,XGBoost_tuned,0.3162714915680377,4.61468250343722,Streptomyces rubrolavendulae,mg,1,0.023224670439958572
C18_positive|IK:IBMRTYCHDPMBFN-UHFFFAOYSA-N,XGBoost_tuned,0.3162714915680377,4.61468250343722,Streptomyces sp. CMB-StM0423,mg,2,0.022506259381771088
C18_positive|IK:IBMRTYCHDPMBFN-UHFFFAOYSA-N,XGBoost_tuned,0.3162714915680377,4.61468250343722,Microbacterium sp. PAMC 28756,mg,3,0.02081330306828022
C18_positive|IK:IBMRTYCHDPMBFN-UHFFFAOYSA-N,XGBoost_tuned,0.3162714915680377,4.61468250343722,Aeromicrobium sp. 592,mg,4,0.02050311677157879
C18_positive|IK:IBMRTYCHDPMBFN-UHFFFAOYSA-N,XGBoost_tuned,0.3162714915680377,4.61468250343722,Microlunatus phosphovorus,mg,5,0.020160524174571037
C18_positive|IK:IBMRTYCHDPMBFN-UHFFFAOYSA-N,XGBoost_tuned,0.3162714915680377,4.61468250343722,Rhodococcus sp. p52,mg,6,0.015434813685715199
C18_positive|IK:IBMRTYCHDPMBFN-UHFFFAOYSA-N,XGBoost_tuned,0.3162714915680377,4.61468250343722,Xylanimonas cellulosilytica,mg,7,0.015413404442369938
C18_positive|IK:IBMRTYCHDPMBFN-UHFFFAOYSA-N,XGBoost_tuned,0.3162714915680377,4.61468250343722,Hymenobacter sp. APR13,mg,8,0.015119449235498905
C18_positive|IK:IBMRTYCHDPMBFN-UHFFFAOYSA-N,XGBoost_tuned,0.3162714915680377,4.61468250343722,Azoarcus sp. CIB,mg,9,0.014403755776584148
C18_positive|IK:IBMRTYCHDPMBFN-UHFFFAOYSA-N,XGBoost_tuned,0.3162714915680377,4.61468250343722,Streptomyces sp. TLI_053,mg,10,0.012751760892570019
C18_positive|IK:IBMRTYCHDPMBFN-UHFFFAOYSA-N,XGBoost_tuned,0.3162714915680377,4.61468250343722,Halodesulfurarchaeum formicicum,mg,11,0.010742482729256153
C18_positive|IK:IBMRTYCHDPMBFN-UHFFFAOYSA-N,XGBoost_tuned,0.3162714915680377,4.61468250343722,Streptomyces sp. SCSIO 03032,mg,12,0.009465356357395649
C18_positive|IK:IBMRTYCHDPMBFN-UHFFFAOYSA-N,XGBoost_tuned,0.3162714915680377,4.61468250343722,Microbacterium foliorum,mg,13,0.009112493135035038
C18_positive|IK:IBMRTYCHDPMBFN-UHFFFAOYSA-N,XGBoost_tuned,0.3162714915680377,4.61468250343722,Arthrobacter sp. Rue61a,mg,14,0.008931070566177368
C18_positive|IK:IBMRTYCHDPMBFN-UHFFFAOYSA-N,XGBoost_tuned,0.3162714915680377,4.61468250343722,Streptomyces globosus,mg,15,0.007933263666927814
C18_positive|IK:IBMRTYCHDPMBFN-UHFFFAOYSA-N,XGBoost_tuned,0.3162714915680377,4.61468250343722,Microbacterium hominis,mg,16,0.007780125830322504
C18_positive|IK:IBMRTYCHDPMBFN-UHFFFAOYSA-N,XGBoost_tuned,0.3162714915680377,4.61468250343722,Halomonas sp. JS92-SW72,mg,17,0.007613848894834518
C18_positive|IK:IBMRTYCHDPMBFN-UHFFFAOYSA-N,XGBoost_tuned,0.3162714915680377,4.61468250343722,Microterricola viridarii,mg,18,0.007409592624753714
C18_positive|IK:IBMRTYCHDPMBFN-UHFFFAOYSA-N,XGBoost_tuned,0.3162714915680377,4.61468250343722,Streptomyces xiamenensis,mg,19,0.007176501676440239
C18_positive|IK:IBMRTYCHDPMBFN-UHFFFAOYSA-N,XGBoost_tuned,0.3162714915680377,4.61468250343722,Streptacidiphilus sp. DSM 106435,mg,20,0.006905923131853342
C18_positive|IK:IBMRTYCHDPMBFN-UHFFFAOYSA-N,XGBoost_tuned,0.3162714915680377,4.61468250343722,Kitasatospora aureofaciens,mg,21,0.006528986617922783
C18_positive|IK:IBMRTYCHDPMBFN-UHFFFAOYSA-N,XGBoost_tuned,0.3162714915680377,4.61468250343722,Kitasatospora albolonga,mg,22,0.006502008996903896
C18_positive|IK:IBMRTYCHDPMBFN-UHFFFAOYSA-N,XGBoost_tuned,0.3162714915680377,4.61468250343722,Methylotenera versatilis,mg,23,0.0062316241674125195
C18_positive|IK:IBMRTYCHDPMBFN-UHFFFAOYSA-N,XGBoost_tuned,0.3162714915680377,4.61468250343722,Bacillus clausii,mg,24,0.006211976520717144
C18_positive|IK:IBMRTYCHDPMBFN-UHFFFAOYSA-N,XGBoost_tuned,0.3162714915680377,4.61468250343722,Pseudomonas sp. R4-39-08,mg,25,0.006185299251228571
C18_positive|IK:IBMRTYCHDPMBFN-UHFFFAOYSA-N,XGBoost_tuned,0.3162714915680377,4.61468250343722,Pseudarthrobacter chlorophenolicus,mg,26,0.005919452290982008
C18_positive|IK:IBMRTYCHDPMBFN-UHFFFAOYSA-N,XGBoost_tuned,0.3162714915680377,4.61468250343722,Clostridium tetani,mg,27,0.005756996106356382
C18_positive|IK:IBMRTYCHDPMBFN-UHFFFAOYSA-N,XGBoost_tuned,0.3162714915680377,4.61468250343722,Chryseobacterium gallinarum,mg,28,0.005483577027916908
C18_positive|IK:IBMRTYCHDPMBFN-UHFFFAOYSA-N,XGBoost_tuned,0.3162714915680377,4.61468250343722,Streptomyces albus,mg,29,0.005312992725521326
C18_positive|IK:IBMRTYCHDPMBFN-UHFFFAOYSA-N,XGBoost_tuned,0.3162714915680377,4.61468250343722,Rubrobacter indicoceani,mg,30,0.005285745020955801
C18_positive|IK:IBMRTYCHDPMBFN-UHFFFAOYSA-N,XGBoost_tuned,0.3162714915680377,4.61468250343722,psize__Soil Clay Content %,soil,31,0.005185452289879322
C18_positive|IK:IBMRTYCHDPMBFN-UHFFFAOYSA-N,XGBoost_tuned,0.3162714915680377,4.61468250343722,Streptomyces sp. 11-1-2,mg,32,0.004976724740117788
C18_positive|IK:IBMRTYCHDPMBFN-UHFFFAOYSA-N,XGBoost_tuned,0.3162714915680377,4.61468250343722,Chryseobacterium arthrosphaerae,mg,33,0.00483695138245821
C18_positive|IK:IBMRTYCHDPMBFN-UHFFFAOYSA-N,XGBoost_tuned,0.3162714915680377,4.61468250343722,psize__Soil Silt Content %,soil,34,0.004765807650983334
C18_positive|IK:IBMRTYCHDPMBFN-UHFFFAOYSA-N,XGBoost_tuned,0.3162714915680377,4.61468250343722,Spongiibacter sp. IMCC21906,mg,35,0.00445667514577508
C18_positive|IK:IBMRTYCHDPMBFN-UHFFFAOYSA-N,XGBoost_tuned,0.3162714915680377,4.61468250343722,Pseudomonas umsongensis,mg,36,0.004372021183371544
C18_positive|IK:IBMRTYCHDPMBFN-UHFFFAOYSA-N,XGBoost_tuned,0.3162714915680377,4.61468250343722,Pelosinus sp. UFO1,mg,37,0.004210778512060642
C18_positive|IK:IBMRTYCHDPMBFN-UHFFFAOYSA-N,XGBoost_tuned,0.3162714915680377,4.61468250343722,Chryseobacterium carnis,mg,38,0.003969120793044567
C18_positive|IK:IBMRTYCHDPMBFN-UHFFFAOYSA-N,XGBoost_tuned,0.3162714915680377,4.61468250343722,Kitasatospora setae,mg,39,0.0038930417504161596
C18_positive|IK:IBMRTYCHDPMBFN-UHFFFAOYSA-N,XGBoost_tuned,0.3162714915680377,4.61468250343722,Pseudomonas sp. UW4,mg,40,0.003824923885986209
C18_positive|IK:IBMRTYCHDPMBFN-UHFFFAOYSA-N,XGBoost_tuned,0.3162714915680377,4.61468250343722,Chryseobacterium piperi,mg,41,0.003819310339167714
C18_positive|IK:IBMRTYCHDPMBFN-UHFFFAOYSA-N,XGBoost_tuned,0.3162714915680377,4.61468250343722,Streptomyces antibioticus,mg,42,0.0037986140232533216
C18_positive|IK:IBMRTYCHDPMBFN-UHFFFAOYSA-N,XGBoost_tuned,0.3162714915680377,4.61468250343722,Candidatus Xiphinematobacter sp. Idaho Grape,mg,43,0.003773560281842947
C18_positive|IK:IBMRTYCHDPMBFN-UHFFFAOYSA-N,XGBoost_tuned,0.3162714915680377,4.61468250343722,Pantoea sp. At-9b,mg,44,0.0037419770378619432
C18_positive|IK:IBMRTYCHDPMBFN-UHFFFAOYSA-N,XGBoost_tuned,0.3162714915680377,4.61468250343722,Halomonas sp. N3-2A,mg,45,0.003723998786881566
C18_positive|IK:IBMRTYCHDPMBFN-UHFFFAOYSA-N,XGBoost_tuned,0.3162714915680377,4.61468250343722,Flavobacterium johnsoniae,mg,46,0.003631051629781723
C18_positive|IK:IBMRTYCHDPMBFN-UHFFFAOYSA-N,XGBoost_tuned,0.3162714915680377,4.61468250343722,Olsenella sp. GAM18,mg,47,0.0036199293099343777
C18_positive|IK:IBMRTYCHDPMBFN-UHFFFAOYSA-N,XGBoost_tuned,0.3162714915680377,4.61468250343722,Lacinutrix sp. Bg11-31,mg,48,0.0035826268140226603
C18_positive|IK:IBMRTYCHDPMBFN-UHFFFAOYSA-N,XGBoost_tuned,0.3162714915680377,4.61468250343722,Nakamurella panacisegetis,mg,49,0.0034829829819500446
C18_positive|IK:IBMRTYCHDPMBFN-UHFFFAOYSA-N,XGBoost_tuned,0.3162714915680377,4.61468250343722,Burkholderia sp. MSMB0856,mg,50,0.0033111802767962217
HILICZ_negative|IK:SLWWJZMPHJJOPH-PHDIDXHHSA-N,ExtraTrees_tuned,0.3089796492068686,6.0800630860249845,Mycobacterium liflandii,mg,1,0.005787220623477851
HILICZ_negative|IK:SLWWJZMPHJJOPH-PHDIDXHHSA-N,ExtraTrees_tuned,0.3089796492068686,6.0800630860249845,Actinomyces sp. VUL4_3,mg,2,0.005410938765130427
HILICZ_negative|IK:SLWWJZMPHJJOPH-PHDIDXHHSA-N,ExtraTrees_tuned,0.3089796492068686,6.0800630860249845,Corynebacterium camporealensis,mg,3,0.0047168725139762405
HILICZ_negative|IK:SLWWJZMPHJJOPH-PHDIDXHHSA-N,ExtraTrees_tuned,0.3089796492068686,6.0800630860249845,Streptomyces sp. SCSIO 03032,mg,4,0.004432261548323345
HILICZ_negative|IK:SLWWJZMPHJJOPH-PHDIDXHHSA-N,ExtraTrees_tuned,0.3089796492068686,6.0800630860249845,Denitrovibrio acetiphilus,mg,5,0.004319248419193775
HILICZ_negative|IK:SLWWJZMPHJJOPH-PHDIDXHHSA-N,ExtraTrees_tuned,0.3089796492068686,6.0800630860249845,Nocardiopsis dassonvillei,mg,6,0.004125615831874542
HILICZ_negative|IK:SLWWJZMPHJJOPH-PHDIDXHHSA-N,ExtraTrees_tuned,0.3089796492068686,6.0800630860249845,Rhodococcus sp. p52,mg,7,0.004111405334278472
HILICZ_negative|IK:SLWWJZMPHJJOPH-PHDIDXHHSA-N,ExtraTrees_tuned,0.3089796492068686,6.0800630860249845,Wolbachia endosymbiont of Drosophila melanogaster,mg,8,0.00408796086991091
HILICZ_negative|IK:SLWWJZMPHJJOPH-PHDIDXHHSA-N,ExtraTrees_tuned,0.3089796492068686,6.0800630860249845,Candidatus Planktophila lacus,mg,9,0.004077667164950174
HILICZ_negative|IK:SLWWJZMPHJJOPH-PHDIDXHHSA-N,ExtraTrees_tuned,0.3089796492068686,6.0800630860249845,Nakamurella multipartita,mg,10,0.003924563626872342
HILICZ_negative|IK:SLWWJZMPHJJOPH-PHDIDXHHSA-N,ExtraTrees_tuned,0.3089796492068686,6.0800630860249845,Psychrobacter sp. AntiMn-1,mg,11,0.003842527445395783
HILICZ_negative|IK:SLWWJZMPHJJOPH-PHDIDXHHSA-N,ExtraTrees_tuned,0.3089796492068686,6.0800630860249845,psize__Soil Clay Content %,soil,12,0.003733723387175048
HILICZ_negative|IK:SLWWJZMPHJJOPH-PHDIDXHHSA-N,ExtraTrees_tuned,0.3089796492068686,6.0800630860249845,Sulfurihydrogenibium sp. YO3AOP1,mg,13,0.0032856828120977955
HILICZ_negative|IK:SLWWJZMPHJJOPH-PHDIDXHHSA-N,ExtraTrees_tuned,0.3089796492068686,6.0800630860249845,Streptomyces xiamenensis,mg,14,0.003260602973977846
HILICZ_negative|IK:SLWWJZMPHJJOPH-PHDIDXHHSA-N,ExtraTrees_tuned,0.3089796492068686,6.0800630860249845,Streptomyces sp. CLI2509,mg,15,0.003112238332693102
HILICZ_negative|IK:SLWWJZMPHJJOPH-PHDIDXHHSA-N,ExtraTrees_tuned,0.3089796492068686,6.0800630860249845,Streptomyces sp. CMB-StM0423,mg,16,0.003103460977881221
HILICZ_negative|IK:SLWWJZMPHJJOPH-PHDIDXHHSA-N,ExtraTrees_tuned,0.3089796492068686,6.0800630860249845,Hymenobacter sp. DG25B,mg,17,0.0029799434800461553
HILICZ_negative|IK:SLWWJZMPHJJOPH-PHDIDXHHSA-N,ExtraTrees_tuned,0.3089796492068686,6.0800630860249845,Micromonospora coriariae,mg,18,0.002947457549777916
HILICZ_negative|IK:SLWWJZMPHJJOPH-PHDIDXHHSA-N,ExtraTrees_tuned,0.3089796492068686,6.0800630860249845,Micromonospora narathiwatensis,mg,19,0.002925393498372623
HILICZ_negative|IK:SLWWJZMPHJJOPH-PHDIDXHHSA-N,ExtraTrees_tuned,0.3089796492068686,6.0800630860249845,Intrasporangium calvum,mg,20,0.0029143583389699547
HILICZ_negative|IK:SLWWJZMPHJJOPH-PHDIDXHHSA-N,ExtraTrees_tuned,0.3089796492068686,6.0800630860249845,Micromonospora echinaurantiaca,mg,21,0.00289912455156023
HILICZ_negative|IK:SLWWJZMPHJJOPH-PHDIDXHHSA-N,ExtraTrees_tuned,0.3089796492068686,6.0800630860249845,Actinobacteria bacterium IMCC26077,mg,22,0.002870282942206305
HILICZ_negative|IK:SLWWJZMPHJJOPH-PHDIDXHHSA-N,ExtraTrees_tuned,0.3089796492068686,6.0800630860249845,Salinispora arenicola,mg,23,0.002844461135454063
HILICZ_negative|IK:SLWWJZMPHJJOPH-PHDIDXHHSA-N,ExtraTrees_tuned,0.3089796492068686,6.0800630860249845,Thermobispora bispora,mg,24,0.0028230469407963116
HILICZ_negative|IK:SLWWJZMPHJJOPH-PHDIDXHHSA-N,ExtraTrees_tuned,0.3089796492068686,6.0800630860249845,Frankia alni,mg,25,0.0027952055066173278
HILICZ_negative|IK:SLWWJZMPHJJOPH-PHDIDXHHSA-N,ExtraTrees_tuned,0.3089796492068686,6.0800630860249845,Corynebacterium lactis,mg,26,0.002792698073375793
HILICZ_negative|IK:SLWWJZMPHJJOPH-PHDIDXHHSA-N,ExtraTrees_tuned,0.3089796492068686,6.0800630860249845,chem__LBCeq (mg/kg CaCO3/pH dry weight),soil,27,0.0027409035650456924
HILICZ_negative|IK:SLWWJZMPHJJOPH-PHDIDXHHSA-N,ExtraTrees_tuned,0.3089796492068686,6.0800630860249845,Leptospira biflexa,mg,28,0.002663797463403912
HILICZ_negative|IK:SLWWJZMPHJJOPH-PHDIDXHHSA-N,ExtraTrees_tuned,0.3089796492068686,6.0800630860249845,Gordonia polyisoprenivorans,mg,29,0.002654926717521003
HILICZ_negative|IK:SLWWJZMPHJJOPH-PHDIDXHHSA-N,ExtraTrees_tuned,0.3089796492068686,6.0800630860249845,Tessaracoccus sp. T2.5-30,mg,30,0.0025930205552777757
HILICZ_negative|IK:SLWWJZMPHJJOPH-PHDIDXHHSA-N,ExtraTrees_tuned,0.3089796492068686,6.0800630860249845,Synechococcus sp. PCC 7502,mg,31,0.002558195159656709
HILICZ_negative|IK:SLWWJZMPHJJOPH-PHDIDXHHSA-N,ExtraTrees_tuned,0.3089796492068686,6.0800630860249845,Streptomyces katrae,mg,32,0.0024520239897498413
HILICZ_negative|IK:SLWWJZMPHJJOPH-PHDIDXHHSA-N,ExtraTrees_tuned,0.3089796492068686,6.0800630860249845,Micromonospora coxensis,mg,33,0.0024426695900721996
HILICZ_negative|IK:SLWWJZMPHJJOPH-PHDIDXHHSA-N,ExtraTrees_tuned,0.3089796492068686,6.0800630860249845,Micromonospora siamensis,mg,34,0.0024299948384221715
HILICZ_negative|IK:SLWWJZMPHJJOPH-PHDIDXHHSA-N,ExtraTrees_tuned,0.3089796492068686,6.0800630860249845,Nonomuraea sp. ATCC 55076,mg,35,0.0023852535004321076
HILICZ_negative|IK:SLWWJZMPHJJOPH-PHDIDXHHSA-N,ExtraTrees_tuned,0.3089796492068686,6.0800630860249845,Allokutzneria albata,mg,36,0.0023604667747522835
HILICZ_negative|IK:SLWWJZMPHJJOPH-PHDIDXHHSA-N,ExtraTrees_tuned,0.3089796492068686,6.0800630860249845,Polynucleobacter difficilis,mg,37,0.002343466004163089
HILICZ_negative|IK:SLWWJZMPHJJOPH-PHDIDXHHSA-N,ExtraTrees_tuned,0.3089796492068686,6.0800630860249845,Granulibacter bethesdensis,mg,38,0.0022974752061727475
HILICZ_negative|IK:SLWWJZMPHJJOPH-PHDIDXHHSA-N,ExtraTrees_tuned,0.3089796492068686,6.0800630860249845,Rhodococcus sp. 2G,mg,39,0.0022723061380540495
HILICZ_negative|IK:SLWWJZMPHJJOPH-PHDIDXHHSA-N,ExtraTrees_tuned,0.3089796492068686,6.0800630860249845,Dietzia sp. oral taxon 368,mg,40,0.002270621136656354
HILICZ_negative|IK:SLWWJZMPHJJOPH-PHDIDXHHSA-N,ExtraTrees_tuned,0.3089796492068686,6.0800630860249845,Gordonia bronchialis,mg,41,0.0022339255953718377
HILICZ_negative|IK:SLWWJZMPHJJOPH-PHDIDXHHSA-N,ExtraTrees_tuned,0.3089796492068686,6.0800630860249845,Actinoalloteichus hoggarensis,mg,42,0.0022118539288399535
HILICZ_negative|IK:SLWWJZMPHJJOPH-PHDIDXHHSA-N,ExtraTrees_tuned,0.3089796492068686,6.0800630860249845,Verrucosispora maris,mg,43,0.002200157020127675
HILICZ_negative|IK:SLWWJZMPHJJOPH-PHDIDXHHSA-N,ExtraTrees_tuned,0.3089796492068686,6.0800630860249845,Amycolatopsis methanolica,mg,44,0.0021935100054908028
HILICZ_negative|IK:SLWWJZMPHJJOPH-PHDIDXHHSA-N,ExtraTrees_tuned,0.3089796492068686,6.0800630860249845,Bifidobacterium adolescentis,mg,45,0.002184418249937941
HILICZ_negative|IK:SLWWJZMPHJJOPH-PHDIDXHHSA-N,ExtraTrees_tuned,0.3089796492068686,6.0800630860249845,Brevibacterium linens,mg,46,0.0021834624360164315
HILICZ_negative|IK:SLWWJZMPHJJOPH-PHDIDXHHSA-N,ExtraTrees_tuned,0.3089796492068686,6.0800630860249845,Lachnoclostridium sp. YL32,mg,47,0.002180983917256896
HILICZ_negative|IK:SLWWJZMPHJJOPH-PHDIDXHHSA-N,ExtraTrees_tuned,0.3089796492068686,6.0800630860249845,Arsenicicoccus sp. oral taxon 190,mg,48,0.002161926993550541
HILICZ_negative|IK:SLWWJZMPHJJOPH-PHDIDXHHSA-N,ExtraTrees_tuned,0.3089796492068686,6.0800630860249845,Sedimentisphaera salicampi,mg,49,0.0021476904924285388
HILICZ_negative|IK:SLWWJZMPHJJOPH-PHDIDXHHSA-N,ExtraTrees_tuned,0.3089796492068686,6.0800630860249845,Saccharomonospora glauca,mg,50,0.002041061490983668
HILICZ_positive|IK:SIOXPEMLGUPBBT-UHFFFAOYSA-N,ExtraTrees_tuned,0.3075096334876778,4.8151850125343305,Polynucleobacter asymbioticus,mg,1,0.020302082964787464
HILICZ_positive|IK:SIOXPEMLGUPBBT-UHFFFAOYSA-N,ExtraTrees_tuned,0.3075096334876778,4.8151850125343305,Citrobacter freundii complex sp. CFNIH2,mg,2,0.01588429465429727
HILICZ_positive|IK:SIOXPEMLGUPBBT-UHFFFAOYSA-N,ExtraTrees_tuned,0.3075096334876778,4.8151850125343305,Oxalobacter formigenes,mg,3,0.013342528709713856
HILICZ_positive|IK:SIOXPEMLGUPBBT-UHFFFAOYSA-N,ExtraTrees_tuned,0.3075096334876778,4.8151850125343305,Neisseria subflava,mg,4,0.010372911920881831
HILICZ_positive|IK:SIOXPEMLGUPBBT-UHFFFAOYSA-N,ExtraTrees_tuned,0.3075096334876778,4.8151850125343305,Hymenobacter sp. DG25B,mg,5,0.009892839580803881
HILICZ_positive|IK:SIOXPEMLGUPBBT-UHFFFAOYSA-N,ExtraTrees_tuned,0.3075096334876778,4.8151850125343305,Cupriavidus sp. USMAHM13,mg,6,0.008833541701935808
HILICZ_positive|IK:SIOXPEMLGUPBBT-UHFFFAOYSA-N,ExtraTrees_tuned,0.3075096334876778,4.8151850125343305,Wolbachia endosymbiont of Brugia malayi,mg,7,0.008755364030939386
HILICZ_positive|IK:SIOXPEMLGUPBBT-UHFFFAOYSA-N,ExtraTrees_tuned,0.3075096334876778,4.8151850125343305,Advenella kashmirensis,mg,8,0.0069895534937567515
HILICZ_positive|IK:SIOXPEMLGUPBBT-UHFFFAOYSA-N,ExtraTrees_tuned,0.3075096334876778,4.8151850125343305,Paenibacillus sp. IHBB 10380,mg,9,0.006905885805100211
HILICZ_positive|IK:SIOXPEMLGUPBBT-UHFFFAOYSA-N,ExtraTrees_tuned,0.3075096334876778,4.8151850125343305,Methylomonas koyamae,mg,10,0.006649099763832604
HILICZ_positive|IK:SIOXPEMLGUPBBT-UHFFFAOYSA-N,ExtraTrees_tuned,0.3075096334876778,4.8151850125343305,Enterobacter ludwigii,mg,11,0.006648105386357801
HILICZ_positive|IK:SIOXPEMLGUPBBT-UHFFFAOYSA-N,ExtraTrees_tuned,0.3075096334876778,4.8151850125343305,Halothiobacillus neapolitanus,mg,12,0.0060360839492668164
HILICZ_positive|IK:SIOXPEMLGUPBBT-UHFFFAOYSA-N,ExtraTrees_tuned,0.3075096334876778,4.8151850125343305,Pseudomonas kribbensis,mg,13,0.005658961628697113
HILICZ_positive|IK:SIOXPEMLGUPBBT-UHFFFAOYSA-N,ExtraTrees_tuned,0.3075096334876778,4.8151850125343305,Polynucleobacter difficilis,mg,14,0.005428081084365035
HILICZ_positive|IK:SIOXPEMLGUPBBT-UHFFFAOYSA-N,ExtraTrees_tuned,0.3075096334876778,4.8151850125343305,Pseudomonas sp. MYb193,mg,15,0.005357649492746197
HILICZ_positive|IK:SIOXPEMLGUPBBT-UHFFFAOYSA-N,ExtraTrees_tuned,0.3075096334876778,4.8151850125343305,Methylobacillus flagellatus,mg,16,0.005169716871730557
HILICZ_positive|IK:SIOXPEMLGUPBBT-UHFFFAOYSA-N,ExtraTrees_tuned,0.3075096334876778,4.8151850125343305,Pseudomonas silesiensis,mg,17,0.005029046962436276
HILICZ_positive|IK:SIOXPEMLGUPBBT-UHFFFAOYSA-N,ExtraTrees_tuned,0.3075096334876778,4.8151850125343305,Neisseria sp. 10023,mg,18,0.004875145573667467
HILICZ_positive|IK:SIOXPEMLGUPBBT-UHFFFAOYSA-N,ExtraTrees_tuned,0.3075096334876778,4.8151850125343305,Paenibacillus lentus,mg,19,0.004837812664818501
HILICZ_positive|IK:SIOXPEMLGUPBBT-UHFFFAOYSA-N,ExtraTrees_tuned,0.3075096334876778,4.8151850125343305,Prevotella intermedia,mg,20,0.004807296415418606
HILICZ_positive|IK:SIOXPEMLGUPBBT-UHFFFAOYSA-N,ExtraTrees_tuned,0.3075096334876778,4.8151850125343305,Pontibacter actiniarum,mg,21,0.004711057372978758
HILICZ_positive|IK:SIOXPEMLGUPBBT-UHFFFAOYSA-N,ExtraTrees_tuned,0.3075096334876778,4.8151850125343305,Pseudomonas granadensis,mg,22,0.004695550182093831
HILICZ_positive|IK:SIOXPEMLGUPBBT-UHFFFAOYSA-N,ExtraTrees_tuned,0.3075096334876778,4.8151850125343305,Oleiphilus messinensis,mg,23,0.004656654526464673
HILICZ_positive|IK:SIOXPEMLGUPBBT-UHFFFAOYSA-N,ExtraTrees_tuned,0.3075096334876778,4.8151850125343305,Methylophilus sp. TWE2,mg,24,0.00450909388743564
HILICZ_positive|IK:SIOXPEMLGUPBBT-UHFFFAOYSA-N,ExtraTrees_tuned,0.3075096334876778,4.8151850125343305,Neisseria elongata,mg,25,0.004409045207553949
HILICZ_positive|IK:SIOXPEMLGUPBBT-UHFFFAOYSA-N,ExtraTrees_tuned,0.3075096334876778,4.8151850125343305,Pseudomonas thivervalensis,mg,26,0.004385935263888082
HILICZ_positive|IK:SIOXPEMLGUPBBT-UHFFFAOYSA-N,ExtraTrees_tuned,0.3075096334876778,4.8151850125343305,Pseudomonas entomophila,mg,27,0.004272007532972825
HILICZ_positive|IK:SIOXPEMLGUPBBT-UHFFFAOYSA-N,ExtraTrees_tuned,0.3075096334876778,4.8151850125343305,Pseudomonas reinekei,mg,28,0.004195981763654378
HILICZ_positive|IK:SIOXPEMLGUPBBT-UHFFFAOYSA-N,ExtraTrees_tuned,0.3075096334876778,4.8151850125343305,Thermanaerovibrio velox,mg,29,0.0040556043933128874
HILICZ_positive|IK:SIOXPEMLGUPBBT-UHFFFAOYSA-N,ExtraTrees_tuned,0.3075096334876778,4.8151850125343305,Pseudomonas sp. Z003-0.4C(8344-21),mg,30,0.003985384090470855
HILICZ_positive|IK:SIOXPEMLGUPBBT-UHFFFAOYSA-N,ExtraTrees_tuned,0.3075096334876778,4.8151850125343305,Flavobacterium indicum,mg,31,0.0037553309932693694
HILICZ_positive|IK:SIOXPEMLGUPBBT-UHFFFAOYSA-N,ExtraTrees_tuned,0.3075096334876778,4.8151850125343305,Pseudomonas moraviensis,mg,32,0.003715654106604515
HILICZ_positive|IK:SIOXPEMLGUPBBT-UHFFFAOYSA-N,ExtraTrees_tuned,0.3075096334876778,4.8151850125343305,Paenibacillus riograndensis,mg,33,0.003688767009837967
HILICZ_positive|IK:SIOXPEMLGUPBBT-UHFFFAOYSA-N,ExtraTrees_tuned,0.3075096334876778,4.8151850125343305,Pantoea alhagi,mg,34,0.0035633392593284897
HILICZ_positive|IK:SIOXPEMLGUPBBT-UHFFFAOYSA-N,ExtraTrees_tuned,0.3075096334876778,4.8151850125343305,Pseudomonas sp. DR 5-09,mg,35,0.0035448479698321103
HILICZ_positive|IK:SIOXPEMLGUPBBT-UHFFFAOYSA-N,ExtraTrees_tuned,0.3075096334876778,4.8151850125343305,Paraburkholderia graminis,mg,36,0.003516928792186225
HILICZ_positive|IK:SIOXPEMLGUPBBT-UHFFFAOYSA-N,ExtraTrees_tuned,0.3075096334876778,4.8151850125343305,Paenibacillus graminis,mg,37,0.003464233447019332
HILICZ_positive|IK:SIOXPEMLGUPBBT-UHFFFAOYSA-N,ExtraTrees_tuned,0.3075096334876778,4.8151850125343305,Pseudomonas virus PaMx74,mg,38,0.003435576389669463
HILICZ_positive|IK:SIOXPEMLGUPBBT-UHFFFAOYSA-N,ExtraTrees_tuned,0.3075096334876778,4.8151850125343305,Corallococcus coralloides,mg,39,0.003405114376864042
HILICZ_positive|IK:SIOXPEMLGUPBBT-UHFFFAOYSA-N,ExtraTrees_tuned,0.3075096334876778,4.8151850125343305,Advenella mimigardefordensis,mg,40,0.0033227666584952115
HILICZ_positive|IK:SIOXPEMLGUPBBT-UHFFFAOYSA-N,ExtraTrees_tuned,0.3075096334876778,4.8151850125343305,Neisseria weaveri,mg,41,0.0032404142361515576
HILICZ_positive|IK:SIOXPEMLGUPBBT-UHFFFAOYSA-N,ExtraTrees_tuned,0.3075096334876778,4.8151850125343305,Hymenobacter sp. APR13,mg,42,0.003213518420738687
HILICZ_positive|IK:SIOXPEMLGUPBBT-UHFFFAOYSA-N,ExtraTrees_tuned,0.3075096334876778,4.8151850125343305,Paenibacillus donghaensis,mg,43,0.003165598580946813
HILICZ_positive|IK:SIOXPEMLGUPBBT-UHFFFAOYSA-N,ExtraTrees_tuned,0.3075096334876778,4.8151850125343305,Hymenobacter sp. sh-6,mg,44,0.003130075630380641
HILICZ_positive|IK:SIOXPEMLGUPBBT-UHFFFAOYSA-N,ExtraTrees_tuned,0.3075096334876778,4.8151850125343305,Idiomarina sp. OT37-5b,mg,45,0.00303123155089566
HILICZ_positive|IK:SIOXPEMLGUPBBT-UHFFFAOYSA-N,ExtraTrees_tuned,0.3075096334876778,4.8151850125343305,Paenibacillus borealis,mg,46,0.003001255373657027
HILICZ_positive|IK:SIOXPEMLGUPBBT-UHFFFAOYSA-N,ExtraTrees_tuned,0.3075096334876778,4.8151850125343305,Alteromonas mediterranea,mg,47,0.0029891291693535152
HILICZ_positive|IK:SIOXPEMLGUPBBT-UHFFFAOYSA-N,ExtraTrees_tuned,0.3075096334876778,4.8151850125343305,Bdellovibrio bacteriovorus,mg,48,0.0029843242128630757
HILICZ_positive|IK:SIOXPEMLGUPBBT-UHFFFAOYSA-N,ExtraTrees_tuned,0.3075096334876778,4.8151850125343305,Pseudomonas sp. SWI36,mg,49,0.0029148068024635004
HILICZ_positive|IK:SIOXPEMLGUPBBT-UHFFFAOYSA-N,ExtraTrees_tuned,0.3075096334876778,4.8151850125343305,Archangium gephyra,mg,50,0.002892826981305581
C18_positive|IK:OVASVJPBDPJABT-UHFFFAOYSA-N,RandomForest_tuned,0.3066858489326763,4.441436340887249,Streptomyces sp. TLI_053,mg,1,0.05612698517850651
C18_positive|IK:OVASVJPBDPJABT-UHFFFAOYSA-N,RandomForest_tuned,0.3066858489326763,4.441436340887249,Kitasatospora aureofaciens,mg,2,0.04545481733056099
C18_positive|IK:OVASVJPBDPJABT-UHFFFAOYSA-N,RandomForest_tuned,0.3066858489326763,4.441436340887249,Kitasatospora setae,mg,3,0.031813907019492764
C18_positive|IK:OVASVJPBDPJABT-UHFFFAOYSA-N,RandomForest_tuned,0.3066858489326763,4.441436340887249,Kitasatospora sp. MMS16-BH015,mg,4,0.028563190198885254
C18_positive|IK:OVASVJPBDPJABT-UHFFFAOYSA-N,RandomForest_tuned,0.3066858489326763,4.441436340887249,Streptosporangium sp. 'caverna',mg,5,0.02383818932290887
C18_positive|IK:OVASVJPBDPJABT-UHFFFAOYSA-N,RandomForest_tuned,0.3066858489326763,4.441436340887249,Pseudomonas umsongensis,mg,6,0.022406909176859814
C18_positive|IK:OVASVJPBDPJABT-UHFFFAOYSA-N,RandomForest_tuned,0.3066858489326763,4.441436340887249,Intrasporangium calvum,mg,7,0.015405175075008312
C18_positive|IK:OVASVJPBDPJABT-UHFFFAOYSA-N,RandomForest_tuned,0.3066858489326763,4.441436340887249,Rhodococcus sp. p52,mg,8,0.01188459625486565
C18_positive|IK:OVASVJPBDPJABT-UHFFFAOYSA-N,RandomForest_tuned,0.3066858489326763,4.441436340887249,Halomonas sp. JS92-SW72,mg,9,0.010723518821210766
C18_positive|IK:OVASVJPBDPJABT-UHFFFAOYSA-N,RandomForest_tuned,0.3066858489326763,4.441436340887249,Rubrobacter radiotolerans,mg,10,0.010062756038525716
C18_positive|IK:OVASVJPBDPJABT-UHFFFAOYSA-N,RandomForest_tuned,0.3066858489326763,4.441436340887249,psize__Soil Clay Content %,soil,11,0.00965634349815483
C18_positive|IK:OVASVJPBDPJABT-UHFFFAOYSA-N,RandomForest_tuned,0.3066858489326763,4.441436340887249,Pseudarthrobacter phenanthrenivorans,mg,12,0.008723095447734041
C18_positive|IK:OVASVJPBDPJABT-UHFFFAOYSA-N,RandomForest_tuned,0.3066858489326763,4.441436340887249,Arthrobacter sp. ERGS1:01,mg,13,0.008008273981753213
C18_positive|IK:OVASVJPBDPJABT-UHFFFAOYSA-N,RandomForest_tuned,0.3066858489326763,4.441436340887249,Sinomonas atrocyanea,mg,14,0.007989600880642982
C18_positive|IK:OVASVJPBDPJABT-UHFFFAOYSA-N,RandomForest_tuned,0.3066858489326763,4.441436340887249,Spongiibacter sp. IMCC21906,mg,15,0.007877132185315048
C18_positive|IK:OVASVJPBDPJABT-UHFFFAOYSA-N,RandomForest_tuned,0.3066858489326763,4.441436340887249,Glutamicibacter arilaitensis,mg,16,0.007578898719827657
C18_positive|IK:OVASVJPBDPJABT-UHFFFAOYSA-N,RandomForest_tuned,0.3066858489326763,4.441436340887249,Micromonospora inositola,mg,17,0.006649170266892819
C18_positive|IK:OVASVJPBDPJABT-UHFFFAOYSA-N,RandomForest_tuned,0.3066858489326763,4.441436340887249,Rhodococcus sp. MTM3W5.2,mg,18,0.006642664184702716
C18_positive|IK:OVASVJPBDPJABT-UHFFFAOYSA-N,RandomForest_tuned,0.3066858489326763,4.441436340887249,Cellvibrio japonicus,mg,19,0.006161126367571793
C18_positive|IK:OVASVJPBDPJABT-UHFFFAOYSA-N,RandomForest_tuned,0.3066858489326763,4.441436340887249,Pseudolabrys taiwanensis,mg,20,0.006118869151344317
C18_positive|IK:OVASVJPBDPJABT-UHFFFAOYSA-N,RandomForest_tuned,0.3066858489326763,4.441436340887249,Phycicoccus dokdonensis,mg,21,0.006064971811695005
C18_positive|IK:OVASVJPBDPJABT-UHFFFAOYSA-N,RandomForest_tuned,0.3066858489326763,4.441436340887249,Frankia inefficax,mg,22,0.005841770749877515
C18_positive|IK:OVASVJPBDPJABT-UHFFFAOYSA-N,RandomForest_tuned,0.3066858489326763,4.441436340887249,Salinibacter ruber,mg,23,0.005670248892788241
C18_positive|IK:OVASVJPBDPJABT-UHFFFAOYSA-N,RandomForest_tuned,0.3066858489326763,4.441436340887249,Catenulispora acidiphila,mg,24,0.005663489618952366
C18_positive|IK:OVASVJPBDPJABT-UHFFFAOYSA-N,RandomForest_tuned,0.3066858489326763,4.441436340887249,Arthrobacter sp. DCT-5,mg,25,0.005630611844732655
C18_positive|IK:OVASVJPBDPJABT-UHFFFAOYSA-N,RandomForest_tuned,0.3066858489326763,4.441436340887249,Pseudomonas reinekei,mg,26,0.005562249585476273
C18_positive|IK:OVASVJPBDPJABT-UHFFFAOYSA-N,RandomForest_tuned,0.3066858489326763,4.441436340887249,Streptacidiphilus sp. DSM 106435,mg,27,0.005498516564675426
C18_positive|IK:OVASVJPBDPJABT-UHFFFAOYSA-N,RandomForest_tuned,0.3066858489326763,4.441436340887249,soil_total_N,soil,28,0.0053560426257667874
C18_positive|IK:OVASVJPBDPJABT-UHFFFAOYSA-N,RandomForest_tuned,0.3066858489326763,4.441436340887249,Arthrobacter alpinus,mg,29,0.005333761538458042
C18_positive|IK:OVASVJPBDPJABT-UHFFFAOYSA-N,RandomForest_tuned,0.3066858489326763,4.441436340887249,moist__Replicate 1 Mass Water / Mass Dry Soil %,soil,30,0.005323497648620289
C18_positive|IK:OVASVJPBDPJABT-UHFFFAOYSA-N,RandomForest_tuned,0.3066858489326763,4.441436340887249,Streptomyces vietnamensis,mg,31,0.005234546506072697
C18_positive|IK:OVASVJPBDPJABT-UHFFFAOYSA-N,RandomForest_tuned,0.3066858489326763,4.441436340887249,psize__Soil Silt Content %,soil,32,0.005226443070690574
C18_positive|IK:OVASVJPBDPJABT-UHFFFAOYSA-N,RandomForest_tuned,0.3066858489326763,4.441436340887249,Arthrobacter sp. Rue61a,mg,33,0.005196309880335312
C18_positive|IK:OVASVJPBDPJABT-UHFFFAOYSA-N,RandomForest_tuned,0.3066858489326763,4.441436340887249,Terriglobus roseus,mg,34,0.005115249054005007
C18_positive|IK:OVASVJPBDPJABT-UHFFFAOYSA-N,RandomForest_tuned,0.3066858489326763,4.441436340887249,Achromobacter sp. B7,mg,35,0.004982515268500975
C18_positive|IK:OVASVJPBDPJABT-UHFFFAOYSA-N,RandomForest_tuned,0.3066858489326763,4.441436340887249,Agromyces aureus,mg,36,0.004776640384023104
C18_positive|IK:OVASVJPBDPJABT-UHFFFAOYSA-N,RandomForest_tuned,0.3066858489326763,4.441436340887249,Streptomyces sp. WAC00288,mg,37,0.004421625581662281
C18_positive|IK:OVASVJPBDPJABT-UHFFFAOYSA-N,RandomForest_tuned,0.3066858489326763,4.441436340887249,Candidatus Solibacter usitatus,mg,38,0.004380203692628929
C18_positive|IK:OVASVJPBDPJABT-UHFFFAOYSA-N,RandomForest_tuned,0.3066858489326763,4.441436340887249,psize__Soil Sand Content %,soil,39,0.004212213023900642
C18_positive|IK:OVASVJPBDPJABT-UHFFFAOYSA-N,RandomForest_tuned,0.3066858489326763,4.441436340887249,Methanoculleus marisnigri,mg,40,0.004165639071250174
C18_positive|IK:OVASVJPBDPJABT-UHFFFAOYSA-N,RandomForest_tuned,0.3066858489326763,4.441436340887249,Microbacterium hominis,mg,41,0.004013847559689339
C18_positive|IK:OVASVJPBDPJABT-UHFFFAOYSA-N,RandomForest_tuned,0.3066858489326763,4.441436340887249,chem__LBC (mg/kg CaCO3/pH dry weight),soil,42,0.003992964194811473
C18_positive|IK:OVASVJPBDPJABT-UHFFFAOYSA-N,RandomForest_tuned,0.3066858489326763,4.441436340887249,Streptomyces xiamenensis,mg,43,0.0039773114697409405
C18_positive|IK:OVASVJPBDPJABT-UHFFFAOYSA-N,RandomForest_tuned,0.3066858489326763,4.441436340887249,Halodesulfurarchaeum formicicum,mg,44,0.0038723831572740636
C18_positive|IK:OVASVJPBDPJABT-UHFFFAOYSA-N,RandomForest_tuned,0.3066858489326763,4.441436340887249,Halothiobacillus neapolitanus,mg,45,0.0037404425862386332
C18_positive|IK:OVASVJPBDPJABT-UHFFFAOYSA-N,RandomForest_tuned,0.3066858489326763,4.441436340887249,Klebsiella pneumoniae,mg,46,0.0036871735910068214
C18_positive|IK:OVASVJPBDPJABT-UHFFFAOYSA-N,RandomForest_tuned,0.3066858489326763,4.441436340887249,Paenibacillus borealis,mg,47,0.0035021553686378696
C18_positive|IK:OVASVJPBDPJABT-UHFFFAOYSA-N,RandomForest_tuned,0.3066858489326763,4.441436340887249,Arthrobacter sp. YC-RL1,mg,48,0.003497052996986578
C18_positive|IK:OVASVJPBDPJABT-UHFFFAOYSA-N,RandomForest_tuned,0.3066858489326763,4.441436340887249,denit__Rate (microgN/kilogram dry weight soil/day),soil,49,0.0033723376808113864
C18_positive|IK:OVASVJPBDPJABT-UHFFFAOYSA-N,RandomForest_tuned,0.3066858489326763,4.441436340887249,Pseudomonas frederiksbergensis,mg,50,0.003351659202325395
HILICZ_positive|IK:KWIUHFFTVRNATP-UHFFFAOYSA-N,RandomForest_tuned,0.3046342622384647,6.889974852660872,Kitasatospora aureofaciens,mg,1,0.08510908625910067
HILICZ_positive|IK:KWIUHFFTVRNATP-UHFFFAOYSA-N,RandomForest_tuned,0.3046342622384647,6.889974852660872,Streptomyces sp. TLI_053,mg,2,0.06986125793649868
HILICZ_positive|IK:KWIUHFFTVRNATP-UHFFFAOYSA-N,RandomForest_tuned,0.3046342622384647,6.889974852660872,Kitasatospora sp. MMS16-BH015,mg,3,0.04791163568835489
HILICZ_positive|IK:KWIUHFFTVRNATP-UHFFFAOYSA-N,RandomForest_tuned,0.3046342622384647,6.889974852660872,Singulisphaera acidiphila,mg,4,0.03198205661829428
HILICZ_positive|IK:KWIUHFFTVRNATP-UHFFFAOYSA-N,RandomForest_tuned,0.3046342622384647,6.889974852660872,Streptosporangium sp. 'caverna',mg,5,0.02874247534337251
HILICZ_positive|IK:KWIUHFFTVRNATP-UHFFFAOYSA-N,RandomForest_tuned,0.3046342622384647,6.889974852660872,Ensifer adhaerens,mg,6,0.026965390978493427
HILICZ_positive|IK:KWIUHFFTVRNATP-UHFFFAOYSA-N,RandomForest_tuned,0.3046342622384647,6.889974852660872,Agromyces sp. 30A,mg,7,0.022860065236354265
HILICZ_positive|IK:KWIUHFFTVRNATP-UHFFFAOYSA-N,RandomForest_tuned,0.3046342622384647,6.889974852660872,Mesorhizobium ciceri,mg,8,0.022434018860705805
HILICZ_positive|IK:KWIUHFFTVRNATP-UHFFFAOYSA-N,RandomForest_tuned,0.3046342622384647,6.889974852660872,Kitasatospora setae,mg,9,0.021448863690132196
HILICZ_positive|IK:KWIUHFFTVRNATP-UHFFFAOYSA-N,RandomForest_tuned,0.3046342622384647,6.889974852660872,Clostridium beijerinckii,mg,10,0.019737008244525775
HILICZ_positive|IK:KWIUHFFTVRNATP-UHFFFAOYSA-N,RandomForest_tuned,0.3046342622384647,6.889974852660872,Phyllobacterium zundukense,mg,11,0.019295529965218876
HILICZ_positive|IK:KWIUHFFTVRNATP-UHFFFAOYSA-N,RandomForest_tuned,0.3046342622384647,6.889974852660872,Mesorhizobium sp. WSM1497,mg,12,0.01871896628767853
HILICZ_positive|IK:KWIUHFFTVRNATP-UHFFFAOYSA-N,RandomForest_tuned,0.3046342622384647,6.889974852660872,Clostridium estertheticum,mg,13,0.017117289854736616
HILICZ_positive|IK:KWIUHFFTVRNATP-UHFFFAOYSA-N,RandomForest_tuned,0.3046342622384647,6.889974852660872,Nakamurella panacisegetis,mg,14,0.01669368785858195
HILICZ_positive|IK:KWIUHFFTVRNATP-UHFFFAOYSA-N,RandomForest_tuned,0.3046342622384647,6.889974852660872,Agromyces aureus,mg,15,0.013811309638229609
HILICZ_positive|IK:KWIUHFFTVRNATP-UHFFFAOYSA-N,RandomForest_tuned,0.3046342622384647,6.889974852660872,Pseudonocardia dioxanivorans,mg,16,0.013137394762461568
HILICZ_positive|IK:KWIUHFFTVRNATP-UHFFFAOYSA-N,RandomForest_tuned,0.3046342622384647,6.889974852660872,Serratia proteamaculans,mg,17,0.012252753266470342
HILICZ_positive|IK:KWIUHFFTVRNATP-UHFFFAOYSA-N,RandomForest_tuned,0.3046342622384647,6.889974852660872,Pseudonocardia sp. HH130629-09,mg,18,0.011709122579447308
HILICZ_positive|IK:KWIUHFFTVRNATP-UHFFFAOYSA-N,RandomForest_tuned,0.3046342622384647,6.889974852660872,Gemmata sp. SH-PL17,mg,19,0.010895962788307031
HILICZ_positive|IK:KWIUHFFTVRNATP-UHFFFAOYSA-N,RandomForest_tuned,0.3046342622384647,6.889974852660872,Pseudonocardia sp. AL041005-10,mg,20,0.009572358391231278
HILICZ_positive|IK:KWIUHFFTVRNATP-UHFFFAOYSA-N,RandomForest_tuned,0.3046342622384647,6.889974852660872,Pseudonocardia sp. HH130630-07,mg,21,0.008816582930727896
HILICZ_positive|IK:KWIUHFFTVRNATP-UHFFFAOYSA-N,RandomForest_tuned,0.3046342622384647,6.889974852660872,Acinetobacter baumannii,mg,22,0.008712659121194849
HILICZ_positive|IK:KWIUHFFTVRNATP-UHFFFAOYSA-N,RandomForest_tuned,0.3046342622384647,6.889974852660872,Bacillus sonorensis,mg,23,0.008337490748040856
HILICZ_positive|IK:KWIUHFFTVRNATP-UHFFFAOYSA-N,RandomForest_tuned,0.3046342622384647,6.889974852660872,Rhodococcus sp. 008,mg,24,0.008317802939758274
HILICZ_positive|IK:KWIUHFFTVRNATP-UHFFFAOYSA-N,RandomForest_tuned,0.3046342622384647,6.889974852660872,Clostridium pasteurianum,mg,25,0.007859284453996357
HILICZ_positive|IK:KWIUHFFTVRNATP-UHFFFAOYSA-N,RandomForest_tuned,0.3046342622384647,6.889974852660872,Acinetobacter calcoaceticus,mg,26,0.007782282913243705
HILICZ_positive|IK:KWIUHFFTVRNATP-UHFFFAOYSA-N,RandomForest_tuned,0.3046342622384647,6.889974852660872,Micromonospora inositola,mg,27,0.006990187787665379
HILICZ_positive|IK:KWIUHFFTVRNATP-UHFFFAOYSA-N,RandomForest_tuned,0.3046342622384647,6.889974852660872,Clostridium carboxidivorans,mg,28,0.0067213748472880865
HILICZ_positive|IK:KWIUHFFTVRNATP-UHFFFAOYSA-N,RandomForest_tuned,0.3046342622384647,6.889974852660872,Acinetobacter pittii,mg,29,0.006371026130768363
HILICZ_positive|IK:KWIUHFFTVRNATP-UHFFFAOYSA-N,RandomForest_tuned,0.3046342622384647,6.889974852660872,Luteimonas sp. 100111,mg,30,0.00637071861627497
HILICZ_positive|IK:KWIUHFFTVRNATP-UHFFFAOYSA-N,RandomForest_tuned,0.3046342622384647,6.889974852660872,Aminobacter aminovorans,mg,31,0.005982225964066596
HILICZ_positive|IK:KWIUHFFTVRNATP-UHFFFAOYSA-N,RandomForest_tuned,0.3046342622384647,6.889974852660872,Streptacidiphilus sp. DSM 106435,mg,32,0.0058727189680586964
HILICZ_positive|IK:KWIUHFFTVRNATP-UHFFFAOYSA-N,RandomForest_tuned,0.3046342622384647,6.889974852660872,Mesorhizobium sp. DCY119,mg,33,0.005451583299778949
HILICZ_positive|IK:KWIUHFFTVRNATP-UHFFFAOYSA-N,RandomForest_tuned,0.3046342622384647,6.889974852660872,Microlunatus soli,mg,34,0.005447237386637781
HILICZ_positive|IK:KWIUHFFTVRNATP-UHFFFAOYSA-N,RandomForest_tuned,0.3046342622384647,6.889974852660872,Marinobacter sp. LQ44,mg,35,0.005004563698511585
HILICZ_positive|IK:KWIUHFFTVRNATP-UHFFFAOYSA-N,RandomForest_tuned,0.3046342622384647,6.889974852660872,Micromonospora siamensis,mg,36,0.004758565488960221
HILICZ_positive|IK:KWIUHFFTVRNATP-UHFFFAOYSA-N,RandomForest_tuned,0.3046342622384647,6.889974852660872,Clostridium acetobutylicum,mg,37,0.0045070767872998395
HILICZ_positive|IK:KWIUHFFTVRNATP-UHFFFAOYSA-N,RandomForest_tuned,0.3046342622384647,6.889974852660872,Isoptericola dokdonensis,mg,38,0.004059034861649479
HILICZ_positive|IK:KWIUHFFTVRNATP-UHFFFAOYSA-N,RandomForest_tuned,0.3046342622384647,6.889974852660872,Gemmata obscuriglobus,mg,39,0.004017008468941829
HILICZ_positive|IK:KWIUHFFTVRNATP-UHFFFAOYSA-N,RandomForest_tuned,0.3046342622384647,6.889974852660872,Clostridium kluyveri,mg,40,0.003805004194727587
HILICZ_positive|IK:KWIUHFFTVRNATP-UHFFFAOYSA-N,RandomForest_tuned,0.3046342622384647,6.889974852660872,Erythrobacter sp. Alg231-14,mg,41,0.003737492559717726
HILICZ_positive|IK:KWIUHFFTVRNATP-UHFFFAOYSA-N,RandomForest_tuned,0.3046342622384647,6.889974852660872,Streptomyces scabiei,mg,42,0.00367207905660299
HILICZ_positive|IK:KWIUHFFTVRNATP-UHFFFAOYSA-N,RandomForest_tuned,0.3046342622384647,6.889974852660872,Bdellovibrio bacteriovorus,mg,43,0.0035972219641766104
HILICZ_positive|IK:KWIUHFFTVRNATP-UHFFFAOYSA-N,RandomForest_tuned,0.3046342622384647,6.889974852660872,Clostridium isatidis,mg,44,0.003575285919293916
HILICZ_positive|IK:KWIUHFFTVRNATP-UHFFFAOYSA-N,RandomForest_tuned,0.3046342622384647,6.889974852660872,Mesorhizobium amorphae,mg,45,0.0033825735635148253
HILICZ_positive|IK:KWIUHFFTVRNATP-UHFFFAOYSA-N,RandomForest_tuned,0.3046342622384647,6.889974852660872,Zhihengliuella sp. ISTPL4,mg,46,0.003358749824204402
HILICZ_positive|IK:KWIUHFFTVRNATP-UHFFFAOYSA-N,RandomForest_tuned,0.3046342622384647,6.889974852660872,Pimelobacter simplex,mg,47,0.003308075888707008
HILICZ_positive|IK:KWIUHFFTVRNATP-UHFFFAOYSA-N,RandomForest_tuned,0.3046342622384647,6.889974852660872,Bacillus sp. X1(2014),mg,48,0.0032926691131177667
HILICZ_positive|IK:KWIUHFFTVRNATP-UHFFFAOYSA-N,RandomForest_tuned,0.3046342622384647,6.889974852660872,Mesorhizobium huakuii,mg,49,0.003283513612270695
HILICZ_positive|IK:KWIUHFFTVRNATP-UHFFFAOYSA-N,RandomForest_tuned,0.3046342622384647,6.889974852660872,Clostridium argentinense,mg,50,0.003226643157655948
HILICZ_negative|IK:QZZGJDVWLFXDLK-UHFFFAOYSA-N,ExtraTrees_tuned,0.2963603172435302,5.148350271540975,Psychrobacter sp. AntiMn-1,mg,1,0.007647016959515578
HILICZ_negative|IK:QZZGJDVWLFXDLK-UHFFFAOYSA-N,ExtraTrees_tuned,0.2963603172435302,5.148350271540975,Actinomyces sp. VUL4_3,mg,2,0.0067052588760125095
HILICZ_negative|IK:QZZGJDVWLFXDLK-UHFFFAOYSA-N,ExtraTrees_tuned,0.2963603172435302,5.148350271540975,Thermanaerovibrio velox,mg,3,0.005282755307170498
HILICZ_negative|IK:QZZGJDVWLFXDLK-UHFFFAOYSA-N,ExtraTrees_tuned,0.2963603172435302,5.148350271540975,Pelodictyon phaeoclathratiforme,mg,4,0.004564465304975811
HILICZ_negative|IK:QZZGJDVWLFXDLK-UHFFFAOYSA-N,ExtraTrees_tuned,0.2963603172435302,5.148350271540975,Corynebacterium mustelae,mg,5,0.004370238239669342
HILICZ_negative|IK:QZZGJDVWLFXDLK-UHFFFAOYSA-N,ExtraTrees_tuned,0.2963603172435302,5.148350271540975,Sediminispirochaeta smaragdinae,mg,6,0.004024363910820923
HILICZ_negative|IK:QZZGJDVWLFXDLK-UHFFFAOYSA-N,ExtraTrees_tuned,0.2963603172435302,5.148350271540975,Prosthecochloris sp. HL-130-GSB,mg,7,0.00398248898177312
HILICZ_negative|IK:QZZGJDVWLFXDLK-UHFFFAOYSA-N,ExtraTrees_tuned,0.2963603172435302,5.148350271540975,Halanaeroarchaeum sulfurireducens,mg,8,0.0037350551806654433
HILICZ_negative|IK:QZZGJDVWLFXDLK-UHFFFAOYSA-N,ExtraTrees_tuned,0.2963603172435302,5.148350271540975,Leadbetterella byssophila,mg,9,0.00372175429077509
HILICZ_negative|IK:QZZGJDVWLFXDLK-UHFFFAOYSA-N,ExtraTrees_tuned,0.2963603172435302,5.148350271540975,Methanoculleus marisnigri,mg,10,0.0035382641721761806
HILICZ_negative|IK:QZZGJDVWLFXDLK-UHFFFAOYSA-N,ExtraTrees_tuned,0.2963603172435302,5.148350271540975,Leptolyngbya boryana,mg,11,0.0035344430887786892
HILICZ_negative|IK:QZZGJDVWLFXDLK-UHFFFAOYSA-N,ExtraTrees_tuned,0.2963603172435302,5.148350271540975,Methylophaga nitratireducenticrescens,mg,12,0.0033729283547884775
HILICZ_negative|IK:QZZGJDVWLFXDLK-UHFFFAOYSA-N,ExtraTrees_tuned,0.2963603172435302,5.148350271540975,Streptomyces sp. CLI2509,mg,13,0.0032494007642582413
HILICZ_negative|IK:QZZGJDVWLFXDLK-UHFFFAOYSA-N,ExtraTrees_tuned,0.2963603172435302,5.148350271540975,Desulfocapsa sulfexigens,mg,14,0.0032027286630147644
HILICZ_negative|IK:QZZGJDVWLFXDLK-UHFFFAOYSA-N,ExtraTrees_tuned,0.2963603172435302,5.148350271540975,Halorubrum lacusprofundi,mg,15,0.0031691297543775285
HILICZ_negative|IK:QZZGJDVWLFXDLK-UHFFFAOYSA-N,ExtraTrees_tuned,0.2963603172435302,5.148350271540975,Corynebacterium sp. 2183,mg,16,0.0031403923347549725
HILICZ_negative|IK:QZZGJDVWLFXDLK-UHFFFAOYSA-N,ExtraTrees_tuned,0.2963603172435302,5.148350271540975,Neisseria sp. 10023,mg,17,0.003112569015685193
HILICZ_negative|IK:QZZGJDVWLFXDLK-UHFFFAOYSA-N,ExtraTrees_tuned,0.2963603172435302,5.148350271540975,Neisseria elongata,mg,18,0.0030902094254348905
HILICZ_negative|IK:QZZGJDVWLFXDLK-UHFFFAOYSA-N,ExtraTrees_tuned,0.2963603172435302,5.148350271540975,Pseudoalteromonas rubra,mg,19,0.0030682111866089912
HILICZ_negative|IK:QZZGJDVWLFXDLK-UHFFFAOYSA-N,ExtraTrees_tuned,0.2963603172435302,5.148350271540975,Bacteroides ovatus,mg,20,0.0029802097093651818
HILICZ_negative|IK:QZZGJDVWLFXDLK-UHFFFAOYSA-N,ExtraTrees_tuned,0.2963603172435302,5.148350271540975,Halohasta litchfieldiae,mg,21,0.0028129294427442285
HILICZ_negative|IK:QZZGJDVWLFXDLK-UHFFFAOYSA-N,ExtraTrees_tuned,0.2963603172435302,5.148350271540975,Streptomyces olivoreticuli,mg,22,0.002751095672277077
HILICZ_negative|IK:QZZGJDVWLFXDLK-UHFFFAOYSA-N,ExtraTrees_tuned,0.2963603172435302,5.148350271540975,Streptomyces sp. SCSIO 03032,mg,23,0.0026069968252354038
HILICZ_negative|IK:QZZGJDVWLFXDLK-UHFFFAOYSA-N,ExtraTrees_tuned,0.2963603172435302,5.148350271540975,Dickeya solani,mg,24,0.002525699251047287
HILICZ_negative|IK:QZZGJDVWLFXDLK-UHFFFAOYSA-N,ExtraTrees_tuned,0.2963603172435302,5.148350271540975,Streptomyces sp. CMB-StM0423,mg,25,0.0024899700023036124
HILICZ_negative|IK:QZZGJDVWLFXDLK-UHFFFAOYSA-N,ExtraTrees_tuned,0.2963603172435302,5.148350271540975,Kytococcus sedentarius,mg,26,0.0024886431581935754
HILICZ_negative|IK:QZZGJDVWLFXDLK-UHFFFAOYSA-N,ExtraTrees_tuned,0.2963603172435302,5.148350271540975,Halodesulfurarchaeum formicicum,mg,27,0.0024726487535822166
HILICZ_negative|IK:QZZGJDVWLFXDLK-UHFFFAOYSA-N,ExtraTrees_tuned,0.2963603172435302,5.148350271540975,Gloeocapsa sp. PCC 7428,mg,28,0.0023771141547146274
HILICZ_negative|IK:QZZGJDVWLFXDLK-UHFFFAOYSA-N,ExtraTrees_tuned,0.2963603172435302,5.148350271540975,Streptomyces xiamenensis,mg,29,0.002241398398628291
HILICZ_negative|IK:QZZGJDVWLFXDLK-UHFFFAOYSA-N,ExtraTrees_tuned,0.2963603172435302,5.148350271540975,Xanthomonas axonopodis,mg,30,0.0022226835294220063
HILICZ_negative|IK:QZZGJDVWLFXDLK-UHFFFAOYSA-N,ExtraTrees_tuned,0.2963603172435302,5.148350271540975,Streptomyces katrae,mg,31,0.0021703399895374553
HILICZ_negative|IK:QZZGJDVWLFXDLK-UHFFFAOYSA-N,ExtraTrees_tuned,0.2963603172435302,5.148350271540975,Amycolatopsis orientalis,mg,32,0.002163555866005711
HILICZ_negative|IK:QZZGJDVWLFXDLK-UHFFFAOYSA-N,ExtraTrees_tuned,0.2963603172435302,5.148350271540975,Sulfuritalea hydrogenivorans,mg,33,0.002140127538766971
HILICZ_negative|IK:QZZGJDVWLFXDLK-UHFFFAOYSA-N,ExtraTrees_tuned,0.2963603172435302,5.148350271540975,Mesorhizobium phage vB_MloP_Lo5R7ANS,mg,34,0.002082246358462407
HILICZ_negative|IK:QZZGJDVWLFXDLK-UHFFFAOYSA-N,ExtraTrees_tuned,0.2963603172435302,5.148350271540975,Micromonospora siamensis,mg,35,0.0020671880123608703
HILICZ_negative|IK:QZZGJDVWLFXDLK-UHFFFAOYSA-N,ExtraTrees_tuned,0.2963603172435302,5.148350271540975,Streptomyces sp. Tu6071,mg,36,0.0020327571160763712
HILICZ_negative|IK:QZZGJDVWLFXDLK-UHFFFAOYSA-N,ExtraTrees_tuned,0.2963603172435302,5.148350271540975,Endomicrobium proavitum,mg,37,0.0020320315146324062
HILICZ_negative|IK:QZZGJDVWLFXDLK-UHFFFAOYSA-N,ExtraTrees_tuned,0.2963603172435302,5.148350271540975,Micromonospora coxensis,mg,38,0.0020235859785623657
HILICZ_negative|IK:QZZGJDVWLFXDLK-UHFFFAOYSA-N,ExtraTrees_tuned,0.2963603172435302,5.148350271540975,Streptomyces globosus,mg,39,0.001950339695431312
HILICZ_negative|IK:QZZGJDVWLFXDLK-UHFFFAOYSA-N,ExtraTrees_tuned,0.2963603172435302,5.148350271540975,Streptomyces sp. Sge12,mg,40,0.001936409494155926
HILICZ_negative|IK:QZZGJDVWLFXDLK-UHFFFAOYSA-N,ExtraTrees_tuned,0.2963603172435302,5.148350271540975,Streptomyces albulus,mg,41,0.001843081077411614
HILICZ_negative|IK:QZZGJDVWLFXDLK-UHFFFAOYSA-N,ExtraTrees_tuned,0.2963603172435302,5.148350271540975,Rhizobium jaguaris,mg,42,0.0018249554739858107
HILICZ_negative|IK:QZZGJDVWLFXDLK-UHFFFAOYSA-N,ExtraTrees_tuned,0.2963603172435302,5.148350271540975,Methylotenera versatilis,mg,43,0.001822034853906819
HILICZ_negative|IK:QZZGJDVWLFXDLK-UHFFFAOYSA-N,ExtraTrees_tuned,0.2963603172435302,5.148350271540975,Arthrobacter sp. YC-RL1,mg,44,0.0017997390962993254
HILICZ_negative|IK:QZZGJDVWLFXDLK-UHFFFAOYSA-N,ExtraTrees_tuned,0.2963603172435302,5.148350271540975,Micromonospora purpureochromogenes,mg,45,0.0017612330892291378
HILICZ_negative|IK:QZZGJDVWLFXDLK-UHFFFAOYSA-N,ExtraTrees_tuned,0.2963603172435302,5.148350271540975,Streptacidiphilus sp. DSM 106435,mg,46,0.0017442211667781711
HILICZ_negative|IK:QZZGJDVWLFXDLK-UHFFFAOYSA-N,ExtraTrees_tuned,0.2963603172435302,5.148350271540975,Hymenobacter sp. DG25B,mg,47,0.0017273295251240767
HILICZ_negative|IK:QZZGJDVWLFXDLK-UHFFFAOYSA-N,ExtraTrees_tuned,0.2963603172435302,5.148350271540975,Thioploca ingrica,mg,48,0.0017172513256202082
HILICZ_negative|IK:QZZGJDVWLFXDLK-UHFFFAOYSA-N,ExtraTrees_tuned,0.2963603172435302,5.148350271540975,Tessaracoccus flavus,mg,49,0.001702400434238521
HILICZ_negative|IK:QZZGJDVWLFXDLK-UHFFFAOYSA-N,ExtraTrees_tuned,0.2963603172435302,5.148350271540975,Polynucleobacter wuianus,mg,50,0.0016943937061716066
C18_negative|IK:BJEPYKJPYRNKOW-REOHCLBHSA-N,RandomForest_tuned,0.2955879226309976,4.592078253116698,Pseudomonas sp. DY-1,mg,1,0.05409776144355262
C18_negative|IK:BJEPYKJPYRNKOW-REOHCLBHSA-N,RandomForest_tuned,0.2955879226309976,4.592078253116698,Pseudomonas sp. K2W31S-8,mg,2,0.05062160514214244
C18_negative|IK:BJEPYKJPYRNKOW-REOHCLBHSA-N,RandomForest_tuned,0.2955879226309976,4.592078253116698,Pseudomonas entomophila,mg,3,0.0466437847498346
C18_negative|IK:BJEPYKJPYRNKOW-REOHCLBHSA-N,RandomForest_tuned,0.2955879226309976,4.592078253116698,Pseudomonas sp. LH1G9,mg,4,0.04486841962932256
C18_negative|IK:BJEPYKJPYRNKOW-REOHCLBHSA-N,RandomForest_tuned,0.2955879226309976,4.592078253116698,Pseudomonas alcaliphila,mg,5,0.03802510259723428
C18_negative|IK:BJEPYKJPYRNKOW-REOHCLBHSA-N,RandomForest_tuned,0.2955879226309976,4.592078253116698,Pseudomonas granadensis,mg,6,0.0372006578126773
C18_negative|IK:BJEPYKJPYRNKOW-REOHCLBHSA-N,RandomForest_tuned,0.2955879226309976,4.592078253116698,Pseudomonas sp. s211(2017),mg,7,0.03134567619594548
C18_negative|IK:BJEPYKJPYRNKOW-REOHCLBHSA-N,RandomForest_tuned,0.2955879226309976,4.592078253116698,Pseudomonas sp. Z003-0.4C(8344-21),mg,8,0.028185586762107258
C18_negative|IK:BJEPYKJPYRNKOW-REOHCLBHSA-N,RandomForest_tuned,0.2955879226309976,4.592078253116698,Pseudomonas sp. B10,mg,9,0.026660557564558693
C18_negative|IK:BJEPYKJPYRNKOW-REOHCLBHSA-N,RandomForest_tuned,0.2955879226309976,4.592078253116698,Pseudomonas thivervalensis,mg,10,0.026162709832008375
C18_negative|IK:BJEPYKJPYRNKOW-REOHCLBHSA-N,RandomForest_tuned,0.2955879226309976,4.592078253116698,Raoultella ornithinolytica,mg,11,0.02315873400512314
C18_negative|IK:BJEPYKJPYRNKOW-REOHCLBHSA-N,RandomForest_tuned,0.2955879226309976,4.592078253116698,Pseudomonas sp. R11-23-07,mg,12,0.02279891871178044
C18_negative|IK:BJEPYKJPYRNKOW-REOHCLBHSA-N,RandomForest_tuned,0.2955879226309976,4.592078253116698,Pseudomonas sp. MYb193,mg,13,0.02274101850816057
C18_negative|IK:BJEPYKJPYRNKOW-REOHCLBHSA-N,RandomForest_tuned,0.2955879226309976,4.592078253116698,Pseudomonas sp. DR 5-09,mg,14,0.020940903324974183
C18_negative|IK:BJEPYKJPYRNKOW-REOHCLBHSA-N,RandomForest_tuned,0.2955879226309976,4.592078253116698,Pseudomonas moraviensis,mg,15,0.01956627425917437
C18_negative|IK:BJEPYKJPYRNKOW-REOHCLBHSA-N,RandomForest_tuned,0.2955879226309976,4.592078253116698,Pseudomonas kribbensis,mg,16,0.015450315421521704
C18_negative|IK:BJEPYKJPYRNKOW-REOHCLBHSA-N,RandomForest_tuned,0.2955879226309976,4.592078253116698,Pseudomonas sp. CC6-YY-74,mg,17,0.015314213081749134
C18_negative|IK:BJEPYKJPYRNKOW-REOHCLBHSA-N,RandomForest_tuned,0.2955879226309976,4.592078253116698,Pseudomonas fragi,mg,18,0.014596644929553775
C18_negative|IK:BJEPYKJPYRNKOW-REOHCLBHSA-N,RandomForest_tuned,0.2955879226309976,4.592078253116698,Dyella jiangningensis,mg,19,0.01396726610269903
C18_negative|IK:BJEPYKJPYRNKOW-REOHCLBHSA-N,RandomForest_tuned,0.2955879226309976,4.592078253116698,Dyella japonica,mg,20,0.013842351448425686
C18_negative|IK:BJEPYKJPYRNKOW-REOHCLBHSA-N,RandomForest_tuned,0.2955879226309976,4.592078253116698,Pseudomonas sp. JY-Q,mg,21,0.01280275486754061
C18_negative|IK:BJEPYKJPYRNKOW-REOHCLBHSA-N,RandomForest_tuned,0.2955879226309976,4.592078253116698,Luteibacter rhizovicinus,mg,22,0.010137686114869676
C18_negative|IK:BJEPYKJPYRNKOW-REOHCLBHSA-N,RandomForest_tuned,0.2955879226309976,4.592078253116698,Pseudomonas lurida,mg,23,0.00932137165549369
C18_negative|IK:BJEPYKJPYRNKOW-REOHCLBHSA-N,RandomForest_tuned,0.2955879226309976,4.592078253116698,Pseudomonas mendocina,mg,24,0.00837102249556255
C18_negative|IK:BJEPYKJPYRNKOW-REOHCLBHSA-N,RandomForest_tuned,0.2955879226309976,4.592078253116698,Pseudomonas mucidolens,mg,25,0.008079869193860171
C18_negative|IK:BJEPYKJPYRNKOW-REOHCLBHSA-N,RandomForest_tuned,0.2955879226309976,4.592078253116698,Pseudomonas sp. Os17,mg,26,0.008015125020568
C18_negative|IK:BJEPYKJPYRNKOW-REOHCLBHSA-N,RandomForest_tuned,0.2955879226309976,4.592078253116698,Pseudomonas resinovorans,mg,27,0.007986879881902676
C18_negative|IK:BJEPYKJPYRNKOW-REOHCLBHSA-N,RandomForest_tuned,0.2955879226309976,4.592078253116698,Pseudomonas brassicacearum,mg,28,0.007283864616829697
C18_negative|IK:BJEPYKJPYRNKOW-REOHCLBHSA-N,RandomForest_tuned,0.2955879226309976,4.592078253116698,soil_total_N,soil,29,0.006939069954484309
C18_negative|IK:BJEPYKJPYRNKOW-REOHCLBHSA-N,RandomForest_tuned,0.2955879226309976,4.592078253116698,Pseudomonas knackmussii,mg,30,0.006430979456674523
C18_negative|IK:BJEPYKJPYRNKOW-REOHCLBHSA-N,RandomForest_tuned,0.2955879226309976,4.592078253116698,Pseudomonas sp. R3-18-08,mg,31,0.005887147716963561
C18_negative|IK:BJEPYKJPYRNKOW-REOHCLBHSA-N,RandomForest_tuned,0.2955879226309976,4.592078253116698,Polynucleobacter difficilis,mg,32,0.005485813883886189
C18_negative|IK:BJEPYKJPYRNKOW-REOHCLBHSA-N,RandomForest_tuned,0.2955879226309976,4.592078253116698,Sulfuricella denitrificans,mg,33,0.005348855877359966
C18_negative|IK:BJEPYKJPYRNKOW-REOHCLBHSA-N,RandomForest_tuned,0.2955879226309976,4.592078253116698,Dickeya sp. NCPPB 3274,mg,34,0.005169713758064467
C18_negative|IK:BJEPYKJPYRNKOW-REOHCLBHSA-N,RandomForest_tuned,0.2955879226309976,4.592078253116698,Neorhizobium galegae,mg,35,0.005078713943835466
C18_negative|IK:BJEPYKJPYRNKOW-REOHCLBHSA-N,RandomForest_tuned,0.2955879226309976,4.592078253116698,Pseudomonas furukawaii,mg,36,0.005053284951597421
C18_negative|IK:BJEPYKJPYRNKOW-REOHCLBHSA-N,RandomForest_tuned,0.2955879226309976,4.592078253116698,Aromatoleum aromaticum,mg,37,0.004543599271949774
C18_negative|IK:BJEPYKJPYRNKOW-REOHCLBHSA-N,RandomForest_tuned,0.2955879226309976,4.592078253116698,Burkholderia pseudomallei,mg,38,0.004228577710799318
C18_negative|IK:BJEPYKJPYRNKOW-REOHCLBHSA-N,RandomForest_tuned,0.2955879226309976,4.592078253116698,Burkholderia pyrrocinia,mg,39,0.0041647593232970945
C18_negative|IK:BJEPYKJPYRNKOW-REOHCLBHSA-N,RandomForest_tuned,0.2955879226309976,4.592078253116698,soil_pH,soil,40,0.003946369111735128
C18_negative|IK:BJEPYKJPYRNKOW-REOHCLBHSA-N,RandomForest_tuned,0.2955879226309976,4.592078253116698,Paenibacillus riograndensis,mg,41,0.0039135273856695475
C18_negative|IK:BJEPYKJPYRNKOW-REOHCLBHSA-N,RandomForest_tuned,0.2955879226309976,4.592078253116698,Methyloversatilis sp. RAC08,mg,42,0.003907154569648344
C18_negative|IK:BJEPYKJPYRNKOW-REOHCLBHSA-N,RandomForest_tuned,0.2955879226309976,4.592078253116698,Methylotenera versatilis,mg,43,0.0038546462808749784
C18_negative|IK:BJEPYKJPYRNKOW-REOHCLBHSA-N,RandomForest_tuned,0.2955879226309976,4.592078253116698,Chloracidobacterium thermophilum,mg,44,0.003579538672955092
C18_negative|IK:BJEPYKJPYRNKOW-REOHCLBHSA-N,RandomForest_tuned,0.2955879226309976,4.592078253116698,Methylobacillus flagellatus,mg,45,0.003574063930250287
C18_negative|IK:BJEPYKJPYRNKOW-REOHCLBHSA-N,RandomForest_tuned,0.2955879226309976,4.592078253116698,Geobacter sp. M21,mg,46,0.003564532965887807
C18_negative|IK:BJEPYKJPYRNKOW-REOHCLBHSA-N,RandomForest_tuned,0.2955879226309976,4.592078253116698,Cystobacter fuscus,mg,47,0.0034528544301040934
C18_negative|IK:BJEPYKJPYRNKOW-REOHCLBHSA-N,RandomForest_tuned,0.2955879226309976,4.592078253116698,Hymenobacter nivis,mg,48,0.003404941207876906
C18_negative|IK:BJEPYKJPYRNKOW-REOHCLBHSA-N,RandomForest_tuned,0.2955879226309976,4.592078253116698,Rhizobium phage 16-3,mg,49,0.0033791043518321723
C18_negative|IK:BJEPYKJPYRNKOW-REOHCLBHSA-N,RandomForest_tuned,0.2955879226309976,4.592078253116698,Neisseria gonorrhoeae,mg,50,0.003318216904672976
C18_negative|IK:CKEXCBVNKRHAMX-UHFFFAOYSA-N,RandomForest_tuned,0.2954357970388315,4.402974006132096,Frondihabitans sp. PAMC 28766,mg,1,0.03998063036624765
C18_negative|IK:CKEXCBVNKRHAMX-UHFFFAOYSA-N,RandomForest_tuned,0.2954357970388315,4.402974006132096,Kocuria sp. BT304,mg,2,0.030172350987148874
C18_negative|IK:CKEXCBVNKRHAMX-UHFFFAOYSA-N,RandomForest_tuned,0.2954357970388315,4.402974006132096,Paludisphaera borealis,mg,3,0.0298146231496112
C18_negative|IK:CKEXCBVNKRHAMX-UHFFFAOYSA-N,RandomForest_tuned,0.2954357970388315,4.402974006132096,Brachybacterium saurashtrense,mg,4,0.02146339495216181
C18_negative|IK:CKEXCBVNKRHAMX-UHFFFAOYSA-N,RandomForest_tuned,0.2954357970388315,4.402974006132096,Kocuria palustris,mg,5,0.018622177777823285
C18_negative|IK:CKEXCBVNKRHAMX-UHFFFAOYSA-N,RandomForest_tuned,0.2954357970388315,4.402974006132096,Mobiluncus curtisii,mg,6,0.01640075537883341
C18_negative|IK:CKEXCBVNKRHAMX-UHFFFAOYSA-N,RandomForest_tuned,0.2954357970388315,4.402974006132096,Pseudolabrys taiwanensis,mg,7,0.015622352624051898
C18_negative|IK:CKEXCBVNKRHAMX-UHFFFAOYSA-N,RandomForest_tuned,0.2954357970388315,4.402974006132096,Kocuria turfanensis,mg,8,0.014935799887838443
C18_negative|IK:CKEXCBVNKRHAMX-UHFFFAOYSA-N,RandomForest_tuned,0.2954357970388315,4.402974006132096,Bifidobacterium longum,mg,9,0.014918575824324784
C18_negative|IK:CKEXCBVNKRHAMX-UHFFFAOYSA-N,RandomForest_tuned,0.2954357970388315,4.402974006132096,Planctomyces sp. SH-PL62,mg,10,0.012444510643877646
C18_negative|IK:CKEXCBVNKRHAMX-UHFFFAOYSA-N,RandomForest_tuned,0.2954357970388315,4.402974006132096,Nitrobacter hamburgensis,mg,11,0.012152610067015991
C18_negative|IK:CKEXCBVNKRHAMX-UHFFFAOYSA-N,RandomForest_tuned,0.2954357970388315,4.402974006132096,Bradyrhizobium sp. BTAi1,mg,12,0.011895985366280363
C18_negative|IK:CKEXCBVNKRHAMX-UHFFFAOYSA-N,RandomForest_tuned,0.2954357970388315,4.402974006132096,Micromonospora echinospora,mg,13,0.011626507647377172
C18_negative|IK:CKEXCBVNKRHAMX-UHFFFAOYSA-N,RandomForest_tuned,0.2954357970388315,4.402974006132096,Mycobacterium marseillense,mg,14,0.010999590539846452
C18_negative|IK:CKEXCBVNKRHAMX-UHFFFAOYSA-N,RandomForest_tuned,0.2954357970388315,4.402974006132096,Gottschalkia acidurici,mg,15,0.010850472467791106
C18_negative|IK:CKEXCBVNKRHAMX-UHFFFAOYSA-N,RandomForest_tuned,0.2954357970388315,4.402974006132096,Bradyrhizobium lablabi,mg,16,0.010307999250236677
C18_negative|IK:CKEXCBVNKRHAMX-UHFFFAOYSA-N,RandomForest_tuned,0.2954357970388315,4.402974006132096,Caulobacter vibrioides,mg,17,0.010074263611383747
C18_negative|IK:CKEXCBVNKRHAMX-UHFFFAOYSA-N,RandomForest_tuned,0.2954357970388315,4.402974006132096,Opitutus sp. GAS368,mg,18,0.009261165742974871
C18_negative|IK:CKEXCBVNKRHAMX-UHFFFAOYSA-N,RandomForest_tuned,0.2954357970388315,4.402974006132096,Methylosinus trichosporium,mg,19,0.009151126222403841
C18_negative|IK:CKEXCBVNKRHAMX-UHFFFAOYSA-N,RandomForest_tuned,0.2954357970388315,4.402974006132096,Saccharothrix espanaensis,mg,20,0.008838550387789796
C18_negative|IK:CKEXCBVNKRHAMX-UHFFFAOYSA-N,RandomForest_tuned,0.2954357970388315,4.402974006132096,Intrasporangium calvum,mg,21,0.008638975533890704
C18_negative|IK:CKEXCBVNKRHAMX-UHFFFAOYSA-N,RandomForest_tuned,0.2954357970388315,4.402974006132096,Gordonia sp. MMS17-SY073,mg,22,0.008546930525127512
C18_negative|IK:CKEXCBVNKRHAMX-UHFFFAOYSA-N,RandomForest_tuned,0.2954357970388315,4.402974006132096,Micromonospora krabiensis,mg,23,0.00804244709923966
C18_negative|IK:CKEXCBVNKRHAMX-UHFFFAOYSA-N,RandomForest_tuned,0.2954357970388315,4.402974006132096,Micromonospora chokoriensis,mg,24,0.00796611091465412
C18_negative|IK:CKEXCBVNKRHAMX-UHFFFAOYSA-N,RandomForest_tuned,0.2954357970388315,4.402974006132096,Actinomyces sp. oral taxon 414,mg,25,0.007671559538025719
C18_negative|IK:CKEXCBVNKRHAMX-UHFFFAOYSA-N,RandomForest_tuned,0.2954357970388315,4.402974006132096,Methylocystis sp. SC2,mg,26,0.007559502486924696
C18_negative|IK:CKEXCBVNKRHAMX-UHFFFAOYSA-N,RandomForest_tuned,0.2954357970388315,4.402974006132096,Cryobacterium sp. LW097,mg,27,0.007435757963627546
C18_negative|IK:CKEXCBVNKRHAMX-UHFFFAOYSA-N,RandomForest_tuned,0.2954357970388315,4.402974006132096,Catenulispora acidiphila,mg,28,0.007145671181837177
C18_negative|IK:CKEXCBVNKRHAMX-UHFFFAOYSA-N,RandomForest_tuned,0.2954357970388315,4.402974006132096,Rhodococcus qingshengii,mg,29,0.006798320531420275
C18_negative|IK:CKEXCBVNKRHAMX-UHFFFAOYSA-N,RandomForest_tuned,0.2954357970388315,4.402974006132096,Plantactinospora sp. KBS50,mg,30,0.006496446845274575
C18_negative|IK:CKEXCBVNKRHAMX-UHFFFAOYSA-N,RandomForest_tuned,0.2954357970388315,4.402974006132096,Sodalis glossinidius,mg,31,0.0061691913228907385
C18_negative|IK:CKEXCBVNKRHAMX-UHFFFAOYSA-N,RandomForest_tuned,0.2954357970388315,4.402974006132096,Rhodococcus hoagii,mg,32,0.006013451523971124
C18_negative|IK:CKEXCBVNKRHAMX-UHFFFAOYSA-N,RandomForest_tuned,0.2954357970388315,4.402974006132096,Caulobacter segnis,mg,33,0.00561725254168551
C18_negative|IK:CKEXCBVNKRHAMX-UHFFFAOYSA-N,RandomForest_tuned,0.2954357970388315,4.402974006132096,Streptomyces sp. SCSIO 03032,mg,34,0.005498099813452697
C18_negative|IK:CKEXCBVNKRHAMX-UHFFFAOYSA-N,RandomForest_tuned,0.2954357970388315,4.402974006132096,Methylocystis rosea,mg,35,0.005461977093702925
C18_negative|IK:CKEXCBVNKRHAMX-UHFFFAOYSA-N,RandomForest_tuned,0.2954357970388315,4.402974006132096,Burkholderia mallei,mg,36,0.005435225994139877
C18_negative|IK:CKEXCBVNKRHAMX-UHFFFAOYSA-N,RandomForest_tuned,0.2954357970388315,4.402974006132096,Streptomyces virus R4,mg,37,0.005248080170513585
C18_negative|IK:CKEXCBVNKRHAMX-UHFFFAOYSA-N,RandomForest_tuned,0.2954357970388315,4.402974006132096,Aeromonas salmonicida,mg,38,0.005234647958752337
C18_negative|IK:CKEXCBVNKRHAMX-UHFFFAOYSA-N,RandomForest_tuned,0.2954357970388315,4.402974006132096,Saccharopolyspora erythraea,mg,39,0.005119463565732277
C18_negative|IK:CKEXCBVNKRHAMX-UHFFFAOYSA-N,RandomForest_tuned,0.2954357970388315,4.402974006132096,Sulfitobacter sp. SK011,mg,40,0.0051125534293480785
C18_negative|IK:CKEXCBVNKRHAMX-UHFFFAOYSA-N,RandomForest_tuned,0.2954357970388315,4.402974006132096,Arsenicicoccus sp. oral taxon 190,mg,41,0.005074316280502689
C18_negative|IK:CKEXCBVNKRHAMX-UHFFFAOYSA-N,RandomForest_tuned,0.2954357970388315,4.402974006132096,Actinomyces sp. Z16,mg,42,0.00505489941496024
C18_negative|IK:CKEXCBVNKRHAMX-UHFFFAOYSA-N,RandomForest_tuned,0.2954357970388315,4.402974006132096,Escherichia coli,mg,43,0.004999769172543811
C18_negative|IK:CKEXCBVNKRHAMX-UHFFFAOYSA-N,RandomForest_tuned,0.2954357970388315,4.402974006132096,Saccharomonospora azurea,mg,44,0.0049710825150205366
C18_negative|IK:CKEXCBVNKRHAMX-UHFFFAOYSA-N,RandomForest_tuned,0.2954357970388315,4.402974006132096,Thermobispora bispora,mg,45,0.004911557892306502
C18_negative|IK:CKEXCBVNKRHAMX-UHFFFAOYSA-N,RandomForest_tuned,0.2954357970388315,4.402974006132096,Paenibacillus borealis,mg,46,0.004800388605855693
C18_negative|IK:CKEXCBVNKRHAMX-UHFFFAOYSA-N,RandomForest_tuned,0.2954357970388315,4.402974006132096,Bradyrhizobium sp. ORS 285,mg,47,0.004723697732672172
C18_negative|IK:CKEXCBVNKRHAMX-UHFFFAOYSA-N,RandomForest_tuned,0.2954357970388315,4.402974006132096,Phycicoccus dokdonensis,mg,48,0.004600716746012158
C18_negative|IK:CKEXCBVNKRHAMX-UHFFFAOYSA-N,RandomForest_tuned,0.2954357970388315,4.402974006132096,Lacunisphaera limnophila,mg,49,0.004526230027906764
C18_negative|IK:CKEXCBVNKRHAMX-UHFFFAOYSA-N,RandomForest_tuned,0.2954357970388315,4.402974006132096,Lentzea guizhouensis,mg,50,0.004486042724397655
C18_negative|IK:KDYFGRWQOYBRFD-UHFFFAOYSA-N,XGBoost_tuned,0.2945069597226509,4.798710124267635,Kitasatospora setae,mg,1,0.04829239845275879
C18_negative|IK:KDYFGRWQOYBRFD-UHFFFAOYSA-N,XGBoost_tuned,0.2945069597226509,4.798710124267635,Bordetella pertussis,mg,2,0.044423963874578476
C18_negative|IK:KDYFGRWQOYBRFD-UHFFFAOYSA-N,XGBoost_tuned,0.2945069597226509,4.798710124267635,Kitasatospora sp. MMS16-BH015,mg,3,0.042300667613744736
C18_negative|IK:KDYFGRWQOYBRFD-UHFFFAOYSA-N,XGBoost_tuned,0.2945069597226509,4.798710124267635,Pseudomonas reinekei,mg,4,0.02797563560307026
C18_negative|IK:KDYFGRWQOYBRFD-UHFFFAOYSA-N,XGBoost_tuned,0.2945069597226509,4.798710124267635,Kitasatospora aureofaciens,mg,5,0.02499319799244404
C18_negative|IK:KDYFGRWQOYBRFD-UHFFFAOYSA-N,XGBoost_tuned,0.2945069597226509,4.798710124267635,Streptomyces sp. TLI_053,mg,6,0.0248629879206419
C18_negative|IK:KDYFGRWQOYBRFD-UHFFFAOYSA-N,XGBoost_tuned,0.2945069597226509,4.798710124267635,Pseudomonas sp. 7SR1,mg,7,0.024743173271417618
C18_negative|IK:KDYFGRWQOYBRFD-UHFFFAOYSA-N,XGBoost_tuned,0.2945069597226509,4.798710124267635,Pseudomonas mosselii,mg,8,0.017802299931645393
C18_negative|IK:KDYFGRWQOYBRFD-UHFFFAOYSA-N,XGBoost_tuned,0.2945069597226509,4.798710124267635,Methylobacillus flagellatus,mg,9,0.01650719717144966
C18_negative|IK:KDYFGRWQOYBRFD-UHFFFAOYSA-N,XGBoost_tuned,0.2945069597226509,4.798710124267635,Celeribacter manganoxidans,mg,10,0.015611833892762661
C18_negative|IK:KDYFGRWQOYBRFD-UHFFFAOYSA-N,XGBoost_tuned,0.2945069597226509,4.798710124267635,Pseudomonas sp. CMR12a,mg,11,0.015300820581614971
C18_negative|IK:KDYFGRWQOYBRFD-UHFFFAOYSA-N,XGBoost_tuned,0.2945069597226509,4.798710124267635,Pseudomonas sp. DY-1,mg,12,0.013069096021354198
C18_negative|IK:KDYFGRWQOYBRFD-UHFFFAOYSA-N,XGBoost_tuned,0.2945069597226509,4.798710124267635,Pseudomonas lini,mg,13,0.013040632009506226
C18_negative|IK:KDYFGRWQOYBRFD-UHFFFAOYSA-N,XGBoost_tuned,0.2945069597226509,4.798710124267635,Acidihalobacter ferrooxidans,mg,14,0.01260110642760992
C18_negative|IK:KDYFGRWQOYBRFD-UHFFFAOYSA-N,XGBoost_tuned,0.2945069597226509,4.798710124267635,Brevundimonas naejangsanensis,mg,15,0.012580791488289833
C18_negative|IK:KDYFGRWQOYBRFD-UHFFFAOYSA-N,XGBoost_tuned,0.2945069597226509,4.798710124267635,Pseudomonas entomophila,mg,16,0.012148712761700153
C18_negative|IK:KDYFGRWQOYBRFD-UHFFFAOYSA-N,XGBoost_tuned,0.2945069597226509,4.798710124267635,Dickeya chrysanthemi,mg,17,0.011967668309807777
C18_negative|IK:KDYFGRWQOYBRFD-UHFFFAOYSA-N,XGBoost_tuned,0.2945069597226509,4.798710124267635,Chryseolinea sp. KIS68-18,mg,18,0.011710034683346748
C18_negative|IK:KDYFGRWQOYBRFD-UHFFFAOYSA-N,XGBoost_tuned,0.2945069597226509,4.798710124267635,Pseudomonas putida,mg,19,0.010769522748887539
C18_negative|IK:KDYFGRWQOYBRFD-UHFFFAOYSA-N,XGBoost_tuned,0.2945069597226509,4.798710124267635,Pseudomonas fragi,mg,20,0.010150786489248276
C18_negative|IK:KDYFGRWQOYBRFD-UHFFFAOYSA-N,XGBoost_tuned,0.2945069597226509,4.798710124267635,Agromyces aureus,mg,21,0.009650450199842453
C18_negative|IK:KDYFGRWQOYBRFD-UHFFFAOYSA-N,XGBoost_tuned,0.2945069597226509,4.798710124267635,Pseudomonas frederiksbergensis,mg,22,0.009367323480546474
C18_negative|IK:KDYFGRWQOYBRFD-UHFFFAOYSA-N,XGBoost_tuned,0.2945069597226509,4.798710124267635,Janthinobacterium sp. LM6,mg,23,0.008937825448811054
C18_negative|IK:KDYFGRWQOYBRFD-UHFFFAOYSA-N,XGBoost_tuned,0.2945069597226509,4.798710124267635,Caulobacter flavus,mg,24,0.00828184001147747
C18_negative|IK:KDYFGRWQOYBRFD-UHFFFAOYSA-N,XGBoost_tuned,0.2945069597226509,4.798710124267635,Neorhizobium sp. NCHU2750,mg,25,0.00821905117481947
C18_negative|IK:KDYFGRWQOYBRFD-UHFFFAOYSA-N,XGBoost_tuned,0.2945069597226509,4.798710124267635,Herminiimonas arsenicoxydans,mg,26,0.007496545556932688
C18_negative|IK:KDYFGRWQOYBRFD-UHFFFAOYSA-N,XGBoost_tuned,0.2945069597226509,4.798710124267635,Mesorhizobium ciceri,mg,27,0.007464869879186153
C18_negative|IK:KDYFGRWQOYBRFD-UHFFFAOYSA-N,XGBoost_tuned,0.2945069597226509,4.798710124267635,Aeromicrobium sp. A1-2,mg,28,0.007405272219330072
C18_negative|IK:KDYFGRWQOYBRFD-UHFFFAOYSA-N,XGBoost_tuned,0.2945069597226509,4.798710124267635,Niastella koreensis,mg,29,0.007279318757355213
C18_negative|IK:KDYFGRWQOYBRFD-UHFFFAOYSA-N,XGBoost_tuned,0.2945069597226509,4.798710124267635,Novosphingobium sp. P6W,mg,30,0.007171156350523233
C18_negative|IK:KDYFGRWQOYBRFD-UHFFFAOYSA-N,XGBoost_tuned,0.2945069597226509,4.798710124267635,Pseudomonas avellanae,mg,31,0.006964085157960653
C18_negative|IK:KDYFGRWQOYBRFD-UHFFFAOYSA-N,XGBoost_tuned,0.2945069597226509,4.798710124267635,Acidovorax ebreus,mg,32,0.006892687641084194
C18_negative|IK:KDYFGRWQOYBRFD-UHFFFAOYSA-N,XGBoost_tuned,0.2945069597226509,4.798710124267635,Pedobacter cryoconitis,mg,33,0.006835931912064552
C18_negative|IK:KDYFGRWQOYBRFD-UHFFFAOYSA-N,XGBoost_tuned,0.2945069597226509,4.798710124267635,Massilia sp. NR 4-1,mg,34,0.006545450538396835
C18_negative|IK:KDYFGRWQOYBRFD-UHFFFAOYSA-N,XGBoost_tuned,0.2945069597226509,4.798710124267635,Microbacterium foliorum,mg,35,0.00654127262532711
C18_negative|IK:KDYFGRWQOYBRFD-UHFFFAOYSA-N,XGBoost_tuned,0.2945069597226509,4.798710124267635,Modestobacter marinus,mg,36,0.006493613589555025
C18_negative|IK:KDYFGRWQOYBRFD-UHFFFAOYSA-N,XGBoost_tuned,0.2945069597226509,4.798710124267635,Pseudomonas alcaliphila,mg,37,0.00644370261579752
C18_negative|IK:KDYFGRWQOYBRFD-UHFFFAOYSA-N,XGBoost_tuned,0.2945069597226509,4.798710124267635,Flavobacterium sp. HYN0059,mg,38,0.0064074150286614895
C18_negative|IK:KDYFGRWQOYBRFD-UHFFFAOYSA-N,XGBoost_tuned,0.2945069597226509,4.798710124267635,Enterobacter sp. FY-07,mg,39,0.006234587635844946
C18_negative|IK:KDYFGRWQOYBRFD-UHFFFAOYSA-N,XGBoost_tuned,0.2945069597226509,4.798710124267635,Pseudomonas knackmussii,mg,40,0.006112054456025362
C18_negative|IK:KDYFGRWQOYBRFD-UHFFFAOYSA-N,XGBoost_tuned,0.2945069597226509,4.798710124267635,Methylotenera versatilis,mg,41,0.006036889739334583
C18_negative|IK:KDYFGRWQOYBRFD-UHFFFAOYSA-N,XGBoost_tuned,0.2945069597226509,4.798710124267635,Cupriavidus pauculus,mg,42,0.006023035384714603
C18_negative|IK:KDYFGRWQOYBRFD-UHFFFAOYSA-N,XGBoost_tuned,0.2945069597226509,4.798710124267635,Mesorhizobium sp. WSM1497,mg,43,0.005966160912066698
C18_negative|IK:KDYFGRWQOYBRFD-UHFFFAOYSA-N,XGBoost_tuned,0.2945069597226509,4.798710124267635,Clostridium saccharobutylicum,mg,44,0.005945289973169565
C18_negative|IK:KDYFGRWQOYBRFD-UHFFFAOYSA-N,XGBoost_tuned,0.2945069597226509,4.798710124267635,Chryseobacterium glaciei,mg,45,0.005885500460863113
C18_negative|IK:KDYFGRWQOYBRFD-UHFFFAOYSA-N,XGBoost_tuned,0.2945069597226509,4.798710124267635,Corallococcus coralloides,mg,46,0.005792245734483004
C18_negative|IK:KDYFGRWQOYBRFD-UHFFFAOYSA-N,XGBoost_tuned,0.2945069597226509,4.798710124267635,Actinoplanes friuliensis,mg,47,0.005589696578681469
C18_negative|IK:KDYFGRWQOYBRFD-UHFFFAOYSA-N,XGBoost_tuned,0.2945069597226509,4.798710124267635,Variovorax paradoxus,mg,48,0.005428892094641924
C18_negative|IK:KDYFGRWQOYBRFD-UHFFFAOYSA-N,XGBoost_tuned,0.2945069597226509,4.798710124267635,Amycolatopsis keratiniphila,mg,49,0.005374054424464703
C18_negative|IK:KDYFGRWQOYBRFD-UHFFFAOYSA-N,XGBoost_tuned,0.2945069597226509,4.798710124267635,Xanthomonas campestris,mg,50,0.005113039165735245
C18_negative|IK:LJCWONGJFPCTTL-ZETCQYMHSA-N,XGBoost_tuned,0.2937865410298621,5.228822315731197,chem__P (Mehlich 1 mg/kg dry weight),soil,1,0.06900191307067871
C18_negative|IK:LJCWONGJFPCTTL-ZETCQYMHSA-N,XGBoost_tuned,0.2937865410298621,5.228822315731197,Catenulispora acidiphila,mg,2,0.04656807333230972
C18_negative|IK:LJCWONGJFPCTTL-ZETCQYMHSA-N,XGBoost_tuned,0.2937865410298621,5.228822315731197,Agromyces flavus,mg,3,0.041216880083084106
C18_negative|IK:LJCWONGJFPCTTL-ZETCQYMHSA-N,XGBoost_tuned,0.2937865410298621,5.228822315731197,soil_total_N,soil,4,0.03999605402350426
C18_negative|IK:LJCWONGJFPCTTL-ZETCQYMHSA-N,XGBoost_tuned,0.2937865410298621,5.228822315731197,Candidatus Solibacter usitatus,mg,5,0.03915240988135338
C18_negative|IK:LJCWONGJFPCTTL-ZETCQYMHSA-N,XGBoost_tuned,0.2937865410298621,5.228822315731197,chem__Mg (Mehlich 1 mg/kg dry weight),soil,6,0.038540326058864594
C18_negative|IK:LJCWONGJFPCTTL-ZETCQYMHSA-N,XGBoost_tuned,0.2937865410298621,5.228822315731197,Sphingomonas koreensis,mg,7,0.036082636564970016
C18_negative|IK:LJCWONGJFPCTTL-ZETCQYMHSA-N,XGBoost_tuned,0.2937865410298621,5.228822315731197,Flavobacterium psychrophilum,mg,8,0.035372424870729446
C18_negative|IK:LJCWONGJFPCTTL-ZETCQYMHSA-N,XGBoost_tuned,0.2937865410298621,5.228822315731197,Bradyrhizobium sp.,mg,9,0.034230493009090424
C18_negative|IK:LJCWONGJFPCTTL-ZETCQYMHSA-N,XGBoost_tuned,0.2937865410298621,5.228822315731197,Agromyces aureus,mg,10,0.03190362825989723
C18_negative|IK:LJCWONGJFPCTTL-ZETCQYMHSA-N,XGBoost_tuned,0.2937865410298621,5.228822315731197,Marmoricola scoriae,mg,11,0.031137831509113312
C18_negative|IK:LJCWONGJFPCTTL-ZETCQYMHSA-N,XGBoost_tuned,0.2937865410298621,5.228822315731197,Mesorhizobium oceanicum,mg,12,0.02617037668824196
C18_negative|IK:LJCWONGJFPCTTL-ZETCQYMHSA-N,XGBoost_tuned,0.2937865410298621,5.228822315731197,moist__Replicate 1 Mass Water / Mass Dry Soil %,soil,13,0.024946074932813644
C18_negative|IK:LJCWONGJFPCTTL-ZETCQYMHSA-N,XGBoost_tuned,0.2937865410298621,5.228822315731197,Paraburkholderia caledonica,mg,14,0.022525301203131676
C18_negative|IK:LJCWONGJFPCTTL-ZETCQYMHSA-N,XGBoost_tuned,0.2937865410298621,5.228822315731197,Hoeflea phototrophica,mg,15,0.02012602612376213
C18_negative|IK:LJCWONGJFPCTTL-ZETCQYMHSA-N,XGBoost_tuned,0.2937865410298621,5.228822315731197,Mycolicibacterium rhodesiae,mg,16,0.019776402041316032
C18_negative|IK:LJCWONGJFPCTTL-ZETCQYMHSA-N,XGBoost_tuned,0.2937865410298621,5.228822315731197,Acidovorax sp. 1608163,mg,17,0.019181564450263977
C18_negative|IK:LJCWONGJFPCTTL-ZETCQYMHSA-N,XGBoost_tuned,0.2937865410298621,5.228822315731197,Bacteroides dorei,mg,18,0.01824670284986496
C18_negative|IK:LJCWONGJFPCTTL-ZETCQYMHSA-N,XGBoost_tuned,0.2937865410298621,5.228822315731197,Pseudomonas sp. GR 6-02,mg,19,0.01779935136437416
C18_negative|IK:LJCWONGJFPCTTL-ZETCQYMHSA-N,XGBoost_tuned,0.2937865410298621,5.228822315731197,Mycobacteroides chelonae,mg,20,0.01736564189195633
C18_negative|IK:LJCWONGJFPCTTL-ZETCQYMHSA-N,XGBoost_tuned,0.2937865410298621,5.228822315731197,Aminobacter aminovorans,mg,21,0.01723191700875759
C18_negative|IK:LJCWONGJFPCTTL-ZETCQYMHSA-N,XGBoost_tuned,0.2937865410298621,5.228822315731197,Kribbella flavida,mg,22,0.01719086430966854
C18_negative|IK:LJCWONGJFPCTTL-ZETCQYMHSA-N,XGBoost_tuned,0.2937865410298621,5.228822315731197,Kitasatospora sp. MMS16-BH015,mg,23,0.017159273847937584
C18_negative|IK:LJCWONGJFPCTTL-ZETCQYMHSA-N,XGBoost_tuned,0.2937865410298621,5.228822315731197,Enterobacteriaceae bacterium w17,mg,24,0.015901805832982063
C18_negative|IK:LJCWONGJFPCTTL-ZETCQYMHSA-N,XGBoost_tuned,0.2937865410298621,5.228822315731197,Nostoc punctiforme,mg,25,0.015672288835048676
C18_negative|IK:LJCWONGJFPCTTL-ZETCQYMHSA-N,XGBoost_tuned,0.2937865410298621,5.228822315731197,Mycobacterium sp. MS1601,mg,26,0.014661523513495922
C18_negative|IK:LJCWONGJFPCTTL-ZETCQYMHSA-N,XGBoost_tuned,0.2937865410298621,5.228822315731197,Streptosporangium roseum,mg,27,0.013978477567434311
C18_negative|IK:LJCWONGJFPCTTL-ZETCQYMHSA-N,XGBoost_tuned,0.2937865410298621,5.228822315731197,Nitratireductor sp. OM-1,mg,28,0.012040335685014725
C18_negative|IK:LJCWONGJFPCTTL-ZETCQYMHSA-N,XGBoost_tuned,0.2937865410298621,5.228822315731197,Blastococcus saxobsidens,mg,29,0.01025411207228899
C18_negative|IK:LJCWONGJFPCTTL-ZETCQYMHSA-N,XGBoost_tuned,0.2937865410298621,5.228822315731197,Streptomyces pratensis,mg,30,0.009168882854282856
C18_negative|IK:LJCWONGJFPCTTL-ZETCQYMHSA-N,XGBoost_tuned,0.2937865410298621,5.228822315731197,Sphingobium sp. YG1,mg,31,0.008840588852763176
C18_negative|IK:LJCWONGJFPCTTL-ZETCQYMHSA-N,XGBoost_tuned,0.2937865410298621,5.228822315731197,denit__Rate (microgN/kilogram dry weight soil/day),soil,32,0.008691618219017982
C18_negative|IK:LJCWONGJFPCTTL-ZETCQYMHSA-N,XGBoost_tuned,0.2937865410298621,5.228822315731197,nitrif__Rate (mg NO3-N/kilogram dry weight soil/day),soil,33,0.008666533045470715
C18_negative|IK:LJCWONGJFPCTTL-ZETCQYMHSA-N,XGBoost_tuned,0.2937865410298621,5.228822315731197,Mycobacterium sp. YC-RL4,mg,34,0.008626632392406464
C18_negative|IK:LJCWONGJFPCTTL-ZETCQYMHSA-N,XGBoost_tuned,0.2937865410298621,5.228822315731197,Xanthomonas axonopodis,mg,35,0.008335794322192669
C18_negative|IK:LJCWONGJFPCTTL-ZETCQYMHSA-N,XGBoost_tuned,0.2937865410298621,5.228822315731197,Ensifer adhaerens,mg,36,0.007799997925758362
C18_negative|IK:LJCWONGJFPCTTL-ZETCQYMHSA-N,XGBoost_tuned,0.2937865410298621,5.228822315731197,Myxococcus macrosporus,mg,37,0.007005184888839722
C18_negative|IK:LJCWONGJFPCTTL-ZETCQYMHSA-N,XGBoost_tuned,0.2937865410298621,5.228822315731197,Rhodoferax koreense,mg,38,0.0065029882825911045
C18_negative|IK:LJCWONGJFPCTTL-ZETCQYMHSA-N,XGBoost_tuned,0.2937865410298621,5.228822315731197,chem__K (Mehlich 1 mg/kg dry weight),soil,39,0.00570307020097971
C18_negative|IK:LJCWONGJFPCTTL-ZETCQYMHSA-N,XGBoost_tuned,0.2937865410298621,5.228822315731197,Halotalea alkalilenta,mg,40,0.005555301904678345
C18_negative|IK:LJCWONGJFPCTTL-ZETCQYMHSA-N,XGBoost_tuned,0.2937865410298621,5.228822315731197,Serratia marcescens,mg,41,0.004798308480530977
C18_negative|IK:LJCWONGJFPCTTL-ZETCQYMHSA-N,XGBoost_tuned,0.2937865410298621,5.228822315731197,Streptomyces atratus,mg,42,0.004715271759778261
C18_negative|IK:LJCWONGJFPCTTL-ZETCQYMHSA-N,XGBoost_tuned,0.2937865410298621,5.228822315731197,Polaromonas sp. JS666,mg,43,0.004459542687982321
C18_negative|IK:LJCWONGJFPCTTL-ZETCQYMHSA-N,XGBoost_tuned,0.2937865410298621,5.228822315731197,Agrobacterium tumefaciens,mg,44,0.004323847591876984
C18_negative|IK:LJCWONGJFPCTTL-ZETCQYMHSA-N,XGBoost_tuned,0.2937865410298621,5.228822315731197,Neisseriaceae bacterium DSM 100970,mg,45,0.004289041273295879
C18_negative|IK:LJCWONGJFPCTTL-ZETCQYMHSA-N,XGBoost_tuned,0.2937865410298621,5.228822315731197,Sinorhizobium medicae,mg,46,0.003955704625695944
C18_negative|IK:LJCWONGJFPCTTL-ZETCQYMHSA-N,XGBoost_tuned,0.2937865410298621,5.228822315731197,Pseudomonas sp. URMO17WK12:I11,mg,47,0.003730426775291562
C18_negative|IK:LJCWONGJFPCTTL-ZETCQYMHSA-N,XGBoost_tuned,0.2937865410298621,5.228822315731197,Hymenobacter nivis,mg,48,0.003711311612278223
C18_negative|IK:LJCWONGJFPCTTL-ZETCQYMHSA-N,XGBoost_tuned,0.2937865410298621,5.228822315731197,Streptomyces fulvissimus,mg,49,0.0036339014768600464
C18_negative|IK:LJCWONGJFPCTTL-ZETCQYMHSA-N,XGBoost_tuned,0.2937865410298621,5.228822315731197,Cronobacter universalis,mg,50,0.0031972993165254593
HILICZ_negative|IK:AAWZDTNXLSGCEK-LNVDRNJUSA-N,ExtraTrees_tuned,0.29011614931328,6.180251245530389,Polynucleobacter asymbioticus,mg,1,0.061104153875977396
HILICZ_negative|IK:AAWZDTNXLSGCEK-LNVDRNJUSA-N,ExtraTrees_tuned,0.29011614931328,6.180251245530389,Actinomyces sp. VUL4_3,mg,2,0.042228276699712276
HILICZ_negative|IK:AAWZDTNXLSGCEK-LNVDRNJUSA-N,ExtraTrees_tuned,0.29011614931328,6.180251245530389,Wolbachia endosymbiont of Brugia malayi,mg,3,0.037171769078631636
HILICZ_negative|IK:AAWZDTNXLSGCEK-LNVDRNJUSA-N,ExtraTrees_tuned,0.29011614931328,6.180251245530389,Shewanella sediminis,mg,4,0.025127110377167288
HILICZ_negative|IK:AAWZDTNXLSGCEK-LNVDRNJUSA-N,ExtraTrees_tuned,0.29011614931328,6.180251245530389,Prevotella intermedia,mg,5,0.01459892303545097
HILICZ_negative|IK:AAWZDTNXLSGCEK-LNVDRNJUSA-N,ExtraTrees_tuned,0.29011614931328,6.180251245530389,Wolbachia endosymbiont of Drosophila melanogaster,mg,6,0.009889838560262838
HILICZ_negative|IK:AAWZDTNXLSGCEK-LNVDRNJUSA-N,ExtraTrees_tuned,0.29011614931328,6.180251245530389,Sulfurihydrogenibium sp. YO3AOP1,mg,7,0.0089059201804295
HILICZ_negative|IK:AAWZDTNXLSGCEK-LNVDRNJUSA-N,ExtraTrees_tuned,0.29011614931328,6.180251245530389,Buchnera aphidicola,mg,8,0.008105834671068379
HILICZ_negative|IK:AAWZDTNXLSGCEK-LNVDRNJUSA-N,ExtraTrees_tuned,0.29011614931328,6.180251245530389,Streptomyces sp. SCSIO 03032,mg,9,0.008075416101719477
HILICZ_negative|IK:AAWZDTNXLSGCEK-LNVDRNJUSA-N,ExtraTrees_tuned,0.29011614931328,6.180251245530389,Bifidobacterium angulatum,mg,10,0.007686383214533845
HILICZ_negative|IK:AAWZDTNXLSGCEK-LNVDRNJUSA-N,ExtraTrees_tuned,0.29011614931328,6.180251245530389,Fluviicola taffensis,mg,11,0.007040543978707173
HILICZ_negative|IK:AAWZDTNXLSGCEK-LNVDRNJUSA-N,ExtraTrees_tuned,0.29011614931328,6.180251245530389,Prevotella denticola,mg,12,0.00703073191630592
HILICZ_negative|IK:AAWZDTNXLSGCEK-LNVDRNJUSA-N,ExtraTrees_tuned,0.29011614931328,6.180251245530389,Maribacter sp. T28,mg,13,0.0066863187602523265
HILICZ_negative|IK:AAWZDTNXLSGCEK-LNVDRNJUSA-N,ExtraTrees_tuned,0.29011614931328,6.180251245530389,Leadbetterella byssophila,mg,14,0.00661836338992285
HILICZ_negative|IK:AAWZDTNXLSGCEK-LNVDRNJUSA-N,ExtraTrees_tuned,0.29011614931328,6.180251245530389,Corynebacterium camporealensis,mg,15,0.006248017172947381
HILICZ_negative|IK:AAWZDTNXLSGCEK-LNVDRNJUSA-N,ExtraTrees_tuned,0.29011614931328,6.180251245530389,Streptomyces katrae,mg,16,0.006067556407032516
HILICZ_negative|IK:AAWZDTNXLSGCEK-LNVDRNJUSA-N,ExtraTrees_tuned,0.29011614931328,6.180251245530389,Vibrio gazogenes,mg,17,0.005936772479284483
HILICZ_negative|IK:AAWZDTNXLSGCEK-LNVDRNJUSA-N,ExtraTrees_tuned,0.29011614931328,6.180251245530389,Mycolicibacterium rhodesiae,mg,18,0.00527401953749913
HILICZ_negative|IK:AAWZDTNXLSGCEK-LNVDRNJUSA-N,ExtraTrees_tuned,0.29011614931328,6.180251245530389,Mycobacterium sp. JLS,mg,19,0.0048729882751805875
HILICZ_negative|IK:AAWZDTNXLSGCEK-LNVDRNJUSA-N,ExtraTrees_tuned,0.29011614931328,6.180251245530389,Sediminispirochaeta smaragdinae,mg,20,0.004870676434356356
HILICZ_negative|IK:AAWZDTNXLSGCEK-LNVDRNJUSA-N,ExtraTrees_tuned,0.29011614931328,6.180251245530389,Hymenobacter sp. PAMC 26554,mg,21,0.004821500340528398
HILICZ_negative|IK:AAWZDTNXLSGCEK-LNVDRNJUSA-N,ExtraTrees_tuned,0.29011614931328,6.180251245530389,Gloeomargarita lithophora,mg,22,0.004665820773624406
HILICZ_negative|IK:AAWZDTNXLSGCEK-LNVDRNJUSA-N,ExtraTrees_tuned,0.29011614931328,6.180251245530389,Streptomyces sp. CNQ-509,mg,23,0.004507334756353215
HILICZ_negative|IK:AAWZDTNXLSGCEK-LNVDRNJUSA-N,ExtraTrees_tuned,0.29011614931328,6.180251245530389,Bordetella parapertussis,mg,24,0.004417355322320277
HILICZ_negative|IK:AAWZDTNXLSGCEK-LNVDRNJUSA-N,ExtraTrees_tuned,0.29011614931328,6.180251245530389,Mycolicibacterium vanbaalenii,mg,25,0.004361540916356405
HILICZ_negative|IK:AAWZDTNXLSGCEK-LNVDRNJUSA-N,ExtraTrees_tuned,0.29011614931328,6.180251245530389,Bdellovibrio bacteriovorus,mg,26,0.0035246948149501183
HILICZ_negative|IK:AAWZDTNXLSGCEK-LNVDRNJUSA-N,ExtraTrees_tuned,0.29011614931328,6.180251245530389,Mycolicibacterium aurum,mg,27,0.003522461397035945
HILICZ_negative|IK:AAWZDTNXLSGCEK-LNVDRNJUSA-N,ExtraTrees_tuned,0.29011614931328,6.180251245530389,Candidatus Koribacter versatilis,mg,28,0.003483472748656279
HILICZ_negative|IK:AAWZDTNXLSGCEK-LNVDRNJUSA-N,ExtraTrees_tuned,0.29011614931328,6.180251245530389,Pseudoalteromonas rubra,mg,29,0.0034667765531349102
HILICZ_negative|IK:AAWZDTNXLSGCEK-LNVDRNJUSA-N,ExtraTrees_tuned,0.29011614931328,6.180251245530389,Leptolyngbya boryana,mg,30,0.00337916676990618
HILICZ_negative|IK:AAWZDTNXLSGCEK-LNVDRNJUSA-N,ExtraTrees_tuned,0.29011614931328,6.180251245530389,Calothrix brevissima,mg,31,0.003318169973436671
HILICZ_negative|IK:AAWZDTNXLSGCEK-LNVDRNJUSA-N,ExtraTrees_tuned,0.29011614931328,6.180251245530389,Treponema caldarium,mg,32,0.003243076113756897
HILICZ_negative|IK:AAWZDTNXLSGCEK-LNVDRNJUSA-N,ExtraTrees_tuned,0.29011614931328,6.180251245530389,Streptomyces xiamenensis,mg,33,0.003219757609019838
HILICZ_negative|IK:AAWZDTNXLSGCEK-LNVDRNJUSA-N,ExtraTrees_tuned,0.29011614931328,6.180251245530389,Pseudomonas avellanae,mg,34,0.0031952585710447105
HILICZ_negative|IK:AAWZDTNXLSGCEK-LNVDRNJUSA-N,ExtraTrees_tuned,0.29011614931328,6.180251245530389,Acetobacter pasteurianus,mg,35,0.0031501764830148046
HILICZ_negative|IK:AAWZDTNXLSGCEK-LNVDRNJUSA-N,ExtraTrees_tuned,0.29011614931328,6.180251245530389,Komagataeibacter saccharivorans,mg,36,0.0030811914633357192
HILICZ_negative|IK:AAWZDTNXLSGCEK-LNVDRNJUSA-N,ExtraTrees_tuned,0.29011614931328,6.180251245530389,Pedobacter cryoconitis,mg,37,0.003025718393326874
HILICZ_negative|IK:AAWZDTNXLSGCEK-LNVDRNJUSA-N,ExtraTrees_tuned,0.29011614931328,6.180251245530389,Acidobacteriaceae bacterium SBC82,mg,38,0.003002745720724572
HILICZ_negative|IK:AAWZDTNXLSGCEK-LNVDRNJUSA-N,ExtraTrees_tuned,0.29011614931328,6.180251245530389,Bacillus sp. FJAT-42376,mg,39,0.002902016685525603
HILICZ_negative|IK:AAWZDTNXLSGCEK-LNVDRNJUSA-N,ExtraTrees_tuned,0.29011614931328,6.180251245530389,Streptomyces sp. Mg1,mg,40,0.002864900964656515
HILICZ_negative|IK:AAWZDTNXLSGCEK-LNVDRNJUSA-N,ExtraTrees_tuned,0.29011614931328,6.180251245530389,Mycolicibacterium smegmatis,mg,41,0.002771017332111068
HILICZ_negative|IK:AAWZDTNXLSGCEK-LNVDRNJUSA-N,ExtraTrees_tuned,0.29011614931328,6.180251245530389,Neisseria weaveri,mg,42,0.0026940584947561476
HILICZ_negative|IK:AAWZDTNXLSGCEK-LNVDRNJUSA-N,ExtraTrees_tuned,0.29011614931328,6.180251245530389,Streptococcus pneumoniae,mg,43,0.0026911875376282447
HILICZ_negative|IK:AAWZDTNXLSGCEK-LNVDRNJUSA-N,ExtraTrees_tuned,0.29011614931328,6.180251245530389,Pseudomonas sp. VLB120,mg,44,0.0026470304933403793
HILICZ_negative|IK:AAWZDTNXLSGCEK-LNVDRNJUSA-N,ExtraTrees_tuned,0.29011614931328,6.180251245530389,Streptomyces globosus,mg,45,0.002645341960298436
HILICZ_negative|IK:AAWZDTNXLSGCEK-LNVDRNJUSA-N,ExtraTrees_tuned,0.29011614931328,6.180251245530389,Mycolicibacterium vaccae,mg,46,0.002642244469019642
HILICZ_negative|IK:AAWZDTNXLSGCEK-LNVDRNJUSA-N,ExtraTrees_tuned,0.29011614931328,6.180251245530389,Mycolicibacterium phlei,mg,47,0.0026399606408662886
HILICZ_negative|IK:AAWZDTNXLSGCEK-LNVDRNJUSA-N,ExtraTrees_tuned,0.29011614931328,6.180251245530389,Pseudomonas lini,mg,48,0.002634801859962158
HILICZ_negative|IK:AAWZDTNXLSGCEK-LNVDRNJUSA-N,ExtraTrees_tuned,0.29011614931328,6.180251245530389,Mycobacterium sp. djl-10,mg,49,0.0025978583101515635
HILICZ_negative|IK:AAWZDTNXLSGCEK-LNVDRNJUSA-N,ExtraTrees_tuned,0.29011614931328,6.180251245530389,Mycobacterium sp. MS1601,mg,50,0.002543286460990028
C18_negative|NAME:,XGBoost_tuned,0.2789907333866536,0.723370684638854,Kitasatospora sp. MMS16-BH015,mg,1,0.03679687902331352
C18_negative|NAME:,XGBoost_tuned,0.2789907333866536,0.723370684638854,Kitasatospora setae,mg,2,0.03352135792374611
C18_negative|NAME:,XGBoost_tuned,0.2789907333866536,0.723370684638854,Streptacidiphilus sp. DSM 106435,mg,3,0.031731121242046356
C18_negative|NAME:,XGBoost_tuned,0.2789907333866536,0.723370684638854,Kitasatospora aureofaciens,mg,4,0.03114473819732666
C18_negative|NAME:,XGBoost_tuned,0.2789907333866536,0.723370684638854,Streptomyces sp. TLI_053,mg,5,0.03046024963259697
C18_negative|NAME:,XGBoost_tuned,0.2789907333866536,0.723370684638854,Hymenobacter sp. DG25B,mg,6,0.018746430054306984
C18_negative|NAME:,XGBoost_tuned,0.2789907333866536,0.723370684638854,Sinomonas atrocyanea,mg,7,0.018561357632279396
C18_negative|NAME:,XGBoost_tuned,0.2789907333866536,0.723370684638854,Salinibacterium sp. CGMCC 1.16371,mg,8,0.017068935558199883
C18_negative|NAME:,XGBoost_tuned,0.2789907333866536,0.723370684638854,Pseudomonas umsongensis,mg,9,0.015681812539696693
C18_negative|NAME:,XGBoost_tuned,0.2789907333866536,0.723370684638854,Aromatoleum aromaticum,mg,10,0.014915013685822487
C18_negative|NAME:,XGBoost_tuned,0.2789907333866536,0.723370684638854,Mycolicibacterium vaccae,mg,11,0.013852447271347046
C18_negative|NAME:,XGBoost_tuned,0.2789907333866536,0.723370684638854,Pseudomonas phage phiPsa374,mg,12,0.012565589509904385
C18_negative|NAME:,XGBoost_tuned,0.2789907333866536,0.723370684638854,Paraburkholderia phymatum,mg,13,0.012134650722146034
C18_negative|NAME:,XGBoost_tuned,0.2789907333866536,0.723370684638854,Janthinobacterium sp. LM6,mg,14,0.011320874094963074
C18_negative|NAME:,XGBoost_tuned,0.2789907333866536,0.723370684638854,Roseobacter denitrificans,mg,15,0.01102603878825903
C18_negative|NAME:,XGBoost_tuned,0.2789907333866536,0.723370684638854,Marinobacter sp. LQ44,mg,16,0.010987342335283756
C18_negative|NAME:,XGBoost_tuned,0.2789907333866536,0.723370684638854,Sphingobium japonicum,mg,17,0.00955404806882143
C18_negative|NAME:,XGBoost_tuned,0.2789907333866536,0.723370684638854,Pseudomonas sp. TMW 2.1634,mg,18,0.009509854018688202
C18_negative|NAME:,XGBoost_tuned,0.2789907333866536,0.723370684638854,Pedobacter cryoconitis,mg,19,0.009361864998936653
C18_negative|NAME:,XGBoost_tuned,0.2789907333866536,0.723370684638854,Pantoea rwandensis,mg,20,0.009313298389315605
C18_negative|NAME:,XGBoost_tuned,0.2789907333866536,0.723370684638854,Actinoplanes friuliensis,mg,21,0.008906136266887188
C18_negative|NAME:,XGBoost_tuned,0.2789907333866536,0.723370684638854,Niastella koreensis,mg,22,0.008348215371370316
C18_negative|NAME:,XGBoost_tuned,0.2789907333866536,0.723370684638854,Pseudomonas avellanae,mg,23,0.00819405633956194
C18_negative|NAME:,XGBoost_tuned,0.2789907333866536,0.723370684638854,Caulobacter vibrioides,mg,24,0.00809914618730545
C18_negative|NAME:,XGBoost_tuned,0.2789907333866536,0.723370684638854,Cupriavidus basilensis,mg,25,0.007837770506739616
C18_negative|NAME:,XGBoost_tuned,0.2789907333866536,0.723370684638854,Chryseolinea sp. KIS68-18,mg,26,0.007571800146251917
C18_negative|NAME:,XGBoost_tuned,0.2789907333866536,0.723370684638854,Streptomyces xiamenensis,mg,27,0.007501894608139992
C18_negative|NAME:,XGBoost_tuned,0.2789907333866536,0.723370684638854,Novosphingobium sp. PP1Y,mg,28,0.0072067128494381905
C18_negative|NAME:,XGBoost_tuned,0.2789907333866536,0.723370684638854,Mycolicibacterium rhodesiae,mg,29,0.007137439213693142
C18_negative|NAME:,XGBoost_tuned,0.2789907333866536,0.723370684638854,Zhihengliuella sp. ISTPL4,mg,30,0.007020567078143358
C18_negative|NAME:,XGBoost_tuned,0.2789907333866536,0.723370684638854,Cupriavidus metallidurans,mg,31,0.006959063932299614
C18_negative|NAME:,XGBoost_tuned,0.2789907333866536,0.723370684638854,chem__Mg (Mehlich 1 mg/kg dry weight),soil,32,0.0068040997721254826
C18_negative|NAME:,XGBoost_tuned,0.2789907333866536,0.723370684638854,Pseudomonas lini,mg,33,0.0066373227164149284
C18_negative|NAME:,XGBoost_tuned,0.2789907333866536,0.723370684638854,Actinomyces hongkongensis,mg,34,0.006453119684010744
C18_negative|NAME:,XGBoost_tuned,0.2789907333866536,0.723370684638854,Methylibium petroleiphilum,mg,35,0.006259952671825886
C18_negative|NAME:,XGBoost_tuned,0.2789907333866536,0.723370684638854,Lentzea guizhouensis,mg,36,0.0056478786282241344
C18_negative|NAME:,XGBoost_tuned,0.2789907333866536,0.723370684638854,Mycobacterium sp. EPa45,mg,37,0.005412566941231489
C18_negative|NAME:,XGBoost_tuned,0.2789907333866536,0.723370684638854,Lelliottia sp. WB101,mg,38,0.005372262094169855
C18_negative|NAME:,XGBoost_tuned,0.2789907333866536,0.723370684638854,Mesorhizobium huakuii,mg,39,0.005358921363949776
C18_negative|NAME:,XGBoost_tuned,0.2789907333866536,0.723370684638854,Mycobacterium sp. WY10,mg,40,0.005254417657852173
C18_negative|NAME:,XGBoost_tuned,0.2789907333866536,0.723370684638854,Altererythrobacter sp. B11,mg,41,0.005138791166245937
C18_negative|NAME:,XGBoost_tuned,0.2789907333866536,0.723370684638854,Mesorhizobium japonicum,mg,42,0.004986668936908245
C18_negative|NAME:,XGBoost_tuned,0.2789907333866536,0.723370684638854,Actinomyces radicidentis,mg,43,0.004986294079571962
C18_negative|NAME:,XGBoost_tuned,0.2789907333866536,0.723370684638854,Pseudomonas sp. S-6-2,mg,44,0.004859768785536289
C18_negative|NAME:,XGBoost_tuned,0.2789907333866536,0.723370684638854,Stenotrophomonas sp. ZAC14A_NAIMI4_1,mg,45,0.00479502510279417
C18_negative|NAME:,XGBoost_tuned,0.2789907333866536,0.723370684638854,Streptomyces ambofaciens,mg,46,0.00479098642244935
C18_negative|NAME:,XGBoost_tuned,0.2789907333866536,0.723370684638854,Pseudomonas entomophila,mg,47,0.004651084076613188
C18_negative|NAME:,XGBoost_tuned,0.2789907333866536,0.723370684638854,Pseudomonas frederiksbergensis,mg,48,0.004493057727813721
C18_negative|NAME:,XGBoost_tuned,0.2789907333866536,0.723370684638854,Sinorhizobium sp. CCBAU 05631,mg,49,0.004363196901977062
C18_negative|NAME:,XGBoost_tuned,0.2789907333866536,0.723370684638854,Fluviicola taffensis,mg,50,0.004317108076065779
HILICZ_negative|IK:JVQYSWDUAOAHFM-UHFFFAOYSA-N,RandomForest_tuned,0.2718556179858636,5.814119694685766,Streptomyces virus R4,mg,1,0.011757894002644214
HILICZ_negative|IK:JVQYSWDUAOAHFM-UHFFFAOYSA-N,RandomForest_tuned,0.2718556179858636,5.814119694685766,Paludisphaera borealis,mg,2,0.011047376714389191
HILICZ_negative|IK:JVQYSWDUAOAHFM-UHFFFAOYSA-N,RandomForest_tuned,0.2718556179858636,5.814119694685766,Alcanivorax sp. N3-2A,mg,3,0.010065612889866567
HILICZ_negative|IK:JVQYSWDUAOAHFM-UHFFFAOYSA-N,RandomForest_tuned,0.2718556179858636,5.814119694685766,Amycolatopsis methanolica,mg,4,0.009892334798021154
HILICZ_negative|IK:JVQYSWDUAOAHFM-UHFFFAOYSA-N,RandomForest_tuned,0.2718556179858636,5.814119694685766,Saccharomonospora marina,mg,5,0.008779499812352909
HILICZ_negative|IK:JVQYSWDUAOAHFM-UHFFFAOYSA-N,RandomForest_tuned,0.2718556179858636,5.814119694685766,Acidothermus cellulolyticus,mg,6,0.008761370295142927
HILICZ_negative|IK:JVQYSWDUAOAHFM-UHFFFAOYSA-N,RandomForest_tuned,0.2718556179858636,5.814119694685766,Frankia alni,mg,7,0.008661505317819986
HILICZ_negative|IK:JVQYSWDUAOAHFM-UHFFFAOYSA-N,RandomForest_tuned,0.2718556179858636,5.814119694685766,Amycolatopsis sp. AA4,mg,8,0.008653333368700642
HILICZ_negative|IK:JVQYSWDUAOAHFM-UHFFFAOYSA-N,RandomForest_tuned,0.2718556179858636,5.814119694685766,Streptomyces virus Caliburn,mg,9,0.008462133224165348
HILICZ_negative|IK:JVQYSWDUAOAHFM-UHFFFAOYSA-N,RandomForest_tuned,0.2718556179858636,5.814119694685766,Nocardiopsis alba,mg,10,0.00837778030548924
HILICZ_negative|IK:JVQYSWDUAOAHFM-UHFFFAOYSA-N,RandomForest_tuned,0.2718556179858636,5.814119694685766,Planctomyces sp. SH-PL62,mg,11,0.008109632603974938
HILICZ_negative|IK:JVQYSWDUAOAHFM-UHFFFAOYSA-N,RandomForest_tuned,0.2718556179858636,5.814119694685766,Streptomyces globosus,mg,12,0.008109440491079223
HILICZ_negative|IK:JVQYSWDUAOAHFM-UHFFFAOYSA-N,RandomForest_tuned,0.2718556179858636,5.814119694685766,Streptosporangium roseum,mg,13,0.007983769342353907
HILICZ_negative|IK:JVQYSWDUAOAHFM-UHFFFAOYSA-N,RandomForest_tuned,0.2718556179858636,5.814119694685766,Halomonas sp. JS92-SW72,mg,14,0.00770273035879155
HILICZ_negative|IK:JVQYSWDUAOAHFM-UHFFFAOYSA-N,RandomForest_tuned,0.2718556179858636,5.814119694685766,Nakamurella panacisegetis,mg,15,0.007525216564853452
HILICZ_negative|IK:JVQYSWDUAOAHFM-UHFFFAOYSA-N,RandomForest_tuned,0.2718556179858636,5.814119694685766,Actinopolymorpha singaporensis,mg,16,0.006995145648772713
HILICZ_negative|IK:JVQYSWDUAOAHFM-UHFFFAOYSA-N,RandomForest_tuned,0.2718556179858636,5.814119694685766,Streptomyces cattleya,mg,17,0.006907103668915615
HILICZ_negative|IK:JVQYSWDUAOAHFM-UHFFFAOYSA-N,RandomForest_tuned,0.2718556179858636,5.814119694685766,Streptomyces phage phiHau3,mg,18,0.0065813473797125994
HILICZ_negative|IK:JVQYSWDUAOAHFM-UHFFFAOYSA-N,RandomForest_tuned,0.2718556179858636,5.814119694685766,Frankia symbiont of Datisca glomerata,mg,19,0.006532178680024345
HILICZ_negative|IK:JVQYSWDUAOAHFM-UHFFFAOYSA-N,RandomForest_tuned,0.2718556179858636,5.814119694685766,Actinomadura amylolytica,mg,20,0.006435553088855305
HILICZ_negative|IK:JVQYSWDUAOAHFM-UHFFFAOYSA-N,RandomForest_tuned,0.2718556179858636,5.814119694685766,Thermobifida fusca,mg,21,0.006295757874722601
HILICZ_negative|IK:JVQYSWDUAOAHFM-UHFFFAOYSA-N,RandomForest_tuned,0.2718556179858636,5.814119694685766,Allokutzneria albata,mg,22,0.006269724633486286
HILICZ_negative|IK:JVQYSWDUAOAHFM-UHFFFAOYSA-N,RandomForest_tuned,0.2718556179858636,5.814119694685766,Nonomuraea sp. ATCC 55076,mg,23,0.006116876090611258
HILICZ_negative|IK:JVQYSWDUAOAHFM-UHFFFAOYSA-N,RandomForest_tuned,0.2718556179858636,5.814119694685766,Frankia sp. QA3,mg,24,0.005988525945881282
HILICZ_negative|IK:JVQYSWDUAOAHFM-UHFFFAOYSA-N,RandomForest_tuned,0.2718556179858636,5.814119694685766,Saccharothrix espanaensis,mg,25,0.005903918244723051
HILICZ_negative|IK:JVQYSWDUAOAHFM-UHFFFAOYSA-N,RandomForest_tuned,0.2718556179858636,5.814119694685766,Nocardiopsis dassonvillei,mg,26,0.005772941172413032
HILICZ_negative|IK:JVQYSWDUAOAHFM-UHFFFAOYSA-N,RandomForest_tuned,0.2718556179858636,5.814119694685766,Sulfitobacter sp. AM1-D1,mg,27,0.005738100069888578
HILICZ_negative|IK:JVQYSWDUAOAHFM-UHFFFAOYSA-N,RandomForest_tuned,0.2718556179858636,5.814119694685766,Frankia casuarinae,mg,28,0.005704050052125305
HILICZ_negative|IK:JVQYSWDUAOAHFM-UHFFFAOYSA-N,RandomForest_tuned,0.2718556179858636,5.814119694685766,Streptomyces sp. Mg1,mg,29,0.0054547474467789995
HILICZ_negative|IK:JVQYSWDUAOAHFM-UHFFFAOYSA-N,RandomForest_tuned,0.2718556179858636,5.814119694685766,Aminobacter aminovorans,mg,30,0.005417966987238274
HILICZ_negative|IK:JVQYSWDUAOAHFM-UHFFFAOYSA-N,RandomForest_tuned,0.2718556179858636,5.814119694685766,Kibdelosporangium phytohabitans,mg,31,0.005413051076431909
HILICZ_negative|IK:JVQYSWDUAOAHFM-UHFFFAOYSA-N,RandomForest_tuned,0.2718556179858636,5.814119694685766,Burkholderia lata,mg,32,0.005376658892274948
HILICZ_negative|IK:JVQYSWDUAOAHFM-UHFFFAOYSA-N,RandomForest_tuned,0.2718556179858636,5.814119694685766,Streptomyces sp. fd1-xmd,mg,33,0.005332712594437996
HILICZ_negative|IK:JVQYSWDUAOAHFM-UHFFFAOYSA-N,RandomForest_tuned,0.2718556179858636,5.814119694685766,Singulisphaera acidiphila,mg,34,0.005284024396507098
HILICZ_negative|IK:JVQYSWDUAOAHFM-UHFFFAOYSA-N,RandomForest_tuned,0.2718556179858636,5.814119694685766,Kutzneria albida,mg,35,0.005264978594110335
HILICZ_negative|IK:JVQYSWDUAOAHFM-UHFFFAOYSA-N,RandomForest_tuned,0.2718556179858636,5.814119694685766,Burkholderia pseudomallei,mg,36,0.005178770731355917
HILICZ_negative|IK:JVQYSWDUAOAHFM-UHFFFAOYSA-N,RandomForest_tuned,0.2718556179858636,5.814119694685766,Actinoalloteichus hoggarensis,mg,37,0.005153760549758865
HILICZ_negative|IK:JVQYSWDUAOAHFM-UHFFFAOYSA-N,RandomForest_tuned,0.2718556179858636,5.814119694685766,Jatrophihabitans sp. GAS493,mg,38,0.005068900845708402
HILICZ_negative|IK:JVQYSWDUAOAHFM-UHFFFAOYSA-N,RandomForest_tuned,0.2718556179858636,5.814119694685766,Actinomyces sp. oral taxon 897,mg,39,0.0049713259308942345
HILICZ_negative|IK:JVQYSWDUAOAHFM-UHFFFAOYSA-N,RandomForest_tuned,0.2718556179858636,5.814119694685766,Actinopolyspora erythraea,mg,40,0.0048813587286199904
HILICZ_negative|IK:JVQYSWDUAOAHFM-UHFFFAOYSA-N,RandomForest_tuned,0.2718556179858636,5.814119694685766,Thermomonospora curvata,mg,41,0.004863119830830173
HILICZ_negative|IK:JVQYSWDUAOAHFM-UHFFFAOYSA-N,RandomForest_tuned,0.2718556179858636,5.814119694685766,Mesorhizobium oceanicum,mg,42,0.004780426707851839
HILICZ_negative|IK:JVQYSWDUAOAHFM-UHFFFAOYSA-N,RandomForest_tuned,0.2718556179858636,5.814119694685766,Hyphomicrobium nitrativorans,mg,43,0.004747769803657633
HILICZ_negative|IK:JVQYSWDUAOAHFM-UHFFFAOYSA-N,RandomForest_tuned,0.2718556179858636,5.814119694685766,Pelagibacterium halotolerans,mg,44,0.00469331247338749
HILICZ_negative|IK:JVQYSWDUAOAHFM-UHFFFAOYSA-N,RandomForest_tuned,0.2718556179858636,5.814119694685766,Pseudolabrys taiwanensis,mg,45,0.004542669180670006
HILICZ_negative|IK:JVQYSWDUAOAHFM-UHFFFAOYSA-N,RandomForest_tuned,0.2718556179858636,5.814119694685766,Frankineae bacterium MT45,mg,46,0.004473588629716732
HILICZ_negative|IK:JVQYSWDUAOAHFM-UHFFFAOYSA-N,RandomForest_tuned,0.2718556179858636,5.814119694685766,Acidisphaera sp. G45-3,mg,47,0.004460794559339175
HILICZ_negative|IK:JVQYSWDUAOAHFM-UHFFFAOYSA-N,RandomForest_tuned,0.2718556179858636,5.814119694685766,Saccharopolyspora erythraea,mg,48,0.004429615598440804
HILICZ_negative|IK:JVQYSWDUAOAHFM-UHFFFAOYSA-N,RandomForest_tuned,0.2718556179858636,5.814119694685766,Burkholderia stabilis,mg,49,0.004348410300645121
HILICZ_negative|IK:JVQYSWDUAOAHFM-UHFFFAOYSA-N,RandomForest_tuned,0.2718556179858636,5.814119694685766,Streptosporangium sp. 'caverna',mg,50,0.004311058702809821
C18_positive|IK:RGHHSNMVTDWUBI-UHFFFAOYSA-N,ExtraTrees_tuned,0.2689790540162938,1.7997654320750602,Actinomyces sp. VUL4_3,mg,1,0.03983190222319873
C18_positive|IK:RGHHSNMVTDWUBI-UHFFFAOYSA-N,ExtraTrees_tuned,0.2689790540162938,1.7997654320750602,Acinetobacter lwoffii,mg,2,0.023065946111708868
C18_positive|IK:RGHHSNMVTDWUBI-UHFFFAOYSA-N,ExtraTrees_tuned,0.2689790540162938,1.7997654320750602,Acinetobacter sp. WCHAc010034,mg,3,0.01956802952295135
C18_positive|IK:RGHHSNMVTDWUBI-UHFFFAOYSA-N,ExtraTrees_tuned,0.2689790540162938,1.7997654320750602,Acinetobacter haemolyticus,mg,4,0.01698132523769173
C18_positive|IK:RGHHSNMVTDWUBI-UHFFFAOYSA-N,ExtraTrees_tuned,0.2689790540162938,1.7997654320750602,Acinetobacter baumannii,mg,5,0.016415199370220252
C18_positive|IK:RGHHSNMVTDWUBI-UHFFFAOYSA-N,ExtraTrees_tuned,0.2689790540162938,1.7997654320750602,Chryseobacterium balustinum,mg,6,0.014500367016917367
C18_positive|IK:RGHHSNMVTDWUBI-UHFFFAOYSA-N,ExtraTrees_tuned,0.2689790540162938,1.7997654320750602,Acinetobacter junii,mg,7,0.014459409232412394
C18_positive|IK:RGHHSNMVTDWUBI-UHFFFAOYSA-N,ExtraTrees_tuned,0.2689790540162938,1.7997654320750602,Corynebacterium camporealensis,mg,8,0.013235330130585825
C18_positive|IK:RGHHSNMVTDWUBI-UHFFFAOYSA-N,ExtraTrees_tuned,0.2689790540162938,1.7997654320750602,Acinetobacter nosocomialis,mg,9,0.013234390179142156
C18_positive|IK:RGHHSNMVTDWUBI-UHFFFAOYSA-N,ExtraTrees_tuned,0.2689790540162938,1.7997654320750602,Acinetobacter pittii,mg,10,0.01271649223552767
C18_positive|IK:RGHHSNMVTDWUBI-UHFFFAOYSA-N,ExtraTrees_tuned,0.2689790540162938,1.7997654320750602,Sphingobacterium sp. G1-14,mg,11,0.01269135706225094
C18_positive|IK:RGHHSNMVTDWUBI-UHFFFAOYSA-N,ExtraTrees_tuned,0.2689790540162938,1.7997654320750602,Acinetobacter sp. WCHA45,mg,12,0.01268673696211335
C18_positive|IK:RGHHSNMVTDWUBI-UHFFFAOYSA-N,ExtraTrees_tuned,0.2689790540162938,1.7997654320750602,Stenotrophomonas sp. MYb57,mg,13,0.01266741530438899
C18_positive|IK:RGHHSNMVTDWUBI-UHFFFAOYSA-N,ExtraTrees_tuned,0.2689790540162938,1.7997654320750602,Acinetobacter indicus,mg,14,0.012667001028270975
C18_positive|IK:RGHHSNMVTDWUBI-UHFFFAOYSA-N,ExtraTrees_tuned,0.2689790540162938,1.7997654320750602,Acinetobacter schindleri,mg,15,0.012624839214952617
C18_positive|IK:RGHHSNMVTDWUBI-UHFFFAOYSA-N,ExtraTrees_tuned,0.2689790540162938,1.7997654320750602,Acinetobacter sp. ACNIH2,mg,16,0.012444695959879471
C18_positive|IK:RGHHSNMVTDWUBI-UHFFFAOYSA-N,ExtraTrees_tuned,0.2689790540162938,1.7997654320750602,Acinetobacter lactucae,mg,17,0.011964745365995533
C18_positive|IK:RGHHSNMVTDWUBI-UHFFFAOYSA-N,ExtraTrees_tuned,0.2689790540162938,1.7997654320750602,Sphingobacterium sp. ML3W,mg,18,0.011158789443367857
C18_positive|IK:RGHHSNMVTDWUBI-UHFFFAOYSA-N,ExtraTrees_tuned,0.2689790540162938,1.7997654320750602,Acinetobacter soli,mg,19,0.010750772101044378
C18_positive|IK:RGHHSNMVTDWUBI-UHFFFAOYSA-N,ExtraTrees_tuned,0.2689790540162938,1.7997654320750602,Listeria monocytogenes,mg,20,0.01071365625178712
C18_positive|IK:RGHHSNMVTDWUBI-UHFFFAOYSA-N,ExtraTrees_tuned,0.2689790540162938,1.7997654320750602,Chryseobacterium indoltheticum,mg,21,0.010145372877311435
C18_positive|IK:RGHHSNMVTDWUBI-UHFFFAOYSA-N,ExtraTrees_tuned,0.2689790540162938,1.7997654320750602,Acinetobacter radioresistens,mg,22,0.010131260611097188
C18_positive|IK:RGHHSNMVTDWUBI-UHFFFAOYSA-N,ExtraTrees_tuned,0.2689790540162938,1.7997654320750602,Acinetobacter sp. ACNIH1,mg,23,0.010114555755482235
C18_positive|IK:RGHHSNMVTDWUBI-UHFFFAOYSA-N,ExtraTrees_tuned,0.2689790540162938,1.7997654320750602,Sphingobacterium sp. B29,mg,24,0.008829637222876163
C18_positive|IK:RGHHSNMVTDWUBI-UHFFFAOYSA-N,ExtraTrees_tuned,0.2689790540162938,1.7997654320750602,Acinetobacter calcoaceticus,mg,25,0.008231048981647004
C18_positive|IK:RGHHSNMVTDWUBI-UHFFFAOYSA-N,ExtraTrees_tuned,0.2689790540162938,1.7997654320750602,Delftia sp. HK171,mg,26,0.008165664654559927
C18_positive|IK:RGHHSNMVTDWUBI-UHFFFAOYSA-N,ExtraTrees_tuned,0.2689790540162938,1.7997654320750602,Stenotrophomonas sp. G4,mg,27,0.0077346691626430505
C18_positive|IK:RGHHSNMVTDWUBI-UHFFFAOYSA-N,ExtraTrees_tuned,0.2689790540162938,1.7997654320750602,Aeromonas sp. ASNIH2,mg,28,0.007556838526140566
C18_positive|IK:RGHHSNMVTDWUBI-UHFFFAOYSA-N,ExtraTrees_tuned,0.2689790540162938,1.7997654320750602,Acinetobacter oleivorans,mg,29,0.007023662252529532
C18_positive|IK:RGHHSNMVTDWUBI-UHFFFAOYSA-N,ExtraTrees_tuned,0.2689790540162938,1.7997654320750602,Stenotrophomonas sp. WZN-1,mg,30,0.0069785666822129245
C18_positive|IK:RGHHSNMVTDWUBI-UHFFFAOYSA-N,ExtraTrees_tuned,0.2689790540162938,1.7997654320750602,Sphingopyxis sp. MG,mg,31,0.006841333300887609
C18_positive|IK:RGHHSNMVTDWUBI-UHFFFAOYSA-N,ExtraTrees_tuned,0.2689790540162938,1.7997654320750602,Stenotrophomonas sp. ZAC14A_NAIMI4_1,mg,32,0.0063117865848701694
C18_positive|IK:RGHHSNMVTDWUBI-UHFFFAOYSA-N,ExtraTrees_tuned,0.2689790540162938,1.7997654320750602,Sphingobium sp. EP60837,mg,33,0.0058609194743701395
C18_positive|IK:RGHHSNMVTDWUBI-UHFFFAOYSA-N,ExtraTrees_tuned,0.2689790540162938,1.7997654320750602,Sphingobium chlorophenolicum,mg,34,0.005694861911831407
C18_positive|IK:RGHHSNMVTDWUBI-UHFFFAOYSA-N,ExtraTrees_tuned,0.2689790540162938,1.7997654320750602,Sphingobium baderi,mg,35,0.005180794192933231
C18_positive|IK:RGHHSNMVTDWUBI-UHFFFAOYSA-N,ExtraTrees_tuned,0.2689790540162938,1.7997654320750602,Sphingorhabdus sp. YGSMI21,mg,36,0.005118144631914953
C18_positive|IK:RGHHSNMVTDWUBI-UHFFFAOYSA-N,ExtraTrees_tuned,0.2689790540162938,1.7997654320750602,Acinetobacter sp. TGL-Y2,mg,37,0.005113416915901263
C18_positive|IK:RGHHSNMVTDWUBI-UHFFFAOYSA-N,ExtraTrees_tuned,0.2689790540162938,1.7997654320750602,Dyadobacter fermentans,mg,38,0.0050971750231298026
C18_positive|IK:RGHHSNMVTDWUBI-UHFFFAOYSA-N,ExtraTrees_tuned,0.2689790540162938,1.7997654320750602,Sphingobium sp. YBL2,mg,39,0.005078473394687672
C18_positive|IK:RGHHSNMVTDWUBI-UHFFFAOYSA-N,ExtraTrees_tuned,0.2689790540162938,1.7997654320750602,Sphingobium indicum,mg,40,0.00504862006211289
C18_positive|IK:RGHHSNMVTDWUBI-UHFFFAOYSA-N,ExtraTrees_tuned,0.2689790540162938,1.7997654320750602,Rothia mucilaginosa,mg,41,0.004823864585308992
C18_positive|IK:RGHHSNMVTDWUBI-UHFFFAOYSA-N,ExtraTrees_tuned,0.2689790540162938,1.7997654320750602,Actinomadura amylolytica,mg,42,0.004618022631260309
C18_positive|IK:RGHHSNMVTDWUBI-UHFFFAOYSA-N,ExtraTrees_tuned,0.2689790540162938,1.7997654320750602,Sphingobium hydrophobicum,mg,43,0.0045479584508748
C18_positive|IK:RGHHSNMVTDWUBI-UHFFFAOYSA-N,ExtraTrees_tuned,0.2689790540162938,1.7997654320750602,Stenotrophomonas sp. YAU14D1_LEIMI4_1,mg,44,0.004509633609153911
C18_positive|IK:RGHHSNMVTDWUBI-UHFFFAOYSA-N,ExtraTrees_tuned,0.2689790540162938,1.7997654320750602,Microbacterium sp. 1.5R,mg,45,0.004493919261761852
C18_positive|IK:RGHHSNMVTDWUBI-UHFFFAOYSA-N,ExtraTrees_tuned,0.2689790540162938,1.7997654320750602,Sphingomonas sanxanigenens,mg,46,0.0044674851075121695
C18_positive|IK:RGHHSNMVTDWUBI-UHFFFAOYSA-N,ExtraTrees_tuned,0.2689790540162938,1.7997654320750602,Sphingobium sp. YG1,mg,47,0.004455989769952629
C18_positive|IK:RGHHSNMVTDWUBI-UHFFFAOYSA-N,ExtraTrees_tuned,0.2689790540162938,1.7997654320750602,Stenotrophomonas sp. ZAC14D2_NAIMI4_7,mg,48,0.004405809559146388
C18_positive|IK:RGHHSNMVTDWUBI-UHFFFAOYSA-N,ExtraTrees_tuned,0.2689790540162938,1.7997654320750602,Sphingobium sp. RAC03,mg,49,0.004399199463102972
C18_positive|IK:RGHHSNMVTDWUBI-UHFFFAOYSA-N,ExtraTrees_tuned,0.2689790540162938,1.7997654320750602,Stenotrophomonas sp. ESTM1D_MKCIP4_1,mg,50,0.0043810865230144175
HILICZ_positive|IK:COLNVLDHVKWLRT-QMMMGPOBSA-N,RandomForest_tuned,0.2629617358918462,5.580939027425607,Kitasatospora aureofaciens,mg,1,0.04489804112106072
HILICZ_positive|IK:COLNVLDHVKWLRT-QMMMGPOBSA-N,RandomForest_tuned,0.2629617358918462,5.580939027425607,Streptomyces sp. TLI_053,mg,2,0.03475379516606642
HILICZ_positive|IK:COLNVLDHVKWLRT-QMMMGPOBSA-N,RandomForest_tuned,0.2629617358918462,5.580939027425607,Bordetella pertussis,mg,3,0.024382871484275457
HILICZ_positive|IK:COLNVLDHVKWLRT-QMMMGPOBSA-N,RandomForest_tuned,0.2629617358918462,5.580939027425607,Streptacidiphilus sp. DSM 106435,mg,4,0.02249806894966207
HILICZ_positive|IK:COLNVLDHVKWLRT-QMMMGPOBSA-N,RandomForest_tuned,0.2629617358918462,5.580939027425607,Polynucleobacter asymbioticus,mg,5,0.020729125402397453
HILICZ_positive|IK:COLNVLDHVKWLRT-QMMMGPOBSA-N,RandomForest_tuned,0.2629617358918462,5.580939027425607,Kitasatospora sp. MMS16-BH015,mg,6,0.016506567109775293
HILICZ_positive|IK:COLNVLDHVKWLRT-QMMMGPOBSA-N,RandomForest_tuned,0.2629617358918462,5.580939027425607,Enterobacter ludwigii,mg,7,0.014323800454016631
HILICZ_positive|IK:COLNVLDHVKWLRT-QMMMGPOBSA-N,RandomForest_tuned,0.2629617358918462,5.580939027425607,Streptomyces sp. SCSIO 03032,mg,8,0.01281641063002684
HILICZ_positive|IK:COLNVLDHVKWLRT-QMMMGPOBSA-N,RandomForest_tuned,0.2629617358918462,5.580939027425607,Streptosporangium sp. 'caverna',mg,9,0.01246355221668057
HILICZ_positive|IK:COLNVLDHVKWLRT-QMMMGPOBSA-N,RandomForest_tuned,0.2629617358918462,5.580939027425607,Methylobacillus flagellatus,mg,10,0.012175966897642087
HILICZ_positive|IK:COLNVLDHVKWLRT-QMMMGPOBSA-N,RandomForest_tuned,0.2629617358918462,5.580939027425607,Streptomyces xiamenensis,mg,11,0.01182682241588845
HILICZ_positive|IK:COLNVLDHVKWLRT-QMMMGPOBSA-N,RandomForest_tuned,0.2629617358918462,5.580939027425607,Kitasatospora setae,mg,12,0.010794845698270833
HILICZ_positive|IK:COLNVLDHVKWLRT-QMMMGPOBSA-N,RandomForest_tuned,0.2629617358918462,5.580939027425607,Sphingomonas sp. LM7,mg,13,0.008342233640769973
HILICZ_positive|IK:COLNVLDHVKWLRT-QMMMGPOBSA-N,RandomForest_tuned,0.2629617358918462,5.580939027425607,Pseudomonas reinekei,mg,14,0.008230925523309944
HILICZ_positive|IK:COLNVLDHVKWLRT-QMMMGPOBSA-N,RandomForest_tuned,0.2629617358918462,5.580939027425607,Methylophaga nitratireducenticrescens,mg,15,0.007199851529153839
HILICZ_positive|IK:COLNVLDHVKWLRT-QMMMGPOBSA-N,RandomForest_tuned,0.2629617358918462,5.580939027425607,Azospira oryzae,mg,16,0.006577560657374574
HILICZ_positive|IK:COLNVLDHVKWLRT-QMMMGPOBSA-N,RandomForest_tuned,0.2629617358918462,5.580939027425607,Pseudomonas sp. URMO17WK12:I11,mg,17,0.006388660794460124
HILICZ_positive|IK:COLNVLDHVKWLRT-QMMMGPOBSA-N,RandomForest_tuned,0.2629617358918462,5.580939027425607,Homo sapiens,mg,18,0.006336400295956521
HILICZ_positive|IK:COLNVLDHVKWLRT-QMMMGPOBSA-N,RandomForest_tuned,0.2629617358918462,5.580939027425607,Bradyrhizobium icense,mg,19,0.006215993340875228
HILICZ_positive|IK:COLNVLDHVKWLRT-QMMMGPOBSA-N,RandomForest_tuned,0.2629617358918462,5.580939027425607,Bacillus clausii,mg,20,0.006184798500621339
HILICZ_positive|IK:COLNVLDHVKWLRT-QMMMGPOBSA-N,RandomForest_tuned,0.2629617358918462,5.580939027425607,Granulicella tundricola,mg,21,0.0058942036360949655
HILICZ_positive|IK:COLNVLDHVKWLRT-QMMMGPOBSA-N,RandomForest_tuned,0.2629617358918462,5.580939027425607,Candidatus Solibacter usitatus,mg,22,0.005402342154386746
HILICZ_positive|IK:COLNVLDHVKWLRT-QMMMGPOBSA-N,RandomForest_tuned,0.2629617358918462,5.580939027425607,Halothiobacillus neapolitanus,mg,23,0.005350111256807733
HILICZ_positive|IK:COLNVLDHVKWLRT-QMMMGPOBSA-N,RandomForest_tuned,0.2629617358918462,5.580939027425607,Xanthomonas citri,mg,24,0.005235657736265014
HILICZ_positive|IK:COLNVLDHVKWLRT-QMMMGPOBSA-N,RandomForest_tuned,0.2629617358918462,5.580939027425607,Microbacterium hominis,mg,25,0.005156608204935261
HILICZ_positive|IK:COLNVLDHVKWLRT-QMMMGPOBSA-N,RandomForest_tuned,0.2629617358918462,5.580939027425607,Pseudomonas sp. DR 5-09,mg,26,0.005105254461426196
HILICZ_positive|IK:COLNVLDHVKWLRT-QMMMGPOBSA-N,RandomForest_tuned,0.2629617358918462,5.580939027425607,Pseudomonas putida,mg,27,0.005041621669335394
HILICZ_positive|IK:COLNVLDHVKWLRT-QMMMGPOBSA-N,RandomForest_tuned,0.2629617358918462,5.580939027425607,Flavobacterium indicum,mg,28,0.004523916145743215
HILICZ_positive|IK:COLNVLDHVKWLRT-QMMMGPOBSA-N,RandomForest_tuned,0.2629617358918462,5.580939027425607,Acidobacteriaceae bacterium SBC82,mg,29,0.0044828860612511345
HILICZ_positive|IK:COLNVLDHVKWLRT-QMMMGPOBSA-N,RandomForest_tuned,0.2629617358918462,5.580939027425607,Sphingomonas sp. Cra20,mg,30,0.00434387642568034
HILICZ_positive|IK:COLNVLDHVKWLRT-QMMMGPOBSA-N,RandomForest_tuned,0.2629617358918462,5.580939027425607,Luteibacter rhizovicinus,mg,31,0.004244971283907883
HILICZ_positive|IK:COLNVLDHVKWLRT-QMMMGPOBSA-N,RandomForest_tuned,0.2629617358918462,5.580939027425607,Sulfurihydrogenibium sp. YO3AOP1,mg,32,0.0041015494206833765
HILICZ_positive|IK:COLNVLDHVKWLRT-QMMMGPOBSA-N,RandomForest_tuned,0.2629617358918462,5.580939027425607,Pseudomonas fulva,mg,33,0.004010908807803778
HILICZ_positive|IK:COLNVLDHVKWLRT-QMMMGPOBSA-N,RandomForest_tuned,0.2629617358918462,5.580939027425607,Lentzea guizhouensis,mg,34,0.0039693151568627755
HILICZ_positive|IK:COLNVLDHVKWLRT-QMMMGPOBSA-N,RandomForest_tuned,0.2629617358918462,5.580939027425607,Bordetella genomosp. 9,mg,35,0.003927121309195306
HILICZ_positive|IK:COLNVLDHVKWLRT-QMMMGPOBSA-N,RandomForest_tuned,0.2629617358918462,5.580939027425607,Streptomyces sp. Mg1,mg,36,0.0038556673248597902
HILICZ_positive|IK:COLNVLDHVKWLRT-QMMMGPOBSA-N,RandomForest_tuned,0.2629617358918462,5.580939027425607,Microbacterium paludicola,mg,37,0.003829021816073557
HILICZ_positive|IK:COLNVLDHVKWLRT-QMMMGPOBSA-N,RandomForest_tuned,0.2629617358918462,5.580939027425607,Pseudomonas moraviensis,mg,38,0.0038037325198480364
HILICZ_positive|IK:COLNVLDHVKWLRT-QMMMGPOBSA-N,RandomForest_tuned,0.2629617358918462,5.580939027425607,Pseudomonas umsongensis,mg,39,0.003776336716481254
HILICZ_positive|IK:COLNVLDHVKWLRT-QMMMGPOBSA-N,RandomForest_tuned,0.2629617358918462,5.580939027425607,Pseudomonas aeruginosa,mg,40,0.0037391488381472377
HILICZ_positive|IK:COLNVLDHVKWLRT-QMMMGPOBSA-N,RandomForest_tuned,0.2629617358918462,5.580939027425607,Singulisphaera acidiphila,mg,41,0.003474192789838387
HILICZ_positive|IK:COLNVLDHVKWLRT-QMMMGPOBSA-N,RandomForest_tuned,0.2629617358918462,5.580939027425607,Candidatus Koribacter versatilis,mg,42,0.0034696055897267763
HILICZ_positive|IK:COLNVLDHVKWLRT-QMMMGPOBSA-N,RandomForest_tuned,0.2629617358918462,5.580939027425607,Pseudomonas granadensis,mg,43,0.0034607866404856784
HILICZ_positive|IK:COLNVLDHVKWLRT-QMMMGPOBSA-N,RandomForest_tuned,0.2629617358918462,5.580939027425607,Actinoplanes friuliensis,mg,44,0.003459749847312095
HILICZ_positive|IK:COLNVLDHVKWLRT-QMMMGPOBSA-N,RandomForest_tuned,0.2629617358918462,5.580939027425607,Rhodococcus sp. MTM3W5.2,mg,45,0.0034241729187206894
HILICZ_positive|IK:COLNVLDHVKWLRT-QMMMGPOBSA-N,RandomForest_tuned,0.2629617358918462,5.580939027425607,chem__LBCeq (mg/kg CaCO3/pH dry weight),soil,46,0.003410075457959616
HILICZ_positive|IK:COLNVLDHVKWLRT-QMMMGPOBSA-N,RandomForest_tuned,0.2629617358918462,5.580939027425607,Advenella kashmirensis,mg,47,0.003395771992549959
HILICZ_positive|IK:COLNVLDHVKWLRT-QMMMGPOBSA-N,RandomForest_tuned,0.2629617358918462,5.580939027425607,Mesorhizobium amorphae,mg,48,0.0033797714600450313
HILICZ_positive|IK:COLNVLDHVKWLRT-QMMMGPOBSA-N,RandomForest_tuned,0.2629617358918462,5.580939027425607,Opitutus sp. GAS368,mg,49,0.003299453661532779
HILICZ_positive|IK:COLNVLDHVKWLRT-QMMMGPOBSA-N,RandomForest_tuned,0.2629617358918462,5.580939027425607,Neisseria subflava,mg,50,0.0032584296253245436
C18_positive|IK:RGHMISIYKIHAJW-UHFFFAOYSA-N,RandomForest_tuned,0.254994808816989,5.644364123429179,Kitasatospora aureofaciens,mg,1,0.037750545746419034
C18_positive|IK:RGHMISIYKIHAJW-UHFFFAOYSA-N,RandomForest_tuned,0.254994808816989,5.644364123429179,Streptosporangium sp. 'caverna',mg,2,0.029766152030524996
C18_positive|IK:RGHMISIYKIHAJW-UHFFFAOYSA-N,RandomForest_tuned,0.254994808816989,5.644364123429179,Streptomyces sp. TLI_053,mg,3,0.026503796775382206
C18_positive|IK:RGHMISIYKIHAJW-UHFFFAOYSA-N,RandomForest_tuned,0.254994808816989,5.644364123429179,Kitasatospora setae,mg,4,0.023386612625196423
C18_positive|IK:RGHMISIYKIHAJW-UHFFFAOYSA-N,RandomForest_tuned,0.254994808816989,5.644364123429179,Kitasatospora sp. MMS16-BH015,mg,5,0.02251288141495541
C18_positive|IK:RGHMISIYKIHAJW-UHFFFAOYSA-N,RandomForest_tuned,0.254994808816989,5.644364123429179,Pseudomonas reinekei,mg,6,0.021810256547499882
C18_positive|IK:RGHMISIYKIHAJW-UHFFFAOYSA-N,RandomForest_tuned,0.254994808816989,5.644364123429179,psize__Soil Clay Content %,soil,7,0.01811309406154623
C18_positive|IK:RGHMISIYKIHAJW-UHFFFAOYSA-N,RandomForest_tuned,0.254994808816989,5.644364123429179,Pseudomonas umsongensis,mg,8,0.016798868923081
C18_positive|IK:RGHMISIYKIHAJW-UHFFFAOYSA-N,RandomForest_tuned,0.254994808816989,5.644364123429179,Opitutus sp. GAS368,mg,9,0.013805924784692654
C18_positive|IK:RGHMISIYKIHAJW-UHFFFAOYSA-N,RandomForest_tuned,0.254994808816989,5.644364123429179,Micromonospora inositola,mg,10,0.013014581721134285
C18_positive|IK:RGHMISIYKIHAJW-UHFFFAOYSA-N,RandomForest_tuned,0.254994808816989,5.644364123429179,Candidatus Solibacter usitatus,mg,11,0.011477086218998614
C18_positive|IK:RGHMISIYKIHAJW-UHFFFAOYSA-N,RandomForest_tuned,0.254994808816989,5.644364123429179,Weeksella virosa,mg,12,0.011035749226714327
C18_positive|IK:RGHMISIYKIHAJW-UHFFFAOYSA-N,RandomForest_tuned,0.254994808816989,5.644364123429179,Rhizobium jaguaris,mg,13,0.009769898645791817
C18_positive|IK:RGHMISIYKIHAJW-UHFFFAOYSA-N,RandomForest_tuned,0.254994808816989,5.644364123429179,psize__Soil Sand Content %,soil,14,0.008212188304836604
C18_positive|IK:RGHMISIYKIHAJW-UHFFFAOYSA-N,RandomForest_tuned,0.254994808816989,5.644364123429179,psize__Soil Silt Content %,soil,15,0.007892445308846101
C18_positive|IK:RGHMISIYKIHAJW-UHFFFAOYSA-N,RandomForest_tuned,0.254994808816989,5.644364123429179,nitrif__Rate (mg NO3-N/kilogram dry weight soil/day),soil,16,0.007641446571620642
C18_positive|IK:RGHMISIYKIHAJW-UHFFFAOYSA-N,RandomForest_tuned,0.254994808816989,5.644364123429179,Pseudomonas sp. TMW 2.1634,mg,17,0.006752359079824928
C18_positive|IK:RGHMISIYKIHAJW-UHFFFAOYSA-N,RandomForest_tuned,0.254994808816989,5.644364123429179,Novosphingobium sp. P6W,mg,18,0.006343472639619795
C18_positive|IK:RGHMISIYKIHAJW-UHFFFAOYSA-N,RandomForest_tuned,0.254994808816989,5.644364123429179,Kutzneria albida,mg,19,0.006103884971353038
C18_positive|IK:RGHMISIYKIHAJW-UHFFFAOYSA-N,RandomForest_tuned,0.254994808816989,5.644364123429179,Rhizobium sp. NXC24,mg,20,0.005599782704594387
C18_positive|IK:RGHMISIYKIHAJW-UHFFFAOYSA-N,RandomForest_tuned,0.254994808816989,5.644364123429179,Sphingobium japonicum,mg,21,0.004934446237642823
C18_positive|IK:RGHMISIYKIHAJW-UHFFFAOYSA-N,RandomForest_tuned,0.254994808816989,5.644364123429179,Pseudomonas frederiksbergensis,mg,22,0.004926358605989292
C18_positive|IK:RGHMISIYKIHAJW-UHFFFAOYSA-N,RandomForest_tuned,0.254994808816989,5.644364123429179,Streptacidiphilus sp. DSM 106435,mg,23,0.004885782896873479
C18_positive|IK:RGHMISIYKIHAJW-UHFFFAOYSA-N,RandomForest_tuned,0.254994808816989,5.644364123429179,Cupriavidus pauculus,mg,24,0.004773441666201236
C18_positive|IK:RGHMISIYKIHAJW-UHFFFAOYSA-N,RandomForest_tuned,0.254994808816989,5.644364123429179,Rhizobium phaseoli,mg,25,0.004688061895707234
C18_positive|IK:RGHMISIYKIHAJW-UHFFFAOYSA-N,RandomForest_tuned,0.254994808816989,5.644364123429179,Mesorhizobium amorphae,mg,26,0.004589468586649496
C18_positive|IK:RGHMISIYKIHAJW-UHFFFAOYSA-N,RandomForest_tuned,0.254994808816989,5.644364123429179,Spongiibacter sp. IMCC21906,mg,27,0.004439545878373394
C18_positive|IK:RGHMISIYKIHAJW-UHFFFAOYSA-N,RandomForest_tuned,0.254994808816989,5.644364123429179,Rhizobium gallicum,mg,28,0.004331164838067027
C18_positive|IK:RGHMISIYKIHAJW-UHFFFAOYSA-N,RandomForest_tuned,0.254994808816989,5.644364123429179,Bordetella sp. H567,mg,29,0.004196208017534187
C18_positive|IK:RGHMISIYKIHAJW-UHFFFAOYSA-N,RandomForest_tuned,0.254994808816989,5.644364123429179,Rhizobium favelukesii,mg,30,0.0041527221293941345
C18_positive|IK:RGHMISIYKIHAJW-UHFFFAOYSA-N,RandomForest_tuned,0.254994808816989,5.644364123429179,Klebsiella pneumoniae,mg,31,0.004076258088184963
C18_positive|IK:RGHMISIYKIHAJW-UHFFFAOYSA-N,RandomForest_tuned,0.254994808816989,5.644364123429179,Catenulispora acidiphila,mg,32,0.003963100054985653
C18_positive|IK:RGHMISIYKIHAJW-UHFFFAOYSA-N,RandomForest_tuned,0.254994808816989,5.644364123429179,Serratia marcescens,mg,33,0.0039412906846183525
C18_positive|IK:RGHMISIYKIHAJW-UHFFFAOYSA-N,RandomForest_tuned,0.254994808816989,5.644364123429179,Sulfurihydrogenibium sp. YO3AOP1,mg,34,0.0038156437451278427
C18_positive|IK:RGHMISIYKIHAJW-UHFFFAOYSA-N,RandomForest_tuned,0.254994808816989,5.644364123429179,Singulisphaera acidiphila,mg,35,0.0037877612662385093
C18_positive|IK:RGHMISIYKIHAJW-UHFFFAOYSA-N,RandomForest_tuned,0.254994808816989,5.644364123429179,moist__Replicate 1 Mass Water / Mass Dry Soil %,soil,36,0.003722178524789134
C18_positive|IK:RGHMISIYKIHAJW-UHFFFAOYSA-N,RandomForest_tuned,0.254994808816989,5.644364123429179,Pseudomonas sp. URMO17WK12:I11,mg,37,0.003714833340633891
C18_positive|IK:RGHMISIYKIHAJW-UHFFFAOYSA-N,RandomForest_tuned,0.254994808816989,5.644364123429179,Bradyrhizobium diazoefficiens,mg,38,0.003654520288964707
C18_positive|IK:RGHMISIYKIHAJW-UHFFFAOYSA-N,RandomForest_tuned,0.254994808816989,5.644364123429179,soil_NO3,soil,39,0.0036331483994531326
C18_positive|IK:RGHMISIYKIHAJW-UHFFFAOYSA-N,RandomForest_tuned,0.254994808816989,5.644364123429179,soil_total_N,soil,40,0.0034965972644446742
C18_positive|IK:RGHMISIYKIHAJW-UHFFFAOYSA-N,RandomForest_tuned,0.254994808816989,5.644364123429179,Sphingomonas sp. LM7,mg,41,0.0034825135212429494
C18_positive|IK:RGHMISIYKIHAJW-UHFFFAOYSA-N,RandomForest_tuned,0.254994808816989,5.644364123429179,Bradyrhizobium japonicum,mg,42,0.003468992851790587
C18_positive|IK:RGHMISIYKIHAJW-UHFFFAOYSA-N,RandomForest_tuned,0.254994808816989,5.644364123429179,Candidatus Koribacter versatilis,mg,43,0.0034166760705725066
C18_positive|IK:RGHMISIYKIHAJW-UHFFFAOYSA-N,RandomForest_tuned,0.254994808816989,5.644364123429179,Enterobacter ludwigii,mg,44,0.0033530797689391286
C18_positive|IK:RGHMISIYKIHAJW-UHFFFAOYSA-N,RandomForest_tuned,0.254994808816989,5.644364123429179,chem__K (Mehlich 1 mg/kg dry weight),soil,45,0.0031874004126874046
C18_positive|IK:RGHMISIYKIHAJW-UHFFFAOYSA-N,RandomForest_tuned,0.254994808816989,5.644364123429179,Lacunisphaera limnophila,mg,46,0.003133488158286454
C18_positive|IK:RGHMISIYKIHAJW-UHFFFAOYSA-N,RandomForest_tuned,0.254994808816989,5.644364123429179,Mucilaginibacter gotjawali,mg,47,0.0030992960429121162
C18_positive|IK:RGHMISIYKIHAJW-UHFFFAOYSA-N,RandomForest_tuned,0.254994808816989,5.644364123429179,Bordetella pertussis,mg,48,0.002956566368488543
C18_positive|IK:RGHMISIYKIHAJW-UHFFFAOYSA-N,RandomForest_tuned,0.254994808816989,5.644364123429179,Mesorhizobium ciceri,mg,49,0.0029266163852381885
C18_positive|IK:RGHMISIYKIHAJW-UHFFFAOYSA-N,RandomForest_tuned,0.254994808816989,5.644364123429179,Lentzea guizhouensis,mg,50,0.002876999862139751
C18_positive|IK:LWYJCVVIVLBLID-UHFFFAOYSA-N,RandomForest_tuned,0.2401391647205584,5.16185126557943,Candidatus Solibacter usitatus,mg,1,0.0837646657810306
C18_positive|IK:LWYJCVVIVLBLID-UHFFFAOYSA-N,RandomForest_tuned,0.2401391647205584,5.16185126557943,moist__Replicate 1 Mass Water / Mass Dry Soil %,soil,2,0.0505106819332041
C18_positive|IK:LWYJCVVIVLBLID-UHFFFAOYSA-N,RandomForest_tuned,0.2401391647205584,5.16185126557943,Kitasatospora sp. MMS16-BH015,mg,3,0.04454608910881385
C18_positive|IK:LWYJCVVIVLBLID-UHFFFAOYSA-N,RandomForest_tuned,0.2401391647205584,5.16185126557943,Mesorhizobium amorphae,mg,4,0.03871301742810855
C18_positive|IK:LWYJCVVIVLBLID-UHFFFAOYSA-N,RandomForest_tuned,0.2401391647205584,5.16185126557943,Kitasatospora aureofaciens,mg,5,0.032217219975543145
C18_positive|IK:LWYJCVVIVLBLID-UHFFFAOYSA-N,RandomForest_tuned,0.2401391647205584,5.16185126557943,Streptacidiphilus sp. DSM 106435,mg,6,0.023862948112220356
C18_positive|IK:LWYJCVVIVLBLID-UHFFFAOYSA-N,RandomForest_tuned,0.2401391647205584,5.16185126557943,Catenulispora acidiphila,mg,7,0.023307802651238555
C18_positive|IK:LWYJCVVIVLBLID-UHFFFAOYSA-N,RandomForest_tuned,0.2401391647205584,5.16185126557943,nitrif__Rate (mg NO3-N/kilogram dry weight soil/day),soil,8,0.019335670496651542
C18_positive|IK:LWYJCVVIVLBLID-UHFFFAOYSA-N,RandomForest_tuned,0.2401391647205584,5.16185126557943,Kitasatospora setae,mg,9,0.018800033909379538
C18_positive|IK:LWYJCVVIVLBLID-UHFFFAOYSA-N,RandomForest_tuned,0.2401391647205584,5.16185126557943,Plantactinospora sp. KBS50,mg,10,0.016199790070594338
C18_positive|IK:LWYJCVVIVLBLID-UHFFFAOYSA-N,RandomForest_tuned,0.2401391647205584,5.16185126557943,Rahnella sp. ERMR1:05,mg,11,0.015643377208114727
C18_positive|IK:LWYJCVVIVLBLID-UHFFFAOYSA-N,RandomForest_tuned,0.2401391647205584,5.16185126557943,soil_NH4,soil,12,0.013441457795710137
C18_positive|IK:LWYJCVVIVLBLID-UHFFFAOYSA-N,RandomForest_tuned,0.2401391647205584,5.16185126557943,Streptomyces sp. TLI_053,mg,13,0.012985930729644293
C18_positive|IK:LWYJCVVIVLBLID-UHFFFAOYSA-N,RandomForest_tuned,0.2401391647205584,5.16185126557943,chem__Mg (Mehlich 1 mg/kg dry weight),soil,14,0.012339586548218828
C18_positive|IK:LWYJCVVIVLBLID-UHFFFAOYSA-N,RandomForest_tuned,0.2401391647205584,5.16185126557943,Granulicella mallensis,mg,15,0.011747465647303232
C18_positive|IK:LWYJCVVIVLBLID-UHFFFAOYSA-N,RandomForest_tuned,0.2401391647205584,5.16185126557943,chem__Zn (Mehlich 1 mg/kg dry weight),soil,16,0.011308218276320321
C18_positive|IK:LWYJCVVIVLBLID-UHFFFAOYSA-N,RandomForest_tuned,0.2401391647205584,5.16185126557943,Mycobacterium shigaense,mg,17,0.01071102368856204
C18_positive|IK:LWYJCVVIVLBLID-UHFFFAOYSA-N,RandomForest_tuned,0.2401391647205584,5.16185126557943,chem__P (Mehlich 1 mg/kg dry weight),soil,18,0.009062345689204302
C18_positive|IK:LWYJCVVIVLBLID-UHFFFAOYSA-N,RandomForest_tuned,0.2401391647205584,5.16185126557943,soil_total_N,soil,19,0.0080238928504822
C18_positive|IK:LWYJCVVIVLBLID-UHFFFAOYSA-N,RandomForest_tuned,0.2401391647205584,5.16185126557943,Komagataeibacter xylinus,mg,20,0.00764213939592107
C18_positive|IK:LWYJCVVIVLBLID-UHFFFAOYSA-N,RandomForest_tuned,0.2401391647205584,5.16185126557943,Rhizobium jaguaris,mg,21,0.0075005082476522125
C18_positive|IK:LWYJCVVIVLBLID-UHFFFAOYSA-N,RandomForest_tuned,0.2401391647205584,5.16185126557943,Rhizobium leguminosarum,mg,22,0.0066138821231522356
C18_positive|IK:LWYJCVVIVLBLID-UHFFFAOYSA-N,RandomForest_tuned,0.2401391647205584,5.16185126557943,Actinoplanes teichomyceticus,mg,23,0.006439891602458718
C18_positive|IK:LWYJCVVIVLBLID-UHFFFAOYSA-N,RandomForest_tuned,0.2401391647205584,5.16185126557943,Pseudolabrys taiwanensis,mg,24,0.006401761954378733
C18_positive|IK:LWYJCVVIVLBLID-UHFFFAOYSA-N,RandomForest_tuned,0.2401391647205584,5.16185126557943,Micromonospora rifamycinica,mg,25,0.00612249716677015
C18_positive|IK:LWYJCVVIVLBLID-UHFFFAOYSA-N,RandomForest_tuned,0.2401391647205584,5.16185126557943,Erwinia billingiae,mg,26,0.0060684061386128045
C18_positive|IK:LWYJCVVIVLBLID-UHFFFAOYSA-N,RandomForest_tuned,0.2401391647205584,5.16185126557943,Terriglobus roseus,mg,27,0.005925735406020151
C18_positive|IK:LWYJCVVIVLBLID-UHFFFAOYSA-N,RandomForest_tuned,0.2401391647205584,5.16185126557943,Bradyrhizobium erythrophlei,mg,28,0.005688078317817904
C18_positive|IK:LWYJCVVIVLBLID-UHFFFAOYSA-N,RandomForest_tuned,0.2401391647205584,5.16185126557943,chem__K (Mehlich 1 mg/kg dry weight),soil,29,0.005563193937362979
C18_positive|IK:LWYJCVVIVLBLID-UHFFFAOYSA-N,RandomForest_tuned,0.2401391647205584,5.16185126557943,Rhizobium phage RHEph10,mg,30,0.005515980546151641
C18_positive|IK:LWYJCVVIVLBLID-UHFFFAOYSA-N,RandomForest_tuned,0.2401391647205584,5.16185126557943,Actinoplanes sp. N902-109,mg,31,0.005399974516856542
C18_positive|IK:LWYJCVVIVLBLID-UHFFFAOYSA-N,RandomForest_tuned,0.2401391647205584,5.16185126557943,Mycobacterium haemophilum,mg,32,0.005378612643496213
C18_positive|IK:LWYJCVVIVLBLID-UHFFFAOYSA-N,RandomForest_tuned,0.2401391647205584,5.16185126557943,Collimonas fungivorans,mg,33,0.005123121880159773
C18_positive|IK:LWYJCVVIVLBLID-UHFFFAOYSA-N,RandomForest_tuned,0.2401391647205584,5.16185126557943,Bradyrhizobium lablabi,mg,34,0.005008945059321043
C18_positive|IK:LWYJCVVIVLBLID-UHFFFAOYSA-N,RandomForest_tuned,0.2401391647205584,5.16185126557943,denit__Rate (microgN/kilogram dry weight soil/day),soil,35,0.00498725124736884
C18_positive|IK:LWYJCVVIVLBLID-UHFFFAOYSA-N,RandomForest_tuned,0.2401391647205584,5.16185126557943,Streptomyces sp. 2323.1,mg,36,0.004981325519063741
C18_positive|IK:LWYJCVVIVLBLID-UHFFFAOYSA-N,RandomForest_tuned,0.2401391647205584,5.16185126557943,Pseudomonas citronellolis,mg,37,0.0047936268986791385
C18_positive|IK:LWYJCVVIVLBLID-UHFFFAOYSA-N,RandomForest_tuned,0.2401391647205584,5.16185126557943,Mycobacterium marseillense,mg,38,0.00470216757682458
C18_positive|IK:LWYJCVVIVLBLID-UHFFFAOYSA-N,RandomForest_tuned,0.2401391647205584,5.16185126557943,Mesorhizobium opportunistum,mg,39,0.004685156961807383
C18_positive|IK:LWYJCVVIVLBLID-UHFFFAOYSA-N,RandomForest_tuned,0.2401391647205584,5.16185126557943,Flavobacterium anhuiense,mg,40,0.004611883121548985
C18_positive|IK:LWYJCVVIVLBLID-UHFFFAOYSA-N,RandomForest_tuned,0.2401391647205584,5.16185126557943,Rahnella aquatilis,mg,41,0.004553680028631399
C18_positive|IK:LWYJCVVIVLBLID-UHFFFAOYSA-N,RandomForest_tuned,0.2401391647205584,5.16185126557943,Rhizobium sp. NXC24,mg,42,0.004392540491941402
C18_positive|IK:LWYJCVVIVLBLID-UHFFFAOYSA-N,RandomForest_tuned,0.2401391647205584,5.16185126557943,Actinomadura amylolytica,mg,43,0.004382588117796415
C18_positive|IK:LWYJCVVIVLBLID-UHFFFAOYSA-N,RandomForest_tuned,0.2401391647205584,5.16185126557943,Opitutus sp. GAS368,mg,44,0.004210551190499979
C18_positive|IK:LWYJCVVIVLBLID-UHFFFAOYSA-N,RandomForest_tuned,0.2401391647205584,5.16185126557943,soil_total_C,soil,45,0.0037561808789629966
C18_positive|IK:LWYJCVVIVLBLID-UHFFFAOYSA-N,RandomForest_tuned,0.2401391647205584,5.16185126557943,psize__Soil Silt Content %,soil,46,0.003690841602980259
C18_positive|IK:LWYJCVVIVLBLID-UHFFFAOYSA-N,RandomForest_tuned,0.2401391647205584,5.16185126557943,Isosphaera pallida,mg,47,0.003665551903215435
C18_positive|IK:LWYJCVVIVLBLID-UHFFFAOYSA-N,RandomForest_tuned,0.2401391647205584,5.16185126557943,Frankia symbiont of Datisca glomerata,mg,48,0.0036451950111440396
C18_positive|IK:LWYJCVVIVLBLID-UHFFFAOYSA-N,RandomForest_tuned,0.2401391647205584,5.16185126557943,Rhodococcus erythropolis,mg,49,0.0035304104463299325
C18_positive|IK:LWYJCVVIVLBLID-UHFFFAOYSA-N,RandomForest_tuned,0.2401391647205584,5.16185126557943,chem__Mn (Mehlich 1 mg/kg dry weight),soil,50,0.003517984860348497
C18_positive|IK:PRYIJAGAEJZDBO-ZEQHCUNVSA-N,RandomForest_tuned,0.2336578276270397,4.420692933195291,Pseudomonas umsongensis,mg,1,0.06573806433798965
C18_positive|IK:PRYIJAGAEJZDBO-ZEQHCUNVSA-N,RandomForest_tuned,0.2336578276270397,4.420692933195291,Methylotenera versatilis,mg,2,0.05821358947113813
C18_positive|IK:PRYIJAGAEJZDBO-ZEQHCUNVSA-N,RandomForest_tuned,0.2336578276270397,4.420692933195291,Streptomyces sp. TLI_053,mg,3,0.031397322755835226
C18_positive|IK:PRYIJAGAEJZDBO-ZEQHCUNVSA-N,RandomForest_tuned,0.2336578276270397,4.420692933195291,Kitasatospora aureofaciens,mg,4,0.03019150792539701
C18_positive|IK:PRYIJAGAEJZDBO-ZEQHCUNVSA-N,RandomForest_tuned,0.2336578276270397,4.420692933195291,Pseudomonas reinekei,mg,5,0.025705982587209065
C18_positive|IK:PRYIJAGAEJZDBO-ZEQHCUNVSA-N,RandomForest_tuned,0.2336578276270397,4.420692933195291,Pantoea agglomerans,mg,6,0.016988600558269912
C18_positive|IK:PRYIJAGAEJZDBO-ZEQHCUNVSA-N,RandomForest_tuned,0.2336578276270397,4.420692933195291,Streptacidiphilus sp. DSM 106435,mg,7,0.016217019150366333
C18_positive|IK:PRYIJAGAEJZDBO-ZEQHCUNVSA-N,RandomForest_tuned,0.2336578276270397,4.420692933195291,Arthrobacter sp. ERGS1:01,mg,8,0.013790139533836848
C18_positive|IK:PRYIJAGAEJZDBO-ZEQHCUNVSA-N,RandomForest_tuned,0.2336578276270397,4.420692933195291,Spongiibacter sp. IMCC21906,mg,9,0.011502730992576244
C18_positive|IK:PRYIJAGAEJZDBO-ZEQHCUNVSA-N,RandomForest_tuned,0.2336578276270397,4.420692933195291,Kitasatospora sp. MMS16-BH015,mg,10,0.009310503418746917
C18_positive|IK:PRYIJAGAEJZDBO-ZEQHCUNVSA-N,RandomForest_tuned,0.2336578276270397,4.420692933195291,soil_total_N,soil,11,0.009048411942820956
C18_positive|IK:PRYIJAGAEJZDBO-ZEQHCUNVSA-N,RandomForest_tuned,0.2336578276270397,4.420692933195291,Kitasatospora setae,mg,12,0.007240047927979496
C18_positive|IK:PRYIJAGAEJZDBO-ZEQHCUNVSA-N,RandomForest_tuned,0.2336578276270397,4.420692933195291,Streptomyces vietnamensis,mg,13,0.0067941890736466035
C18_positive|IK:PRYIJAGAEJZDBO-ZEQHCUNVSA-N,RandomForest_tuned,0.2336578276270397,4.420692933195291,psize__Soil Clay Content %,soil,14,0.006531385181509408
C18_positive|IK:PRYIJAGAEJZDBO-ZEQHCUNVSA-N,RandomForest_tuned,0.2336578276270397,4.420692933195291,Halomonas sp. JS92-SW72,mg,15,0.006270226703496237
C18_positive|IK:PRYIJAGAEJZDBO-ZEQHCUNVSA-N,RandomForest_tuned,0.2336578276270397,4.420692933195291,moist__Replicate 1 Mass Water / Mass Dry Soil %,soil,16,0.006268097907438058
C18_positive|IK:PRYIJAGAEJZDBO-ZEQHCUNVSA-N,RandomForest_tuned,0.2336578276270397,4.420692933195291,Streptosporangium sp. 'caverna',mg,17,0.0061870658480385095
C18_positive|IK:PRYIJAGAEJZDBO-ZEQHCUNVSA-N,RandomForest_tuned,0.2336578276270397,4.420692933195291,Paenibacillus sp. JDR-2,mg,18,0.0060166865792742365
C18_positive|IK:PRYIJAGAEJZDBO-ZEQHCUNVSA-N,RandomForest_tuned,0.2336578276270397,4.420692933195291,Pseudomonas sp. Z003-0.4C(8344-21),mg,19,0.005926995967366395
C18_positive|IK:PRYIJAGAEJZDBO-ZEQHCUNVSA-N,RandomForest_tuned,0.2336578276270397,4.420692933195291,Pseudomonas lini,mg,20,0.005642551625066259
C18_positive|IK:PRYIJAGAEJZDBO-ZEQHCUNVSA-N,RandomForest_tuned,0.2336578276270397,4.420692933195291,Pseudomonas granadensis,mg,21,0.005513625467625276
C18_positive|IK:PRYIJAGAEJZDBO-ZEQHCUNVSA-N,RandomForest_tuned,0.2336578276270397,4.420692933195291,Streptomyces xiamenensis,mg,22,0.005271828802036795
C18_positive|IK:PRYIJAGAEJZDBO-ZEQHCUNVSA-N,RandomForest_tuned,0.2336578276270397,4.420692933195291,Pseudomonas sp. ATCC 13867,mg,23,0.005179056754696742
C18_positive|IK:PRYIJAGAEJZDBO-ZEQHCUNVSA-N,RandomForest_tuned,0.2336578276270397,4.420692933195291,Paenibacillus sp. FSL H7-0357,mg,24,0.0050415560195804345
C18_positive|IK:PRYIJAGAEJZDBO-ZEQHCUNVSA-N,RandomForest_tuned,0.2336578276270397,4.420692933195291,Streptomyces sp. 3211,mg,25,0.004958532805431703
C18_positive|IK:PRYIJAGAEJZDBO-ZEQHCUNVSA-N,RandomForest_tuned,0.2336578276270397,4.420692933195291,Paenibacillus sp. FSL R5-0912,mg,26,0.004552868784450862
C18_positive|IK:PRYIJAGAEJZDBO-ZEQHCUNVSA-N,RandomForest_tuned,0.2336578276270397,4.420692933195291,soil_NO3,soil,27,0.004362367277072685
C18_positive|IK:PRYIJAGAEJZDBO-ZEQHCUNVSA-N,RandomForest_tuned,0.2336578276270397,4.420692933195291,Streptomyces albireticuli,mg,28,0.004361954169810415
C18_positive|IK:PRYIJAGAEJZDBO-ZEQHCUNVSA-N,RandomForest_tuned,0.2336578276270397,4.420692933195291,psize__Soil Silt Content %,soil,29,0.004227495665258732
C18_positive|IK:PRYIJAGAEJZDBO-ZEQHCUNVSA-N,RandomForest_tuned,0.2336578276270397,4.420692933195291,Pseudomonas thivervalensis,mg,30,0.004101611145184063
C18_positive|IK:PRYIJAGAEJZDBO-ZEQHCUNVSA-N,RandomForest_tuned,0.2336578276270397,4.420692933195291,Sinomonas atrocyanea,mg,31,0.004054745301573982
C18_positive|IK:PRYIJAGAEJZDBO-ZEQHCUNVSA-N,RandomForest_tuned,0.2336578276270397,4.420692933195291,Streptomyces albidoflavus,mg,32,0.003992043041052826
C18_positive|IK:PRYIJAGAEJZDBO-ZEQHCUNVSA-N,RandomForest_tuned,0.2336578276270397,4.420692933195291,Streptomyces sp. SCSIO 03032,mg,33,0.003968890725751186
C18_positive|IK:PRYIJAGAEJZDBO-ZEQHCUNVSA-N,RandomForest_tuned,0.2336578276270397,4.420692933195291,Actinoplanes friuliensis,mg,34,0.003957140245578665
C18_positive|IK:PRYIJAGAEJZDBO-ZEQHCUNVSA-N,RandomForest_tuned,0.2336578276270397,4.420692933195291,Sphingomonas sp. LM7,mg,35,0.0038536165564955127
C18_positive|IK:PRYIJAGAEJZDBO-ZEQHCUNVSA-N,RandomForest_tuned,0.2336578276270397,4.420692933195291,Rhodococcus sp. H-CA8f,mg,36,0.0036871538620739277
C18_positive|IK:PRYIJAGAEJZDBO-ZEQHCUNVSA-N,RandomForest_tuned,0.2336578276270397,4.420692933195291,Betaproteobacteria bacterium GR16-43,mg,37,0.0036857805782872545
C18_positive|IK:PRYIJAGAEJZDBO-ZEQHCUNVSA-N,RandomForest_tuned,0.2336578276270397,4.420692933195291,Pseudomonas kribbensis,mg,38,0.0036469562116839853
C18_positive|IK:PRYIJAGAEJZDBO-ZEQHCUNVSA-N,RandomForest_tuned,0.2336578276270397,4.420692933195291,Variovorax paradoxus,mg,39,0.0036338450841059875
C18_positive|IK:PRYIJAGAEJZDBO-ZEQHCUNVSA-N,RandomForest_tuned,0.2336578276270397,4.420692933195291,Pseudomonas sp. DR 5-09,mg,40,0.0035042873921978307
C18_positive|IK:PRYIJAGAEJZDBO-ZEQHCUNVSA-N,RandomForest_tuned,0.2336578276270397,4.420692933195291,Paenibacillus sp. FSL P4-0081,mg,41,0.0034001617977632314
C18_positive|IK:PRYIJAGAEJZDBO-ZEQHCUNVSA-N,RandomForest_tuned,0.2336578276270397,4.420692933195291,Pseudomonas viridiflava,mg,42,0.003374553783816855
C18_positive|IK:PRYIJAGAEJZDBO-ZEQHCUNVSA-N,RandomForest_tuned,0.2336578276270397,4.420692933195291,Paenibacillus polymyxa,mg,43,0.003304529825682822
C18_positive|IK:PRYIJAGAEJZDBO-ZEQHCUNVSA-N,RandomForest_tuned,0.2336578276270397,4.420692933195291,Pseudomonas mendocina,mg,44,0.003266194962275943
C18_positive|IK:PRYIJAGAEJZDBO-ZEQHCUNVSA-N,RandomForest_tuned,0.2336578276270397,4.420692933195291,Arthrobacter sp. DCT-5,mg,45,0.0031776577292595546
C18_positive|IK:PRYIJAGAEJZDBO-ZEQHCUNVSA-N,RandomForest_tuned,0.2336578276270397,4.420692933195291,Luteibacter rhizovicinus,mg,46,0.0031188053914602385
C18_positive|IK:PRYIJAGAEJZDBO-ZEQHCUNVSA-N,RandomForest_tuned,0.2336578276270397,4.420692933195291,Pseudomonas sp. K2W31S-8,mg,47,0.0030729997241537234
C18_positive|IK:PRYIJAGAEJZDBO-ZEQHCUNVSA-N,RandomForest_tuned,0.2336578276270397,4.420692933195291,Micromonospora sp. L5,mg,48,0.003028673972336766
C18_positive|IK:PRYIJAGAEJZDBO-ZEQHCUNVSA-N,RandomForest_tuned,0.2336578276270397,4.420692933195291,Arthrobacter sp. YC-RL1,mg,49,0.0030285339860804564
C18_positive|IK:PRYIJAGAEJZDBO-ZEQHCUNVSA-N,RandomForest_tuned,0.2336578276270397,4.420692933195291,Pseudomonas soli,mg,50,0.003001700654695874
C18_negative|IK:PVWALMCXZUMCBB-UHFFFAOYSA-N,XGBoost_tuned,0.1862303043968535,3.9022563023012737,Mucinivorans hirudinis,mg,1,0.0335392951965332
C18_negative|IK:PVWALMCXZUMCBB-UHFFFAOYSA-N,XGBoost_tuned,0.1862303043968535,3.9022563023012737,Enterobacter asburiae,mg,2,0.026481831446290016
C18_negative|IK:PVWALMCXZUMCBB-UHFFFAOYSA-N,XGBoost_tuned,0.1862303043968535,3.9022563023012737,Sideroxydans lithotrophicus,mg,3,0.025448566302657127
C18_negative|IK:PVWALMCXZUMCBB-UHFFFAOYSA-N,XGBoost_tuned,0.1862303043968535,3.9022563023012737,Kosakonia cowanii,mg,4,0.020220525562763214
C18_negative|IK:PVWALMCXZUMCBB-UHFFFAOYSA-N,XGBoost_tuned,0.1862303043968535,3.9022563023012737,Streptomyces nodosus,mg,5,0.019768957048654556
C18_negative|IK:PVWALMCXZUMCBB-UHFFFAOYSA-N,XGBoost_tuned,0.1862303043968535,3.9022563023012737,Mesorhizobium japonicum,mg,6,0.01776047982275486
C18_negative|IK:PVWALMCXZUMCBB-UHFFFAOYSA-N,XGBoost_tuned,0.1862303043968535,3.9022563023012737,Gemmata sp. SH-PL17,mg,7,0.01735333725810051
C18_negative|IK:PVWALMCXZUMCBB-UHFFFAOYSA-N,XGBoost_tuned,0.1862303043968535,3.9022563023012737,Helicobacter pylori,mg,8,0.01638003997504711
C18_negative|IK:PVWALMCXZUMCBB-UHFFFAOYSA-N,XGBoost_tuned,0.1862303043968535,3.9022563023012737,Streptomyces virus phiBT1,mg,9,0.01544193085283041
C18_negative|IK:PVWALMCXZUMCBB-UHFFFAOYSA-N,XGBoost_tuned,0.1862303043968535,3.9022563023012737,Micromonospora viridifaciens,mg,10,0.015416369773447514
C18_negative|IK:PVWALMCXZUMCBB-UHFFFAOYSA-N,XGBoost_tuned,0.1862303043968535,3.9022563023012737,Cronobacter dublinensis,mg,11,0.013848602771759033
C18_negative|IK:PVWALMCXZUMCBB-UHFFFAOYSA-N,XGBoost_tuned,0.1862303043968535,3.9022563023012737,Novosphingobium sp. P6W,mg,12,0.013423413038253784
C18_negative|IK:PVWALMCXZUMCBB-UHFFFAOYSA-N,XGBoost_tuned,0.1862303043968535,3.9022563023012737,soil_NO3,soil,13,0.013325677253305912
C18_negative|IK:PVWALMCXZUMCBB-UHFFFAOYSA-N,XGBoost_tuned,0.1862303043968535,3.9022563023012737,Advenella mimigardefordensis,mg,14,0.013320377096533775
C18_negative|IK:PVWALMCXZUMCBB-UHFFFAOYSA-N,XGBoost_tuned,0.1862303043968535,3.9022563023012737,Rhizobium sp. Kim5,mg,15,0.013075852766633034
C18_negative|IK:PVWALMCXZUMCBB-UHFFFAOYSA-N,XGBoost_tuned,0.1862303043968535,3.9022563023012737,Thermobaculum terrenum,mg,16,0.012963305227458477
C18_negative|IK:PVWALMCXZUMCBB-UHFFFAOYSA-N,XGBoost_tuned,0.1862303043968535,3.9022563023012737,Sphingopyxis fribergensis,mg,17,0.012891124002635479
C18_negative|IK:PVWALMCXZUMCBB-UHFFFAOYSA-N,XGBoost_tuned,0.1862303043968535,3.9022563023012737,Enterobacteriaceae bacterium strain FGI 57,mg,18,0.012794991955161095
C18_negative|IK:PVWALMCXZUMCBB-UHFFFAOYSA-N,XGBoost_tuned,0.1862303043968535,3.9022563023012737,Xanthomonas axonopodis,mg,19,0.012382224202156067
C18_negative|IK:PVWALMCXZUMCBB-UHFFFAOYSA-N,XGBoost_tuned,0.1862303043968535,3.9022563023012737,Acinetobacter radioresistens,mg,20,0.012363763526082039
C18_negative|IK:PVWALMCXZUMCBB-UHFFFAOYSA-N,XGBoost_tuned,0.1862303043968535,3.9022563023012737,Pseudomonas entomophila,mg,21,0.012043392285704613
C18_negative|IK:PVWALMCXZUMCBB-UHFFFAOYSA-N,XGBoost_tuned,0.1862303043968535,3.9022563023012737,Sphingopyxis sp. EG6,mg,22,0.01188329141587019
C18_negative|IK:PVWALMCXZUMCBB-UHFFFAOYSA-N,XGBoost_tuned,0.1862303043968535,3.9022563023012737,Bartonella quintana,mg,23,0.011694486252963543
C18_negative|IK:PVWALMCXZUMCBB-UHFFFAOYSA-N,XGBoost_tuned,0.1862303043968535,3.9022563023012737,Streptomyces actuosus,mg,24,0.01082706917077303
C18_negative|IK:PVWALMCXZUMCBB-UHFFFAOYSA-N,XGBoost_tuned,0.1862303043968535,3.9022563023012737,Bradyrhizobium erythrophlei,mg,25,0.010429762303829193
C18_negative|IK:PVWALMCXZUMCBB-UHFFFAOYSA-N,XGBoost_tuned,0.1862303043968535,3.9022563023012737,Hippea maritima,mg,26,0.0101386196911335
C18_negative|IK:PVWALMCXZUMCBB-UHFFFAOYSA-N,XGBoost_tuned,0.1862303043968535,3.9022563023012737,Rickettsia rickettsii,mg,27,0.009898677468299866
C18_negative|IK:PVWALMCXZUMCBB-UHFFFAOYSA-N,XGBoost_tuned,0.1862303043968535,3.9022563023012737,Paenarthrobacter aurescens,mg,28,0.008493808098137379
C18_negative|IK:PVWALMCXZUMCBB-UHFFFAOYSA-N,XGBoost_tuned,0.1862303043968535,3.9022563023012737,Pseudomonas monteilii,mg,29,0.008430631831288338
C18_negative|IK:PVWALMCXZUMCBB-UHFFFAOYSA-N,XGBoost_tuned,0.1862303043968535,3.9022563023012737,Candidatus Saccharibacteria bacterium YM_S32_TM7_50_20,mg,30,0.008364897221326828
C18_negative|IK:PVWALMCXZUMCBB-UHFFFAOYSA-N,XGBoost_tuned,0.1862303043968535,3.9022563023012737,nitrif__Rate (mg NO3-N/kilogram dry weight soil/day),soil,31,0.008263549767434597
C18_negative|IK:PVWALMCXZUMCBB-UHFFFAOYSA-N,XGBoost_tuned,0.1862303043968535,3.9022563023012737,Stenotrophomonas maltophilia,mg,32,0.007406875025480986
C18_negative|IK:PVWALMCXZUMCBB-UHFFFAOYSA-N,XGBoost_tuned,0.1862303043968535,3.9022563023012737,Flavobacterium crassostreae,mg,33,0.007014065980911255
C18_negative|IK:PVWALMCXZUMCBB-UHFFFAOYSA-N,XGBoost_tuned,0.1862303043968535,3.9022563023012737,Gallaecimonas sp. HK-28,mg,34,0.006625400390475988
C18_negative|IK:PVWALMCXZUMCBB-UHFFFAOYSA-N,XGBoost_tuned,0.1862303043968535,3.9022563023012737,Cupriavidus basilensis,mg,35,0.006274911109358072
C18_negative|IK:PVWALMCXZUMCBB-UHFFFAOYSA-N,XGBoost_tuned,0.1862303043968535,3.9022563023012737,Nitrospira defluvii,mg,36,0.006254543084651232
C18_negative|IK:PVWALMCXZUMCBB-UHFFFAOYSA-N,XGBoost_tuned,0.1862303043968535,3.9022563023012737,Burkholderia gladioli,mg,37,0.006245806347578764
C18_negative|IK:PVWALMCXZUMCBB-UHFFFAOYSA-N,XGBoost_tuned,0.1862303043968535,3.9022563023012737,Pseudomonas aeruginosa,mg,38,0.006215256173163652
C18_negative|IK:PVWALMCXZUMCBB-UHFFFAOYSA-N,XGBoost_tuned,0.1862303043968535,3.9022563023012737,Acetobacterium sp. KB-1,mg,39,0.006209615617990494
C18_negative|IK:PVWALMCXZUMCBB-UHFFFAOYSA-N,XGBoost_tuned,0.1862303043968535,3.9022563023012737,Sphingobium cloacae,mg,40,0.006005811970680952
C18_negative|IK:PVWALMCXZUMCBB-UHFFFAOYSA-N,XGBoost_tuned,0.1862303043968535,3.9022563023012737,Pseudomonas mendocina,mg,41,0.005787278525531292
C18_negative|IK:PVWALMCXZUMCBB-UHFFFAOYSA-N,XGBoost_tuned,0.1862303043968535,3.9022563023012737,Geobacter lovleyi,mg,42,0.0057745748199522495
C18_negative|IK:PVWALMCXZUMCBB-UHFFFAOYSA-N,XGBoost_tuned,0.1862303043968535,3.9022563023012737,Shewanella sp. ANA-3,mg,43,0.005772227421402931
C18_negative|IK:PVWALMCXZUMCBB-UHFFFAOYSA-N,XGBoost_tuned,0.1862303043968535,3.9022563023012737,Streptomyces virus TG1,mg,44,0.005770324729382992
C18_negative|IK:PVWALMCXZUMCBB-UHFFFAOYSA-N,XGBoost_tuned,0.1862303043968535,3.9022563023012737,Enterobacter cloacae,mg,45,0.005618304945528507
C18_negative|IK:PVWALMCXZUMCBB-UHFFFAOYSA-N,XGBoost_tuned,0.1862303043968535,3.9022563023012737,Rahnella sp. Y9602,mg,46,0.00556194456294179
C18_negative|IK:PVWALMCXZUMCBB-UHFFFAOYSA-N,XGBoost_tuned,0.1862303043968535,3.9022563023012737,Streptomyces reticuli,mg,47,0.005521316081285477
C18_negative|IK:PVWALMCXZUMCBB-UHFFFAOYSA-N,XGBoost_tuned,0.1862303043968535,3.9022563023012737,Alcanivorax sp. NBRC 101098,mg,48,0.005501861218363047
C18_negative|IK:PVWALMCXZUMCBB-UHFFFAOYSA-N,XGBoost_tuned,0.1862303043968535,3.9022563023012737,Novosphingobium pentaromativorans,mg,49,0.005430077202618122
C18_negative|IK:PVWALMCXZUMCBB-UHFFFAOYSA-N,XGBoost_tuned,0.1862303043968535,3.9022563023012737,Erythrobacter litoralis,mg,50,0.005410611629486084
C18_negative|IK:HMUJXQRRKBLVOO-UHFFFAOYSA-N,RandomForest_tuned,0.153548041468893,5.036476875071564,Saccharothrix espanaensis,mg,1,0.011258532781847595
C18_negative|IK:HMUJXQRRKBLVOO-UHFFFAOYSA-N,RandomForest_tuned,0.153548041468893,5.036476875071564,Nocardia cyriacigeorgica,mg,2,0.010338055161290806
C18_negative|IK:HMUJXQRRKBLVOO-UHFFFAOYSA-N,RandomForest_tuned,0.153548041468893,5.036476875071564,Nocardia terpenica,mg,3,0.009795596355783535
C18_negative|IK:HMUJXQRRKBLVOO-UHFFFAOYSA-N,RandomForest_tuned,0.153548041468893,5.036476875071564,Amycolatopsis orientalis,mg,4,0.009428607718351736
C18_negative|IK:HMUJXQRRKBLVOO-UHFFFAOYSA-N,RandomForest_tuned,0.153548041468893,5.036476875071564,Rhizobium jaguaris,mg,5,0.009412282703926508
C18_negative|IK:HMUJXQRRKBLVOO-UHFFFAOYSA-N,RandomForest_tuned,0.153548041468893,5.036476875071564,Rhizobium sp. NXC24,mg,6,0.00905872802311792
C18_negative|IK:HMUJXQRRKBLVOO-UHFFFAOYSA-N,RandomForest_tuned,0.153548041468893,5.036476875071564,Nakamurella panacisegetis,mg,7,0.008827142880684796
C18_negative|IK:HMUJXQRRKBLVOO-UHFFFAOYSA-N,RandomForest_tuned,0.153548041468893,5.036476875071564,Amycolatopsis methanolica,mg,8,0.008428892666238865
C18_negative|IK:HMUJXQRRKBLVOO-UHFFFAOYSA-N,RandomForest_tuned,0.153548041468893,5.036476875071564,Frankia symbiont of Datisca glomerata,mg,9,0.008372414770005616
C18_negative|IK:HMUJXQRRKBLVOO-UHFFFAOYSA-N,RandomForest_tuned,0.153548041468893,5.036476875071564,Nocardia sp. CFHS0054,mg,10,0.00832310507927231
C18_negative|IK:HMUJXQRRKBLVOO-UHFFFAOYSA-N,RandomForest_tuned,0.153548041468893,5.036476875071564,Streptomyces sp. SCSIO 03032,mg,11,0.007464687774354866
C18_negative|IK:HMUJXQRRKBLVOO-UHFFFAOYSA-N,RandomForest_tuned,0.153548041468893,5.036476875071564,Kytococcus sedentarius,mg,12,0.007449183697745557
C18_negative|IK:HMUJXQRRKBLVOO-UHFFFAOYSA-N,RandomForest_tuned,0.153548041468893,5.036476875071564,Homo sapiens,mg,13,0.007071441968506856
C18_negative|IK:HMUJXQRRKBLVOO-UHFFFAOYSA-N,RandomForest_tuned,0.153548041468893,5.036476875071564,Nocardiopsis alba,mg,14,0.006975088983194062
C18_negative|IK:HMUJXQRRKBLVOO-UHFFFAOYSA-N,RandomForest_tuned,0.153548041468893,5.036476875071564,Frankia casuarinae,mg,15,0.006782490075226511
C18_negative|IK:HMUJXQRRKBLVOO-UHFFFAOYSA-N,RandomForest_tuned,0.153548041468893,5.036476875071564,Frankia sp. QA3,mg,16,0.006656463783944891
C18_negative|IK:HMUJXQRRKBLVOO-UHFFFAOYSA-N,RandomForest_tuned,0.153548041468893,5.036476875071564,Frankia sp. EAN1pec,mg,17,0.006579095850087889
C18_negative|IK:HMUJXQRRKBLVOO-UHFFFAOYSA-N,RandomForest_tuned,0.153548041468893,5.036476875071564,Saccharopolyspora erythraea,mg,18,0.0064580281462298965
C18_negative|IK:HMUJXQRRKBLVOO-UHFFFAOYSA-N,RandomForest_tuned,0.153548041468893,5.036476875071564,Acinetobacter pittii,mg,19,0.006171760429227088
C18_negative|IK:HMUJXQRRKBLVOO-UHFFFAOYSA-N,RandomForest_tuned,0.153548041468893,5.036476875071564,Nocardia farcinica,mg,20,0.0061213519155125
C18_negative|IK:HMUJXQRRKBLVOO-UHFFFAOYSA-N,RandomForest_tuned,0.153548041468893,5.036476875071564,Amycolatopsis sp. AA4,mg,21,0.006061552381886692
C18_negative|IK:HMUJXQRRKBLVOO-UHFFFAOYSA-N,RandomForest_tuned,0.153548041468893,5.036476875071564,Acinetobacter oleivorans,mg,22,0.006049469185048263
C18_negative|IK:HMUJXQRRKBLVOO-UHFFFAOYSA-N,RandomForest_tuned,0.153548041468893,5.036476875071564,Kibdelosporangium phytohabitans,mg,23,0.005829539177402465
C18_negative|IK:HMUJXQRRKBLVOO-UHFFFAOYSA-N,RandomForest_tuned,0.153548041468893,5.036476875071564,Hoyosella subflava,mg,24,0.005300770726769132
C18_negative|IK:HMUJXQRRKBLVOO-UHFFFAOYSA-N,RandomForest_tuned,0.153548041468893,5.036476875071564,Acinetobacter calcoaceticus,mg,25,0.005286134685964384
C18_negative|IK:HMUJXQRRKBLVOO-UHFFFAOYSA-N,RandomForest_tuned,0.153548041468893,5.036476875071564,Acinetobacter baumannii,mg,26,0.005273951529412908
C18_negative|IK:HMUJXQRRKBLVOO-UHFFFAOYSA-N,RandomForest_tuned,0.153548041468893,5.036476875071564,Mesorhizobium opportunistum,mg,27,0.005248882840418525
C18_negative|IK:HMUJXQRRKBLVOO-UHFFFAOYSA-N,RandomForest_tuned,0.153548041468893,5.036476875071564,Gordonia iterans,mg,28,0.005183305275528581
C18_negative|IK:HMUJXQRRKBLVOO-UHFFFAOYSA-N,RandomForest_tuned,0.153548041468893,5.036476875071564,Saccharomonospora marina,mg,29,0.005137344398950185
C18_negative|IK:HMUJXQRRKBLVOO-UHFFFAOYSA-N,RandomForest_tuned,0.153548041468893,5.036476875071564,psize__Soil Clay Content %,soil,30,0.005090101844235142
C18_negative|IK:HMUJXQRRKBLVOO-UHFFFAOYSA-N,RandomForest_tuned,0.153548041468893,5.036476875071564,Thermomonospora curvata,mg,31,0.005015576592227532
C18_negative|IK:HMUJXQRRKBLVOO-UHFFFAOYSA-N,RandomForest_tuned,0.153548041468893,5.036476875071564,Kribbella flavida,mg,32,0.004920577403163884
C18_negative|IK:HMUJXQRRKBLVOO-UHFFFAOYSA-N,RandomForest_tuned,0.153548041468893,5.036476875071564,Jatrophihabitans sp. GAS493,mg,33,0.004909348063956025
C18_negative|IK:HMUJXQRRKBLVOO-UHFFFAOYSA-N,RandomForest_tuned,0.153548041468893,5.036476875071564,Nocardia nova,mg,34,0.004830093399986796
C18_negative|IK:HMUJXQRRKBLVOO-UHFFFAOYSA-N,RandomForest_tuned,0.153548041468893,5.036476875071564,Rhizobium sp. 11515TR,mg,35,0.004804772587095441
C18_negative|IK:HMUJXQRRKBLVOO-UHFFFAOYSA-N,RandomForest_tuned,0.153548041468893,5.036476875071564,Corynebacterium sphenisci,mg,36,0.004768679976528375
C18_negative|IK:HMUJXQRRKBLVOO-UHFFFAOYSA-N,RandomForest_tuned,0.153548041468893,5.036476875071564,Actinopolymorpha singaporensis,mg,37,0.0047638499420911504
C18_negative|IK:HMUJXQRRKBLVOO-UHFFFAOYSA-N,RandomForest_tuned,0.153548041468893,5.036476875071564,Mesorhizobium amorphae,mg,38,0.004601745351467379
C18_negative|IK:HMUJXQRRKBLVOO-UHFFFAOYSA-N,RandomForest_tuned,0.153548041468893,5.036476875071564,Actinopolyspora erythraea,mg,39,0.004560793409494796
C18_negative|IK:HMUJXQRRKBLVOO-UHFFFAOYSA-N,RandomForest_tuned,0.153548041468893,5.036476875071564,Frankia alni,mg,40,0.004538636037538202
C18_negative|IK:HMUJXQRRKBLVOO-UHFFFAOYSA-N,RandomForest_tuned,0.153548041468893,5.036476875071564,Kutzneria albida,mg,41,0.004207749457891732
C18_negative|IK:HMUJXQRRKBLVOO-UHFFFAOYSA-N,RandomForest_tuned,0.153548041468893,5.036476875071564,Luteitalea pratensis,mg,42,0.004133579475614525
C18_negative|IK:HMUJXQRRKBLVOO-UHFFFAOYSA-N,RandomForest_tuned,0.153548041468893,5.036476875071564,Thermobifida fusca,mg,43,0.004110466961472885
C18_negative|IK:HMUJXQRRKBLVOO-UHFFFAOYSA-N,RandomForest_tuned,0.153548041468893,5.036476875071564,Leifsonia sp. 21MFCrub1.1,mg,44,0.004106163082072705
C18_negative|IK:HMUJXQRRKBLVOO-UHFFFAOYSA-N,RandomForest_tuned,0.153548041468893,5.036476875071564,Pedobacter sp. G11,mg,45,0.004078474172786461
C18_negative|IK:HMUJXQRRKBLVOO-UHFFFAOYSA-N,RandomForest_tuned,0.153548041468893,5.036476875071564,Alloactinosynnema sp. L-07,mg,46,0.00404393186030683
C18_negative|IK:HMUJXQRRKBLVOO-UHFFFAOYSA-N,RandomForest_tuned,0.153548041468893,5.036476875071564,Weeksella virosa,mg,47,0.004008034301751997
C18_negative|IK:HMUJXQRRKBLVOO-UHFFFAOYSA-N,RandomForest_tuned,0.153548041468893,5.036476875071564,Lentzea guizhouensis,mg,48,0.003948477256920749
C18_negative|IK:HMUJXQRRKBLVOO-UHFFFAOYSA-N,RandomForest_tuned,0.153548041468893,5.036476875071564,Allokutzneria albata,mg,49,0.0038351383547030864
C18_negative|IK:HMUJXQRRKBLVOO-UHFFFAOYSA-N,RandomForest_tuned,0.153548041468893,5.036476875071564,Opitutus sp. GAS368,mg,50,0.0037248889454655145
