C18_negative|IK:RGHHSNMVTDWUBI-UHFFFAOYSA-N_log1p,C18_negative|IK:WLJVXDMOQOGPHL-UHFFFAOYSA-N_log1p,C18_positive|IK:LVGKNOAMLMIIKO-QXMHVHEDSA-N_log1p,HILICZ_negative|IK:COLNVLDHVKWLRT-QMMMGPOBSA-N_log1p,C18_positive|IK:MECHNRXZTMCUDQ-UHFFFAOYSA-N_log1p,C18_negative|IK:AIONOLUJZLIMTK-UHFFFAOYSA-N_log1p,C18_negative|IK:GYUCMTKUEQLBJW-UHFFFAOYSA-N_log1p,C18_positive|IK:MBIZFBDREVRUHY-UHFFFAOYSA-N_log1p,C18_positive|IK:GUMFPOIJOXLCLA-JKSUJKDBSA-N_log1p,HILICZ_positive|IK:OYTCZOJKXCTBHG-UHFFFAOYSA-N_log1p,C18_negative|IK:NGFMICBWJRZIBI-UHFFFAOYSA-N_log1p,C18_negative|IK:LTSJJOKAWSCMBC-UHFFFAOYSA-N_log1p,C18_positive|IK:NGFMICBWJRZIBI-UHFFFAOYSA-N_log1p,C18_negative|IK:ZWNLSRDFHQCTQW-UHFFFAOYSA-N_log1p,C18_negative|IK:GHOKWGTUZJEAQD-UHFFFAOYSA-N_log1p,HILICZ_negative|IK:LWYJCVVIVLBLID-UHFFFAOYSA-N_log1p,C18_positive|IK:PUQSUZTXKPLAPR-UJPOAAIJSA-N_log1p,C18_positive|IK:WCGUUGGRBIKTOS-UHFFFAOYSA-N_log1p,C18_positive|NAME:_log1p,C18_negative|IK:IQFYYKKMVGJFEH-UHFFFAOYSA-N_log1p,C18_negative|IK:BJRNKVDFDLYUGJ-RMPHRYRLSA-N_log1p,HILICZ_positive|IK:XPCTZQVDEJYUGT-UHFFFAOYSA-N_log1p,C18_positive|IK:OYTCZOJKXCTBHG-UHFFFAOYSA-N_log1p,C18_negative|IK:GUNGQVJAKLIYDG-JXMROGBWSA-N_log1p,C18_negative|IK:OKVJCVWFVRATSG-UHFFFAOYSA-N_log1p,C18_positive|IK:GHOKWGTUZJEAQD-UHFFFAOYSA-N_log1p,C18_negative|IK:UGAGPNKCDRTDHP-UHFFFAOYSA-N_log1p,C18_positive|IK:IBMRTYCHDPMBFN-UHFFFAOYSA-N_log1p,HILICZ_negative|IK:SLWWJZMPHJJOPH-PHDIDXHHSA-N_log1p,HILICZ_positive|IK:SIOXPEMLGUPBBT-UHFFFAOYSA-N_log1p,C18_positive|IK:OVASVJPBDPJABT-UHFFFAOYSA-N_log1p,HILICZ_positive|IK:KWIUHFFTVRNATP-UHFFFAOYSA-N_log1p,HILICZ_negative|IK:QZZGJDVWLFXDLK-UHFFFAOYSA-N_log1p,C18_negative|IK:BJEPYKJPYRNKOW-REOHCLBHSA-N_log1p,C18_negative|IK:CKEXCBVNKRHAMX-UHFFFAOYSA-N_log1p,C18_negative|IK:KDYFGRWQOYBRFD-UHFFFAOYSA-N_log1p,C18_negative|IK:LJCWONGJFPCTTL-ZETCQYMHSA-N_log1p,HILICZ_negative|IK:AAWZDTNXLSGCEK-LNVDRNJUSA-N_log1p,C18_negative|NAME:_log1p,HILICZ_negative|IK:JVQYSWDUAOAHFM-UHFFFAOYSA-N_log1p,C18_positive|IK:RGHHSNMVTDWUBI-UHFFFAOYSA-N_log1p,HILICZ_positive|IK:COLNVLDHVKWLRT-QMMMGPOBSA-N_log1p,C18_positive|IK:RGHMISIYKIHAJW-UHFFFAOYSA-N_log1p,C18_positive|IK:LWYJCVVIVLBLID-UHFFFAOYSA-N_log1p,C18_positive|IK:PRYIJAGAEJZDBO-ZEQHCUNVSA-N_log1p,C18_negative|IK:PVWALMCXZUMCBB-UHFFFAOYSA-N_log1p,C18_negative|IK:HMUJXQRRKBLVOO-UHFFFAOYSA-N_log1p,C18_negative|IK:RGHHSNMVTDWUBI-UHFFFAOYSA-N_original,C18_negative|IK:WLJVXDMOQOGPHL-UHFFFAOYSA-N_original,C18_positive|IK:LVGKNOAMLMIIKO-QXMHVHEDSA-N_original,HILICZ_negative|IK:COLNVLDHVKWLRT-QMMMGPOBSA-N_original,C18_positive|IK:MECHNRXZTMCUDQ-UHFFFAOYSA-N_original,C18_negative|IK:AIONOLUJZLIMTK-UHFFFAOYSA-N_original,C18_negative|IK:GYUCMTKUEQLBJW-UHFFFAOYSA-N_original,C18_positive|IK:MBIZFBDREVRUHY-UHFFFAOYSA-N_original,C18_positive|IK:GUMFPOIJOXLCLA-JKSUJKDBSA-N_original,HILICZ_positive|IK:OYTCZOJKXCTBHG-UHFFFAOYSA-N_original,C18_negative|IK:NGFMICBWJRZIBI-UHFFFAOYSA-N_original,C18_negative|IK:LTSJJOKAWSCMBC-UHFFFAOYSA-N_original,C18_positive|IK:NGFMICBWJRZIBI-UHFFFAOYSA-N_original,C18_negative|IK:ZWNLSRDFHQCTQW-UHFFFAOYSA-N_original,C18_negative|IK:GHOKWGTUZJEAQD-UHFFFAOYSA-N_original,HILICZ_negative|IK:LWYJCVVIVLBLID-UHFFFAOYSA-N_original,C18_positive|IK:PUQSUZTXKPLAPR-UJPOAAIJSA-N_original,C18_positive|IK:WCGUUGGRBIKTOS-UHFFFAOYSA-N_original,C18_positive|NAME:_original,C18_negative|IK:IQFYYKKMVGJFEH-UHFFFAOYSA-N_original,C18_negative|IK:BJRNKVDFDLYUGJ-RMPHRYRLSA-N_original,HILICZ_positive|IK:XPCTZQVDEJYUGT-UHFFFAOYSA-N_original,C18_positive|IK:OYTCZOJKXCTBHG-UHFFFAOYSA-N_original,C18_negative|IK:GUNGQVJAKLIYDG-JXMROGBWSA-N_original,C18_negative|IK:OKVJCVWFVRATSG-UHFFFAOYSA-N_original,C18_positive|IK:GHOKWGTUZJEAQD-UHFFFAOYSA-N_original,C18_negative|IK:UGAGPNKCDRTDHP-UHFFFAOYSA-N_original,C18_positive|IK:IBMRTYCHDPMBFN-UHFFFAOYSA-N_original,HILICZ_negative|IK:SLWWJZMPHJJOPH-PHDIDXHHSA-N_original,HILICZ_positive|IK:SIOXPEMLGUPBBT-UHFFFAOYSA-N_original,C18_positive|IK:OVASVJPBDPJABT-UHFFFAOYSA-N_original,HILICZ_positive|IK:KWIUHFFTVRNATP-UHFFFAOYSA-N_original,HILICZ_negative|IK:QZZGJDVWLFXDLK-UHFFFAOYSA-N_original,C18_negative|IK:BJEPYKJPYRNKOW-REOHCLBHSA-N_original,C18_negative|IK:CKEXCBVNKRHAMX-UHFFFAOYSA-N_original,C18_negative|IK:KDYFGRWQOYBRFD-UHFFFAOYSA-N_original,C18_negative|IK:LJCWONGJFPCTTL-ZETCQYMHSA-N_original,HILICZ_negative|IK:AAWZDTNXLSGCEK-LNVDRNJUSA-N_original,C18_negative|NAME:_original,HILICZ_negative|IK:JVQYSWDUAOAHFM-UHFFFAOYSA-N_original,C18_positive|IK:RGHHSNMVTDWUBI-UHFFFAOYSA-N_original,HILICZ_positive|IK:COLNVLDHVKWLRT-QMMMGPOBSA-N_original,C18_positive|IK:RGHMISIYKIHAJW-UHFFFAOYSA-N_original,C18_positive|IK:LWYJCVVIVLBLID-UHFFFAOYSA-N_original,C18_positive|IK:PRYIJAGAEJZDBO-ZEQHCUNVSA-N_original,C18_negative|IK:PVWALMCXZUMCBB-UHFFFAOYSA-N_original,C18_negative|IK:HMUJXQRRKBLVOO-UHFFFAOYSA-N_original
0.6256725658623148,0.018124169,0.0,0.05366221863790098,4.603016866301762,1.8338203901943806,0.17719759,0.039576717,0.0846921,0.49435996841453655,15.727010868664921,0.0,15.194682950749733,0.165355999482892,1.0765200949161868,0.7174905261831906,11.863444,8.575289789596644,17.279396,11.511590740655487,12.409097,11.006932,0.29329974431195593,0.8977519310411206,10.098453006462798,0.12947299,10.48299158269991,-0.10222541,13.166658992669412,0.8830820806025977,10.535753142623296,15.79868969337293,12.35943100216082,0.5849951010380431,1.0828743241755208,1.4517297,0.10936127,13.728329992485339,16.843311,14.606100647997279,15.71265449628605,2.497979604171288,1.6148311097052153,1.0449373742190529,5.701011065367578,-0.06660169,7.917862440375258,0.8695028985260533,0.018289408,0.0,0.05512813933512724,98.78489970433216,5.257748088953026,0.19386697,0.04037031,0.0883819,0.6394486043036791,6763227.134093051,0.0,3971612.331127331,0.17981305679621368,1.934450154712698,1.0492841277399352,141979.4,5298.086835974962,31940840.0,99865.61660335897,245019.39,60289.65,0.34084464075678156,1.454079964285193,24304.380059849176,0.13822836,35702.05658392155,-0.097173974,522644.6566442253,1.4183417562447367,37636.38595227387,7265804.285504716,233147.53114198984,0.7949821920688881,1.9531556904388339,3.2704947,0.1155653,916510.5903370715,20651764.0,2204696.0122194956,6666825.358151864,11.157905348451,4.0270388336987395,1.8432204591744532,298.1697282562475,-0.06443223,2744.895253211847
1.6119114159134809,0.073895305,0.0,7.871866718418178,10.480419094856117,0.9855169015068976,0.1021347,0.022971135,-0.032790326,0.4142565091928583,16.488419142910026,10.550365683451718,15.076210297201719,0.33866762482077406,12.983554449622403,1.001704288761699,12.837412,3.6849222290428076,18.196735,11.615552304248874,13.159915,12.416026,0.007525893515004461,0.2442578142145101,9.594814822782181,13.8681,13.44328288906134,12.75832,16.743891646380135,13.13847960804032,4.050603566465318,18.33078742418994,0.0,10.679556243324473,0.3187476298724772,12.567284,0.6799344,16.24746002741837,17.447563,3.413958561437807,16.678020853045417,11.339988602480584,11.87687023565937,1.835296998201911,7.910757819790006,-0.04502668,2.300176022061458,4.012382825564559,0.07669408,0.0,2621.456409554689,35610.32893958362,1.6791964072194285,0.10753264,0.023237003,-0.032258548,0.5132452384198819,14482029.209181158,38190.40172215974,3527888.226394845,0.40307691976022525,435196.1603721458,1.722918515635031,376024.38,38.84202377704396,79935880.0,110806.78407907004,519131.78,246723.12,0.007554284228743805,0.27667343262224525,14687.421697386431,1053996.0,689196.315864432,347429.47,18697335.646866925,508122.3987767205,56.43211068254798,91402867.88679598,0.0,43457.261179066496,0.3754041701763174,287012.25,0.9737482,11381046.472006585,37790304.0,29.38528853278702,17505414.585440494,84118.0723856059,143898.47372756706,5.26699515535626,2725.455845845765,-0.04402802,8.97593828549971
1.1495571667731805,-0.021361653,0.0,12.498649950366364,9.859404900055576,1.0149780995791238,0.14162312,0.14624387,0.0017763829,0.14952401698474768,16.752110109006757,0.5063428228155122,15.635234105702077,0.16623743482426653,10.213061128255438,0.7321508495141013,12.494763,9.956312432741681,17.732384,0.8563582819924894,12.31494,12.404066,0.023224238399092056,0.22826939698513637,10.475817515936473,10.149449,11.16395204081234,1.9659361,14.81687496193664,11.369621427620908,2.8667407626873898,15.53777938573374,0.0,11.132187647679595,1.1738315587394252,10.569026,0.5967022,14.93032174524506,17.180246,11.371511703515422,16.25873827516796,8.844131511370264,3.7209217215598827,0.8302295397064955,3.609139877019701,0.2268104,2.2529469606597927,2.1567946665497617,-0.021135109,0.0,267974.2622958387,19136.497322465617,1.7593029668182583,0.15214235,0.15747842,0.0017779616,0.16128136095381138,18851632.18099459,0.659212053007482,6170151.461476165,0.18085344417043028,27255.876810040245,1.0795485970547867,266934.78,21083.900195675335,50243096.0,1.3545703800965707,223001.98,243789.88,0.023496020926196955,0.2564237566162132,35446.83704794432,25576.014,70540.18769355143,6.1415944,2721992.1943092057,86648.05833426236,16.579628546090053,5597212.181813579,0.0,68334.70305327786,2.2343615735994566,38909.758,0.81611973,3048991.436277844,28925854.0,86812.00386283753,11510131.302108863,6932.579709196865,40.30244592421164,1.2938452083950822,35.93427113334221,0.25459197,8.515737059605552
13.056795628392699,11.142712,11.31583533353724,0.41466424030962257,0.6245314503286614,10.80496663609318,2.6385503,11.873859,10.073635,12.426657956258763,13.142686606949825,10.221007197822649,13.036968373039569,11.4547961879047,2.0908404489529286,12.805374979171292,-0.007836542,12.335833691080797,16.816256,11.23900352387001,-0.06302864,0.7473256,7.943265245781937,8.47815913661928,1.0561722956624482,0.39176372,0.31117273495461617,0.043086827,0.16807584679687562,0.13994738699953818,11.876429624857956,1.2897859049218827,13.866663543700476,0.08685033125732762,3.2860124307066507,0.4079921,13.321347,0.9275278877943307,15.918302,9.486860000878305,14.407568756679852,2.4885834337972144,1.2973575389642462,10.894267547387875,0.2244527024436703,10.480756,11.583760799979705,468266.7976246646,69057.664,82110.66215595638,0.513862361392451,0.8673707964470949,49263.87522849586,12.992903,143465.88,23708.596,249360.25723079228,510264.5762709552,27473.324632984757,459073.76984381117,94351.79630257709,7.091712978997399,364168.60254920606,-0.0078059155,227710.25754517433,20100506.0,76038.14282626311,-0.061083417,1.1113459,2815.5422124612783,4807.589787394606,1.8753439321331753,0.47958806,0.36502498835237274,0.04402854,0.18302633600328277,0.1502132810933413,143835.08403124288,2.632008877282909,1052482.8959909994,0.09073341880167166,25.736039003938643,0.50379527,610080.1,1.5282513247886529,8188992.5,13184.328338156896,1807704.2056717477,11.044202620056895,2.659613493486091,53865.688805162994,0.25163751055234596,35622.32,107339.4459180016
3.0780644061426345,0.03150056,0.006414046307146177,0.9296408502924136,9.302742459105403,2.3974737900207352,0.5197276,0.61480874,0.28834003,1.8919882565013464,16.48106281754482,2.0931038070480317,15.149572624719433,0.3259811723869478,1.3879960204948563,1.7292211776019797,12.850569,8.578170071291229,17.361618,3.012366905295919,12.271845,0.96204406,0.8373867228412504,0.9246033183734199,8.357530102294557,1.403477,0.38832002453877124,11.106123,0.8696271280342179,1.7302083552836052,5.051976659259579,1.4783583007410142,12.214432783514058,1.5092549066272773,1.243748397147796,1.4905677,0.24979027,0.21935072199934122,16.813034,1.6643072569071646,16.58315578125969,3.530298676423359,10.581197944194324,3.6950600309167903,2.3724979634021435,0.16085772,8.169322337676187,20.71632769907172,0.032001954,0.006434660351739484,1.5335990728295552,10967.05744903461,9.99536466637128,0.6815695,0.8493029,0.3342109,5.632542776258254,14375885.575234832,7.1100481647899825,3796432.4748322926,0.38538928505385167,3.006812432075451,4.6362625510906526,381004.38,5313.371700577534,34678068.0,19.335475151874594,213595.69,1.6170404,1.3103215704709499,1.5208680799443206,4261.154669235038,3.0693243,0.4745015854799462,66576.57,1.3860210072918433,4.641829290917454,155.33117274052398,3.3857397018932893,201678.03630512947,3.5233592134265783,2.46859078329497,3.439615,0.28375614,0.24526794297149354,20035856.0,4.282012904111971,15921098.200582098,33.13416116156262,39386.269903969966,39.247988639109,9.72414738124962,0.17451786,3529.950360660405
13.84164832504904,11.550453,11.191149145680047,0.0,0.7131663021570737,11.707776242778186,10.891492,12.220177,12.430386,12.010288972567016,13.534074860527552,13.340127726349925,13.395144498001073,11.963632607359404,0.40213276412156046,13.804610391284815,0.10760223,13.798779569232705,16.924637,12.166632506236079,0.12325161,0.6720044,9.147535012098562,9.56206873221268,0.31053616955819086,0.11948617,0.29170336741164155,0.11182392,0.17613701687507805,0.0,12.24440438643947,0.024677079859077567,13.093426043727506,0.004811695339658924,10.070485839440634,0.3857884,13.751868,0.33358103174956377,15.977453,0.9922526217036827,14.323008278277474,0.22641954572233383,0.18069142703429994,11.39897502280764,0.08603175004415155,11.141876,13.516394143124597,1026481.3542141933,103823.08,72485.03094663059,0.0,1.0404416961845633,121511.9648650465,53716.38,202839.8,250291.52,164437.01547691243,754698.443223746,621646.02477085,656805.3452971061,156941.1597725969,0.4950098031641125,989158.0248762071,0.1136047,983407.1969413635,22401462.0,192264.499602181,0.131169,0.9581583,9390.262475487452,14214.223292787296,0.36415633718550156,0.12691766,0.3387058549537027,0.11831593,0.19260145398089307,0.0,207814.17593715384,0.024984079074071772,485737.670736078,0.0048232901350948945,23634.044817043774,0.47077343,938339.56,0.3959581588905451,8687998.0,1.6973036387329352,1661128.3798004817,0.2541017079279318,0.19804543781623105,89229.2175352817,0.08984093025347277,69000.0,741472.0859400153
13.709086569057929,11.027506,0.18135592818410134,0.01897460231169628,0.27184127036518374,11.030094355122962,1.063827,11.723394,0.5034139,12.23000964767316,15.276983123845776,2.0020098976715395,14.624960013980097,11.733942367804936,0.01551985256386499,14.057980946026445,11.231533,12.939087400000195,17.66649,11.428267129319105,10.525946,0.59343594,2.672017861897949,7.460143355030319,0.9439688491389887,0.02187042,0.29396480596946234,0.16581276,10.453709151236266,0.025469546159928674,11.957067819822223,0.11587427725056312,12.65586823209821,0.014435086018976771,10.726741036571447,0.6967198,13.253509,0.9883004508184153,17.060686,1.2812173781652971,15.000971335995343,0.6250645512363701,1.4608748247487233,11.212692628893352,0.04727663193003783,0.068544134,12.947187606513143,899042.3828348742,61542.89,0.19884180495130896,0.019155764088276548,0.3123786713902291,61702.402554475564,1.8974384,123424.67,0.65435946,204844.1583656316,4312304.008355803,6.403922280325889,2246669.7550638835,124733.45140440231,0.015640910934215914,1274392.5113432482,75472.21,416268.18112679437,47039140.0,91881.61609201971,37269.062,0.8101975,13.469136474320752,1736.3971041119103,1.570161787188098,0.02211133,0.3417366817142611,0.18035208,34671.74294085712,0.02579666634713649,155914.24227370034,0.12285469487938609,313597.3268355113,0.014539774998104363,45556.978046979035,1.007158,570065.6,1.6866644715748915,25666216.0,2.601020862448744,3272193.2293633423,0.8683665589110634,3.309728136503097,74063.57515528327,0.04841199320152687,0.07094789,419653.74081373896
13.443380650315692,10.627601,11.835424551183449,0.041744125085731824,0.5525455880118977,10.300270156571813,9.506993,11.473859,11.058989,11.744365978041213,13.90474851960753,10.981119057790966,13.484483407129572,11.762637253638195,0.28045037382499916,11.651934887771626,-0.36229703,13.874809674060671,16.68152,11.991807574954786,-0.19811049,0.56139976,10.481087756647918,8.557426335705157,0.5936461603742094,7.961285,0.4285535153833241,0.080311716,0.10520937867160043,0.0,12.091877370538576,0.01909989299909597,13.647781947448488,0.01774202017880428,3.1756440906092362,0.357273,13.527259,0.217818864963545,16.044237,1.7381709806626995,14.368723571445821,0.40132373500324847,0.1531098034224561,10.657924828260894,0.5721314913954338,10.480719,11.742940507792175,689263.6959520545,41257.016,138056.36293090662,0.042627662352689374,0.7376707864950914,29739.652400380688,13452.482,96167.664,63511.28,126040.43461687153,1093339.7985462283,58753.266919785274,718184.6694354598,128364.53993361909,0.3237258495817017,114912.49280227954,-0.3039244,1061091.583148069,17566784.0,161425.8818164681,-0.17972079,0.7531247,35634.14883744106,5204.267307848631,0.8105780526101706,2866.756,0.5350355116290587,0.083624795,0.1109431938159923,0.0,178415.74744567942,0.019283462814090043,845582.2859597552,0.01790034476548295,22.942235872480033,0.42942607,749571.94,0.24336183082998666,9288030.0,4.686932395268247,1738829.93935058,0.49380078583224857,0.16545294263899668,42527.292030058285,0.7720401171387377,35620.996,125860.89429677324
13.434007924717164,11.681488,0.6959508685096779,2.7026408784944875,0.24989842907830168,11.36866402492779,10.1291065,11.033251,10.992994,11.240549537480472,15.442258214000795,11.817438265928331,14.689733034913434,11.806731832541672,6.159054623898445,13.109189278836592,11.670281,13.312353766497521,17.473911,12.37401441251934,11.761173,0.5457438,2.4423591129897617,8.266759242616143,4.062439624863792,7.555691,4.328089524104154,7.888918,11.650443157466537,0.0,12.014723490455333,10.030958776934607,0.0,0.01718901613805432,10.79688768022852,0.36651662,13.441092,8.151455384008942,16.906364,1.7606341504180703,14.878777182463063,5.3354775337791756,7.718421571659123,11.484937456162951,0.03395595526666758,0.13062687,12.692178419395601,682833.5879835223,118359.23,1.0056152439170216,13.919079221499386,0.283895003665882,86565.13999191287,25060.963,61897.473,59455.15,76155.79129563458,5087301.126898104,135595.4217584628,2397009.8380526025,134151.41159435821,471.9807187402793,493455.15002234513,117040.21,604617.9878639551,38799244.0,236572.54533860544,128176.75,0.72589165,10.500138893475158,3891.31448362034,57.115919314980545,1910.5902,74.7993353472658,2666.556,114741.20065521028,0.0,165167.83802325968,22718.043601271464,0.0,0.01733759737687808,48867.46990251015,0.4427004,687687.7,3467.423281733731,21995850.0,4.816124522979757,2895814.0962316412,206.57184771340764,2248.406250392174,97239.00269674642,0.03453903972850527,0.1395425,325193.39449129766
13.010043364138712,10.361606,10.564454697736812,1.631940388765099,0.7475957058793797,10.477925288751566,1.2948276,11.350995,2.004689,11.470946367597525,12.938664039672524,1.4102323208735752,12.913385215349532,11.660533175580616,2.7271885353512495,4.711842240423603,0.032779623,11.898146046089574,16.512592,10.949586020752509,0.26490274,0.6904384,7.890714558010023,3.054652901797145,1.0989387528610273,0.8878499,0.34010174399744364,0.009523375,0.37102175966656814,0.0,12.035192495513963,0.615245260481931,12.436985978060138,0.10008195913810153,3.3328391570950604,1.4117025,0.61745673,6.886824978106564,15.910699,9.322890156141822,14.356212237012148,3.0987461832548204,1.0818652926082153,6.013033095594777,0.27847048768610244,10.369234,11.591875515008788,446878.09862594336,31620.914,38732.28929375102,4.113787834237884,1.1119162398156641,35521.63183274392,2.6503665,85049.04,6.4237847,95887.98236796103,416091.9865693975,3.096907090552812,405705.4775207912,115904.81209642258,14.289839691463545,110.25693324675497,0.033322796,146992.8526368602,14836371.0,56929.47245306463,0.30330423,0.99458975,2671.352789688243,20.213820969739405,2.000979552464455,1.4298996,0.4050905428198002,0.009568867,0.449214607470202,0.0,168583.51833538632,0.8501103028628128,251949.01107355385,0.10526150064353187,27.01777575382305,3.1029348,0.8542063,978.2872176524744,8126970.5,11190.27970378194,1717210.370785865,21.170136559342307,1.9501773659884045,407.7211323898522,0.3211076158780033,31863.062,108214.02673561829
2.8317740536809914,0.13534302,0.0,14.645990707004572,11.340794313262764,2.7456986034850814,0.23297158,0.22646287,-0.0860492,0.5272586253792996,16.0292883461203,0.3158018147171409,15.021170406936628,0.2971973580401628,12.8669875207497,2.4442785826501807,12.585897,2.614111235892389,17.578762,12.778396863320175,13.061364,11.95652,0.02393353443734114,0.7024377784241941,10.712789085644772,12.634288,12.825001168519863,10.646183,14.831643727832672,10.934964211693046,3.7421800558201084,18.62082811913839,0.0,9.304715001599856,1.9039182804888612,12.545648,12.575368,16.135782585925003,17.390379,15.204802684774938,16.39048859429814,12.205205004792917,12.316829439065657,3.919300057877102,3.5987029502212993,0.1585744,4.842144191579334,15.9755496634091,0.14492944,0.0,2294419.1394531387,84185.8753403318,14.5754912247364,0.2623456,0.25415605,-0.08245091,0.694281276728568,9150217.768762898,0.3713584456311135,3338960.561689434,0.34608093312962696,387311.6475836111,10.52223426008076,292404.7,12.655074842805677,43088300.0,354475.33379070216,470411.0,155828.86,0.024222240120755613,1.018667778865819,44925.7689114604,306902.25,371386.4619775806,42030.85,2762490.997116847,56103.10219219939,41.18986624457412,122158276.58836128,0.0,10988.713760409742,5.712143043130608,280869.12,289341.94,10178441.75053394,35689924.0,4012008.0539346472,13131027.749791324,199825.54711082636,223423.63644672494,49.36517972693965,35.55079548378889,0.1718391,125.74081718209995
12.139745348871294,0.04982599,0.14170298964207617,0.0,1.14475430445631,9.517482616141463,0.23405644,11.571677,0.45184273,2.807718072214237,12.330626630456063,1.1903573362583937,12.580528438304192,11.0122757629772,0.07162790102335957,1.8098288256596418,0.18881752,12.969466595155295,16.39323,10.801537238447837,0.01680702,0.74393725,9.138358530441428,2.2322736469649764,0.4603664797792596,0.34117216,0.2882299001145963,-0.038644597,0.15915728868577178,0.2259130943054384,12.151164397629431,0.012151025367218115,12.503812534223645,0.23303049520112004,5.305352318233122,0.61738604,0.9029997,0.22188966972103685,15.778886,1.9455990011896165,12.46224099443182,0.2619150839487202,0.18676809270610434,2.99842794890769,2.91487771725803,-0.012512187,10.206927606214752,187163.90438452273,0.05108818,0.1522343721664182,0.0,2.141669367842496,13594.343401460132,0.2637158,106050.195,0.57120484,15.572058797545091,226527.63289341916,2.2882560105701875,290838.9626387539,60612.67235186078,0.07425554029794537,5.109401569937052,0.20782052,429108.1503013446,13167080.0,49095.21574690072,0.016949052,1.104204,9304.477929775498,8.321034747689767,0.5846546224682814,0.40659538,0.3340639703303935,-0.03790742,0.17252235667805432,0.2534667271480509,189313.39878736288,0.012225148997743247,269361.284287183,0.26241997649135007,200.411951017431,0.85407525,1.4669923,0.2484336302348652,7123329.0,5.997822303750461,258393.04227973765,0.299416196452004,0.20534772370621232,19.053986239069374,17.446556569307788,-0.012434234,27089.20781186077
4.190676825902676,0.00051250093,0.0,1.2202946539099135,5.625920493986179,1.754896488000086,0.12583975,-0.07851395,-0.13618597,0.2266910953811737,16.276577141140304,0.09005171666879334,15.288812683655324,0.13483393258975007,9.953424320965382,0.8301854006188033,13.808018,2.958840477642156,18.35341,9.944738063046728,11.752585,1.0358586,0.007821234258397562,0.778587339037759,10.081621555974545,11.576779,0.2616828824274496,12.445694,1.4155472483974454,2.8877175657032463,3.901749484564507,2.201560722847595,0.0,12.991379512174285,0.6097616238323128,11.350887,11.177827,0.4404779691416877,16.855253,2.3517888544008723,16.7979278419916,5.139073762171326,11.8487590272453,2.1877296207304506,8.201798818416627,-0.11493378,4.0299238793754935,65.06749202121036,0.0005126323,0.0,2.3881859287844893,276.5276294972985,4.782849116697589,0.13410042,-0.07551084,-0.12731968,0.2544423050612949,11717301.355110511,0.094230872217515,4363619.600384239,0.1443467298729658,21023.09249909778,1.2937439623947462,992534.2,18.275608293763778,93494270.0,20841.262662842448,127080.695,1.8175244,0.00785190000692609,1.178392760448928,23898.708853286502,106592.664,0.2991145050623795,254152.58,3.118739823111674,16.952287887096194,48.488953574742304,8.039110041738935,0.0,438614.96410610963,0.8399927360833483,85039.875,71525.76,0.5534495420375972,20899864.0,9.504343669195514,19735464.25638269,169.5577181260868,139909.6141388069,7.914949803479136,3646.50560993112,-0.10857483,55.25662879442196
2.368530567809092,0.013836507,0.0,10.423394245913666,10.46979085511571,1.8323108393044452,0.13847628,10.17334,0.0654055,0.38528677476541223,16.81339145783369,10.504172121525567,15.752603475630321,11.646164353436259,10.241311147253693,0.8008036024280257,12.628903,10.368719236678164,17.56075,1.2802054456813945,12.677695,12.417281,0.040577674234913555,0.7812141804569195,10.766965422674877,0.8585848,12.31882443428643,0.5431055,13.704184089845567,3.3698812754280896,3.9323500199669215,2.6106830287739324,0.0,11.752901275458976,0.49078086793416464,11.420594,0.014236679,15.972159302703057,17.165318,6.590132780896325,16.336270302169808,9.987484994384419,11.322678383833127,1.5791770481475123,6.992523855455102,-0.022006279,3.8141772272290813,9.681684734945552,0.013932674,0.0,33636.41425403501,35233.84741003927,5.248308826072667,0.14852244,26194.42,0.067591846,0.4700358301795681,20043017.72534113,36466.331869356465,6938549.684797474,114251.29012762038,28036.863604580056,1.2273300973802224,305254.2,31846.661521191323,42319100.0,2.597378715576985,320517.5,247032.97,0.04141219745669668,1.1841225751417699,47426.8753639763,1.3598188,223869.81244014448,0.7213442,894645.6276460476,28.07507492705078,50.02675076263871,12.608342567754327,0.0,127120.83997977001,0.6335913411357873,91179.305,0.014338504,8642126.100808023,28497230.0,726.8775117110131,12438041.805747136,21751.52222985342,82674.48331806828,3.8509620599167502,1087.4651411067587,-0.021765906,44.33943697816309
7.065328900566528,11.215687,0.0,0.7275782431746631,10.07527282279731,3.7312285747319947,0.10604526,12.565547,0.07624255,0.2073013173686881,15.891033433477523,0.2663235964920382,14.936933037555272,11.837721241237904,10.81574836998471,6.756685802406375,11.812923,3.9797138094503204,17.128979,10.919273199665007,11.488867,11.643307,0.009981323175187413,0.09851357968304937,4.240544512426242,11.844966,11.390415393632763,11.059946,11.829792547607223,2.5784638088812457,7.592383155028825,15.8588453389768,0.0,2.7041439174334774,0.9197804095845595,0.6409092,13.170183,14.291680828823024,16.466656,13.343688965666871,16.063357339136584,8.109868052977241,3.575176092405509,5.8880946316211,3.7821332587651333,-0.0032265198,10.757820655775603,1169.6669411641863,74285.67,0.0,1.0700613472166232,23747.456616845106,40.73034553119422,0.111872196,286514.25,0.07922431,0.23035324273480767,7968711.014290847,0.3051573346947907,3069215.998104204,138373.80229367272,49797.90973913852,858.7879614606179,134984.61,52.50172034949647,27480266.0,55229.642702534074,97621.84,113925.266,0.010031302730309168,0.10352938987199228,68.44565556792624,139379.92,88468.69948166255,63572.12,137281.00881720972,12.176880397105807,1982.0337638548444,7716297.506711105,0.0,13.94152003898971,1.508739434311612,0.89820594,524489.8,1609896.1111861803,14170256.0,623863.8052763904,9467327.643384166,3326.1389948451792,34.70090692075047,359.71732978306676,42.90961246045926,-0.00322132,46995.13558779782
6.3286885079102575,11.808158,0.0,14.587481355755468,11.053745704876572,5.843384756465728,0.15101299,11.715001,-0.20968346,0.1396217722069769,16.217303139595607,0.13228271466951502,15.30520806368068,12.257932388626491,11.543260676991823,9.587550873954319,12.301683,2.7984453477946927,17.467041,11.939191623106826,12.774607,12.099848,0.07034833271831188,1.130560557888119,4.0870394203695675,11.481403,11.969542245033631,0.94698757,13.742228169840043,10.681345413790007,7.396122424895635,1.5007810069968963,0.0,4.98453682980043,0.8606877957851091,10.998359,13.297267,15.293841429414396,16.89707,15.549131327953447,15.949272243173281,12.68206895399293,11.846495822284744,7.994687554647858,3.9232623676588836,11.480538,11.932592568553785,559.4211238060382,134342.86,0.0,2164025.9134176173,63179.16619650354,343.94492150190604,0.16301176,122393.055,-0.18915914,0.14983881560347684,11042953.045383705,0.14143097293591114,4435752.5259562535,210644.6019307649,103079.00126020674,14581.112334152076,220065.14,15.41910092732528,38533596.0,153151.83496228897,353134.34,179843.48,0.07288183601871627,2.0973922812522128,58.5632885504857,96895.95,157871.3769887902,1.5779321,929337.3588522336,43535.08501574623,1628.6530606121821,3.485190668068087,0.0,145.1358735669939,1.3647866247606273,59774.953,595564.7,4385618.405813054,21792356.0,5661113.437901725,8446579.50252538,321922.4147972185,139593.32579053784,2964.163800659932,49.56513805804815,96812.17,152144.49843933547
13.424109279424663,11.300071,11.072014594322809,0.01897460231169628,1.0553546247070473,10.898964432907976,10.298391,11.708399,11.082479,11.255712508196867,13.929402679643074,11.408839661372332,13.694773969119325,12.157050516512518,0.07111033946475442,13.421605461427873,-0.0037989067,13.563038418328288,16.652,11.781846005192008,0.33798268,0.5831634,9.68790300985995,9.352741770019243,0.4637255884096405,0.06652045,0.2790171689837437,-0.08251824,0.09434488035428447,0.0,12.175750165941793,0.8330168808463584,12.570407761480906,0.04780609920968783,7.639346473593661,0.55434835,13.578031,0.20815920340091343,15.789123,1.1611416732744444,13.944506272106343,0.19613958615624993,0.22816276990871975,11.402191896505819,0.38748819648580485,11.00091,11.982720188846073,676107.7936476449,80826.36,64344.00543039932,0.019155764088276548,1.8729938078582007,54119.28957650506,29683.828,121587.64,65020.844,77319.35373011317,1120630.226547711,90113.79723656017,886266.3815632119,190431.0118197222,0.07369969078174747,674417.057813011,-0.0037917,776876.8566376903,17055790.0,130854.11597304135,0.40211624,0.7916973,16120.40240104442,11529.393834124285,0.5899865998186928,0.06878282,0.32183003815315664,-0.07920536,0.09893868293175825,0.0,194025.52702533838,1.3002478565498974,287910.31033929717,0.04896724002706155,2077.3850930980125,0.7408062,788611.7,0.23140919847653124,7196623.0,2.1935772173841688,1137684.248197939,0.2166967275011425,0.25628979496640125,89516.7220600944,0.4732755636873551,59927.64,159965.5786318907
12.296146996393578,0.018423952,0.056268576862916184,0.0,1.5315000410767847,9.076544004446193,0.26584303,0.06919305,0.28447264,4.20986026504,12.738771210557127,6.875741441489166,12.710664597122102,10.07077588271487,0.2219284905400314,8.292327580253017,-0.019236764,11.06695939224002,16.821337,11.1015350446795,0.12400529,0.8372386,9.181154046504515,1.4235499628407557,0.6976343319921423,0.4760206,0.2802280467108521,-0.042919926,0.5206875039939572,0.23217155009161214,12.191045544720037,0.024680086337453465,13.39873745162822,0.019293036349498714,1.9899502945027534,0.7066908,12.827039,0.20941970169170554,15.911518,9.441799921723955,11.850234574071289,0.40475494639289233,0.3561522654299777,5.972255253890434,0.23075086217633226,0.0005742495,2.677877679746576,218850.12790646375,0.01859472,0.057881768152279564,0.0,3.625109475565477,8746.681776726222,0.30453026,0.07164307,0.32906094,66.34712840428698,340703.6359051193,967.493180468898,331260.9056170431,23640.900997075598,0.2484820963915931,3992.1176881811703,-0.019052917,64019.54921176475,20202900.0,66271.81385724542,0.13202186,1.3099794,9711.35481697051,3.1518331634412236,1.0089944675417417,0.60965616,0.3234315821466693,-0.0420119,0.6831844480321735,0.2613360925914249,197016.0485266361,0.024987160671173524,659169.4645799873,0.019480349650187592,6.3151701491031496,1.0272715,372143.97,0.23296236634355078,8133631.0,12603.383404976283,140116.21118574566,0.4989351355848153,0.42782494009123073,391.38961181808406,0.25954539995645476,0.0005744144,13.55417188115969
0.4675173924328861,0.036103882,0.0,12.448381978198135,11.221336386740225,4.688998185035884,0.2760247,11.077916,-0.003937276,0.30827298159594557,16.943292745213668,1.1273037742623337,15.48141383871481,11.634954855322889,11.124629386021402,1.0082758276907697,13.391427,2.3962646970920916,18.169024,11.188966273462887,13.400185,12.141283,0.008410240330441927,0.18361900903713996,9.86142677721261,12.652079,11.792087239608056,12.181074,15.700742135443665,11.581666876849907,2.280004607155231,1.1284964975851737,0.0,10.065232671245987,0.6890150499461996,11.729751,13.175596,15.191147038686692,17.618818,15.836904061871392,16.687958549942802,11.737124026824016,12.671699997055017,6.547113843876488,8.714300677187433,11.0092125,11.886661202326277,0.5960269621025497,0.03676354,0.0,254836.6559842316,74706.54624790094,107.74418366909053,0.31788042,64724.863,-0.003929535,0.3610724859683342,22823304.55243588,2.08732115343182,5290448.853643286,112977.73061397308,67820.15093834489,1.740871204450553,654368.25,9.982078282560288,77751120.0,72326.97577342832,660124.1,187451.92,0.008445705756180255,0.20155795315817976,19175.23013444366,312411.16,132201.1196071337,195061.28,6587878.869995692,107114.918429219,8.776725452316954,2.0910056702443867,0.0,23510.21149473982,0.9917527897821663,124211.695,527336.6,3957593.854296429,44849290.0,7548835.941471017,17680245.368433006,125130.94590737025,318601.65095321106,696.2289554780496,6088.374689489546,60427.28,145314.30856356185
0.21668750258464584,-0.019303448,0.0,2.8821509161931127,10.311376312161782,0.8137963366741058,0.07685545,0.068885826,-0.18353054,0.04399195662720811,15.002203728711521,5.314543451090976,14.576831250858838,8.957450045861535,0.9027766510747045,7.731234184687535,0.6575656,1.9912925517233442,17.135387,9.595745031030768,0.42488974,11.409176,0.0,0.22273087991369628,2.376120580445682,0.56167454,1.1108840155863862,3.0581436,1.7561745779451372,2.765690573857227,7.256849516685634,1.3380307233685955,13.110699457170936,1.426131260902879,0.19043778487221466,0.90355253,13.607404,3.5239097889541604,16.280043,12.629610819278948,15.096100189899767,5.600463826682847,3.640298739569248,4.219718455165479,4.475010886916766,0.09222099,8.842846727894344,0.2419559334708769,-0.01911833,0.0,16.852631426161068,30071.797728051704,1.2564580213426788,0.07988597,0.07131389,-0.16767354,0.04497394973960538,3276228.343609523,202.27168847335443,2141101.092351536,7764.530447431772,1.4664420610738027,2277.412448003776,0.930088,6.324995581709394,27656944.0,14701.09134523197,0.5294218,90144.1,0.0,0.24948426717077163,9.763067313772469,0.7536065,2.037042000551089,20.288002,4.790244843202478,14.890009427676485,1416.782792641136,2.8115301526000107,494200.91978999466,3.162564126288619,0.20977910473447461,1.4683565,812119.3,32.91677700792309,11757978.0,305470.2115513255,3598760.0445491876,269.5518675032798,37.10321796422278,67.01433250951237,86.79555622746491,0.096607134,6923.677280628651
1.2694230363017491,-0.0099464785,0.0,14.022464803937382,8.872961912265504,1.6095473511955902,0.58114815,-0.114215404,-0.08296631,3.6168861686279032,16.947338645569253,0.37481450518124787,15.37006393004207,0.10114778690827517,10.69050214672112,1.1831122364525137,13.61568,3.2845328476080384,18.00102,0.41473903171493004,12.976942,12.318481,0.23986662976325482,1.2539616520921204,10.285128646066903,11.224971,10.702007696136945,11.156377,15.288974408283366,8.661836342860568,4.881261100714093,18.199346703711566,0.0,0.2597843201101514,1.4567674939825312,11.311328,13.046912,14.411398117488442,17.6016,14.954200849210995,16.282480508777308,8.021518884988458,9.885147640999854,2.6492484664722995,6.708061736442518,-0.027452085,1.6075149591039284,2.558798672259207,-0.009897175,0.0,1229925.2964125087,7135.387052904775,4.000547223750647,0.7880902,-0.10793422,-0.07961785,36.22148575579515,22915832.425545387,0.4547215462798239,4732971.175502179,0.10644014704967955,43935.56406072947,2.264518362237236,818868.25,25.6965100628924,65727004.0,0.5139755895200943,432327.97,223793.05,0.27107961482701004,2.5041979080677597,29292.72610790676,74978.56,44443.99766491177,70007.84,4364325.362370759,5777.135564069373,130.79676812512662,80144890.93812071,0.0,0.2966503950905467,3.292062960728619,81741.38,463661.5,1814639.8321726476,44083700.0,3122674.889849179,11786677.473514494,3044.8000413341483,19635.54482451731,13.14340540689952,817.9816976752642,-0.027078701,3.9903944718002626
13.711349286277562,11.8550205,10.910469821964481,2.0687431369033855,0.22289288128039078,11.477600803093608,9.99045,12.058788,11.239256,7.776352324116988,15.235250999450827,12.241830773749289,14.643050451043338,11.996384720898307,1.5745432909853152,13.690164693232838,11.473778,13.231297496462254,16.968493,12.228960975675,10.209194,0.55898434,8.320567079218423,8.661978231674007,1.5422335595966241,0.79579204,0.5017166072216119,0.6041146,0.6455256373026546,0.0,12.02187613336883,2.4786296050192447,12.976693652395777,0.0,10.228310098442584,0.49061233,13.539475,0.92831612978999,16.371084,1.1715755550847067,14.700276165326645,2.292514597099562,1.8455225276578298,11.737297058528828,0.03591132217715781,11.162749,12.490694597727822,901078.9670165366,140788.4,54745.56040019273,6.914868956944601,0.2496867017266112,96528.19718755236,21816.111,172608.7,76057.336,2382.564473288748,4136045.7547681,207280.02780318444,2287682.864999081,162166.44976461548,3.8285358785945753,882190.7308075089,96159.87,557543.4424076283,23405756.0,204629.45558017018,27150.68,0.7488953,4106.488619394266,5777.955475035175,3.675020555346867,1.2161956,0.6515539081071645,0.8296315,0.9069891505059615,0.0,166353.46687723094,10.924911376649028,432220.57999985054,0.0,27674.701317345498,0.63331604,758785.3,1.5302449842982817,12878684.0,2.2270730666092082,2422415.528337167,8.899800417606077,5.331407261611399,125152.59957462843,0.03656392218330426,70455.4,265850.88190440135
0.21728935408689773,-0.01732373,0.0,1.341441109322889,9.739596625984756,0.7938698716434042,0.12006549,0.102680266,6.232947,0.3367501853707052,14.83330348362837,0.13939225528763918,14.610749270793741,8.835313305722888,0.8011755429939182,0.2931035122014425,0.050186444,4.427104445372973,16.686262,0.7165670700272361,0.043285705,1.9783641,0.006932457638125111,0.6178740498527268,3.5085907512528296,0.32702893,0.4959911723847724,0.3907172,1.1223465840802864,1.8783625551472076,7.928799363684408,0.5756360791774946,12.466426707155492,2.682495725652155,0.24945628982485069,1.4769218,-0.01471731,0.6764102817806499,16.333109,2.2179006787075854,15.360851982957685,4.496042859114596,3.5973393692833673,0.8526665395537738,3.2971845668641695,-0.17384389,9.603801121369996,0.2427036314941867,-0.017174536,0.0,2.824551132159413,16975.692042969233,1.2119398078380734,0.12757069,0.10813704,508.25397,0.40038918233315507,2767079.8663673513,0.14957493842408162,2214968.6753787785,6871.706766970114,1.2281586858803568,0.34058154979734656,0.051467117,82.68874041875505,17650276.0,1.0473925772132846,0.044236194,6.2309046,0.00695654274674126,0.854980251391748,32.40116405270808,0.3868416,0.6421250617065221,0.4780405,2.072054586222776,5.542782640306046,2775.091726267614,0.7782612822247273,259476.87222822325,13.621539147864892,0.28332746876142667,3.3794441,-0.014609539,0.9668047699383192,12398782.0,8.188021995002508,4689571.490975812,88.66162468864546,35.50098948077634,1.3458939381481438,26.03641245425232,-0.15957192,14820.01109223442
13.382018574413102,12.021605,10.952241029913939,0.35672252345989036,0.2617805114665997,11.85588928556138,10.247565,11.696331,2.614066,11.068077333014644,12.853097601056534,10.799299011461134,12.705060522032745,12.063710989052682,2.2102655789468604,13.887354031455782,0.16142522,12.800547324876453,16.487055,11.101091087949976,0.21037088,0.6247016,8.910180011289093,10.266034621931476,0.32712382871936113,0.2991681,0.5326735581416138,0.38045716,0.14979700099997567,0.13594347730069417,11.85391815954349,0.6014159534925884,12.43249711742402,0.23482605868892797,10.56167765485002,0.3605313,13.526073,0.41638440192116166,15.966477,1.5900166246593388,12.786410278535707,1.57689302090775,1.9499958443580983,11.601054835637182,0.24930281284628852,10.675578,12.372828698602731,648240.4891895225,166308.3,57080.824210235514,0.42863940093297337,0.2992413425546652,140910.77799559312,28212.766,120129.15,12.654455,64091.160415226244,381969.0957152747,48985.45015784683,329409.6810693159,173460.50647441894,8.11813765690397,1074486.1451791106,0.17518458,362414.75449575315,14462285.0,66242.39812568821,0.2341357,0.8676886,7405.994320876054,28738.697148053438,0.3869732136639645,0.34873635,0.7034805802494124,0.46295324,0.16159841547597328,0.1456171383917767,140633.29668891273,0.8247006633373913,250820.57717265128,0.26468876797743646,38624.8745050049,0.43409115,748683.9,0.5164686903224908,8593162.0,3.90383045215969,357327.31161711254,3.839894974006902,6.02865837194136,109211.94023984205,0.28313052265274874,43284.723,236292.20302932957
13.453746205130379,10.516963,10.981403334517793,0.06451364785976736,0.28072941082676,11.461302124994454,9.527679,10.876071,9.902174,10.779428651210853,12.647957758655359,12.095587044534792,12.531784254042687,11.644544827323434,1.508735504385445,13.431478039816227,0.33982992,13.608122743383534,16.730892,11.49252299293917,0.33118728,0.7184316,9.951169655738338,9.32665547250173,0.1917387981533109,0.4263069,0.48121756478596167,0.16243505,0.03596701096271047,0.05205122974930153,12.071778645278316,0.44891938124785613,12.46267392893084,0.1506221452997931,9.427156410737672,0.3467938,12.543997,0.24818567031748603,15.886286,0.6292127611821335,11.99871922802588,0.6366030232730663,1.3436309503487105,10.915728272585708,0.328293467801564,0.03906161,12.70412251800827,696445.4641422165,36935.777,58769.971764759175,0.0666401355003025,0.3240952696124542,94967.6508427288,13733.682,52894.363,19972.746,48021.67869924811,311126.4015786219,179078.84459084214,277002.1768960974,114066.40531361145,3.521010380557845,681108.278407079,0.40470865,812703.4102441132,18455854.0,97979.4250133341,0.39262056,1.0512135,20975.74360681862,11232.49784478807,0.21135406771865353,0.53159076,0.6180432758488813,0.17637192,0.03662164877662537,0.05342970807088322,174865.59453969257,0.56661835329156,258504.93419416915,0.16255729734072707,12420.1557999833,0.41452503,280405.84,0.2816978833560276,7930968.0,0.8761330329987057,162545.4730761251,0.8900495076892683,2.8329354679647047,55034.200720067405,0.3885964208388563,0.039834544,329100.83739571704
12.431023883479499,10.400239,10.885399209167588,0.0,1.5760165020991186,9.250672848967353,0.43363655,0.39449617,9.398911,2.5548358693994015,12.482810381179567,1.2470012274188558,12.501643104328302,10.491015347000358,0.06269984378234283,3.91707250354325,-0.044290718,13.116142140535098,16.231739,10.922611200295322,0.18142556,0.5738273,9.630693053122604,3.478548278525925,1.0003709834240186,0.42589867,0.2949678505441086,-0.06712604,0.15868018490677555,0.2226599387357042,12.109658914569321,0.02315298514333366,12.818658461126413,1.1067770723827228,3.7553442236390095,0.5837382,0.51933867,0.20100372933420968,15.915193,1.800134442299866,12.346829941037123,0.6971624504118622,0.24480371244677945,4.543699262317188,0.9569767839304997,0.06762803,11.212202746645461,250451.3303713879,32866.48,53390.09278026377,0.0,3.835654573697184,10410.56877359451,0.542858,0.4836365,12074.2295,11.86918725673842,263763.08921743813,2.479891890720295,268777.55510368315,35989.681870382185,0.06470721277487224,49.25311341580159,-0.043324206,496898.03747814684,11203524.0,55414.31066210255,0.19892529,0.7750478,15223.984174298334,31.412633788092887,1.7192904530391468,0.5309656,0.34308317859876347,-0.06492267,0.17196307525897395,0.24939563042901056,181616.64682402235,0.02342309610054668,369038.3146545004,2.0245946193872313,41.748932471283354,0.79272753,0.68091565,0.2226293314082164,8163573.0,5.050460847606769,230228.0451918263,1.0080466836960806,0.2773705566543752,93.03802881486521,1.6038126738954364,0.06996724,74027.30112044542
0.9181146361032525,0.0023289649,0.0,15.288727250893963,11.619303346537487,1.3554208756022121,0.15239453,11.517544,-0.037672445,0.3671612398951088,16.970414964009187,0.14590544496570934,15.460282304640256,10.809799350188568,12.812340364962083,0.5420375462582095,13.310908,11.724730196973672,17.718355,12.33606124374619,14.040009,12.444299,0.21999182239872414,0.18934567642808017,3.271319473512696,12.93183,12.046814142555183,12.299135,16.135464591535698,11.208920427320507,2.9095625618591785,18.588849480953563,0.0,0.9790343421219045,0.30763583361399244,11.840193,0.202701,15.39638622574495,17.780302,16.27958897740703,16.607808315584133,12.81322820463721,12.227424060829534,1.7487733721222614,8.116461728997628,-0.06780341,10.467356069844024,1.5045639213852964,0.0023316792,0.0,4363246.820150864,111223.20928907502,2.8783929341411025,0.16461962,100461.9,-0.036971666,0.44363067120821353,23450794.23001255,0.15708677449843667,5179826.459169423,49502.5345069567,366714.0390063868,0.7195068700490443,603744.7,123589.65285229094,49543180.0,227762.07974468498,1251693.2,253798.22,0.2460665407103834,0.20845861594837914,25.346079372847086,413258.25,170554.17707409002,219505.08,10175205.577417117,73784.71493753656,17.348770359231494,118313622.2665435,0.0,1.661884530665021,0.36020555759076867,138716.22,0.22470623,4859208.001537016,52709276.0,11752645.149435177,16318471.651404077,367039.7677435344,204315.19755092924,4.747548247401943,3348.1495569645626,-0.06555585,35148.162477051286
13.675389349430635,11.920778,11.116545224437454,0.0,0.5913149321318617,12.043063884104257,9.111067,11.1483755,9.846882,12.881924111905935,13.48956523403062,10.023019939220484,13.155792339847363,10.909231459426936,4.744813422386879,12.79155158205367,-0.24818,13.320080176989897,17.040337,11.179539476957055,0.042051394,0.5389931,9.964220449544248,9.432429072450681,0.11578787950547885,-0.03083698,0.3105671893943297,-0.1534639,0.18076716198303935,0.053158883828375095,12.20954687968234,8.984966614716377,12.994134913984295,0.005766922584807138,10.560397959196449,0.34355095,13.154956,0.3720492398728528,16.033285,0.3203972772879987,14.083315853083526,0.5420357450967977,0.3624077029224165,10.349134190389222,0.06805504166099995,0.11970024,12.340642270901304,869251.8681477198,150357.58,67274.08401592137,0.0,0.8063620980045177,169915.74896338827,9053.95,69449.914,18898.332,393140.19923378335,721843.6539789602,22538.39484578994,516995.9943552006,54677.80627147968,113.98634962292402,359169.17565656564,-0.2197805,609307.6160219111,25149198.0,71648.35828403154,0.04294808,0.7142799,21251.300972390178,12485.82131649829,0.12275768695638448,-0.03036637,0.36419865374787186,-0.14226827,0.1981361751620023,0.05459719024787792,200695.05525977805,7981.17823292753,439825.19389648817,0.005783583294466969,38575.47675506959,0.40994537,516563.72,0.4507044120353197,9186863.0,0.37767497460930977,1307091.617925094,0.719503772942412,0.43678460384607926,31228.991883701867,0.07042422478464055,0.12715892,228807.8621478394
13.811807890569934,11.540385,10.717312888401729,0.026564443236374795,0.34053109711889906,11.814628545694655,9.391769,11.440311,-0.14167869,12.565781438277993,13.716786929909778,1.6448308290596614,13.632043017281287,11.954380887600005,0.2049454597051277,13.200187669758472,0.28238854,11.124861248316371,16.708736,11.455538697595305,0.3370471,0.93571955,7.383276727135093,7.946496832598417,0.2751233571095361,0.25263578,0.3144844995743686,0.023374924,0.4633597232292003,0.0,12.227565890736571,0.006807710850748099,13.496446672938855,0.0,10.740707949982744,0.34355095,13.25987,0.7630908011252276,16.22285,0.7943329543021548,14.092494071729561,0.5877135450934339,0.19597096024187258,11.320673777791052,0.03427725777186544,-0.052936193,12.491344413885647,996303.1790259642,102783.03,45129.46915499474,0.026920423204933996,0.4056939523589024,135214.96848255914,11988.295,92994.97,-0.13209993,286581.4158817034,905992.0644920499,4.180133504763624,832377.8937497863,155495.8709047625,0.22745811720986314,540465.3569203571,0.32629395,67835.87792922654,18051446.0,94421.88018392808,0.40080506,1.549047,1607.8529121730965,2824.658835789148,0.31669308830350895,0.28741428,0.3695531237345183,0.023650259,0.5894049854871566,0.0,204344.1777533151,0.006830935987688062,726828.1143266604,0.0,46197.74674557525,0.40994537,573703.44,1.1448954311075086,11104386.0,1.2129643560122203,1319143.6231278118,0.7998683891561053,0.216491578200178,82508.91754719285,0.0348714931198887,-0.05155947,266023.69289445685
8.376825985541833,-0.0027332108,0.0,1.6794272099496184,8.103021369079409,1.6871620754783458,0.5096775,0.111817345,0.59051347,0.6525599341502691,15.256082903102314,1.1926483295796522,14.742676175499517,0.5829609822050149,7.5152047867463505,1.2274664830870587,0.91149384,6.015792172027828,16.340862,8.504273304723306,0.968827,2.104984,0.12267074125157157,0.7601861905627066,7.121470592802388,3.2049277,0.09636110965813784,1.1807269,1.75869444107374,3.0050245235068256,7.57895856402917,2.4077939377004607,12.988501753387311,7.719013413562059,1.132531915892978,1.9666357,12.617983,0.32266335453676703,16.109467,8.4762544220284,13.698937735408679,6.104981358122494,4.777895887189429,1.9410703800417783,3.907720399997674,0.015656395,5.771967185207469,4344.195302764157,-0.0027294788,0.0,4.362483514067369,3303.436931472994,4.404122431062502,0.6647543,0.118308574,0.80491495,0.9204507692788598,4223111.20316403,2.295798019175884,2527334.5804096735,0.7913346959649783,1834.7433737156173,2.4125727640662897,1.4880365,408.8503823610422,12495288.0,4934.816083812031,1.6348519,7.206972,0.13051212865204195,1.138674384415567,1237.2700862297884,23.653717,0.10115663050150249,2.2567406,4.804853866327551,19.186711138865697,1955.59024051497,10.109426006111622,437354.5476184517,2249.737937303068,2.1035043729010194,6.1465926,301938.78,0.38080043245246153,9914079.0,4798.439513361622,889964.2850703719,447.0842882451082,117.854004526059,5.966203466581873,48.785331875763596,0.0157796,320.16891035163235
0.8921045426186666,-0.0044197864,0.0,12.993301873342116,10.728627100876704,2.0172892316474105,0.091533944,-0.035448436,0.110558145,0.10977068689605199,15.290165050304433,0.0,14.874504816428203,0.18310180165943982,1.6104901225725798,7.008191657787823,0.36950615,5.579394479031527,16.761677,5.255833969850137,10.5079975,2.3585546,0.12092775265864071,0.15778543523401367,3.6597252993370906,0.79687655,1.1811225215999552,0.38480002,1.8455136159205578,1.2655983284400796,10.10504544156186,0.5914329612664413,12.063100095206211,0.25170864916403973,0.32096576697434787,0.5453351,12.195672,14.981790607906833,15.778906,13.00657926934966,14.800223201884808,10.274886054954518,3.2460040418411564,1.0568324058587917,2.633648643011358,0.021877447,2.764595810210922,1.4402598819239743,-0.004410033,0.0,439458.95336927887,45642.984404458126,6.517917952795491,0.09585398,-0.034827497,0.116901286,0.1160221226168839,4369524.80745611,0.0,2883468.5053915414,0.20093665920283066,4.005263819528883,1104.6532964831586,0.44701982,263.9111479559697,19032844.0,190.68127561989527,36606.1,9.575654,0.12854337516349212,0.17091493066434021,37.8506691007972,1.2186004,2.2580293593389764,0.46932045,5.331350838024739,2.54521330359349,24465.1410213294,0.8065753139422813,173354.57226808608,0.2862212410550831,0.3784583912845677,0.7251864,197929.66,3210028.25222332,7123471.5,445332.7452397101,2677041.5094439783,28994.21382859056,24.687488429959664,1.877242602577686,12.924482796087553,0.022118513,14.87262314168901
0.5291289847606314,-0.012519188,0.0,0.13114639811151083,10.209097020623815,0.7550522432073149,0.16380014,-0.118493274,0.027093047,0.15231159317988469,14.845059531240906,0.006859971178565514,14.546793619129021,0.17978266396572623,0.9681068972700448,0.6976797069437787,0.31699663,10.061624467382645,17.080751,1.1981167466405642,0.31890208,1.1727517,0.004108970445233021,0.262083806823785,4.213222808627255,0.55317533,0.46031245001160215,3.966826,1.679296145608325,1.2315383212743356,7.72329500626322,3.0862782183974864,12.282920183308608,1.024172597584356,1.7811730704271294,0.7031256,13.2843485,0.8177213713702295,15.791054,2.334835742595665,13.737408258986482,4.123491160124695,3.7528817014401907,0.985933313818613,3.815891222565451,-0.019753708,2.323152374476472,0.6974531569624205,-0.012441148,0.0,0.1401346826590805,27148.04149327609,1.12772267950875,0.17797886,-0.111742206,0.0274634,0.1645230373422868,2799801.7640144452,0.006883554677382504,2077743.7717928183,0.1969571929211495,1.632955283497929,1.009085627636721,0.37299794,23425.531114502297,26186418.0,2.313870185328934,0.3756166,2.2308707,0.004117423838575079,0.29963545618512133,66.57396722299731,0.7387654,0.5845690062601449,51.816624,4.361780729753889,2.4264965366003817,2259.395340207229,20.895436112108868,215974.4846660508,1.7847903648015548,4.936816639409362,1.0200567,587920.4,1.2653321015103116,7210534.5,9.327763378432692,924868.8084679588,60.77453102142527,41.64379178486539,1.6803122899064187,44.41721519840941,-0.01955988,9.207802455409638
2.9498116653837334,-0.0073348233,0.0,0.0,9.111731860270114,2.343132250862508,0.30483118,10.876454,0.085901976,6.584592484971078,14.569582842888327,0.17862834831617383,14.399010324775556,0.2078720990393098,0.6964159829237565,1.2318039778912535,0.08847413,11.585304135782096,17.189117,12.362865638996652,10.546834,1.6900469,1.0009306030488867,0.7297600452820362,2.9943376692170887,0.32715443,0.3354076919836222,0.5057674,0.8763848046215404,0.7076250898510217,10.417804483987075,0.539871639621796,12.51148020471393,1.1828504620320766,0.6556319277134256,0.58167857,12.928795,0.38479249707530727,16.564346,12.880877819906724,15.153694026010564,1.2393353829130351,1.3884731962805963,1.841048619146776,1.9933968517046852,0.038260236,2.1469920078324107,18.10235575458996,-0.0073079886,0.0,0.0,9059.973651085718,9.41380417825354,0.356396,52914.65,0.08969951,722.8560053530782,2125637.621356285,0.1955763236343578,1792299.0995727843,0.23105570627173488,1.006548301448496,2.427406928998704,0.09250599,107505.23617334198,29183598.0,233949.68844621367,38055.758,4.419735,1.7208126472275282,1.0745827420271503,18.972127353436353,0.38701564,0.3985104305046541,0.6582576,1.4021995687649922,1.0291664436824126,33448.913646618385,0.7157866090312192,271434.60413423437,2.2636639066771385,0.9263594527524847,0.78903896,412005.7,0.46930940380801933,15624430.0,392729.073858566,3812111.3880102406,2.453317568038656,3.008724842187651,5.303144394659341,6.34042579898442,0.039001584,7.559074009418994
13.143180765069353,10.575442,10.853068420116431,0.0,0.7823089752104624,10.497836234037603,1.4101263,10.991503,1.0823003,3.2716772155805347,14.415088207188344,8.918516997454383,13.8019795630147,11.87784418845347,0.19898307869920176,9.961418117731647,0.13166165,13.251330736627708,16.820639,11.479511607546542,8.946316,0.61333156,9.573021271180961,7.763451678972103,0.9257285837910774,-0.056111597,0.2741791156481842,-0.08647895,0.12910893814404603,0.1647137175197875,12.087504705368392,0.09437929234443945,12.669175386317773,0.24504139886683232,8.960999935621945,0.42009965,13.509439,0.201106859077498,16.322462,1.5049047027636697,14.251414161275399,0.6160496099124649,0.28224642965487284,8.752167072868671,0.6573177192987842,10.597557,11.718110480343169,510516.79046029743,39160.223,51691.522633126995,0.0,1.1865150504738868,36236.00937684007,3.096473,59366.53,1.951461,25.355506159839976,1821348.3895933875,7468.004459721184,986559.1374621284,144038.69329460888,0.22016131900848554,21191.828343224803,0.14072229,568825.4948412885,20188802.0,96712.82194210321,7678.5464,0.8465731,14370.771816813656,2352.0124479788014,1.523706322205603,-0.054566376,0.31545039888942245,-0.082845144,0.13781406876738256,0.17905552744975786,177637.293946945,0.09897650024957709,317798.3177581863,0.2776742063743452,7792.146211910544,0.5221132,736333.25,0.22275542735931106,12267475.0,3.503724417347239,1546358.7236073448,0.8515990366821806,0.32610547143816626,6323.378657922458,0.9296096321010874,40035.91,122774.21969816755
0.9775998914096203,-0.0076669944,0.0,14.333720636059562,9.98499191031354,2.243724190115985,0.16278048,14.984946,0.106511146,0.27104848024188355,16.78829883226157,0.23756877996707454,15.318632240766348,0.07005569353798148,11.376251086216039,0.5020648945549602,13.150542,2.600367872000221,18.199253,4.556904842446499,12.990444,12.847479,0.34351832211020406,1.1503817735501127,10.463410394987081,12.271622,12.58112716933598,12.210743,17.22060824253345,10.480948979927712,4.575962516974091,0.7155528214240003,0.0,5.378570714713466,1.316782699550054,12.033468,12.870174,16.014262961437076,17.786469,15.557682027507425,16.652749816923457,9.862933986943577,11.144296173523447,2.550407542051515,7.863602576691913,0.0714325,2.495221496252358,1.6580689258068082,-0.0076376772,0.0,1679018.644414725,21697.358908092272,8.428379060756948,0.17677833,3220174.0,0.112390324,0.3113386428581681,19546343.254623804,0.2681622179467464,4495700.341587254,0.07256791469271243,87224.42043956208,0.652129223595433,514288.84,12.468691878377344,80137390.0,94.28809127336005,438204.9,379828.94,0.4098993545775719,2.1593988543930887,35009.74855815576,213548.03,291013.14969006274,200935.25,30117236.569605768,35629.203851493745,96.12147523126521,1.0453170648722405,0.0,215.71231024693446,2.731397019337573,168293.1,388547.94,9013759.944717953,53035310.0,5709727.472403757,17068577.506339155,19204.15452719308,69167.17752792565,11.81232427972637,2599.873363626632,0.07404565,11.124418734507543
13.05727618565199,0.11766828,0.29568086636315616,0.23163617258313277,0.2930159540445341,11.26324500065266,1.9689928,0.75054514,10.011229,12.89668157757747,14.677638121996463,7.900622888462846,14.40502977925139,11.291685599900156,1.195293688244551,11.91409013899281,10.365171,9.422757279472043,16.70826,11.726791989355862,0.32285595,0.5978365,7.668365415900675,3.585975961656834,0.632890769692828,0.7544727,0.4232144884105299,7.437423,0.6663370446794569,0.0,12.175667350109805,0.12125028152759801,12.38503848970148,0.03770385782365287,5.400279688713369,0.38417384,13.475614,0.9903450216062656,15.873242,1.242161527600478,14.430133604816325,1.312467941217637,0.2883200412784118,10.508431348627823,0.032959249164576813,0.06610313,12.266131496769082,468491.8811925448,0.124870904,0.34404115963863313,0.26066098235236257,0.34046417608624885,77903.96774743052,6.163458,1.1181544,22274.186,398984.9880465215,2368192.8216524497,2697.9629576798216,1803120.3046303452,80151.43995241405,2.30452812906854,149355.31993102067,31733.873,12365.633518412966,18042840.0,123844.73399066336,0.38106638,0.8181809,2138.5812598468347,35.088561589612674,0.8830461717596051,1.1264899,0.5268617549980461,1697.3683,0.9470921308891714,0.0,194009.45922241852,0.1289074216864537,239194.97875717477,0.03842366629451993,220.46834974051876,0.4684007,711842.7,1.6921631665903263,7828193.0,2.4630909471242384,1848958.4970762401,2.7153316270238017,0.3341842298293676,36621.985764936806,0.03350842205154047,0.06833689,212378.8077560994
13.337565784274748,11.712097,10.197286603490324,0.1935409435793019,0.26462815458539857,11.349413959425918,8.310746,11.395685,1.0607337,6.692650029926743,14.88283325653601,9.824572029620883,14.539863882132797,11.312664291334315,6.028255626933167,12.174257397201243,0.38196582,12.81670420702604,17.23017,12.241061727839785,10.629465,1.0273378,1.608748021952257,7.923352524254482,0.6079672201203131,0.44822317,3.407127815332879,0.29226387,10.554420297179629,0.0,11.996071432083411,0.687886681800679,0.0,0.03417263323402623,10.490355125040214,0.35747656,12.996474,9.175173665477061,16.64928,7.713893360980681,14.628755922092921,4.560311180705912,1.231635345922986,10.044954084917608,0.07281642185823622,-0.22375132,9.583364520757874,620055.4394658795,122038.15,26829.286011220112,0.21353907216757667,0.3029463910476648,84914.67289350081,4066.347,88936.15,1.8884895,805.456556919632,2907583.5895962464,18481.359758826868,2063395.3198971616,81850.69501114305,413.9904993902752,193736.10636376028,0.465162,368317.82230250805,30406570.0,207120.68045720056,41334.008,1.7936187,3.9965517371893955,2760.0119063531406,0.8366940067988318,0.56552804,29.178441605190603,0.3394564,38345.56745986005,0.0,162115.652473991,0.989506626868086,0.0,0.0347632258320043,35965.927874168614,0.42971706,440855.3,9653.444569759411,17009464.0,2238.2434919100806,2255214.1173573676,94.61322819311158,2.4268290073516154,23038.239003851137,0.07553307442715095,-0.20048606,14520.194063238996
13.085922172042277,10.090043,0.2776152208361389,1.0246285248316007,0.19100382105689953,10.83669872776335,1.4716014,10.383238,1.4005867,12.553024857539768,14.403936250790721,10.565462875693655,14.136563964573424,10.78076969058798,1.5593988874163223,12.768883497032835,0.317234,12.968788572503241,16.747702,11.814920332150612,0.016160412,0.57994294,8.521462018821204,3.198930678312845,0.767402326616387,0.19094206,0.7974394188605377,0.1731375,0.6731812209969517,0.0,12.064302925492337,0.7601678947727306,12.704871529501025,0.027341344923018037,7.9106034420369244,0.37841627,13.390295,0.8722676925357906,15.828597,1.2398241934561027,14.463052283689626,1.6067800786450088,0.8076839210444904,10.720506731933934,0.0741255432539635,9.6289625,11.28338555213236,482106.39144443395,24100.83,0.31997819937400185,1.7860603160874304,0.21046407732457717,50852.220243637814,3.3562055,32312.418,3.05758,282948.8231475615,1801149.617863108,38771.35903352892,1378578.2041684915,48086.12220335938,3.755961517399204,351119.06062814826,0.37332392,428817.30318884447,18768710.0,135254.4284274502,0.016291697,0.78593653,5020.389759137907,23.50631105137772,1.1541631671179413,0.21038933,1.2198495401064156,0.18902959,0.9604640805317148,0.0,173563.21505645575,1.138635256036146,329347.4307933288,0.02771854940642218,2725.0349742058524,0.45997056,653627.9,1.3923297753525006,7486387.5,2.4550059987022097,1910836.687446323,3.986728475620099,1.242707678781081,45273.83923701496,0.07694199981266157,15197.659,79488.92413201412
13.293810883985069,10.170537,10.743582171273651,0.0,0.21881643490464175,10.628957657757752,8.555446,11.143773,8.95753,11.426127813218326,13.823660043679254,10.949484844649106,13.613840151606059,11.807673903137726,0.03691014532730731,13.268528339575361,0.15004815,13.036845074981091,16.524849,11.890887802337685,0.03276673,0.8785345,9.424030995529016,9.171704127593843,0.9184685373174908,0.21140741,0.28997045992806797,-0.08920291,0.11612782971837893,0.0,12.156580903193273,0.09276883410466119,13.117824490866736,0.08065975825068325,9.432940738314153,0.36650348,13.458222,0.2624870264697085,15.91705,6.480722281190711,13.512471915808135,0.4251466629562592,0.052516260805648966,11.287261892721475,0.34385107626482464,0.008528968,11.818694148518455,593509.915131099,26121.1,46330.72317738556,0.0,0.244602790087245,41313.03938050514,5193.968,69131.01,7765.1514,91685.26024053768,1008181.7831645911,56923.71274107446,817363.2816214127,134277.8521853411,0.03759978346038394,578692.5486961323,0.1618902,459017.17030537163,15019334.0,145929.79804605534,0.03330947,1.4073691,12381.395133876513,9620.006150058603,1.5054504464601095,0.23541558,0.33638801044443206,-0.08534004,0.12313943355484279,0.0,190341.60340589518,0.09720806886408898,497734.69932046894,0.08400201107468551,12492.212031525156,0.44268143,699569.9,0.30015960039911455,8178753.0,651.4420227269057,738569.5558603132,0.5298147703677589,0.05391969952260618,79797.65213221249,0.41036858250984676,0.0085654445,135765.82192273537
1.3987590028563348,0.043714933,0.0,9.601955068101352,11.492684226976285,2.3577015012071545,0.2290877,0.18526843,0.07861956,4.098156572845015,17.06305092798312,0.277590275952612,15.307490955291723,0.2727653004251778,13.16803003633564,1.5068498333267903,13.524774,2.31735169375252,18.330166,10.614462995448545,14.381241,12.519163,0.04055802093294767,0.4370184884695105,10.457760008868362,13.656389,13.605564439209058,12.54033,17.523926980950215,12.718004864231434,3.2841292339688133,19.476480599381063,0.0,11.48894988236283,1.2355604516158007,12.646763,12.908475,16.035109093529755,17.39747,13.437460472121762,16.741315452528923,12.10484457093834,12.861357688021219,2.708350592042602,8.877690259658756,0.08307767,11.252667676628718,3.0501705966313306,0.044684507,0.0,14792.675955085622,97995.2240664556,9.566636118393268,0.2574523,0.20354147,0.08179269,59.22915713459233,25726982.172923632,0.3199452730822334,4445890.437943534,0.31359190918045776,523361.7181104147,3.5124932748809186,747711.3,9.148761656434703,91346070.0,40718.52537957303,1760732.1,273528.06,0.0413917304694317,0.5480846985085039,34812.48215102228,852891.9,810626.9224350225,279379.5,40789161.57588389,333701.4024791181,25.68573716150252,287427322.7764184,0.0,97629.95484004132,2.4403061056113704,310754.84,403718.22,9203634.19189322,35943920.0,685195.1811783968,18649229.6749235,180744.3784473919,385137.2686021458,14.004506540934024,7169.210270969891,0.0866262,77084.28433118924
13.306535144129537,9.927292,10.82524577537602,0.03415428416105331,0.37860132073313146,11.73065576778568,3.524461,11.016006,0.38067687,13.111941022024434,13.942833839810636,1.9144227170318706,13.78744162731614,11.922810268161488,0.6697513856832538,6.708795694807941,0.018590134,13.394536614865041,16.453814,7.0684599727541215,0.20356646,0.5488331,2.110032994611538,4.4227871095021305,0.24475219106752097,0.3004616,0.27293426574750446,-0.15142855,0.2680868852788075,0.0,12.227967929489418,0.023920262039890422,12.841103086281311,0.0,10.622274683156245,0.34355095,0.89216447,8.010925504526687,16.013157,0.27097036823285675,14.327711068000474,0.42240728005445305,0.13661616122249967,6.93689363124582,0.006551338349251046,0.041424215,12.82883820146866,601110.1535754602,20480.799,50273.12324860551,0.03474423906025918,0.46024075196646425,124324.17209112496,32.93548,60839.227,0.4632747,494814.88458382356,1135783.1368296496,5.783021943501251,972320.3417509516,150663.42145102366,0.9537515296495088,818.5830167880038,0.018764006,656406.205123742,13989442.0,1173.3381282412358,0.22576663,0.73123163,7.248513436633469,82.32820685002427,0.2773047464568028,0.35048205,0.31381387941290595,-0.1405207,0.30746073417045283,0.0,204426.34895062546,0.024208646326318188,377414.9169408881,0.0,41037.859239762576,0.40994537,1.4404061,3012.705020211262,9003796.0,0.31123621556271297,1668958.7197660774,0.5256297567373789,0.14638803587742014,1028.567027550809,0.006572845307134596,0.042294167,372814.22534176917
0.22276145521109314,-0.03688094,0.0,13.784372325523607,11.632977306310744,0.9794654646763696,0.06804857,-0.040968478,-0.1447531,0.17989993950788502,17.034638653968802,0.0,15.429355824231498,0.09882171992410789,10.104878661482749,0.3901696903719908,13.357906,11.958075596711982,17.876524,11.281831380530305,14.498601,12.467434,0.08675279125552621,0.0848298232607548,9.25133026265203,11.629869,11.84573077137406,10.449777,15.754828968035374,12.121488131998056,3.216158408594385,18.54972220537378,0.0,7.52864452572049,0.1505160266969113,10.858308,-0.066368274,15.493929994097527,17.786469,16.20022818283558,16.398003339576107,11.224954056082785,11.429540898605113,0.439837864040958,8.214278182552714,-0.118104756,1.1605661115191441,0.24952247110787848,-0.03620912,0.0,969340.5693634364,112754.53040427028,1.663032376536916,0.07041729,-0.040140614,-0.1347641,0.19709757495641894,25006306.573984154,0.0,5022084.402507011,0.10386948407986718,24461.060896645544,0.4772314445688824,632796.9,156071.4492531002,58033092.0,79365.47910150692,1979986.2,259738.36,0.09062703385051539,0.088531808141823,10417.415731780622,112404.65,139486.56986653083,34535.66,6954008.572086273,183777.79862362443,23.932156813991625,113773728.53932944,0.0,1859.5818227450434,0.16243393493020236,51963.07,-0.06421383,5357081.065767433,53035310.0,10855995.768589824,13230075.78032893,74977.30290635655,91998.72791720444,0.5524554892450857,3692.3093670739618,-0.111397035,2.1917396453440667
13.440622636456528,11.320765,10.912083378429879,2.308307478267418,0.6117236497425421,10.84339788607345,8.548866,11.773571,9.274395,12.055446431627812,12.86039073957513,10.184114227679359,12.692764224769176,12.421042018694637,0.4390884464357094,10.005777878002348,0.11378021,12.509761336495238,17.0402,11.73651062112152,0.40018678,0.77214277,7.9581719497236545,8.281880893174169,1.3287837958262199,0.44352946,0.3544837825112525,0.047312062,0.12688550577651528,0.08443917770066207,12.030589087324055,0.8959309373441334,12.742530880081942,0.07851054723945479,2.8335285868069615,0.391242,12.868311,1.0266162810604538,15.986784,4.45611746368085,12.680429312390915,3.330847828944452,0.974004505002725,9.41588511016978,0.1909769763221506,10.872245,12.009102724540709,687365.313453965,82516.41,54833.96837313156,9.057387893952889,0.8436063933915675,51194.03768283766,5159.9,129775.76,10660.506,172032.8315699593,384765.0397438525,26478.18489534591,325383.9509240889,247963.78490022925,0.5512924876114612,22153.10040050437,0.12050582,270968.4428505473,25145744.0,125054.21279485653,0.49210337,1.1643991,2857.8420657728275,3950.61997145208,2.776447662056332,0.55819714,0.4254446248775967,0.04844914,0.13528702653346972,0.08810666107026723,167809.23851336335,1.4496151665563675,341986.98371182545,0.08167476378485772,16.005359971564374,0.47881633,387824.56,1.7916038325891381,8769443.0,85.15236921847786,321395.0082706531,26.962038682065298,1.6485293005183188,12280.93926910446,0.21043158317364866,52692.367,164242.06685717142
11.992812219288119,-0.003661244,0.027150496052987097,0.0,5.357151369241095,5.017165342470821,0.3206704,0.10778167,0.27548984,11.328334182432675,14.644981218400286,0.11165702297721543,14.230666911221968,11.207840621514006,0.030593500556514802,11.98446713793158,-0.19290616,11.23480007004781,16.919125,11.815408505239388,10.191259,0.99430335,8.175577103006917,2.4187747085997917,1.1694021461398258,0.15881407,0.2961392536524697,0.09606791,0.5859095937739225,0.08369596189419545,12.066303369495072,0.000569579314088349,13.099423750990658,0.020907359279405204,2.1966600363617386,0.3429121,13.838235,0.27252123195354505,15.799491,9.517560815453693,14.517332194633964,0.06635814253388549,0.05659542651271528,8.597809663111622,0.3047948062700259,0.07272105,3.074469390939073,161588.13991072276,-0.0036545496,0.027522429197813506,0.0,211.11983390420073,149.9827123437287,0.37805128,0.11380454,0.31717572,83143.40401134791,2292104.117159826,0.11812930221377925,1514606.536002089,73705.08369498656,0.031066290813942778,160245.2763378365,-0.17544065,75719.18662917292,22278318.0,135320.47260690332,26668.06,1.7028407,3552.104839867615,10.232088298652162,2.2200669334945555,0.17212,0.3446573922483333,0.100833826,0.7966244410424957,0.08729826344479596,173910.76806381714,0.0005697415551874636,488659.7431976447,0.02112744927286093,7.99492056513913,0.40904492,1022983.5,0.31327134193260536,7271628.5,13595.406589533417,2017423.3764541948,0.06860936310604655,0.058227592951007434,5418.775446886181,0.356346660619714,0.075430505,20.638397335181384
0.7220804301541457,-0.0019799697,0.0,10.942872884109407,10.861567872449678,1.6556684289291417,0.083174534,0.30617383,-0.049874038,0.41642628730886755,17.270380506942203,0.447224717635914,15.74821930525069,0.31007301932556663,12.108185965460278,0.3704412360784259,13.845084,2.290287982210047,18.202871,10.46050436817373,13.900158,12.725547,0.011198585415432871,0.8676880297628691,11.147941552836004,12.107518,11.983880469862234,10.954695,16.623974265352466,13.569538459025873,2.600818290557693,17.622853909333287,0.0,8.689957833157743,0.43797763981277626,10.447457,12.714909,15.51230974636241,17.60235,13.954212480098098,16.612782991776395,11.71635188702994,12.783440714429732,1.5148045419669276,4.546743894398554,0.04653224,10.196199048242505,1.0587117645180384,-0.0019780109,0.0,56548.57036669077,52132.753218165,4.2365790335099,0.08673146,0.3582184,-0.04865075,0.5165322095317828,31654170.75718566,0.5639657104779023,6908196.4818323925,0.36352467414933076,181349.33019317331,0.44837354835723253,1030014.25,8.877781897072815,80427870.0,34908.154073735226,1088332.2,336227.7,0.011261524295813705,1.3813987610244183,69419.78191103562,181228.27,160151.29253562103,57221.06,16584419.115433378,781943.0416899945,12.474759793592462,45030648.204690434,0.0,5941.931642765535,0.5495702583510373,34455.652,332669.78,5456453.328342868,44116756.0,1148780.622588909,16399853.023953954,122558.4977569539,356267.77624659776,3.548531992837597,93.32477631307226,0.047631852,26800.122454232336
2.754122134695853,0.0039567803,0.0007126718119051308,0.011415908876820117,7.455068813884939,2.825316781870758,0.30805245,0.122897394,0.005413166,1.9090814193417704,14.007624655238562,0.08642765424233548,13.713536979439576,0.14611658805260805,0.2812273499472141,0.9472863307577868,0.36236945,9.103384095779274,16.594883,11.627257427900057,0.0716501,0.8645619,0.5436341107236919,1.0800162425246191,1.7746674016400759,0.23826894,0.3313657137076339,-0.041024916,0.9886722901338509,0.6670264172141173,10.85788071907505,1.401164819668289,12.850688434382956,0.3430138522577864,2.5629204994847754,0.5211819,13.364264,0.8977652116832923,15.786262,6.244933531261759,14.109234221441886,1.2065163313054257,0.6337562398234176,1.318082364162469,3.661841778172363,0.052991897,2.547173688011499,14.707246002368098,0.003964619,0.0007129258227994238,0.011481319033052894,1727.6029430587862,15.866287073878079,0.36077237,0.13076839,0.005427844,5.746888390001311,1211807.7731553984,0.09027248827529223,903052.4113570759,0.1573311111659053,0.32475475262397163,1.5787024105219445,0.43672964,8984.649608088044,16108907.0,112111.42348030733,0.07427939,1.3739659,0.7222543663097488,1.9447273804840617,4.8983190388032805,0.26905045,0.392869090493187,-0.040194783,1.6876636648109586,0.9484348654956631,51940.882020696874,3.0599262956508846,381049.9736940004,0.4091882822306054,11.973651583937242,0.68401676,636832.5,1.4541125562594799,7176062.5,514.3949661351996,1341412.1709950834,2.3418225482951756,0.8846765974163661,2.736249736767965,37.93298279655578,0.0544211,11.770958015372972
13.056915707244723,11.178156,10.508683692000739,0.2998921589942084,0.6282696586020012,10.5548168127366,7.571251,10.7564335,1.1018139,11.35274412137264,12.79275770065945,9.737911307003664,12.533033086837621,11.628474771513217,0.4211046769357041,12.390037786834801,-0.17056566,12.629277872588233,16.551619,10.720946033531877,-0.17285864,1.2592912,5.1917395203608585,8.387821191522567,0.8832672085710619,-0.13623881,0.3246904151420121,-0.15824214,0.17430834216240276,0.15999190944244066,11.860383389465868,0.1457577720353075,12.589079396950746,0.14175601088962575,5.112327046803322,0.55918044,13.314693,1.0090407247097593,15.84305,8.845003246090801,12.236547235573077,2.7051415428072287,0.5083478213721262,10.358085199038477,0.24451955984388885,10.628914,11.527042674759901,468323.03006033896,71549.3,36631.228498813245,0.34971324529345,0.8743644811885862,38360.77548532444,1940.5675,46929.99,2.0096202,85197.92721565976,359602.63883952424,16947.104997544506,277348.3236424233,112247.98592783397,0.5236437604215097,240393.78462463696,-0.15681228,305368.522851728,15426826.0,45293.73291558086,-0.15874347,2.5229235,178.7810138210401,4392.2352406712625,1.4187895003848252,-0.12736578,0.383602237367596,-0.14635694,0.1904225667049226,0.1735013766729692,141545.4752968348,0.1569159167195622,293336.5864524101,0.1522954666899396,165.056326456238,0.7492383,606034.25,1.742968490666004,7595373.5,6938.626586620554,206187.73869618707,13.956433516297812,0.6625421080410726,31509.78663450716,0.2770076400501368,41311.23,101420.73281717548
0.20913947356146512,-0.002233412,0.0,13.32766047892472,11.87955249423408,1.139661143437922,0.12766232,11.184107,0.093844205,0.5732595595638208,16.997600480703706,9.82306389475876,15.572354281457168,10.946719269585717,10.649147876908279,1.090082654499935,13.367702,0.9672407796714895,17.91565,10.11834155311309,13.647316,12.912214,0.020206361440469698,3.926613469005777,11.324624175233572,12.030378,12.082497207453082,11.824799,16.500881645893305,12.209524183140863,2.4501306076768126,18.46661125440596,0.0,1.9877424823641718,3.7236186410572114,11.014151,12.677866,15.2019810049934,17.672686,15.730841588317805,16.603426092809208,10.911197447874983,12.92935990253728,6.755629244510564,9.502569299996164,0.14633653,11.949455150219412,0.23261690401136592,-0.0022309197,0.0,613943.9093540299,144284.96743117497,2.1257090187009053,0.13616927,71976.35,0.09838861,0.7740402271060789,24097060.96115523,18453.506875971325,5794119.656356666,56766.50066612603,42155.65657867729,1.9745199198592551,639025.7,1.6306758218740927,60348668.0,24792.61782116318,845188.4,405230.7,0.0204118919690067,49.73487119793696,82835.50917309313,167773.88,176749.99399075596,136597.14,14663640.871244052,200690.50020512752,10.589860345109914,104700164.2759065,0.0,6.299037443197284,40.41398563511671,60726.42,320572.22,4000703.405653074,47331456.0,6789184.851649804,16247116.929233965,54785.40991206127,412238.5545894209,857.8800254291664,13393.096109342321,0.15758568,154731.8174633251
10.68159110516688,0.031604145,0.01887074632417626,5.393884016940248,1.5380547901844621,5.263722175314784,0.24466836,1.027355,0.12784286,0.7164361434693749,12.79171312363592,0.07429275018348618,12.55397168868485,3.0557798920372545,0.9019149198598705,1.1660491241969961,-0.059113737,6.952392840660843,16.617603,0.3406635555397904,0.49977735,0.84572583,1.0007367025132423,1.3742710675910386,1.3951972871481126,0.73607725,0.5612400627866425,0.085316174,0.44026972132572856,1.550283552134213,9.620135280734557,2.7868557798079876,12.82660119021871,0.6117479815599688,4.423212369611962,1.1780432,-0.33227667,1.2906810528146175,15.959081,7.154398014557428,12.502915579271273,3.6149267686722473,1.992093237088749,1.4862927836326114,1.469704835130061,-0.061295416,10.012994396200302,43545.78277053667,0.032108862,0.019049924156110908,219.05643076544155,3.6555254835226236,192.19927618458178,0.2771977,1.7936667,0.13637441,1.0471245366977533,359227.2012616865,0.07712208703322027,283216.85572338453,20.237742215901335,1.464317566463324,2.2092880594085185,-0.057400446,1044.6488080227587,16479096.0,0.40588016069224697,0.64835423,1.3296682,1.720285131342302,2.9521947898121406,3.0357706997885905,1.0877298,0.7528447907252072,0.08906134,0.553126073245269,3.7128063194395717,15064.087816704337,15.229909084363188,371981.16561791534,0.8436512522314845,82.3636505482827,2.2480123,-0.28271115,2.6352615179558323,8529835.0,1278.7218320139568,269119.78677469515,36.14862538287228,6.330862947116668,3.4206766987358326,3.3479515890770415,-0.059454653,22313.55413149506
0.8899813812729407,0.042154066,0.0,14.631753758971696,11.453604880508138,5.317204197924537,0.13027555,0.18409705,-0.08381003,0.06895230754457259,17.030034231264544,0.0339419769337557,15.520870543291455,11.943425248363384,11.658232783522962,0.9387673753085137,13.021239,4.125691503243291,18.35622,9.718286699458242,14.248438,12.903654,0.017255448822349365,0.24581834829112728,11.557003199878409,12.510409,12.217227951048683,12.899318,17.55021701071723,13.102767441557534,2.1703833844058082,19.486937053503464,0.0,12.519235131360196,0.4157726459928967,12.3935175,13.307231,15.783882879759547,17.16963,15.834071999921752,16.75912199078687,12.625427508369201,13.654163894258756,6.2028234194816365,9.506130056383293,0.011905465,12.185533239409143,1.4350843126976178,0.043055166,0.0,2261985.0283782706,94239.46004524842,202.8132631518582,0.13914223,0.2021325,-0.08039407,0.0713851109432072,24891431.632986523,0.034524578698468394,5503365.441834365,153801.601135228,115638.48972721529,1.5568278659958115,451909.44,60.910605836403505,93757310.0,16617.747415234688,1541763.1,401776.66,0.017405184089264607,0.27866728034759436,104505.35896531987,271144.1,202242.5515896775,400038.16,41875730.25308327,490296.40824094805,7.7616424740080285,290448561.59574014,0.0,273547.7503904068,0.5155412653189535,241231.75,601528.56,7159013.42812873,28620392.0,7527487.412052919,18984282.12358571,304194.9996630245,850996.0101897138,493.14224420832915,13440.8742352655,0.011976617,195933.0181431412
13.274258842276383,11.6477995,11.666381297635915,0.05319118145235428,1.0203174722884152,6.588828653916974,7.490696,11.589729,0.5660766,5.687987396379322,15.707491247517673,0.08511525261152789,14.597594329987048,11.815724726458445,0.05146142667214108,10.809351098060278,12.380613,12.880191707420636,17.69505,11.898496084501815,12.1728,9.543031,2.4568844353035044,2.143925218275772,5.016939312937172,0.021257158,0.3850209444072798,8.653146,0.5771477272460052,0.3949981807419113,9.055095967650562,0.1336513289645075,0.0,0.31212178139924135,8.156559459799471,6.998124,13.855617,12.537635752448654,17.09134,7.9545211714215425,15.135378953383832,1.4838801627238654,7.777502997291209,8.821402893752563,0.27288428960726213,10.722438,11.094202489226516,582018.2735766805,114438.26,116584.62932202828,0.0546312517814284,1.7740753162203087,725.9288857091569,1790.2983,107982.02,0.761343,294.2987029358237,6632491.588342193,0.08884255141463239,2186021.695756599,135363.27089444236,0.052808575178542407,49480.349414884906,238138.84,392459.70926900045,48401884.0,147044.3151380471,193453.97,13946.154,10.668401191218507,7.532865339411621,149.94858964818235,0.021484701,0.4696451019643756,5727.138,0.7809514202159937,0.4843814904454244,8561.058914859526,0.14299422118015456,0.0,0.3663210753905099,3485.171632971224,1093.5779,1040920.1,278627.81210659305,26465144.0,2847.424095610697,3742927.758277257,3.410024137165193,2385.3087555703933,6776.766444890958,0.3137482217068891,45361.355,65787.64205226109
0.5535154408897656,0.02012203,0.0,11.063495719255968,11.400198503491188,0.8766512239877703,0.07363357,-0.039242074,0.46336946,0.1273016350021202,15.994460657375615,0.03381796155378876,15.267141304186747,0.7713625660115102,10.112937038607045,2.551072659769337,0.42595446,11.208831243590163,17.807486,10.817975059470413,13.004974,11.886118,0.032410906839814124,0.13963563507483356,8.579615150131003,10.275013,10.478353765317763,0.28194043,10.615804833166068,1.4750426899456177,3.8355220501023273,16.70145535410488,0.0,0.4369958361962536,0.34414533228167493,10.145657,-0.037395652,14.701311867673448,17.404716,14.832635477785011,16.028987739705517,9.174285446102761,10.608836970153057,0.9032583786251881,7.411069274379285,0.17187983,1.2471682770840338,0.7393568890116853,0.020325843,0.0,63798.18655027873,89338.45579464838,1.402839646512428,0.0764123,-0.038482077,0.58942044,0.1357595509534522,8837022.39046952,0.034396289694825145,4270071.244664036,1.162711083682082,24658.981798182303,11.820848818207828,0.53105104,73778.13474565973,54161756.0,49908.91999467143,444618.6,145235.39,0.03294186098963191,0.149854755777522,5321.056938218487,28997.895,35536.855709358184,0.32569975,40773.201049301184,3.3712223761922107,45.317601466019426,17920489.81032255,0.0,0.5480496312680663,0.410783653016729,25479.191,-0.03670507,2424925.7305072523,36205316.0,2765232.0574218705,9147467.567689095,9644.873112275274,40490.079523416745,1.4676305003952925,1653.194189006557,0.18753512,2.480473254052419
12.84781514842551,0.14699881,0.9327196521084826,0.022769522774035537,0.20529993732680002,11.446287969463652,1.8713975,0.33256048,1.834499,6.291379416761118,13.514046672697447,2.3062172144880893,13.388517914676745,10.46285134747169,0.06792491019000226,13.007968528879482,0.19882001,9.935470399145805,16.376987,12.013538179765671,0.044738848,0.5488331,3.178443018918134,4.222819058761761,0.06376488385645818,0.17313245,0.5339292804492825,-0.010903688,0.32268227826285306,0.025469546159928674,12.239689825457559,0.006807710850748099,12.288174407948647,0.013986721485872435,9.874537640795145,0.4905315,13.402375,8.899814327014766,15.912362,0.48635167946739216,14.112461391520817,0.5131328936288054,0.287919345588826,7.552340818154556,0.023888375727793596,-0.12359704,12.19573325712436,379956.67671181506,0.15835258,1.5414115426080321,0.02303072708950479,0.22789330077081402,93552.42752536858,5.4973702,0.39453423,5.2619963,538.8975594074761,739733.5411878106,9.036387256405842,652467.3522323082,34990.18135616977,0.07028493796867344,445951.859344745,0.21996236,20648.99588562474,12954935.0,164972.1776160457,0.045754723,0.73123163,23.009342343533255,67.225545267797,0.06584177269232115,0.18902358,0.7056210224339508,-0.010844457,0.3808265625888637,0.02579666634713649,206836.72455479656,0.006830935987688062,217112.2548116723,0.014084993307180575,19428.302444893437,0.633184,661571.75,7329.612316116408,8140498.5,0.6263718572380921,1345748.1321228934,0.6705165560970483,0.3336497350513898,1904.1972359909055,0.024175988610438987,-0.11626412,197941.7758654316
3.498364904345751,0.0012105458,0.0,3.19663285858144,6.490346756674805,1.8718429890662591,0.12791131,0.08199625,0.19177859,0.1903151534472686,17.15598500834296,1.4359130136298162,15.67558223528269,0.19002183719345928,11.137673496370954,1.3598975008723087,13.398112,11.582945875743075,18.297712,2.24909824035666,13.431649,12.304698,0.032988859019070074,0.37758858992461714,11.374050304857535,11.969295,12.216444205863654,10.993272,15.73892809662244,11.77029132160011,4.217740305727899,15.462901202474818,0.0,12.713784188299986,1.3929299837794598,12.081157,-0.039664567,15.862049843722234,17.569231,9.811570953128658,16.853797859434778,8.654594043531112,11.46309689366435,2.735188476706743,7.175637306062271,0.044524923,2.5305592603160747,32.06134927069498,0.0012112788,0.0,23.45006461313604,657.7517501819948,5.50026528448372,0.13645221,0.08545174,0.21140227,0.20963075689523042,28232517.45736985,3.203481092853377,6424196.224156929,0.20927600456298134,68710.6125289638,2.8957939658466065,658757.5,107252.0072198485,88429160.0,8.479184035488583,681224.9,220729.55,0.03353902453860033,0.45876266974513086,87032.66744087885,157832.28,202084.10627840142,59471.65,6844308.236893541,129350.82824400088,66.87992298080766,5193409.676851819,0.0,332295.92090827634,3.0266307487222215,176513.22,-0.038888227,7741064.083004998,42679576.0,18242.624456544934,20869468.49930229,5735.439745795015,95138.25064968334,14.412648087344845,1306.1929175527655,0.045531034,11.560528778037346
0.3934953695251018,0.004289268,0.0,1.293662061723149,6.921087784157588,0.7928461506827876,0.103249945,0.0050901193,-0.012583326,0.053408982518332405,15.059676074461423,0.3924776032837034,14.712484965927754,1.6749740894981258,0.7280695835870946,1.6655516373156185,-0.008933012,2.2232679436706637,17.669409,0.9248973854645713,0.19072407,11.81933,0.0,0.2539614124057815,2.386067687970313,0.59300417,0.5096321877645219,0.7102078,1.0038230313362992,2.2530761309751965,8.409578418117558,1.3192295194415342,12.499869735046632,3.2960236448441758,0.229598099208781,0.6813847,14.075399,1.7833613136309776,15.816306,12.125494441400347,14.972373303450734,4.611296098743982,3.0275906805816915,1.3746588515583258,2.8019473309735985,0.076452136,2.2489676626462507,0.4821524206466256,0.00429848,0.0,2.646114433207267,1012.42177933076,1.2096765573593027,0.10876851,0.0051030964,-0.012504485,0.05486097660852822,3470036.901415173,0.4806447033303248,2452171.6020837394,4.338656820003556,1.0710787019259973,4.288589828736436,-0.008893231,8.237469122750328,47176612.0,1.521609493295057,0.2101255,135852.2,0.0,0.28912205918912093,9.870662947135626,0.80941606,0.6646787931001014,1.034414,1.728693795025968,8.516966289751155,4488.867265803844,2.7405382547051045,268301.3338533621,26.005043499670705,0.25809427922325173,0.9766128,1296784.9,4.949822062397671,7394936.0,184515.55019624883,3179940.325389424,99.61447145325111,19.647426368647043,2.9537276847840634,15.47670114120873,0.079450525,8.47794634614976
0.5265854226566905,-0.011324199,0.00849840327978549,0.004186532001422223,10.716863598259492,1.656822749169826,0.07896755,0.15901384,0.2256733,0.4445216698081906,15.956849951461031,0.15550217882622674,15.000359551500475,0.20475861934509582,0.3029879408495597,1.0635338445555191,11.619999,11.220094949567983,17.011333,10.316166504226665,11.179244,11.141073,0.41964075855128563,0.2674739170563425,2.2950095733072313,0.36919647,0.5503978673903911,0.39885712,1.2229611897649313,2.04154264895753,10.176975629530611,0.7775029345321784,12.485958007346257,1.52538522626349,0.4506288002792791,0.41337222,13.324058,1.0359012190710737,15.814614,12.002207311132794,15.38643407620219,3.264863067583751,1.9183232968416033,1.9028070604040164,2.4878866882886257,-0.015649805,1.5364987603146991,0.6931410657998217,-0.01126032,0.008534617223143559,0.004195307768925068,45109.19703446184,4.24262721277652,0.082169205,0.17235418,0.2531662,0.5597439447494178,8510828.34766633,0.1682444814661945,3270191.9639036288,0.2272287999168495,0.3538981374825232,1.8965890195052422,111300.6,74613.85906750125,24430268.0,30216.197780975148,71627.195,68944.61,0.5214149021406784,0.30665954786424443,8.924531022415172,0.4465718,0.7339427599263394,0.49012068,2.3972327044623927,6.70248226477419,26289.833716616995,1.1760317818838326,264594.62796651217,3.5969140802958632,0.5692986507427118,0.5119077,611735.94,1.8176444066029618,7382435.5,163113.4386626777,4811088.271437843,25.17652633040103,5.809531329319962,5.704688517545083,11.035813798752988,-0.015527982,3.648286979935223
0.7123980202348826,-0.008098419,0.0,13.646904568886917,7.031647699788606,2.1636851925677076,0.20706226,11.779842,-0.13661923,0.2961795544097258,16.192684002815056,7.186172059852997,15.206381211235076,12.127135341125262,11.720627187885222,9.504278574007598,12.4071,1.732857446877788,17.865465,11.338126925862104,12.3551445,12.076186,0.016120248396630427,0.9168649059127202,10.207429897473881,13.243731,11.905822228727393,11.4307575,14.653933279714094,2.725193039751973,2.71977005886599,18.977224319570265,0.0,1.7178239401705624,0.801019077290109,10.78166,13.260882,15.145084978874033,17.258694,15.20879741702582,16.531185992486215,11.498202622117876,12.855789988398817,8.359626638319646,8.174367318708994,11.175801,10.752651141204828,1.038874663754523,-0.0080657145,0.0,844840.7146795746,1130.8940961950439,7.703151422728441,0.23005915,130592.195,-0.12769769,0.344711584051469,10774404.331887318,1320.036665300644,4018346.1174690234,184818.57189883053,123083.59816382258,13416.009867095214,244530.58,4.656794827254141,57394852.0,83961.61555657543,232150.28,175638.03,0.0162508805980258,1.5014358472700786,27102.818404407353,564518.7,148125.54611546837,92110.73,2312715.301351504,14.259359305498027,14.176832065725515,174463186.86708146,0.0,4.572389408664342,1.2278100827363014,48128.957,574284.75,3779433.5969218495,31286388.0,4028067.0101528163,15114814.693204893,98537.50082580738,382998.8928504159,4270.099803665382,3547.8089484983757,71381.016,46752.81525898657
0.3170260176419712,-0.0027021181,0.0,7.930299959674276,11.557210025492807,4.168896507509601,0.09544133,-0.07649555,-0.19486836,0.08546361248742032,16.222173236276532,0.06288306913685054,15.336748695472545,10.099275643959642,1.888995760031236,8.177781769072762,11.692645,1.8763236608822755,17.65816,0.8013687804785589,11.938778,3.153819,0.011965346811531727,0.29271983356338316,10.272565987591326,1.515397,1.6357376829955061,11.209728,13.077217115945366,2.086981109925113,2.5987101285506564,17.482838932032685,12.519073431784133,4.976814193027154,0.2741009861369215,2.3780334,13.480074,14.350752399354485,17.102036,13.906207367032753,16.18457142231382,6.895860232003902,4.762014462525433,1.2272943502240239,8.892913975258457,0.04224285,11.041863517140657,0.3730382946795096,-0.0026984706,0.0,2779.2606455290265,104526.97579260117,63.64407847936362,0.100144275,-0.07364296,-0.17705701,0.08922192654640992,11096864.46959662,0.06490231200439676,4577888.74467451,24324.382803236786,5.612724583138305,3559.946890911981,119687.17,5.529456188533679,46648868.0,1.228589291263407,153088.48,22.425358,0.012037217941971344,0.34006729595452845,28927.020955434105,3.5512273,4.133243306975465,73844.34,477927.83323584555,7.060544498848174,12.446382739165463,39147178.40798783,273503.5212494491,144.01166580720843,0.31534762740746203,9.783675,715024.8,1707860.2238468407,26749746.0,1094935.9799645673,10687349.697594125,987.1754194159789,115.98134323179632,2.4119853986999877,7279.202634833105,0.043147776,62432.890077360564
8.364683814161726,12.322079,0.015796380187997075,0.004186532001422223,3.406961323943858,2.876047531993197,0.3178252,-0.15167966,0.06936534,6.579025071884346,15.636292853114574,0.030583526957844474,14.848656034603284,11.364038777731068,0.23659061216727775,10.591928517993143,1.3673832,9.28779082521819,17.55757,11.741074830341407,11.203839,11.530403,1.9426350766548885,4.990699060552714,2.108334553506595,-0.070905045,0.4073288808735648,0.16768464,11.029159699599278,0.5027695444086072,11.260282543104715,0.1357676509868851,13.273119877636674,0.2318657341600031,0.7012260193362774,0.72900856,13.190884,0.43248834239085204,16.946327,10.551216478121763,15.476281062035401,0.9690140360924452,0.7560041360111781,2.8232809300171993,0.7614969264907235,-0.014736803,7.961595074577645,4291.754215344403,224599.53,0.015921802537641843,0.004195307768925068,29.173417572769935,16.744001798978825,0.37413603,-0.1407365,0.07182772,718.8371975182372,6176687.553854359,0.031056007423836983,2809889.393292041,86165.674720541,0.26692234899903244,39811.1936710087,2.9250662,10804.286944385256,42184756.0,125626.29550955481,73410.75,101762.13,5.977111993594315,146.03917686434636,7.234515712877656,-0.06844965,0.5027982660040689,0.18256362,61644.75807151155,0.6532938064744355,77673.51910340495,0.14541572646057435,581355.751570637,0.2609504148953947,1.0162231213064372,1.0730243,535460.2,0.5410875097921222,22892666.0,38222.90858956042,5263363.726429595,1.6353448231114467,1.1297490076865917,15.831984741157616,1.141479459724444,-0.0146287475,2867.645007876794
3.2262451671616166,0.020804256,0.009271410927088742,0.026564443236374795,8.568856885239255,5.050062556497067,0.12379256,0.02615562,-0.08549687,2.767514566809679,15.900787428251446,0.14030317800864248,15.12318911601285,10.660106707847023,0.3654371430938791,9.525830959184164,12.287192,5.066726360428129,17.50303,11.660474691244314,12.135594,11.187381,1.0804053370878504,1.5737094861151226,8.046949013509359,0.1828691,10.515070502174416,0.35325652,12.558966641051331,8.947088177467958,10.478653871040319,12.373741279867225,12.301775079250913,0.461616087979558,1.3860326509563472,0.64794344,13.249645,12.728863394975923,16.927204,12.973744022660012,15.618004833558134,1.157130442915409,1.2583485448003668,5.898247574208811,1.5067350018448928,10.515917,9.616603435780993,24.18491406802001,0.021022173,0.009314523592785574,0.026920423204933996,5264.107726535831,155.0322250105259,0.13178107,0.026500681,-0.08194399,14.91901914160102,8046818.098417619,0.15062258944710502,3697579.023809146,42620.18494599792,0.4411438565564263,13708.317075676716,216899.14,157.65409994956542,39945668.0,115898.03362014786,186388.6,72212.39,1.945873380834801,3.8245114998695495,3123.2483758386447,0.20065723,36865.94032054904,0.4236963,284635.05439083785,7684.480492711488,35547.522423714865,236507.93820230776,220085.3127887691,0.5866360576301342,2.9989532963182963,0.9116054,567867.56,337344.6647161371,22459046.0,430947.5647598161,6064754.786761813,2.1807927014569475,2.519604216522387,363.3983269789445,3.511975128341448,36897.156,15010.97411221986
1.2023962261432515,-0.005718852,0.0,0.10409760721880981,6.539950805520887,1.5316568027613005,0.17130573,-0.17791575,-0.10902836,0.09084561854172235,17.04968355618683,0.08206172980145612,15.544870458116096,0.036875153921636365,10.23069844056098,0.7278714280013128,13.390226,10.979170321690631,18.021385,1.7944710625262867,13.379577,12.328631,0.011457474457090328,0.07652126945539296,10.23204465892713,2.3628364,11.601644819906351,13.011675,13.882686471203751,10.867516659705135,3.5806713858001618,14.852381254542111,0.0,4.09377580325747,3.484606195669415,2.0062633,0.6306014,14.757702473838936,17.545721,13.863211478737897,16.612373225000955,5.701471574375774,11.742625835691445,0.9245418458041983,8.191508625021559,-0.0772309,9.303248051732018,2.3280822132127748,-0.00570253,0.0,0.10970876521582455,691.2525221965744,3.625834572350148,0.18685356,-0.16298707,-0.10329501,0.09509992908367632,25385368.34994891,0.08552281686932359,5637043.482037791,0.037563477020647176,27740.879356899834,1.0706683467710427,653583.0,58638.88184814799,67079240.0,5.016291637955194,646659.5,226076.11,0.011523362714789941,0.07952515100502906,27778.251134043905,9.621034,109276.39316781049,447607.78,1069482.5979520187,52443.810113226864,34.8976339199575,2820376.374038392,0.0,58.965884164885374,31.609582786030543,6.435481,0.87874013,2565597.836443846,41687884.0,1048855.9170951706,16393134.285304805,298.3075303382038,125821.29530076939,1.5207131204697049,3609.164524786595,-0.07432391,10972.604220094247
1.1973675907945582,0.027579585,0.0,12.402342571994982,10.169711994013358,1.3834235299219624,0.14467607,-0.13651109,0.1528291,0.6182983318292468,17.220414360082078,0.23421625509267965,15.720261206483855,9.728647681330031,11.577837083883967,0.8172652477767647,13.330924,10.326940568230865,18.236979,0.8743704339715213,13.03908,12.495001,0.02120837983942441,0.15856797166068667,11.424436277142082,12.120741,11.641259918867485,12.003023,14.811543818965557,3.5519316449294918,2.4816106079470273,16.351398938957313,12.747071044508008,11.466377701438786,4.493948711751469,11.55351,0.050438177,16.070029774282677,17.772152,3.0052127216889217,16.668700935767443,9.929019171028488,12.107901222242315,1.5659767152829775,9.179320621570016,-0.016899012,9.484182676776616,2.3113885098036207,0.027963422,0.0,243370.06449269212,26099.558564313982,2.988533142789503,0.15566516,-0.12760335,0.16512583,0.855767453065146,30111397.931780167,0.2639177913146511,6717731.3422715785,16790.829055448132,106705.47118781862,1.2642990657056914,615950.8,30543.519932497646,83218360.0,1.39736551887688,460044.03,266998.2,0.021434875898038056,0.17183157285629658,91530.30072040299,183640.52,113692.31908524122,163246.56,2707519.4717780473,33.880629446277744,10.960512609702517,12627643.02545166,343543.1954449973,95450.89682844005,88.47405649999153,104140.91,0.05173184,9530708.998602984,52281436.0,19.190510598719037,17343023.471592423,20516.20683830083,181297.69926770235,3.787348529612336,9693.564257287731,-0.016757024,13149.074155303859
13.342900330955926,10.565564,0.11978794390185814,0.21251554589099825,0.6121654514980441,10.57178532369387,0.57063174,11.563534,7.249133,12.62810828521416,14.649788353592601,0.24807963202075334,14.304414034471995,10.569728119929334,0.0539526568348695,3.6222235723577296,0.20938441,12.713698301220798,16.955626,11.059854504488511,10.165055,0.65105987,6.864373090412293,2.0692732267955147,1.0144423028505363,-0.04026036,0.27780948523656795,0.09940555,0.40936232175008214,0.0,12.091870071115043,0.10114685501650812,13.000666991074576,0.027592050726038788,5.795156419271642,0.6393812,0.557477,0.9483650739353906,15.935115,1.2252334311561983,14.756678546796392,0.6717659738853126,0.21179410332000467,5.431147168365424,0.06666935849171417,0.08930751,11.760121520232763,623371.9977897297,38775.285,0.12725778434509083,0.23678534034592486,0.8444210818847744,39017.271823615454,0.7693845,105190.08,1405.8848,305011.57529474224,2303149.1024322556,0.28156198150107853,1630526.3278337289,38937.08579571295,0.055434633356117397,36.42068297780371,0.23291886,332267.38212189067,23106524.0,63566.30243619222,25978.299,0.91757214,956.5453572340618,6.9190656611931844,1.7578249373125014,-0.039460678,0.3202346490561981,0.104514144,0.505857226480921,0.0,178414.44511102757,0.10643911596769622,442707.5762243385,0.027976236711132058,327.7035955379676,0.89530766,0.7462611,1.5814856690950607,8327840.5,2.404960813969316,2562972.194876993,0.9576915018090567,0.23589339253346672,227.4111212000338,0.06894198314817813,0.09341684,128042.0123235474
11.240225422885242,11.843176,0.0020925356555662987,7.486928884925775,3.9228646569423082,8.331410055791073,0.17120251,12.134527,0.196217,0.4949598101583229,14.79495459913147,0.20476840328447607,14.193978726836061,12.780076575704179,5.499796733101129,9.654047699609725,10.888107,5.314263273952035,17.13235,12.530673188068715,11.361587,2.252922,0.41927976321869387,6.2857140737678625,1.2473508344125812,8.345078,12.538489504150018,-0.03877199,13.112420092198606,8.428281936032135,8.370485989489929,17.427379648408515,0.0,0.410879455448264,8.401869423137027,8.727378,12.876838,14.346789411046585,16.322998,13.893994350064613,15.032930028282905,5.648961062400651,8.37002745001617,7.240224817721125,0.7923235391828475,0.0014525822,11.6452803619979,76131.1117677634,139130.66,0.0020947265361999723,1783.5630689055608,49.54503175926762,4151.268356357056,0.18673106,186189.8,0.21679091,0.6404323090174125,2662974.3256494855,0.2272408071077723,1460045.3311363638,355071.2524242488,243.64219954864896,15583.742965077754,53534.875,202.21474437084063,27573092.0,276694.5790039848,85954.63,8.5155,0.5208657775837345,535.8475025193306,2.481108697952465,4208.413,278865.7935030338,-0.038029976,495051.99290706246,4573.633823980367,4316.733926194759,37035209.32158402,0.0,0.508143547112369,4454.387972691797,6168.53,391145.62,1701105.3833028178,12274052.0,1081644.8238132228,3378457.2633112003,282.9962581086535,4314.754528603061,1393.4074231295122,1.2085220566832202,0.0014536377,114150.33670888767
13.660748078963044,11.455779,10.485048027432077,0.026564443236374795,0.536132863333834,11.561176574009236,9.209634,11.96001,0.02447623,12.245743729316496,13.549161085473125,1.14099335979083,13.462314051806894,11.515432346775018,0.01617039087679157,12.929680446591977,0.03430851,12.36160987344204,16.91355,10.944596017038815,0.0015518432,1.4259967,8.630991987378113,8.143386248537519,0.5980749997728255,-0.16782229,0.2706556332486559,0.10995697,0.2820984227259803,0.0,12.116494854436885,0.34056208804426064,13.06146157511921,0.10779431333319515,10.099503596143746,1.8515779,13.118999,0.4183379352164785,15.842084,0.6939536521941152,14.307226266595162,0.17144478303508282,0.7653230033345474,9.81339898826806,0.09789984114488945,10.022444,12.117947300274027,856617.6182316996,94444.58,35775.55349181904,0.026920423204933996,0.7093836438280324,104942.41446403741,9991.9375,156373.58,0.024778232,208092.69818954525,766170.3249073628,2.1298759143570334,702438.1461967127,100250.00266603593,0.016301839215229978,412370.71670851455,0.03490384,233656.085616928,22154458.0,56646.09679490228,0.001553048,3.162004,5601.633238575547,3439.5487174636105,0.8186145951658512,-0.15449592,0.31082358859060216,0.11623004,0.32590921316410154,0.0,182862.42732561758,0.40573751679030867,470456.81550224643,0.11381862418345365,24329.928459424173,5.3698626,498319.4,0.5194340579294587,7588039.5,1.001613593839714,1635118.2028456784,0.18701859735844983,1.14968861911976,18276.004944178072,0.102852319150886,22525.412,183128.21952706418
4.197082632300057,-0.0032984584,0.0,0.05322232894215664,7.262824530517114,3.644427271498364,0.17837115,0.040642086,-0.12350936,0.4121566026597701,13.574123479417786,0.8441916557598639,13.560803150298677,0.5283235408077922,2.1150721851215195,1.9058841158091222,0.18098307,2.979014470614364,16.479576,0.4342271648653483,0.4117056,0.69537896,0.45844053279839886,1.5564202836967618,1.7430363076694153,0.31847313,0.39488235011190687,0.21246561,1.6689265956501462,1.7492966687498643,10.464240163087288,2.2898850524906877,12.410240944977476,0.431936046890998,2.525813143110642,0.5375779,12.880834,0.8027810756124696,15.778597,12.16338335245351,0.0,2.7240190262175514,2.042957385160766,2.2010712566503146,1.7078767391784926,0.039224748,3.9509782706796868,65.49206600177686,-0.0032930244,0.0,0.05466410140917757,1425.2794229008432,37.26085349394382,0.19526885,0.04147928,-0.11618663,0.5100708989321395,785536.5028174851,1.326096767481878,775142.2657618286,0.696086504036968,7.290184172472856,5.725350989069237,0.19839488,18.668423280854665,14354529.0,0.5437695184820523,0.50939,1.0044686,0.5816055987539116,3.741816469437626,4.714668599174385,0.37502667,0.4842095635596112,0.23672359,4.306468752397452,4.75055670710655,35038.811416522556,8.87380264691805,245299.91122518104,0.5402366090915258,11.501056279656385,0.7118556,392711.72,1.23173894066869,7121270.5,191640.81320209205,0.0,14.24145512307947,6.713386957101665,8.034686785525516,4.517234504451951,0.040004198,50.9861985409747
13.353549363453766,10.603555,0.32662028493854434,0.0037949204623392557,0.9918219957750853,6.970461473822703,1.6692445,0.53976023,0.33418003,11.758375253291222,15.134801533162108,0.09598667549294981,14.475865661354806,11.489767523467126,0.0036479664506054547,11.411633653604145,0.33527243,12.866125511566453,16.888388,11.626443582795602,0.0105679035,0.84551036,8.927425516825013,3.281196990997763,4.622549226443055,0.32494485,0.3066699857206054,0.027226677,0.21196135028414806,0.029484815770366702,11.78546453733438,0.01615221499473613,12.527578509884078,0.032610703848928585,8.210438549212169,0.50700754,13.48071,0.29590631847056764,16.201462,2.932117111543831,14.503423609935338,0.3171275862162518,0.12910028042132898,9.584793554968735,0.22467440241043266,-0.15722953,11.625033413495727,630045.7887415752,40276.758,0.3862749877364795,0.003802130290353338,1.696142359905129,1063.7139748138443,4.308156,0.7155955,0.3967946,127818.61016070831,3740767.13937631,0.10074439701978549,1935478.50772152,97709.81456561825,0.0036546283785845192,90365.92934356461,0.39832127,386977.9243815039,21603968.0,112020.21845172641,0.010623942,1.3291662,7534.839489195979,25.60760270686975,100.75309346276933,0.38395432,0.35889244015633,0.027600711,0.23610010923726155,0.029923796753726375,131328.47714415795,0.01628336720074076,275839.618827491,0.033148260302342844,3678.155603311633,0.66031533,715479.8,0.3443442107109893,10869396.0,17.767320979150412,1989558.091188561,0.3731777593040245,0.1378042179313146,14540.960180550015,0.2519150293086468,-0.14549209,111862.36089762877
5.432743300152203,-0.004978107,0.0,2.8438001681934844,10.338892632033325,4.256527273093169,0.2781401,0.043912705,-0.08226272,0.6919171389278116,15.118733512066424,0.08301501331142655,14.678583229664666,10.106387964867064,1.8197134301780913,8.822085796142584,0.26689506,7.9073055832188155,16.600595,10.402280845041828,9.911583,0.8982675,0.1409085398000699,0.36557493045590234,4.867819218729858,0.7110466,0.7399245952568839,0.5765022,2.754556708721421,1.319445157362458,10.201044540583046,2.8792044936167493,12.42178505381338,0.30184241223799185,4.6643284377152385,1.4182185,13.105018,1.5713009601156798,16.438423,14.049754772719243,15.27906410685081,3.671767805151116,3.1865938126252504,5.922244903394024,2.7886580186774377,10.0589695,9.31081303987785,227.77598656017256,-0.004965736,0.0,16.180932068412993,30910.78037167186,69.56450620388999,0.3206712,0.044891138,-0.078970045,0.997541429117988,3681140.7201431566,0.08655812126124138,2370432.07779548,24498.00944421407,5.170090034906009,6781.396578579924,0.3059034,2716.059703450088,16201193.0,32933.658925820375,20161.564,1.4553455,0.15131934327190347,0.44134244164766095,129.03702514719927,1.0361211,1.0957774769737705,0.77980214,14.714073446901516,2.741344943570714,26930.30222563959,16.800107446797327,248148.09991140483,0.3523480964065909,105.09431235376421,3.1297567,491400.94,3.8129055207492537,13775788.0,1263952.1305232919,4321287.185468373,38.32135695158692,23.205837246878893,372.2486813006452,15.259185631103575,23363.416,11055.934203697816
14.00393557034187,11.469643,11.066372943320744,0.13664828413401547,0.32424103838096696,11.664601323477184,10.428184,11.730405,11.145628,11.318334207816372,14.987272833198398,11.635495372026675,14.495022293207127,12.43132194393001,1.9708485838677883,13.686747513836595,11.204416,13.444073088954005,17.049732,11.410130592222602,10.263793,0.91114175,1.4551762690303989,9.468276234029865,0.3767725225443383,0.32383808,0.6872398731679238,0.83757,0.7963971576634202,0.0,11.99335013994945,0.6714869045376757,13.09272497949686,0.014230549943939005,10.307197917867438,0.6344403,13.74758,1.392390539545212,16.443848,1.8190131659654187,14.662000242343852,1.8405561219598439,8.053742350323903,11.777084451992996,0.06433826519360046,0.22136135,12.411733139984639,1207345.5435452703,95763.05,63982.0154367646,0.146424861790334,0.38298061835662267,116377.29449461483,33797.902,124292.984,69259.36,82316.1054581211,3227674.682432894,113038.81401185378,1972913.192549258,250525.9914320119,6.1767639912488335,879181.2682666383,73453.12,689741.1347390114,25386602.0,90230.20432896607,28674.346,1.4871607,3.285238753913372,12941.558050527605,0.4575727067258249,0.38242346,0.9882202128835881,1.3107451,1.2175370823691454,0.0,161675.0854305268,0.957145246343896,485397.25606879895,0.014332286234748545,29946.40387652406,0.8859663,934323.94,3.024459191750983,13850717.0,5.16577085412596,2331447.35111684,5.300040878075468,3144.544702005253,130232.5234243823,0.06645308171297327,0.24777424,245666.22125519253
11.651879367087535,10.525711,0.005387553962030065,2.115817511932961,7.596155504493897,8.154323422219681,0.5556,11.096717,0.040970247,0.3869290037146655,15.3862200441549,0.3555072175104805,14.690319901441004,11.754678496136409,0.6860536840184347,2.328412497529093,11.211653,8.961778087645653,17.271767,11.105961611175319,11.845428,11.273565,0.9618456971080973,1.7224799916485356,1.8949550623350848,1.4219832,10.216308834324701,0.036207642,12.262014046057669,1.2890911461884484,10.686656442950063,17.047410881032867,0.0,0.18168160360518248,8.015706882779602,0.7585202,0.44397688,11.109161248249809,16.811718,12.766295011682987,15.085616204069833,2.516322372781682,1.116610914688942,3.3921853398831945,0.8771539697110121,0.081951275,12.042723579542368,114906.11290365766,37260.32,0.005402092928973396,7.296365372229198,1989.5285878728312,3477.3851308902244,0.74298644,65953.266,0.041821107,0.4724519489434122,4810058.654340836,0.42690422156992686,2398416.9763404718,127346.96441933206,0.9858632058447259,9.261638219662961,73986.59,7798.212824473692,31698080.0,66565.82512477945,139444.4,78712.13,1.6165213252892168,4.5983952358601945,5.652249461358789,3.1453335,27344.543037272935,0.036871124,211506.1421772055,2.6294863837591733,43766.92153308012,25327741.160497855,0.0,0.1992323018451148,3027.1491878520915,1.1351143,0.55889446,66779.15591493146,20009506.0,350211.3667781059,3561227.7724334174,11.382972863288542,2.054484732368108,28.730853348666606,1.4040479675820223,0.08540292,169857.9353562499
13.759670079067156,11.062663,11.096836855940424,0.0,0.35594118186472345,11.79060966697801,9.468751,12.025483,12.775745,7.419738927616045,13.37909661318482,13.340127726349925,13.31629357830323,12.299579193735362,0.08670045541264111,13.927808358134174,-0.081861734,13.836755811341183,16.567062,11.590588988478792,-0.18793875,0.5488331,9.789884585943868,10.440568911166343,0.4277537162698413,0.5878699,0.3069801763285999,0.13353978,0.0681843173607224,0.0,12.222405534816197,0.14213110100968027,12.711985437195573,0.004811695339658924,5.072918252923202,0.34355095,13.643219,0.26827718862382444,15.782463,7.478483108867942,14.210770759632055,0.3519145995871859,0.24181512507621475,12.265863832732663,0.05334456782150175,0.14214158,13.488991385094737,945688.9813673702,63745.086,65961.18194453235,0.0,0.4275235815193572,132005.92561573038,12947.703,166954.6,353536.7,1667.5978260626873,646349.1172949078,621646.02477085,607004.7715422261,219602.5586727139,0.09056995645903528,1118845.0035675275,-0.07860065,1021471.5405096317,15666924.0,108074.89475046418,-0.17133453,0.73123163,17851.245648686006,34219.11510669742,0.5338082824215287,0.8001498,0.3593140212104027,0.14286673,0.07056261357026027,0.0,203292.40001324518,0.15272776240473596,331698.7387068871,0.0048232901350948945,158.63951672937114,0.40994537,841732.7,0.30770957199822835,7148856.0,1768.554517511162,1484769.4804174257,0.4217870973286737,0.2735587219788771,212321.968926696,0.05479303024691713,0.15273984,721429.5430223318
13.728786267605297,11.309047,10.806205920796078,0.15179681849357013,0.42371958839685614,11.664809610717024,10.479834,11.567388,9.7893305,12.553064711043062,14.463849359138232,8.557089204760667,14.047420048858497,12.197208424365256,5.775339890984294,13.22986627680891,0.15400903,12.076381409738335,16.985071,12.320552417619815,10.536692,0.5488331,3.2911946212456575,3.5171402575557043,0.3335406058815518,7.4338193,0.4544243062734911,-0.13396718,0.7770122128356445,0.04872378416171021,12.271644443940675,0.17761833969038324,12.874404239810993,0.0,10.62894381921255,0.3944489,13.412125,0.979903708892229,16.132847,8.714831604635613,14.496498780088206,0.968118477657556,0.19523293838203948,10.482784027094734,0.037182024592536285,11.1464205,12.586735307245146,916928.8671903,81555.125,49324.96628154169,0.1639237246297741,0.5276331676534779,116401.53713298084,35589.484,105596.25,17841.355,282960.0999139782,1912360.3764201233,5202.512746939816,1261004.5911747213,198233.99004336057,321.25394731759604,556746.0446058593,0.16650142,175672.31944440992,23797024.0,224256.99189635535,37671.727,0.73123163,25.874949872738448,32.687951714892066,0.3959017272109211,1691.2584,0.5752662510456393,-0.12538123,1.1749642178359583,0.049930303305151275,213552.87974139815,0.19436939084356192,390194.9156574436,0.0,41312.4676582596,0.48356637,668053.25,1.664199690838267,10148604.0,6091.608564054869,1975828.3260206308,1.632985774316959,0.21559411203872195,35694.646983384315,0.03788192367941266,69314.266,292649.7821157143
0.19009939142782306,-0.020009547,0.0,13.788928094031649,9.52856391218166,0.6106654997652277,0.06320797,0.10378023,0.099608555,0.1603908286046968,17.156173607546513,0.056315570779111264,15.546293717977601,0.05843938594925118,11.131160773118541,0.22314553233510773,13.490144,3.071377251645106,18.116312,0.706713319954803,13.510401,13.018282,0.18264192978142685,0.2593976969420017,10.863990290335364,12.269381,10.342216724449026,12.363622,16.98276082282502,1.1590315705983492,3.7412894999651676,17.77922276907147,0.0,0.4776861896258749,0.22847304648806244,10.84109,13.1571665,15.248562413329209,17.786469,15.143250299449749,16.476289695512715,9.831030983132699,11.319030545648415,0.6007759154537979,9.77134724122184,-0.055204935,0.6303617725666272,0.2093697926744353,-0.019810686,0.0,973766.7398071991,13745.835239209026,0.841656613090142,0.065248355,0.10935663,0.10473839,0.17396960224492514,28237842.590007335,0.05793148332758266,5645072.173288307,0.06018072189889239,68264.56687489244,0.25000247627857525,722261.4,20.57159173586133,73758890.0,1.027317153996092,737041.44,450574.94,0.2003845091748544,0.2961491769043392,52259.19604125505,213069.97,31013.704957005037,234126.64,23742109.002387367,2.186845546307775,41.1523105373804,52652419.50919574,0.0,0.6123394351448229,0.2566796527453879,51076.03,517706.9,4191470.4571103677,53035310.0,3772505.9030234204,14307431.21476412,18601.122816953433,82373.44593473047,0.8235331591668447,17523.36086297128,-0.0537088,0.878289970147812
1.5785639061284582,-0.019185543,0.0,12.546335618054938,11.539148238593928,2.9509003381745744,0.13800003,0.24979776,-0.1685814,0.2556114307171992,16.448792131467705,0.05053459531858945,15.292148941370705,0.26756359454754264,11.49378985389157,1.9192669515106073,12.633685,1.6482591478108413,17.486385,12.296950932207386,13.633842,1.7936171,0.0175560578194668,0.3564719647454829,11.274392671750862,12.5138445,11.904224751379923,3.663279,14.432214424809965,11.131774165352299,5.6407322288098785,18.3087280747014,0.0,2.604532083818425,2.121271978569651,10.559562,0.58563715,15.211474361545598,16.896233,16.339860869856615,16.279204617884506,11.784837052915398,12.825226720361453,4.397894324330262,4.954938965877157,0.055410106,10.828577154023646,3.8479886429015875,-0.019002672,0.0,281062.4203524325,102655.9615635245,18.123163293786725,0.14797558,0.28376576,-0.15513751,0.29125089001436805,13919371.481017258,0.051833251232003934,4378202.0752003305,0.30677673106861897,98103.63124728505,5.815960208196321,306717.34,4.19792313042123,39286256.0,219026.140908178,833877.06,5.0111566,0.017711071215223365,0.4282814877223332,78777.28538976064,272077.12,147889.10621746205,37.98898,1852809.854566384,68306.45328853368,280.6688890594635,89408656.42861687,0.0,12.524895304541744,7.341741258487777,38543.23,0.796135,4038864.3702570125,21774116.0,12482781.713099176,11748128.77598396,131246.0957927071,371470.23855119804,80.27953999714904,140.87394695679444,0.056973998,50440.88467258442
12.882471144417524,10.829734,0.06896003056182719,7.535865994892172,0.5997339771484866,7.423711842819888,1.2367408,11.147743,0.09977821,10.08310403635114,13.377147673657229,1.7454297173597673,12.931098848037584,11.545288565223727,0.6321671518033614,1.7662453994086533,0.11578143,10.872604106805921,16.637196,11.086803366790315,8.889192,1.245149,6.320273159566856,1.5865195866086872,0.9994970629342284,0.25292262,0.4208583339953345,0.43819818,0.21680889353719404,0.1762020336674878,10.487011973772372,0.43275017718171255,12.371996962554977,0.2447356999153575,3.2904331647182237,0.8197256,0.07845574,10.909081541492888,16.260971,2.7291143229787473,14.470994339875837,5.979731583911899,1.2621020086778536,3.7728723343386386,0.44941788829090173,0.25555933,11.285064770612793,393355.3190848211,50499.266,0.0713933853008568,1873.0665883267932,0.8216341396197113,1674.2402098116663,2.4443693,69406.016,0.10492583,23934.16597842012,645090.646742494,4.7283625234252655,412956.0403614464,103288.24807457552,0.881684058747136,4.848851980924446,0.122750446,52711.30015417151,16805142.0,65302.66026721509,7252.154,2.4734523,554.7247732586237,3.886711520697904,1.7169150475035115,0.28778362,0.5232684677647379,0.54991204,0.2421067048356185,0.1926789956227812,35845.88576491638,0.5414910729490781,236095.75116390505,0.2772836824035556,25.854493556019747,1.2698768,0.08161548,54669.60955224025,11535860.0,14.319313046169826,1926073.0918247143,394.3342398425371,2.53283974781741,42.504846006522456,0.567399518266384,0.29118362,79622.51721622088
7.807779740378159,-0.014428593,0.0,1.4000651918153955,6.385705951102149,1.348734415894974,0.17724954,0.09288777,0.11886788,0.7778227326394536,15.695320905725264,0.17775620741142956,14.6774015787266,0.17781767812443272,13.22764749578495,1.179214795032468,11.283042,9.595420027922753,17.07419,10.07536171943808,10.781973,12.307866,0.015705204079194224,0.17164594143696552,4.434358894646868,13.718616,11.639135621870059,13.581421,1.4945709653546733,10.231420991257425,7.227352778715418,2.529180238644854,0.0,4.294090032085557,0.8220193733492861,10.6686735,13.512717,14.368071281388652,16.783909,2.9993673161312335,15.33866163571524,11.102773122501288,4.451842671890271,1.0063796608967397,4.786817070721826,-0.05421426,3.5133132808213654,2458.663277218578,-0.014324999,0.0,3.0554643413097367,592.3034280009224,2.852546722181457,0.19392899,0.09733857,0.12622112,1.1767277840131996,6552261.093171361,0.19453406718107985,2367632.7075904263,0.1946074982988045,555512.114244996,2.2518198550738906,79461.62,14696.313896235382,26015164.0,23749.567868702034,48144.016,221429.95,0.01582917896343119,0.18725740014028724,83.29806362081237,907650.3,113451.05705571084,791289.9,3.4574237533294543,27760.931514627708,1375.5735815803412,11.543219474345983,0.0,72.2655148346392,1.2750894569117508,42986.883,738750.75,1737696.0870582336,19460724.0,19.072833147141708,4586654.355565603,66353.91557193828,84.78487182485675,1.7356789797037346,118.91906665757597,-0.052770868,32.559275085731784
13.36379461220065,11.73303,10.954951813120863,0.0,0.6365542841041044,11.532468699433934,8.317955,11.701987,10.061977,11.065843619349058,12.45555603579423,10.850355486542567,12.412392315496682,11.892679380339688,0.08228698043449219,13.459285749712029,0.0314476,13.776650932403419,16.580414,11.398261307887951,0.0052184826,0.55409473,10.262065658682463,9.211673754624792,0.26052948581659086,0.19048828,0.2899634387129153,0.14075226,0.016779951061131785,0.02648878749004346,12.150989487633788,0.030102266749569246,12.667926826154435,0.09184134647648645,3.6870975994875326,0.34355095,13.28606,0.22070919228011568,15.862455,0.7468196968483101,12.65567735058178,0.7845824196683345,0.27591601887101674,11.292775760552784,0.5143826800813065,10.596965,12.35092652136908,636533.9544979575,124619.74,57235.77057884892,0.0,0.8899573904918427,101972.54536230772,4095.7737,120810.56,23433.8,63948.15665483624,256671.44959414756,51551.47430975347,245828.21245600635,146191.47879439127,0.08576735911161197,700314.1659089307,0.031947304,961884.7238388441,15877503.0,89165.55531877895,0.0052321227,0.7403648,28624.856410577933,10012.342719984907,0.2976169745844288,0.2098402,0.3363786274096235,0.15113942,0.016921525200451277,0.026842733712758853,189280.2887024227,0.030559920577965093,317401.77379610884,0.09619089373627474,38.928789277362846,0.40994537,588927.7,0.24696075201868062,7744204.0,1.110278009463689,313537.4724240668,1.191491625837808,0.3177371943230025,80238.86663456826,0.6726056502463955,40012.207,231173.1314594119
0.15689144996961094,-0.010665616,0.0,1.584681431338051,9.873877244322106,1.0613055368254856,0.0534536,0.03639345,-0.0511853,0.19339855624226823,14.673087066676173,0.6769506490785424,14.441789871469277,0.8138341242308466,1.33107323815571,1.2078896255623117,0.2236131,3.758294083643311,16.963228,0.6206314497456623,9.926624,1.3660406,0.0,0.16176565505681012,3.0536074797737047,0.29926673,0.8386004272185181,0.88850474,1.5138822546214616,3.046412779631265,7.256246490184894,1.3547818199261619,0.0,4.405055364167742,0.2010974784754852,1.127388,0.21734013,1.322977232997544,16.345192,4.59513124153455,15.373850776714846,5.3746760484604135,4.037589740603817,1.6114507380763496,3.859520551200807,-0.058283307,9.087258514994739,0.16986861773431314,-0.0106089385,0.0,3.877737236750594,19415.475637940428,1.890141713760726,0.05490804,0.0370638,-0.0498974,0.2133662918718594,2357439.5285371337,0.967867854119428,1870636.559194266,1.2565432889892114,2.7851035259587142,2.3464150066848903,0.25058708,41.87522201406507,23282864.0,0.860102232167645,20467.129,2.9197998,0.0,0.17558471670470926,20.191655162426656,0.34886935,1.3131273202048692,1.4314913,3.5443388732679417,20.039734724339677,1415.928089775021,2.875915216906541,0.0,80.86367503194248,0.22274395723108645,2.0875812,0.24276672,2.7545830220729197,12549506.0,98.00112775501938,4750928.194216665,214.8699295861593,55.68954150830459,4.01007426367808,46.44259961772217,-0.056617357,8840.912823690554
13.040834196262212,10.782001,0.13178483795759116,0.011384761387017767,0.7088164478630021,11.155522540358888,7.7733383,0.2526916,0.603195,6.348841890633562,14.17623594193715,0.9139099886354738,13.656068120316661,11.568063374872496,0.3444840100766447,12.771051692289852,0.055878643,11.893002287568002,16.965378,11.446300738612939,9.83957,0.5488331,5.4510812078368405,7.283041854493444,0.12413909976034745,0.19512154,8.097805773766062,-0.092400365,7.919441911624865,0.025469546159928674,12.137651313640703,0.04792143036500103,0.0,0.07259218586345421,8.775761001553809,0.43507183,13.281276,0.3686273554656153,16.42555,1.0626572950481323,14.433134822859992,0.14229105174853615,0.3069290340702887,9.80038816228826,0.1170065388766669,10.515753,12.164095587635849,460851.9065165646,48145.348,0.14086282248239376,0.011449814419630404,1.0315853479871446,69948.05989687236,2375.391,0.28748617,0.8279498,570.830083615545,1434368.5059327143,1.4940552212071414,852618.0447418111,105667.63321361155,0.411261535032958,351881.18339516403,0.057469346,146238.6930250171,23332966.0,93553.62213067793,18760.648,0.73123163,232.0099619581322,1454.4084392784662,0.1321733450875907,0.2154587,3286.247192029073,-0.08825995,2749.2357427555867,0.02579666634713649,186772.38455203996,0.04908822560730884,0.0,0.07529192823612428,6474.369830096125,0.54507405,586116.6,0.44574875291021365,13599593.0,1.8940511282832397,1854515.9630930354,0.15291215680864975,0.3592445045992373,18039.74630627321,0.12412678019287844,36891.1,191777.35586333342
13.475111860788992,10.891922,11.144203230934782,0.022769522774035537,0.2099670975277138,11.79545878111239,2.1278775,11.483683,10.687528,5.985547017168335,12.654230899495401,11.561643477491986,12.56651563750572,11.505843179791299,0.13543561480902774,13.948845095785543,-0.019116784,13.890711930522045,16.600843,11.142594652250763,0.026493575,0.6760721,10.18393421513905,10.249743481064018,0.25970314023702207,0.29779342,0.3347246284158152,-0.16677292,0.10442297242738922,0.0,12.188498458031292,0.16500571805901357,13.75810280590401,0.022690979149487055,9.236725998449966,0.36299083,13.46395,0.20523434712057576,15.950761,0.9920642088976344,14.0554168786378,0.4372631096022082,0.27237391131744887,12.01621308078847,0.44697955541844864,0.05103713,12.422603091670592,711485.5985092623,53739.49,69160.74915719229,0.02303072708950479,0.2336374695663312,132647.59677556588,7.397025,97117.06,43805.07,396.6399776623312,313084.2821977696,104991.42435029523,286791.90172994236,99293.27351009847,0.14503547013362494,1142631.1880815795,-0.018935217,1078100.2290291328,16205210.0,69049.58647268063,0.026847651,0.9661398,26473.41873900442,28274.287843218546,0.29654513744843897,0.3468835,0.39755548516169437,-0.1536082,0.11006988458433498,0.0,196514.86757150502,0.17939986257012447,944207.9877028816,0.02295037770368201,10266.368090365524,0.43762267,703588.4,0.22781276563718197,8459162.0,1.6967954800589014,1271129.066135172,0.5484634390630482,0.31307788421365196,165414.05526359784,0.5635823321731397,0.052361965,248351.17832095403
1.1103636386431808,0.013281454,0.0,9.927326101473467,5.663260721316386,1.9188660992680007,0.35806742,0.06337008,0.3739418,0.5629103680010716,15.489594592219373,0.14945250589229683,15.034112466527302,0.3851960760788405,6.703916943734722,3.386023840364496,-0.021070346,7.308437296384749,16.726149,11.724829507004763,10.839573,10.184314,0.10834589836745932,1.8192042287752646,10.277333726071891,-0.08290278,0.6484436392944872,0.20320167,11.991853924589233,1.460956497884504,9.031233395115143,2.7166955068100838,12.062647163917953,0.5594283558026685,0.9599539383203043,0.7018476,0.65822667,13.207750752395409,16.372202,14.572806132108473,15.298594757279032,7.4168227532339746,9.803776549484398,2.0165101526846025,2.878326397045754,0.085853726,3.349164197924596,2.0354620050507246,0.0133700445,0.0,20481.4991695882,287.0864824421124,5.813228562791018,0.43056208,0.06542106,0.45345256,0.7557750230291295,5333906.23452047,0.1611983194242774,3382454.4443129576,0.46990250590681704,814.5942133666024,28.54822990495905,-0.020849917,1491.8424950850406,18368514.0,123601.92725334376,50998.594,26483.469,0.11443315933605373,5.1669490161781075,29065.271503453987,-0.07955937,0.9125618753023799,0.22531955,161433.36406682865,3.310080139888782,8359.164601964687,14.130241764350137,173276.07188439392,0.7496720245052135,1.6115761770672439,1.0174768,0.93136436,544568.4450795273,12893087.0,2132500.223544622,4406514.315950629,1662.7389918755591,18100.979021555162,6.512063182034854,16.78448409389512,0.08964693,27.478920952567716
13.74002387667263,11.926875,0.10990779584232177,7.501172790864934,0.8483363711445208,11.707940125124876,0.7819539,12.049491,-0.0033086224,3.718292929779884,15.27545716014075,2.6859545555557376,14.509232262645364,12.54767214770829,1.548980176295281,2.9296865360578512,10.993883,11.773384722656177,16.502348,9.506564407261846,10.181291,0.67393345,2.8134414313452,2.777324694995292,2.169060941223035,0.88177264,0.6922671095362952,0.8116904,1.1678971555823952,0.09855522240249398,11.961581767964697,2.1414708157553717,0.0,0.03576747146953863,9.579764153520193,0.50116915,-0.09087504,1.3811497546733396,16.154675,2.983478986390256,14.762677279598455,3.892394547363122,2.467573162687755,3.6103542065034038,0.11370220962516676,0.06359561,12.466691451242523,927291.080784539,151277.1,0.11617514972458268,1809.1641139948802,1.335757783791449,121531.88032673362,1.1857388,171011.33,-0.0033031548,40.194012980132506,4305728.60561695,13.672200128055648,2001148.3783834768,281438.3210934935,3.706667762841435,17.721760979779337,59508.016,129751.5848569856,14685158.0,13446.713993309197,26403.523,0.96193933,15.667178584281023,15.075955283194624,7.750063357697612,1.4151771,0.9982406322505442,1.251711,2.2152244080569057,0.10357534479361091,156619.62642796565,7.511947933583821,0.0,0.03641482245391358,14468.00643556827,0.65064996,-0.08686819,2.9794744175066237,10372560.0,18.756429573442098,2578392.992631745,48.02814629409297,10.793790482741798,35.97914875033052,0.12041842537750523,0.06566136,259545.57655474203
1.0143441510591389,-0.0057447054,0.0,0.46966579385828466,9.68181073885347,1.708494884277316,0.14294474,0.08389642,-0.09220005,0.07094070270332373,16.413002596001487,0.3757338754915323,15.299490142694475,0.09120923668590668,10.009028128747254,0.6807681437625416,12.582945,12.245184278479051,17.822739,10.843007056229222,12.100353,11.552068,0.011422332349189181,0.08903932391321477,9.89087522800513,10.654228,11.576634303807873,12.3113985,13.991161503619779,3.8970650137598506,7.3008488560487566,2.121537714352396,0.0,2.435166480892109,0.9796356598336545,1.0212785,12.860584,14.073218847359106,17.204664,14.15239224192889,16.538501354637035,5.501703939501267,4.303956826957459,1.3257597815904136,4.023872302877408,0.067236386,2.073528092785014,1.7575542651382405,-0.005728236,0.0,0.5994595546759965,16022.4850210766,4.520646010214091,0.15366605,0.08751624,-0.0880773,0.07351756729131041,13430012.799359843,0.4560595890633617,4410461.612409582,0.0954981996924077,22225.22392811497,0.9753945365858006,291542.6,207976.3125548821,54994220.0,51174.03304369445,179934.4,103990.84,0.011487816276224937,0.09312364138036106,19748.3375502084,42370.37,106577.20392440155,222213.52,1192020.9055999962,48.25766616907066,1480.5570226029204,7.343958252184787,0.0,10.41771938725905,1.6634856503225028,1.7767426,384839.5,1293960.3013297408,29640854.0,1400572.3436497715,15225790.462915435,244.10922793557077,72.99198873142625,2.76504488034216,54.91721553023463,0.06954827,6.952832009044314
14.102279566451811,15.378987,0.07617947827166333,7.540861879512642,5.401871573031383,11.863327860607418,8.291107,13.992696,1.0220889,3.560271340065804,15.515337185010148,1.2674869769737085,14.698809278727023,13.242096316830066,6.6584970169410305,2.151092258004462,12.088219,6.1229150759380655,17.471886,9.640011734601849,12.820414,11.008748,2.362155827880227,8.62719192629108,4.9372249816740466,9.379986,11.891068419550217,0.11370678,12.811638397038582,0.4195652512143118,11.584191599727127,14.183274309719057,0.0,0.12686329194421603,8.52631860022735,8.789685,0.49571416,13.61356881858503,16.680086,4.5289981666779955,14.97953660494235,6.572988228260943,8.871872832260056,9.235162724285384,0.38918898279355785,0.060558897,13.48765866956174,1332115.4703357576,4775394.5,0.07915624187433674,1882.452635054319,220.82118249336082,141962.8690088405,3987.2476,1193851.2,1.7789937,34.172739623903716,5472997.439560864,2.5519152923591886,2418864.7229441744,563596.8909132169,778.3786634660424,7.594240400330656,177764.17,455.1925941493574,38720732.0,15366.524062768209,369686.6,60399.223,9.61380834976887,5580.383291141471,138.38292222483594,11847.847,145956.1580404837,0.12042355,366456.70714186324,0.5213000284899418,107385.69811699372,1444499.7378950329,0.0,0.13526180773795488,5044.835861468592,6565.165,0.6416702,817141.5337867145,17541604.0,91.66567899867017,3202800.984973497,714.5047432544271,7127.619187135752,10250.329918387763,0.475783422655184,0.06243017,720468.721724614
1.6780670969021518,0.020625347,0.006885664837206004,13.287006814873218,9.883124928946769,2.0665086368468075,0.21068364,-0.031084187,0.07214255,0.2349020042816929,17.129608291273957,0.10133630108452941,15.53018635887098,0.2259029780704074,10.153729656064325,1.3758709245048029,13.91416,9.004305943611513,17.938486,0.8691389180282645,13.618891,12.862552,0.636279438621196,0.40329862890669543,9.103176586029345,12.118372,10.71453379862739,10.980629,14.369112404681731,9.393252679269287,5.182898217703304,0.1621303377808908,0.0,0.8607556633160502,0.47410929624569836,10.849506,12.823738,13.724827474919215,17.636621,13.976074426746056,16.48113820494024,8.844996442345408,9.74576774773503,0.7838116410644212,8.246951526731836,0.06311001,1.2991622109926897,4.355194888074324,0.02083952,0.006909425532084139,589485.3331395271,19595.86589167608,6.897202926536001,0.23452175,-0.03060604,0.074808545,0.26478481916286956,27497571.644656386,0.10664874636392144,5554873.33518436,0.25345404684817413,25685.72642810924,2.958522796574116,1103678.1,8137.050578233077,61742690.0,1.3848564122682718,821501.94,385597.4,0.8894380156173651,0.49675379888110655,8982.785191633906,183206.0,45004.22164729965,58724.48,1739506.1860765088,12006.091100319092,177.1985214213214,0.17601351032364504,0.0,1.3649471224362812,0.606582570875359,51507.72,370917.66,913306.1075469407,45654900.0,1174171.7637298328,14376969.376732558,6938.579371328758,17080.781201973983,1.1898031217969458,3814.97517380928,0.06514401,2.6662238585691056
3.843275236209464,0.084954746,0.00882265790916762,0.026956054775457764,3.4776487278011556,3.068001958504267,0.15804277,0.08964116,0.058625,0.06505686197406102,15.624035179535824,0.15173470829803093,14.93452830663229,0.15505596008613073,1.0010085165251152,0.5756408690952157,11.876233,11.608677206606112,16.583303,9.60195120339084,0.26403052,11.436725,1.2695053088340842,0.713449395404357,6.5930732008076856,0.9210579,0.7169046448528072,1.2154202,1.4268780229382627,0.5387200641679996,10.956146986570186,0.057877915834038125,11.906947527803887,0.6234187421101668,1.7595607565638758,0.75514674,0.20112582,0.7153487585004541,15.953863,12.65621550677981,14.81358125435662,2.045990741717906,1.461358443912207,0.6165177734735514,2.884123238038057,-0.026353167,1.2849027992972863,45.67810617438663,0.0886678,0.008861692266603046,0.027322655846712455,31.38349008995975,20.498904030403622,0.1712163,0.093781725,0.060377527,0.06721970687820299,6101437.857063764,0.16385143534461868,3061844.2241982673,0.16772330517351255,1.7210246434576146,0.7782697999703555,143806.81,110047.58252677682,15923449.0,14792.618781921119,0.30216792,92662.016,2.5590914756827186,1.0410194132202661,729.0209269655833,1.5119463,1.0480838420756562,2.3717108,3.1656737320712467,0.7138118885263643,57304.21934329482,0.05958562918584176,148292.32660238075,0.8652941132004344,4.809884880057839,1.1279237,0.2227786,1.0448997340747233,8485446.0,313706.2505067353,2713041.4932800704,6.736819932322546,3.311812907696331,0.8524660908266395,16.887877307798078,-0.026008952,2.614316626027026
11.429289427337611,0.024281055,0.008017678508680834,0.07602299920599452,1.829623887247726,6.082997652822313,0.25189626,10.202923,-0.049475037,0.919773591027719,12.8990843481297,0.07733988806389017,12.760694165992492,10.798742615336998,0.8308668617058824,1.3172133754107143,0.20719115,7.597606553833482,16.39666,0.3698879276325339,0.12272673,0.8765424,0.6880405992712116,1.5007651193056213,1.207966612722851,0.12676567,0.3948020157691132,0.19366875,0.36507443508753107,0.9909273908846785,9.559380220273718,11.31842164406506,12.824401042772077,0.6004097045841007,6.714431435695557,1.002647,0.34006318,1.0544340759041182,15.803647,4.697407806254268,13.410369183928504,2.55830835155944,1.7189553119456569,1.6102028393878942,1.4902728084698094,0.006531216,10.465426263968077,91975.59553770156,0.02457824,0.008049906165768474,0.0789873897251554,5.231542455126245,437.34122203608706,0.28646258,26980.934,-0.048271082,1.5087223283875,399944.81248652196,0.08040923219526816,348255.3641006903,48958.20186796823,1.2953075923648194,2.7330043880629513,0.23021771,1992.419039652598,13212313.0,0.4475723727091863,0.13057543,1.4025781,0.9898128702632012,3.485119409309513,2.3466726475916344,0.13515098,0.4840903353488787,0.21369419,0.4406212369262456,1.6937314563285806,14176.056823742721,82323.3032716955,371163.64966363343,0.822865483765161,823.2150144157673,1.7254868,0.40503636,1.8703502937760943,7301913.0,108.6625371536356,666881.5243199493,11.913952958970276,4.578697420441525,4.003826097925126,3.4383061613718393,0.0065525915,35080.396825075906
13.910290727502176,12.546316,11.182146225604447,0.0,0.6729445752372029,11.270446169202401,10.1606865,12.097623,11.614987,11.201599770165323,13.775012547598603,11.632482330874684,13.382613868951324,12.36103268757355,0.39787990135064955,13.585351100963054,-0.1399865,12.874524549062496,16.679554,10.300125275807414,0.009789441,0.88404685,10.282793808887359,9.848381783673142,0.1565586140682452,0.16412443,0.2876690070025271,0.10788998,0.08612024634952008,0.05297003207339037,12.205629949160015,0.09533353191182327,13.198313921214483,0.008097105371821234,7.753596288538367,0.34355095,13.332225,0.1932302984128312,15.810766,0.875918415848834,14.163532198188072,0.1546453438789008,0.3926625978346707,11.802547101440203,0.11114241203716564,-0.0017445523,12.659443936396416,1099416.1431806276,281056.94,71835.37379714314,0.0,0.9600001999097731,78466.999360731,25865.047,179443.8,110744.2,73246.5273624345,960310.075177394,112698.73299675244,648626.4986907603,233521.26096222302,0.4886652324870715,794405.9186582917,-0.13063003,390241.8626600188,17532272.0,29735.343864046754,0.009837515,1.420676,29224.409811811987,18926.700891791093,0.16947930825013055,0.17836092,0.3333159128481317,0.11392518,0.08993738141696246,0.05439804652261053,199910.48032108412,0.1000256876181771,539453.6070494417,0.008129975587493602,2328.936489675774,0.40994537,616752.56,0.21316215066793656,7354082.0,1.4010794710771164,1416261.8976544705,0.1672439174877605,0.48091863986996186,133591.19282522006,0.1175540486710481,-0.0017430314,314720.66889331024
13.221506727985924,10.4185705,10.860143597696858,0.022769522774035537,0.7695596087018575,11.429432368671883,0.14946926,11.234547,-0.041482396,10.84081613461625,13.994832778531716,0.07446838685700885,13.59386785836349,11.750363019583911,0.1521265089167814,3.2418456814636203,0.036957394,12.174535000994277,16.69852,11.632145641612544,9.900237,0.83357877,9.155195330781975,2.689526381529575,0.16035842388750146,0.15811513,0.2842832880238762,0.19475624,0.33037168409390494,0.08306801300533925,12.156818951585532,0.006807710850748099,13.34227773993598,0.05405693845965751,8.88056128511807,0.6414253,0.3803309,0.33107586495514874,15.8904915,0.9545941822733928,14.403390470096532,0.3515164085759614,0.2416803633129544,3.7062160631755687,0.08766137990303645,0.06584692,12.270181503241608,552111.2897247646,33474.547,52058.5532827772,0.02303072708950479,1.158815320927373,91988.74373467748,0.16121776,75700.0,-0.040633775,51062.035291702596,1196405.1887464924,0.0773112857881982,801200.5828440229,126798.58138299969,0.16430752239888094,24.580892381870008,0.037648812,193789.89598509428,17867974.0,112660.79459389125,19934.096,1.3015407,9462.47878572423,13.724700378629448,0.1739315607083344,0.17130104,0.3288093132024028,0.21501477,0.3914852252846376,0.0866157100351668,190386.91955011792,0.006830935987688062,622984.0121499493,0.05554470153348575,7189.825706766272,0.8991859,0.46276852,0.39246542762834735,7964393.5,1.5976162102873828,1800166.852840035,0.4212210671881784,0.273387106523748,39.69951041153439,0.09161841550299558,0.06806321,213240.69149140775
7.817732958810162,0.0018932829,0.0016818589733869015,0.054612900581684866,3.31723642137552,1.9431966252870494,1.9399421,-0.1508899,0.59952486,8.518019323402264,14.096804860878487,1.2729824498997422,13.87966766453953,0.09048033935044122,0.23136012946124082,3.080072576081683,0.12413878,11.013619772025452,16.774572,10.903905593402834,0.1599524,1.7964518,1.1805281543606534,1.3666474376381683,3.1969520966222635,0.5239036,0.46129158839184903,0.5183311,1.280674174971025,0.4997028436264542,11.04679299615896,0.3951808430372625,12.613425938728268,0.09719237032887747,1.6690928624756265,0.7133634,13.488888,0.3311321765049391,15.922123,10.486430959375024,13.936876835948903,1.491794804658179,0.8742310369418378,4.234007492476561,1.579868437070729,0.21801965,1.119231059924547,2483.2670834974583,0.0018950764,0.0016832740914218677,0.05613170756708508,26.584014533854475,5.981031081567011,5.9583483,-0.14005762,0.82125324,5003.132366635234,1324842.4518545112,2.5714884793840733,1066258.9020447705,0.09469998491729643,0.260313033585788,20.759981593091947,0.13217299,60694.192445549976,19279874.0,54387.368378092826,0.17345501,5.02822,2.256093468795052,2.9221792781840215,23.457871249882558,0.68860644,0.5861212784109284,0.6792229,2.599065307593529,0.6482314154517482,62741.41644088619,0.48465265574072963,300565.9906501699,0.10207235925268024,4.307351115463243,1.040844,721354.8,0.3925438417223955,8220346.0,35825.0642575704,1129037.378542804,3.4450663896481095,1.3970313565356431,67.99316850187795,3.854317121044323,0.2436115,2.062498419914869
13.158789038127804,11.401428,0.047022600209298535,0.01897460231169628,5.32097564633813,10.745058017338788,7.701242,11.994062,-0.25535503,11.162524521292696,14.086719474258121,5.604740686906972,13.993766239098067,11.744543354650524,0.12451656388654464,10.26850054523675,0.29480645,11.805604290929633,16.911713,11.807087742294971,0.3439887,0.82270503,6.312044042966602,6.293435155900264,1.042153464426927,0.14965571,0.2804336316300504,8.318968,0.5141612775959445,0.15997055963512347,11.864140832324924,0.04343202276254961,12.660208184256474,0.054799500411458764,9.585041373703278,0.3278128,13.421288,1.0047787086154907,16.325045,8.632703457254074,14.702498708735067,0.727170735042795,0.44264052919457636,7.324930883990874,0.1346490935620355,10.514912,12.485972692063294,518547.60204808513,89448.38,0.048145697124107614,0.019155764088276548,203.58338568570557,46399.15215162356,2210.0923,161790.28,-0.22535858,70439.5606118299,1311548.0457304672,270.7114579595599,1195129.8545855104,126062.79340208077,0.1326007805757044,28809.654488761065,0.34286642,134000.23441322803,22113804.0,134199.1662437419,0.41056266,1.27665,550.1704141788971,540.0085895542845,1.8353161973778287,0.16143431,0.3237036876909892,4099.925,0.6722353721901541,0.1734763229121382,142078.32854556222,0.044388997220105815,314961.28618919104,0.05632879995206677,14544.564397297507,0.3879291,674202.7,1.7313027921688198,12299197.0,5611.230186690666,2427805.4416641314,1.0692179522409933,0.5568126050636035,1516.6689998141574,0.14413522948341306,36860.086,264598.51350696705
14.296484923487995,11.464165,2.2350411102759393,0.015179681849357023,0.08484078153093323,11.952127947931334,3.103512,12.920185,1.7535669,12.506262254352393,14.613992734710546,11.96518395288532,14.186591794086967,12.633324143748053,0.23104673245981652,14.028264085808202,10.480768,13.432290977866412,17.124222,11.54042544945514,-0.0748487,8.036282,4.326502662029721,10.226836032042524,0.21098222186532403,-0.11864195,0.2706240316569566,0.103644304,0.0662994556215097,0.20942152637266745,11.97346425537162,0.05166585626339092,12.769944411511647,0.05410785099345006,5.938918202160855,0.47443262,13.788702,0.25505888735814103,16.381222,0.9703394943687497,14.305085326032165,0.4574364189987212,0.35537822730931984,12.577207118190904,0.06711944292220917,0.07716225,13.344916870636887,1617648.8167643398,95239.9,8.346866096542781,0.015295478396207544,0.08854373663283212,155145.94017037645,21.276049,408473.62,4.775165,270021.9553961863,2222164.5130091542,157184.82024190965,1449299.8041825304,306606.63392246247,0.25991811714625257,1237078.7079622752,35622.76,681662.2031785861,27349856.0,102787.15991595792,-0.07211613,3090.098,74.67914764261187,27633.935549041715,0.2348904008183864,-0.11187426,0.31078216513329276,0.10920584,0.06854665156218144,0.23296461610855995,158491.76988184464,0.05302382240593221,351491.76665392146,0.05559844335682671,378.5241389885783,0.6071021,973546.6,0.29053761498604985,13009907.0,1.638840178680408,1631621.2545339395,0.5800182838023458,0.42672017677759216,289874.59239874175,0.0694232055791338,0.08021733,624630.3224802393
11.953027732511844,0.021558685,0.05240635774425635,0.0,2.09422744757778,7.642159321270155,1.015435,10.176221,8.9075165,9.961299780333865,14.939151133071485,9.886222035431777,14.371081055876223,11.28980597903693,0.0,11.59396721711402,0.14063953,12.335308957925356,16.598392,11.843930147479847,9.867174,0.5346258,3.7675593246760593,5.67025289105305,1.0406131309850857,0.15282956,0.26814286709459423,-0.017387047,0.253330763052502,0.1648175563750679,11.740552450861225,0.000569579314088349,12.707079264444415,0.7035087145832977,5.1568114363709725,0.33535033,13.296612,0.23624063368496714,15.873699,8.855239105914444,14.529426830830205,0.14525565387227402,0.19531180888681854,8.440794778808927,0.9023698284000764,0.061424334,10.529939711483953,155285.6018181309,0.021792753,0.05380387688591442,0.0,7.119166065268081,2083.2395037005613,1.760564,26269.998,7386.292,21189.320587450613,3076031.370345014,19656.65355646048,1742934.0419954506,80000.92525363874,0.0,108440.61723215308,0.15100966,227590.80124255555,16165541.0,139235.6312061579,19285.76,0.70680946,42.27431728227202,289.1078908057572,1.8309522268685101,0.16512637,0.30753393024522707,-0.017236765,0.28830933149622834,0.17917796558284804,125560.68752585394,0.0005697415551874636,330075.34806107444,1.0208308012061105,172.61000557585248,0.39843023,595174.6,0.2664790310185264,7831769.5,7010.0244173046385,2041971.5416627151,0.156335154042621,0.21568999034088024,4631.235124231186,1.4654388605938888,0.06335004,37418.2183663263
2.4903620345095807,0.02397983,0.0,12.812535992201784,9.86424018701462,2.6890571515501023,0.23499528,-0.035884544,0.049326878,1.8081059876702703,16.813677210593053,0.19627208781374367,15.56710250481984,0.6093347664598475,5.17065085602247,2.5331262001415586,13.462072,2.0059987035976,17.92018,11.76697217688665,13.131695,0.97730064,0.15010337532956036,1.562433784123189,11.3260398286085,1.9779817,10.9262041830027,11.157309,14.516803170070773,1.8989858672033295,3.336977329479522,16.84240238154489,0.0,2.1134619940659483,2.826716989753677,1.7645603,12.928434,1.272129478170149,17.280964,15.084261733183316,16.28926026559856,6.367206571548094,12.676854192939983,4.507506442265617,7.123820950974724,0.049965605,9.557673569032744,11.065643509154913,0.024269657,0.0,366785.78547477775,19229.256692056613,13.71779272853804,0.2649028,-0.035248324,0.0505637,5.098885122488845,20048745.891628563,0.21685795251525852,5763769.993441614,0.8392074892247972,175.02936998352405,11.592812316810683,702268.4,6.433514068107799,60622664.0,128922.2025359889,504686.53,1.6572737,0.16195435393418045,3.7704172941454375,82952.86000132105,6.2281394,55613.77503647692,70073.1,2016356.3916601373,5.679117494393655,27.133958365762602,20633000.811113708,0.0,7.276846133346764,15.889919923584548,4.8390045,411857.2,2.5684433995467226,31990958.0,3556407.456966356,11866859.788461443,581.4285817865707,320248.0306626829,89.69538214016836,1240.1838873432837,0.05123494,14151.882166842925
6.120198968519326,10.216074,0.0,6.031227020839385,10.22157880259294,4.568142140046629,0.17427741,-0.035214078,-0.114945926,0.35667988699491854,14.608233402561568,0.14504685173588783,14.359186818408228,11.261683263115076,1.5379929848772973,9.641061649910501,0.48584753,1.641022869652383,16.801006,1.2388035834986713,0.42847154,0.9573581,0.008532255554615521,3.7878133323447942,5.4438567576303285,0.6615257,0.35961153421675524,2.2922158,2.5430670334420142,2.7190245497331866,6.982830451186638,17.113847850777034,0.0,6.384083946628824,1.3686129208384952,1.3126436,13.6355715,0.352532437198833,15.85844,3.6779162255105438,14.756120345632924,6.298491349290172,5.264730945504525,6.426823450633776,3.986996738419337,10.506867,10.616704546539848,453.9552072585796,27338.121,0.0,415.22543346046564,27489.033577231523,95.36491085235713,0.19038574,-0.034601275,-0.108585656,0.4285784900977187,2209403.1075905105,0.15609373399746615,1722325.9603794073,77782.3955915446,3.6552377562317293,15382.667134483943,0.6255521,4.1604452764311946,19796314.0,2.451481584009246,0.53490967,1.6048058,0.00856875899206641,43.159731966215574,230.33265918078024,0.9377465,0.4327727232614267,8.896843,11.718619643644661,14.165521815284832,1076.9651808580131,27067594.998032186,0.0,591.3418672254195,2.929895836562723,2.7159846,835320.1,0.4226658022936945,7713173.5,38.56386594287313,2561541.9394799266,542.7509607458063,192.39426818960166,617.2070604628055,52.89279192319941,36564.754,40809.90265127573
0.5267973834627195,-0.013785215,0.0,1.6629294500531222,8.546063501278475,0.8427955940043625,0.07184423,-0.14471689,-0.08204055,0.26221163517652535,16.194752053356765,0.07306788223068829,15.213895128756164,0.0,1.111992823017193,0.3233327711271523,12.064865,4.055138064500404,17.27765,10.381812163438632,10.687605,12.182674,0.16393175076743774,0.3345256741447676,9.986121735750842,0.38018087,0.6679742244153879,10.482273,11.479042740948344,0.7515458222595318,9.865436774950904,0.4841481809998434,0.0,0.2896715883877755,1.1431388068482502,0.39894012,13.370863,1.3187442257587103,16.698097,12.677282853385066,15.6376894326315,3.07584622970734,2.018047002216712,0.6190776546681244,2.297123425492049,-0.046179645,0.9875890555522393,0.6934999833817357,-0.013690633,0.0,4.274740321786925,5145.455484572514,1.322851658458558,0.074487954,-0.13473277,-0.0787654,0.29980159706317955,10796709.402727848,0.07580356238170652,4048653.366773732,0.0,2.040411362930788,0.38172507262016153,173660.81,56.69312781918984,31885144.0,32266.382311906946,43808.453,195373.67,0.17813390561389705,0.3972774631866422,21721.888120188956,0.4625491,0.9502824815459702,35676.414,96667.48669033372,1.120275053021715,19252.281157877762,0.6227920947919687,0.0,0.3359886617812698,2.1365981059021273,0.4902444,641049.1,2.7387234355154964,17860410.0,320385.33818175277,6185319.816988992,20.66821043872433,6.523616968763124,0.8572142587160833,8.94553220287571,-0.04512959,1.684753870864737
12.810185634287565,10.5272,0.05650043010189826,1.2115654273938825,0.5752089616536205,7.177846334411265,0.48219064,11.014158,-0.037401777,9.806077217952797,13.12629770788771,0.6123867702101209,12.79883863056508,11.119248682449054,0.4972289025470109,1.4044555600631383,0.09455685,11.120925371507846,16.570177,10.634045328511444,0.123075284,0.8324391,3.6758895750862948,1.2333944677541278,1.0782669127525666,0.24913368,0.4121247081492505,0.29401973,0.18180112613660776,0.2112195763945134,10.428785721203402,1.7432773269520185,12.305677875033531,0.3948449908682039,6.123212010355571,0.7782968,0.24131751,1.4669958548619866,16.27922,2.750915775614032,14.581932730670474,3.424227253641216,2.079034585883522,3.1299881909061873,0.3611766799638222,-0.017797649,10.842140506144608,365924.71755599626,37315.832,0.058127069902589555,2.3587384003966023,0.7775019178495223,1309.083735539133,0.61961854,60726.883,-0.03671097,18142.673618236564,501970.0400607186,0.8448293319581681,361796.0255175754,67456.20544868623,0.6441588277927378,3.0733084656595424,0.09917165,67569.4050807713,15715798.0,41523.76721274612,0.13096957,1.2989192,38.48376501288357,2.432862522358123,1.939580584241251,0.2829135,0.5100227367280272,0.34181038,0.19937564569183736,0.2351835424359422,33818.25930786417,4.7160461104972,220945.94306182006,0.48415411564857236,455.3280735448238,1.17776,0.27292514,3.336189013501633,11748316.0,14.65696358631705,2152051.790082614,29.6989132100124,6.996745015991717,21.87370942306546,0.4350169772298877,-0.017640205,51129.706522829256
12.195991871150152,10.002354,0.05403717683267131,0.007589840924678511,1.2728725653245916,9.962945497611864,0.53165066,10.667095,0.21585406,3.411445665181103,12.493355292778757,0.5963353965391942,12.458662227389993,11.11998950508356,0.37648652954680234,1.9919918822264007,-0.04581296,11.140346963399073,16.257555,10.619771717653439,0.2944778,0.6985246,9.019195705053445,1.721527239259235,0.5457746182440216,0.15491739,0.38716423044278175,-0.14818348,0.5966665931619498,0.3127225318575386,12.039759339376669,0.1172524413121919,12.598705266674306,0.1936176668756829,2.4506612142920714,0.39416257,0.06351381,0.2640488893616013,16.089695,8.014713408023944,11.729658489364436,0.9138732836631612,0.4153430573920187,2.3473662540958875,0.8110419315716245,0.09450851,10.659329708952662,197992.973263472,22077.37,0.05552384245893209,0.007618716775451498,2.571096049451254,21224.22257569292,0.701739,42919.086,0.24092127,29.309029310859945,266559.1745483811,0.8154536775038005,257469.96292560772,67506.19778878521,0.4571559107415091,6.330119966164771,-0.04477939,68894.5565340647,11496520.0,40935.26883449291,0.34242514,1.0107838,8259.130827363413,4.593063891551781,0.7259448130381778,0.1675615,0.472798349737436,-0.13772711,0.8160550492112011,0.3671421400055102,169355.17819218576,0.12440323969560618,296173.84949911083,0.213632182457299,10.596011633491788,0.48314163,0.0655742,0.3021918580733134,9719987.0,3024.1422919624883,124200.2470839196,1.4939636786593447,0.5148903458910058,9.457989733699643,1.250251373590299,0.099118516,42587.081194873
2.466832492118907,-0.004411967,0.0,0.004186532001422223,7.777978751834056,2.1181056692439233,0.1480774,0.27450222,-0.07148386,0.31758612660091207,15.584132851275434,1.1369583032128556,14.960547102356033,0.24961718048029777,0.2132924577487306,1.3600663359769263,11.625592,5.309023437461881,16.835152,11.20349847494244,11.290927,11.096235,0.5014958551841029,0.6385201966432532,2.633567620736092,0.4673081,0.5123049078604345,0.10925857,11.277966267457657,0.46731628802170777,10.862760069472305,0.6022018988354926,0.0,0.2359897614926639,1.2133480549230042,0.5126822,1.1531341,0.7006299818865683,16.350956,13.09239815994086,15.242365161287667,1.3309745418378784,0.6767281883366905,2.133891055209703,1.2553312621699901,0.011589298,2.2102372811589177,10.785058403432343,-0.004402248,0.0,0.004195307768925068,2386.444322905733,7.315370496374921,0.15960264,0.3158755,-0.068988696,0.37380756114573693,5862769.616541715,2.1172721335457894,3142555.1975455694,0.2835339607699008,0.2377465868958805,2.896451768156897,111924.89,201.15271719223801,20483938.0,73385.73490774404,80090.66,65921.516,0.6511893644552512,0.8936765359838299,12.923354648512673,0.595693,0.6691339646247907,0.11545073,79059.31075439861,0.5957060263119945,52194.94398798924,0.8261353420416074,0.0,0.2661613464982809,2.364731119738552,0.66976386,2.1681066,1.0150217348903843,12622051.0,485238.6443463858,4165575.174739151,2.784729968612761,0.9674301294668147,7.447673307337424,2.5090005809813607,0.011656715,8.11787963742883
13.422432560159665,10.601375,11.114665344949374,0.21251554589099825,0.16302823807598524,11.657531269487997,10.229952,11.308329,12.081415,12.728034897584116,13.304709772095098,12.445492291691746,13.361299592811713,11.679989470340965,0.5733001328366861,13.551800581748065,0.37174174,13.712611271334666,17.089157,11.591109637588339,0.3301524,0.8170778,7.2805986015305715,9.924727537529026,0.5439971335065023,0.30088905,0.34892774847165753,0.20699494,0.11988004460497302,0.024361892080855103,12.255605274728005,0.06249775021754356,13.320431358422837,0.009300764564188001,9.37911727500308,0.55434835,13.631718,0.6103578783912011,15.896613,7.4101941196181595,13.475679212400232,0.8684895139283313,0.5769156732428106,11.994633227586931,0.07494114760022975,10.625291,13.251890742718583,674975.098879042,40189.047,67147.73376425382,0.23678534034592486,0.1770699274092303,115557.39544988799,27720.176,81496.58,176558.84,337065.2904591846,600013.9029231666,254101.31800821784,634947.7670518163,118181.9906348923,0.7741122071845111,768195.3025502358,0.4502584,902216.83430491,26407460.0,108131.17901973534,0.39118013,1.2638747,1450.8568487807765,20428.343180284166,0.7228796973803591,0.35105944,0.4175467667215066,0.22997634,0.12736161036077187,0.024661067526795068,210154.97555199495,0.06449206403959476,609521.631471715,0.009344151079865253,11837.559947711623,0.7408062,832107.1,0.841090167282224,8013298.0,1651.7471463717047,711889.3761084069,1.3833081795051556,0.780538191257009,161882.66315874917,0.07782071668232349,41161.83,569144.1303536376
0.3543567896159459,0.021571925,0.0,14.926367181481444,11.795916504754256,1.1294047607208284,0.08610182,-0.16952059,-0.21595567,0.06432573939301346,17.151694442759837,0.0,15.157107288432098,0.059539993299740086,12.056484527629332,0.34503395061128667,13.138278,4.551504535824794,18.296196,12.578248655253237,14.54338,13.0876255,0.0,0.038987504520629344,3.534992463563932,11.335307,12.246633106135791,12.757676,16.765822140705534,13.119569823750977,2.053451747648186,19.030518937261263,0.0,9.918473113563625,0.31163531135103806,12.639634,0.25431442,15.954000717014734,17.781576,16.62337433364549,16.671405506550627,12.352544313806668,13.081660056161416,0.8091910175331356,10.065960127411145,0.09681284,1.7633959970205897,0.42526361503130977,0.021806281,0.0,3036957.810825772,132708.3270721563,2.0938143920829355,0.0899173,-0.15593062,-0.19422898,0.06643972361799694,28111643.479646362,0.0,3825145.3594992384,0.061348206947722674,172211.5119302757,0.4120378584023325,508019.97,93.77489332344256,88295170.0,290176.6658547334,2070662.8,482928.28,0.0,0.03975749130070215,33.29475625301694,83725.19,208277.8542254948,347205.9,19111906.74120435,498604.1723433682,6.794760269540645,184013361.87580404,0.0,20300.968150638164,0.36565656275695485,308547.44,0.28957722,8486613.51277486,52776476.0,16574472.579883676,17389992.395629864,231547.42590477903,480055.9665532614,1.246090203904459,23527.32109297885,0.101654164,4.832209969276272
13.270234542814446,10.294696,10.63524740180352,0.28312760959808153,0.49784431390901807,11.168683723351522,9.37673,11.65486,11.096718,11.566539517138917,13.69933939398548,11.918337272989463,13.57986328009546,11.575824023502568,0.07293849963047258,13.468086311726994,0.35952365,13.698048906561416,16.739288,11.54543272974817,-0.05500344,3.0575185,2.0366747095779805,9.839795150556352,1.101619430397836,-0.010552244,0.2896605803688395,0.35351256,0.24451722740595164,0.2137020687194708,11.85724514687523,0.3947703668719807,13.032826770644547,0.03780911548381192,9.331129039931412,0.49911147,13.65283,11.320832576008677,15.850081,1.430231366443399,12.90933219345108,4.428999688372499,0.43376309937384866,11.538793772224079,0.11779874844528132,0.12441826,12.467648912978763,579680.7603085478,29574.33,41573.71303963027,0.32727452397935747,0.6451709732272618,70874.75711357799,11809.331,115249.07,65953.33,105506.73187620226,890321.8190586662,149991.00519972423,790058.2961905107,106490.88068252114,0.07566438112349495,706504.532354885,0.4326468,889173.6096915357,18611464.0,103303.1397933072,-0.053518105,20.274698,6.665078162351986,18764.871447829806,2.009035003148124,-0.0104967635,0.33597395527372753,0.42406088,0.27700466151254466,0.23825368532631935,141101.96440588264,0.48404336626978356,457176.396472697,0.03853297409252849,11282.864229579487,0.647257,849861.75,82522.02101541184,7648968.0,3.1796661145457263,404064.46805311245,82.84750131589055,0.5430532745266015,102619.57957149658,0.12501767702638744,0.13248944,259794.20147599612
10.216794049173664,0.01827498,10.520783382531882,0.0,3.517420612243456,6.060302750677599,0.53913206,0.15345237,0.096515946,9.42102316945451,13.398769611405095,0.750251252639279,13.631490513943938,10.633467476828754,0.9498951266721188,3.279567244289882,-0.024277972,11.135120948964275,16.871723,11.044304887043246,0.20846911,1.3690622,5.717525294634469,1.2217671755051622,1.8568095377790466,0.24041209,0.2870112033571097,-0.031510692,1.2848410801091998,0.2533877644296847,11.756647740942254,0.9932518986408684,12.93461114841233,0.20830470539521928,0.9734668623337142,0.42750892,0.1666089,0.31277497313998875,15.791514,6.933791144082966,14.254404500260431,0.8687732708425426,0.9455991836664804,2.6027911844717764,0.6765291223411896,0.051562596,9.35287386067415,27357.81472035604,0.018442988,37077.159500234455,0.0,32.69739761411528,427.50514744705634,0.71451813,0.16585225,0.10132714,12344.206998686164,659190.6636959286,1.1175319852806698,831918.1286556204,41499.77898762452,1.585438501557796,25.56427437065056,-0.023985632,68535.44653545324,21246932.0,62585.50051095656,0.23179089,2.9316618,303.15130598268144,2.393178780872428,5.403274740967115,0.27177313,0.33243914118358114,-0.031019403,2.614093560223171,0.2883827689953603,127597.99082189775,1.7000003392026009,414409.01968528057,0.231588384006326,1.647105720879105,0.53343284,0.18129218,0.36721383657253726,7213856.5,1025.3777589551462,1550989.7841432027,1.3839845556384505,1.5743554282810373,12.501370306411008,0.9670385200088705,0.052915093,11530.91699199241
0.5084772588685795,-0.027597884,0.0,13.348209405839183,11.074301681428556,1.2981430322501806,0.07407635,0.09848033,0.24763504,0.175610200665236,16.624065193972076,0.28272556435425855,15.307283126508647,10.582302124755406,12.97375960198776,1.200789338539746,13.180269,9.310001897181111,18.16357,0.7468506739770252,13.71485,12.256729,0.016780448238110382,0.37087472205093425,10.30981319054909,13.1614275,12.857142170316457,11.031353,14.578779761372948,11.651220261668714,2.7530901513983266,18.34878337646444,0.0,11.152940672503894,0.2724373835584647,12.557758,0.5739603,1.0239850978835272,17.494839,10.236511159904762,16.529297946465963,12.31580743610454,12.825908731900586,1.7468217253423075,8.060472533324768,0.0071332552,10.941895430893316,0.6627573172570563,-0.027220542,0.0,626690.3325648123,64491.336477886725,2.66248922460022,0.07688902,0.1034927,0.28099233,0.1919733376685093,16585927.182423688,0.3267410068259477,4444966.549744906,39429.78458136134,430954.27870104817,2.3227386535605925,529806.6,11046.969088755475,77328290.0,1.1103433808297163,904239.3,210391.3,0.01692203079054833,0.4490015340750636,30024.827008006516,519917.6,383517.1286755808,61780.113,2145277.1194853964,114830.40195637046,14.691044747993322,93062639.3435615,0.0,69767.69360879231,0.3131612308546624,284291.34,0.7752838,1.7842682663894611,39619770.0,27902.60469230286,15086304.148667911,223195.41244935535,371723.6726350074,4.736342002245388,3165.786192869153,0.007158758,56493.32281261568
12.395591704678077,0.06565148,0.06840596852867006,0.04553904554807108,0.5634498466106547,10.493547533788725,0.12765725,0.20476782,0.12585288,9.181463976130924,12.390181233189399,0.4956718735149163,12.322749485008282,10.946982647573238,0.20749666304170516,2.806142553196833,-0.22247587,11.945235930476837,16.455273,10.744503408888432,0.095597245,0.6285573,8.773525230811009,2.1116606629409436,0.3309032198191615,0.045913093,0.28801285712392555,-0.21323304,1.1954084554899502,0.05085067957089856,12.189993166882902,0.0634793337919555,12.517667988806943,0.003692924581861537,3.3079113046421758,0.52414364,0.3738752,0.43222913492198456,15.809014,1.115902587201639,12.721175780062321,0.15309032161426064,0.13356357381167402,2.6408629344560692,0.16061274037192114,-0.061494716,11.157348866520525,241732.63199102724,0.06785448,0.07079993132382624,0.046591868569280825,0.7567224816411423,36080.93248255795,0.13616352,0.2272401,0.13411531,9714.365429985473,240428.27085355832,0.641600816730025,224750.2434720148,56781.4539453039,0.23059361039368512,15.545969761035252,-0.19946568,154080.34103262363,14009870.0,46373.42536994717,0.10031582,0.87490374,6459.908559747688,7.261950213060165,0.3922250459961938,0.046983417,0.33377445251656945,-0.19203217,2.3049074024229204,0.05216577170824803,196808.82121107125,0.06553746495499398,273119.3962369594,0.003699751829428351,26.327985981723852,0.6890118,0.45335576,0.5406881001666209,7341209.5,2.0523219229517324,334761.2241245448,0.16543023772947446,0.1428939219485387,13.025301302974952,0.17423014882213345,-0.059642084,70075.92642239314
