experiment_id,metabolite,r2,rmse,mae,spearman,spearman_p,n_features_after_filter
B01_extratrees_baseline,C18_negative|IK:RGHHSNMVTDWUBI-UHFFFAOYSA-N,0.6415008066246151,3.925714399498369,2.4590318830085964,0.7473551148868014,5.366005673063905e-20,3059
B01_extratrees_baseline,C18_negative|IK:WLJVXDMOQOGPHL-UHFFFAOYSA-N,0.5887634821053412,3.595874188261114,2.2978458819189,0.6216541404689696,1.474723485377113e-12,3059
B01_extratrees_baseline,C18_positive|IK:LVGKNOAMLMIIKO-QXMHVHEDSA-N,0.5246442543965943,3.442028200130916,2.2772027680624376,0.6646561212434662,1.066000816596844e-14,3059
B01_extratrees_baseline,HILICZ_negative|IK:COLNVLDHVKWLRT-QMMMGPOBSA-N,0.2695267117615737,5.3789115474270455,4.008235640286852,0.5043857541203008,4.113591029372798e-08,3059
B01_extratrees_baseline,C18_positive|IK:MECHNRXZTMCUDQ-UHFFFAOYSA-N,0.4503914583721716,4.444023444930061,3.0673531475787827,0.6523735366708877,4.725401999752417e-14,3059
B01_extratrees_baseline,C18_negative|IK:AIONOLUJZLIMTK-UHFFFAOYSA-N,0.4662225893686952,4.242725460181821,3.027580531011151,0.6627562297183356,1.348237861387151e-14,3059
B01_extratrees_baseline,C18_negative|IK:GYUCMTKUEQLBJW-UHFFFAOYSA-N,0.3515320967888607,3.87699585001783,2.5794231073718112,0.5653951774641743,3.301537335218381e-10,3059
B01_extratrees_baseline,C18_positive|IK:MBIZFBDREVRUHY-UHFFFAOYSA-N,0.3253993046171594,4.815032382670262,3.6857440255707767,0.4869303273549782,1.3855323524527966e-07,3059
B01_extratrees_baseline,C18_positive|IK:GUMFPOIJOXLCLA-JKSUJKDBSA-N,0.3755176387094875,3.699948132409845,2.558210410965355,0.5447123196141066,1.8895681816578683e-09,3059
B01_extratrees_baseline,HILICZ_positive|IK:OYTCZOJKXCTBHG-UHFFFAOYSA-N,0.4147679434637985,5.0069201960783545,3.663165732424996,0.597712004961375,1.6774705550247538e-11,3059
B01_extratrees_baseline,C18_negative|IK:NGFMICBWJRZIBI-UHFFFAOYSA-N,0.4059729956603022,1.3386451644408497,1.1102919524213524,0.6382230976570599,2.418706064744748e-13,3059
B01_extratrees_baseline,C18_negative|IK:LTSJJOKAWSCMBC-UHFFFAOYSA-N,0.4077152662409167,4.13137921832785,3.219046946326728,0.5589091464984285,5.779808382299314e-10,3059
B01_extratrees_baseline,C18_positive|IK:NGFMICBWJRZIBI-UHFFFAOYSA-N,0.3389649278609777,1.0950187729176175,0.8919429468363623,0.5765602322206095,1.223311942765493e-10,3059
B01_extratrees_baseline,C18_negative|IK:ZWNLSRDFHQCTQW-UHFFFAOYSA-N,0.362076469030191,4.425561657079695,3.371259679675728,0.5584378352341747,6.017029915647969e-10,3059
B01_extratrees_baseline,C18_negative|IK:GHOKWGTUZJEAQD-UHFFFAOYSA-N,0.3244681171046789,4.677400399830005,3.475643585438633,0.5486015880431805,1.373444862040716e-09,3059
B01_extratrees_baseline,HILICZ_negative|IK:LWYJCVVIVLBLID-UHFFFAOYSA-N,0.3405723223883168,5.554038718529408,4.4771990635585865,0.5709481635216384,2.0243452754811846e-10,3059
B01_extratrees_baseline,C18_positive|IK:PUQSUZTXKPLAPR-UJPOAAIJSA-N,0.3225110785379861,5.200132325708056,4.260865828117317,0.5956246933342353,2.054040375504123e-11,3059
B01_extratrees_baseline,C18_positive|IK:WCGUUGGRBIKTOS-UHFFFAOYSA-N,0.2542898578212041,5.541169444372969,4.224671228481074,0.451156694358764,1.3648895201326868e-06,3059
B01_extratrees_baseline,C18_positive|NAME:,0.2782112570368876,0.5653660036144523,0.4577330720714235,0.5014202778353721,5.0805064582851495e-08,3059
B01_extratrees_baseline,C18_negative|IK:IQFYYKKMVGJFEH-UHFFFAOYSA-N,0.332624093853429,3.92025252591562,2.832568513646033,0.3371044694142807,0.0004373460808257,3059
B01_extratrees_baseline,C18_negative|IK:BJRNKVDFDLYUGJ-RMPHRYRLSA-N,0.3368377651394431,4.941873882377497,4.055528797879805,0.6328840680433304,4.3825046639715113e-13,3059
B01_extratrees_baseline,HILICZ_positive|IK:XPCTZQVDEJYUGT-UHFFFAOYSA-N,0.3267775851065421,5.419624760564803,4.083051133146402,0.5447445922872826,1.884604160583636e-09,3059
B01_extratrees_baseline,C18_positive|IK:OYTCZOJKXCTBHG-UHFFFAOYSA-N,0.4039497301195656,3.8132783084300175,2.5973071835115635,0.6076920548229213,6.240571651141571e-12,3059
B01_extratrees_baseline,C18_negative|IK:GUNGQVJAKLIYDG-JXMROGBWSA-N,0.3449692959058976,4.063696690127278,2.860604513940158,0.5314290374905741,5.4512179625066006e-09,3059
B01_extratrees_baseline,C18_negative|IK:OKVJCVWFVRATSG-UHFFFAOYSA-N,0.3124528123830871,4.95659670930353,3.833361665493874,0.5513821333449705,1.090600280581409e-09,3059
B01_extratrees_baseline,C18_positive|IK:GHOKWGTUZJEAQD-UHFFFAOYSA-N,0.2970629982835652,4.844952049454121,3.5712855077158854,0.5107396387101405,2.599046471975333e-08,3059
B01_extratrees_baseline,C18_negative|IK:UGAGPNKCDRTDHP-UHFFFAOYSA-N,0.296845215639866,4.825608331302523,3.667232937350781,0.5500275718450575,1.2205813241965183e-09,3059
B01_extratrees_baseline,C18_positive|IK:IBMRTYCHDPMBFN-UHFFFAOYSA-N,0.2373665490677585,4.9535502691124975,3.624964210846033,0.5007997675975008,5.3086234418554566e-08,3059
B01_extratrees_baseline,HILICZ_negative|IK:SLWWJZMPHJJOPH-PHDIDXHHSA-N,0.3174287404469831,6.134001193288524,4.894305956468205,0.5753881840648701,1.3600755581168819e-10,3059
B01_extratrees_baseline,HILICZ_positive|IK:SIOXPEMLGUPBBT-UHFFFAOYSA-N,0.2653847998821974,4.992517598592803,3.3467923786191114,0.4997969927878971,5.6980724859742654e-08,3059
B01_extratrees_baseline,C18_positive|IK:OVASVJPBDPJABT-UHFFFAOYSA-N,0.2640388136156031,4.638125734045176,3.1966764814942685,0.4714830889899979,3.841365481442526e-07,3059
B01_extratrees_baseline,HILICZ_positive|IK:KWIUHFFTVRNATP-UHFFFAOYSA-N,0.2408517726465574,7.328883624833277,5.580005237252031,0.4923515200929674,9.57099878321764e-08,3059
B01_extratrees_baseline,HILICZ_negative|IK:QZZGJDVWLFXDLK-UHFFFAOYSA-N,0.2831842478464691,5.250597771876592,4.059956496836091,0.5897897986333671,3.590507661262486e-11,3059
B01_extratrees_baseline,C18_negative|IK:BJEPYKJPYRNKOW-REOHCLBHSA-N,0.223254736149522,4.909233655658073,2.809159262273905,0.4463076317266814,1.8251077975970963e-06,3059
B01_extratrees_baseline,C18_negative|IK:CKEXCBVNKRHAMX-UHFFFAOYSA-N,0.2719490967167534,4.595585760842051,3.464330318290865,0.4896327202808795,1.153127038596022e-07,3059
B01_extratrees_baseline,C18_negative|IK:KDYFGRWQOYBRFD-UHFFFAOYSA-N,0.284555713090561,4.959679388816227,3.457759294760593,0.516296902347579,1.7259946286400553e-08,3059
B01_extratrees_baseline,C18_negative|IK:LJCWONGJFPCTTL-ZETCQYMHSA-N,0.1461339998137306,5.843874879505009,5.103650611211095,0.4077196871304542,1.5816168307360367e-05,3059
B01_extratrees_baseline,HILICZ_negative|IK:AAWZDTNXLSGCEK-LNVDRNJUSA-N,0.2553263435521385,6.387975994387505,5.306915073956194,0.522718196075119,1.0656669905200021e-08,3059
B01_extratrees_baseline,C18_negative|NAME:,0.2314098644667471,0.7647538032553822,0.6050262718414083,0.434677586564379,3.598726052689971e-06,3059
B01_extratrees_baseline,HILICZ_negative|IK:JVQYSWDUAOAHFM-UHFFFAOYSA-N,0.2908519057094788,6.027730882432232,5.103730816389246,0.5770989303694237,1.1649887181145098e-10,3059
B01_extratrees_baseline,C18_positive|IK:RGHHSNMVTDWUBI-UHFFFAOYSA-N,0.1168526053874425,2.0836512666543565,1.351852614691268,0.5004665146174581,5.4351398754516206e-08,3059
B01_extratrees_baseline,HILICZ_positive|IK:COLNVLDHVKWLRT-QMMMGPOBSA-N,0.2098601358012168,5.859715487510158,4.546624207816192,0.4678671171593911,4.842303036852146e-07,3059
B01_extratrees_baseline,C18_positive|IK:RGHMISIYKIHAJW-UHFFFAOYSA-N,0.2224460643479733,5.890995483053774,4.440378658605774,0.4762807440683687,2.813580432736918e-07,3059
B01_extratrees_baseline,C18_positive|IK:LWYJCVVIVLBLID-UHFFFAOYSA-N,0.2541465744823645,5.347825137667163,4.386619601675538,0.4911260415155365,1.0411616539129389e-07,3059
B01_extratrees_baseline,C18_positive|IK:PRYIJAGAEJZDBO-ZEQHCUNVSA-N,0.1479807842591288,4.700095530492792,3.374981185007337,0.4223449488581663,7.196892715827366e-06,3059
B01_extratrees_baseline,C18_negative|IK:PVWALMCXZUMCBB-UHFFFAOYSA-N,-0.0215239990075288,4.574728602920402,3.4783500346618506,0.1495652317885414,0.1278034802430242,3059
B01_extratrees_baseline,C18_negative|IK:HMUJXQRRKBLVOO-UHFFFAOYSA-N,0.1350654046265347,5.235497355275698,4.069807810687035,0.3975102102392809,2.682296432398973e-05,3059
B02_rare5_extratrees,C18_negative|IK:RGHHSNMVTDWUBI-UHFFFAOYSA-N,0.6415008066246151,3.925714399498369,2.459031883008597,0.7473551148868014,5.366005673063905e-20,3059
B02_rare5_extratrees,C18_negative|IK:WLJVXDMOQOGPHL-UHFFFAOYSA-N,0.5887634821053412,3.595874188261114,2.2978458819189003,0.6216541404689696,1.474723485377113e-12,3059
B02_rare5_extratrees,C18_positive|IK:LVGKNOAMLMIIKO-QXMHVHEDSA-N,0.5246442543965943,3.442028200130916,2.2772027680624376,0.6646561212434662,1.066000816596844e-14,3059
B02_rare5_extratrees,HILICZ_negative|IK:COLNVLDHVKWLRT-QMMMGPOBSA-N,0.2695267117615737,5.3789115474270455,4.008235640286852,0.5043857541203008,4.113591029372798e-08,3059
B02_rare5_extratrees,C18_positive|IK:MECHNRXZTMCUDQ-UHFFFAOYSA-N,0.4503914583721716,4.444023444930061,3.0673531475787827,0.6523735366708877,4.725401999752417e-14,3059
B02_rare5_extratrees,C18_negative|IK:AIONOLUJZLIMTK-UHFFFAOYSA-N,0.4662225893686952,4.242725460181821,3.0275805310111514,0.6627562297183356,1.348237861387151e-14,3059
B02_rare5_extratrees,C18_negative|IK:GYUCMTKUEQLBJW-UHFFFAOYSA-N,0.3515320967888606,3.8769958500178303,2.579423107371812,0.5653951774641743,3.301537335218381e-10,3059
B02_rare5_extratrees,C18_positive|IK:MBIZFBDREVRUHY-UHFFFAOYSA-N,0.3253993046171594,4.815032382670262,3.685744025570776,0.4869303273549782,1.3855323524527966e-07,3059
B02_rare5_extratrees,C18_positive|IK:GUMFPOIJOXLCLA-JKSUJKDBSA-N,0.3755176387094875,3.699948132409845,2.5582104109653554,0.5447123196141066,1.8895681816578683e-09,3059
B02_rare5_extratrees,HILICZ_positive|IK:OYTCZOJKXCTBHG-UHFFFAOYSA-N,0.4147679434637987,5.006920196078354,3.663165732424996,0.597712004961375,1.6774705550247538e-11,3059
B02_rare5_extratrees,C18_negative|IK:NGFMICBWJRZIBI-UHFFFAOYSA-N,0.4059729956603015,1.33864516444085,1.110291952421353,0.6382230976570599,2.418706064744748e-13,3059
B02_rare5_extratrees,C18_negative|IK:LTSJJOKAWSCMBC-UHFFFAOYSA-N,0.4077152662409167,4.13137921832785,3.2190469463267286,0.5589091464984285,5.779808382299314e-10,3059
B02_rare5_extratrees,C18_positive|IK:NGFMICBWJRZIBI-UHFFFAOYSA-N,0.338964927860978,1.0950187729176175,0.8919429468363623,0.5765602322206095,1.223311942765493e-10,3059
B02_rare5_extratrees,C18_negative|IK:ZWNLSRDFHQCTQW-UHFFFAOYSA-N,0.362076469030191,4.425561657079695,3.3712596796757275,0.5584378352341747,6.017029915647969e-10,3059
B02_rare5_extratrees,C18_negative|IK:GHOKWGTUZJEAQD-UHFFFAOYSA-N,0.3244681171046789,4.677400399830005,3.475643585438633,0.5486015880431805,1.373444862040716e-09,3059
B02_rare5_extratrees,HILICZ_negative|IK:LWYJCVVIVLBLID-UHFFFAOYSA-N,0.3405723223883168,5.554038718529408,4.4771990635585865,0.5709481635216384,2.0243452754811846e-10,3059
B02_rare5_extratrees,C18_positive|IK:PUQSUZTXKPLAPR-UJPOAAIJSA-N,0.3225110785379861,5.200132325708056,4.260865828117317,0.5956246933342353,2.054040375504123e-11,3059
B02_rare5_extratrees,C18_positive|IK:WCGUUGGRBIKTOS-UHFFFAOYSA-N,0.2542898578212041,5.541169444372969,4.224671228481074,0.451156694358764,1.3648895201326868e-06,3059
B02_rare5_extratrees,C18_positive|NAME:,0.2782112570368891,0.5653660036144518,0.4577330720714229,0.5014202778353721,5.0805064582851495e-08,3059
B02_rare5_extratrees,C18_negative|IK:IQFYYKKMVGJFEH-UHFFFAOYSA-N,0.332624093853429,3.92025252591562,2.832568513646033,0.3371044694142807,0.0004373460808257,3059
B02_rare5_extratrees,C18_negative|IK:BJRNKVDFDLYUGJ-RMPHRYRLSA-N,0.3368377651394431,4.941873882377497,4.055528797879806,0.6328840680433304,4.3825046639715113e-13,3059
B02_rare5_extratrees,HILICZ_positive|IK:XPCTZQVDEJYUGT-UHFFFAOYSA-N,0.326777585106542,5.419624760564803,4.083051133146402,0.5447445922872826,1.884604160583636e-09,3059
B02_rare5_extratrees,C18_positive|IK:OYTCZOJKXCTBHG-UHFFFAOYSA-N,0.4039497301195656,3.8132783084300175,2.5973071835115635,0.6076920548229213,6.240571651141571e-12,3059
B02_rare5_extratrees,C18_negative|IK:GUNGQVJAKLIYDG-JXMROGBWSA-N,0.3449692959058976,4.063696690127278,2.860604513940158,0.5314290374905741,5.4512179625066006e-09,3059
B02_rare5_extratrees,C18_negative|IK:OKVJCVWFVRATSG-UHFFFAOYSA-N,0.3124528123830872,4.95659670930353,3.833361665493874,0.5513821333449705,1.090600280581409e-09,3059
B02_rare5_extratrees,C18_positive|IK:GHOKWGTUZJEAQD-UHFFFAOYSA-N,0.2970629982835653,4.844952049454121,3.5712855077158854,0.5107396387101405,2.599046471975333e-08,3059
B02_rare5_extratrees,C18_negative|IK:UGAGPNKCDRTDHP-UHFFFAOYSA-N,0.296845215639866,4.825608331302523,3.667232937350781,0.5500275718450575,1.2205813241965183e-09,3059
B02_rare5_extratrees,C18_positive|IK:IBMRTYCHDPMBFN-UHFFFAOYSA-N,0.2373665490677584,4.9535502691124975,3.624964210846033,0.5007997675975008,5.3086234418554566e-08,3059
B02_rare5_extratrees,HILICZ_negative|IK:SLWWJZMPHJJOPH-PHDIDXHHSA-N,0.3174287404469831,6.134001193288524,4.894305956468205,0.5753881840648701,1.3600755581168819e-10,3059
B02_rare5_extratrees,HILICZ_positive|IK:SIOXPEMLGUPBBT-UHFFFAOYSA-N,0.2653847998821974,4.992517598592803,3.3467923786191114,0.4997969927878971,5.6980724859742654e-08,3059
B02_rare5_extratrees,C18_positive|IK:OVASVJPBDPJABT-UHFFFAOYSA-N,0.2640388136156031,4.638125734045176,3.1966764814942685,0.4714830889899979,3.841365481442526e-07,3059
B02_rare5_extratrees,HILICZ_positive|IK:KWIUHFFTVRNATP-UHFFFAOYSA-N,0.2408517726465574,7.328883624833277,5.580005237252031,0.4923515200929674,9.57099878321764e-08,3059
B02_rare5_extratrees,HILICZ_negative|IK:QZZGJDVWLFXDLK-UHFFFAOYSA-N,0.2831842478464691,5.250597771876592,4.059956496836092,0.5897897986333671,3.590507661262486e-11,3059
B02_rare5_extratrees,C18_negative|IK:BJEPYKJPYRNKOW-REOHCLBHSA-N,0.223254736149522,4.909233655658073,2.809159262273905,0.4463076317266814,1.8251077975970963e-06,3059
B02_rare5_extratrees,C18_negative|IK:CKEXCBVNKRHAMX-UHFFFAOYSA-N,0.2719490967167534,4.595585760842051,3.464330318290866,0.4896327202808795,1.153127038596022e-07,3059
B02_rare5_extratrees,C18_negative|IK:KDYFGRWQOYBRFD-UHFFFAOYSA-N,0.284555713090561,4.959679388816227,3.457759294760594,0.516296902347579,1.7259946286400553e-08,3059
B02_rare5_extratrees,C18_negative|IK:LJCWONGJFPCTTL-ZETCQYMHSA-N,0.1461339998137306,5.843874879505009,5.103650611211095,0.4077196871304542,1.5816168307360367e-05,3059
B02_rare5_extratrees,HILICZ_negative|IK:AAWZDTNXLSGCEK-LNVDRNJUSA-N,0.2553263435521385,6.387975994387505,5.306915073956194,0.522718196075119,1.0656669905200021e-08,3059
B02_rare5_extratrees,C18_negative|NAME:,0.2314098644667459,0.7647538032553829,0.6050262718414092,0.434677586564379,3.598726052689971e-06,3059
B02_rare5_extratrees,HILICZ_negative|IK:JVQYSWDUAOAHFM-UHFFFAOYSA-N,0.2908519057094787,6.027730882432232,5.103730816389246,0.5770989303694237,1.1649887181145098e-10,3059
B02_rare5_extratrees,C18_positive|IK:RGHHSNMVTDWUBI-UHFFFAOYSA-N,0.1168526053874424,2.0836512666543565,1.351852614691268,0.5004665146174581,5.4351398754516206e-08,3059
B02_rare5_extratrees,HILICZ_positive|IK:COLNVLDHVKWLRT-QMMMGPOBSA-N,0.2098601358012168,5.859715487510158,4.546624207816193,0.4678671171593911,4.842303036852146e-07,3059
B02_rare5_extratrees,C18_positive|IK:RGHMISIYKIHAJW-UHFFFAOYSA-N,0.2224460643479733,5.890995483053774,4.440378658605774,0.4762807440683687,2.813580432736918e-07,3059
B02_rare5_extratrees,C18_positive|IK:LWYJCVVIVLBLID-UHFFFAOYSA-N,0.2541465744823645,5.347825137667163,4.386619601675538,0.4911260415155365,1.0411616539129389e-07,3059
B02_rare5_extratrees,C18_positive|IK:PRYIJAGAEJZDBO-ZEQHCUNVSA-N,0.1479807842591288,4.700095530492792,3.374981185007337,0.4223449488581663,7.196892715827366e-06,3059
B02_rare5_extratrees,C18_negative|IK:PVWALMCXZUMCBB-UHFFFAOYSA-N,-0.0215239990075286,4.574728602920402,3.4783500346618506,0.1495652317885414,0.1278034802430242,3059
B02_rare5_extratrees,C18_negative|IK:HMUJXQRRKBLVOO-UHFFFAOYSA-N,0.1350654046265347,5.235497355275698,4.069807810687035,0.3975102102392809,2.682296432398973e-05,3059
B03_rare10_extratrees,C18_negative|IK:RGHHSNMVTDWUBI-UHFFFAOYSA-N,0.6360205212746941,3.955606290634974,2.494036342998087,0.743520757059804,1.0461058516208605e-19,2922
B03_rare10_extratrees,C18_negative|IK:WLJVXDMOQOGPHL-UHFFFAOYSA-N,0.5888909749839133,3.595316742765379,2.32220803070345,0.6252581303102934,1.0043688812224282e-12,2922
B03_rare10_extratrees,C18_positive|IK:LVGKNOAMLMIIKO-QXMHVHEDSA-N,0.5238869789584973,3.4447688066695337,2.273271862101592,0.6609034121144943,1.6925409044726883e-14,2922
B03_rare10_extratrees,HILICZ_negative|IK:COLNVLDHVKWLRT-QMMMGPOBSA-N,0.2710723313893527,5.37321787330165,3.9962542821489646,0.5134314096819993,2.133547097114063e-08,2922
B03_rare10_extratrees,C18_positive|IK:MECHNRXZTMCUDQ-UHFFFAOYSA-N,0.4571761085206201,4.416508612883271,3.071775160531102,0.6568851102301608,2.7566551140822863e-14,2922
B03_rare10_extratrees,C18_negative|IK:AIONOLUJZLIMTK-UHFFFAOYSA-N,0.4611943030134007,4.262662264949822,3.031703940706333,0.6627234172966975,1.3536980278435276e-14,2922
B03_rare10_extratrees,C18_negative|IK:GYUCMTKUEQLBJW-UHFFFAOYSA-N,0.335809479367946,3.923714777733887,2.6070934752402493,0.5539420514811555,8.803421767174621e-10,2922
B03_rare10_extratrees,C18_positive|IK:MBIZFBDREVRUHY-UHFFFAOYSA-N,0.3218247467775624,4.827772416855018,3.6837017707353152,0.4723266376119732,3.637965061305434e-07,2922
B03_rare10_extratrees,C18_positive|IK:GUMFPOIJOXLCLA-JKSUJKDBSA-N,0.370581927317825,3.7145409657288178,2.5672318660884565,0.5471819829796732,1.5437906894671682e-09,2922
B03_rare10_extratrees,HILICZ_positive|IK:OYTCZOJKXCTBHG-UHFFFAOYSA-N,0.4097345600985803,5.028405513220828,3.648910014473257,0.5984772752980131,1.5568594028021865e-11,2922
B03_rare10_extratrees,C18_negative|IK:NGFMICBWJRZIBI-UHFFFAOYSA-N,0.4054869499612608,1.3391927066248857,1.1110169730496429,0.6380468588015757,2.4670871133831165e-13,2922
B03_rare10_extratrees,C18_negative|IK:LTSJJOKAWSCMBC-UHFFFAOYSA-N,0.3967244039828652,4.169535443101596,3.227854173009634,0.559444391518059,5.52130745122765e-10,2922
B03_rare10_extratrees,C18_positive|IK:NGFMICBWJRZIBI-UHFFFAOYSA-N,0.3296244023602401,1.102728025619684,0.8986690020951926,0.574766742691271,1.4384447308919872e-10,2922
B03_rare10_extratrees,C18_negative|IK:ZWNLSRDFHQCTQW-UHFFFAOYSA-N,0.3701738366848037,4.397384420212565,3.351088972864637,0.5707820723113699,2.0544515322856038e-10,2922
B03_rare10_extratrees,C18_negative|IK:GHOKWGTUZJEAQD-UHFFFAOYSA-N,0.3062365547369209,4.7400980946732405,3.5084555073450727,0.5349336631374925,4.140212535738607e-09,2922
B03_rare10_extratrees,HILICZ_negative|IK:LWYJCVVIVLBLID-UHFFFAOYSA-N,0.3520567315462205,5.50546249473258,4.43780087619858,0.5735914683737133,1.5987026664923162e-10,2922
B03_rare10_extratrees,C18_positive|IK:PUQSUZTXKPLAPR-UJPOAAIJSA-N,0.3205083261502042,5.2078128144359335,4.250336965398379,0.5929927575352876,2.6461558855578352e-11,2922
B03_rare10_extratrees,C18_positive|IK:WCGUUGGRBIKTOS-UHFFFAOYSA-N,0.2619327274637156,5.512700266718235,4.2174277023687,0.4593151481644989,8.286169090109053e-07,2922
B03_rare10_extratrees,C18_positive|NAME:,0.2811199188392616,0.5642256986637598,0.4550136063815423,0.5000622019489943,5.5924999655805064e-08,2922
B03_rare10_extratrees,C18_negative|IK:IQFYYKKMVGJFEH-UHFFFAOYSA-N,0.3311302971467402,3.924637451259644,2.8446357099806754,0.3253147958411915,0.0007087306720675,2922
B03_rare10_extratrees,C18_negative|IK:BJRNKVDFDLYUGJ-RMPHRYRLSA-N,0.3307809719630129,4.964390148566307,4.086801328970491,0.6328948686656839,4.3772889738430644e-13,2922
B03_rare10_extratrees,HILICZ_positive|IK:XPCTZQVDEJYUGT-UHFFFAOYSA-N,0.3312542329118675,5.40157558540555,4.046173681729011,0.5518309131117113,1.0505482262098095e-09,2922
B03_rare10_extratrees,C18_positive|IK:OYTCZOJKXCTBHG-UHFFFAOYSA-N,0.4100137891694927,3.793831072734669,2.5845100929321774,0.6107967471804016,4.555744768528528e-12,2922
B03_rare10_extratrees,C18_negative|IK:GUNGQVJAKLIYDG-JXMROGBWSA-N,0.3418894263393839,4.073238974498173,2.8684561228444387,0.5298539834528216,6.162326501685315e-09,2922
B03_rare10_extratrees,C18_negative|IK:OKVJCVWFVRATSG-UHFFFAOYSA-N,0.3070781833433034,4.975932116327951,3.8368967209116094,0.5555714882663343,7.674243493393368e-10,2922
B03_rare10_extratrees,C18_positive|IK:GHOKWGTUZJEAQD-UHFFFAOYSA-N,0.284505309747546,4.888037043005401,3.582596812629635,0.5128163388197025,2.2323015357022077e-08,2922
B03_rare10_extratrees,C18_negative|IK:UGAGPNKCDRTDHP-UHFFFAOYSA-N,0.3047392344400876,4.798444353445205,3.6378902808054314,0.5548416299212034,8.161659449084858e-10,2922
B03_rare10_extratrees,C18_positive|IK:IBMRTYCHDPMBFN-UHFFFAOYSA-N,0.257280586761844,4.888448420529603,3.5668634197833438,0.5212581569121318,1.1901996024469498e-08,2922
B03_rare10_extratrees,HILICZ_negative|IK:SLWWJZMPHJJOPH-PHDIDXHHSA-N,0.3148399368209904,6.145622467951146,4.895496170172384,0.5636661349610412,3.8376148465185646e-10,2922
B03_rare10_extratrees,HILICZ_positive|IK:SIOXPEMLGUPBBT-UHFFFAOYSA-N,0.2484898166914206,5.049601244819194,3.380479944151489,0.4871929430954678,1.3611241977919337e-07,2922
B03_rare10_extratrees,C18_positive|IK:OVASVJPBDPJABT-UHFFFAOYSA-N,0.264794848356945,4.635742805927349,3.209651679801105,0.4621939934669579,6.926651645218049e-07,2922
B03_rare10_extratrees,HILICZ_positive|IK:KWIUHFFTVRNATP-UHFFFAOYSA-N,0.2747380944463881,7.163445610832346,5.45213242448753,0.5059368678685223,3.680578351615463e-08,2922
B03_rare10_extratrees,HILICZ_negative|IK:QZZGJDVWLFXDLK-UHFFFAOYSA-N,0.2701112618638716,5.298260543762437,4.112406392407804,0.5835182757370722,6.464196801263829e-11,2922
B03_rare10_extratrees,C18_negative|IK:BJEPYKJPYRNKOW-REOHCLBHSA-N,0.2201583117095393,4.919009030210273,2.798870437663599,0.4347447396647403,3.5849020869466588e-06,2922
B03_rare10_extratrees,C18_negative|IK:CKEXCBVNKRHAMX-UHFFFAOYSA-N,0.2755322634631508,4.584263021830219,3.4453531536181425,0.4944281534686001,8.29231313875045e-08,2922
B03_rare10_extratrees,C18_negative|IK:KDYFGRWQOYBRFD-UHFFFAOYSA-N,0.2783426106805716,4.981168402086149,3.4561436334501185,0.5093699610910452,2.8717310018453984e-08,2922
B03_rare10_extratrees,C18_negative|IK:LJCWONGJFPCTTL-ZETCQYMHSA-N,0.1415637603515804,5.85949341039687,5.123192333745985,0.3931620427073375,3.3415615410214025e-05,2922
B03_rare10_extratrees,HILICZ_negative|IK:AAWZDTNXLSGCEK-LNVDRNJUSA-N,0.2646365595822202,6.347917844404468,5.27848980459112,0.5346721287497752,4.226543298091698e-09,2922
B03_rare10_extratrees,C18_negative|NAME:,0.2469616665634042,0.7569771752684442,0.6008352298114181,0.4612067178104913,7.367069546388668e-07,2922
B03_rare10_extratrees,HILICZ_negative|IK:JVQYSWDUAOAHFM-UHFFFAOYSA-N,0.2950927071642206,6.0096805333817285,5.089701150436317,0.5847916994222271,5.7425468775853626e-11,2922
B03_rare10_extratrees,C18_positive|IK:RGHHSNMVTDWUBI-UHFFFAOYSA-N,0.1117365622939019,2.0896778121469506,1.3633249496101805,0.4892183288409703,1.1861762693395305e-07,2922
B03_rare10_extratrees,HILICZ_positive|IK:COLNVLDHVKWLRT-QMMMGPOBSA-N,0.204167675307729,5.8807853880808665,4.580051958270075,0.4677096921536174,4.891071939071663e-07,2922
B03_rare10_extratrees,C18_positive|IK:RGHMISIYKIHAJW-UHFFFAOYSA-N,0.2191669557068724,5.903404198353139,4.441394800687377,0.4758863455464614,2.887046287219087e-07,2922
B03_rare10_extratrees,C18_positive|IK:LWYJCVVIVLBLID-UHFFFAOYSA-N,0.2719119560208656,5.28375173868769,4.334937138803889,0.5000052720078833,5.615003604839293e-08,2922
B03_rare10_extratrees,C18_positive|IK:PRYIJAGAEJZDBO-ZEQHCUNVSA-N,0.1645382087445516,4.654202624838966,3.332099897169772,0.4396492362859091,2.7004237930611416e-06,2922
B03_rare10_extratrees,C18_negative|IK:PVWALMCXZUMCBB-UHFFFAOYSA-N,-0.014854493407798,4.559770000384232,3.457849805668248,0.1587271770022396,0.1058199110176145,2922
B03_rare10_extratrees,C18_negative|IK:HMUJXQRRKBLVOO-UHFFFAOYSA-N,0.1267679241588738,5.26054997114,4.10469215665089,0.3822788488209369,5.715501285802486e-05,2922
B04_xgboost_light,C18_negative|IK:RGHHSNMVTDWUBI-UHFFFAOYSA-N,0.6387440364781587,3.9407793799541113,2.410578663412746,0.739524839212006,2.0715452892212602e-19,3059
B04_xgboost_light,C18_negative|IK:WLJVXDMOQOGPHL-UHFFFAOYSA-N,0.604602708790887,3.525944699583361,2.252717832747031,0.6639924943146787,1.1573724096926778e-14,3059
B04_xgboost_light,C18_positive|IK:LVGKNOAMLMIIKO-QXMHVHEDSA-N,0.4764972496114315,3.612139665394956,2.218065591357888,0.6464518863783927,9.456286537299689e-14,3059
B04_xgboost_light,HILICZ_negative|IK:COLNVLDHVKWLRT-QMMMGPOBSA-N,0.3606589130845096,5.032207497787674,3.6629034323633127,0.5545480258715373,8.366008445041287e-10,3059
B04_xgboost_light,C18_positive|IK:MECHNRXZTMCUDQ-UHFFFAOYSA-N,0.418109378534226,4.572674454160892,3.0690852162103104,0.6371606255735681,2.724919102139992e-13,3059
B04_xgboost_light,C18_negative|IK:AIONOLUJZLIMTK-UHFFFAOYSA-N,0.4582335262855262,4.274358040193528,3.024181663137649,0.6703468365905944,5.2206892786577825e-15,3059
B04_xgboost_light,C18_negative|IK:GYUCMTKUEQLBJW-UHFFFAOYSA-N,0.4301740263849627,3.6343120517716314,2.2454619558057725,0.6135120703354321,3.4499110913787682e-12,3059
B04_xgboost_light,C18_positive|IK:MBIZFBDREVRUHY-UHFFFAOYSA-N,0.4138928617845129,4.488118605741545,3.3076172515404423,0.5891783664909834,3.804456193936837e-11,3059
B04_xgboost_light,C18_positive|IK:GUMFPOIJOXLCLA-JKSUJKDBSA-N,0.4799515747880152,3.376427592602312,2.1768098824230666,0.5660910795837225,3.1067743660029216e-10,3059
B04_xgboost_light,HILICZ_positive|IK:OYTCZOJKXCTBHG-UHFFFAOYSA-N,0.429178467963678,4.9448917560871415,3.2683563719449977,0.613286452046861,3.5308983264341588e-12,3059
B04_xgboost_light,C18_negative|IK:NGFMICBWJRZIBI-UHFFFAOYSA-N,0.3591181610356239,1.3904371467325012,1.1230360706638256,0.6106676342525399,4.616070763610496e-12,3059
B04_xgboost_light,C18_negative|IK:LTSJJOKAWSCMBC-UHFFFAOYSA-N,0.3939841826893057,4.178994225278152,3.009553355265268,0.5796325742584764,9.247419379496905e-11,3059
B04_xgboost_light,C18_positive|IK:NGFMICBWJRZIBI-UHFFFAOYSA-N,0.2883489953962961,1.1361687685120256,0.9260424077615804,0.5660584698320548,3.1156486943077105e-10,3059
B04_xgboost_light,C18_negative|IK:ZWNLSRDFHQCTQW-UHFFFAOYSA-N,0.3131844966806183,4.592023792065037,3.3267199264597096,0.5602368239209499,5.158901305002343e-10,3059
B04_xgboost_light,C18_negative|IK:GHOKWGTUZJEAQD-UHFFFAOYSA-N,0.3023895315567009,4.753222206277536,3.439696861076499,0.5467849651126776,1.594949145647912e-09,3059
B04_xgboost_light,HILICZ_negative|IK:LWYJCVVIVLBLID-UHFFFAOYSA-N,0.3090759890819168,5.685130785477176,4.299168994742713,0.5518083625819898,1.052526615479953e-09,3059
B04_xgboost_light,C18_positive|IK:PUQSUZTXKPLAPR-UJPOAAIJSA-N,0.3290842450185739,5.174844348273851,4.1261754936734185,0.5947776988762586,2.2290472444688238e-11,3059
B04_xgboost_light,C18_positive|IK:WCGUUGGRBIKTOS-UHFFFAOYSA-N,0.2863887315761794,5.420598685339601,3.883450307030847,0.4632282527048061,6.492138936297416e-07,3059
B04_xgboost_light,C18_positive|NAME:,0.3214186455955262,0.5481830450452729,0.434679033540304,0.5412606261662865,2.499508653663857e-09,3059
B04_xgboost_light,C18_negative|IK:IQFYYKKMVGJFEH-UHFFFAOYSA-N,0.2299849466980704,4.210933560736896,3.0159189001592,0.3528309774490552,0.0002228246194168,3059
B04_xgboost_light,C18_negative|IK:BJRNKVDFDLYUGJ-RMPHRYRLSA-N,0.3027523009287948,5.067284749346239,4.047446602861988,0.6176983930144224,2.235436035344892e-12,3059
B04_xgboost_light,HILICZ_positive|IK:XPCTZQVDEJYUGT-UHFFFAOYSA-N,0.2700521942994454,5.643335086052013,3.967049243073074,0.5449107706650749,1.8592409499848438e-09,3059
B04_xgboost_light,C18_positive|IK:OYTCZOJKXCTBHG-UHFFFAOYSA-N,0.3629211539142725,3.942336136577159,2.6405536505306206,0.5912568366848052,3.123412434079327e-11,3059
B04_xgboost_light,C18_negative|IK:GUNGQVJAKLIYDG-JXMROGBWSA-N,0.26477358133391,4.305276101242177,3.050010756530944,0.4847241867776372,1.607704405264969e-07,3059
B04_xgboost_light,C18_negative|IK:OKVJCVWFVRATSG-UHFFFAOYSA-N,0.2506245591880435,5.17466282822799,3.775078617708875,0.5255107040592039,8.613611473600506e-09,3059
B04_xgboost_light,C18_positive|IK:GHOKWGTUZJEAQD-UHFFFAOYSA-N,0.3016980451108659,4.828952236641459,3.445172439812006,0.5284590984685074,6.865587993752919e-09,3059
B04_xgboost_light,C18_negative|IK:UGAGPNKCDRTDHP-UHFFFAOYSA-N,0.2893365889576098,4.851305002295079,3.6364927624787935,0.5350709181275657,4.095584622699457e-09,3059
B04_xgboost_light,C18_positive|IK:IBMRTYCHDPMBFN-UHFFFAOYSA-N,0.236959969452097,4.954870526047921,3.563749183368402,0.4833824902080175,1.759000512764907e-07,3059
B04_xgboost_light,HILICZ_negative|IK:SLWWJZMPHJJOPH-PHDIDXHHSA-N,0.1442580293749931,6.868173754671659,5.279766685571975,0.466943022898678,5.135324744988249e-07,3059
B04_xgboost_light,HILICZ_positive|IK:SIOXPEMLGUPBBT-UHFFFAOYSA-N,0.2155158340626516,5.159192593085768,3.3424825555200286,0.4517207636002066,1.3191428806660524e-06,3059
B04_xgboost_light,C18_positive|IK:OVASVJPBDPJABT-UHFFFAOYSA-N,0.2143257670372199,4.792215255662002,3.289127937895898,0.4390576039980226,2.7949677550468256e-06,3059
B04_xgboost_light,HILICZ_positive|IK:KWIUHFFTVRNATP-UHFFFAOYSA-N,0.257519471993738,7.247981375735955,5.495030606251143,0.5194643509351419,1.3623276026754468e-08,3059
B04_xgboost_light,HILICZ_negative|IK:QZZGJDVWLFXDLK-UHFFFAOYSA-N,0.2037376275293337,5.533922547354019,4.180530509091184,0.5715298544183044,1.9222173182947323e-10,3059
B04_xgboost_light,C18_negative|IK:BJEPYKJPYRNKOW-REOHCLBHSA-N,0.2415847030169901,4.85096273019326,2.633320801194724,0.4649489742595764,5.826033094038667e-07,3059
B04_xgboost_light,C18_negative|IK:CKEXCBVNKRHAMX-UHFFFAOYSA-N,0.2508053101839887,4.661839827588421,3.428589160744022,0.5145713468338524,1.9614620845876223e-08,3059
B04_xgboost_light,C18_negative|IK:KDYFGRWQOYBRFD-UHFFFAOYSA-N,0.2999613002788462,4.905990668160436,3.329224810644764,0.5379036306516136,3.271186853333835e-09,3059
B04_xgboost_light,C18_negative|IK:LJCWONGJFPCTTL-ZETCQYMHSA-N,0.2870980243622624,5.339750407764468,4.373134399236283,0.4671017766096552,5.083815167241716e-07,3059
B04_xgboost_light,HILICZ_negative|IK:AAWZDTNXLSGCEK-LNVDRNJUSA-N,0.2053319096080356,6.598924619345794,5.287282517960126,0.4951808310890356,7.870449713002316e-08,3059
B04_xgboost_light,C18_negative|NAME:,0.2157240644149962,0.772518141703309,0.6086097650039989,0.454343769438109,1.1248489708910507e-06,3059
B04_xgboost_light,HILICZ_negative|IK:JVQYSWDUAOAHFM-UHFFFAOYSA-N,0.2107557250117994,6.359033375441075,5.231665648227354,0.5296819188631603,6.245188800082945e-09,3059
B04_xgboost_light,C18_positive|IK:RGHHSNMVTDWUBI-UHFFFAOYSA-N,-0.0117760027437281,2.2302349926248235,1.4978046471334856,0.3809247356417167,6.102226836263915e-05,3059
B04_xgboost_light,HILICZ_positive|IK:COLNVLDHVKWLRT-QMMMGPOBSA-N,0.2222048675459669,5.813760723461423,4.501804018919862,0.4980297482656291,6.451696990626932e-08,3059
B04_xgboost_light,C18_positive|IK:RGHMISIYKIHAJW-UHFFFAOYSA-N,0.2228836251233915,5.889337700117584,4.1914752279186,0.4873239026817713,1.3491061428195317e-07,3059
B04_xgboost_light,C18_positive|IK:LWYJCVVIVLBLID-UHFFFAOYSA-N,0.2505331439955035,5.360763769810637,4.325507497819919,0.5109195630099994,2.5651216443545724e-08,3059
B04_xgboost_light,C18_positive|IK:PRYIJAGAEJZDBO-ZEQHCUNVSA-N,0.0776525995791947,4.890229648816138,3.415739740472747,0.419969775342576,8.199175788435741e-06,3059
B04_xgboost_light,C18_negative|IK:PVWALMCXZUMCBB-UHFFFAOYSA-N,0.1953276879605391,4.06022944532718,3.0446815425058817,0.3978962329807496,2.6300795144545905e-05,3059
B04_xgboost_light,C18_negative|IK:HMUJXQRRKBLVOO-UHFFFAOYSA-N,0.1107206424258341,5.308666170854194,3.917794365196892,0.4079214541839822,1.5649179252534296e-05,3059
B05_rare5_xgboost_light,C18_negative|IK:RGHHSNMVTDWUBI-UHFFFAOYSA-N,0.6387440364781587,3.9407793799541113,2.410578663412746,0.739524839212006,2.0715452892212602e-19,3059
B05_rare5_xgboost_light,C18_negative|IK:WLJVXDMOQOGPHL-UHFFFAOYSA-N,0.604602708790887,3.525944699583361,2.252717832747031,0.6639924943146787,1.1573724096926778e-14,3059
B05_rare5_xgboost_light,C18_positive|IK:LVGKNOAMLMIIKO-QXMHVHEDSA-N,0.4764972496114315,3.612139665394956,2.218065591357888,0.6464518863783927,9.456286537299689e-14,3059
B05_rare5_xgboost_light,HILICZ_negative|IK:COLNVLDHVKWLRT-QMMMGPOBSA-N,0.3606589130845096,5.032207497787674,3.6629034323633127,0.5545480258715373,8.366008445041287e-10,3059
B05_rare5_xgboost_light,C18_positive|IK:MECHNRXZTMCUDQ-UHFFFAOYSA-N,0.418109378534226,4.572674454160892,3.0690852162103104,0.6371606255735681,2.724919102139992e-13,3059
B05_rare5_xgboost_light,C18_negative|IK:AIONOLUJZLIMTK-UHFFFAOYSA-N,0.4582335262855262,4.274358040193528,3.024181663137649,0.6703468365905944,5.2206892786577825e-15,3059
B05_rare5_xgboost_light,C18_negative|IK:GYUCMTKUEQLBJW-UHFFFAOYSA-N,0.4301740263849627,3.6343120517716314,2.2454619558057725,0.6135120703354321,3.4499110913787682e-12,3059
B05_rare5_xgboost_light,C18_positive|IK:MBIZFBDREVRUHY-UHFFFAOYSA-N,0.4138928617845129,4.488118605741545,3.3076172515404423,0.5891783664909834,3.804456193936837e-11,3059
B05_rare5_xgboost_light,C18_positive|IK:GUMFPOIJOXLCLA-JKSUJKDBSA-N,0.4799515747880152,3.376427592602312,2.1768098824230666,0.5660910795837225,3.1067743660029216e-10,3059
B05_rare5_xgboost_light,HILICZ_positive|IK:OYTCZOJKXCTBHG-UHFFFAOYSA-N,0.429178467963678,4.9448917560871415,3.2683563719449977,0.613286452046861,3.5308983264341588e-12,3059
B05_rare5_xgboost_light,C18_negative|IK:NGFMICBWJRZIBI-UHFFFAOYSA-N,0.3591181610356239,1.3904371467325012,1.1230360706638256,0.6106676342525399,4.616070763610496e-12,3059
B05_rare5_xgboost_light,C18_negative|IK:LTSJJOKAWSCMBC-UHFFFAOYSA-N,0.3939841826893057,4.178994225278152,3.009553355265268,0.5796325742584764,9.247419379496905e-11,3059
B05_rare5_xgboost_light,C18_positive|IK:NGFMICBWJRZIBI-UHFFFAOYSA-N,0.2883489953962961,1.1361687685120256,0.9260424077615804,0.5660584698320548,3.1156486943077105e-10,3059
B05_rare5_xgboost_light,C18_negative|IK:ZWNLSRDFHQCTQW-UHFFFAOYSA-N,0.3131844966806183,4.592023792065037,3.3267199264597096,0.5602368239209499,5.158901305002343e-10,3059
B05_rare5_xgboost_light,C18_negative|IK:GHOKWGTUZJEAQD-UHFFFAOYSA-N,0.3023895315567009,4.753222206277536,3.439696861076499,0.5467849651126776,1.594949145647912e-09,3059
B05_rare5_xgboost_light,HILICZ_negative|IK:LWYJCVVIVLBLID-UHFFFAOYSA-N,0.3090759890819168,5.685130785477176,4.299168994742713,0.5518083625819898,1.052526615479953e-09,3059
B05_rare5_xgboost_light,C18_positive|IK:PUQSUZTXKPLAPR-UJPOAAIJSA-N,0.3290842450185739,5.174844348273851,4.1261754936734185,0.5947776988762586,2.2290472444688238e-11,3059
B05_rare5_xgboost_light,C18_positive|IK:WCGUUGGRBIKTOS-UHFFFAOYSA-N,0.2863887315761794,5.420598685339601,3.883450307030847,0.4632282527048061,6.492138936297416e-07,3059
B05_rare5_xgboost_light,C18_positive|NAME:,0.3214186455955262,0.5481830450452729,0.434679033540304,0.5412606261662865,2.499508653663857e-09,3059
B05_rare5_xgboost_light,C18_negative|IK:IQFYYKKMVGJFEH-UHFFFAOYSA-N,0.2299849466980704,4.210933560736896,3.0159189001592,0.3528309774490552,0.0002228246194168,3059
B05_rare5_xgboost_light,C18_negative|IK:BJRNKVDFDLYUGJ-RMPHRYRLSA-N,0.3027523009287948,5.067284749346239,4.047446602861988,0.6176983930144224,2.235436035344892e-12,3059
B05_rare5_xgboost_light,HILICZ_positive|IK:XPCTZQVDEJYUGT-UHFFFAOYSA-N,0.2700521942994454,5.643335086052013,3.967049243073074,0.5449107706650749,1.8592409499848438e-09,3059
B05_rare5_xgboost_light,C18_positive|IK:OYTCZOJKXCTBHG-UHFFFAOYSA-N,0.3629211539142725,3.942336136577159,2.6405536505306206,0.5912568366848052,3.123412434079327e-11,3059
B05_rare5_xgboost_light,C18_negative|IK:GUNGQVJAKLIYDG-JXMROGBWSA-N,0.26477358133391,4.305276101242177,3.050010756530944,0.4847241867776372,1.607704405264969e-07,3059
B05_rare5_xgboost_light,C18_negative|IK:OKVJCVWFVRATSG-UHFFFAOYSA-N,0.2506245591880435,5.17466282822799,3.775078617708875,0.5255107040592039,8.613611473600506e-09,3059
B05_rare5_xgboost_light,C18_positive|IK:GHOKWGTUZJEAQD-UHFFFAOYSA-N,0.3016980451108659,4.828952236641459,3.445172439812006,0.5284590984685074,6.865587993752919e-09,3059
B05_rare5_xgboost_light,C18_negative|IK:UGAGPNKCDRTDHP-UHFFFAOYSA-N,0.2893365889576098,4.851305002295079,3.6364927624787935,0.5350709181275657,4.095584622699457e-09,3059
B05_rare5_xgboost_light,C18_positive|IK:IBMRTYCHDPMBFN-UHFFFAOYSA-N,0.236959969452097,4.954870526047921,3.563749183368402,0.4833824902080175,1.759000512764907e-07,3059
B05_rare5_xgboost_light,HILICZ_negative|IK:SLWWJZMPHJJOPH-PHDIDXHHSA-N,0.1442580293749931,6.868173754671659,5.279766685571975,0.466943022898678,5.135324744988249e-07,3059
B05_rare5_xgboost_light,HILICZ_positive|IK:SIOXPEMLGUPBBT-UHFFFAOYSA-N,0.2155158340626516,5.159192593085768,3.3424825555200286,0.4517207636002066,1.3191428806660524e-06,3059
B05_rare5_xgboost_light,C18_positive|IK:OVASVJPBDPJABT-UHFFFAOYSA-N,0.2143257670372199,4.792215255662002,3.289127937895898,0.4390576039980226,2.7949677550468256e-06,3059
B05_rare5_xgboost_light,HILICZ_positive|IK:KWIUHFFTVRNATP-UHFFFAOYSA-N,0.257519471993738,7.247981375735955,5.495030606251143,0.5194643509351419,1.3623276026754468e-08,3059
B05_rare5_xgboost_light,HILICZ_negative|IK:QZZGJDVWLFXDLK-UHFFFAOYSA-N,0.2037376275293337,5.533922547354019,4.180530509091184,0.5715298544183044,1.9222173182947323e-10,3059
B05_rare5_xgboost_light,C18_negative|IK:BJEPYKJPYRNKOW-REOHCLBHSA-N,0.2415847030169901,4.85096273019326,2.633320801194724,0.4649489742595764,5.826033094038667e-07,3059
B05_rare5_xgboost_light,C18_negative|IK:CKEXCBVNKRHAMX-UHFFFAOYSA-N,0.2508053101839887,4.661839827588421,3.428589160744022,0.5145713468338524,1.9614620845876223e-08,3059
B05_rare5_xgboost_light,C18_negative|IK:KDYFGRWQOYBRFD-UHFFFAOYSA-N,0.2999613002788462,4.905990668160436,3.329224810644764,0.5379036306516136,3.271186853333835e-09,3059
B05_rare5_xgboost_light,C18_negative|IK:LJCWONGJFPCTTL-ZETCQYMHSA-N,0.2870980243622624,5.339750407764468,4.373134399236283,0.4671017766096552,5.083815167241716e-07,3059
B05_rare5_xgboost_light,HILICZ_negative|IK:AAWZDTNXLSGCEK-LNVDRNJUSA-N,0.2053319096080356,6.598924619345794,5.287282517960126,0.4951808310890356,7.870449713002316e-08,3059
B05_rare5_xgboost_light,C18_negative|NAME:,0.2157240644149962,0.772518141703309,0.6086097650039989,0.454343769438109,1.1248489708910507e-06,3059
B05_rare5_xgboost_light,HILICZ_negative|IK:JVQYSWDUAOAHFM-UHFFFAOYSA-N,0.2107557250117994,6.359033375441075,5.231665648227354,0.5296819188631603,6.245188800082945e-09,3059
B05_rare5_xgboost_light,C18_positive|IK:RGHHSNMVTDWUBI-UHFFFAOYSA-N,-0.0117760027437281,2.2302349926248235,1.4978046471334856,0.3809247356417167,6.102226836263915e-05,3059
B05_rare5_xgboost_light,HILICZ_positive|IK:COLNVLDHVKWLRT-QMMMGPOBSA-N,0.2222048675459669,5.813760723461423,4.501804018919862,0.4980297482656291,6.451696990626932e-08,3059
B05_rare5_xgboost_light,C18_positive|IK:RGHMISIYKIHAJW-UHFFFAOYSA-N,0.2228836251233915,5.889337700117584,4.1914752279186,0.4873239026817713,1.3491061428195317e-07,3059
B05_rare5_xgboost_light,C18_positive|IK:LWYJCVVIVLBLID-UHFFFAOYSA-N,0.2505331439955035,5.360763769810637,4.325507497819919,0.5109195630099994,2.5651216443545724e-08,3059
B05_rare5_xgboost_light,C18_positive|IK:PRYIJAGAEJZDBO-ZEQHCUNVSA-N,0.0776525995791947,4.890229648816138,3.415739740472747,0.419969775342576,8.199175788435741e-06,3059
B05_rare5_xgboost_light,C18_negative|IK:PVWALMCXZUMCBB-UHFFFAOYSA-N,0.1953276879605391,4.06022944532718,3.0446815425058817,0.3978962329807496,2.6300795144545905e-05,3059
B05_rare5_xgboost_light,C18_negative|IK:HMUJXQRRKBLVOO-UHFFFAOYSA-N,0.1107206424258341,5.308666170854194,3.917794365196892,0.4079214541839822,1.5649179252534296e-05,3059
B06_rare5_mi500_xgboost_light,C18_negative|IK:RGHHSNMVTDWUBI-UHFFFAOYSA-N,0.6120210264323658,4.083933901489194,2.483750987929761,0.7376022749644805,2.8650472796365144e-19,3059
B06_rare5_mi500_xgboost_light,C18_negative|IK:WLJVXDMOQOGPHL-UHFFFAOYSA-N,0.6182970410976716,3.464347232750121,2.321883312490697,0.7159092754200572,9.231129545750033e-18,3059
B06_rare5_mi500_xgboost_light,C18_positive|IK:LVGKNOAMLMIIKO-QXMHVHEDSA-N,0.4811872137083443,3.5959230183650672,2.179693124868241,0.6380312033827753,2.4714298321987464e-13,3059
B06_rare5_mi500_xgboost_light,HILICZ_negative|IK:COLNVLDHVKWLRT-QMMMGPOBSA-N,0.2652699845507157,5.394561195237404,3.8708714981562826,0.4928204723185076,9.266776541621592e-08,3059
B06_rare5_mi500_xgboost_light,C18_positive|IK:MECHNRXZTMCUDQ-UHFFFAOYSA-N,0.3442420067141627,4.854241749961705,3.19496803290401,0.5980392482258334,1.6248310349671332e-11,3059
B06_rare5_mi500_xgboost_light,C18_negative|IK:AIONOLUJZLIMTK-UHFFFAOYSA-N,0.4189459932853648,4.42662859394424,3.034752527872828,0.6566203068720283,2.845968710207613e-14,3059
B06_rare5_mi500_xgboost_light,C18_negative|IK:GYUCMTKUEQLBJW-UHFFFAOYSA-N,0.4009046336735454,3.726482395878987,2.2871269258588214,0.6050166151060522,8.162263518776755e-12,3059
B06_rare5_mi500_xgboost_light,C18_positive|IK:MBIZFBDREVRUHY-UHFFFAOYSA-N,0.353218813923245,4.714704838868191,3.505545960021699,0.5395369268322516,2.870869247223386e-09,3059
B06_rare5_mi500_xgboost_light,C18_positive|IK:GUMFPOIJOXLCLA-JKSUJKDBSA-N,0.4602218372162369,3.4398792936448737,2.19812273834059,0.567781438219539,2.678624521892461e-10,3059
B06_rare5_mi500_xgboost_light,HILICZ_positive|IK:OYTCZOJKXCTBHG-UHFFFAOYSA-N,0.4112444832664834,5.021969961370789,3.249017482087924,0.6182906026075335,2.1012526700959318e-12,3059
B06_rare5_mi500_xgboost_light,C18_negative|IK:NGFMICBWJRZIBI-UHFFFAOYSA-N,0.410449144540792,1.3335921066549716,1.0801754953185028,0.6476570599212108,8.221291504978734e-14,3059
B06_rare5_mi500_xgboost_light,C18_negative|IK:LTSJJOKAWSCMBC-UHFFFAOYSA-N,0.4339353328689052,4.038897345552009,2.8870105236856216,0.583857861413442,6.263639092915151e-11,3059
B06_rare5_mi500_xgboost_light,C18_positive|IK:NGFMICBWJRZIBI-UHFFFAOYSA-N,0.282769330146459,1.140614110266094,0.9227689966536012,0.5410429193448061,2.543733075619492e-09,3059
B06_rare5_mi500_xgboost_light,C18_negative|IK:ZWNLSRDFHQCTQW-UHFFFAOYSA-N,0.261659822693006,4.761155166384739,3.4209845556696625,0.5631363703925756,4.0179767648943344e-10,3059
B06_rare5_mi500_xgboost_light,C18_negative|IK:GHOKWGTUZJEAQD-UHFFFAOYSA-N,0.3128575664788224,4.717425031823751,3.4775665349780813,0.5243181590742139,9.435447415490865e-09,3059
B06_rare5_mi500_xgboost_light,HILICZ_negative|IK:LWYJCVVIVLBLID-UHFFFAOYSA-N,0.3495751791117937,5.515995081786388,4.199507699140007,0.5728013191813727,1.7159629489700743e-10,3059
B06_rare5_mi500_xgboost_light,C18_positive|IK:PUQSUZTXKPLAPR-UJPOAAIJSA-N,0.2061727229291178,5.628935925287903,4.36222899118296,0.5033705117335358,4.4229110667137046e-08,3059
B06_rare5_mi500_xgboost_light,C18_positive|IK:WCGUUGGRBIKTOS-UHFFFAOYSA-N,0.2781663675115629,5.451737826341931,3.969032626727905,0.4623158981421739,6.874037589453942e-07,3059
B06_rare5_mi500_xgboost_light,C18_positive|NAME:,0.3517136556267417,0.5358066194591279,0.4326582891577524,0.5570080862533692,6.795289305451163e-10,3059
B06_rare5_mi500_xgboost_light,C18_negative|IK:IQFYYKKMVGJFEH-UHFFFAOYSA-N,0.2349201849428857,4.19741735301306,2.8848599035517277,0.3495711118762841,0.0002569998468397,3059
B06_rare5_mi500_xgboost_light,C18_negative|IK:BJRNKVDFDLYUGJ-RMPHRYRLSA-N,0.3478463085447633,4.900684489609955,3.9267218843924767,0.6696601871567242,5.695054285223177e-15,3059
B06_rare5_mi500_xgboost_light,HILICZ_positive|IK:XPCTZQVDEJYUGT-UHFFFAOYSA-N,0.2628359377273516,5.671161458968587,4.130897524003594,0.5280555352032846,7.082990863449761e-09,3059
B06_rare5_mi500_xgboost_light,C18_positive|IK:OYTCZOJKXCTBHG-UHFFFAOYSA-N,0.3798295117206125,3.889668648882593,2.58102243011325,0.6001482010109029,1.3218898525799038e-11,3059
B06_rare5_mi500_xgboost_light,C18_negative|IK:GUNGQVJAKLIYDG-JXMROGBWSA-N,0.2615567065341603,4.314684371774319,3.0220032690079,0.4951583161603171,7.882766340869966e-08,3059
B06_rare5_mi500_xgboost_light,C18_negative|IK:OKVJCVWFVRATSG-UHFFFAOYSA-N,0.2334143963702015,5.233746202041346,3.854967859097564,0.5005043333117719,5.42063885640863e-08,3059
B06_rare5_mi500_xgboost_light,C18_positive|IK:GHOKWGTUZJEAQD-UHFFFAOYSA-N,0.3037143346312815,4.821975595469377,3.434612321491408,0.5124562917418837,2.2921224608846845e-08,3059
B06_rare5_mi500_xgboost_light,C18_negative|IK:UGAGPNKCDRTDHP-UHFFFAOYSA-N,0.2866728418372338,4.860388460671218,3.5635675711460744,0.5654864555399588,3.2753377667066503e-10,3059
B06_rare5_mi500_xgboost_light,C18_positive|IK:IBMRTYCHDPMBFN-UHFFFAOYSA-N,0.2311086682114547,4.973832225000449,3.62483412859536,0.4699385894987486,4.242111646024314e-07,3059
B06_rare5_mi500_xgboost_light,HILICZ_negative|IK:SLWWJZMPHJJOPH-PHDIDXHHSA-N,0.217215975067691,6.5688725269749,4.998851073603852,0.503128735064344,4.499784047335076e-08,3059
B06_rare5_mi500_xgboost_light,HILICZ_positive|IK:SIOXPEMLGUPBBT-UHFFFAOYSA-N,0.1227730049737417,5.455639225259915,3.531568410362755,0.4105095138595335,1.3648922723020052e-05,3059
B06_rare5_mi500_xgboost_light,C18_positive|IK:OVASVJPBDPJABT-UHFFFAOYSA-N,0.2815587686474371,4.58258665990273,3.1023512258932606,0.4836255827728059,1.730618616498285e-07,3059
B06_rare5_mi500_xgboost_light,HILICZ_positive|IK:KWIUHFFTVRNATP-UHFFFAOYSA-N,0.158537949165606,7.715992586404382,5.722033154930321,0.4379651231060206,2.9778282640136056e-06,3059
B06_rare5_mi500_xgboost_light,HILICZ_negative|IK:QZZGJDVWLFXDLK-UHFFFAOYSA-N,0.2193419855897195,5.479430099026938,4.20903767131642,0.5691460357663964,2.37497221399011e-10,3059
B06_rare5_mi500_xgboost_light,C18_negative|IK:BJEPYKJPYRNKOW-REOHCLBHSA-N,0.2671000893977024,4.768664079070896,2.450815755559213,0.4148421798553496,1.0828348529627444e-05,3059
B06_rare5_mi500_xgboost_light,C18_negative|IK:CKEXCBVNKRHAMX-UHFFFAOYSA-N,0.2427685798289022,4.686777276883898,3.474084507824812,0.4999476495881301,5.6378689861121165e-08,3059
B06_rare5_mi500_xgboost_light,C18_negative|IK:KDYFGRWQOYBRFD-UHFFFAOYSA-N,0.2559438029990164,5.057880474980903,3.344979880651315,0.5299509692474776,6.116085736342269e-09,3059
B06_rare5_mi500_xgboost_light,C18_negative|IK:LJCWONGJFPCTTL-ZETCQYMHSA-N,0.2669809651436429,5.414566284540527,4.341085883669837,0.4514771350263537,1.3387202687762663e-06,3059
B06_rare5_mi500_xgboost_light,HILICZ_negative|IK:AAWZDTNXLSGCEK-LNVDRNJUSA-N,0.1256821672202083,6.92173468365336,5.595529367928448,0.4313367616718958,4.353672132685793e-06,3059
B06_rare5_mi500_xgboost_light,C18_negative|NAME:,0.2243175358374792,0.7682741647132532,0.5981922825806706,0.4674476466929296,4.973287834419163e-07,3059
B06_rare5_mi500_xgboost_light,HILICZ_negative|IK:JVQYSWDUAOAHFM-UHFFFAOYSA-N,0.222574567379382,6.311240881560077,5.249108550359977,0.5242274413709184,9.500947501560552e-09,3059
B06_rare5_mi500_xgboost_light,C18_positive|IK:RGHHSNMVTDWUBI-UHFFFAOYSA-N,0.0190021500898234,2.1960512243921944,1.4255001829544367,0.4060128550694588,1.7297283920917532e-05,3059
B06_rare5_mi500_xgboost_light,HILICZ_positive|IK:COLNVLDHVKWLRT-QMMMGPOBSA-N,0.213198369110637,5.847324135792264,4.414198261050436,0.4764499284741724,2.782614131774823e-07,3059
B06_rare5_mi500_xgboost_light,C18_positive|IK:RGHMISIYKIHAJW-UHFFFAOYSA-N,0.2357058301759469,5.840549393836168,4.101456589848694,0.5058224656125174,3.7109663063592224e-08,3059
B06_rare5_mi500_xgboost_light,C18_positive|IK:LWYJCVVIVLBLID-UHFFFAOYSA-N,0.1334352226333758,5.7643583333301365,4.544417484397861,0.4505271527982899,1.417719853476363e-06,3059
B06_rare5_mi500_xgboost_light,C18_positive|IK:PRYIJAGAEJZDBO-ZEQHCUNVSA-N,0.1877374884906936,4.589128253228507,3.1745130608849217,0.4569985773431816,9.5602419658507e-07,3059
B06_rare5_mi500_xgboost_light,C18_negative|IK:PVWALMCXZUMCBB-UHFFFAOYSA-N,0.2148366164163934,4.010708204421796,2.9601283421623465,0.4161919328074886,1.006832173847258e-05,3059
B06_rare5_mi500_xgboost_light,C18_negative|IK:HMUJXQRRKBLVOO-UHFFFAOYSA-N,-0.0288498546215836,5.710081549014354,4.138177877170082,0.3032740289020267,0.001661734021242,3059
B09_pls2,C18_negative|IK:RGHHSNMVTDWUBI-UHFFFAOYSA-N,0.6184332736697271,4.050045082648314,2.8785259948944373,0.7305151753853673,9.243688324118625e-19,3059
B09_pls2,C18_negative|IK:WLJVXDMOQOGPHL-UHFFFAOYSA-N,0.5202745682409395,3.883783594869655,2.654936300760561,0.6667324361183349,8.230477046055599e-15,3059
B09_pls2,C18_positive|IK:LVGKNOAMLMIIKO-QXMHVHEDSA-N,0.4010442895897605,3.86369116870197,3.024890294100409,0.6264132923122594,8.870904538943682e-13,3059
B09_pls2,HILICZ_negative|IK:COLNVLDHVKWLRT-QMMMGPOBSA-N,0.2415269244931278,5.4810317435609255,4.179545349707215,0.5155694737238552,1.8217585916911023e-08,3059
B09_pls2,C18_positive|IK:MECHNRXZTMCUDQ-UHFFFAOYSA-N,0.4866523616213843,4.2949230663470255,3.0539198406437182,0.6456033027182461,1.043169461141902e-13,3059
B09_pls2,C18_negative|IK:AIONOLUJZLIMTK-UHFFFAOYSA-N,0.4409150231059041,4.342139242498674,3.152972250407727,0.6347672340611159,3.558308649669178e-13,3059
B09_pls2,C18_negative|IK:GYUCMTKUEQLBJW-UHFFFAOYSA-N,0.3146454757309854,3.985737894019273,3.094648153792677,0.5552307487985839,7.898210622412896e-10,3059
B09_pls2,C18_positive|IK:MBIZFBDREVRUHY-UHFFFAOYSA-N,0.2801150740041552,4.9740180835930765,3.754773681785119,0.5020115521998457,4.871868372567536e-08,3059
B09_pls2,C18_positive|IK:GUMFPOIJOXLCLA-JKSUJKDBSA-N,0.2849380973498552,3.959199336242346,3.041849924454594,0.5352993347728106,4.0223365131332054e-09,3059
B09_pls2,HILICZ_positive|IK:OYTCZOJKXCTBHG-UHFFFAOYSA-N,0.4310591784780143,4.936738960296188,3.707143646808873,0.6165508083265828,2.519404384466928e-12,3059
B09_pls2,C18_negative|IK:NGFMICBWJRZIBI-UHFFFAOYSA-N,0.2559227523241705,1.4982055164320025,1.2122214140957512,0.5278561061579929,7.19284481070045e-09,3059
B09_pls2,C18_negative|IK:LTSJJOKAWSCMBC-UHFFFAOYSA-N,0.3130819182309859,4.449203451407032,3.519517882535947,0.5780394332000467,1.0695213665977088e-10,3059
B09_pls2,C18_positive|IK:NGFMICBWJRZIBI-UHFFFAOYSA-N,0.1716717635464179,1.2257743991591683,0.979788383528876,0.5114762595894671,2.462816775825419e-08,3059
B09_pls2,C18_negative|IK:ZWNLSRDFHQCTQW-UHFFFAOYSA-N,0.3083652648283738,4.608106235202303,3.6885546296514913,0.5078703797062047,3.201584413411114e-08,3059
B09_pls2,C18_negative|IK:GHOKWGTUZJEAQD-UHFFFAOYSA-N,0.2746056298409611,4.8469519368706,3.5830430035213228,0.5466490273423679,1.612836721955139e-09,3059
B09_pls2,HILICZ_negative|IK:LWYJCVVIVLBLID-UHFFFAOYSA-N,0.2653165710376087,5.862399888691051,4.587047497405744,0.5369490101447337,3.52939875128216e-09,3059
B09_pls2,C18_positive|IK:PUQSUZTXKPLAPR-UJPOAAIJSA-N,0.1534586690671063,5.812826755162832,4.608961764154629,0.5133070641667123,2.1531685578713105e-08,3059
B09_pls2,C18_positive|IK:WCGUUGGRBIKTOS-UHFFFAOYSA-N,0.2097961177103988,5.70408495742519,4.356833510230262,0.3992052215466797,2.4600179013418945e-05,3059
B09_pls2,C18_positive|NAME:,0.1176486553852834,0.625094120106996,0.4811329352289752,0.4290172092058884,4.963239004431679e-06,3059
B09_pls2,C18_negative|IK:IQFYYKKMVGJFEH-UHFFFAOYSA-N,0.1404209252789633,4.449095201595686,3.446797705790011,0.1973676758364201,0.0435803444823613,3059
B09_pls2,C18_negative|IK:BJRNKVDFDLYUGJ-RMPHRYRLSA-N,0.1864660149406637,5.473556618193532,4.440984176383157,0.5413811954651593,2.475334881883657e-09,3059
B09_pls2,HILICZ_positive|IK:XPCTZQVDEJYUGT-UHFFFAOYSA-N,0.293550087873059,5.551759217724514,4.188127239588854,0.5463470266445655,1.653267689780127e-09,3059
B09_pls2,C18_positive|IK:OYTCZOJKXCTBHG-UHFFFAOYSA-N,0.3600671601975429,3.951156732124527,3.0840533326950896,0.5647590597129786,3.489800518423946e-10,3059
B09_pls2,C18_negative|IK:GUNGQVJAKLIYDG-JXMROGBWSA-N,0.2636428145783885,4.308585552980415,3.3010615682510256,0.5155291119074319,1.8272182853381305e-08,3059
B09_pls2,C18_negative|IK:OKVJCVWFVRATSG-UHFFFAOYSA-N,0.2780469634769651,5.079100460762596,3.8682320989719514,0.5520000323009239,1.0358245861240503e-09,3059
B09_pls2,C18_positive|IK:GHOKWGTUZJEAQD-UHFFFAOYSA-N,0.1630666952906507,5.286603097400156,3.9322166597886894,0.5149187565776798,1.911712724656633e-08,3059
B09_pls2,C18_negative|IK:UGAGPNKCDRTDHP-UHFFFAOYSA-N,0.1967292621534176,5.157717781135986,3.777586990092181,0.5196610324792409,1.3423512279798013e-08,3059
B09_pls2,C18_positive|IK:IBMRTYCHDPMBFN-UHFFFAOYSA-N,0.0838412939492672,5.42930207817296,4.090440693422976,0.46019803016133,7.844411038856042e-07,3059
B09_pls2,HILICZ_negative|IK:SLWWJZMPHJJOPH-PHDIDXHHSA-N,0.2174689257134257,6.567811100866564,4.922706630331749,0.5127350397597895,2.2456772423011153e-08,3059
B09_pls2,HILICZ_positive|IK:SIOXPEMLGUPBBT-UHFFFAOYSA-N,0.1421635318676372,5.395005624480108,4.023775920447442,0.4989796330871242,6.035540418699238e-08,3059
B09_pls2,C18_positive|IK:OVASVJPBDPJABT-UHFFFAOYSA-N,0.2826094341429753,4.579234592211667,3.4583380977798504,0.5053895959724072,3.8281304297233974e-08,3059
B09_pls2,HILICZ_positive|IK:KWIUHFFTVRNATP-UHFFFAOYSA-N,0.1970957537811232,7.537137042597122,5.789718263616177,0.4614131890489684,7.27282157444245e-07,3059
B09_pls2,HILICZ_negative|IK:QZZGJDVWLFXDLK-UHFFFAOYSA-N,0.143515004393214,5.739378404479862,4.164353703848566,0.5665915634302354,2.9735863782360937e-10,3059
B09_pls2,C18_negative|IK:BJEPYKJPYRNKOW-REOHCLBHSA-N,0.2068266297607519,4.960876990328773,3.293827414801014,0.4899418343687259,1.129047655735177e-07,3059
B09_pls2,C18_negative|IK:CKEXCBVNKRHAMX-UHFFFAOYSA-N,0.2209411265147624,4.753846363025501,3.553781818094601,0.4583674454876714,8.786584478181366e-07,3059
B09_pls2,C18_negative|IK:KDYFGRWQOYBRFD-UHFFFAOYSA-N,0.1875755728824087,5.285148317776857,3.943342111900764,0.5369445157084012,3.5306594524198e-09,3059
B09_pls2,C18_negative|IK:LJCWONGJFPCTTL-ZETCQYMHSA-N,0.0665094091589818,6.110278717840131,5.101481352389075,0.4221083023004723,7.2913177048257155e-06,3059
B09_pls2,HILICZ_negative|IK:AAWZDTNXLSGCEK-LNVDRNJUSA-N,0.1901072850577008,6.661837369689214,5.3183971026004855,0.4966092148170553,7.125511362830098e-08,3059
B09_pls2,C18_negative|NAME:,0.1286175168929502,0.8142891630603502,0.6294063185828452,0.3969832054737714,2.7551532750776434e-05,3059
B09_pls2,HILICZ_negative|IK:JVQYSWDUAOAHFM-UHFFFAOYSA-N,0.1295157529441358,6.678298738696785,5.465413337458252,0.4604687283739538,7.713504432750215e-07,3059
B09_pls2,C18_positive|IK:RGHHSNMVTDWUBI-UHFFFAOYSA-N,-0.151776604509531,2.37953756185623,1.504344509995834,0.3844702467343976,5.137760492838654e-05,3059
B09_pls2,HILICZ_positive|IK:COLNVLDHVKWLRT-QMMMGPOBSA-N,0.1318275768227972,6.142250671223311,4.648380793706214,0.4857820828164364,1.4972373018710833e-07,3059
B09_pls2,C18_positive|IK:RGHMISIYKIHAJW-UHFFFAOYSA-N,0.1514631552276198,6.15401825482979,4.498084622998297,0.4890923347638715,1.19640245267861e-07,3059
B09_pls2,C18_positive|IK:LWYJCVVIVLBLID-UHFFFAOYSA-N,0.1484555070984388,5.714182756666192,4.659804491813448,0.422491067786604,7.139166010492087e-06,3059
B09_pls2,C18_positive|IK:PRYIJAGAEJZDBO-ZEQHCUNVSA-N,0.0432595972051444,4.980569991538828,3.826454702874925,0.4189772507528691,8.655770790761844e-06,3059
B09_pls2,C18_negative|IK:PVWALMCXZUMCBB-UHFFFAOYSA-N,-0.5054703554205984,5.553632675137927,4.105160951030183,0.1537797265868425,0.1172919038048913,3059
B09_pls2,C18_negative|IK:HMUJXQRRKBLVOO-UHFFFAOYSA-N,0.0438224220487,5.504724497734177,4.347018851438876,0.3498964709294577,0.0002533832066568,3059
B10_pls5,C18_negative|IK:RGHHSNMVTDWUBI-UHFFFAOYSA-N,-1.0603007693855706,9.411089896451076,4.272754662881145,0.6362125912441413,3.029556010393602e-13,3059
B10_pls5,C18_negative|IK:WLJVXDMOQOGPHL-UHFFFAOYSA-N,-1.179823567594052,8.278836840844072,3.9044104132897286,0.6098360097432408,5.023527724991334e-12,3059
B10_pls5,C18_positive|IK:LVGKNOAMLMIIKO-QXMHVHEDSA-N,0.4487639338159596,3.706584136699184,2.591938342775447,0.6797859494555749,1.5422781837547357e-15,3059
B10_pls5,HILICZ_negative|IK:COLNVLDHVKWLRT-QMMMGPOBSA-N,-0.5122676641572237,7.739387041488594,4.865381798248564,0.5133327298031444,2.149104494113661e-08,3059
B10_pls5,C18_positive|IK:MECHNRXZTMCUDQ-UHFFFAOYSA-N,0.4260733793831289,4.541274869933683,3.1663709291751467,0.693322532352188,2.473893850285565e-16,3059
B10_pls5,C18_negative|IK:AIONOLUJZLIMTK-UHFFFAOYSA-N,-3.1077720506556785,11.769770720866466,5.301345114012074,0.5113269038589353,2.48987446900386e-08,3059
B10_pls5,C18_negative|IK:GYUCMTKUEQLBJW-UHFFFAOYSA-N,0.3442614482935544,3.898669784647901,2.74653043283322,0.5607486302588428,4.937109318163151e-10,3059
B10_pls5,C18_positive|IK:MBIZFBDREVRUHY-UHFFFAOYSA-N,-2.174014135509014,10.44432189269662,5.06545159446021,0.4645861267748063,5.960851635116414e-07,3059
B10_pls5,C18_positive|IK:GUMFPOIJOXLCLA-JKSUJKDBSA-N,0.3010979189099727,3.9142063282856343,2.79685718304797,0.5692784083673595,2.34734544014756e-10,3059
B10_pls5,HILICZ_positive|IK:OYTCZOJKXCTBHG-UHFFFAOYSA-N,0.2738081509846523,5.577406530789309,4.008381657594031,0.6077322634317299,6.215325938158827e-12,3059
B10_pls5,C18_negative|IK:NGFMICBWJRZIBI-UHFFFAOYSA-N,0.0960595235071016,1.6513240124114,1.2285787804682948,0.6066556085424009,6.926569603789845e-12,3059
B10_pls5,C18_negative|IK:LTSJJOKAWSCMBC-UHFFFAOYSA-N,0.1049959229826937,5.078580000052948,3.4860028946650683,0.5777056921878064,1.1025022324143618e-10,3059
B10_pls5,C18_positive|IK:NGFMICBWJRZIBI-UHFFFAOYSA-N,0.0603401002572719,1.3055534611356066,1.0116811722266053,0.5657578270785818,3.198621591260214e-10,3059
B10_pls5,C18_negative|IK:ZWNLSRDFHQCTQW-UHFFFAOYSA-N,-3.654532284061937,11.954243781575672,5.542813136914635,0.4820231451918034,1.9260598231510418e-07,3059
B10_pls5,C18_negative|IK:GHOKWGTUZJEAQD-UHFFFAOYSA-N,-0.1060213518965063,5.984989302118943,4.0478907198794,0.504872878930362,3.9726183805295673e-08,3059
B10_pls5,HILICZ_negative|IK:LWYJCVVIVLBLID-UHFFFAOYSA-N,-2.4662701218979786,12.733755862398352,6.688792453229874,0.4232300562398723,6.853838613869927e-06,3059
B10_pls5,C18_positive|IK:PUQSUZTXKPLAPR-UJPOAAIJSA-N,0.1498837288389578,5.825087595036717,4.618177014535998,0.5381825524090355,3.19922898210394e-09,3059
B10_pls5,C18_positive|IK:WCGUUGGRBIKTOS-UHFFFAOYSA-N,-0.6531096489891122,8.250252420709904,5.429796793084213,0.3456188937379711,0.0003049098878722,3059
B10_pls5,C18_positive|NAME:,-0.6430502661875799,0.8530020264254656,0.5344386324523835,0.4346983205473771,3.5944524437901268e-06,3059
B10_pls5,C18_negative|IK:IQFYYKKMVGJFEH-UHFFFAOYSA-N,-0.8508437015874493,6.528503694813386,4.181059871822243,0.1082212880724118,0.2718139735380897,3059
B10_pls5,C18_negative|IK:BJRNKVDFDLYUGJ-RMPHRYRLSA-N,0.031239633278421,5.972964673507321,4.746498877826944,0.5368557346990764,3.555651456289235e-09,3059
B10_pls5,HILICZ_positive|IK:XPCTZQVDEJYUGT-UHFFFAOYSA-N,-0.5390693682973204,8.194435325038084,5.329550188100756,0.4572754161478934,9.398745576999914e-07,3059
B10_pls5,C18_positive|IK:OYTCZOJKXCTBHG-UHFFFAOYSA-N,0.2606244501771787,4.2470717789420345,3.2059530526524407,0.5975286489148288,1.7076798318822492e-11,3059
B10_pls5,C18_negative|IK:GUNGQVJAKLIYDG-JXMROGBWSA-N,0.2113377639436353,4.458984670008572,3.2895872416687686,0.4947553081455365,8.106364016207182e-08,3059
B10_pls5,C18_negative|IK:OKVJCVWFVRATSG-UHFFFAOYSA-N,-1.1432538804868724,8.751230815556912,5.070302724230748,0.3816576481237048,5.889981710047787e-05,3059
B10_pls5,C18_positive|IK:GHOKWGTUZJEAQD-UHFFFAOYSA-N,-0.0630463725038548,5.95809448105759,4.001141992543918,0.5588059235989471,5.830981176085685e-10,3059
B10_pls5,C18_negative|IK:UGAGPNKCDRTDHP-UHFFFAOYSA-N,-0.0518687944314886,5.902111193610443,4.202129643288209,0.5350464191042774,4.103516420672925e-09,3059
B10_pls5,C18_positive|IK:IBMRTYCHDPMBFN-UHFFFAOYSA-N,-0.1797281016306602,6.160977342573728,4.187155755180605,0.3785637846780266,6.835443444593135e-05,3059
B10_pls5,HILICZ_negative|IK:SLWWJZMPHJJOPH-PHDIDXHHSA-N,-0.2846595669175342,8.41518920381944,5.896333651302654,0.4892084334136431,1.18697639726149e-07,3059
B10_pls5,HILICZ_positive|IK:SIOXPEMLGUPBBT-UHFFFAOYSA-N,-1.0240051704985302,8.286964113286901,4.675031095214668,0.4669491072985812,5.1333414834684e-07,3059
B10_pls5,C18_positive|IK:OVASVJPBDPJABT-UHFFFAOYSA-N,-0.7502234561512422,7.152564983170485,4.259219340279398,0.4691124071466531,4.472481948957066e-07,3059
B10_pls5,HILICZ_positive|IK:KWIUHFFTVRNATP-UHFFFAOYSA-N,-0.4840750226049066,10.247135107758735,7.155228757965905,0.3242095347515993,0.000740817566286,3059
B10_pls5,HILICZ_negative|IK:QZZGJDVWLFXDLK-UHFFFAOYSA-N,-0.0590281348625378,6.38202834477953,4.425290233878233,0.5408068583251454,2.592534007393007e-09,3059
B10_pls5,C18_negative|IK:BJEPYKJPYRNKOW-REOHCLBHSA-N,-0.0443078283697477,5.692311563332772,3.6407577515270617,0.4513792311941793,1.3466648590125067e-06,3059
B10_pls5,C18_negative|IK:CKEXCBVNKRHAMX-UHFFFAOYSA-N,0.0007623984938176,5.383867792938094,3.9723634853532186,0.4457972381960968,1.881301163748513e-06,3059
B10_pls5,C18_negative|IK:KDYFGRWQOYBRFD-UHFFFAOYSA-N,-0.62531679906771,7.475404629202177,4.360687481550509,0.5287920386910959,6.6910572326115785e-09,3059
B10_pls5,C18_negative|IK:LJCWONGJFPCTTL-ZETCQYMHSA-N,-0.3750239119045195,7.415854047255203,5.380033997727162,0.4022790580463432,2.100320780066122e-05,3059
B10_pls5,HILICZ_negative|IK:AAWZDTNXLSGCEK-LNVDRNJUSA-N,-0.7337348186098434,9.747014581342851,6.789114522427194,0.3663570101103469,0.0001212274738962,3059
B10_pls5,C18_negative|NAME:,-0.1745244911621859,0.9453775414864356,0.6694028673791667,0.4097035040431266,1.4244531219894514e-05,3059
B10_pls5,HILICZ_negative|IK:JVQYSWDUAOAHFM-UHFFFAOYSA-N,-0.4371113314094546,8.580855549747655,6.331913098091025,0.4373904212155433,3.0785046999626115e-06,3059
B10_pls5,C18_positive|IK:RGHHSNMVTDWUBI-UHFFFAOYSA-N,-0.1847681291199463,2.41337672389703,1.4970109355430066,0.4163694795770267,9.972168307772616e-06,3059
B10_pls5,HILICZ_positive|IK:COLNVLDHVKWLRT-QMMMGPOBSA-N,-0.7274541789842452,8.66418688418163,5.7890044737684105,0.405507923872319,1.7759801798475193e-05,3059
B10_pls5,C18_positive|IK:RGHMISIYKIHAJW-UHFFFAOYSA-N,-1.1217497054416317,9.73129197161188,5.567833086808162,0.4304287352634108,4.583358794742925e-06,3059
B10_pls5,C18_positive|IK:LWYJCVVIVLBLID-UHFFFAOYSA-N,-5.562811544794855,15.86336878668506,7.321917247402412,0.2984603826953683,0.0019847463917641,3059
B10_pls5,C18_positive|IK:PRYIJAGAEJZDBO-ZEQHCUNVSA-N,-0.5588116142143016,6.35738930283868,4.292358699776887,0.3226398989687256,0.0007886731651355,3059
B10_pls5,C18_negative|IK:PVWALMCXZUMCBB-UHFFFAOYSA-N,-2.641282865172184,8.637106131951017,4.540420854180624,0.2348417987775787,0.0158899797481563,3059
B10_pls5,C18_negative|IK:HMUJXQRRKBLVOO-UHFFFAOYSA-N,-1.8399069817241287,9.48676992540046,5.141240980434488,0.3182798570762285,0.0009368160982627,3059
B11_pls10,C18_negative|IK:RGHHSNMVTDWUBI-UHFFFAOYSA-N,-3.128226058415581,13.321598643635358,5.093016801892461,0.5748520953441282,1.4274290760616888e-10,3059
B11_pls10,C18_negative|IK:WLJVXDMOQOGPHL-UHFFFAOYSA-N,-2.931595387086651,11.118419606054832,4.58731448913749,0.5974892180470968,1.7142445784735188e-11,3059
B11_pls10,C18_positive|IK:LVGKNOAMLMIIKO-QXMHVHEDSA-N,0.3125584516525777,4.139262212681629,2.85431878125355,0.6545239004687228,3.659099866034935e-14,3059
B11_pls10,HILICZ_negative|IK:COLNVLDHVKWLRT-QMMMGPOBSA-N,-1.3403839899508552,9.62799358488967,5.172595691501687,0.5418380574750273,2.3857548260669243e-09,3059
B11_pls10,C18_positive|IK:MECHNRXZTMCUDQ-UHFFFAOYSA-N,0.3252564862280058,4.924010426330897,3.2993387142135027,0.6853166444947775,7.389575538802083e-16,3059
B11_pls10,C18_negative|IK:AIONOLUJZLIMTK-UHFFFAOYSA-N,-5.52224348235593,14.830757666892422,5.852285782713091,0.4980816229910599,6.428280211046992e-08,3059
B11_pls10,C18_negative|IK:GYUCMTKUEQLBJW-UHFFFAOYSA-N,0.2404945889614722,4.195816918525513,2.9085426090937787,0.5693967815789468,2.3229024997388879e-10,3059
B11_pls10,C18_positive|IK:MBIZFBDREVRUHY-UHFFFAOYSA-N,-4.767412305383587,14.078822055065553,5.469973496987142,0.5086526217559804,3.025246985443056e-08,3059
B11_pls10,C18_positive|IK:GUMFPOIJOXLCLA-JKSUJKDBSA-N,0.1770784018312473,4.247318001666455,3.007960248039493,0.5174574561210353,1.5831084602768972e-08,3059
B11_pls10,HILICZ_positive|IK:OYTCZOJKXCTBHG-UHFFFAOYSA-N,-0.1608019604897681,7.05156774149738,4.415465199976043,0.6053407936297359,7.902088395409374e-12,3059
B11_pls10,C18_negative|IK:NGFMICBWJRZIBI-UHFFFAOYSA-N,-0.2140880056120286,1.913759958648925,1.2869597348428543,0.5933547584490979,2.5559001209124328e-11,3059
B11_pls10,C18_negative|IK:LTSJJOKAWSCMBC-UHFFFAOYSA-N,-0.753724511658423,7.10903213323408,4.06337992603348,0.5513842312224463,1.0904096847097267e-09,3059
B11_pls10,C18_positive|IK:NGFMICBWJRZIBI-UHFFFAOYSA-N,-0.1714635727050169,1.4577186424364283,1.071733329154981,0.5469728384822725,1.5705407680136463e-09,3059
B11_pls10,C18_negative|IK:ZWNLSRDFHQCTQW-UHFFFAOYSA-N,-9.549921723659304,17.99735583129828,6.509652982008428,0.4785680286845559,2.421367764659885e-07,3059
B11_pls10,C18_negative|IK:GHOKWGTUZJEAQD-UHFFFAOYSA-N,-0.4816317924953799,6.927104943145796,4.11266210210591,0.52728407406279,7.517073642766734e-09,3059
B11_pls10,HILICZ_negative|IK:LWYJCVVIVLBLID-UHFFFAOYSA-N,-7.236197173462402,19.628571069761563,7.831479085174389,0.4034535883251003,1.9763954229485827e-05,3059
B11_pls10,C18_positive|IK:PUQSUZTXKPLAPR-UJPOAAIJSA-N,0.1490630122665475,5.827898735577487,4.6326002831054165,0.5525075593493128,9.928192838775555e-10,3059
B11_pls10,C18_positive|IK:WCGUUGGRBIKTOS-UHFFFAOYSA-N,-1.576061855258958,10.298987932112263,5.798806255156695,0.2886151916137383,0.002828040520068,3059
B11_pls10,C18_positive|NAME:,-2.2435965819275494,1.1985000455914436,0.618388232797142,0.384376943810906,5.161204048275211e-05,3059
B11_pls10,C18_negative|IK:IQFYYKKMVGJFEH-UHFFFAOYSA-N,-1.898396776998084,8.169729938798817,4.482066479149678,0.1138245074914242,0.2476180669389402,3059
B11_pls10,C18_negative|IK:BJRNKVDFDLYUGJ-RMPHRYRLSA-N,-0.1023957202344469,6.371629641216617,4.756826740409105,0.5879426784307512,4.274972088306707e-11,3059
B11_pls10,HILICZ_positive|IK:XPCTZQVDEJYUGT-UHFFFAOYSA-N,-2.0801483976315494,11.59246397555872,5.835005739662952,0.5154259784910699,1.8412402008535633e-08,3059
B11_pls10,C18_positive|IK:OYTCZOJKXCTBHG-UHFFFAOYSA-N,0.2494627775096712,4.279008767883577,3.185358069931515,0.5965400198785701,1.8798244132770007e-11,3059
B11_pls10,C18_negative|IK:GUNGQVJAKLIYDG-JXMROGBWSA-N,0.1724333837866138,4.567640739961271,3.3471384594134013,0.4848501267822562,1.5941575346709484e-07,3059
B11_pls10,C18_negative|IK:OKVJCVWFVRATSG-UHFFFAOYSA-N,-2.0461076591808705,10.432897811402404,5.45613359038597,0.357893254277739,0.0001779906211744,3059
B11_pls10,C18_positive|IK:GHOKWGTUZJEAQD-UHFFFAOYSA-N,-0.1401608783193106,6.170414636035877,3.933895932593992,0.5421794638982443,2.3208523926120126e-09,3059
B11_pls10,C18_negative|IK:UGAGPNKCDRTDHP-UHFFFAOYSA-N,-0.8927167270160699,7.917159816315637,4.6514411312709605,0.5280519479554749,7.0849525984709906e-09,3059
B11_pls10,C18_positive|IK:IBMRTYCHDPMBFN-UHFFFAOYSA-N,-0.0935257816618584,5.931617839824392,3.998689816505832,0.4058566390591105,1.7439155873190247e-05,3059
B11_pls10,HILICZ_negative|IK:SLWWJZMPHJJOPH-PHDIDXHHSA-N,-1.2356426089529933,11.101228611086734,6.308282830037016,0.4953493962925721,7.778818882233159e-08,3059
B11_pls10,HILICZ_positive|IK:SIOXPEMLGUPBBT-UHFFFAOYSA-N,-2.6518272638037543,11.131271167023083,5.00129615567418,0.4930777391178976,9.103820931252032e-08,3059
B11_pls10,C18_positive|IK:OVASVJPBDPJABT-UHFFFAOYSA-N,-2.1318902685513947,9.567937526235944,4.633456011120101,0.4146390576822453,1.0947290910294887e-05,3059
B11_pls10,HILICZ_positive|IK:KWIUHFFTVRNATP-UHFFFAOYSA-N,-0.4878073571617245,10.26001239489287,7.247210393432759,0.3213548757774647,0.0008299379827145,3059
B11_pls10,HILICZ_negative|IK:QZZGJDVWLFXDLK-UHFFFAOYSA-N,-0.4175526671110678,7.38370915448143,4.889884710380316,0.5243547765776371,9.40913149344656e-09,3059
B11_pls10,C18_negative|IK:BJEPYKJPYRNKOW-REOHCLBHSA-N,-0.3820800190768532,6.548487308474583,3.805893883662685,0.4442067744075726,2.0670972681102192e-06,3059
B11_pls10,C18_negative|IK:CKEXCBVNKRHAMX-UHFFFAOYSA-N,-0.1359170152796509,5.740283015651387,4.088802975986512,0.4595306941322174,8.176191014464273e-07,3059
B11_pls10,C18_negative|IK:KDYFGRWQOYBRFD-UHFFFAOYSA-N,-1.9790718477588625,10.12059816718577,4.709570655613923,0.501164199910228,5.1734899570236587e-08,3059
B11_pls10,C18_negative|IK:LJCWONGJFPCTTL-ZETCQYMHSA-N,-0.8340538602530108,8.564698734020155,5.822340918861024,0.3956340955339045,2.9501997125257343e-05,3059
B11_pls10,HILICZ_negative|IK:AAWZDTNXLSGCEK-LNVDRNJUSA-N,-1.793889502089205,12.373281487449775,6.965789112226635,0.4200618966712162,8.157967366970016e-06,3059
B11_pls10,C18_negative|NAME:,-0.7830369344429149,1.1648081805704666,0.7568414361484358,0.3859734605017624,4.773501075840224e-05,3059
B11_pls10,HILICZ_negative|IK:JVQYSWDUAOAHFM-UHFFFAOYSA-N,-1.0862704485498655,10.338813172033674,6.5594531530061975,0.430001885967088,4.695239174077323e-06,3059
B11_pls10,C18_positive|IK:RGHHSNMVTDWUBI-UHFFFAOYSA-N,-0.3424241401989345,2.568936178526715,1.5195708874593876,0.4503006427534729,1.4371978128375734e-06,3059
B11_pls10,HILICZ_positive|IK:COLNVLDHVKWLRT-QMMMGPOBSA-N,-1.339577180868599,10.083080431240347,5.798134675667947,0.4573511267737089,9.355031747414215e-07,3059
B11_pls10,C18_positive|IK:RGHMISIYKIHAJW-UHFFFAOYSA-N,-2.921085121643671,13.22898618610896,6.058173768846991,0.4467771901231141,1.7748168568518503e-06,3059
B11_pls10,C18_positive|IK:LWYJCVVIVLBLID-UHFFFAOYSA-N,-9.594208456569753,20.15508857267988,7.879261438257221,0.3255187291381146,0.0007029512043919,3059
B11_pls10,C18_positive|IK:PRYIJAGAEJZDBO-ZEQHCUNVSA-N,-1.6797810798672257,8.335499861508751,4.693225062419091,0.3474113693230201,0.00028224239997,3059
B11_pls10,C18_negative|IK:PVWALMCXZUMCBB-UHFFFAOYSA-N,-3.0092240558148564,9.062983957026292,4.492543850831964,0.2809052402519877,0.0037001964529556,3059
B11_pls10,C18_negative|IK:HMUJXQRRKBLVOO-UHFFFAOYSA-N,-5.725197009713331,14.598855705130884,6.212261548767697,0.3141625641308428,0.0010995987960429,3059
B12_mbspca10_rf_intermediate,C18_negative|IK:RGHHSNMVTDWUBI-UHFFFAOYSA-N,0.6191121385669618,4.046440657455354,2.745905298406422,0.7228303037292922,3.15953300197378e-18,3059
B12_mbspca10_rf_intermediate,C18_negative|IK:WLJVXDMOQOGPHL-UHFFFAOYSA-N,0.5532205849542163,3.748048735457153,2.691793720738623,0.65302704257349,4.3730083061606747e-14,3059
B12_mbspca10_rf_intermediate,C18_positive|IK:LVGKNOAMLMIIKO-QXMHVHEDSA-N,0.4778634109382901,3.607423368078008,2.4254147339206837,0.654913738699042,3.4925559070599675e-14,3059
B12_mbspca10_rf_intermediate,HILICZ_negative|IK:COLNVLDHVKWLRT-QMMMGPOBSA-N,0.1960516531087771,5.642951352101121,4.451967265943819,0.4335138651267179,3.846432322800121e-06,3059
B12_mbspca10_rf_intermediate,C18_positive|IK:MECHNRXZTMCUDQ-UHFFFAOYSA-N,0.4749064651413266,4.3437811886153765,3.1503017043668624,0.6519884724307969,4.945757231686141e-14,3059
B12_mbspca10_rf_intermediate,C18_negative|IK:AIONOLUJZLIMTK-UHFFFAOYSA-N,0.3956388835879829,4.514535706376431,3.399035331003035,0.6046673059451846,8.451858134442229e-12,3059
B12_mbspca10_rf_intermediate,C18_negative|IK:GYUCMTKUEQLBJW-UHFFFAOYSA-N,0.4222891512963086,3.659370268520495,2.474754255339028,0.603781164917466,9.23169622708133e-12,3059
B12_mbspca10_rf_intermediate,C18_positive|IK:MBIZFBDREVRUHY-UHFFFAOYSA-N,0.3780380175296942,4.623360301059937,3.70714842411555,0.5722425285760917,1.8038402768947337e-10,3059
B12_mbspca10_rf_intermediate,C18_positive|IK:GUMFPOIJOXLCLA-JKSUJKDBSA-N,0.5018792526537472,3.304477989230907,2.1726058898696694,0.5882662928739256,4.146595063481411e-11,3059
B12_mbspca10_rf_intermediate,HILICZ_positive|IK:OYTCZOJKXCTBHG-UHFFFAOYSA-N,0.3768078647922948,5.166751780539894,3.809685867616149,0.5391389308360366,2.963846985769116e-09,3059
B12_mbspca10_rf_intermediate,C18_negative|IK:NGFMICBWJRZIBI-UHFFFAOYSA-N,0.3610065875182628,1.388387100000113,1.1559973771108538,0.5735330707028821,1.6070981975361966e-10,3059
B12_mbspca10_rf_intermediate,C18_negative|IK:LTSJJOKAWSCMBC-UHFFFAOYSA-N,0.3744001634507486,4.245981567603692,3.279745611333868,0.563644490672101,3.844828730925504e-10,3059
B12_mbspca10_rf_intermediate,C18_positive|IK:NGFMICBWJRZIBI-UHFFFAOYSA-N,0.2571208811122627,1.1608293744389573,0.9548908211022272,0.5247874766742691,9.103436967602025e-09,3059
B12_mbspca10_rf_intermediate,C18_negative|IK:ZWNLSRDFHQCTQW-UHFFFAOYSA-N,0.274628446537808,4.719156116525493,3.70640745761642,0.5144631441289158,1.9772080478046088e-08,3059
B12_mbspca10_rf_intermediate,C18_negative|IK:GHOKWGTUZJEAQD-UHFFFAOYSA-N,0.3285632947357384,4.663201289387478,3.819304777558592,0.5719643475677766,1.8491871821251492e-10,3059
B12_mbspca10_rf_intermediate,HILICZ_negative|IK:LWYJCVVIVLBLID-UHFFFAOYSA-N,0.3275262106910945,5.608710165957551,4.648558991277831,0.5531328572713091,9.421897155256852e-10,3059
B12_mbspca10_rf_intermediate,C18_positive|IK:PUQSUZTXKPLAPR-UJPOAAIJSA-N,0.310662676736251,5.245407016889617,4.443231833298434,0.5926403168883442,2.7369758464052182e-11,3059
B12_mbspca10_rf_intermediate,C18_positive|IK:WCGUUGGRBIKTOS-UHFFFAOYSA-N,0.3276259427208876,5.261649080999268,4.002007825507434,0.445313406177281,1.93607901680133e-06,3059
B12_mbspca10_rf_intermediate,C18_positive|NAME:,0.3461279575730537,0.5381099495857232,0.4354369593344863,0.535589881816297,3.9309781748647235e-09,3059
B12_mbspca10_rf_intermediate,C18_negative|IK:IQFYYKKMVGJFEH-UHFFFAOYSA-N,0.2991038058624929,4.017497659563193,2.985712687180987,0.3400987548844779,0.0003856928440222,3059
B12_mbspca10_rf_intermediate,C18_negative|IK:BJRNKVDFDLYUGJ-RMPHRYRLSA-N,0.2439940094698025,5.276481054412884,4.601241326944601,0.5564912661375933,7.099728765910687e-10,3059
B12_mbspca10_rf_intermediate,HILICZ_positive|IK:XPCTZQVDEJYUGT-UHFFFAOYSA-N,0.3578932791531386,5.292898215382264,4.078891350432941,0.5490889698781384,1.3192393171721743e-09,3059
B12_mbspca10_rf_intermediate,C18_positive|IK:OYTCZOJKXCTBHG-UHFFFAOYSA-N,0.3345244083611483,4.029239882150104,2.950433178987515,0.528204973372329,7.001729362567948e-09,3059
B12_mbspca10_rf_intermediate,C18_negative|IK:GUNGQVJAKLIYDG-JXMROGBWSA-N,0.3267197415496252,4.119916334176248,3.066903162829611,0.5190239470356077,1.4080950412059904e-08,3059
B12_mbspca10_rf_intermediate,C18_negative|IK:OKVJCVWFVRATSG-UHFFFAOYSA-N,0.3211005130462857,4.9253270024437565,3.9835134144041366,0.5795521467468837,9.315747439750047e-11,3059
B12_mbspca10_rf_intermediate,C18_positive|IK:GHOKWGTUZJEAQD-UHFFFAOYSA-N,0.3252571872667903,4.746794325041335,3.753683666575656,0.5570635529187884,6.763371631547213e-10,3059
B12_mbspca10_rf_intermediate,C18_negative|IK:UGAGPNKCDRTDHP-UHFFFAOYSA-N,0.2938647307904862,4.835824747376834,3.894515152556436,0.5573160312733192,6.619897277468338e-10,3059
B12_mbspca10_rf_intermediate,C18_positive|IK:IBMRTYCHDPMBFN-UHFFFAOYSA-N,0.322374223816156,4.669319677358131,3.645953844913904,0.5231998393675117,1.0273960988027766e-08,3059
B12_mbspca10_rf_intermediate,HILICZ_negative|IK:SLWWJZMPHJJOPH-PHDIDXHHSA-N,0.2959121629983287,6.229931596508035,5.086907346415887,0.5420843633078378,2.3387590540519012e-09,3059
B12_mbspca10_rf_intermediate,HILICZ_positive|IK:SIOXPEMLGUPBBT-UHFFFAOYSA-N,0.2604116215386678,5.009388200304162,3.4813739270390287,0.4923794132148398,9.552640485453949e-08,3059
B12_mbspca10_rf_intermediate,C18_positive|IK:OVASVJPBDPJABT-UHFFFAOYSA-N,0.3338968939022368,4.412510904543934,3.275106394279261,0.4763814514742601,2.79510840597734e-07,3059
B12_mbspca10_rf_intermediate,HILICZ_positive|IK:KWIUHFFTVRNATP-UHFFFAOYSA-N,0.2203025493974555,7.427413309654422,5.913903048120892,0.4497695237287933,1.4838684349735377e-06,3059
B12_mbspca10_rf_intermediate,HILICZ_negative|IK:QZZGJDVWLFXDLK-UHFFFAOYSA-N,0.291358190691549,5.220575315839114,4.249657628891836,0.5957253470887891,2.034146261885499e-11,3059
B12_mbspca10_rf_intermediate,C18_negative|IK:BJEPYKJPYRNKOW-REOHCLBHSA-N,0.2037459236701267,4.970501741603005,3.0615516269957213,0.4255356917906577,6.0311343047282015e-06,3059
B12_mbspca10_rf_intermediate,C18_negative|IK:CKEXCBVNKRHAMX-UHFFFAOYSA-N,0.2455456538672096,4.67817522843088,3.771808371678446,0.4539518485920474,1.1520467879251026e-06,3059
B12_mbspca10_rf_intermediate,C18_negative|IK:KDYFGRWQOYBRFD-UHFFFAOYSA-N,0.283430096233809,4.963579416198251,3.7103168627809584,0.5160970867344098,1.7518088625342372e-08,3059
B12_mbspca10_rf_intermediate,C18_negative|IK:LJCWONGJFPCTTL-ZETCQYMHSA-N,0.2383569162249582,5.519272030426113,4.78735519350083,0.4457723977342759,1.884077418032642e-06,3059
B12_mbspca10_rf_intermediate,HILICZ_negative|IK:AAWZDTNXLSGCEK-LNVDRNJUSA-N,0.1929788565272741,6.650016711980527,5.800207035349905,0.4623162972812397,6.873865945811091e-07,3059
B12_mbspca10_rf_intermediate,C18_negative|NAME:,0.2590129194386646,0.7508956014337149,0.6029853126545108,0.4443292556500103,2.052193678583129e-06,3059
B12_mbspca10_rf_intermediate,HILICZ_negative|IK:JVQYSWDUAOAHFM-UHFFFAOYSA-N,0.2539750683024935,6.18247053200231,5.418068191052306,0.5691888514563714,2.3660023305564595e-10,3059
B12_mbspca10_rf_intermediate,C18_positive|IK:RGHHSNMVTDWUBI-UHFFFAOYSA-N,0.1288636455273378,2.069433653820599,1.3424831129827128,0.5159755339000621,1.7676925471385772e-08,3059
B12_mbspca10_rf_intermediate,HILICZ_positive|IK:COLNVLDHVKWLRT-QMMMGPOBSA-N,0.1629091349340371,6.031298796934853,4.974024889859519,0.4353808929679335,3.4564102062878997e-06,3059
B12_mbspca10_rf_intermediate,C18_positive|IK:RGHMISIYKIHAJW-UHFFFAOYSA-N,0.2642555860272519,5.73042607758792,4.539676317671408,0.5044738771182539,4.08773939017398e-08,3059
B12_mbspca10_rf_intermediate,C18_positive|IK:LWYJCVVIVLBLID-UHFFFAOYSA-N,0.2797361835145177,5.255284753918772,4.400990343204945,0.5070597694733134,3.394659951677695e-08,3059
B12_mbspca10_rf_intermediate,C18_positive|IK:PRYIJAGAEJZDBO-ZEQHCUNVSA-N,0.252309998978877,4.40294009631096,3.305217123766205,0.4691032128987685,4.475111314643492e-07,3059
B12_mbspca10_rf_intermediate,C18_negative|IK:PVWALMCXZUMCBB-UHFFFAOYSA-N,0.1775761043001568,4.104770756638502,3.172374666176461,0.3918493491397088,3.568631905475105e-05,3059
B12_mbspca10_rf_intermediate,C18_negative|IK:HMUJXQRRKBLVOO-UHFFFAOYSA-N,0.1994564783812424,5.036847292748219,4.068820590525042,0.4396744369755299,2.6964645960608854e-06,3059
B13_pca20_rf_intermediate,C18_negative|IK:RGHHSNMVTDWUBI-UHFFFAOYSA-N,0.6201421098650098,4.040965897703163,2.8185271022469,0.7165348482521011,8.389510339963531e-18,3059
B13_pca20_rf_intermediate,C18_negative|IK:WLJVXDMOQOGPHL-UHFFFAOYSA-N,0.5099190023675173,3.925478323353144,2.871454298259352,0.6215120273048795,1.4970790074711338e-12,3059
B13_pca20_rf_intermediate,C18_positive|IK:LVGKNOAMLMIIKO-QXMHVHEDSA-N,0.4795823063829546,3.6014805789195266,2.4207484679526305,0.6552870248652006,3.3399784469007623e-14,3059
B13_pca20_rf_intermediate,HILICZ_negative|IK:COLNVLDHVKWLRT-QMMMGPOBSA-N,0.2149939530022394,5.576076637366407,4.381420973606748,0.4503486524593625,1.4330483292094814e-06,3059
B13_pca20_rf_intermediate,C18_positive|IK:MECHNRXZTMCUDQ-UHFFFAOYSA-N,0.4929653513999233,4.268432556592815,3.1477858111173864,0.6745118568623782,3.065202179188182e-15,3059
B13_pca20_rf_intermediate,C18_negative|IK:AIONOLUJZLIMTK-UHFFFAOYSA-N,0.3795039322243251,4.574402250904907,3.544088859167264,0.5924938975174842,2.7755836109296415e-11,3059
B13_pca20_rf_intermediate,C18_negative|IK:GYUCMTKUEQLBJW-UHFFFAOYSA-N,0.3871438414543796,3.769036740594696,2.5713427550835104,0.5821260829602234,7.353019907553827e-11,3059
B13_pca20_rf_intermediate,C18_positive|IK:MBIZFBDREVRUHY-UHFFFAOYSA-N,0.3357724397283164,4.777869304317291,3.954588365394586,0.532951384613543,4.839101697394453e-09,3059
B13_pca20_rf_intermediate,C18_positive|IK:GUMFPOIJOXLCLA-JKSUJKDBSA-N,0.5036483420319348,3.2986047981791677,2.167237694547233,0.5908949438033521,3.232871364653765e-11,3059
B13_pca20_rf_intermediate,HILICZ_positive|IK:OYTCZOJKXCTBHG-UHFFFAOYSA-N,0.3610868388606471,5.2315157010344775,3.917410876468953,0.5326759836961477,4.944720497187521e-09,3059
B13_pca20_rf_intermediate,C18_negative|IK:NGFMICBWJRZIBI-UHFFFAOYSA-N,0.3422897950430067,1.4085740058091158,1.1601821344129104,0.5747771096827701,1.4371024086522355e-10,3059
B13_pca20_rf_intermediate,C18_negative|IK:LTSJJOKAWSCMBC-UHFFFAOYSA-N,0.3917454190726518,4.186706198525596,3.2673984894356813,0.5630399786499299,4.0516587759695477e-10,3059
B13_pca20_rf_intermediate,C18_positive|IK:NGFMICBWJRZIBI-UHFFFAOYSA-N,0.2546310627624185,1.1627730531107277,0.9471147534189636,0.53188886585113,5.258909756992308e-09,3059
B13_pca20_rf_intermediate,C18_negative|IK:ZWNLSRDFHQCTQW-UHFFFAOYSA-N,0.2623682937893009,4.758870345320446,3.8148803434514265,0.5019919196150071,4.878662667544386e-08,3059
B13_pca20_rf_intermediate,C18_negative|IK:GHOKWGTUZJEAQD-UHFFFAOYSA-N,0.2808764369227536,4.825956272614089,3.963294923297028,0.5388078895913199,3.043376972726768e-09,3059
B13_pca20_rf_intermediate,HILICZ_negative|IK:LWYJCVVIVLBLID-UHFFFAOYSA-N,0.3048620512054083,5.702441206373776,4.797663516157685,0.5287803454728375,6.697114252579806e-09,3059
B13_pca20_rf_intermediate,C18_positive|IK:PUQSUZTXKPLAPR-UJPOAAIJSA-N,0.2801612733257324,5.360198834282997,4.5167112310073545,0.5545653579653369,8.353809976248841e-10,3059
B13_pca20_rf_intermediate,C18_positive|IK:WCGUUGGRBIKTOS-UHFFFAOYSA-N,0.3046984464819031,5.350606412215857,4.077252556071304,0.418058791265815,9.099525966503997e-06,3059
B13_pca20_rf_intermediate,C18_positive|NAME:,0.3084390802675569,0.5534008978973244,0.4503187659026089,0.5070391872278665,3.399704297606991e-08,3059
B13_pca20_rf_intermediate,C18_negative|IK:IQFYYKKMVGJFEH-UHFFFAOYSA-N,0.184225795598699,4.334248082579645,3.225335952484327,0.2560765008642505,0.0083714138880599,3059
B13_pca20_rf_intermediate,C18_negative|IK:BJRNKVDFDLYUGJ-RMPHRYRLSA-N,0.2479112124786912,5.262793404320731,4.592146936415961,0.5613299449519253,4.696312926701499e-10,3059
B13_pca20_rf_intermediate,HILICZ_positive|IK:XPCTZQVDEJYUGT-UHFFFAOYSA-N,0.3147110214556621,5.4679786246412565,4.220234970138942,0.5030694291137997,4.518834366788453e-08,3059
B13_pca20_rf_intermediate,C18_positive|IK:OYTCZOJKXCTBHG-UHFFFAOYSA-N,0.3464310240245541,3.993031836470891,2.904464188792252,0.5633548286614773,3.94263491551131e-10,3059
B13_pca20_rf_intermediate,C18_negative|IK:GUNGQVJAKLIYDG-JXMROGBWSA-N,0.3568621096607053,4.026637230419591,3.0245023469442978,0.5426376979016605,2.236398890513887e-09,3059
B13_pca20_rf_intermediate,C18_negative|IK:OKVJCVWFVRATSG-UHFFFAOYSA-N,0.3249520659082914,4.911335874312275,3.957060425838423,0.5882212690989091,4.164230734085771e-11,3059
B13_pca20_rf_intermediate,C18_positive|IK:GHOKWGTUZJEAQD-UHFFFAOYSA-N,0.2813705130317575,4.898733317679127,3.889512930794356,0.531795963350435,5.297231357558071e-09,3059
B13_pca20_rf_intermediate,C18_negative|IK:UGAGPNKCDRTDHP-UHFFFAOYSA-N,0.2684901365843837,4.921944301779389,3.9593431953544393,0.5200040188052767,1.3081839978067143e-08,3059
B13_pca20_rf_intermediate,C18_positive|IK:IBMRTYCHDPMBFN-UHFFFAOYSA-N,0.2946509901255109,4.763878536635912,3.668881766644261,0.5064447914247309,3.5485093213763756e-08,3059
B13_pca20_rf_intermediate,HILICZ_negative|IK:SLWWJZMPHJJOPH-PHDIDXHHSA-N,0.2852601514480957,6.276880420781966,5.091442571988166,0.5271503902414213,7.594839517802634e-09,3059
B13_pca20_rf_intermediate,HILICZ_positive|IK:SIOXPEMLGUPBBT-UHFFFAOYSA-N,0.249132148975706,5.047442780870134,3.524424386939547,0.4728085089367385,3.5264137492677614e-07,3059
B13_pca20_rf_intermediate,C18_positive|IK:OVASVJPBDPJABT-UHFFFAOYSA-N,0.2939076163021344,4.5430323122880845,3.386752438644147,0.4559297414438148,1.0208794437990182e-06,3059
B13_pca20_rf_intermediate,HILICZ_positive|IK:KWIUHFFTVRNATP-UHFFFAOYSA-N,0.186009213811937,7.588995214450598,6.0071819926541785,0.4152178630823987,1.0611556300404453e-05,3059
B13_pca20_rf_intermediate,HILICZ_negative|IK:QZZGJDVWLFXDLK-UHFFFAOYSA-N,0.2947324448900451,5.208131393199445,4.245978126896837,0.6096229565001365,5.133375624308766e-12,3059
B13_pca20_rf_intermediate,C18_negative|IK:BJEPYKJPYRNKOW-REOHCLBHSA-N,0.1649485007381541,5.090155220439953,3.235050349539983,0.3837474531251185,5.322000743018374e-05,3059
B13_pca20_rf_intermediate,C18_negative|IK:CKEXCBVNKRHAMX-UHFFFAOYSA-N,0.2671272673670443,4.610778765624174,3.800158705358482,0.4839470457835574,1.693755928451051e-07,3059
B13_pca20_rf_intermediate,C18_negative|IK:KDYFGRWQOYBRFD-UHFFFAOYSA-N,0.2613290827851888,5.039543441914635,3.800164651678056,0.5011375578284721,5.1832566465404105e-08,3059
B13_pca20_rf_intermediate,C18_negative|IK:LJCWONGJFPCTTL-ZETCQYMHSA-N,0.2172154030423743,5.595349052382852,4.850630931312613,0.4073710642959384,1.610865023668499e-05,3059
B13_pca20_rf_intermediate,HILICZ_negative|IK:AAWZDTNXLSGCEK-LNVDRNJUSA-N,0.1741467274073747,6.72715953619608,5.876019387306544,0.4371439610907297,3.122657841568467e-06,3059
B13_pca20_rf_intermediate,C18_negative|NAME:,0.2537926493142232,0.7535359971191902,0.6042081766970521,0.4488181629691063,1.5710765249341342e-06,3059
B13_pca20_rf_intermediate,HILICZ_negative|IK:JVQYSWDUAOAHFM-UHFFFAOYSA-N,0.2103698710744735,6.360587620637445,5.609005460547333,0.5140464744182673,2.0389796295021798e-08,3059
B13_pca20_rf_intermediate,C18_positive|IK:RGHHSNMVTDWUBI-UHFFFAOYSA-N,0.1139546288396493,2.087067133045823,1.3320988448385722,0.5049657889280531,3.946259817583732e-08,3059
B13_pca20_rf_intermediate,HILICZ_positive|IK:COLNVLDHVKWLRT-QMMMGPOBSA-N,0.171878740897007,5.9988984468306015,4.964068631106449,0.4253623656004962,6.089589494497085e-06,3059
B13_pca20_rf_intermediate,C18_positive|IK:RGHMISIYKIHAJW-UHFFFAOYSA-N,0.2791096272686325,5.672284961797715,4.486768103132722,0.5176289762038051,1.562976033123607e-08,3059
B13_pca20_rf_intermediate,C18_positive|IK:LWYJCVVIVLBLID-UHFFFAOYSA-N,0.2774223376393246,5.263719280546242,4.425065328867848,0.5095495921081713,2.8344708059931832e-08,3059
B13_pca20_rf_intermediate,C18_positive|IK:PRYIJAGAEJZDBO-ZEQHCUNVSA-N,0.2229757381239965,4.488479852397578,3.372814972321229,0.435204680758008,3.4915594443235768e-06,3059
B13_pca20_rf_intermediate,C18_negative|IK:PVWALMCXZUMCBB-UHFFFAOYSA-N,0.1729278461984806,4.116354290585779,3.164836517396972,0.3963598452449141,2.843723458744552e-05,3059
B13_pca20_rf_intermediate,C18_negative|IK:HMUJXQRRKBLVOO-UHFFFAOYSA-N,0.2054114649151283,5.018078578103021,4.111584091567502,0.4072343645332236,1.6224716637177002e-05,3059
B14_late_rf,C18_negative|IK:RGHHSNMVTDWUBI-UHFFFAOYSA-N,0.68238430775696,3.6950948014401286,2.528329397996139,0.7565371094022939,1.0321408984732864e-20,3059
B14_late_rf,C18_negative|IK:WLJVXDMOQOGPHL-UHFFFAOYSA-N,0.6156294950572412,3.476431519620659,2.412055592392883,0.6590185335715267,2.1296604803713633e-14,3059
B14_late_rf,C18_positive|IK:LVGKNOAMLMIIKO-QXMHVHEDSA-N,0.5036924074729682,3.517065932640298,2.4050309544126955,0.6576290273233567,2.5200304968796636e-14,3059
B14_late_rf,HILICZ_negative|IK:COLNVLDHVKWLRT-QMMMGPOBSA-N,0.2875759119211191,5.312042371759743,4.193815825280415,0.5262597939331352,8.132926530518249e-09,3059
B14_late_rf,C18_positive|IK:MECHNRXZTMCUDQ-UHFFFAOYSA-N,0.4765294908584431,4.337062838114407,3.1725006949389667,0.6531953901982458,4.286435638320836e-14,3059
B14_late_rf,C18_negative|IK:AIONOLUJZLIMTK-UHFFFAOYSA-N,0.497295129034136,4.117384085740708,3.08877626518194,0.6692749641504194,5.9792089135035e-15,3059
B14_late_rf,C18_negative|IK:GYUCMTKUEQLBJW-UHFFFAOYSA-N,0.3965366572597087,3.7400425289888646,2.5662237289051717,0.5872066983424995,4.581352967419121e-11,3059
B14_late_rf,C18_positive|IK:MBIZFBDREVRUHY-UHFFFAOYSA-N,0.4141933758166942,4.48696786429829,3.574963821086314,0.5801385159580511,8.828530496195136e-11,3059
B14_late_rf,C18_positive|IK:GUMFPOIJOXLCLA-JKSUJKDBSA-N,0.4139065473285905,3.584420750666825,2.513112580020492,0.5615285437743363,4.6166665842159627e-10,3059
B14_late_rf,HILICZ_positive|IK:OYTCZOJKXCTBHG-UHFFFAOYSA-N,0.4252580642452052,4.961843464309962,3.704184935380508,0.590914252049207,3.2269391263404544e-11,3059
B14_late_rf,C18_negative|IK:NGFMICBWJRZIBI-UHFFFAOYSA-N,0.406373774404953,1.3381935090052903,1.1294125715063128,0.6183081069873523,2.097407372205762e-12,3059
B14_late_rf,C18_negative|IK:LTSJJOKAWSCMBC-UHFFFAOYSA-N,0.4098494764065198,4.123929094880505,3.293428930325518,0.5916220626982002,3.016571761512538e-11,3059
B14_late_rf,C18_positive|IK:NGFMICBWJRZIBI-UHFFFAOYSA-N,0.3181996940342237,1.1120848120434903,0.918560086843906,0.5752125233257308,1.3818010417682008e-10,3059
B14_late_rf,C18_negative|IK:ZWNLSRDFHQCTQW-UHFFFAOYSA-N,0.3734385338333549,4.3859727154461154,3.4621339850348045,0.5412574932754723,2.5001397978018444e-09,3059
B14_late_rf,C18_negative|IK:GHOKWGTUZJEAQD-UHFFFAOYSA-N,0.3457799284786744,4.603027345793909,3.726133528322271,0.5644815912111815,3.5751148699908847e-10,3059
B14_late_rf,HILICZ_negative|IK:LWYJCVVIVLBLID-UHFFFAOYSA-N,0.363149630895758,5.458131814055345,4.585703291705024,0.5884565053375329,4.0728806634120916e-11,3059
B14_late_rf,C18_positive|IK:PUQSUZTXKPLAPR-UJPOAAIJSA-N,0.3214884694189379,5.204055413917768,4.503512584627018,0.5987000222051441,1.523354695294464e-11,3059
B14_late_rf,C18_positive|IK:WCGUUGGRBIKTOS-UHFFFAOYSA-N,0.3382454152737397,5.2199324776160445,4.138158659584244,0.4841385754842107,1.6721497377992225e-07,3059
B14_late_rf,C18_positive|NAME:,0.3221710256786194,0.5478790605709344,0.4440287052520757,0.5011196350818992,5.189836827424388e-08,3059
B14_late_rf,C18_negative|IK:IQFYYKKMVGJFEH-UHFFFAOYSA-N,0.3173279742567632,3.96492370641792,2.928541189738938,0.3490972336540442,0.0002623527813824,3059
B14_late_rf,C18_negative|IK:BJRNKVDFDLYUGJ-RMPHRYRLSA-N,0.3129252927327548,5.030182540215908,4.374618611086264,0.6225154705840475,1.3459757298793042e-12,3059
B14_late_rf,HILICZ_positive|IK:XPCTZQVDEJYUGT-UHFFFAOYSA-N,0.328014934533438,5.414641969151534,4.225233262300258,0.5313791027591306,5.472502643565758e-09,3059
B14_late_rf,C18_positive|IK:OYTCZOJKXCTBHG-UHFFFAOYSA-N,0.4035380733285011,3.814594884438149,2.7696759086784395,0.5848087084483151,5.733454396893587e-11,3059
B14_late_rf,C18_negative|IK:GUNGQVJAKLIYDG-JXMROGBWSA-N,0.3545578687434042,4.033844119194623,3.03418615115744,0.5405156088238311,2.653982518874792e-09,3059
B14_late_rf,C18_negative|IK:OKVJCVWFVRATSG-UHFFFAOYSA-N,0.3458268334962612,4.834801989749736,3.898266616867288,0.583364583305116,6.556987250791708e-11,3059
B14_late_rf,C18_positive|IK:GHOKWGTUZJEAQD-UHFFFAOYSA-N,0.3121374949806503,4.792720462912144,3.792194988534413,0.5377946048433799,3.299733793489898e-09,3059
B14_late_rf,C18_negative|IK:UGAGPNKCDRTDHP-UHFFFAOYSA-N,0.2937462061011072,4.836230576544194,3.907967866948322,0.5382435416433973,3.183698151988909e-09,3059
B14_late_rf,C18_positive|IK:IBMRTYCHDPMBFN-UHFFFAOYSA-N,0.3252865736710216,4.659274800221228,3.6639296605580816,0.5204609098112475,1.263960885380185e-08,3059
B14_late_rf,HILICZ_negative|IK:SLWWJZMPHJJOPH-PHDIDXHHSA-N,0.2954983699488475,6.231761995792255,5.153246348994587,0.535754810398078,3.880007494070563e-09,3059
B14_late_rf,HILICZ_positive|IK:SIOXPEMLGUPBBT-UHFFFAOYSA-N,0.2652514489617058,4.992970711057073,3.507743986826404,0.499416810418178,5.8527364878398335e-08,3059
B14_late_rf,C18_positive|IK:OVASVJPBDPJABT-UHFFFAOYSA-N,0.3383909530814548,4.397600565869001,3.248654566084091,0.4708079941604361,4.011889252585977e-07,3059
B14_late_rf,HILICZ_positive|IK:KWIUHFFTVRNATP-UHFFFAOYSA-N,0.2548812191418503,7.260847067420703,5.827572169306851,0.4895933023003914,1.1562325859771745e-07,3059
B14_late_rf,HILICZ_negative|IK:QZZGJDVWLFXDLK-UHFFFAOYSA-N,0.2784327428209916,5.267971158922184,4.356727474169065,0.5829263207698199,6.828685159666054e-11,3059
B14_late_rf,C18_negative|IK:BJEPYKJPYRNKOW-REOHCLBHSA-N,0.2534209266295936,4.812960552909861,2.9994330417269546,0.4563210610575265,9.96665167124042e-07,3059
B14_late_rf,C18_negative|IK:CKEXCBVNKRHAMX-UHFFFAOYSA-N,0.3168169054265922,4.451727354822292,3.5665314873478944,0.5118887530209195,2.389540914542405e-08,3059
B14_late_rf,C18_negative|IK:KDYFGRWQOYBRFD-UHFFFAOYSA-N,0.299368976010793,4.908065784073271,3.668710781722928,0.5124338004929736,2.2959097516125016e-08,3059
B14_late_rf,C18_negative|IK:LJCWONGJFPCTTL-ZETCQYMHSA-N,0.2061751666956583,5.634668736795785,5.0318512369599295,0.4578262963458697,9.0850502531237e-07,3059
B14_late_rf,HILICZ_negative|IK:AAWZDTNXLSGCEK-LNVDRNJUSA-N,0.2533606390576313,6.396401562677223,5.568905740207351,0.5114550391377839,2.46664392427534e-08,3059
B14_late_rf,C18_negative|NAME:,0.2646259134087021,0.7480461694274513,0.596722812842472,0.4491602736885755,1.539171958028359e-06,3059
B14_late_rf,HILICZ_negative|IK:JVQYSWDUAOAHFM-UHFFFAOYSA-N,0.2940939961514877,6.013936277233249,5.255276269268454,0.5902244459284445,3.445521743243182e-11,3059
B14_late_rf,C18_positive|IK:RGHHSNMVTDWUBI-UHFFFAOYSA-N,0.1359923953573925,2.0609488857630733,1.334283079544582,0.5051420277835371,3.896719192907087e-08,3059
B14_late_rf,HILICZ_positive|IK:COLNVLDHVKWLRT-QMMMGPOBSA-N,0.2232531236848683,5.809841719043124,4.791160946957002,0.4825202366968057,1.8632888014733923e-07,3059
B14_late_rf,C18_positive|IK:RGHMISIYKIHAJW-UHFFFAOYSA-N,0.2756543261682687,5.685862631706362,4.522003753506484,0.5064967598596491,3.5352549080048575e-08,3059
B14_late_rf,C18_positive|IK:LWYJCVVIVLBLID-UHFFFAOYSA-N,0.300758580101785,5.178023618002058,4.39788186299208,0.5118234027336122,2.4010091983426812e-08,3059
B14_late_rf,C18_positive|IK:PRYIJAGAEJZDBO-ZEQHCUNVSA-N,0.2476204068517142,4.4167263698425465,3.300367248073913,0.471220135974717,3.906949485121079e-07,3059
B14_late_rf,C18_negative|IK:PVWALMCXZUMCBB-UHFFFAOYSA-N,0.0678983216043116,4.369912011032207,3.468988463029344,0.2624685874219611,0.0068324229929376,3059
B14_late_rf,C18_negative|IK:HMUJXQRRKBLVOO-UHFFFAOYSA-N,0.2058265100247319,5.01676783617464,4.032755202197918,0.438646424978975,2.8625088059568247e-06,3059
B15_late_mi500_rf,C18_negative|IK:RGHHSNMVTDWUBI-UHFFFAOYSA-N,0.6983987094472053,3.600735390850435,2.404810536555936,0.7574095335146165,8.791635306323972e-21,3059
B15_late_mi500_rf,C18_negative|IK:WLJVXDMOQOGPHL-UHFFFAOYSA-N,0.6157510219904041,3.4758819021880027,2.3636958274917865,0.6571938005446105,2.6559644270148532e-14,3059
B15_late_mi500_rf,C18_positive|IK:LVGKNOAMLMIIKO-QXMHVHEDSA-N,0.5114241038311708,3.4895632055222374,2.3204410435343936,0.6612999188167586,1.6123529626805453e-14,3059
B15_late_mi500_rf,HILICZ_negative|IK:COLNVLDHVKWLRT-QMMMGPOBSA-N,0.295231818366048,5.283422937152509,4.070609891837363,0.5368974848736924,3.543877653869232e-09,3059
B15_late_mi500_rf,C18_positive|IK:MECHNRXZTMCUDQ-UHFFFAOYSA-N,0.4862816420218013,4.296473599246939,3.0765283131781347,0.6556839396901761,3.1848288301076473e-14,3059
B15_late_mi500_rf,C18_negative|IK:AIONOLUJZLIMTK-UHFFFAOYSA-N,0.4963919019142951,4.121081348487788,3.037574495671357,0.6618812318079886,1.5014086937834148e-14,3059
B15_late_mi500_rf,C18_negative|IK:GYUCMTKUEQLBJW-UHFFFAOYSA-N,0.4057970109008536,3.711235465287445,2.496388373907753,0.5900331052399245,3.508638314537932e-11,3059
B15_late_mi500_rf,C18_positive|IK:MBIZFBDREVRUHY-UHFFFAOYSA-N,0.3926163194693517,4.568855044167018,3.5953004808276345,0.5489765741946503,1.3315544134944791e-09,3059
B15_late_mi500_rf,C18_positive|IK:GUMFPOIJOXLCLA-JKSUJKDBSA-N,0.4157600818477404,3.578748354296949,2.463646870535928,0.5614784060181893,4.63665046744254e-10,3059
B15_late_mi500_rf,HILICZ_positive|IK:OYTCZOJKXCTBHG-UHFFFAOYSA-N,0.4407990309909755,4.894299856761977,3.557270768720536,0.5959482959824044,1.9907401046192397e-11,3059
B15_late_mi500_rf,C18_negative|IK:NGFMICBWJRZIBI-UHFFFAOYSA-N,0.4088060771444833,1.3354491620032038,1.125017656217917,0.6267675720505909,8.53855945257575e-13,3059
B15_late_mi500_rf,C18_negative|IK:LTSJJOKAWSCMBC-UHFFFAOYSA-N,0.4182017548586179,4.094642545712213,3.200489216276646,0.5666292687815699,2.963777904465515e-10,3059
B15_late_mi500_rf,C18_positive|IK:NGFMICBWJRZIBI-UHFFFAOYSA-N,0.3199178528943025,1.1106826832558754,0.9133507204085464,0.5700186605846983,2.1984602742534657e-10,3059
B15_late_mi500_rf,C18_negative|IK:ZWNLSRDFHQCTQW-UHFFFAOYSA-N,0.3818243179301068,4.356523318762595,3.384061126431682,0.5331038416098239,4.781566487833207e-09,3059
B15_late_mi500_rf,C18_negative|IK:GHOKWGTUZJEAQD-UHFFFAOYSA-N,0.3524040171694481,4.579664843463017,3.664233191802448,0.5712908377057875,1.9635668256574247e-10,3059
B15_late_mi500_rf,HILICZ_negative|IK:LWYJCVVIVLBLID-UHFFFAOYSA-N,0.371365260536275,5.422811468723899,4.497788908452083,0.598114515969093,1.612951007044984e-11,3059
B15_late_mi500_rf,C18_positive|IK:PUQSUZTXKPLAPR-UJPOAAIJSA-N,0.3188452864329009,5.2141819187852345,4.424195952879175,0.5957724910248889,2.024892334938656e-11,3059
B15_late_mi500_rf,C18_positive|IK:WCGUUGGRBIKTOS-UHFFFAOYSA-N,0.3469925452190326,5.185318954093951,4.0259193097848085,0.49585679420195,7.50910361938349e-08,3059
B15_late_mi500_rf,C18_positive|NAME:,0.3289927126064688,0.5451151550315173,0.4459680863654455,0.4954903586979058,7.702975031848386e-08,3059
B15_late_mi500_rf,C18_negative|IK:IQFYYKKMVGJFEH-UHFFFAOYSA-N,0.3079223758110706,3.99214388369981,2.897486177645926,0.3366930806279406,0.0004449199544861,3059
B15_late_mi500_rf,C18_negative|IK:BJRNKVDFDLYUGJ-RMPHRYRLSA-N,0.3254906352359147,4.983973867925871,4.315772181625121,0.6410385379201622,1.7596258643400165e-13,3059
B15_late_mi500_rf,HILICZ_positive|IK:XPCTZQVDEJYUGT-UHFFFAOYSA-N,0.3236939797245083,5.432022514011271,4.161954059886769,0.5240791240203975,9.608974570389105e-09,3059
B15_late_mi500_rf,C18_positive|IK:OYTCZOJKXCTBHG-UHFFFAOYSA-N,0.4076128920382773,3.801542566765069,2.7061383860751174,0.5877494075561676,4.353460133704221e-11,3059
B15_late_mi500_rf,C18_negative|IK:GUNGQVJAKLIYDG-JXMROGBWSA-N,0.3465729234481502,4.058719328564266,3.019938532185131,0.5412145758494663,2.508801241401202e-09,3059
B15_late_mi500_rf,C18_negative|IK:OKVJCVWFVRATSG-UHFFFAOYSA-N,0.3353564783188463,4.873340058785487,3.874210103178563,0.5720817483694077,1.8299171881989788e-10,3059
B15_late_mi500_rf,C18_positive|IK:GHOKWGTUZJEAQD-UHFFFAOYSA-N,0.3211262101471794,4.761302799246817,3.730161201858884,0.5433431874890514,2.1121142459390773e-09,3059
B15_late_mi500_rf,C18_negative|IK:UGAGPNKCDRTDHP-UHFFFAOYSA-N,0.2902320066678462,4.848247778912889,3.8612010107489456,0.5437068238366826,2.050669583105447e-09,3059
B15_late_mi500_rf,C18_positive|IK:IBMRTYCHDPMBFN-UHFFFAOYSA-N,0.3393505618735564,4.610459212830594,3.570981643733341,0.5274046748834668,7.447573267130428e-09,3059
B15_late_mi500_rf,HILICZ_negative|IK:SLWWJZMPHJJOPH-PHDIDXHHSA-N,0.3105200598349787,6.164965844509227,5.0123314407634805,0.5539007074270822,8.83405272699795e-10,3059
B15_late_mi500_rf,HILICZ_positive|IK:SIOXPEMLGUPBBT-UHFFFAOYSA-N,0.2525855941054322,5.03582212389232,3.484748027901821,0.4858355229774808,1.4918534322021189e-07,3059
B15_late_mi500_rf,C18_positive|IK:OVASVJPBDPJABT-UHFFFAOYSA-N,0.3473863338681359,4.367602885329471,3.199606838816874,0.4777787407726555,2.5504266451037495e-07,3059
B15_late_mi500_rf,HILICZ_positive|IK:KWIUHFFTVRNATP-UHFFFAOYSA-N,0.2503805829851677,7.28274239096749,5.7905033846570415,0.4970835674014426,6.893369606622038e-08,3059
B15_late_mi500_rf,HILICZ_negative|IK:QZZGJDVWLFXDLK-UHFFFAOYSA-N,0.2975225639032004,5.197819202674226,4.238740756952165,0.5918749733378326,2.9446610786714045e-11,3059
B15_late_mi500_rf,C18_negative|IK:BJEPYKJPYRNKOW-REOHCLBHSA-N,0.27089431511108,4.75630436541629,2.932506876417195,0.4713378411734154,3.8774617079995945e-07,3059
B15_late_mi500_rf,C18_negative|IK:CKEXCBVNKRHAMX-UHFFFAOYSA-N,0.3176194079193408,4.449111970994702,3.5339242793381707,0.490451742285713,1.0903710905188209e-07,3059
B15_late_mi500_rf,C18_negative|IK:KDYFGRWQOYBRFD-UHFFFAOYSA-N,0.3050020925099345,4.88829538978257,3.62394480219892,0.5183217005610274,1.4841312340273173e-08,3059
B15_late_mi500_rf,C18_negative|IK:LJCWONGJFPCTTL-ZETCQYMHSA-N,0.194087534109531,5.677406428851206,5.072680713333071,0.4361166016510187,3.313236931441312e-06,3059
B15_late_mi500_rf,HILICZ_negative|IK:AAWZDTNXLSGCEK-LNVDRNJUSA-N,0.2275745574572287,6.50591770279522,5.639844011741619,0.4954852407359906,7.705716329978069e-08,3059
B15_late_mi500_rf,C18_negative|NAME:,0.2579754008989161,0.7514211136925241,0.5980530116665335,0.4391457599004768,2.780684568622788e-06,3059
B15_late_mi500_rf,HILICZ_negative|IK:JVQYSWDUAOAHFM-UHFFFAOYSA-N,0.2911632879669308,6.0264073686650965,5.230126448106616,0.5816841684206709,7.658977437710111e-11,3059
B15_late_mi500_rf,C18_positive|IK:RGHHSNMVTDWUBI-UHFFFAOYSA-N,0.1493454073954715,2.0449611601253057,1.3161793904700054,0.536854654779183,3.555956497367095e-09,3059
B15_late_mi500_rf,HILICZ_positive|IK:COLNVLDHVKWLRT-QMMMGPOBSA-N,0.2190120214189814,5.825681235653206,4.720331532708052,0.4685220051834096,4.644339140601934e-07,3059
B15_late_mi500_rf,C18_positive|IK:RGHMISIYKIHAJW-UHFFFAOYSA-N,0.2860586111764909,5.644879916870404,4.41398151600297,0.5101735718864617,2.7085987045505748e-08,3059
B15_late_mi500_rf,C18_positive|IK:LWYJCVVIVLBLID-UHFFFAOYSA-N,0.2868415608587137,5.22929890761824,4.384312090726427,0.4983340211981842,6.315497874282538e-08,3059
B15_late_mi500_rf,C18_positive|IK:PRYIJAGAEJZDBO-ZEQHCUNVSA-N,0.2890848401846144,4.293296457072904,3.155796630793173,0.5193749304039956,1.3715035751237725e-08,3059
B15_late_mi500_rf,C18_negative|IK:PVWALMCXZUMCBB-UHFFFAOYSA-N,0.0608845638176953,4.38632227192929,3.451957271811985,0.2775787493743988,0.0041457837706678,3059
B15_late_mi500_rf,C18_negative|IK:HMUJXQRRKBLVOO-UHFFFAOYSA-N,0.1856196906040051,5.080189852472098,4.037934030561334,0.4059073898642013,1.7392945747746585e-05,3059
B16_borutaLight300_rf,C18_negative|IK:RGHHSNMVTDWUBI-UHFFFAOYSA-N,0.6723129272135666,3.753222091906789,2.2315044373340607,0.753472854341112,1.8035980930039232e-20,3059
B16_borutaLight300_rf,C18_negative|IK:WLJVXDMOQOGPHL-UHFFFAOYSA-N,0.6106877786928033,3.4987077773206665,2.1079599853934985,0.6388953095363751,2.2424599812588754e-13,3059
B16_borutaLight300_rf,C18_positive|IK:LVGKNOAMLMIIKO-QXMHVHEDSA-N,0.524077039701726,3.4440811751166103,2.1196707124092566,0.6581862546930626,2.3558018873606317e-14,3059
B16_borutaLight300_rf,HILICZ_negative|IK:COLNVLDHVKWLRT-QMMMGPOBSA-N,0.3304667550245674,5.149657034445761,3.690753116219089,0.5420852962838147,2.338582740172681e-09,3059
B16_borutaLight300_rf,C18_positive|IK:MECHNRXZTMCUDQ-UHFFFAOYSA-N,0.4436138169261338,4.471340803771994,2.9730287615053066,0.6519556787729471,4.964976760999715e-14,3059
B16_borutaLight300_rf,C18_negative|IK:AIONOLUJZLIMTK-UHFFFAOYSA-N,0.5016938851247645,4.09933058847001,2.8113569603232267,0.6660155969343776,9.001366278379594e-15,3059
B16_borutaLight300_rf,C18_negative|IK:GYUCMTKUEQLBJW-UHFFFAOYSA-N,0.402770698210816,3.720674238727857,2.3772606647159207,0.5970960226808093,1.7810524064461616e-11,3059
B16_borutaLight300_rf,C18_positive|IK:MBIZFBDREVRUHY-UHFFFAOYSA-N,0.3259754138282011,4.812975923919885,3.5419244350196286,0.4736926101126498,3.330153416014984e-07,3059
B16_borutaLight300_rf,C18_positive|IK:GUMFPOIJOXLCLA-JKSUJKDBSA-N,0.4159593849128569,3.5781378890299265,2.2510419640562187,0.5573485342735839,6.601640900673435e-10,3059
B16_borutaLight300_rf,HILICZ_positive|IK:OYTCZOJKXCTBHG-UHFFFAOYSA-N,0.4452591624307239,4.874742556920987,3.3332906022932955,0.613760689044047,3.362745484341913e-12,3059
B16_borutaLight300_rf,C18_negative|IK:NGFMICBWJRZIBI-UHFFFAOYSA-N,0.3720487515159525,1.37633876941021,1.1518162465386803,0.5893323657474602,3.7494402375255234e-11,3059
B16_borutaLight300_rf,C18_negative|IK:LTSJJOKAWSCMBC-UHFFFAOYSA-N,0.4234496361105473,4.076133660321102,3.0623731249914665,0.5741856690587068,1.515642951438546e-10,3059
B16_borutaLight300_rf,C18_positive|IK:NGFMICBWJRZIBI-UHFFFAOYSA-N,0.3214951856135057,1.109393917523221,0.9087155095408516,0.5696661828737299,2.2681832142432854e-10,3059
B16_borutaLight300_rf,C18_negative|IK:ZWNLSRDFHQCTQW-UHFFFAOYSA-N,0.354961669591192,4.450172503220282,3.232030661950109,0.5401886823498,2.7246225752419462e-09,3059
B16_borutaLight300_rf,C18_negative|IK:GHOKWGTUZJEAQD-UHFFFAOYSA-N,0.2984210236256727,4.766722899044459,3.5131691944003927,0.5078449729084976,3.2074733032686285e-08,3059
B16_borutaLight300_rf,HILICZ_negative|IK:LWYJCVVIVLBLID-UHFFFAOYSA-N,0.3653260909409954,5.448797146642881,4.321352042564133,0.5821523653784982,7.335199265680269e-11,3059
B16_borutaLight300_rf,C18_positive|IK:PUQSUZTXKPLAPR-UJPOAAIJSA-N,0.2065629102092565,5.627552369180432,4.644898997181678,0.5184174535473907,1.473536899337334e-08,3059
B16_borutaLight300_rf,C18_positive|IK:WCGUUGGRBIKTOS-UHFFFAOYSA-N,0.3156614686283064,5.308256528197893,3.848936313710064,0.4505554896180699,1.415300800242454e-06,3059
B16_borutaLight300_rf,C18_positive|NAME:,0.2716600415688719,0.567925941085268,0.4510728371642188,0.465166908563135,5.746455439011405e-07,3059
B16_borutaLight300_rf,C18_negative|IK:IQFYYKKMVGJFEH-UHFFFAOYSA-N,0.3147403127665541,3.9724311008105713,2.673705747104417,0.3408538355682666,0.0003735859082653,3059
B16_borutaLight300_rf,C18_negative|IK:BJRNKVDFDLYUGJ-RMPHRYRLSA-N,0.2772911063155738,5.158975486749178,4.27203852833091,0.5967343850264348,1.8447101137022974e-11,3059
B16_borutaLight300_rf,HILICZ_positive|IK:XPCTZQVDEJYUGT-UHFFFAOYSA-N,0.2641843025902249,5.665972454803082,4.260260373298062,0.5015434135845418,5.036365306652857e-08,3059
B16_borutaLight300_rf,C18_positive|IK:OYTCZOJKXCTBHG-UHFFFAOYSA-N,0.4231203582079271,3.751454340507471,2.4898768681456804,0.626689475778873,8.610769940689142e-13,3059
B16_borutaLight300_rf,C18_negative|IK:GUNGQVJAKLIYDG-JXMROGBWSA-N,0.2582631374438284,4.324295740015962,3.065867837607752,0.4714693894323174,3.8447563311034637e-07,3059
B16_borutaLight300_rf,C18_negative|IK:OKVJCVWFVRATSG-UHFFFAOYSA-N,0.1995241769332344,5.348185213315466,3.966246058903032,0.4722725300142633,3.650698219442282e-07,3059
B16_borutaLight300_rf,C18_positive|IK:GHOKWGTUZJEAQD-UHFFFAOYSA-N,0.3020698268298694,4.827666578499684,3.5994533448235027,0.521181003966885,1.1971536259989925e-08,3059
B16_borutaLight300_rf,C18_negative|IK:UGAGPNKCDRTDHP-UHFFFAOYSA-N,0.2648439775143812,4.9341955955992765,3.6491498492005,0.5289829108404294,6.5929255226732945e-09,3059
B16_borutaLight300_rf,C18_positive|IK:IBMRTYCHDPMBFN-UHFFFAOYSA-N,0.2471228262392102,4.921763196164648,3.440691765599372,0.4948461319892832,8.055450962094163e-08,3059
B16_borutaLight300_rf,HILICZ_negative|IK:SLWWJZMPHJJOPH-PHDIDXHHSA-N,0.1925221333139029,6.671679432042253,5.211296218583971,0.4902987195293838,1.1018431920078937e-07,3059
B16_borutaLight300_rf,HILICZ_positive|IK:SIOXPEMLGUPBBT-UHFFFAOYSA-N,0.1977969683450636,5.21713168441528,3.4595213129980205,0.4578816660028823,9.054075579022312e-07,3059
B16_borutaLight300_rf,C18_positive|IK:OVASVJPBDPJABT-UHFFFAOYSA-N,0.2514998345716847,4.677470019903568,3.184967666417779,0.43749284931555,3.0603289031133577e-06,3059
B16_borutaLight300_rf,HILICZ_positive|IK:KWIUHFFTVRNATP-UHFFFAOYSA-N,0.1990435118808424,7.527989355346102,5.634337907734255,0.4790233488015687,2.3497695411135174e-07,3059
B16_borutaLight300_rf,HILICZ_negative|IK:QZZGJDVWLFXDLK-UHFFFAOYSA-N,0.2271549788655522,5.451941490752528,4.172468900133803,0.4870242831473101,1.3767523403461712e-07,3059
B16_borutaLight300_rf,C18_negative|IK:BJEPYKJPYRNKOW-REOHCLBHSA-N,0.3085579655177939,4.631826518905207,2.371873437765766,0.5194034652687605,1.3685690363040248e-08,3059
B16_borutaLight300_rf,C18_negative|IK:CKEXCBVNKRHAMX-UHFFFAOYSA-N,0.2971464748497998,4.515360362874188,3.370621232284041,0.4888374380443022,1.2173484488000406e-07,3059
B16_borutaLight300_rf,C18_negative|IK:KDYFGRWQOYBRFD-UHFFFAOYSA-N,0.2494256899786271,5.079986298222925,3.5567935196964187,0.4778018411858551,2.546558161271382e-07,3059
B16_borutaLight300_rf,C18_negative|IK:LJCWONGJFPCTTL-ZETCQYMHSA-N,-0.0117277779410291,6.361182939494307,5.389761636684731,0.2392195683320547,0.0139820602378612,3059
B16_borutaLight300_rf,HILICZ_negative|IK:AAWZDTNXLSGCEK-LNVDRNJUSA-N,0.1989279771543848,6.625460396903586,5.518592492989529,0.4710622205995238,3.946845809758517e-07,3059
B16_borutaLight300_rf,C18_negative|NAME:,0.2581055166461212,0.7513552290801453,0.5819240733365084,0.4256375699771926,5.997022632980478e-06,3059
B16_borutaLight300_rf,HILICZ_negative|IK:JVQYSWDUAOAHFM-UHFFFAOYSA-N,0.2981483921771961,5.996640779606251,5.056198449577421,0.5909741649463023,3.208598297187858e-11,3059
B16_borutaLight300_rf,C18_positive|IK:RGHHSNMVTDWUBI-UHFFFAOYSA-N,0.0703218497955658,2.1378377932787824,1.4894873909213553,0.3908252125233257,3.755726610652715e-05,3059
B16_borutaLight300_rf,HILICZ_positive|IK:COLNVLDHVKWLRT-QMMMGPOBSA-N,0.1974102857385109,5.905699404315419,4.579192527067334,0.4546686046753254,1.1027690995226683e-06,3059
B16_borutaLight300_rf,C18_positive|IK:RGHMISIYKIHAJW-UHFFFAOYSA-N,0.242277942936322,5.815383937676598,4.351639570750984,0.4581511345936004,8.90475524199567e-07,3059
B16_borutaLight300_rf,C18_positive|IK:LWYJCVVIVLBLID-UHFFFAOYSA-N,0.2439552689746382,5.384237389226762,4.323884649821622,0.4737086521246596,3.326690113505005e-07,3059
B16_borutaLight300_rf,C18_positive|IK:PRYIJAGAEJZDBO-ZEQHCUNVSA-N,0.2087391044835925,4.529412162851516,3.096305122195924,0.4746909628403091,3.1210254798942694e-07,3059
B16_borutaLight300_rf,C18_negative|IK:PVWALMCXZUMCBB-UHFFFAOYSA-N,-0.0335190982549122,4.601509263041112,3.443005774811717,0.2501781339347638,0.0100546236306505,3059
B16_borutaLight300_rf,C18_negative|IK:HMUJXQRRKBLVOO-UHFFFAOYSA-N,0.0335527823961625,5.534206759445435,4.200380071267407,0.3432039030335187,0.0003381092589172,3059
