feature,importance
Marivirga tractuosa,0.02468934295205858
Acidobacteriaceae bacterium SBC82,0.016608777289704158
Pseudomonas umsongensis,0.013790168055622743
Owenweeksia hongkongensis,0.012808653393651004
Bradyrhizobium sp. WSM471,0.010969176057476448
Hymenobacter sp. PAMC 26554,0.009891698430230078
Flavobacterium indicum,0.008915764751283972
soil_NO3,0.008740159065018505
Amycolatopsis mediterranei,0.008060140756427515
Parabacteroides distasonis,0.007507767465351733
psize__Soil Sand Content %,0.00737652959504802
Polaromonas sp. SP1,0.006540901475740157
Bradyrhizobium lablabi,0.006174970036913164
Chryseolinea sp. KIS68-18,0.006046172530706273
Sulfurihydrogenibium sp. YO3AOP1,0.005985449920102659
psize__Soil Silt Content %,0.005836908893352621
Kitasatospora aureofaciens,0.00525743365176643
Rhizobium sp. NXC24,0.005168707502333692
Terriglobus roseus,0.005011395299445854
Hymenobacter sp. DG25B,0.0049293548518288596
Hymenobacter sedentarius,0.00468228845884171
Pseudomonas sp. URMO17WK12:I11,0.004574830032824284
Oceanisphaera avium,0.004527512055377181
Granulicella tundricola,0.004410482112936043
Hafnia alvei,0.004322610330000476
Erwinia persicina,0.004263941071643518
Granulicella mallensis,0.004003103318715251
Streptococcus thermophilus,0.003964838971673856
Catenulispora acidiphila,0.0037437733593448153
Homo sapiens,0.0037303741277439073
chem__LBC (mg/kg CaCO3/pH dry weight),0.0037053831130273497
chem__Zn (Mehlich 1 mg/kg dry weight),0.003568319724388913
Gallionella capsiferriformans,0.0034471728094919605
Candidatus Solibacter usitatus,0.0032606304030324607
Wolbachia endosymbiont of Brugia malayi,0.0032019885936048764
Bradyrhizobium sp.,0.0031716823335817823
chem__Mn (Mehlich 1 mg/kg dry weight),0.00316926421786079
Candidatus Koribacter versatilis,0.0031431158483470334
Leadbetterella byssophila,0.002849412327660983
Erwinia billingiae,0.002814841377374622
Serratia plymuthica,0.002707853139611638
Flavobacterium branchiophilum,0.0026808465131314295
Pseudomonas reinekei,0.002577072200377661
chem__K (Mehlich 1 mg/kg dry weight),0.00257226479831687
Xanthomonas citri,0.002563444614388688
Streptococcus gordonii,0.0025528414444785817
Pseudonocardia sp. EC080610-09,0.002515865665790318
Methylotenera versatilis,0.0025048626160711017
Bacillus licheniformis,0.002503440774110488
Arthrobacter sp. U41,0.002347461829486397
Pseudomonas sp. B10,0.0023420994300798357
Arthrobacter sp. YC-RL1,0.002336590697736374
Novosphingobium sp. P6W,0.002282687061267863
Pseudomonas arsenicoxydans,0.0022492493789134206
Streptomyces sp. TLI_053,0.0022225696617465653
chem__LBCeq (mg/kg CaCO3/pH dry weight),0.002158571631102357
Rhizobium tropici,0.002103513007773938
Erwinia amylovora,0.0020536020870986827
Pseudomonas sp. NC02,0.0020398739643558315
psize__Soil Clay Content %,0.0020095276540007534
Caulobacter sp. K31,0.0019788441213072438
Ignicoccus hospitalis,0.001968026361053066
Arthrobacter crystallopoietes,0.001962877454169565
Streptosporangium sp. 'caverna',0.0019199539754501949
Methylobacterium brachiatum,0.0018718470895520145
Kribbella flavida,0.0018542806258333932
Bradyrhizobium japonicum,0.0018375694998895354
moist__Replicate 1 Mass Water / Mass Dry Soil %,0.001829093943565363
Micromonospora inositola,0.0018117074259873744
Hymenobacter sp. PAMC 26628,0.0017887064254239915
Mesorhizobium australicum,0.0017749606037028797
Fluviicola taffensis,0.001759800969794356
Hafnia paralvei,0.001727540867514299
denit__Rate (microgN/kilogram dry weight soil/day),0.001725680348770009
Actinoplanes sp. SE50/110,0.0017250270909366706
soil_total_N,0.0017011113409244327
Bordetella parapertussis,0.0016887023789394107
Dyella japonica,0.001682725288952036
Roseomonas sp. FDAARGOS_362,0.001666697239663839
Streptomyces atratus,0.001662193846011406
Aeromonas salmonicida,0.001627706730625822
Paraburkholderia caledonica,0.0016217174999232586
Shewanella sediminis,0.0016190670193398926
Cupriavidus nantongensis,0.0015982436390457933
Massilia putida,0.0015736306760572917
Acidiphilium cryptum,0.00154737767440416
soil_pH,0.001532203040587321
Mesorhizobium huakuii,0.0015312441195409533
Variovorax sp. HW608,0.0015032664582973697
Bradyrhizobium icense,0.0014641132339216823
chem__Ca (Mehlich 1 mg/kg dry weight),0.0014572718759760627
Pseudomonas fluorescens,0.001456177385016555
Bradyrhizobium ottawaense,0.0014341568797697323
Pseudolabrys taiwanensis,0.0014157726199593324
Commensalibacter sp. AMU001,0.001407143982441661
Kosakonia radicincitans,0.0014059691733741442
Rhodococcus sp. S2-17,0.001396012727591356
Pseudomonas sp. MYb193,0.0013794841839144256
Herbaspirillum hiltneri,0.001355746014872583
Pantoea agglomerans,0.0013326193760942128
Escherichia coli,0.0013283695675748498
Rhizobium sp. 11515TR,0.0013206502129801568
Rhodococcus erythropolis,0.0013075880918250072
Bradyrhizobium sp. SK17,0.001301899578896326
Weeksella virosa,0.0012946911118457915
soil_NH4,0.001291270806012479
Pseudomonas sp. UW4,0.0012710970649081111
Lactobacillus delbrueckii,0.0012701940731251415
Pseudomonas protegens,0.0012631311608526153
Mucilaginibacter sp. PAMC 26640,0.001260784269222981
Roseovarius sp. TM1035,0.001255589524326961
Microbacterium chocolatum,0.0012405084596734284
Mycobacterium sp. JS623,0.0012399551005501496
Cupriavidus necator,0.0012310038287253855
chem__P (Mehlich 1 mg/kg dry weight),0.001221766580386241
Pseudomonas vancouverensis,0.0012214933816601992
Cupriavidus pinatubonensis,0.0012171081466622047
Aquitalea magnusonii,0.0011967335714006878
Salmonella enterica,0.001192333232885101
Sinomonas atrocyanea,0.001176727856739368
Arthrobacter sp. ATCC 21022,0.0011678064199206251
Bacteroides dorei,0.0011671388165744423
Burkholderia insecticola,0.0011638120416320285
Flavobacterium crassostreae,0.001152567665097992
Flavobacterium gilvum,0.0011515516016010752
Sphingobium japonicum,0.0011246387709704874
Rhodoferax saidenbachensis,0.0011156346925497607
Micromonospora coxensis,0.0011133068811654211
Cupriavidus basilensis,0.0010936307919082067
Thermobispora bispora,0.0010819583906245933
Marmoricola scoriae,0.0010785405799957682
Hymenobacter sp. sh-6,0.0010754057305271346
Bacillus circulans,0.0010700982701142391
Paucimonas lemoignei,0.0010648464392633006
Mycobacterium tuberculosis,0.0010588832605262777
Bacillus mycoides,0.0010573830394032147
Alcanivorax sp. N3-2A,0.0010535576080568543
Streptomyces lunaelactis,0.0010328236839795446
Modestobacter marinus,0.0010304109912462555
Yersinia pestis,0.001017448946943933
Bradyrhizobium erythrophlei,0.0010128960521676334
Paraburkholderia graminis,0.001010339540936389
Sphingobium sp. YG1,0.0010097692374262611
Rhizobium phaseoli,0.0009982053109659716
Micrococcus luteus,0.0009946051572829128
Streptacidiphilus sp. DSM 106435,0.0009906139902778888
Cystobacter fuscus,0.0009783489914729105
Corallococcus coralloides,0.000977909950741651
Bordetella pertussis,0.000977628479684256
Kitasatospora sp. MMS16-BH015,0.0009734344751776813
Mycobacterium haemophilum,0.0009722836650488675
Bacillus sp. 1NLA3E,0.0009673774109930422
Candidatus Methylopumilus turicensis,0.0009660896023964138
Janthinobacterium sp. Marseille,0.0009633506950072368
Agrobacterium fabrum,0.0009628043903612937
Burkholderia ambifaria,0.0009563955001860691
Pseudarcicella sp. HME7025,0.0009480664415594698
Caulobacter segnis,0.0009393408468501452
Bradyrhizobium sp. S23321,0.0009393034549187718
Lysinimonas sp. 2DFWR-13,0.0009359220654778788
Roseomonas gilardii,0.0009349794041875192
Acidothermus cellulolyticus,0.000925900635788679
Geobacter sp. M18,0.0009116613995915568
Streptomyces dengpaensis,0.0009033622660613805
Rubrivivax gelatinosus,0.0009024987809292728
Streptomyces hundungensis,0.0009020681508485673
Micromonospora auratinigra,0.0008933004353044227
Collimonas fungivorans,0.0008842908246453396
Mesorhizobium amorphae,0.0008794864691927806
Sphingomonas taxi,0.0008765090582328217
Solitalea canadensis,0.0008712438385682475
Burkholderia sp. MSMB0266,0.0008696999062297372
Clostridioides difficile,0.0008680968671502809
Nitrosomonas europaea,0.0008662438630212766
Neorhizobium sp. NCHU2750,0.0008654206252317164
Luteibacter rhizovicinus,0.0008607808660025862
Cupriavidus taiwanensis,0.0008598050453132222
Streptococcus agalactiae,0.0008589261995505026
Simkania negevensis,0.0008566280901867618
Psychrobacter sp. AntiMn-1,0.0008556782782790151
soil_total_C,0.0008516433806535107
Variovorax boronicumulans,0.0008506198009819999
nitrif__Rate (mg NO3-N/kilogram dry weight soil/day),0.0008476016112526797
Mucilaginibacter gotjawali,0.0008452694457840914
Bordetella sp. H567,0.0008352428552350188
Parabacteroides sp. CT06,0.0008308545611206197
Herbaspirillum robiniae,0.0008281646766137741
Phenylobacterium zucineum,0.0008267514197034087
Bradyrhizobium diazoefficiens,0.0008230163154040237
Hoeflea phototrophica,0.000819562869535484
Bacillus thermoamylovorans,0.0008183049314797186
Curtobacterium sp. BH-2-1-1,0.0008161238624097234
Agromyces aureus,0.0008118860002220396
Candidatus Aquiluna sp. UB-MaderosW2red,0.0008068883526830773
Paenibacillus polymyxa,0.000802780556367666
Pseudomonas sp. R4-35-07,0.0007998163878208508
Actinoalloteichus sp. GBA129-24,0.0007994365149224025
Acidimicrobium ferrooxidans,0.000793969503602665
Pseudomonas lini,0.000783074140105211
Delftia acidovorans,0.0007824254155258892
Arthrobacter sp. PAMC 25486,0.0007773206182585702
Actinoplanes derwentensis,0.0007725374982543887
Sphingomonas panacis,0.0007573748704222449
Herbaspirillum sp. meg3,0.0007572269043375046
Runella sp. HYN0085,0.0007569690500923044
Pseudomonas putida,0.0007537049533107964
Halomonas sp. JS92-SW72,0.000750047239712659
Pseudarthrobacter chlorophenolicus,0.0007499464201710104
Leptolyngbya boryana,0.0007476837044035455
Pseudomonas sp. NS1(2017),0.0007469351439425731
Streptomyces katrae,0.0007340373822421143
Mesorhizobium sp. DCY119,0.0007315629914163235
Streptomyces niveus,0.0007297517152820455
Sediminispirochaeta smaragdinae,0.0007253281109148357
Bordetella genomosp. 9,0.000724722837191627
Geobacter bemidjiensis,0.0007215071319438771
Arthrobacter alpinus,0.000720907510527824
Burkholderia plantarii,0.0007162550521405686
Ramlibacter tataouinensis,0.0007147306225473438
Rahnella sp. ERMR1:05,0.000712569952734321
Acidobacterium capsulatum,0.0007096904042749985
Singulisphaera acidiphila,0.0007073195620983074
Lelliottia jeotgali,0.0007011916847892597
Mycobacterium sp. EPa45,0.0006982752233179124
Kitasatospora setae,0.000695334222366406
Sphingobacterium sp. 21,0.0006880129068092434
Bradyrhizobium sp. ORS 278,0.0006803725954751094
Candidatus Amoebophilus asiaticus,0.0006759970367514523
Bradyrhizobium sp. 3 85S1MB,0.0006699627440961198
Methanocella conradii,0.0006681364018195302
Rhizobium jaguaris,0.0006663464824950615
Mycobacterium paragordonae,0.0006652467917832138
Nakamurella multipartita,0.0006629972786849736
Hoeflea sp. IMCC20628,0.0006612043518896993
Pseudomonas mandelii,0.0006543918320132791
Geobacter uraniireducens,0.0006481794302092059
Opitutus sp. GAS368,0.0006466314469412371
Comamonas aquatica,0.0006453242803372116
Wolbachia endosymbiont of Drosophila melanogaster,0.0006444435932389858
Granulibacter bethesdensis,0.0006437606064201073
Oligotropha carboxidovorans,0.0006396093486917165
Thermocrinis minervae,0.0006359377759757034
Aminobacter sp. MSH1,0.0006294423875074396
Stenotrophomonas rhizophila,0.0006256579600281142
Variovorax sp. PAMC 28711,0.0006245539556675838
Glutamicibacter nicotianae,0.0006236206480928041
Nitrobacter hamburgensis,0.0006206583556610523
Pseudomonas sp. GR 6-02,0.0006194901904057026
Cupriavidus pauculus,0.0006186860295052555
Pseudomonas yamanorum,0.0006170486558567445
Rahnella aquatilis,0.0006167488449411174
Mucilaginibacter sp. BJC16-A31,0.0006142633175916012
Methylobacterium oryzae,0.0006139991617289287
Ochrobactrum anthropi,0.00059944342635323
Variovorax sp. PMC12,0.0005978914122342527
Burkholderia oklahomensis,0.0005962710598164556
Burkholderia cenocepacia,0.0005946992835113463
Xanthomonas campestris,0.0005930454209940095
Ruminococcus albus,0.0005876090668915923
Pseudomonas sp. Z003-0.4C(8344-21),0.000587440089154434
Gemmatirosa kalamazoonesis,0.0005859278346411978
Mesorhizobium loti,0.0005831007682511214
Sporosarcina ureae,0.0005821099370919791
Burkholderia metallica,0.0005786681590270292
Streptomyces sp. CC0208,0.0005753646024236669
Melaminivora sp. SC2-7,0.0005707723911373641
Rhodococcus sp. MTM3W5.2,0.0005700838011154952
Bacillus simplex,0.0005658238653404535
Serratia proteamaculans,0.0005648537807240838
Serratia sp. FGI94,0.0005634202118914855
Arthrobacter sp. QXT-31,0.0005430257125059956
Arthrobacter sp. PGP41,0.0005419790490385657
Arthrobacter sp. ERGS1:01,0.0005414354718734193
Nitrobacter winogradskyi,0.0005406116351239554
chem__Mg (Mehlich 1 mg/kg dry weight),0.0005308604418754248
Burkholderia sp. YI23,0.0005261278636160549
Ensifer adhaerens,0.0005230621024860493
Pseudomonas kribbensis,0.0005218115444117766
Devosia sp. I507,0.0005216472630279467
Candidatus Protochlamydia amoebophila,0.0005206787302012517
Pseudomonas frederiksbergensis,0.000519758219416766
Shewanella denitrificans,0.0005188616249069078
Nocardia nova,0.0005173087683374211
Ochrobactrum sp. A44,0.0005101434959008166
Pseudomonas sp. TMW 2.1634,0.0005101204332831122
Bacillus thuringiensis,0.0005092977416156109
Collimonas pratensis,0.0005092498743521689
Sphingobium sp. RAC03,0.000509070680447099
Roseobacter denitrificans,0.0005079927279688645
Sphingomonas indica,0.0005075359584588047
Microbacterium paludicola,0.0005052901181311186
Candidatus Saccharibacteria bacterium YM_S32_TM7_50_20,0.000504272595442723
[Pseudomonas] mesoacidophila,0.0005029937536418893
Nitrospirillum amazonense,0.0005023887592025655
Acetobacter pomorum,0.0005021600719295139
Massilia oculi,0.0005013193063073019
Pontibacter actiniarum,0.0005004183286618335
Mesorhizobium ciceri,0.0004996385270108928
blood disease bacterium A2-HR MARDI,0.0004989222185705522
Pseudomonas lurida,0.0004980671716066753
Collimonas arenae,0.0004941733197130649
Rhizorhabdus dicambivorans,0.0004925520015703455
Streptomyces sp. CMB-StM0423,0.0004902321120918707
Bordetella trematum,0.0004891587147063837
Rhodopseudomonas palustris,0.0004871365659665949
Kocuria turfanensis,0.0004841386497510758
Lactobacillus fermentum,0.0004820221362410226
[Polyangium] brachysporum,0.0004797919413362495
Wolbachia endosymbiont of Drosophila simulans,0.00047916134979715254
Polynucleobacter asymbioticus,0.0004787377489418043
Massilia sp. WG5,0.00047745249102593146
Lacunisphaera limnophila,0.00047529134107793247
Cronobacter universalis,0.00047377723250170424
Serratia ficaria,0.00047269635992877037
Filimonas lacunae,0.00047036924634102917
Mitsuaria sp. 7,0.0004699095596517822
Amycolatopsis japonica,0.00046833202878884264
Janthinobacterium sp. LM6,0.00046822389353877724
Pseudothermotoga hypogea,0.00046712726030277983
Xanthomonas euvesicatoria,0.0004664049670913384
Burkholderia sp. RPE67,0.0004660139036881228
Alteromonas australica,0.000465965580219696
Pseudomonas moraviensis,0.00046558931985054566
Verrucomicrobia bacterium,0.00046388156153784885
Geobacter sp. M21,0.00046145022642960496
Algoriphagus sp. M8-2,0.00046143203190702754
Phenylobacterium sp. HYN0004,0.00045968119597878944
Paraburkholderia aromaticivorans,0.0004572465525496394
Mucilaginibacter mallensis,0.00045522349882944904
Methylibium petroleiphilum,0.0004551106954683748
Devosia sp. A16,0.00045278273486331065
Variovorax paradoxus,0.00045166781445977745
Microcella alkaliphila,0.0004498536411822629
Actinoplanes teichomyceticus,0.0004492205417434336
Aequorivita sublithincola,0.0004491140249935022
Serratia sp. FS14,0.0004479944266219116
Myxococcus xanthus,0.0004468749818905771
Corynebacterium crudilactis,0.0004452818355666022
Synechocystis sp. PCC 6714,0.0004423679261533309
Hymenobacter nivis,0.00044231759795168026
Komagataeibacter medellinensis,0.0004417262311784853
Brucella suis,0.00043950417428217925
Aeromonas sp. ASNIH1,0.00043935536182615476
Pseudomonas stutzeri,0.0004383671492857344
Aeribacillus pallidus,0.00043767497327871217
Mucilaginibacter sp. HYN0043,0.0004356124499327096
Pandoraea pnomenusa,0.0004333443143459181
Streptomyces alfalfae,0.00043225076204742583
Spirosoma pollinicola,0.00043173923484061125
Bacillus butanolivorans,0.00042549630087900247
Methylophaga nitratireducenticrescens,0.0004223576128468354
Lysobacter gummosus,0.00042156309256928813
Pseudomonas koreensis,0.0004214168752912029
Cupriavidus sp. USMAA1020,0.0004213616818486754
Comamonadaceae bacterium A1,0.00042116754695480373
Paraburkholderia terrae,0.00042096337581496444
Caulobacter flavus,0.00041956317053764013
Streptomyces violaceusniger,0.00041639402208175634
Burkholderia pseudomultivorans,0.0004163170584446485
Chryseobacterium balustinum,0.00041596770779841476
Cupriavidus sp. USMAA2-4,0.00041555619552819946
Methylovorus glucosotrophus,0.00041117142486684076
Sinorhizobium meliloti,0.0004108806593016379
Acetobacter pasteurianus,0.00040868414803691967
Sulfuricurvum kujiense,0.0004062566623373121
Micromonospora krabiensis,0.0004050323476653572
Paenibacillus xylanexedens,0.0004038993697631055
Tokyovirus A1,0.00040213647881408575
Agromyces flavus,0.0004011528851856516
Coprothermobacter proteolyticus,0.00040074070051223656
Mariniflexile sp. TRM1-10,0.0004002635813467492
Clostridium beijerinckii,0.00039998315603868574
Clavibacter michiganensis,0.0003997931919995423
Mycolicibacterium rhodesiae,0.0003979664175536968
Mesorhizobium japonicum,0.0003971979658498492
Paraburkholderia phytofirmans,0.000396081376916646
Pseudomonas prosekii,0.0003950951601288777
Bradyrhizobium sp. ORS 285,0.0003929317840464464
Pseudomonas granadensis,0.0003921787574183933
Bordetella pseudohinzii,0.0003886502087290467
Burkholderia glumae,0.0003882767569157064
Nitrospira defluvii,0.00038542070138525286
Caulobacter vibrioides,0.00038538242100867316
Streptomyces violaceoruber,0.0003853171029086111
Pseudonocardia sp. HH130629-09,0.0003849488080810426
Komagataeibacter hansenii,0.00038440001285029447
Shinella sp. HZN7,0.00038423865346552953
Micromonospora chokoriensis,0.00038404734117893915
Stenotrophomonas sp. LM091,0.00038402774101913283
Azoarcus sp. BH72,0.00038215694659484714
Flavobacterium psychrophilum,0.00038110825948567406
Aeromonas media,0.00038001678164976125
Sphingobium hydrophobicum,0.0003791111002551473
Bordetella petrii,0.0003789005263979517
Sphingobacteriaceae bacterium GW460-11-11-14-LB5,0.00037807302314165627
Rhizobium sp. CIAT894,0.00037722766668768504
Acinetobacter lactucae,0.00037579731110044535
Yersinia aldovae,0.00037579188489607064
Pandoraea vervacti,0.00037535808578519346
Pseudomonas thivervalensis,0.00037139047403267345
Micropruina glycogenica,0.00036848076485358484
Pedobacter cryoconitis,0.0003662203233272043
Dyella thiooxydans,0.0003655927593869901
Pandoraea oxalativorans,0.0003629932734273922
Methylomonas sp. DH-1,0.00035924050682130116
Rickettsia helvetica,0.00035562889495555083
Pandoraea sputorum,0.00035447032927187204
Dickeya chrysanthemi,0.00035440124805592444
Micavibrio aeruginosavorus,0.00035419291434066744
Microbacterium pygmaeum,0.0003537544279560656
Pseudomonas fulva,0.0003531659733203574
Rahnella sp. Y9602,0.0003519384880446452
Gemmatimonas phototrophica,0.0003476183905918084
Herbaspirillum seropedicae,0.0003463736489557778
Aminobacter aminovorans,0.00034425591302524874
Paraburkholderia rhizoxinica,0.0003442030071990843
Chryseobacterium sp. 6424,0.0003432257535063377
Microvirga sp. 17 mud 1-3,0.0003422761236458793
Blastococcus saxobsidens,0.00034188546290019327
Pantoea stewartii,0.0003416831040116808
Pseudomonas sp. LG1E9,0.0003414599981524935
Chromobacterium violaceum,0.0003393203534556077
Streptomyces pactum,0.0003389470867962707
Rhizobacter gummiphilus,0.0003383404320089323
Streptococcus pneumoniae,0.00033672321254860635
Pimelobacter simplex,0.00033595799217305266
Sphingopyxis sp. QXT-31,0.00033530690206780013
Myxococcus fulvus,0.0003340918262640713
Frondihabitans sp. PAMC 28766,0.0003323058415101388
Enterobacter sp. SA187,0.00033160461785533004
Bacillus subtilis,0.0003313858594090835
Myxococcus macrosporus,0.00032943337866551123
Acidovorax sp. T1,0.0003257767456301908
Geosporobacter ferrireducens,0.00032440406392979514
Shewanella sp. WE21,0.0003241545898013287
Frateuria aurantia,0.0003237096538015738
Phyllobacterium zundukense,0.0003226196230243117
Scytonema sp. HK-05,0.0003214040026756404
Serratia liquefaciens,0.0003213019570476039
Streptomyces sp. SCSIO 03032,0.0003207583055504726
Raoultella ornithinolytica,0.00031987336823628975
Serratia sp. YD25,0.0003198575516662139
Ralstonia insidiosa,0.0003198459242232499
Pseudomonas sp. S09G 359,0.00031905492034722815
Shigella dysenteriae,0.00031876391663911987
Streptomyces virus phiBT1,0.0003163843450525672
Serratia marcescens,0.0003163233349732897
Pseudomonas rhizosphaerae,0.0003157549730874454
Streptomyces alboflavus,0.00031343536529520043
Advenella kashmirensis,0.000313255231203069
Niastella koreensis,0.00031278204553224497
Pseudoflavitalea sp. 5GH32-13,0.00031268379180540153
Flavobacterium sp. HYN0056,0.0003110657441501852
Rickettsia rickettsii,0.00031054014253064646
Mycobacterium sp. VKM Ac-1817D,0.00030714341733313334
Bacillus muralis,0.0003061711029007652
Pandoraea apista,0.00030587145192271235
Marinobacter sp. Arc7-DN-1,0.0003054138828703978
Novosphingobium aromaticivorans,0.00030440370581674703
Arthrobacter sp. Rue61a,0.0003043993059202776
Burkholderia sp. MSMB0856,0.0003036948524430372
Herbaspirillum rubrisubalbicans,0.0003027900358183455
Ruegeria sp. TM1040,0.00030138371974057775
Acinetobacter calcoaceticus,0.00030126249026809495
Mollivirus sibericum,0.00030097897011904795
Pseudomonas brassicacearum,0.0003003025631546308
Bacillus flexus,0.00029974301906956493
Anderseniella sp. Alg231-50,0.00029965599177106395
Lactobacillus pentosus,0.00029564851772787557
Bosea vaviloviae,0.00029483360121500545
Amycolatopsis sp. AA4,0.00029374965448678567
Salinispora tropica,0.00029290019181209547
Chromobacterium sp. ATCC 53434,0.00029175551280524736
Halothiobacillus neapolitanus,0.0002917290849041576
Chryseobacterium indoltheticum,0.00029167009162283096
Paenibacillus sp. JDR-2,0.0002914129077840943
Flavobacterium faecale,0.0002897931949757293
Myxococcus hansupus,0.000288012695198514
Bradyrhizobium sp. 2 39S1MB,0.0002874677105264567
Amycolatopsis sp. BJA-103,0.000287465260383124
Xanthomonas albilineans,0.00028744379920255805
Kocuria sp. BT304,0.00028724416674164033
Burkholderia sp. PAMC 28687,0.0002867736360923523
Sandaracinus amylolyticus,0.00028585950583652763
Acidisphaera sp. G45-3,0.00028462794829433593
Pantoea rwandensis,0.0002839849242743719
Bacteroides fragilis,0.00028313503380414937
Pedobacter steynii,0.0002828682100714852
Rhodanobacter denitrificans,0.0002791956328974665
Steroidobacter denitrificans,0.0002790680152085168
Xenorhabdus nematophila,0.00027897662812550463
Streptomyces xiamenensis,0.0002789142674606726
Burkholderia mallei,0.00027853176150787194
Rhodoferax koreense,0.00027839567656993134
Paraburkholderia fungorum,0.00027743945167297835
Stenotrophomonas sp. ESTM1D_MKCIP4_1,0.00027537108956079417
Agrococcus jejuensis,0.0002753361227869178
Nonomuraea sp. ATCC 55076,0.00027494559958782803
Bacteroides thetaiotaomicron,0.00027466067457351253
Pseudarthrobacter phenanthrenivorans,0.0002744782213539132
Mucilaginibacter paludis,0.0002710373492927909
Halomonas sp. N3-2A,0.0002707902068479484
Chloracidobacterium thermophilum,0.0002701444000420716
Microbacterium foliorum,0.00026994287713864027
Plantibacter flavus,0.00026983492110876917
Paenibacillus beijingensis,0.00026970939497372726
Nocardioides sp. CF8,0.0002694121106694425
Neisseria weaveri,0.00026896418203268266
Flavobacterium commune,0.0002685065322330038
Pseudomonas sp. R4-34-07,0.00026777119002121543
Aeromonas sp. ASNIH3,0.00026761225463431957
Buchnera aphidicola,0.0002674868723276713
Roseburia hominis,0.00026743694232389537
Nostoc sphaeroides,0.00026681926758773675
Eubacterium callanderi,0.0002664554042429046
Micromonospora narathiwatensis,0.0002658579766868341
Mycolicibacterium vanbaalenii,0.00026572052986271186
Rhodomicrobium vannielii,0.00026556707602729544
Novosphingobium sp. THN1,0.00026474545162760157
Microbacterium sp. str. 'China',0.00026459215395504556
Myxococcus stipitatus,0.00026361829746979204
Arthrobacter sp. DCT-5,0.000261681999801211
Arachidicoccus sp. KIS59-12,0.00025966152555596534
Streptomyces spongiicola,0.00025911075843081387
Borreliella burgdorferi,0.0002579094352435529
Rhodospirillum rubrum,0.00025767194495474044
Pseudomonas sp. SWI44,0.0002575840671820595
Rhizobium sp. NXC14,0.0002565352528387077
Aquiflexum balticum,0.0002564702642505301
Bacillus sp. Y1,0.0002563831853789056
Paucibacter sp. KCTC 42545,0.0002553763407270093
Bacillus amyloliquefaciens,0.00025487002042610116
Caulobacter henricii,0.0002535887415252347
Streptomyces autolyticus,0.0002532653122016004
Xanthomonas sacchari,0.0002531947739589979
Flavobacterium anhuiense,0.0002529470406387402
Cellulomonas gilvus,0.0002512524463865962
Pseudomonas poae,0.0002511260314825625
Geodermatophilus obscurus,0.000250209979647642
Rhizobium sp. ACO-34A,0.000250115240004023
Mycobacterium avium,0.00024994079304641037
Methyloversatilis sp. RAC08,0.00024855887451171734
Agrobacterium sp. RAC06,0.00024821623775328483
Pantoea sp. At-9b,0.0002462766919881787
Xanthomonas arboricola,0.00024622986944242695
Pseudomonas syringae group genomosp. 3,0.0002449223552939417
Rhizobium etli,0.00024341902732483156
Paraburkholderia terricola,0.00024278982347021306
Cupriavidus metallidurans,0.00024160032075379868
Rhodococcus jostii,0.0002405932956752732
Caulobacter mirabilis,0.00024012724240451977
Proteiniphilum saccharofermentans,0.00023952481418376692
Arenibacter algicola,0.00023947719392163335
Humibacter sp. BT305,0.0002391711309580158
Bacillus oceanisediminis,0.00023868673953180152
Paraburkholderia caribensis,0.00023845433818372452
Burkholderia sp. HB1,0.00023542538772896026
Paenibacillus sp. FSL P4-0081,0.0002352622879882249
Pseudomonas cichorii,0.0002349529298799613
Massilia violaceinigra,0.0002339371495191589
Agrobacterium vitis,0.00023367180679159105
Marinobacter sp. LQ44,0.00023345962927416862
Frondihabitans sp. 762G35,0.00023293596848781296
Pedobacter sp. G11,0.00023280405854699814
Streptomyces lividans,0.0002318188362228746
Azotobacter chroococcum,0.0002313009301170066
Mycobacterium ulcerans,0.0002312694661450454
Agromyces sp. 30A,0.0002309666950746525
Dokdonella koreensis,0.00023059229082558196
Massilia sp. YMA4,0.00023056036882396214
Streptomyces sp. GBA 94-10,0.00022959746956339178
Bacillus sp. FJAT-18017,0.00022926659087960655
Cupriavidus sp. USMAHM13,0.0002290184782519633
Halobacteriovorax sp. BALOs_7,0.0002289801385028767
Nocardioides sp. 78,0.0002288428096376416
Thermotoga caldifontis,0.000226603771708489
Nocardioides dokdonensis,0.00022637546886787873
Pseudomonas sp. 31-12,0.00022545819937018762
Agrococcus carbonis,0.0002253133007587893
Pseudomonas soli,0.00022349828966865547
Burkholderia gladioli,0.00022322399179621754
Azospirillum lipoferum,0.00022298075046121025
Thiobacillus denitrificans,0.00022297511579698613
Edwardsiella sp. EA181011,0.0002228621907155892
Bacillus megaterium,0.0002228274449162404
Brevibacillus laterosporus,0.00022111064240337708
Nostoc sp. 'Lobaria pulmonaria (5183) cyanobiont',0.00022061518048808182
Dietzia sp. JS16-p6b,0.00022007338988492276
Streptomyces sp. GSSD-12,0.00021687046162697233
Desulfitobacterium dehalogenans,0.00021662943026170555
Lactobacillus crispatus,0.00021652236684313042
Aeromicrobium choanae,0.00021404992614986184
Chryseobacterium bernardetii,0.0002126171819164746
Bradyrhizobiaceae bacterium SG-6C,0.00021059219245307404
Xanthomonas hortorum,0.0002105910702603797
Paenibacillus borealis,0.00020970578098278292
Pelagibacterium halotolerans,0.0002089511497736396
Streptomyces vietnamensis,0.0002076381160035057
Burkholderia sp. NRF60-BP8,0.0002074198411042838
Pseudomonas guangdongensis,0.00020734639672732592
Dickeya dadantii,0.0002070546117747929
Mycolicibacterium fortuitum,0.00020608839017293156
Streptomyces sp. PAMC 26508,0.00020583391221480342
Vibrio gazogenes,0.00020509028993023203
Chryseobacterium sp. T16E-39,0.00020421866833706393
Pedobacter ginsengisoli,0.00020412200583099782
Clostridium tetani,0.00020306469218343005
Leclercia sp. LSNIH3,0.00020245557277343007
Methyloceanibacter sp. wino2,0.00020243716866146232
Yersinia aleksiciae,0.0002023300152989238
Burkholderia sp. OLGA172,0.00020224598094713552
Streptomyces sp. CNQ-509,0.00020116461338690606
Stigmatella aurantiaca,0.00019894095465826654
Chitinophaga sp. MD30,0.00019778331974347197
Chromobacterium sp. IIBBL 112-1,0.00019728845370181602
Helicobacter pylori,0.00019626986732184103
Pseudomonas furukawaii,0.00019567250572372075
Bordetella avium,0.0001956557158330874
Mycolicibacterium litorale,0.00019535008795985577
Hydrogenophaga sp. RAC07,0.00019514760061132286
Pseudomonas sp. LAB-08,0.00019483423269024415
Rhodococcus opacus,0.00019411085778981986
Reinekea forsetii,0.00019336106630203355
Burkholderiales bacterium JOSHI_001,0.00019289674442228842
Burkholderia vietnamiensis,0.00019239379772431064
Methylotenera mobilis,0.00019082040905873398
Bacillus horikoshii,0.00019030680687968094
Rathayibacter toxicus,0.00018845962591278463
Neorhizobium galegae,0.0001867939135578034
Klebsiella pneumoniae,0.0001863146214748701
Bradyrhizobium sp. CCGE-LA001,0.00018609571808239078
Shewanella violacea,0.00018583903084301578
Agrobacterium tumefaciens,0.00018533282341599567
Cellulosimicrobium cellulans,0.00018491582781343663
Rhizobium favelukesii,0.00018467126436094716
Paraburkholderia hospita,0.00018412296181919975
Altererythrobacter mangrovi,0.00018377564118878808
Rufibacter tibetensis,0.0001827305202712237
Brevundimonas naejangsanensis,0.0001823172349812774
Microvirga ossetica,0.0001822497550674429
Caulobacteraceae bacterium OTSz_A_272,0.0001816329924504423
Streptomyces albidoflavus,0.00018144396029657895
Streptomyces sp. 11-1-2,0.00018124245892792157
Streptomyces lincolnensis,0.0001802598455414861
Streptomyces malaysiensis,0.0001797481923545341
Rhizobium leguminosarum,0.0001787998538004487
Methylomicrobium alcaliphilum,0.00017852272597767004
Nostoc punctiforme,0.00017813582843795306
Microbacterium testaceum,0.000176918208361454
Nostoc flagelliforme,0.00017668436241256025
Sphingomonas sp. FARSPH,0.00017659312057056732
Acinetobacter sp. ADP1,0.00017557141914152917
Yersinia entomophaga,0.0001755380719194566
Gluconacetobacter diazotrophicus,0.000175339921652351
Novosphingobium sp. PP1Y,0.0001745952045417054
Burkholderia cepacia,0.0001725118961201755
Pseudomonas sp. VLB120,0.00017228260542727635
Comamonas testosteroni,0.0001719693856302662
Confluentimicrobium sp. EMB200-NS6,0.00017111771402982255
Burkholderia thailandensis,0.00017074300418511433
Aeromonas sp. ASNIH4,0.00017054947727674908
Clostridium estertheticum,0.00017017739315507984
Capnocytophaga canimorsus,0.00016951345507469905
Shewanella marisflavi,0.00016909455268241392
Buttiauxella sp. 3AFRM03,0.00016836659371435302
Martelella endophytica,0.0001672849275692112
Dinoroseobacter shibae,0.00016692070477160038
Komagataeibacter saccharivorans,0.00016601776661762102
Terriglobus saanensis,0.00016546635438916547
Anaplasma marginale,0.00016545593738428454
Sphingomonas sp. LM7,0.0001648227403239666
Mycobacterium sp. djl-10,0.00016364624223630386
Paraburkholderia xenovorans,0.00016353434449738468
Sphingomonas melonis,0.00016278586412827868
Phycicoccus dokdonensis,0.00016151196549611945
Enterobacteriaceae bacterium strain FGI 57,0.00016075101439223528
Paenibacillus sp. FSL R5-0912,0.00015975875394751425
Pseudomonas plecoglossicida,0.0001591977879561668
Streptomyces olivaceus,0.00015898551865833888
Pseudomonas sp. Leaf58,0.00015891339452864806
Komagataeibacter nataicola,0.00015853247897283927
Bacillus sp. X1(2014),0.00015851856529891517
Bacillus lentus,0.00015759065545848384
Bacillus sp. IHB B 7164,0.00015721226367728657
Aeromonas sp. ASNIH7,0.00015666708055952494
Pseudomonas rhodesiae,0.00015581292691149162
Psychromonas ingrahamii,0.00015559026551685838
Streptomyces cattleya,0.00015537994321714876
Vibrio natriegens,0.0001548162985814283
Acinetobacter pittii,0.00015443087435420554
Azotobacter vinelandii,0.00015424687797249703
Chromobacterium rhizoryzae,0.00015398284914016624
Mycobacterium marseillense,0.00015387539914659686
Streptomyces griseorubiginosus,0.00015298766328062375
Phreatobacter cathodiphilus,0.00015294990992913425
Ralstonia mannitolilytica,0.0001529303013551253
Marinifilaceae bacterium SPP2,0.0001524697317043078
Pseudomonas sp. M30-35,0.00015194627880654732
Bosea sp. RAC05,0.00015190760402743474
Stackebrandtia nassauensis,0.00015002498756986338
Finegoldia magna,0.00014990925656788168
Pseudomonas sp. Lz4W,0.00014973191619698233
Microcystis sp. MC19,0.00014904518895624274
Magnetospirillum magneticum,0.0001481471602015505
Aromatoleum aromaticum,0.00014795649985142046
Erythrobacter litoralis,0.0001472521501646229
Microbacterium aurum,0.00014704141663079984
Halomonas elongata,0.00014670960224953954
Streptomyces xinghaiensis,0.00014666391850455264
Saccharophagus degradans,0.00014597990650997428
Mycolicibacterium thermoresistibile,0.00014571248161836524
Desulfarculus baarsii,0.00014538665610028812
Oceanimonas sp. GK1,0.00014536841141021828
Halopiger xanaduensis,0.00014517146819950088
Sulfuriferula sp. AH1,0.00014421175488947834
Methylomonas koyamae,0.00014375230175893704
Acidovorax sp. KKS102,0.0001437336754670282
Mixta gaviniae,0.0001435839125201621
Niveispirillum cyanobacteriorum,0.00014351188885737277
Pseudoxanthomonas spadix,0.00014274893496950546
Dickeya solani,0.00014212455159385852
Bacteroides vulgatus,0.00014120969614579427
Rhodococcus sp. BH4,0.00014013218973916164
Clostridium saccharoperbutylacetonicum,0.00014006981697638475
Corynebacterium provencense,0.0001400655235490378
Brachybacterium saurashtrense,0.0001389725164408384
Cupriavidus oxalaticus,0.00013868510601948713
Clostridium pasteurianum,0.00013859787480390294
Pusillimonas sp. T7-7,0.000138492924547573
Pseudomonas sp. s211(2017),0.000138231582348336
Zoogloeaceae bacteirum Par-f-2,0.00013763918810305587
Methanoregula formicica,0.00013753631266510968
Tumebacillus avium,0.00013701852671970104
Pseudomonas sp. LBUM920,0.00013695661015789007
Simonsiella muelleri,0.00013692773963291938
Rhizobium sp. TAL182,0.0001368010550539367
Bacillus anthracis,0.0001367855986561972
Arthrobacter sp. FB24,0.00013675084866946464
Solibacillus silvestris,0.00013655530873830647
Pseudoclostridium thermosuccinogenes,0.0001364291936816864
Lentzea guizhouensis,0.0001361371388270527
Aquaspirillum sp. LM1,0.00013537033669774878
Blastochloris viridis,0.0001353073834170271
Streptomyces sp. S8,0.0001348468628443955
Streptomyces anulatus,0.00013445309637081238
Pseudomonas sp. TKP,0.00013403288240492194
Stenotrophomonas sp. Pemsol,0.00013394339388621556
Burkholderia sp. KK1,0.0001334753287589807
Actinoplanes friuliensis,0.0001329756501926793
Prevotella ruminicola,0.00013220259915180943
Alistipes shahii,0.00013200217072748544
Paenibacillus sp. FSL H7-0737,0.00013185751013082835
Herminiimonas arsenitoxidans,0.0001317464871436913
Thermodesulfobium acidiphilum,0.0001317283667218394
Amycolatopsis keratiniphila,0.00013167983557504925
Lysobacter maris,0.00013095206787518964
Pseudomonas trivialis,0.00013081381004946823
Intrasporangium calvum,0.00012898215645877896
Rhizobium sp. NT-26,0.0001280596296033165
Sphingobium baderi,0.00012746204694338292
Sulfurovum sp. NBC37-1,0.00012690021133672237
Pseudomonas sp. K2W31S-8,0.00012687453103030766
Streptomyces rubrolavendulae,0.00012611606229468998
Mycolicibacterium vaccae,0.00012594527007137035
Pirellula staleyi,0.00012542401185635654
Mycobacterium canettii,0.00012502214532708055
Nocardioides sp. 603,0.0001248683657054883
Pseudomonas libanensis,0.00012409169676828036
Mycolicibacterium hassiacum,0.00012355832243542418
Marinomonas primoryensis,0.00012287948912026447
Pseudomonas sp. R2-37-08W,0.00012248731735022833
Pseudomonas brenneri,0.00012212982334260935
Pseudomonas agarici,0.0001221176811124325
Brevundimonas sp. DS20,0.0001221033519271053
Laribacter hongkongensis,0.00012197771625925835
Mycolicibacterium gilvum,0.00012165595080757541
Pandoraea thiooxydans,0.00012011884333666956
Conexibacter woesei,0.00012008521398809702
Crenobacter sp. K1W11S-77,0.0001199142542372078
Clostridium sp. DL-VIII,0.00011986815178839371
Microbacterium sp. XT11,0.00011978628812774339
Burkholderia sp. Bp7605,0.00011957831802378305
Bartonella quintana,0.00011929759073951996
Kosakonia cowanii,0.00011918871364953176
Bifidobacterium longum,0.0001187043931303311
Ornithobacterium rhinotracheale,0.00011870277125078932
Curtobacterium pusillum,0.00011838440161426877
Listeria monocytogenes,0.00011832041010384486
Wolinella succinogenes,0.00011829058676220417
Methylobacterium sp. XJLW,0.0001182230874814838
Stappia sp. ES.058,0.00011820218778839653
Pseudomonas syringae,0.0001181880233899646
Vibrio owensii,0.00011716685308946762
Pseudomonas entomophila,0.00011706309165797624
Sphingomonas sp. NIC1,0.00011703221735253067
Streptomyces sp. MOE7,0.00011688397588085486
Micromonospora siamensis,0.00011675206507373303
Clostridium perfringens,0.00011653803468321122
Synechococcus sp. PCC 6312,0.0001164962290009397
Streptomyces virus phiC31,0.00011592426854523108
Pandoraea norimbergensis,0.00011565981443040219
Rhodoferax ferrireducens,0.00011563494275173003
Pseudomonas aeruginosa,0.0001155498454197712
Microbacterium sp. PM5,0.00011538023568185008
Formosa sp. Hel1_31_208,0.0001152873040069613
Chondromyces crocatus,0.00011504451827428763
Paraburkholderia caffeinilytica,0.00011373196933992525
Vitreoscilla sp. C1,0.00011365519877559738
Pseudomonas versuta,0.0001132796847022277
Nocardioides sp. JS614,0.00011308926655866358
Acidovorax sp. RAC01,0.00011210891946298319
Streptomyces albireticuli,0.00011195117983329173
Rhodococcus pyridinivorans,0.00011180449568466422
Xanthomonas fragariae,0.0001116133312206058
Simplicispira suum,0.00011148199206045817
Sphingobium chlorophenolicum,0.00011130016256197806
Methylobacterium sp. 17SD2-17,0.00011122832223668944
Burkholderia sp. PAMC 26561,0.0001109595582716949
Dechloromonas sp. HYN0024,0.00010995820686146018
Rhizobium sp. IRBG74,0.00010987407703879625
Thauera sp. K11,0.0001092206428135345
Pseudomonas knackmussii,0.00010870799412425747
Janibacter indicus,0.00010856548215707474
Streptomyces griseochromogenes,0.00010720694657033736
Hymenobacter sp. APR13,0.00010707968724279481
Novosphingobium resinovorum,0.00010703605593183063
Porphyrobacter HT-58-2,0.00010669590929610618
Curvibacter sp. AEP1-3,0.00010657219642631332
Acinetobacter sp. TGL-Y2,0.00010655269514765475
Kangiella koreensis,0.00010631999247323609
Nocardia sp. Y48,0.00010619432446490329
Microbacterium sp. BH-3-3-3,0.00010574178765370146
Geobacillus sp. GHH01,0.00010573378934077837
Variibacter gotjawalensis,0.00010554797273281125
Sphingobium sp. EP60837,0.00010472149311295809
Providencia rettgeri,0.00010432905297015349
Sideroxydans lithotrophicus,0.0001041042435816486
Nostoc sp. 'Peltigera membranacea cyanobiont' N6,0.00010387441868666691
Alteromonas macleodii,0.00010338175146036299
Capnocytophaga ochracea,0.00010292887161600373
Candidatus Thiodictyon syntrophicum,0.0001024825179697597
Teredinibacter turnerae,0.00010196780101949799
Pseudarthrobacter sulfonivorans,0.00010089763395713103
Lentibacillus amyloliquefaciens,0.00010069735520312761
Janthinobacterium agaricidamnosum,0.00010063168320033622
Methylobacterium sp. 4-46,0.0001002277120055961
Gottschalkia acidurici,0.00010019389171880277
Mycolicibacterium rutilum,9.973430835945596e-05
Candidatus Evansia muelleri,9.950098221862546e-05
Thioalkalivibrio nitratireducens,9.892024782101049e-05
Stenotrophomonas sp. G4,9.874150040027896e-05
Clostridiales bacterium CCNA10,9.717507829019035e-05
Leifsonia xyli,9.656399909885316e-05
Streptomyces virus TG1,9.636722252068797e-05
Sphingomonas sp. Cra20,9.605495891313875e-05
Corynebacterium aurimucosum,9.596038786994222e-05
Microbacterium sp. LKL04,9.561458580726878e-05
Xenorhabdus hominickii,9.554993832598946e-05
Burkholderia sp. KJ006,9.542374055035996e-05
Methylobacterium sp. DM1,9.540859197627593e-05
Acinetobacter bereziniae,9.510965230696833e-05
Streptomyces sp. CFMR 7,9.45813903332704e-05
Streptomyces virus Lika,9.448687320354754e-05
Streptomyces bacillaris,9.43006172551275e-05
Stenotrophomonas sp. YAU14D1_LEIMI4_1,9.41204983955668e-05
Altererythrobacter marensis,9.391650425816245e-05
Streptomyces clavuligerus,9.357214450336215e-05
Neoasaia chiangmaiensis,9.355089145484108e-05
Corynebacterium epidermidicanis,9.35108630943704e-05
Nitrososphaera viennensis,9.318754614617841e-05
Saccharomonospora azurea,9.314908174258285e-05
Candidatus Promineofilum breve,9.309142346811683e-05
Stenotrophomonas maltophilia,9.278314387231034e-05
Sphingomonas hengshuiensis,9.210939774273452e-05
Bradyrhizobium sp. ORS 3257,9.175282799311901e-05
Acetobacter tropicalis,9.174098463695656e-05
Thermaerobacter marianensis,9.155221493450938e-05
Massilia armeniaca,9.152647517121081e-05
Caldithrix abyssi,9.133286359139792e-05
Croceicoccus naphthovorans,9.117207473245959e-05
Streptomyces griseus,9.10253260646865e-05
Sulfuricella denitrificans,9.068890446719546e-05
Pseudomonas chlororaphis,9.066933951624722e-05
Thermovibrio ammonificans,9.048860415818982e-05
Ruegeria pomeroyi,9.03498867946162e-05
Stenotrophomonas sp. WZN-1,9.034290931513312e-05
Calditerrivibrio nitroreducens,9.03286717965468e-05
Nitrosococcus halophilus,9.027489289421542e-05
Microlunatus phosphovorus,9.009755835980293e-05
Brachybacterium sp. VM2412,9.000232014866327e-05
Pseudomonas oryzae,8.964213372133489e-05
Acinetobacter junii,8.963095340164262e-05
Streptomyces venezuelae,8.935002735181996e-05
Flavobacterium columnare,8.929337077876465e-05
Pseudomonas fuscovaginae,8.859719468223837e-05
Acinetobacter sp. ACNIH2,8.834760566962529e-05
Dermacoccus nishinomiyaensis,8.834564530824096e-05
Sphingobium sp. SYK-6,8.828609285933542e-05
Streptomyces glaucescens,8.82731268508019e-05
Acinetobacter nosocomialis,8.816872274028942e-05
Pseudomonas antarctica,8.814296450907478e-05
Desulfovibrio hydrothermalis,8.813872541473256e-05
Streptomyces sp. ETH9427,8.809915457481665e-05
Yersinia enterocolitica,8.802571427468653e-05
Chryseobacterium gallinarum,8.791734180757516e-05
Pseudomonas sp. R1-43-08,8.778099019564056e-05
Akkermansia glycaniphila,8.757176819669254e-05
Burkholderia multivorans,8.750289114642929e-05
Sphingopyxis sp. EG6,8.729812479135735e-05
Aquifex aeolicus,8.665380391208455e-05
Acidovorax carolinensis,8.664315594206773e-05
Ralstonia solanacearum,8.632031782540572e-05
Bernardetia litoralis,8.629047260342305e-05
Corynebacterium kroppenstedtii,8.609788046802791e-05
Pseudomonas azotoformans,8.561671729887533e-05
Cutibacterium acnes,8.558425752476228e-05
Indioceanicola profundi,8.491916442097125e-05
Rhizobium phage RHEph10,8.480522228018205e-05
Streptomyces sp. Mg1,8.437959356348834e-05
Sphingomonas koreensis,8.393075855315236e-05
Rhodobacter blasticus,8.385063261642233e-05
Arthrobacter sp. YN,8.371129334383554e-05
Burkholderia sp. LA-2-3-30-S1-D2,8.361744206220045e-05
Corynebacterium pseudotuberculosis,8.32543807770536e-05
Rhodococcus sp. 008,8.276008717047478e-05
Burkholderia territorii,8.272730162577347e-05
Virgibacillus necropolis,8.243935680527504e-05
Leifsonia sp. 21MFCrub1.1,8.240389238300949e-05
Microbacterium hominis,8.231291389617645e-05
Pseudomonas palleroniana,8.214135799549105e-05
Citrobacter freundii complex sp. CFNIH3,8.187429367256804e-05
Edwardsiella piscicida,8.171339152218682e-05
Rothia mucilaginosa,8.117815667958439e-05
Micromonospora zamorensis,8.102767298483471e-05
Nitrosospira lacus,8.097367215733619e-05
Stenotrophomonas sp. ZAC14A_NAIMI4_1,8.08777677782313e-05
Isoptericola variabilis,8.05234301882507e-05
Sphingopyxis terrae,8.032479777320134e-05
Xanthomonas translucens,8.020666504997554e-05
Pseudomonas cerasi,8.017827687896162e-05
Pantoea vagans,7.966968858990065e-05
Psychromicrobium lacuslunae,7.951681977167447e-05
Pseudomonas sihuiensis,7.936116552540451e-05
Komagataeibacter europaeus,7.926634892507778e-05
Sphingobacterium sp. ML3W,7.916658132280929e-05
Cellulomonas fimi,7.890150785248018e-05
Streptomyces pristinaespiralis,7.853592985949121e-05
Acidovorax cattleyae,7.853196633540449e-05
Citrobacter youngae,7.842840997351885e-05
Alicycliphilus denitrificans,7.789168091345555e-05
Acetobacter persici,7.7475503054103e-05
Corynebacterium variabile,7.738500446967667e-05
Serratia sp. P2ACOL2,7.730811296389196e-05
Streptomyces lavendulae,7.666967475676856e-05
Tatumella ptyseos,7.65877690759531e-05
Austwickia chelonae,7.623544578279073e-05
Alcaligenes aquatilis,7.55393888087319e-05
Bacillus halodurans,7.549887732418714e-05
Nostoc sp. PCC 7524,7.535081567251467e-05
Paenibacillus odorifer,7.532290920888584e-05
Afipia sp. GAS231,7.452737701014733e-05
Pseudomonas sp. ATCC 13867,7.437172446582707e-05
Flammeovirga sp. MY04,7.417624101262455e-05
Nitratireductor sp. OM-1,7.41559158131233e-05
Pararhodospirillum photometricum,7.40658742427458e-05
Erythrobacter flavus,7.403203813582948e-05
Bordetella bronchiseptica,7.339844278499985e-05
Glutamicibacter halophytocola,7.32934859835499e-05
Chryseobacterium carnipullorum,7.290102479771133e-05
Jeotgalibacillus malaysiensis,7.239520650279552e-05
Streptomyces albus,7.231156741438483e-05
Allokutzneria albata,7.133704361985682e-05
Streptomyces actuosus,7.111659131895376e-05
Flavisolibacter tropicus,7.096890020956703e-05
Amycolatopsis albispora,7.066300495455202e-05
Agarivorans gilvus,7.020724925559385e-05
Pectobacterium wasabiae,7.011046631455464e-05
Verrucosispora maris,6.978453894279646e-05
Methylobacterium currus,6.967472767596127e-05
Ketogulonicigenium robustum,6.957469352479873e-05
Methylovulum psychrotolerans,6.913124524827729e-05
Verminephrobacter eiseniae,6.899837398472996e-05
Burkholderia pseudomallei,6.895598387328672e-05
Pseudomonas sp. R4-39-08,6.877156170204124e-05
Altererythrobacter dongtanensis,6.855025217806787e-05
Streptomyces sp. SAT1,6.853690410868474e-05
Polymorphum gilvum,6.848090022351094e-05
Clostridium sp. MF28,6.81616592661749e-05
Sphingobium cloacae,6.783518257540422e-05
Mycobacteroides abscessus,6.762870005638799e-05
Pseudomonas pohangensis,6.759458300646948e-05
Marinobacter sp. es.042,6.739889375919627e-05
Plantactinospora sp. KBS50,6.715738639937464e-05
Ralstonia pickettii,6.684608912543855e-05
Sphingopyxis alaskensis,6.672709106205765e-05
Tessaracoccus flavescens,6.66188402829615e-05
Frankia sp. EAN1pec,6.646557543568132e-05
Alcanivorax sp. NBRC 101098,6.617822958325803e-05
Methylophaga frappieri,6.612939575918464e-05
Azoarcus sp. CIB,6.570801297482998e-05
Desulfovibrio sp. FW1012B,6.561463180869698e-05
Gloeobacter violaceus,6.525107795520845e-05
Corynebacterium falsenii,6.482926908837338e-05
Burkholderia pyrrocinia,6.479472946647746e-05
Sporosarcina psychrophila,6.456695182706085e-05
Staphylococcus epidermidis,6.431755309606046e-05
Sphingopyxis macrogoltabida,6.431026757072189e-05
Paenarthrobacter aurescens,6.425025568348452e-05
Brevundimonas sp. LM2,6.422082797625794e-05
Chlorobium chlorochromatii,6.417244778735842e-05
Desulfotalea psychrophila,6.414326860799679e-05
Streptomyces sp. Go-475,6.41314427309414e-05
Nostoc sp. NIES-4103,6.411232888587914e-05
Pelosinus sp. UFO1,6.394309749306882e-05
Pseudomonas cremoricolorata,6.35242929460933e-05
Pseudomonas tolaasii,6.350555841978522e-05
Serratia rubidaea,6.32577241242327e-05
Dechloromonas aromatica,6.263960450478834e-05
Salinicola tamaricis,6.241284908179435e-05
Azospirillum sp. TSH58,6.232890074044927e-05
Leptospira alstonii,6.197744324256682e-05
Brevirhabdus pacifica,6.194346406025452e-05
Burkholderia seminalis,6.181712155508556e-05
Streptomyces sp. FR-008,6.161353291576078e-05
[Mycobacterium] stephanolepidis,6.15665357325268e-05
Streptomyces formicae,6.1018959437642016e-05
Dietzia timorensis,6.0814090866490036e-05
Citrobacter freundii complex sp. CFNIH9,6.073363482939076e-05
Rhodococcus sp. p52,6.068249330772879e-05
Cyclobacterium amurskyense,6.0473646235204016e-05
Candidatus Filomicrobium marinum,6.021576775327997e-05
Rhizobium sp. Kim5,6.016462679467871e-05
Streptomyces sp. PVA 94-07,6.00298660198062e-05
Haloferax mediterranei,5.9901194319800236e-05
Bifidobacterium indicum,5.984144549595616e-05
Corynebacterium casei,5.975858073321571e-05
Azospirillum thiophilum,5.972737616912749e-05
Aeromicrobium sp. A1-2,5.9632057698544294e-05
Paracoccus zhejiangensis,5.928285755971707e-05
Aeromonas sp. ASNIH2,5.8750040458877e-05
Dolichospermum compactum,5.873963660658621e-05
Myroides odoratus,5.872225140572951e-05
Xanthobacter autotrophicus,5.845593423305928e-05
Limnohabitans sp. 63ED37-2,5.825111562260954e-05
Actinoplanes sp. N902-109,5.79814376237886e-05
Pseudomonas avellanae,5.7690959055922696e-05
Mycolicibacterium aurum,5.762171753651568e-05
Syntrophobacter fumaroxidans,5.758661949657462e-05
Aerococcaceae bacterium ZY16052,5.7027617578508937e-05
Streptomyces sp. Sge12,5.702230731687852e-05
Achromobacter xylosoxidans,5.639553736949132e-05
Methanocella arvoryzae,5.63353598052041e-05
Enterobacter hormaechei,5.612592702795016e-05
Xanthomonas perforans,5.59140054790408e-05
Mycobacterium shigaense,5.5855241571611815e-05
Altererythrobacter sp. B11,5.5825572062762065e-05
Kozakia baliensis,5.575980775984757e-05
Methylacidiphilum fumariolicum,5.566058768819992e-05
Bdellovibrio bacteriovorus,5.5541640477896334e-05
Chryseobacterium shandongense,5.520777531609067e-05
Clostridium cellulovorans,5.515600330925352e-05
Pantoea sp. PSNIH1,5.514869453424609e-05
Klebsiella variicola,5.5119379793922005e-05
Sphingomonas sanxanigenens,5.504631685817607e-05
Halorhodospira halochloris,5.5014207409920245e-05
Acinetobacter oleivorans,5.487342113541516e-05
Clostridium saccharobutylicum,5.480593014579593e-05
Methylobacterium sp. 17Sr1-43,5.476007446845177e-05
Hoyosella subflava,5.467030357579894e-05
Burkholderia sp. CCGE1001,5.438860110200672e-05
Micromonospora sp. WMMA2032,5.422256191522923e-05
Paracoccus sp. CBA4604,5.407962476284833e-05
Cryobacterium arcticum,5.394658506787664e-05
Mycobacterium colombiense,5.384033032544977e-05
Clostridium ljungdahlii,5.375301527248411e-05
Acidovorax sp. 1608163,5.373264276002932e-05
Geobacter lovleyi,5.339359050962056e-05
Lachnospiraceae bacterium GAM79,5.335414118396997e-05
Paenibacillus sp. FSL R5-0345,5.308367322696128e-05
Streptomyces sp. RTd22,5.282540431594818e-05
Parachlamydia acanthamoebae,5.266984371550265e-05
Streptomyces hygroscopicus,5.2572002075179645e-05
Streptomyces sp. 3214.6,5.225030295135103e-05
Clostridium tyrobutyricum,5.221031852649105e-05
Rhodococcus qingshengii,5.214298218176871e-05
Geobacillus subterraneus,5.212513207784042e-05
Luteitalea pratensis,5.180412523664302e-05
Streptomyces chartreusis,5.173075094060398e-05
Moorea producens,5.172650246547672e-05
Simiduia agarivorans,5.168373143817906e-05
Mycetocola sp. 449,5.156518759203976e-05
Dickeya sp. MK7,5.148948724860158e-05
Hydrogenophaga crassostreae,5.146518283847268e-05
Roseateles depolymerans,5.1371252501453137e-05
Natrialba magadii,5.1097860499926816e-05
Pantoea ananatis,5.093432648981544e-05
Mucinivorans hirudinis,5.074928170227811e-05
Chitinophaga pinensis,5.042287718632909e-05
Massilia sp. NR 4-1,5.031825614827401e-05
Labrenzia sp. VG12,5.0228383679473684e-05
Citrobacter koseri,5.020883661477349e-05
Granulosicoccus antarcticus,5.003962271024065e-05
Micromonospora viridifaciens,4.983027249558791e-05
Pseudomonas simiae,4.9613003784321205e-05
Rhodoferax antarcticus,4.9594682954956504e-05
Methylocystis bryophila,4.9316300320367824e-05
Saccharomonospora glauca,4.920758772279932e-05
Microbacterium sp. 10M-3C3,4.917697529154275e-05
Polaromonas naphthalenivorans,4.913712628096256e-05
Acidiphilium multivorum,4.896212637206521e-05
Rhodothermaceae bacterium,4.891197790033441e-05
Alcanivorax borkumensis,4.890904835654908e-05
Methylosinus trichosporium,4.882403967025884e-05
Pseudomonas resinovorans,4.866304197923554e-05
Streptomyces qaidamensis,4.839122869388923e-05
Thermobacillus composti,4.831461007215321e-05
Bradyrhizobium oligotrophicum,4.822991089472595e-05
Cellulophaga lytica,4.815379833651434e-05
Nitratireductor basaltis,4.811551783354684e-05
Streptomyces sp. 2114.2,4.782490162587027e-05
Dermatophilus congolensis,4.779127593363963e-05
Isosphaera pallida,4.745222901412216e-05
Agrobacterium rhizogenes,4.732684847641444e-05
Bacteriovorax stolpii,4.72469987778501e-05
Tepidanaerobacter acetatoxydans,4.636265003981066e-05
Zobellia galactanivorans,4.62912261742332e-05
Kutzneria albida,4.6207326972758087e-05
Pseudomonas sp. XWY-1,4.603933233107149e-05
Burkholderia sp. CCGE1002,4.569530231588459e-05
Curtobacterium sp. MR_MD2014,4.569015684403599e-05
Draconibacterium orientale,4.535423195970445e-05
Arthrobacter sp. ZXY-2,4.528789614042239e-05
Sulfitobacter sp. D7,4.507761514103148e-05
Brevundimonas diminuta,4.503667822510771e-05
Sphingopyxis sp. FD7,4.465021714770145e-05
Actinosynnema mirum,4.4578659406990795e-05
Alteromonas mediterranea,4.4223252448594154e-05
Pseudomonas fragi,4.389570163862988e-05
Sphingobium yanoikuyae,4.356925577506665e-05
Gluconobacter albidus,4.3490150218161713e-05
Sphingobacterium sp. G1-14,4.3401658469011115e-05
Streptomyces albulus,4.3286895050420605e-05
Streptomyces sp. SirexAA-E,4.3268056076462e-05
Sedimentisphaera salicampi,4.293393652745614e-05
Brevundimonas subvibrioides,4.284688132936143e-05
Corynebacterium pseudopelargi,4.267766241810023e-05
Paenibacillus glucanolyticus,4.253086019376795e-05
Thermomicrobium roseum,4.216514607766619e-05
Ereboglobus luteus,4.14984143503494e-05
Martelella sp. AD-3,4.1483131094577355e-05
Streptomyces globosus,4.138552266019779e-05
Pseudomonas sp. CMR5c,4.0936855544848605e-05
Chryseobacterium nakagawai,4.073534913233701e-05
Bordetella bronchialis,4.0604372141173074e-05
Leptolyngbya sp. O-77,4.048521859967291e-05
Candidatus Nitrospira inopinata,4.021414234112175e-05
Pseudomonas sp. 7SR1,3.994288833120141e-05
Bacterioplanes sanyensis,3.9916225928404717e-05
Tessaracoccus aquimaris,3.982297026929871e-05
Rhizobium phage 16-3,3.882257616618645e-05
Methylocystis sp. SC2,3.8735927065558504e-05
Sphingobacterium sp. B29,3.849616850915005e-05
Nocardia terpenica,3.840308957205885e-05
Sphingopyxis sp. 113P3,3.828300543851082e-05
Gluconobacter oxydans,3.8087598434533024e-05
Microbacterium sp. PAMC 28756,3.808354660803648e-05
Pseudomonas mediterranea,3.799422763295368e-05
Burkholderia sp. CCGE1003,3.791610575649695e-05
Mycolicibacter sinensis,3.77274086283963e-05
Deinococcus gobiensis,3.6934836052715525e-05
Melittangium boletus,3.687907732097262e-05
Altererythrobacter namhicola,3.6835684611369326e-05
Streptomyces sp. CdTB01,3.682353400102922e-05
Akkermansia muciniphila,3.665900393892141e-05
Micromonospora sp. B006,3.6421000160791196e-05
Brenneria sp. EniD312,3.615708184834254e-05
Pseudomonas xanthomarina,3.61266997098042e-05
Streptomyces sp. 2323.1,3.5956470800169174e-05
Fictibacillus arsenicus,3.5905154462190227e-05
Azorhizobium caulinodans,3.5868474788669503e-05
Streptomyces virus Lannister,3.585424334806575e-05
Pseudomonas sp. FDAARGOS_380,3.583412989731638e-05
Halobacterium hubeiense,3.5800217857206995e-05
Sinorhizobium sp. RAC02,3.5656843773801404e-05
Streptomyces ambofaciens,3.550989996587983e-05
Desulfovibrio desulfuricans,3.542589156289022e-05
Desulfococcus oleovorans,3.5299393464827135e-05
Streptomyces sp. NEAU-S7GS2,3.5036266725541056e-05
Moorella thermoacetica,3.4952851886727033e-05
Bacillus krulwichiae,3.4594228271944696e-05
Edwardsiella anguillarum,3.450256399792906e-05
Tsukamurella tyrosinosolvens,3.393186225189027e-05
Treponema caldarium,3.3788669119316773e-05
Collinsella aerofaciens,3.3740348161170886e-05
Aeromicrobium marinum,3.371332968380436e-05
Flavobacteriaceae bacterium,3.320627855645242e-05
Thermotoga sp. RQ7,3.318026996250723e-05
Halostagnicola larsenii,3.289650535474031e-05
Oceanicoccus sagamiensis,3.2742690147324895e-05
Pseudomonas citronellolis,3.271147027656962e-05
Planctomyces sp. SH-PL62,3.2500258526080295e-05
Metallosphaera sedula,3.243249134345927e-05
Cyanobium sp. NIES-981,3.2363968640547466e-05
Bacillus aryabhattai,3.2320560170662205e-05
Opitutaceae bacterium TAV5,3.2203748256764976e-05
Pseudomonas balearica,3.2124416551071454e-05
Streptomyces sp. 769,3.210394755850388e-05
Bacillus cohnii,3.185376374923443e-05
Brevundimonas sp. GW460-12-10-14-LB2,3.1594491731490314e-05
Pseudomonas alcaliphila,3.140391776295104e-05
Mycobacterium sp. MS1601,3.137344355550464e-05
Actinomadura amylolytica,3.11013444719066e-05
Kocuria flava,3.0644278258495916e-05
Turneriella parva,3.0633768451027166e-05
Pseudogulbenkiania sp. NH8B,3.0632176123202015e-05
Synechococcus sp. KORDI-49,3.053270696788957e-05
Salinibacterium sp. CGMCC 1.16371,3.0480737216009857e-05
Prosthecochloris sp. HL-130-GSB,3.0429364591322285e-05
Streptococcus suis,3.029582384450613e-05
Cellulomonas flavigena,3.0261833817157857e-05
Aminomonas paucivorans,3.0250506572637726e-05
Actinopolymorpha singaporensis,3.0231365681632204e-05
Amycolatopsis orientalis,3.0175968918566553e-05
Bacillus pseudomycoides,3.001205401409468e-05
Plautia stali symbiont,2.999086053536715e-05
Rhizobium sp. CCGE532,2.9808412975618204e-05
Methylocystis rosea,2.973274403565984e-05
Cohaesibacter sp. ES.047,2.9548029397652443e-05
Fibrella aestuarina,2.952210252655796e-05
Polaromonas sp. JS666,2.9479109086794075e-05
Streptomyces sp. WAC00288,2.9121310771751396e-05
Streptomyces sp. SM17,2.896843193580523e-05
Isoptericola dokdonensis,2.876637653044245e-05
Pseudomonas psychrotolerans,2.8725878119173486e-05
Cryobacterium sp. GCJ02,2.86952063512258e-05
Rhodobacter capsulatus,2.8498909426399876e-05
Pseudomonas sp. MRSN12121,2.8156753529917645e-05
Hartmannibacter diazotrophicus,2.800817592065741e-05
Hydrogenophaga sp. PBC,2.8002491691458965e-05
Streptomyces virus Izzy,2.7865607708776884e-05
Escherichia fergusonii,2.7559967922674565e-05
Photobacterium damselae,2.731195130591946e-05
Stenotrophomonas acidaminiphila,2.720009509520338e-05
Actinoalloteichus sp. ADI127-7,2.6959858075592535e-05
Natronococcus occultus,2.6923200987694074e-05
Chryseobacterium carnis,2.6606087030800473e-05
Leptolyngbya sp. NIES-3755,2.6391701119377052e-05
Celeribacter indicus,2.6266409274566805e-05
Pseudomonas silesiensis,2.6152141234847547e-05
Microbacterium sp. TPU 3598,2.5777748924094013e-05
Geminocystis herdmanii,2.5632169684874917e-05
Kocuria rhizophila,2.549378704042038e-05
Streptomyces sp. Tue 6075,2.549150878010664e-05
Rhizobium gallicum,2.502093075513745e-05
Streptomyces phage Nanodon,2.5001646534406063e-05
Rhodococcus ruber,2.4692228393408122e-05
Streptomyces virus Zemlya,2.444709987841076e-05
Antarctobacter heliothermus,2.407218896858243e-05
Bacillus sp. FJAT-22090,2.392859523512314e-05
Vulgatibacter incomptus,2.3838998833980442e-05
Nitrosomonas communis,2.3779188684902586e-05
Ottowia oryzae,2.3758052969635736e-05
Thermogutta terrifontis,2.3753255430847275e-05
Yoonia vestfoldensis,2.353359905458152e-05
Psychrobacter alimentarius,2.345432890806798e-05
Paludibacter propionicigenes,2.3234102933322732e-05
Pseudomonas sp. FGI182,2.3062773316295802e-05
Thermincola potens,2.3053906786429935e-05
Fimbriimonas ginsengisoli,2.2735260978268278e-05
Pseudoalteromonas atlantica,2.2390649722225932e-05
Streptomyces globisporus,2.2303017183711305e-05
Opitutus terrae,2.226664635496256e-05
Nitrosomonas ureae,2.2242642555214685e-05
Pasteurella multocida,2.209802495851676e-05
Pelobacter carbinolicus,2.2065022141393163e-05
Delftia sp. HK171,2.1918102946738573e-05
Thioalkalivibrio versutus,2.1811510919311773e-05
Candidatus Nitrosopelagicus brevis,2.1625972345340472e-05
Pseudomonas sp. R2A2,2.160027556870059e-05
Streptomyces virus Caliburn,2.1569714151969955e-05
Halobacteriovorax marinus,2.1460037003784295e-05
Pseudomonas sp. 02C 26,2.1051864686527643e-05
Gramella sp. SH35,2.0755668941974113e-05
Friedmanniella sagamiharensis,2.0441204235610577e-05
Rufibacter sp. DG31D,2.0238039362885373e-05
Nocardia sp. CFHS0054,1.9901187954540767e-05
Streptomyces sp. P3,1.981211307038322e-05
Prochlorococcus marinus,1.964364253095319e-05
Planktothrix agardhii,1.9550992498507114e-05
Sphingomonas sp. LK11,1.951833368982747e-05
Mycolicibacterium smegmatis,1.9502318304209786e-05
Caldilinea aerophila,1.910534986124812e-05
Citrobacter werkmanii,1.9036139755823632e-05
Sphingobium sp. SCG-1,1.8593230207497592e-05
Thiomonas arsenitoxydans,1.856059420974887e-05
Streptomyces noursei,1.8487091268593046e-05
Sphingobium herbicidovorans,1.8280731873776546e-05
Gemmata obscuriglobus,1.8214364886248724e-05
Polaribacter sp. KT 15,1.7968215029617872e-05
Cyanothece sp. PCC 7425,1.7706545744933243e-05
Sodalis praecaptivus,1.761300718883252e-05
Bacillus clausii,1.7472089187342554e-05
Janthinobacterium sp. 1_2014MBL_MicDiv,1.7199419282309947e-05
Streptomyces parvulus,1.7198788757699644e-05
Thiomonas sp. X19,1.7165494692217287e-05
Nonlabens spongiae,1.6809772823234147e-05
Aeromonas hydrophila,1.677563024515827e-05
Cronobacter turicensis,1.6687602663134625e-05
Sphingorhabdus flavimaris,1.6681279490815547e-05
Rhodococcus sp. WMMA185,1.666369798434264e-05
Desulfosporosinus acidiphilus,1.6527757090356586e-05
Thermomonospora curvata,1.621242227163311e-05
Azoarcus olearius,1.6070034809301248e-05
Yangia sp. CCB-MM3,1.5817786576399762e-05
Rhodothermaceae bacterium RA,1.5778546967348818e-05
Candidatus Rhodoluna planktonica,1.5466337123726247e-05
Desulfobulbus sp. ORNL,1.5432439032214694e-05
Streptomyces sp. TN58,1.538671441785322e-05
Chryseobacterium piperi,1.5342615901769997e-05
Geobacillus thermoleovorans,1.524827549224117e-05
Geobacter metallireducens,1.5068141391005873e-05
Clostridium butyricum,1.4908781369649127e-05
Enterobacter asburiae,1.4805746378820927e-05
Paenibacillus larvae,1.4668847893584136e-05
Thermococcus kodakarensis,1.4653635105088548e-05
Paenibacillus donghaensis,1.4555859605125398e-05
Legionella lansingensis,1.4245099924581339e-05
Photorhabdus laumondii,1.4162846110488125e-05
Streptomyces pratensis,1.4080892334411566e-05
Calothrix brevissima,1.404290893114446e-05
Nocardia seriolae,1.4035050043648133e-05
Spirosoma aerolatum,1.402620995236692e-05
Cyclobacterium marinum,1.3690063786175876e-05
Azospirillum sp. M2T2B2,1.363643377805257e-05
Streptomyces sp. Z022,1.351710986601251e-05
Chelatococcus sp. CO-6,1.330761196796093e-05
Achromobacter sp. B7,1.3150604350742334e-05
Thauera sp. MZ1T,1.2898042180142789e-05
Streptomyces sp. CCM_MD2014,1.2793119500131844e-05
Methylophilus sp. TWE2,1.2756982571970887e-05
Neisseria gonorrhoeae,1.2750499813285466e-05
Propionimicrobium sp. Marseille-P3275,1.2742798391984778e-05
Pannonibacter phragmitetus,1.2565080977355869e-05
Frankia sp. QA3,1.250875740239632e-05
Croceicoccus marinus,1.2490035812784406e-05
Neorhizobium sp. SOG26,1.2412541024398038e-05
Anaeromyxobacter sp. Fw109-5,1.2284315956434533e-05
Thioalkalivibrio paradoxus,1.2264207837153763e-05
Thermobifida fusca,1.2260990514922909e-05
Pedobacter sp. eg,1.1942704878586952e-05
Bacillus cereus,1.1884109513560226e-05
Cytophaga hutchinsonii,1.185496595423885e-05
Gilvibacter sp. SZ-19,1.1831123968364388e-05
Borrelia parkeri,1.181208229541486e-05
Pelosinus fermentans,1.1671830974879781e-05
Pseudomonas sp. DY-1,1.1572569254347797e-05
Dickeya dianthicola,1.1562178689916713e-05
Dehalobacterium formicoaceticum,1.1479327965568941e-05
Azospirillum brasilense,1.1443827813328867e-05
Azoarcus communis,1.1349605550514674e-05
Streptomyces sviceus,1.1102433359244656e-05
Paraburkholderia phymatum,1.1096100755336735e-05
Burkholderia sp. JP2-270,1.0937205548722239e-05
Leptothrix cholodnii,1.0927870813426389e-05
Bacillus safensis,1.0652262729982099e-05
Asticcacaulis excentricus,1.0607559483188923e-05
Pandoraea pulmonicola,1.0604345074138877e-05
Shimwellia blattae,1.0500182273132097e-05
Oleispira antarctica,1.0452566548213582e-05
Nostoc linckia,1.0319339256947836e-05
Bifidobacterium bifidum,1.0318771652317871e-05
Paenibacillus crassostreae,1.031310887564807e-05
Chryseobacterium glaciei,1.0294447899283909e-05
Luteipulveratus mongoliensis,1.0292162277192319e-05
Marinobacter salarius,1.0220612370592796e-05
Micromonospora echinofusca,1.015652800775424e-05
Enterococcus faecalis,1.0004322607337635e-05
Azospira oryzae,9.999547956929255e-06
Enterobacter sp. R4-368,9.959398249881346e-06
Sinorhizobium sp. CCBAU 05631,9.897173124873148e-06
Symbiobacterium thermophilum,9.879817230884491e-06
Pandoraea faecigallinarum,9.817095089670324e-06
Halomonas beimenensis,9.727421264282831e-06
Altererythrobacter atlanticus,9.724695255197701e-06
Mesorhizobium sp. WSM1497,9.709687479508844e-06
Nocardia cyriacigeorgica,9.675645841111801e-06
Hyphomonas sp. Mor2,9.56998599119796e-06
Dietzia psychralcaliphila,9.533087261437424e-06
Aeromonas sp. CA23,9.490014139079683e-06
Erythrobacter sp. Alg231-14,9.423082107162806e-06
Salegentibacter sp. T436,9.277234514559752e-06
Rubrobacter xylanophilus,9.273259615172336e-06
Barnesiella viscericola,9.206237311354393e-06
Methylocaldum marinum,9.19911196639589e-06
Halopenitus persicus,9.192126398471779e-06
Herminiimonas arsenicoxydans,9.183759119602009e-06
Pseudonocardia sp. EC080625-04,9.182264274532059e-06
Mesorhizobium phage vB_MloP_Lo5R7ANS,9.167851155877927e-06
Pseudomonas alkylphenolica,9.015708868331807e-06
Prevotella intermedia,8.921487264701434e-06
Tenacibaculum jejuense,8.812074849551266e-06
Saccharospirillum mangrovi,8.717454842521733e-06
Echinicola strongylocentroti,8.553166101687993e-06
Haliscomenobacter hydrossis,8.487319139227623e-06
Hyphomicrobium nitrativorans,8.40648845523706e-06
Siansivirga zeaxanthinifaciens,8.397314859953652e-06
Corynebacterium imitans,8.241479793191786e-06
Verrucomicrobia bacterium IMCC26134,8.185215344225227e-06
Trichormus variabilis,8.149562724879544e-06
Paenibacillus riograndensis,8.100526246312967e-06
Paenibacillus swuensis,8.082211420368246e-06
Pectobacterium carotovorum,8.057941033512428e-06
Sphingobium sp. MI1205,7.98030459785437e-06
Xanthomonas axonopodis,7.953973333796326e-06
Flavobacterium sp. HYN0086,7.942109711134293e-06
Burkholderia stagnalis,7.921975238467382e-06
Halioglobus pacificus,7.853261972878833e-06
Enterobacter ludwigii,7.799365416194525e-06
Rhodopirellula baltica,7.788461958879723e-06
Paludisphaera borealis,7.772412876705382e-06
Raoultella planticola,7.754603180565312e-06
Methylobacterium sp. 17Sr1-1,7.70516376449315e-06
Corynebacterium renale,7.699607142885867e-06
Vogesella sp. LIG4,7.646794937965495e-06
Vitreoscilla filiformis,7.63013078202146e-06
Pseudomonas sp. LPH1,7.579494354481575e-06
Pseudohongiella spirulinae,7.553277565497396e-06
Gordonia sp. YC-JH1,7.5317146083220265e-06
Azospirillum humicireducens,7.4482104649664645e-06
Sphingobacterium mizutaii,7.352955801098738e-06
Frankia inefficax,7.347903649179699e-06
Burkholderia contaminans,7.345507184197686e-06
Pseudomonas sp. TCU-HL1,7.340394169697007e-06
Mycobacterium kansasii,7.33960572809611e-06
Streptomyces nigra,7.243574604731684e-06
Pedobacter sp. PACM 27299,7.095474505747212e-06
Pseudomonas sp. CC6-YY-74,7.08549765644495e-06
Algoriphagus machipongonensis,7.083909221483609e-06
Cellvibrio sp. PSBB023,7.036264569837414e-06
Paenibacillus sp. FSL H7-0357,7.013230545727112e-06
Synechococcus sp. KORDI-52,6.992144384088128e-06
Yersinia frederiksenii,6.924471211955386e-06
Rickettsia endosymbiont of Ixodes scapularis,6.908723700127517e-06
Chryseobacterium haifense,6.7365100929972496e-06
Sphingopyxis fribergensis,6.725085100112161e-06
Kibdelosporangium phytohabitans,6.64490344850499e-06
Chryseobacterium taklimakanense,6.639879313286023e-06
Halanaeroarchaeum sulfurireducens,6.583214953592709e-06
Corynebacterium urealyticum,6.548142518481015e-06
Bifidobacterium choerinum,6.531357952721528e-06
Rhodococcus hoagii,6.505115322874566e-06
Stenotrophomonas sp. ZAC14D2_NAIMI4_7,6.4703875450655705e-06
Sphingomonas sp. JJ-A5,6.4641783471985905e-06
Beutenbergia cavernae,6.3486153806913135e-06
Alistipes sp. Marseille-P5997,6.341198968473627e-06
Arcticibacterium luteifluviistationis,6.2698379859948975e-06
Xanthomonas vesicatoria,6.256631935608325e-06
Polaribacter sp. SA4-12,6.227524105173465e-06
Devosia sp. H5989,6.144991211720629e-06
Pseudomonas sp. A214,6.122666079511063e-06
Microcoleus sp. PCC 7113,6.0522473741997375e-06
alpha proteobacterium HIMB59,6.0310492768334e-06
Pseudomonas sp. HLS-6,5.9320155262554405e-06
Pseudomonas sp. LH1G9,5.926148071599968e-06
Streptomyces davaonensis,5.881926680473271e-06
Bordetella genomosp. 8,5.859881373138087e-06
Azospirillum sp. CFH 70021,5.822934121391121e-06
Aureimonas sp. AU20,5.765841843241582e-06
Niabella ginsenosidivorans,5.7616712208385936e-06
Flammeovirgaceae bacterium 311,5.746476398460487e-06
Cellulophaga baltica,5.715233685577026e-06
Methyloceanibacter caenitepidi,5.7042830087450366e-06
Leclercia sp. LSNIH1,5.659029958504647e-06
Mannheimia haemolytica,5.575282850500685e-06
Aeromonas sp. ASNIH5,5.558156886320553e-06
Janthinobacterium svalbardensis,5.5510726437724145e-06
Methylocella silvestris,5.511389753976026e-06
Plesiomonas shigelloides,5.442007892009215e-06
Bacillus xiamenensis,5.40257333359051e-06
Escherichia marmotae,5.35843445004236e-06
Candidatus Paracaedibacter acanthamoebae,5.251539608552847e-06
Streptomyces koyangensis,5.203521223062779e-06
Hahella chejuensis,5.184494881826929e-06
Streptomyces roseochromogenus,5.175199040285961e-06
Pseudonocardia sp. EC080619-01,5.04403481058624e-06
Halotalea alkalilenta,4.942384269890354e-06
Rhodococcus sp. WB1,4.941293213689413e-06
Mycobacterium sp. PYR15,4.932621703090945e-06
Streptomyces sp. M56,4.915549201056635e-06
Enterobacteriaceae bacterium w17,4.848181524064188e-06
Acetobacter ascendens,4.7678657378869005e-06
Francisella tularensis,4.765512089188739e-06
Corynebacterium frankenforstense,4.700557464132338e-06
Frankia alni,4.651098817265442e-06
Tenacibaculum todarodis,4.639032689279787e-06
Fibrella sp. ES10-3-2-2,4.590606662335795e-06
Selenomonas sp. oral taxon 920,4.545524942645152e-06
Cronobacter condimenti,4.526239195068449e-06
Methylobacterium sp. 17Sr1-28,4.502714788623408e-06
Mycobacterium leprae,4.461068300054549e-06
Lysobacter enzymogenes,4.422794790404083e-06
Corynebacterium humireducens,4.418074247691805e-06
Pseudomonas sp. R2-7-07,4.37914486237645e-06
Actinomyces hongkongensis,4.3430710125358376e-06
Rhizobium sp. N324,4.333594071326274e-06
Hippea maritima,4.329100682243237e-06
Pseudomonas viridiflava,4.320532669965793e-06
Streptomyces avermitilis,4.318681849890816e-06
Luteimonas sp. JM171,4.305733408038748e-06
Yangia pacifica,4.298387871526366e-06
Pseudomonas sp. R5-89-07,4.288979227928813e-06
Paraburkholderia sp. SOS3,4.279382251581864e-06
Streptomyces phage phiHau3,4.259207898194006e-06
Klebsiella sp. M5al,4.240214094686223e-06
Methylococcus capsulatus,4.226062840118061e-06
Comamonas kerstersii,4.216934452738741e-06
Muricauda ruestringensis,4.212744039144845e-06
Bacteroides caccae,4.193593451873312e-06
Neomicrococcus aestuarii,4.180254072294609e-06
Acinetobacter haemolyticus,4.17942389687731e-06
Paenibacillus graminis,4.174363083109256e-06
Kangiella profundi,4.157753514077989e-06
Pluralibacter gergoviae,4.1217045477104365e-06
Rhodobacter sp. LPB0142,4.090642995091543e-06
Pseudoalteromonas rubra,4.067827930631651e-06
Pseudomonas orientalis,4.067223056525293e-06
Alistipes finegoldii,4.054172924483623e-06
Serratia fonticola,4.037435751946816e-06
Novosphingobium pentaromativorans,4.012988429646925e-06
Stenotrophomonas sp. YAU14A_MKIMI4_1,4.011483653920678e-06
Asaia bogorensis,4.00922312051577e-06
Hydrogenophilus thermoluteolus,3.949251134272025e-06
Bacillus cytotoxicus,3.927495675770665e-06
Thermotoga maritima,3.911726199468113e-06
Tateyamaria omphalii,3.910477532165224e-06
Pseudomonas mendocina,3.903842444863415e-06
Lactobacillus paracollinoides,3.8812690098755095e-06
Sphingorhabdus sp. M41,3.876988630824307e-06
Cellvibrio sp. PSBB006,3.86651242600955e-06
Corynebacterium sp. NML98-0116,3.849923175613945e-06
Labrenzia aggregata,3.8367441516085066e-06
Streptomyces virus Sujidade,3.788966105688907e-06
Cutibacterium avidum,3.784070583434662e-06
Acidithiobacillus caldus,3.783033333126795e-06
Sphingomonas sp. MM-1,3.749373606853901e-06
Oblitimonas alkaliphila,3.7284781420732214e-06
Porphyrobacter sp. LM 6,3.7188896266249218e-06
Desulfurella acetivorans,3.699728480666131e-06
Martelella mediterranea,3.689259093353492e-06
Actinosynnema pretiosum,3.6784319953353517e-06
Allochromatium vinosum,3.6774295977703987e-06
Pseudomonas sp. StFLB209,3.6686010855824236e-06
Maricaulis maris,3.6567549515309495e-06
Paenibacillus sp. FSL R7-0331,3.6539530713808334e-06
Orrella dioscoreae,3.619782073149835e-06
Thermus brockianus,3.5914783721446852e-06
halophilic archaeon DL31,3.5881396266645994e-06
Acinetobacter lwoffii,3.5598474655396116e-06
Bacillus infantis,3.5456137672085218e-06
Aquimarina sp. AD10,3.532398932670766e-06
Bifidobacterium breve,3.509835460047128e-06
Flavobacterium sp. HYN0059,3.5035376759973148e-06
Nonlabens dokdonensis,3.4998962898269427e-06
Bacteroidetes bacterium Omega,3.481321057652309e-06
Gordonia sp. KTR9,3.470003928529586e-06
Spirosoma montaniterrae,3.446867326073466e-06
Sulfurospirillum multivorans,3.43271688842961e-06
Bifidobacterium angulatum,3.409535215714854e-06
Gibbsiella quercinecans,3.3904631569381395e-06
Methanoculleus marisnigri,3.321702332992338e-06
Corynebacterium flavescens,3.2945422833385863e-06
Paenibacillus sp. IHBB 10380,3.2936347930778707e-06
Maribacter sp. T28,3.2744451310184885e-06
Pseudomonas amygdali,3.2683968408830923e-06
Klebsiella oxytoca,3.2328684451687906e-06
Cylindrospermum stagnale,3.231107582313264e-06
Actinoalloteichus hymeniacidonis,3.216684116202906e-06
Microterricola viridarii,3.2127411020876908e-06
Prosthecochloris sp. CIB 2401,3.194585855492704e-06
Methylobacterium sp. C1,3.192394700946011e-06
Christensenella sp. Marseille-P3954,3.1695193346559236e-06
Bacillus sp. Y-01,3.1539506860633892e-06
Streptomyces fulvissimus,3.143794541538014e-06
Sphingorhabdus sp. Alg231-15,3.1081536482346905e-06
Aneurinibacillus soli,3.1032350989557143e-06
Methylobacterium radiotolerans,3.0800177583056866e-06
Deinococcus wulumuqiensis,3.074871873876006e-06
Neisseria lactamica,3.070945097882749e-06
Defluviimonas alba,3.0563248373693954e-06
Bordetella genomosp. 13,2.9890302224000463e-06
Blastomonas sp. RAC04,2.987104380958172e-06
Nakamurella sp. s14-144,2.969099820404608e-06
Candidatus Xiphinematobacter sp. Idaho Grape,2.962748206525312e-06
Sphingopyxis sp. WS5A3p,2.962388023730611e-06
Pseudomonas monteilii,2.9612829884229088e-06
Streptomyces sp. CLI2509,2.9510268017007846e-06
Brevundimonas vesicularis,2.938937208463166e-06
Endozoicomonas montiporae,2.9350005001704814e-06
Desulfitobacterium hafniense,2.9242879864499472e-06
Chlorobaculum limnaeum,2.8696046758147633e-06
Deinococcus ficus,2.865007648211737e-06
Polaribacter sp. KT25b,2.8279373738504533e-06
Burkholderia anthina,2.7838281251302277e-06
Micromonospora rifamycinica,2.7458253087919715e-06
Pseudomonas sp. JY-Q,2.7412810351234994e-06
Micromonospora echinospora,2.729312926375016e-06
Streptomyces puniciscabiei,2.7260411137763897e-06
Streptomyces coelicolor,2.7260159096709202e-06
Sphingomonas sp. YZ-8,2.7195399932233856e-06
Burkholderia sp. BDU6,2.685530252310997e-06
Achromobacter sp. MFA1 R4,2.6770069086579083e-06
Streptomyces sp. fd1-xmd,2.6277150936504513e-06
Tenacibaculum sp. SZ-18,2.6260884254503123e-06
Acidovorax sp. JS42,2.6024534260926657e-06
Brachybacterium ginsengisoli,2.584490107215842e-06
Mycolicibacterium chubuense,2.574405447552941e-06
Candidatus Nanopelagicus limnes,2.573417554541102e-06
Micromonospora echinaurantiaca,2.529164344933221e-06
Jeongeupia sp. USM3,2.529129304740252e-06
Saccharothrix espanaensis,2.5245212598834497e-06
Elizabethkingia meningoseptica,2.5148120474938196e-06
Pseudomonas sp. PONIH3,2.470308510371666e-06
Sinorhizobium americanum,2.462237277911505e-06
Ochrobactrum pituitosum,2.4468299883340096e-06
Agrobacterium sp. H13-3,2.4276756833030435e-06
Candidatus Symbiobacter mobilis,2.4171294293440225e-06
Pelobacter acetylenicus,2.4147852961675653e-06
Desulfofarcimen acetoxidans,2.4145249869045314e-06
Aquabacterium olei,2.409511387857499e-06
Magnetococcus marinus,2.39854263635042e-06
Bacillus methanolicus,2.3866255224991305e-06
Spirosoma rigui,2.3648734620351774e-06
Corynebacterium genitalium,2.362952507439786e-06
Halomonas sp. HL-93,2.331400857125132e-06
Blastomonas fulva,2.320454052218146e-06
Neisseria sp. 10023,2.3178580637051027e-06
Limnobaculum parvum,2.2965993359713723e-06
Advenella mimigardefordensis,2.2809624500519377e-06
Wenzhouxiangella marina,2.2669546030140707e-06
Sphingobium sp. TKS,2.24912359154672e-06
Lysobacter antibioticus,2.2196782306860286e-06
Mycobacterium paraintracellulare,2.21521265424407e-06
Starkeya novella,2.2055073494620105e-06
Enterobacter sp. 638,2.1928560347328484e-06
Selenomonas ruminantium,2.1899834611316393e-06
Candidatus Desulfofervidus auxilii,2.178777927808184e-06
Microbulbifer thermotolerans,2.162093955515587e-06
Acidiferrobacter sp. SPIII_3,2.1151181756939862e-06
Salinispora arenicola,2.1120138480323902e-06
Methylacidiphilum infernorum,2.0951764126087014e-06
Plantactinospora sp. BB1,2.0826012803176752e-06
Megasphaera stantonii,2.0725704049207037e-06
Lonsdalea britannica,2.0698340542857353e-06
Thauera aromatica,2.0637672934809003e-06
Cyanothece sp. ATCC 51142,2.0606138536383155e-06
Gammaproteobacteria bacterium DM2,2.0561117505257798e-06
Sphingomonas sp. KC8,2.0366560165685497e-06
Xanthomonas vasicola,2.0307681816600366e-06
Enterococcus sp. FDAARGOS_553,2.027478806132521e-06
Celeribacter ethanolicus,1.9916706010203456e-06
Pseudomonas taetrolens,1.98176530066263e-06
Chelativorans sp. BNC1,1.9797328280724e-06
Citromicrobium sp. JL477,1.9792825617370724e-06
Halomonas sp. hl-4,1.9552163498692822e-06
Rhodococcus sp. H-CA8f,1.948604717649793e-06
Sinorhizobium medicae,1.928563030095809e-06
Novosphingobium tardaugens,1.926425695431e-06
Paenibacillus mucilaginosus,1.925496250865244e-06
Flavobacteriaceae bacterium UJ101,1.925413782499774e-06
Sphingobium indicum,1.9132505577390545e-06
Nitrospira moscoviensis,1.9080044215247225e-06
Delftia tsuruhatensis,1.902200108894192e-06
Pseudomonas synxantha,1.8811524293393945e-06
Sulfitobacter sp. SK025,1.8799579469153116e-06
Acetobacter senegalensis,1.8679007430355555e-06
Serratia sp. SCBI,1.8658709812546802e-06
Thermacetogenium phaeum,1.865348647545062e-06
Fictibacillus phosphorivorans,1.8619292109667284e-06
Cronobacter dublinensis,1.857955417494672e-06
Algibacter alginicilyticus,1.85610185634566e-06
Streptomyces antibioticus,1.8397816214932305e-06
Gramella flava,1.8203487562873377e-06
Erythrobacter sp. HL-111,1.8034304874792183e-06
Rhodococcus rhodochrous,1.7828824822263557e-06
Vibrio alginolyticus,1.7653008709705986e-06
Auraticoccus monumenti,1.7590141510481771e-06
Ruegeria sp. AD91A,1.742660879200386e-06
Coriobacteriaceae bacterium 68-1-3,1.7187026964959884e-06
Clostridium bornimense,1.7119551049216143e-06
Pelobacter propionicus,1.7096615186229513e-06
Hymenobacter swuensis,1.7001585340459257e-06
Cupriavidus gilardii,1.695868968210057e-06
Halorhabdus utahensis,1.6884738839539893e-06
Acidithiobacillus ferrivorans,1.685013755570175e-06
Microbacterium sp. CGR1,1.6686483282013499e-06
Novibacillus thermophilus,1.656033908337129e-06
Nonlabens sp. MIC269,1.64730134335489e-06
Nitrosomonas eutropha,1.6355254140565379e-06
Enterobacteriaceae bacterium w6,1.6295254674503212e-06
Halobacillus halophilus,1.6162425939159064e-06
Micromonospora tulbaghiae,1.6118854007762807e-06
Chlorobaculum tepidum,1.594191339360229e-06
Desulfohalobium retbaense,1.5910614766578845e-06
Rubrobacter indicoceani,1.583101903301909e-06
Pseudomonas sp. LTJR-52,1.575255546071297e-06
Legionella oakridgensis,1.5682430007712966e-06
Citrobacter braakii,1.5609962825013923e-06
Shewanella sp. ANA-3,1.5596742959811393e-06
Parvibaculum lavamentivorans,1.5563754727887514e-06
Cellulosimicrobium sp. TH-20,1.548587262378831e-06
Pseudomonas pseudoalcaligenes,1.5478249990596993e-06
Verrucomicrobium sp. GAS474,1.5477056700241576e-06
Halomonas sp. GT,1.5476270291747695e-06
Micromonospora sp. L5,1.5402176988033033e-06
Sphingobium sp. YBL2,1.5402002438325013e-06
Paenibacillus durus,1.5383494503806716e-06
Thiomonas intermedia,1.5357324138154383e-06
Bacillus litoralis,1.5253720526242632e-06
Roseiflexus castenholzii,1.5250207685113538e-06
Microbacterium paraoxydans,1.513840330180649e-06
Comamonas serinivorans,1.5000123607222804e-06
Actinotignum schaalii,1.4835872811369555e-06
Corynebacterium atypicum,1.483041091199233e-06
Oceanithermus profundus,1.4748290445343314e-06
Chryseobacterium joostei,1.4642665147723833e-06
Arsenicicoccus sp. oral taxon 190,1.4640537808308097e-06
Pseudomonas salegens,1.4633010476661212e-06
Methanosphaerula palustris,1.4492323742842928e-06
Geoalkalibacter subterraneus,1.4212861825679823e-06
Flavobacterium arcticum,1.4208997561437898e-06
Klebsiella michiganensis,1.4182180562816172e-06
Mycobacterium chimaera,1.4131300543285264e-06
Pontimonas salivibrio,1.4127278259890019e-06
Paenibacillus sp. FSL R7-0273,1.4101894103557555e-06
Candidatus Saccharibacteria oral taxon TM7x,1.3979739067027098e-06
Anaeromyxobacter sp. K,1.3955215135696974e-06
Yersinia massiliensis,1.3909392621469507e-06
Corynebacterium efficiens,1.3859661899262576e-06
Leisingera methylohalidivorans,1.3848483376932564e-06
Corynebacterium doosanense,1.3812905748977754e-06
Salinimonas sp. N102,1.376632080418716e-06
Actinobacteria bacterium IMCC26256,1.368845101534788e-06
Crinalium epipsammum,1.3526523218843068e-06
Erythrobacter seohaensis,1.3270560016653833e-06
Rhodobacter sphaeroides,1.316861092726107e-06
Stenotrophomonas sp. SAU14A_NAIMI4_8,1.312698534650103e-06
Pseudomonas sp. DR 5-09,1.3118765780806285e-06
Nitratiruptor sp. SB155-2,1.3046771353719677e-06
Bordetella holmesii,1.2908542100120712e-06
Woeseia oceani,1.286899744767922e-06
Pseudanabaena sp. PCC 7367,1.2860929862412719e-06
Leptospirillum ferrooxidans,1.2832612155344592e-06
Gordonibacter urolithinfaciens,1.2819633255833906e-06
Polynucleobacter wuianus,1.2711861472114449e-06
Roseovarius mucosus,1.269781357438049e-06
Saccharopolyspora erythraea,1.2632578830995556e-06
Azoarcus sp. SY39,1.2514758721993146e-06
Thermodesulfovibrio yellowstonii,1.25030484126043e-06
Anabaena sp. WA102,1.2336062633178102e-06
Halomonas chromatireducens,1.2323101064026787e-06
Dehalogenimonas lykanthroporepellens,1.2277893787215888e-06
Rhodococcus sp. P1Y,1.2156016170328243e-06
Nostocales cyanobacterium HT-58-2,1.2057404658705196e-06
Halorubrum trapanicum,1.2005691460981183e-06
Corynebacterium ulcerans,1.1985319008589458e-06
Desulfosporosinus youngiae,1.1878559389888465e-06
Cnuibacter physcomitrellae,1.1636652357038812e-06
Salinisphaera sp. LB1,1.1595275517084503e-06
Acetobacter oryzifermentans,1.1440104702220565e-06
Serratia sp. FDAARGOS_506,1.1436637708861496e-06
Maribacter cobaltidurans,1.1393569857576225e-06
Oxalobacter formigenes,1.135321092404773e-06
Paraburkholderia sprentiae,1.1289728456986836e-06
Pseudonocardia sp. AL041005-10,1.11704473899632e-06
Nonlabens marinus,1.1161533255865663e-06
Limnochorda pilosa,1.1100887984394348e-06
Lysobacter sp. TY2-98,1.1068368267252992e-06
Petrimonas mucosa,1.1034731126402519e-06
Acinetobacter radioresistens,1.102207478731465e-06
Sanguibacter keddieii,1.0866595639980048e-06
Wenyingzhuangia fucanilytica,1.0737290432771828e-06
Bordetella flabilis,1.070535281777474e-06
Capnocytophaga stomatis,1.0530608951953013e-06
Solimonas sp. K1W22B-7,1.049343940007219e-06
Acidaminococcus fermentans,1.0493430688596205e-06
Corynebacterium minutissimum,1.047644668727976e-06
Rhodovulum sp. P5,1.0343036421112117e-06
Obesumbacterium proteus,1.0302765526715163e-06
Clostridium kluyveri,1.0271003068051954e-06
Corynebacterium lactis,1.0071164942671019e-06
Dehalogenimonas formicexedens,1.003240092090074e-06
Oscillibacter valericigenes,9.741017798825523e-07
Neisseria polysaccharea,9.666224550120006e-07
Pseudomonas cedrina,9.65554302023719e-07
Marinobacter salinus,9.650324415799716e-07
Rhodovulum sulfidophilum,9.58420509111768e-07
Erythrobacter gangjinensis,9.392500632143807e-07
Bacillus sp. OxB-1,9.390578953327733e-07
Celeribacter baekdonensis,9.354613257572808e-07
Planococcus antarcticus,9.301003298878285e-07
Halomonas huangheensis,9.27780964166125e-07
Azoarcus sp. KH32C,9.133227752755602e-07
Dehalococcoides mccartyi,9.09999663134542e-07
Kosakonia oryzae,9.065823772580473e-07
Chloroherpeton thalassium,8.949310144723555e-07
Ornithinimicrobium sp. AMA3305,8.889840144465921e-07
Pseudomonas sp. phDV1,8.84226177833014e-07
Epibacterium mobile,8.79122028596413e-07
Geobacter anodireducens,8.698467472090243e-07
Streptomyces olivoreticuli,8.694914747087168e-07
Clostridium taeniosporum,8.694335911663131e-07
Kyrpidia tusciae,8.674266000152641e-07
Aminobacterium colombiense,8.661679336441352e-07
Bacillus foraminis,8.596824325524111e-07
Thermanaerovibrio acidaminovorans,8.548834291577379e-07
Maribacter sp. HTCC2170,8.536673699266472e-07
Zunongwangia profunda,8.517909929839362e-07
Bacillus kochii,8.512030878593535e-07
Clostridium isatidis,8.460095021423086e-07
Ectothiorhodospira sp. BSL-9,8.260264120041328e-07
Vibrio diabolicus,8.222142950486955e-07
Actinomyces sp. Chiba101,8.210912728623398e-07
Clostridium novyi,8.194567286068377e-07
Formosa sp. Hel1_33_131,8.153335730343158e-07
Thermosynechococcus sp. NK55a,8.00553118063263e-07
Mycobacterium liflandii,7.998780993112575e-07
Runella slithyformis,7.975663020021173e-07
Pseudomonas sp. LTGT-11-2Z,7.827366061086138e-07
Tistrella mobilis,7.646395039362375e-07
Pseudoxanthomonas suwonensis,7.524809739312133e-07
Halothece sp. PCC 7418,7.503343864234679e-07
Rhodothermus marinus,7.493212748510558e-07
Marinithermus hydrothermalis,7.435894847196423e-07
Rhizobium sp. S41,7.395439223900624e-07
Maritalea myrionectae,7.333499558059841e-07
Brachybacterium faecium,7.130464345639353e-07
Micromonospora aurantiaca,7.103725505608338e-07
Nodularia spumigena,7.09437038515226e-07
Rhodococcus fascians,7.012032100073285e-07
Castellaniella defragrans,7.001861330957482e-07
Cobetia marina,6.992430259478155e-07
Desulfuromonas sp. DDH964,6.967823917847227e-07
Paenibacillus sp. Y412MC10,6.880486563609623e-07
Rhodocyclaceae bacterium,6.844414530027265e-07
Paenibacillus yonginensis,6.796329049540972e-07
Adlercreutzia equolifaciens,6.740199948840342e-07
Clostridium sp. SY8519,6.609672591251226e-07
Dyadobacter fermentans,6.593406914445766e-07
Stenotrophomonas sp. ZAC14D2_NAIMI4_6,6.578840186843849e-07
Rhodococcus sp. PBTS 1,6.472250320577188e-07
Lacimicrobium alkaliphilum,6.44524590875939e-07
Solibacillus sp. R5-41,6.34950927635991e-07
Rhodospirillum centenum,6.297421913492585e-07
Eikenella corrodens,6.286411211142707e-07
Escherichia albertii,6.276802392957137e-07
Croceibacter atlanticus,6.258601839892464e-07
Cyanobium gracile,6.221472161671571e-07
Neisseria sp. KEM232,6.192425798356993e-07
Thermus scotoductus,6.142673747211447e-07
Aurantimicrobium sp. MWH-Mo1,6.05951775756175e-07
Carboxydocella thermautotrophica,5.890852801782032e-07
Streptomyces sp. ZFG47,5.868994367164149e-07
Paenibacillaceae bacterium GAS479,5.815213145243803e-07
Bacillus smithii,5.795252943086027e-07
Micromonospora coriariae,5.735412797136519e-07
Bacteroides caecimuris,5.594854545210026e-07
Scytonema sp. NIES-4073,5.593678722659589e-07
Spongiibacter sp. IMCC21906,5.586668185619814e-07
Salinimonas sp. HMF8227,5.538472912514081e-07
Lactococcus lactis,5.524477471929856e-07
Actinomyces pacaensis,5.473549054002547e-07
Pseudomonas sp. R11-23-07,5.42331177610933e-07
Prosthecochloris sp. GSB1,5.419885128254976e-07
Fibrobacter succinogenes,5.377354501234777e-07
Clostridium baratii,5.25705633180884e-07
Polaribacter sp. ALD11,5.070693109843205e-07
Polynucleobacter difficilis,5.03063440238094e-07
Pseudomonas sp. S-6-2,5.030466491362517e-07
Pseudomonas psychrophila,4.969577149349647e-07
Winogradskyella sp. PC-19,4.954886023034177e-07
Devriesea agamarum,4.894976245228833e-07
Deinococcus geothermalis,4.85325922006119e-07
Corynebacterium terpenotabidum,4.817749084340406e-07
Prosthecochloris aestuarii,4.781023761113446e-07
Alteromonas sp. RKMC-009,4.7023413747293573e-07
Achromobacter spanius,4.691335421691534e-07
Gramella salexigens,4.596815350366157e-07
Chlorobium phaeobacteroides,4.570023939276524e-07
Dermabacter vaginalis,4.4361964499639586e-07
Coriobacterium glomerans,4.2687128232188343e-07
Cloacibacillus porcorum,4.255520568818838e-07
Shewanella oneidensis,4.245769993582726e-07
Mycobacteroides immunogenum,4.2294424980049427e-07
Methylobacterium nodulans,4.219221443335641e-07
Corynebacterium uterequi,4.1730846536136566e-07
Thermosynechococcus elongatus,4.1729546267355034e-07
Halomonas sp. A3H3,4.17086225823482e-07
Desulfomicrobium baculatum,4.0784554848904976e-07
Alcanivorax xenomutans,4.06410780673383e-07
Lysinibacillus sp. Marseille-P5727,4.046177983330068e-07
Paenibacillus peoriae,3.997353912987833e-07
Pseudonocardia dioxanivorans,3.9962786222424997e-07
Denitrobacterium detoxificans,3.9712152308801765e-07
Pseudomonas mucidolens,3.9626685264249064e-07
Idiomarina loihiensis,3.807698008451155e-07
Mycobacterium sp. JLS,3.770325324614632e-07
Halomicronema hongdechloris,3.714623973971598e-07
Parvularcula bermudensis,3.684457758668103e-07
Jatrophihabitans sp. GAS493,3.657030802628469e-07
archaeon AArc-Sl,3.5949252124023446e-07
Desulfallas gibsoniae,3.5917811906927e-07
Sorangium cellulosum,3.58777839615243e-07
Lacinutrix sp. Bg11-31,3.493296746093222e-07
Brevibacterium aurantiacum,3.4722067629999744e-07
Xylella taiwanensis,3.391556953058483e-07
Xylella fastidiosa,3.390937993952292e-07
Enterobacteriaceae bacterium ENNIH1,3.3909355208194824e-07
Mordavella sp. Marseille-P3756,3.3805033865519364e-07
Thioflavicoccus mobilis,3.3361044171620335e-07
Pseudomonas litoralis,3.3292200549706055e-07
Pseudomonas extremaustralis,3.286363110532875e-07
Pseudopedobacter saltans,3.285479816650394e-07
Rhizobium sp. CCGE531,3.262869418652059e-07
Rhizobium sp. IE4771,3.2498771083133706e-07
Brachybacterium sp. VR2415,3.2438884387531177e-07
Bacillus paralicheniformis,3.195412958678645e-07
Xanthomonas phaseoli,3.1923459127281005e-07
Echinicola vietnamensis,3.1905839261714417e-07
Paenibacillus naphthalenovorans,3.1751636004884175e-07
Serratia sp. ATCC 39006,3.134765881762647e-07
Haloarcula taiwanensis,3.0741562606628747e-07
Salipiger profundus,3.0325312483370226e-07
Tannerella sp. oral taxon HOT-286,2.9477031986413494e-07
Paraoerskovia marina,2.9150954679035833e-07
Yersinia kristensenii,2.847744716261147e-07
Chelatococcus daeguensis,2.8075630027490915e-07
Desulfococcus multivorans,2.7282646295478943e-07
Paracoccus sp. BM15,2.7271622342617264e-07
Paenibacillus sp. 32O-W,2.677332796574561e-07
Corynebacterium mycetoides,2.616126554277898e-07
Thermoanaerobacterium thermosaccharolyticum,2.5907761176391374e-07
Sedimenticola thiotaurini,2.5705976898215964e-07
Bacteroides helcogenes,2.562354785018428e-07
Rubinisphaera brasiliensis,2.542991506038206e-07
Cellulosilyticum lentocellum,2.46453681440606e-07
Treponema brennaborense,2.4214476121997566e-07
Morganella morganii,2.390625544190783e-07
[Clostridium] sphenoides,2.381230733483619e-07
Pseudomonas sp. 09C 129,2.3608662738094922e-07
Desulfotomaculum ruminis,2.334202144016473e-07
Brucella melitensis,2.3072772725729607e-07
Corynebacterium choanis,2.250808031067919e-07
Chlorobaculum parvum,2.209917441708953e-07
Zymobacter palmae,2.0451006550459282e-07
Pseudomonas saudiphocaensis,2.0127295228267172e-07
Slackia heliotrinireducens,2.0047797069100426e-07
Thiomicrospira aerophila,1.9875168719707403e-07
Ferrimonas balearica,1.977168026412457e-07
Oligella urethralis,1.9547846805689772e-07
Magnetospirillum sp. XM-1,1.9461324636260712e-07
Mycobacteroides chelonae,1.940831122926312e-07
Altererythrobacter sp. ZODW24,1.913589106505853e-07
Corynebacterium vitaeruminis,1.9100933723592561e-07
Nitrospira japonica,1.8690132050913632e-07
Immundisolibacter cernigliae,1.8563339603261398e-07
Muricauda lutaonensis,1.7965747036718938e-07
Deinococcus puniceus,1.7834179486531098e-07
Salinibacter ruber,1.7777815994879375e-07
Dickeya sp. DW 0440,1.7499913989027506e-07
Clostridium chauvoei,1.7311143716280952e-07
Brucella sp. 141012304,1.6981819019878941e-07
Vibrio scophthalmi,1.6901463808505213e-07
Anoxybacillus amylolyticus,1.6448676511959804e-07
Zobellella denitrificans,1.6388762831276437e-07
Bifidobacterium scardovii,1.6255576442691933e-07
Magnetospirillum gryphiswaldense,1.6174341643804269e-07
Synechococcus sp. WH 8109,1.5892111362436623e-07
Sulfitobacter sp. SK011,1.53715003792243e-07
Planctomyces sp. SH-PL14,1.5322235191739253e-07
Acinetobacter soli,1.5205579473320796e-07
Citrobacter freundii complex sp. CFNIH2,1.5202890659704594e-07
Capnocytophaga haemolytica,1.514229191146299e-07
Erythrobacter sp. YH-07,1.5111403461887107e-07
Gordonibacter pamelaeae,1.48974774183408e-07
Synechococcus sp. NIES-970,1.4807360759760968e-07
Corynebacterium glaucum,1.477361033508373e-07
Gloeocapsa sp. PCC 7428,1.457118399272872e-07
Methanosaeta harundinacea,1.405171486501544e-07
Bifidobacterium thermophilum,1.39031128987277e-07
Synechococcus sp. JA-2-3B'a(2-13),1.3115289634324512e-07
Actinobacillus succinogenes,1.2749963484992577e-07
Salinicoccus halodurans,1.2719395003912837e-07
Fervidobacterium islandicum,1.265884760570657e-07
Phaeobacter porticola,1.260415472215115e-07
Bifidobacterium animalis,1.2343381461388248e-07
Paenibacillus sabinae,1.2286767772096142e-07
Thauera chlorobenzoica,1.2145521075535015e-07
Octadecabacter temperatus,1.2140123688553218e-07
Cellvibrio japonicus,1.2018766426535876e-07
Pragia fontium,1.199638001603276e-07
Rhodococcus sp. B7740,1.1967918525090938e-07
Candidatus Babela massiliensis,1.1870490213006235e-07
Salinispira pacifica,1.1710419569599396e-07
Pseudodesulfovibrio profundus,1.1576334342233708e-07
Laceyella sacchari,1.1412565315005452e-07
Mariprofundus aestuarium,1.1278895208910456e-07
Christensenella massiliensis,1.1187948800728265e-07
Enterobacter roggenkampii,1.0797963216901962e-07
Tsukamurella paurometabola,1.0761565676364881e-07
Deinococcus radiodurans,1.067651527186797e-07
Paenibacillus physcomitrellae,1.0411229536266831e-07
Haloplanus aerogenes,1.0297533785674773e-07
Pseudomonas sp. CCOS 191,1.0103799930050172e-07
Odoribacter splanchnicus,9.971297096900144e-08
Acetobacter ghanensis,9.940498415517141e-08
Bartonella apis,9.629012085454746e-08
Leminorella richardii,9.550925459400616e-08
Aneurinibacillus sp. XH2,9.501480846552113e-08
Vibrio harveyi,9.478633098414235e-08
Candidatus Bipolaricaulis anaerobius,9.419416464595543e-08
Heliobacterium modesticaldum,9.343297753261482e-08
Rhodobacteraceae bacterium BAR1,8.84874570061811e-08
Haloplanus sp. CBA1112,8.848745698397664e-08
Haematospirillum jordaniae,8.728586786688197e-08
Vibrio furnissii,8.728586786688197e-08
Neisseria zoodegmatis,8.728586786688197e-08
Pelodictyon phaeoclathratiforme,8.698634923476334e-08
Actinomyces radicidentis,8.584718929061097e-08
Tenacibaculum mesophilum,8.371163695564121e-08
Edwardsiella hoshinae,8.277557022040582e-08
Nitratifractor salsuginis,8.109187576987864e-08
Amycolatopsis methanolica,7.848018479528207e-08
Corynebacterium argentoratense,7.65282094583597e-08
Rufibacter sp. DG15C,7.284013046060522e-08
Desulfovibrio salexigens,7.164165540807233e-08
Treponema primitia,7.1181214322813e-08
Altererythrobacter sp. NS1,6.630428235343544e-08
Exiguobacterium sp. AT1b,6.403142958077978e-08
Propionibacterium sp. oral taxon 193,6.254510365177879e-08
Microbacterium sp. No. 7,5.860671143942398e-08
Pajaroellobacter abortibovis,5.8235157718300455e-08
Halioglobus japonicus,5.5881325655704474e-08
Rhizobium sp. Y9,5.3701352631385643e-08
Robiginitalea biformata,5.36202483525372e-08
Gramella sp. MAR_2010_147,5.3332139571260485e-08
Natronobacterium gregoryi,5.311566013688207e-08
Anaerolineaceae bacterium oral taxon 439,5.1937535139323644e-08
Streptomyces collinus,4.9516329791998716e-08
Marivivens sp. JLT3646,4.672430962138208e-08
Chlorobium limicola,4.520198984003798e-08
Phaeobacter sp. LSS9,4.4743265825708536e-08
Aeromonas sp. CU5,4.423392006014382e-08
Olsenella sp. GAM18,4.090640999265816e-08
Flavobacteriaceae bacterium MAR_2010_188,4.018829948826408e-08
Bacillus marisflavi,3.983574681232227e-08
[Bacillus] selenitireducens,3.850451562037449e-08
Brucella vulpis,3.844742562097991e-08
Spirochaeta africana,3.815762827930058e-08
Bacillus filamentosus,3.684045066787434e-08
Rathayibacter tritici,3.67525876177055e-08
Pectobacterium atrosepticum,3.398878325455712e-08
Chryseobacterium sp. StRB126,3.336090605987607e-08
Deinococcus swuensis,3.2728185361818875e-08
Clostridium carboxidivorans,3.059120046167152e-08
Desulfovibrio magneticus,3.021603092179248e-08
Rhodobacteraceae bacterium QY30,2.9422604641560212e-08
Roseiflexus sp. RS-1,2.7224089849120504e-08
Chania multitudinisentens,2.632405857738718e-08
Paenibacillus sp. CAA11,2.5697647298983383e-08
Lachnoclostridium sp. YL32,2.5231470690556534e-08
Flavobacterium sp. HYN0049,2.3517630465264005e-08
Elizabethkingia anophelis,2.280181843339335e-08
Thiomicrospira cyclica,2.2582719605424016e-08
Streptomyces virus Amela,2.2396009380365456e-08
Shewanella loihica,2.1906077529720845e-08
Bradyrhizobium sp. BTAi1,2.1546693496077295e-08
Acidithiobacillus ferrooxidans,2.006447175073589e-08
Thermus sp. CCB_US3_UF1,1.942636640439588e-08
Burkholderiales bacterium GJ-E10,1.672570093536052e-08
Corynebacterium camporealensis,1.290359721295431e-08
Syntrophomonas wolfei,1.2722881281845843e-08
Acinetobacter schindleri,1.2237803947989789e-08
Gramella sp. MAR_2010_102,1.215963216782967e-08
Streptomyces sp. HNM0039,1.1892017193204652e-08
Idiomarina sp. OT37-5b,1.1654060938504074e-08
Shewanella benthica,1.139685312789851e-08
Haloterrigena turkmenica,9.270761736068778e-09
Desulfotomaculum nigrificans,8.411857566059667e-09
Cloacibacterium normanense,6.376864880586197e-09
Synechococcus sp. PCC 7502,5.950548964683833e-09
Neisseria sicca,5.7378958695508684e-09
Geobacillus genomosp. 3,5.689828252997131e-09
Synechococcus sp. CC9605,5.366287347818854e-09
Fischerella sp. NIES-3754,4.998626979002552e-09
Oscillibacter sp. PEA192,4.555972688002896e-09
Candidatus Planktophila dulcis,3.927332592468247e-09
Kushneria konosiri,3.256981084831523e-09
Gordonia terrae,2.422164735449428e-09
Endomicrobium proavitum,2.174971114321522e-09
Turicibacter sp. H121,2.0081962537332743e-09
Legionella pneumophila,1.4446650986599252e-09
Chryseobacterium arthrosphaerae,1.1575523650719789e-09
Candidatus Cloacimonas acidaminovorans,1.1166420454955528e-09
Aurantimicrobium minutum,8.422393449336596e-10
Vibrio vulnificus,7.501432586209944e-10
Thermovirga lienii,6.137996333421824e-10
Lactobacillus sakei,0.0
Legionella fallonii,0.0
Lactobacillus zymae,0.0
Synechococcus sp. PCC 7003,0.0
Sulfurospirillum cavolei,0.0
Corynebacterium riegelii,0.0
Synechococcus lividus,0.0
Synechococcus sp. CC9311,0.0
Desulfovibrio alaskensis,0.0
Denitrovibrio acetiphilus,0.0
Neisseria cinerea,0.0
Coxiella burnetii,0.0
Ignavibacterium album,0.0
Thermococcus eurythermalis,0.0
Arcanobacterium haemolyticum,0.0
Cronobacter malonaticus,0.0
Thauera hydrothermalis,0.0
Thermanaeromonas toyohensis,0.0
Rhodococcus biphenylivorans,0.0
Cryptobacterium curtum,0.0
Corynebacterium singulare,0.0
Hydrogenovibrio crunogenus,0.0
Vibrio anguillarum,0.0
Vibrio cholerae,0.0
Vibrio mediterranei,0.0
Vibrio nigripulchritudo,0.0
Corynebacterium xerosis,0.0
Brucella sp. 09RB8471,0.0
Brucella sp. 09RB8910,0.0
Borrelia hermsii,0.0
Brevefilum fermentans,0.0
Acinetobacter sp. WCHA45,0.0
[Clostridium] saccharolyticum,0.0
Acetohalobium arabaticum,0.0
Idiomarinaceae bacterium HL-53,0.0
Yersinia rohdei,0.0
Acinetobacter wuhouensis,0.0
Marinobacter similis,0.0
Synechococcus sp. KORDI-100,0.0
[Eubacterium] minutum,0.0
Negativicoccus massiliensis,0.0
Gardnerella vaginalis,0.0
Flexistipes sinusarabici,0.0
Geitlerinema sp. PCC 7407,0.0
Glaciecola nitratireducens,0.0
Glaesserella parasuis,0.0
Anabaenopsis circularis,0.0
Thermoplasmatales archaeon BRNA1,0.0
Methanothrix soehngenii,0.0
Proteus vulgaris,0.0
Providencia stuartii,0.0
Pseudomonas phage phiPsa374,0.0
Thermodesulfatator indicus,0.0
Thermodesulfobacterium geofontis,0.0
Haemophilus influenzae,0.0
Pseudodesulfovibrio piezophilus,0.0
Carboxydothermus hydrogenoformans,0.0
Calothrix sp. PCC 7507,0.0
Campylobacter gracilis,0.0
Photobacterium gaetbulicola,0.0
Pacmanvirus A23,0.0
Polaribacter sp. BM10,0.0
Polaribacter sp. Hel1_33_78,0.0
Polaribacter sp. SA4-10,0.0
Polaribacter vadi,0.0
Paenibacillus kribbensis,0.0
Oscillatoria acuminata,0.0
Bacteroidales bacterium CF,0.0
Bacteroides cellulosilyticus,0.0
Bordetella genomosp. 6,0.0
Nostoc sp. CENA543,0.0
Nostoc sp. PCC 7107,0.0
Oceanobacillus iheyensis,0.0
Listeria innocua,0.0
Microbulbifer agarilyticus,0.0
Microbulbifer sp. A4B17,0.0
Shewanella psychrophila,0.0
Shewanella sp. FDAARGOS_354,0.0
Bathymodiolus septemdierum thioautotrophic gill symbiont,0.0
Bdellovibrio exovorus,0.0
Shewanella pealeana,0.0
Serratia sp. SSNIH1,0.0
Shewanella algae,0.0
Proteus mirabilis,0.0
Methanoregula boonei,0.0
Methanosarcina barkeri,0.0
Methanosarcina mazei,0.0
Pseudoalteromonas piscicida,0.0
Pseudoalteromonas sp. 13-15,0.0
Pseudoalteromonas spongiae,0.0
Actinobacteria bacterium IMCC26077,0.0
Winogradskyella sp. RHA_55,0.0
[Clostridium] bolteae,0.0
Acinetobacter sp. ACNIH1,0.0
Acetomicrobium mobile,0.0
Nostoc piscinale,0.0
Nostoc carneum,0.0
Nonlabens sp. MB-3u-79,0.0
Nonlabens sp. Hel1_33_55,0.0
Halomonas campaniensis,0.0
Bacillus pseudofirmus,0.0
Bacillus sp. FJAT-45348,0.0
Beggiatoa leptomitoformis,0.0
Lacinutrix sp. 5H-3-7-4,0.0
Lacinutrix venerupis,0.0
Aeromonas dhakensis,0.0
Aeromonas rivipollensis,0.0
Bacillus cellulosilyticus,0.0
Streptomyces sp. ICC1,0.0
Desulfitobacterium metallireducens,0.0
Bacillus beveridgei,0.0
Kushneria marisflavi,0.0
Leptospira kmetyi,0.0
Leptospira santarosai,0.0
Leptospirillum ferriphilum,0.0
Alcanivorax pacificus,0.0
Bifidobacterium kashiwanohense,0.0
Leptospira interrogans,0.0
Oscillatoriales cyanobacterium JSC-12,0.0
Peptoclostridium acidaminophilum,0.0
Paenibacillus bovis,0.0
Sedimentisphaera cyanobacteriorum,0.0
Sediminicola sp. YIK13,0.0
Aggregatibacter actinomycetemcomitans,0.0
Aggregatibacter aphrophilus,0.0
Aggregatibacter segnis,0.0
Clostridium acetobutylicum,0.0
Citrobacter rodentium,0.0
Dactylococcopsis salina,0.0
Jonesia denitrificans,0.0
Dehalobacter restrictus,0.0
Corynebacterium diphtheriae,0.0
Rhodoluna lacicola,0.0
Ruminococcaceae bacterium CPB6,0.0
Ketobacter alkanivorans,0.0
Ruminococcus champanellensis,0.0
Mycobacterium sp. QIA-37,0.0
Dialister sp. Marseille-P5638,0.0
Salimicrobium jeotgali,0.0
Elizabethkingia ursingii,0.0
Elusimicrobium minutum,0.0
Legionella spiritensis,0.0
Aurantimicrobium sp. MWH-Uga1,0.0
Aureitalea sp. RR4-38,0.0
Clostridium septicum,0.0
Clostridium sp. JN500901,0.0
Corynebacterium deserti,0.0
Methylorubrum zatmanii,0.0
Rivularia sp. PCC 7116,0.0
Stenotrophomonas nitritireducens,0.0
Olleya sp. Bg11-27,0.0
Geobacillus thermocatenulatus,0.0
Legionella hackeliae,0.0
Candidatus Planktophila versatilis,0.0
Candidatus Profftella armatura,0.0
Methanofollis liminatans,0.0
Methanolacinia petrolearia,0.0
Citrobacter farmeri,0.0
Lactobacillus mucosae,0.0
Treponema sp. OMZ 838,0.0
Flavivirga eckloniae,0.0
Flagellimonas sp. HME9304,0.0
Hydromonas sp. F02,0.0
Candidatus Nanopelagicus hibericus,0.0
Candidatus Azobacteroides pseudotrichonymphae,0.0
Ndongobacter massiliensis,0.0
Candidatus Methanomethylophilus alvus,0.0
Chloroflexus aggregans,0.0
Selenomonas sp. oral taxon 136,0.0
Klebsiella quasipneumoniae,0.0
Chromobacterium sp. IIBBL 274-1,0.0
Thermotoga petrophila,0.0
Selenomonas sp. oral taxon 478,0.0
Seonamhaeicola sp. S2-3,0.0
Candidatus Desulforudis audaxviator,0.0
Bacteroides zoogleoformans,0.0
Lutibacter sp. LPB0138,0.0
Thermotoga sp. 2812B,0.0
Thermus parvatiensis,0.0
Methanolinea tarda,0.0
Methanopyrus sp. KOL6,0.0
Candidatus Protochlamydia naegleriophila,0.0
Capnocytophaga leadbetteri,0.0
Pleurocapsa minor,0.0
Polaribacter reichenbachii,0.0
Lactobacillus casei,0.0
Lactobacillus curvatus,0.0
Sphaerochaeta globosa,0.0
Candidatus Planktophila lacus,0.0
Lachnoclostridium phocaeense,0.0
Candidatus Methylopumilus planktonicus,0.0
Clostridium drakei,0.0
Clostridium scatologenes,0.0
Desulfotomaculum ferrireducens,0.0
Haloplanus sp. CBA1113,0.0
Thermoanaerobacter siderophilus,0.0
Thermoanaerobacterales bacterium SK-G1,0.0
Thermoanaerobacterium sp. RBIITD,0.0
Caldanaerobacter subterraneus,0.0
Nitrosococcus oceani,0.0
Cyanothece sp. PCC 7822,0.0
Tatlockia micdadei,0.0
Virgibacillus sp. 6R,0.0
Virgibacillus sp. Bac332,0.0
Megasphaera elsdenii,0.0
Melioribacter roseus,0.0
Methanocorpusculum labreanum,0.0
Formosa sp. Hel3_A1_48,0.0
Parascardovia denticolens,0.0
Calothrix sp. NIES-3974,0.0
Fusobacterium nucleatum,0.0
Paracoccus aminophilus,0.0
Gloeomargarita lithophora,0.0
Caldisericum exile,0.0
Megasphaera hexanoica,0.0
Shewanella halifaxensis,0.0
endosymbiont of Acanthamoeba sp. UWC8,0.0
Prevotella enoeca,0.0
Salinivirga cyanobacteriivorans,0.0
Burkholderiales bacterium YL45,0.0
Mycoplasma pneumoniae,0.0
Haloarcula sp. CBA1115,0.0
Chlorobium phaeovibrioides,0.0
Anabaena sp. 90,-3.334938769583573e-10
Meiothermus ruber,-3.4454110675596893e-10
Olsenella sp. oral taxon 807,-9.068539474910154e-10
Rhodobacteraceae bacterium,-9.403893219683823e-10
Komagataeibacter xylinus,-9.954268742617955e-10
Kyrpidia spormannii,-1.3255077035978502e-09
Halalkalicoccus jeotgali,-1.3706016543935106e-09
Thermanaerovibrio velox,-1.4064263975654968e-09
Fluoribacter dumoffii,-1.4192851782723892e-09
Moraxella bovoculi,-1.4891940347538935e-09
Microbulbifer aggregans,-1.5798073293993298e-09
Corynebacterium striatum,-2.053710912441886e-09
Jannaschia sp. CCS1,-3.398745862526198e-09
Ottowia sp. oral taxon 894,-3.76466640084061e-09
Acinetobacter baumannii,-4.022285393645575e-09
Rhodovulum sp. MB263,-4.7087358234776385e-09
Rhodobaca barguzinensis,-4.736488090628654e-09
Polaribacter sp. MED152,-5.148466430959786e-09
Glutamicibacter arilaitensis,-7.286338421508276e-09
Halobacterium sp. DL1,-8.539504992022273e-09
Alkalitalea saponilacus,-1.1128401489202133e-08
Dickeya sp. CSL RW240,-1.258459980668647e-08
Bifidobacterium actinocoloniiforme,-1.554628765720878e-08
Campylobacter curvus,-1.6366981725468576e-08
Gillisia sp. Hel1_33_143,-1.693695663718131e-08
Nocardia farcinica,-1.9229866232706173e-08
Euzebya sp. DY32-46,-2.006743780036402e-08
Actinomyces oris,-2.0126256194963334e-08
Yersinia similis,-2.052059635548886e-08
Calothrix parasitica,-2.2998246751448903e-08
Paenibacillus lentus,-2.3434016749313e-08
Sphingopyxis sp. MG,-2.4277239862868784e-08
Calothrix sp. NIES-2098,-2.431836449989788e-08
Mycobacterium pseudoshottsii,-2.4772422069219146e-08
Vibrio coralliilyticus,-2.5136428360994502e-08
Thermoclostridium stercorarium,-2.5294092642624833e-08
Cyanobacterium aponinum,-2.6405929420825204e-08
Actinomyces sp. Z16,-2.7317210515853672e-08
Bacteroides ovatus,-2.995912247172328e-08
Staphylococcus aureus,-2.997688564043699e-08
Trichormus azollae,-3.3180821334966025e-08
Corynebacterium mustelae,-3.531366710163297e-08
Aeromonas caviae,-3.5731023539931075e-08
Treponema denticola,-3.573872293660685e-08
Deinococcus irradiatisoli,-3.5926889530024655e-08
Hirschia baltica,-3.755697022267412e-08
Neisseriaceae bacterium DSM 100970,-3.7777147432471735e-08
Neisseria elongata,-3.845926981327352e-08
Corynebacterium cystitidis,-4.0024215941514285e-08
Thermus oshimai,-4.1918630211412734e-08
Phaeobacter gallaeciensis,-4.953420571496281e-08
Pseudomonas sp. WCS374,-5.3899067409268754e-08
Enterobacter bugandensis,-5.498475528220581e-08
Halobacterium salinarum,-5.62076885479712e-08
Sulfitobacter sp. AM1-D1,-5.961031488421752e-08
Paenalcaligenes hominis,-6.049137091235224e-08
Syntrophothermus lipocalidus,-6.244003631916684e-08
Paracoccus mutanolyticus,-6.275803952071612e-08
Tamlana sp. UJ94,-6.534329557439378e-08
Pseudomonas veronii,-6.542767325701248e-08
Anoxybacillus flavithermus,-6.729641148783827e-08
Gordonia polyisoprenivorans,-6.775112078027945e-08
Yersinia intermedia,-6.950044588727166e-08
Exiguobacterium sp. MH3,-7.24667635676468e-08
Lachnoclostridium phytofermentans,-7.339914254167468e-08
Thioploca ingrica,-7.670999948583557e-08
Terribacillus goriensis,-7.809542768022482e-08
Sodalis glossinidius,-7.862783113488092e-08
Kiritimatiella glycovorans,-8.008421554794865e-08
Xenorhabdus bovienii,-8.21415619745025e-08
Actinomyces meyeri,-8.573076073492559e-08
Bacteroides heparinolyticus,-8.676426379583547e-08
Zhihengliuella sp. ISTPL4,-8.689599737543574e-08
Deinococcus maricopensis,-8.750649083122397e-08
Enterobacter sp. E20,-8.937207538473046e-08
Deinococcus deserti,-9.269405947254228e-08
Cronobacter sakazakii,-9.308466251134461e-08
Candidatus Pelagibacter sp. HIMB1321,-9.420714213170811e-08
Halodesulfurarchaeum formicicum,-9.813750092568796e-08
Halocynthiibacter arcticus,-9.972268510960447e-08
Gynuella sunshinyii,-1.0024013730181025e-07
Neisseria subflava,-1.0125959080120594e-07
Burkholderia phage KS14,-1.0159584387103849e-07
Methylobacterium sp. AMS5,-1.0269509627125473e-07
Corynebacterium glyciniphilum,-1.0476455545305185e-07
Thermus thermophilus,-1.0605183047296407e-07
Rhodococcus coprophilus,-1.0831559247304056e-07
Corynebacterium ureicelerivorans,-1.08594677161733e-07
Flavobacterium kingsejongi,-1.0873948297351888e-07
Azoarcus sp. DN11,-1.1005237767758303e-07
Dickeya fangzhongdai,-1.1116844678138449e-07
Selenomonas sp. oral taxon 126,-1.1209291745917227e-07
Octadecabacter arcticus,-1.1334436924581582e-07
[Clostridium] cellulosi,-1.1472217573693654e-07
Bifidobacterium catenulatum,-1.1857786736957366e-07
Moraxella osloensis,-1.1972705702412156e-07
Maribacter sp. 1_2014MBL_MicDiv,-1.2090801666531091e-07
Candidatus Kuenenia stuttgartiensis,-1.2361680008510233e-07
Sphingomonas wittichii,-1.2538545539619862e-07
Ochrobactrum pseudogrignonense,-1.2645116045373329e-07
Dickeya sp. NCPPB 3274,-1.281189018431661e-07
Synechococcus sp. SynAce01,-1.3030445418227287e-07
Murdochiella vaginalis,-1.316210103130544e-07
Synechococcus sp. PCC 7336,-1.330968002921651e-07
Rhodococcus sp. 2G,-1.360942736505777e-07
Candidatus Phaeomarinobacter ectocarpi,-1.394492851414242e-07
Chryseobacterium camelliae,-1.437641684809421e-07
Paenibacillus terrae,-1.438760683925011e-07
Paracoccus contaminans,-1.504722700884642e-07
Natronolimnobius aegyptiacus,-1.5171949923065143e-07
Miniimonas sp. S16,-1.525536548641071e-07
Neisseria sp. 10022,-1.5501934600425926e-07
Truepera radiovictrix,-1.5513781981280061e-07
Cellulophaga algicola,-1.5734106522113934e-07
Chloroflexus aurantiacus,-1.6151268664721385e-07
Pseudoalteromonas carrageenovora,-1.625418003081691e-07
Nitrosococcus watsonii,-1.648661794417805e-07
Corynebacterium resistens,-1.667098532553979e-07
Geobacter pickeringii,-1.7029160652715093e-07
Pseudomonas virus PaMx74,-1.716738610157975e-07
Paraglaciecola psychrophila,-1.716738610157975e-07
Klebsiella quasivariicola,-1.7248260923974358e-07
Bifidobacterium pseudocatenulatum,-1.7654287087776055e-07
Piscirickettsia salmonis,-1.814983481729371e-07
Bradymonas sediminis,-1.8464739828250032e-07
Syntrophus aciditrophicus,-1.8868822202477986e-07
Yersinia pseudotuberculosis,-1.941290698859177e-07
Phycisphaera mikurensis,-1.9439640484009146e-07
Halomonas sp. GFAJ-1,-1.9967060156389492e-07
Deinococcus actinosclerus,-2.000153697334639e-07
Salegentibacter salegens,-2.0203362405268877e-07
Exiguobacterium sibiricum,-2.0215631792996903e-07
Olsenella sp. Marseille-P2300,-2.0642612621468715e-07
Bacillus glycinifermentans,-2.0859633422798396e-07
Alcanivorax dieselolei,-2.1077082870135655e-07
Parageobacillus genomosp. 1,-2.1432870036530716e-07
Citrobacter freundii complex sp. CFNIH4,-2.1540805505981808e-07
Sulfurifustis variabilis,-2.1582995859414922e-07
Corynebacterium halotolerans,-2.1588622256540901e-07
Desulfuromonas soudanensis,-2.1632875384369755e-07
Actinomyces radingae,-2.1656026429894837e-07
Actinomyces sp. oral taxon 414,-2.1888550534310268e-07
Synechococcus sp. CC9902,-2.2343975092375956e-07
Zhongshania aliphaticivorans,-2.306645673133545e-07
Euzebyella marina,-2.3088737080012578e-07
Desulfomonile tiedjei,-2.3545730682972276e-07
Desulfobacterium autotrophicum,-2.369135306601322e-07
Melaminivora sp. SC2-9,-2.369182566797079e-07
Microbacterium sp. 1.5R,-2.394191842558513e-07
Cronobacter muytjensii,-2.4726964058530144e-07
Halomonas sp. 1513,-2.4916946279596174e-07
Pectobacterium polaris,-2.5142445378989466e-07
Enterobacter sp. FY-07,-2.5354835901936213e-07
Riemerella anatipestifer,-2.541815911083489e-07
Pontibacter akesuensis,-2.5418710203339856e-07
Edwardsiella tarda,-2.571823253028072e-07
Sphingorhabdus sp. YGSMI21,-2.598264591480159e-07
Thermosulfidibacter takaii,-2.633458914713671e-07
Marinomonas mediterranea,-2.6378141217975324e-07
Lutibacter profundi,-2.6390488481187193e-07
Campylobacter concisus,-2.649470322468872e-07
Vibrio mimicus,-2.7052948727845914e-07
Microvirgula aerodenitrificans,-2.726008418552084e-07
Geobacillus sp. WCH70,-2.756647164314785e-07
Planococcus sp. Y42,-2.789169429195937e-07
Desulfocapsa sulfexigens,-2.814737400269607e-07
Phaeobacter piscinae,-2.816390096693766e-07
Methylomonas methanica,-2.824559227176948e-07
Mycobacterium sp. WY10,-2.8409375525395574e-07
Polynucleobacter necessarius,-2.848037883529386e-07
Marinobacter sp. BSs20148,-2.921641882647208e-07
Brucella abortus,-2.9275075872359226e-07
Erwinia pyrifoliae,-2.9666377412418397e-07
Deinococcus proteolyticus,-2.9710549391825937e-07
Candidatus Nucleicultrix amoebiphila,-2.981143973235234e-07
Selenomonas sputigena,-2.981598388629436e-07
Streptomyces scabiei,-3.039031986729057e-07
Halomicrobium mukohataei,-3.0437296476559795e-07
Candidatus Coxiella mudrowiae,-3.078007021484197e-07
Muribaculum intestinale,-3.120368534670348e-07
Corynebacterium glutamicum,-3.1611010344878563e-07
Streptomyces sp. Tu6071,-3.198653062863599e-07
Pelobacter sp. SFB93,-3.2176087532143073e-07
Alloactinosynnema sp. L-07,-3.229651495795238e-07
Intestinimonas butyriciproducens,-3.249987755138406e-07
Legionella anisa,-3.2735847936837815e-07
Streptomyces lydicus,-3.284677513315515e-07
Porphyromonas gingivalis,-3.2986122100453485e-07
Bifidobacterium asteroides,-3.2988997382688013e-07
Bifidobacterium pseudolongum,-3.3018483742708326e-07
Bordetella sp. HZ20,-3.330274088053642e-07
Desulfovibrio vulgaris,-3.3354129858054193e-07
Kingella kingae,-3.3391305671592874e-07
Chthonomonas calidirosea,-3.351901027848214e-07
Gemmata sp. SH-PL17,-3.35425202258044e-07
Thermus aquaticus,-3.3924745430624624e-07
Sphaerochaeta coccoides,-3.392530773416169e-07
Tenacibaculum maritimum,-3.439798081483758e-07
Anaerotignum propionicum,-3.460451583947588e-07
Acinetobacter indicus,-3.4943401419074147e-07
Neisseria mucosa,-3.5953053378889877e-07
Methylomicrobium album,-3.602360769905388e-07
Bacillus pumilus,-3.651819072247875e-07
Bosea sp. AS-1,-3.721483882390686e-07
Pelagibaca abyssi,-3.730448341121573e-07
Gramella forsetii,-3.805466604056562e-07
Xylanimonas cellulosilytica,-3.8146945946504474e-07
Capnocytophaga sputigena,-3.9183089564076565e-07
Pseudomonas corrugata,-3.9917052101490215e-07
Lactococcus sp. 1JSPR-7,-4.0060391062191056e-07
Desulfotomaculum reducens,-4.0307960631480454e-07
Thermosediminibacter oceani,-4.050808742661616e-07
Enterobacter cloacae complex sp. FDA-CDC-AR_0164,-4.0961481684309575e-07
Sulfitobacter pseudonitzschiae,-4.101236543929687e-07
Achromobacter ruhlandii,-4.126343709165425e-07
Streptomyces sp. SM18,-4.1874040761502586e-07
Natronomonas moolapensis,-4.207541245415669e-07
Trueperella pyogenes,-4.2650528104815065e-07
Mesotoga prima,-4.299747602187765e-07
Phoenicibacter massiliensis,-4.299747602187765e-07
Exiguobacterium sp. N4-1P,-4.3209985169934127e-07
Leclercia adecarboxylata,-4.384550004621346e-07
Luteimonas sp. 83-4,-4.4708341471189075e-07
Halorhabdus tiamatea,-4.4748962140239713e-07
Planctopirus limnophila,-4.5091416640552494e-07
Marinovum algicola,-4.5503674743763157e-07
Burkholderia sp. MSMB1588,-4.5702025341931574e-07
Xenorhabdus doucetiae,-4.6151306527519863e-07
Burkholderia sp. BDU8,-4.6615903117608324e-07
Burkholderia latens,-4.67123180158957e-07
Fuerstia marisgermanicae,-4.6730254759097535e-07
Pseudovibrio sp. FO-BEG1,-4.6764363350604297e-07
Gordonia rubripertincta,-4.748820224165229e-07
Methanosarcina sp. MTP4,-4.785694726283651e-07
Belliella baltica,-4.824862052554834e-07
Vibrio parahaemolyticus,-4.839598169770199e-07
Acidaminococcus intestini,-4.871706322129298e-07
Thioclava nitratireducens,-4.881076929308392e-07
Xanthomonas oryzae,-4.97789381825875e-07
Planococcus plakortidis,-5.073762588736486e-07
Erwinia gerundensis,-5.079682281472486e-07
Pseudomonas extremorientalis,-5.10037289291887e-07
Libanicoccus massiliensis,-5.101280677433096e-07
Desulfovibrio gigas,-5.211010022376783e-07
Pseudodesulfovibrio aespoeensis,-5.235827774452418e-07
Pontibacter korlensis,-5.303266955136721e-07
Cutibacterium granulosum,-5.316905755226032e-07
Magnetospira sp. QH-2,-5.323143152269338e-07
Corynebacterium jeikeium,-5.333906825777391e-07
Kordia sp. SMS9,-5.346809136774766e-07
Rhodococcus sp. PBTS 2,-5.438544707692117e-07
Rhodobacter sp. CZR27,-5.438816651714973e-07
Pseudomonas alcaligenes,-5.478027803151875e-07
Enterobacter sp. Crenshaw,-5.500013572357076e-07
Roseobacter litoralis,-5.511729396223686e-07
Persicobacter sp. JZB09,-5.568801743072171e-07
Parasaccharibacter apium,-5.589009884010565e-07
Gloeobacter kilaueensis,-5.685387434617439e-07
Bacillus jeotgali,-5.715893992785936e-07
Halomonas aestuarii,-5.736301133874022e-07
Eubacterium limosum,-5.73934106307128e-07
Acidovorax avenae,-5.7899261414196e-07
Ralstonia pseudosolanacearum,-5.814186272212752e-07
Planococcus maritimus,-5.822225187301911e-07
Desulfurispirillum indicum,-5.833223132967192e-07
Auritidibacter sp. NML130574,-5.859491735593636e-07
Pseudomonas sp. SWI36,-5.885025447849302e-07
Methylomonas clara,-5.913698159609738e-07
Chamaesiphon minutus,-5.965278263353469e-07
Meiothermus silvanus,-6.05283562937764e-07
Desulfatibacillum alkenivorans,-6.083516193022831e-07
Methylobacterium phyllosphaerae,-6.136981726356794e-07
Synechococcus sp. RCC307,-6.356928070383461e-07
Achromobacter insolitus,-6.405705042400455e-07
Oscillatoria nigro-viridis,-6.455599160792858e-07
Trichodesmium erythraeum,-6.504526049999626e-07
Desulfovibrio africanus,-6.561635549573452e-07
Halothiobacillus sp. LS2,-6.6459014134157e-07
Marichromatium purpuratum,-6.67761597861194e-07
Thioalkalivibrio sulfidiphilus,-6.706516678223196e-07
Dickeya sp. Secpp 1600,-6.742757603372951e-07
Lawsonella clevelandensis,-6.743398973663162e-07
Shigella flexneri,-6.745199486291043e-07
Syntrophobotulus glycolicus,-6.74713681658723e-07
Agarilytica rhodophyticola,-6.761572396873916e-07
Chromobacterium vaccinii,-6.869222008765164e-07
Haloarcula hispanica,-6.899589900744018e-07
[Enterobacter] lignolyticus,-6.945072781538997e-07
Actinomyces gaoshouyii,-7.005851522245976e-07
Cyanothece sp. PCC 7424,-7.035707489055909e-07
Sphingopyxis sp. LPB0140,-7.063081172598018e-07
Synechococcus sp. WH 7803,-7.124080714016046e-07
Gordonia sp. 1D,-7.153926230518692e-07
Desulfovibrio piger,-7.213716154419458e-07
Vibrio fluvialis,-7.233092745417836e-07
Desulfobacter postgatei,-7.296351072660911e-07
Desulfobacula toluolica,-7.338686378366433e-07
Haloferax gibbonsii,-7.515221319698284e-07
Burkholderia ubonensis,-7.541460586235615e-07
Vibrio breoganii,-7.65041264605415e-07
Bacillus sp. FJAT-42376,-7.731481434847254e-07
Citrobacter sp. FDAARGOS_156,-7.861140539633382e-07
Desulfobacca acetoxidans,-7.89158795488909e-07
Mycobacterium sp. MOTT36Y,-7.891780279045691e-07
Arachidicoccus sp. BS20,-8.017826033768217e-07
Bacillus phage BM5,-8.038765271445314e-07
Geobacter sp. DSM 9736,-8.048974194707626e-07
Labrenzia sp. CP4,-8.078477059303424e-07
Pseudomonas sp. Os17,-8.187006412141428e-07
Congregibacter litoralis,-8.255786773325724e-07
Tessaracoccus sp. T2.5-30,-8.34557074269604e-07
Anabaena cylindrica,-8.416982645753634e-07
Altererythrobacter epoxidivorans,-8.429529714470973e-07
Treponema pallidum,-8.501654192860642e-07
Acaryochloris marina,-8.505239399214659e-07
Pseudomonas sp. bs2935,-8.636493007641022e-07
Anaerolinea thermophila,-8.648795984500524e-07
Sphaerospermopsis kisseleviana,-8.768167435446728e-07
Planococcus sp. MB-3u-03,-8.793553444297331e-07
[Eubacterium] rectale,-8.824466869450376e-07
Oceanobacillus sp. 160,-8.848603064048887e-07
Flavobacterium sp. HYN0048,-8.87138514693575e-07
Erwinia tasmaniensis,-9.051840301532721e-07
Aeromonas schubertii,-9.084973049633404e-07
Streptomyces cavourensis,-9.141433701564949e-07
Microcystis aeruginosa,-9.160874766322991e-07
Actinomyces sp. 2129,-9.182713403887988e-07
Bacillus velezensis,-9.198334509630257e-07
Photorhabdus thracensis,-9.227775328080057e-07
Mobiluncus curtisii,-9.259123250116019e-07
Pantoea alhagi,-9.2645905325206e-07
Mycolicibacterium goodii,-9.362143727820183e-07
Haloferax volcanii,-9.444864690344446e-07
Pseudomonas sp. CMR12a,-9.503888081185963e-07
Ahniella affigens,-9.553362803949027e-07
Natrinema sp. J7-2,-9.661748868516894e-07
Ferriphaselus amnicola,-9.67491892089889e-07
Methylorubrum extorquens,-9.900764601500356e-07
Rhodobiaceae bacterium,-1.0059113901839112e-06
endosymbiont of unidentified scaly snail isolate Monju,-1.0138811279203352e-06
Sphingopyxis granuli,-1.021312460669499e-06
Burkholderia sp. MSMB617WGS,-1.03669817888008e-06
Desulfovibrio fairfieldensis,-1.0378749889072836e-06
Tannerella forsythia,-1.0390225976708578e-06
Verrucomicrobium spinosum,-1.0425110363865286e-06
Saccharomonospora cyanea,-1.0507528257264197e-06
Candidatus Desulfovibrio trichonymphae,-1.0632904423157897e-06
Thermococcus celer,-1.067747152383447e-06
Actinoalloteichus sp. AHMU CJ021,-1.0748593161968855e-06
Winogradskyella sp. J14-2,-1.082972279631278e-06
Tumebacillus algifaecis,-1.0888525887819967e-06
Mycolicibacter terrae,-1.1011473831423756e-06
Streptomyces sp. 4F,-1.1033234427637594e-06
Halomonas sp. SF2003,-1.1055396629489068e-06
Edwardsiella ictaluri,-1.1085421317114097e-06
Saccharomonospora marina,-1.1266207049720479e-06
Halomonas hydrothermalis,-1.1396085701331771e-06
Salinigranum rubrum,-1.1406954919523926e-06
Chryseobacterium indologenes,-1.1415272062276217e-06
Chryseobacterium lactis,-1.15210238700314e-06
Brenneria goodwinii,-1.1537377350823164e-06
Aeromicrobium erythreum,-1.1555844517507908e-06
Chryseobacterium sp. IHB B 17019,-1.1556811364998864e-06
Cellulomonas sp. PSBB021,-1.1801059169425088e-06
Corynebacterium simulans,-1.1841296555736847e-06
Pelodictyon luteolum,-1.195240365925443e-06
Sulfuricaulis limicola,-1.199736124690709e-06
Altererythrobacter ishigakiensis,-1.2004436608981094e-06
Paenibacillus ihbetae,-1.2010683200225358e-06
Gordonia sp. MMS17-SY073,-1.2413068293026796e-06
Acidihalobacter prosperus,-1.2415901119888772e-06
Acidihalobacter ferrooxidans,-1.2438031607553413e-06
Lysinibacillus sp. YS11,-1.2636739502136507e-06
Serratia sp. JKS000199,-1.270975187805945e-06
Ruegeria sp. NKC1-1,-1.2768748095970394e-06
Xanthomonas cassavae,-1.2837297770351697e-06
Candidatus Sodalis pierantonius,-1.286007235812292e-06
Marinobacter hydrocarbonoclasticus,-1.2943247871932684e-06
Mycobacterium dioxanotrophicus,-1.2950953727886017e-06
Spiribacter curvatus,-1.3057077455247423e-06
Pseudodesulfovibrio indicus,-1.312773011208357e-06
Desulfosporosinus orientis,-1.3182292787572437e-06
Rhodococcus aetherivorans,-1.3186941825393817e-06
Enterobacter cloacae complex sp. FDA-CDC-AR_0132,-1.3195025343026856e-06
Brevibacterium siliguriense,-1.32470726696976e-06
Halomonas subglaciescola,-1.325048381395355e-06
Thalassospira xiamenensis,-1.3303863420022211e-06
Brevibacillus brevis,-1.3508819721064213e-06
Halogeometricum borinquense,-1.3633238637122958e-06
Planococcus rifietoensis,-1.3702476411969756e-06
Bordetella sp. N,-1.3791746554137063e-06
Bifidobacterium adolescentis,-1.3990334299940343e-06
Mahella australiensis,-1.4003754656544132e-06
Limnohabitans sp. 103DPR2,-1.4032869395386172e-06
Thermoproteus uzoniensis,-1.4043504878546998e-06
Fischerella sp. NIES-4106,-1.4089629608804445e-06
Geobacter daltonii,-1.4114164333278722e-06
Streptomyces sp. ADI95-16,-1.4193780132565338e-06
Desulfovibrio sp. G11,-1.4242247712736855e-06
Jonquetella anthropi,-1.4432602373881665e-06
Marinobacter sp. LV10R510-11A,-1.4537862752961316e-06
Haloarcula marismortui,-1.456891893791834e-06
Spiribacter salinus,-1.4631835886680377e-06
Deinococcus sp. NW-56,-1.475613157908562e-06
Lachnospiraceae bacterium oral taxon 500,-1.4866277444625098e-06
Coraliomargarita akajimensis,-1.488731116072728e-06
Chitinophaga caeni,-1.4974521456156964e-06
Streptomyces gilvosporeus,-1.498555700418791e-06
Cryobacterium sp. LW097,-1.5019970728502586e-06
Actinomyces sp. VUL4_3,-1.527357206332347e-06
Natrinema pellirubrum,-1.5330817697334353e-06
Paenibacillus sp. BIHB4019,-1.546824381049028e-06
Flavobacterium sp. MEBiC07310,-1.5571672028258376e-06
Thermobaculum terrenum,-1.5687389539831288e-06
Alkalilimnicola ehrlichii,-1.5715269288785195e-06
Serratia sp. 3ACOL1,-1.573208180283281e-06
Acidipropionibacterium virtanenii,-1.5917449901259317e-06
Flavonifractor plautii,-1.5986791246147546e-06
Pseudarthrobacter equi,-1.6111116839967465e-06
Phytobacter sp. SCO41,-1.6172948680281962e-06
Jiangella sp. DSM 45060,-1.6220291111368468e-06
Flavobacteriaceae bacterium 3519-10,-1.6302773679699455e-06
Tatumella citrea,-1.6421022875245938e-06
Christensenella minuta,-1.6448752344189189e-06
Comamonas thiooxydans,-1.6481793484235396e-06
Synechococcus sp. WH 8020,-1.6716532211136225e-06
Pseudomonas sp. R3-18-08,-1.679787966590851e-06
Corynebacterium stationis,-1.681674837561431e-06
Prauserella marina,-1.6848873769514938e-06
Mariprofundus ferrinatatus,-1.6901596391782902e-06
Shewanella amazonensis,-1.6905423208424252e-06
Brevibacterium linens,-1.695040541793702e-06
Pectobacterium parmentieri,-1.708178692361173e-06
Brevibacterium sandarakinum,-1.712506687012727e-06
Aquimarina sp. AD1,-1.7234056743031801e-06
Halobiforma lacisalsi,-1.7519927709708227e-06
Renibacterium salmoninarum,-1.7583233199447434e-06
Oleiphilus messinensis,-1.7628223212273753e-06
Corynebacterium testudinoris,-1.8014003998700901e-06
Niabella soli,-1.80258805859701e-06
Chroococcidiopsis thermalis,-1.8058680799626359e-06
Achromobacter sp. AONIH1,-1.8096674466727691e-06
Gryllotalpicola sp. 2DFW10M-5,-1.812123881062e-06
Synechococcus sp. JA-3-3Ab,-1.8123384256663044e-06
Dietzia sp. oral taxon 368,-1.8132321988328925e-06
Candidatus Endolissoclinum faulkneri,-1.8225825320961063e-06
gamma proteobacterium HdN1,-1.8272019152831831e-06
Thauera humireducens,-1.8400571797139164e-06
Klebsiella aerogenes,-1.8406602997789178e-06
Xanthomonas gardneri,-1.8610822003051198e-06
Anaeromyxobacter dehalogenans,-1.8666068002159974e-06
Citrobacter amalonaticus,-1.8762377772540972e-06
Legionella waltersii,-1.9046559437629896e-06
Microchaete diplosiphon,-1.9097826739811196e-06
Vibrio campbellii,-1.9270324756126556e-06
Paracoccus denitrificans,-1.9271839450496485e-06
Natronomonas pharaonis,-1.945634540168051e-06
Burkholderia sp. MSMB0852,-1.9513460106646008e-06
Corynebacterium phocae,-1.961671985006852e-06
Aeromonas veronii,-1.9697319107558895e-06
Sulfitobacter sp. SK012,-1.978034597538425e-06
Salmonella bongori,-1.98637956565495e-06
Chromatiaceae bacterium 2141T.STBD.0c.01a,-1.993385282172966e-06
Hyphomonas sp. CACIAM 19H1,-2.0108467137180953e-06
Comamonadaceae bacterium B1,-2.018242996038033e-06
Olsenella uli,-2.0251180239849733e-06
Acetobacterium sp. KB-1,-2.0424348385006398e-06
Thioalkalivibrio sp. K90mix,-2.0506084879468036e-06
Gemmatimonas aurantiaca,-2.07252459518692e-06
Victivallales bacterium CCUG 44730,-2.073138022917753e-06
Streptomyces sp. 3211,-2.08240061096987e-06
Ethanoligenens harbinense,-2.0941586087674936e-06
Sphaerobacter thermophilus,-2.1137575707763646e-06
Bosea sp. PAMC 26642,-2.121210932370943e-06
Pseudomonas mosselii,-2.124636390665735e-06
Brevibacillus formosus,-2.127601621482178e-06
Gallaecimonas sp. HK-28,-2.1367138211658697e-06
Methylobacterium aquaticum,-2.150259137634336e-06
Celeribacter marinus,-2.1585241358312855e-06
Bacteroides salanitronis,-2.188353684573485e-06
Phytobacter ursingii,-2.1956913498710763e-06
Janthinobacterium sp. B9-8,-2.1997110948301923e-06
Olsenella umbonata,-2.2401460749943426e-06
Elizabethkingia miricola,-2.2509735755349425e-06
Actinoalloteichus hoggarensis,-2.2554637696403645e-06
Pseudomonas asplenii,-2.265522533639874e-06
Mycobacterium virus D29,-2.2663734408290282e-06
Thiohalobacter thiocyanaticus,-2.2845455563968997e-06
Achromobacter denitrificans,-2.284761738891028e-06
Winogradskyella sp. PG-2,-2.3199964103381988e-06
Gordonia phage GMA4,-2.3244192914217978e-06
Streptomyces fungicidicus,-2.3292110489903093e-06
Kineococcus radiotolerans,-2.331766282348546e-06
Octadecabacter antarcticus,-2.336118119994346e-06
Corynebacterium callunae,-2.340178590864994e-06
Brachybacterium sp. P6-10-X1,-2.353507653962694e-06
Streptomyces leeuwenhoekii,-2.3697438244374426e-06
Clostridium argentinense,-2.3709080654743532e-06
Bacillus sonorensis,-2.3889346147720757e-06
Alicyclobacillus acidocaldarius,-2.38976326449869e-06
Paracoccus yeei,-2.4042684433567275e-06
[Eubacterium] cellulosolvens,-2.464948280667123e-06
Betaproteobacteria bacterium GR16-43,-2.4729158419001252e-06
Frankia casuarinae,-2.4892522215935743e-06
Shewanella baltica,-2.4904108143042334e-06
Pedobacter heparinus,-2.5243384212059184e-06
Faecalibacterium prausnitzii,-2.5428499575319565e-06
Celeribacter manganoxidans,-2.5574461237853897e-06
Archangium gephyra,-2.5760916669614885e-06
Dickeya paradisiaca,-2.57935718481761e-06
Kocuria palustris,-2.5847431086800655e-06
Candidatus Accumulibacter phosphatis,-2.5888501221649207e-06
Actinomyces sp. oral taxon 897,-2.589992405765962e-06
Bacillus gobiensis,-2.621540572467218e-06
Leptospira biflexa,-2.623600449536134e-06
Pseudomonas oryzihabitans,-2.6274165600304046e-06
Spirochaeta thermophila,-2.6405124586625916e-06
Thalassospira marina,-2.6672866212607006e-06
Paenibacillus lautus,-2.667524516475339e-06
Deinococcus soli Cha et al. 2016,-2.6747113763381234e-06
Grimontia hollisae,-2.6830347508610687e-06
Arcanobacterium phocae,-2.7212459969838676e-06
Pseudomonas sp. LG1D9,-2.7846738131609426e-06
Halothermothrix orenii,-2.791393803347475e-06
Methanoculleus bourgensis,-2.79976260830761e-06
Thiocystis violascens,-2.8415163398687326e-06
nitrif__Technical Replicate,-2.8658388911750875e-06
Corynebacterium sp. 2184,-2.8737030990155787e-06
Rubrobacter radiotolerans,-2.8847198179526858e-06
Desulfomicrobium orale,-2.891024104267892e-06
Pseudomonas sp. R3-52-08,-2.9202089891100515e-06
Polynucleobacter duraquae,-2.9533169204842836e-06
Erythrobacter atlanticus,-2.9599321317297367e-06
Kosakonia sacchari,-2.9856341600353887e-06
Gordonia phthalatica,-2.9989124264551135e-06
Microlunatus soli,-3.015060551425641e-06
Enterobacter cancerogenus,-3.0602668788626273e-06
Tessaracoccus flavus,-3.0628743434624183e-06
Roseibacterium elongatum,-3.0775736800103815e-06
Halorhodospira halophila,-3.133755549566963e-06
Paracoccus aminovorans,-3.1728571987521548e-06
Luteimonas sp. 100111,-3.1784343556662263e-06
Porphyrobacter neustonensis,-3.1883856044467863e-06
Actinoplanes missouriensis,-3.2237393826406446e-06
Rothia dentocariosa,-3.240446067365177e-06
Plantactinospora sp. BC1,-3.259845116843074e-06
Gemmobacter sp. HYN0069,-3.2732296480819655e-06
Acetobacter aceti,-3.2911755361242357e-06
Enterobacter sp. HK169,-3.3084129834826116e-06
Propionibacterium acidifaciens,-3.3591859792903024e-06
Streptomyces sampsonii,-3.4321857437458193e-06
Sulfuritalea hydrogenivorans,-3.4363117475288975e-06
Acidovorax citrulli,-3.4808974309852304e-06
Streptomyces virus R4,-3.526827334043858e-06
Alcaligenes faecalis,-3.5840199673620177e-06
Propionibacterium freudenreichii,-3.596680207884617e-06
Tenacibaculum dicentrarchi,-3.605014329188805e-06
Paenibacillus sp. RUD330,-3.613842785488153e-06
Pseudomonas sp. SWI6,-3.632885406790187e-06
Mycobacteroides saopaulense,-3.692234801144778e-06
Mesorhizobium oceanicum,-3.704919746461144e-06
Phaeobacter inhibens,-3.734077283867876e-06
Thalassococcus sp. SH-1,-3.782334909541163e-06
Methylomonas denitrificans,-3.7855268867348357e-06
Diaphorobacter polyhydroxybutyrativorans,-3.786639411829107e-06
Mesorhizobium opportunistum,-3.786871030886374e-06
Treponema azotonutricium,-3.8018700820208197e-06
Marinobacter psychrophilus,-3.803232585974925e-06
Hyphomonas neptunium,-3.8090580257721385e-06
Zymomonas mobilis,-3.819339085731066e-06
Chromohalobacter salexigens,-3.9009985664861805e-06
Streptomyces sp. CB09001,-3.920903381882112e-06
Enterococcus faecium,-3.968599019277264e-06
Tropheryma whipplei,-3.970484066551094e-06
Methylovorus sp. MP688,-3.970936656094715e-06
Leptospirillum sp. Group II 'CF-1',-4.0000815104246355e-06
Lelliottia amnigena,-4.01965330645293e-06
Prevotella denticola,-4.027816058349565e-06
Actinopolyspora erythraea,-4.03810713249797e-06
Spirosoma radiotolerans,-4.046145200642393e-06
Dyella jiangningensis,-4.101590634464358e-06
Mycobacterium marinum,-4.1043385939021345e-06
Polynucleobacter acidiphobus,-4.13375586669762e-06
Gordonibacter massiliensis,-4.174060566497495e-06
Cohnella sp. 18JY8-7,-4.215999431700368e-06
Georgenia sp. ZLJ0423,-4.258167970738746e-06
Neisseria meningitidis,-4.3073048035413565e-06
Nitrosospira briensis,-4.321051918165786e-06
Flavobacterium sp. CJ74,-4.364939088885578e-06
Prevotella dentalis,-4.45238407880133e-06
Porphyromonas asaccharolytica,-4.56551554837148e-06
Calothrix sp. NIES-2100,-4.633371728757218e-06
Salinarchaeum sp. Harcht-Bsk1,-4.6455958291780066e-06
Aeromicrobium sp. 592,-4.704493999563298e-06
Nakamurella panacisegetis,-4.716911582214323e-06
Haloarculaceae archaeon HArcel1,-4.735954046530822e-06
Aquimarina sp. BL5,-4.754522294891927e-06
Serratia sp. MYb239,-4.789799832249919e-06
Candidatus Puniceispirillum marinum,-4.8241564548412445e-06
Deinococcus peraridilitoris,-4.831393073434498e-06
Saprospira grandis,-4.991193332082311e-06
Dietzia lutea,-4.991922959840522e-06
Oceanisphaera profunda,-5.012573672691367e-06
Marinobacter sp. CP1,-5.0792182631376194e-06
Burkholderia sp. IDO3,-5.098526545288529e-06
Acinetobacter sp. WCHAc010034,-5.165493757819384e-06
Sagittula sp. P11,-5.291516230832017e-06
Desulfurivibrio alkaliphilus,-5.293140722928414e-06
Thiolapillus brandeum,-5.3671384772968626e-06
Acidovorax ebreus,-5.373044536116645e-06
Cytophagales bacterium TFI 002,-5.395499694094141e-06
Nitrosospira multiformis,-5.401166248319988e-06
Waddlia chondrophila,-5.404478411574765e-06
Persephonella marina,-5.423335374810101e-06
Halohasta litchfieldiae,-5.462851488169385e-06
Paracoccus sp. SC2-6,-5.517477312566577e-06
Pseudomonas sp. St29,-5.56013954395862e-06
Faecalibaculum rodentium,-5.6035947652466335e-06
Snodgrassella alvi,-5.605346771364594e-06
Nitrosomonas sp. AL212,-5.670019119774494e-06
Lysinibacillus sphaericus,-5.7178387646406035e-06
Pseudomonas parafulva,-5.791265083598951e-06
Lactobacillus rhamnosus,-5.806339889136147e-06
Burkholderia dolosa,-5.827910656464041e-06
Ketogulonicigenium vulgare,-5.828370613203404e-06
Corynebacterium sphenisci,-5.858867090813291e-06
Tessaracoccus sp. Marseille-P5995,-5.877470652682071e-06
Burkholderia diffusa,-6.035098376289127e-06
Enterobacter cloacae complex sp.,-6.2047822820821e-06
Nocardiopsis gilva,-6.224065540094692e-06
Corynebacterium ammoniagenes,-6.234900977597491e-06
Marinobacterium aestuarii,-6.302061343776977e-06
Nitrosomonas sp. Is79A3,-6.391622050028189e-06
Micromonospora purpureochromogenes,-6.448366813405215e-06
Lelliottia nimipressuralis,-6.4602953848913455e-06
Frankia symbiont of Datisca glomerata,-6.528218715518008e-06
Methylorubrum populi,-6.564987257484667e-06
Enterobacter kobei,-6.655748144579476e-06
Porphyrobacter sp. CACIAM 03H1,-6.679491786409919e-06
Corynebacterium marinum,-6.693864893203561e-06
Streptomyces phage phiSASD1,-6.74851844038038e-06
Pseudopropionibacterium propionicum,-6.825826983480887e-06
Pseudonocardia sp. HH130630-07,-6.941326362164268e-06
Cedecea neteri,-6.952045314645439e-06
Pseudomonas sp. R2-60-08W,-6.989378551458536e-06
Magnetospirillum sp. ME-1,-6.994732287068927e-06
Sulfitobacter sp. JL08,-7.066305499936476e-06
Rhodococcus sp. YL-1,-7.1990722249948295e-06
Geobacter sulfurreducens,-7.3890002998178165e-06
Lelliottia sp. WB101,-7.539485151863978e-06
Beijerinckia indica,-7.5505637263439954e-06
Pseudorhodoplanes sinuspersici,-7.619743148068458e-06
Halorientalis sp. IM1011,-7.661627190569398e-06
Methylobacillus flagellatus,-7.736888936737962e-06
Sinorhizobium fredii,-7.791358910091972e-06
Lysobacter capsici,-7.819438746481389e-06
Streptomyces cyaneogriseus,-7.838131899062795e-06
Corynebacterium maris,-8.044216059333032e-06
Ammonifex degensii,-8.055447707233654e-06
Gordonia iterans,-8.264094519905285e-06
Yersinia ruckeri,-8.267460137267868e-06
Enterobacter cloacae,-8.426515949833124e-06
Citrobacter freundii,-8.639705415447451e-06
Halorubrum lacusprofundi,-8.651434959960902e-06
Bordetella hinzii,-8.689876163736621e-06
Segniliparus rotundus,-8.746829011219148e-06
Haloterrigena daqingensis,-8.824826685849274e-06
Streptomyces peucetius,-8.856829245273978e-06
Streptomyces nodosus,-8.958845744655442e-06
Paraburkholderia phenoliruptrix,-8.991898910037932e-06
Erythrobacter sp. KY5,-9.041775128793007e-06
Hymenobacter sp. DG25A,-9.369179447715759e-06
Corynebacterium timonense,-9.639975731157157e-06
Dichelobacter nodosus,-1.0221423858558509e-05
Burkholderia stabilis,-1.0233947528326403e-05
Eggerthella sp. YY7918,-1.0275621593436312e-05
Bacillus weihaiensis,-1.0669777083927024e-05
Ensifer sojae,-1.1596360755117274e-05
Blautia hansenii,-1.2020174382110226e-05
Enterobacter cloacae complex sp. ECNIH7,-1.2093417286540565e-05
Pseudomonas sp. MT-1,-1.2322627289051979e-05
Jiangella alkaliphila,-1.2370664111660545e-05
Eggerthella lenta,-1.2890824280953338e-05
Thalassolituus oleivorans,-1.2952923365094904e-05
Flavobacterium johnsoniae,-1.365070003209734e-05
Acidipropionibacterium acidipropionici,-1.3685894143522503e-05
Friedmanniella luteola,-1.3705913026362816e-05
Mycolicibacterium phlei,-1.3794006932310588e-05
Bacillus coagulans,-1.3981238426397092e-05
Streptomyces reticuli,-1.4497045759021e-05
Paenibacillus stellifer,-1.4518033378041473e-05
Stenotrophomonas sp. SAU14A_NAIMI4_5,-1.4623562118476485e-05
Serinicoccus sp. JLT9,-1.4650274302341338e-05
Borreliella bavariensis,-1.564576542452123e-05
Corynebacterium sp. 2183,-1.57518146271185e-05
Nocardiopsis dassonvillei,-1.6936355544205915e-05
Kitasatospora albolonga,-1.694420731779278e-05
Hyphomicrobium denitrificans,-1.7587353074732804e-05
Burkholderia lata,-1.79569045942074e-05
Rhodoplanes sp. Z2-YC6860,-1.8380951133312173e-05
Pseudomonas sabulinigri,-1.8473414973585456e-05
Stenotrophomonas sp. MYb57,-1.9218129587339484e-05
Halomonas sp. KO116,-1.9481019746603324e-05
Corynebacterium sp. ATCC 6931,-1.9502770990587058e-05
Haliangium ochraceum,-1.9729973831017487e-05
Streptomyces bingchenggensis,-1.978448305199887e-05
Hyphomicrobium sp. MC1,-1.986252571026803e-05
Gordonia bronchialis,-2.0882410333200595e-05
Pseudomonas savastanoi,-2.169417801156648e-05
Formosa agariphila,-2.1994137199254914e-05
Corynebacterium aquilae,-2.219172493613808e-05
Kytococcus sedentarius,-2.3437113517399412e-05
Mycobacterium intracellulare,-2.451794056501644e-05
Delftia sp. Cs1-4,-2.5140840749515726e-05
Dickeya zeae,-2.5363858171734142e-05
Mycobacterium sp. YC-RL4,-2.5455046735345377e-05
Bifidobacterium dentium,-2.5672157738143576e-05
Streptomyces pluripotens,-2.6633280095444967e-05
Breoghania sp. L-A4,-2.681097332115634e-05
Saccharomonospora viridis,-2.709954009181281e-05
Streptosporangium roseum,-2.7188222469720635e-05
Nocardiopsis alba,-2.926798860329871e-05
Nocardia brasiliensis,-2.9770323504685335e-05
Pseudomonas xinjiangensis,-3.0080073599081382e-05
Corynebacterium geronticis,-3.0085079250863346e-05
Frankineae bacterium MT45,-3.203392917521253e-05
Tolumonas auensis,-3.3918062262627836e-05
Mycoplasma haemofelis,-4.951070250118761e-05
Clostridium botulinum,-5.132397546525613e-05
Moraxellaceae bacterium HYN0046,-5.979684922468032e-05
