feature,importance
Cupriavidus taiwanensis,0.04041628544084523
Neorhizobium galegae,0.029467815731641988
Cupriavidus necator,0.021054076677093893
Janthinobacterium sp. Marseille,0.02028878666042342
Ralstonia insidiosa,0.019687568382415144
Ralstonia pickettii,0.017474442634558794
Ornithobacterium rhinotracheale,0.012104207641394993
Massilia violaceinigra,0.011355959294032636
Herminiimonas arsenicoxydans,0.011120820616253014
Xenorhabdus bovienii,0.009706039671143519
Lacunisphaera limnophila,0.009464519470822542
Bradyrhizobium sp. WSM471,0.009400166556923417
Cupriavidus basilensis,0.009074101008868962
soil_NH4,0.008820922754404426
Opitutus sp. GAS368,0.00857159789100521
Xanthomonas citri,0.007902444447904666
Stenotrophomonas sp. YAU14A_MKIMI4_1,0.007135880532234529
Herbaspirillum seropedicae,0.006459372815732256
Bosea vaviloviae,0.005334307113793324
Lysobacter gummosus,0.005165619773165009
Herbaspirillum rubrisubalbicans,0.004811564477794805
Luteibacter rhizovicinus,0.004771810383246788
Pseudomonas thivervalensis,0.004755190009251553
Pseudomonas brassicacearum,0.004693243780416667
Pseudomonas sp. URMO17WK12:I11,0.004605408040094771
moist__Replicate 1 Mass Water / Mass Dry Soil %,0.003939031708235263
Pseudomonas lini,0.003726343669417842
Rahnella sp. ERMR1:05,0.0036976937773680165
Novosphingobium sp. PP1Y,0.003391672789560074
Ereboglobus luteus,0.0033424683295345315
Archangium gephyra,0.0032607043611204258
Pseudomonas phage phiPsa374,0.0032287813699805935
Clostridium botulinum,0.003128361712193306
soil_pH,0.0030269787484503265
Raoultella ornithinolytica,0.003011261308180413
Roseateles depolymerans,0.002999294074941705
Niastella koreensis,0.0028843561147188445
Massilia sp. WG5,0.0028798935988671114
Bradyrhizobium sp. S23321,0.002766265471538576
Massilia armeniaca,0.00269439582507347
Paenibacillus sp. FSL H7-0357,0.0026668279828403253
Buttiauxella sp. 3AFRM03,0.002503217931803503
Massilia oculi,0.0024885812434820354
Yersinia frederiksenii,0.002407970374124124
chem__Mn (Mehlich 1 mg/kg dry weight),0.0023787749968466
Chryseolinea sp. KIS68-18,0.0023723697973232925
Opitutaceae bacterium TAV5,0.0023592231378221306
Lysinimonas sp. 2DFWR-13,0.002339781952833153
Dyella japonica,0.002250140069886708
Janthinobacterium sp. LM6,0.00223138662486122
Paenibacillus xylanexedens,0.0022165798183700013
Paenibacillus sp. FSL R7-0273,0.002192800419438501
Sphingopyxis fribergensis,0.0021531955795918824
Pseudomonas arsenicoxydans,0.0021154059062230336
chem__P (Mehlich 1 mg/kg dry weight),0.002024739196752945
Stenotrophomonas acidaminiphila,0.002017842938263148
Pseudomonas rhizosphaerae,0.0019233743041600303
Janthinobacterium agaricidamnosum,0.001823382725592948
Pseudomonas lurida,0.0018131504730553693
Rahnella aquatilis,0.0017729676279184092
Gordonia phage GMA4,0.0017431351553563346
Enterobacter ludwigii,0.0017424327480050517
Phyllobacterium zundukense,0.0017230122010808645
Massilia sp. YMA4,0.001710783440279484
Pseudomonas putida,0.0016753230164095801
chem__K (Mehlich 1 mg/kg dry weight),0.001658730770983441
Brevundimonas naejangsanensis,0.0016480931241489305
Caulobacter sp. K31,0.001631063519153586
Neisseria gonorrhoeae,0.0016227210060135722
Pseudomonas reinekei,0.0016152691179578626
Xanthomonas arboricola,0.0015889444341795622
Xanthomonas phaseoli,0.0015555062137961873
Paenibacillus graminis,0.0015543712253051733
Erwinia billingiae,0.001554056845887075
Mucilaginibacter sp. HYN0043,0.00154605508125083
Ensifer adhaerens,0.0015297929256795407
Rhizobium gallicum,0.0015139281631472157
Pseudomonas mandelii,0.001513519321131107
Paucimonas lemoignei,0.0015049215151521577
Rhodococcus opacus,0.0014943772048915394
Alcaligenes faecalis,0.0014823600618199206
Pseudomonas frederiksbergensis,0.0014814203597698582
Bacillus clausii,0.0014716835732111687
Geodermatophilus obscurus,0.0014579251734234244
Rhodococcus jostii,0.0014483205346410566
Cupriavidus gilardii,0.0014453355402711753
Bradyrhizobium sp.,0.00143260493323083
Rhodanobacter denitrificans,0.0014324308860232504
Verrucomicrobia bacterium IMCC26134,0.0014242226222080934
Clostridium beijerinckii,0.0014234222194564605
Lactobacillus sakei,0.0014205798697058292
Frateuria aurantia,0.00140075117448486
Herbaspirillum robiniae,0.0013793771747174556
Verrucomicrobia bacterium,0.0013715406042667188
Neomicrococcus aestuarii,0.001370674429376728
Janthinobacterium sp. 1_2014MBL_MicDiv,0.0013691668292510118
Paenibacillus sp. BIHB4019,0.0013663812582434653
Pseudomonas sp. LAB-08,0.0013613460174588976
Dickeya sp. CSL RW240,0.0013583831034649884
Streptomyces phage phiSASD1,0.0013556582956886442
Salmonella bongori,0.001353899915363077
Spirosoma radiotolerans,0.0013341153031783959
Xanthomonas perforans,0.0013173328844261478
Bordetella pertussis,0.0013150004499348888
Serratia proteamaculans,0.001309707699053253
Blastococcus saxobsidens,0.0013068294482991183
Microcella alkaliphila,0.001298212296645751
Bacillus simplex,0.0012737424671158903
Methylobacterium sp. 17SD2-17,0.0012666179396586096
Sphingobium japonicum,0.0012524871187061138
Pseudomonas vancouverensis,0.0012457439887291644
Pseudomonas sp. LH1G9,0.001236682442957693
Massilia sp. NR 4-1,0.0012329323587976005
Lactobacillus crispatus,0.0011753600997127301
Pseudomonas sp. R11-23-07,0.0011744177825722124
Pseudoxanthomonas suwonensis,0.0011732637334172847
Sulfurihydrogenibium sp. YO3AOP1,0.0011714285850757955
Xanthomonas sacchari,0.0011429797473058612
Xanthomonas campestris,0.001141946587435738
Bacillus krulwichiae,0.001140546795230657
Serratia sp. JKS000199,0.0011358721721706378
Dyella jiangningensis,0.0011221797824026547
Herbaspirillum hiltneri,0.0011043879954964364
Mesorhizobium amorphae,0.0010874121506452505
Rhizobium phage RHEph10,0.0010752233341812412
Collimonas fungivorans,0.0010706742850265627
Pseudomonas knackmussii,0.00106421474669538
denit__Rate (microgN/kilogram dry weight soil/day),0.0010497644061634448
Enterobacter cloacae,0.0010409468968726632
Mycolicibacterium rutilum,0.0010349196804185113
Leclercia adecarboxylata,0.0010331118788855064
soil_NO3,0.001033028797017388
Burkholderia sp. PAMC 28687,0.0010191581441882703
Sphingobium sp. SYK-6,0.0010114154558849675
Xanthomonas euvesicatoria,0.000996340072567592
Sphingobium sp. EP60837,0.0009932051892979077
psize__Soil Sand Content %,0.0009907601007576484
Xanthomonas oryzae,0.0009829953023286152
Paraburkholderia hospita,0.0009811045421791232
Burkholderia sp. HB1,0.0009551206346517293
Novosphingobium pentaromativorans,0.0009504416168998997
Mycobacterium sp. JS623,0.0009469328016886713
Cupriavidus oxalaticus,0.0009322100324704819
Rhizobium favelukesii,0.000931919199595388
Paraburkholderia caledonica,0.0009286072732842098
Sphingomonas hengshuiensis,0.0009186215677138287
Stenotrophomonas rhizophila,0.0009118946404796047
Bacillus megaterium,0.0009062363099510585
Pseudomonas veronii,0.0009010987088351241
Agrobacterium tumefaciens,0.0008887053283844759
Pseudomonas sp. GR 6-02,0.0008774311932579382
Mesorhizobium phage vB_MloP_Lo5R7ANS,0.0008714852219257497
Serratia fonticola,0.0008602726709129094
Cystobacter fuscus,0.0008556525447068752
Pseudarthrobacter sulfonivorans,0.0008451269837613129
Opitutus terrae,0.0008419641937080335
Sphingomonas sp. LM7,0.0008341564369036992
Chryseobacterium sp. T16E-39,0.0008222288060807826
Xanthomonas cassavae,0.000822015861131642
chem__LBC (mg/kg CaCO3/pH dry weight),0.0008193414386118203
nitrif__Technical Replicate,0.0008174352102985116
Serratia plymuthica,0.0008167929918803773
Brevundimonas sp. LM2,0.0008156445243102439
Sphingopyxis sp. WS5A3p,0.0008145832571501588
Streptomyces violaceusniger,0.0008032195780351081
Streptomyces virus R4,0.0007966045468314143
Modestobacter marinus,0.0007934143386210124
Burkholderia sp. PAMC 26561,0.000792810202714378
Salmonella enterica,0.0007668915995832748
Pseudomonas sp. UW4,0.0007598975318605205
Afipia sp. GAS231,0.0007501226679030637
Streptomyces phage Nanodon,0.0007431011941068544
Sphingobium sp. TKS,0.0007419573309707772
Dyella thiooxydans,0.0007412363441535064
Hymenobacter sedentarius,0.0007408905501138596
[Polyangium] brachysporum,0.0007408194783718347
Paenibacillus sp. JDR-2,0.0007401978710404267
Halomonas campaniensis,0.0007249827691282907
Sphingobium cloacae,0.0007239239118629115
Pseudomonas fuscovaginae,0.0007191875131393966
Burkholderia oklahomensis,0.0007110319170070767
Serratia sp. P2ACOL2,0.0007079562097895176
Achromobacter sp. B7,0.0007073274572452437
Pseudomonas sp. K2W31S-8,0.0007045438692904416
Pedobacter sp. G11,0.0006984867143242201
Pantoea stewartii,0.0006899123892570635
Caulobacter mirabilis,0.0006874015636888275
Limnohabitans sp. 103DPR2,0.0006818047889726841
Streptomyces atratus,0.0006814300891167191
Xanthomonas gardneri,0.0006773306878617991
Streptomyces virus phiC31,0.0006697020407196331
Sphingomonas sp. FARSPH,0.0006670548755178141
Phycicoccus dokdonensis,0.0006655834966181829
Bacillus anthracis,0.000661225326483983
Bradyrhizobium icense,0.0006576935253469918
Chromobacterium vaccinii,0.0006566392215661798
Actinoplanes friuliensis,0.0006549962117801345
Pseudomonas sp. NC02,0.0006501244674771867
Curtobacterium pusillum,0.0006485857564569875
Pseudomonas protegens,0.0006379195089856404
Burkholderia sp. CCGE1003,0.0006342721913825233
Shewanella halifaxensis,0.0006260839050035383
Sphingomonas sp. MM-1,0.000625494319048725
Cellulomonas gilvus,0.0006246456092717345
Tokyovirus A1,0.0006242903347797091
Sphingomonas sp. KC8,0.0006218212610472395
Pseudomonas chlororaphis,0.0006180816538581046
Xanthomonas vesicatoria,0.0006069780147979875
Pseudomonas umsongensis,0.0006039271579530326
Pacmanvirus A23,0.0006030502116255443
Arthrobacter sp. U41,0.0006024248206269123
Streptomyces virus Sujidade,0.0005934453933231998
Pseudomonas fragi,0.0005931870670833561
Trichodesmium erythraeum,0.0005902682757239708
Lysobacter antibioticus,0.0005888713358742859
Xylanimonas cellulosilytica,0.0005886292622524047
Novosphingobium resinovorum,0.0005881083235580898
Rhizorhabdus dicambivorans,0.0005880442821025511
Streptomyces virus phiBT1,0.0005872389028801717
Sphingobium sp. MI1205,0.000586971985969531
Rhizobium sp. 11515TR,0.0005850461280866969
Stenotrophomonas maltophilia,0.0005793914329960126
Streptomyces griseorubiginosus,0.0005781115532175862
Nocardioides sp. 78,0.0005758589116911627
Bradyrhizobium ottawaense,0.0005730465611016866
Hymenobacter nivis,0.0005692402447619038
Sphingomonas sanxanigenens,0.0005675423929821566
Bacillus flexus,0.0005613668896144342
Xanthomonas translucens,0.0005608544978678909
Streptomyces dengpaensis,0.0005607801214397634
Sphingomonas wittichii,0.0005604878456367368
Mucilaginibacter mallensis,0.0005598746174315439
Brenneria sp. EniD312,0.0005577575154432024
Bacillus sp. Y1,0.0005549749251210212
Echinicola strongylocentroti,0.0005549000440747464
Alcanivorax sp. NBRC 101098,0.0005511845915879609
Bordetella sp. N,0.0005509983058613832
Sphingomonas taxi,0.0005503097979041138
Pseudomonas sp. s211(2017),0.000548288003194175
Pseudomonas sp. R4-34-07,0.0005469778840796913
Candidatus Paracaedibacter acanthamoebae,0.0005456809235686144
Sphingomonas panacis,0.0005421605989982314
Bradyrhizobium diazoefficiens,0.0005419407342375004
Oxalobacter formigenes,0.0005416990256449372
Phenylobacterium zucineum,0.0005369098040957088
Erythrobacter flavus,0.0005329293307684945
Flavobacterium sp. HYN0056,0.0005317939744450273
Mycobacterium sp. MOTT36Y,0.0005310579961728568
Lactobacillus delbrueckii,0.0005308913556640871
Sphingopyxis sp. EG6,0.0005297384097400215
Sanguibacter keddieii,0.0005294923302318289
Microlunatus phosphovorus,0.0005222661385929194
Paenibacillus polymyxa,0.0005161735150571057
Arthrobacter sp. FB24,0.0005126962385336942
Sphingopyxis sp. QXT-31,0.0005119863879160747
Sphingobium sp. RAC03,0.0005060742460788692
Lelliottia sp. WB101,0.000503956845864062
Homo sapiens,0.0005026925841233431
Curtobacterium sp. BH-2-1-1,0.0005026256086276381
Arthrobacter sp. YN,0.0005003658722577909
Pelosinus fermentans,0.000496741756038177
Cupriavidus pinatubonensis,0.0004941175146896404
Paenibacillus sp. FSL R5-0912,0.0004938995791574863
blood disease bacterium A2-HR MARDI,0.00048645647170058036
Acinetobacter baumannii,0.00048524576471862255
Pseudomonas simiae,0.0004846582918256015
Yersinia massiliensis,0.00048404589109627414
Novosphingobium aromaticivorans,0.0004836557273391939
Bacillus subtilis,0.00047209160912784485
Enterobacter asburiae,0.00047110146077991024
Sphingomonas sp. Cra20,0.00047014946224381847
Geobacter bemidjiensis,0.00046892208647775213
Bacillus infantis,0.00046847305893735756
Acinetobacter schindleri,0.0004684545583879984
Paraburkholderia caribensis,0.00046582529611742806
Paraburkholderia graminis,0.00046523098990689513
Luteimonas sp. 83-4,0.0004626428686496986
Pseudomonas virus PaMx74,0.0004623040803557688
Victivallales bacterium CCUG 44730,0.00046024871800063314
Pantoea agglomerans,0.0004598442549087922
Klebsiella sp. M5al,0.00045849034976108705
Pedobacter steynii,0.0004583566083072199
Pseudomonas sp. A214,0.0004566522266729489
Chryseobacterium arthrosphaerae,0.0004553766106440538
Curtobacterium sp. MR_MD2014,0.00045048571637311684
Sphingomonas koreensis,0.00044913493406588677
Chryseobacterium carnipullorum,0.00044867618274917475
Xanthomonas hortorum,0.000448147325321413
Paenibacillus sp. FSL R5-0345,0.000448144447019283
Sphingorhabdus flavimaris,0.0004468896997443128
Sphingomonas sp. NIC1,0.0004466638602909523
Xenorhabdus doucetiae,0.0004451390267765865
Steroidobacter denitrificans,0.0004434423483436367
Hymenobacter sp. PAMC 26628,0.00044195289463511145
Sphingobium hydrophobicum,0.0004415647009056611
Sphingobium chlorophenolicum,0.0004398918130586127
Micropruina glycogenica,0.0004398664824681875
Flavobacterium gilvum,0.00043573915952048735
Flavobacterium anhuiense,0.0004334311062922813
Pseudomonas cremoricolorata,0.0004304055967248255
soil_total_N,0.0004295607722235584
Streptomyces virus Lannister,0.00042952423093278735
Thermotoga caldifontis,0.00042595977756791913
Frankia sp. EAN1pec,0.00042568505632487594
Azospira oryzae,0.00042466137299876914
Spongiibacter sp. IMCC21906,0.0004218358513386145
Bradyrhizobium erythrophlei,0.000419367154803707
Microvirga ossetica,0.00041776159742097364
Phycisphaera mikurensis,0.0004121753116399729
Dyadobacter fermentans,0.00041031057272338244
Paenibacillus sp. FSL P4-0081,0.0004089693062660826
Planococcus antarcticus,0.00040862370063177167
Marinobacter sp. BSs20148,0.0004080066921535286
Caulobacteraceae bacterium OTSz_A_272,0.0004078424505305156
Paenibacillus bovis,0.0004058007423356269
Pseudomonas asplenii,0.00040564883306772883
Clostridium saccharoperbutylacetonicum,0.00040462225099429093
Brevundimonas sp. DS20,0.00040309269323213215
Wolbachia endosymbiont of Brugia malayi,0.00040182157256858365
Luteimonas sp. JM171,0.00040063073268457037
Neorhizobium sp. NCHU2750,0.00039930810257440277
Orrella dioscoreae,0.00039754969576806244
chem__Ca (Mehlich 1 mg/kg dry weight),0.0003975371521647286
Pseudomonas sp. StFLB209,0.0003958415177499397
Mycoplasma haemofelis,0.0003955027139876499
Pseudomonas sp. MRSN12121,0.00039520051758461515
Sphingopyxis sp. FD7,0.00039423557004722996
Brevundimonas subvibrioides,0.0003927849657807903
Mycolicibacterium litorale,0.00038958712883636616
Mycolicibacterium rhodesiae,0.00038882562470130553
Caulobacter vibrioides,0.00038815609382734093
Sphingomonas indica,0.0003849266173255428
Rhizobium phaseoli,0.00038401554787907964
Rufibacter sp. DG15C,0.00038052187807007253
Variovorax paradoxus,0.00037831466013853453
Pseudomonas sp. 31-12,0.00037715307566545955
Mesorhizobium ciceri,0.000376536431658514
Stenotrophomonas sp. ZAC14A_NAIMI4_1,0.0003759351338481487
Serratia sp. SCBI,0.00037526239314509267
Pseudoxanthomonas spadix,0.0003751212856493824
chem__Zn (Mehlich 1 mg/kg dry weight),0.0003724588634028914
Xenorhabdus hominickii,0.00037062925457655995
Mucilaginibacter sp. BJC16-A31,0.0003657795787410878
Acidovorax carolinensis,0.0003643474193457452
Burkholderia territorii,0.0003604644837645221
Pseudomonas sp. TMW 2.1634,0.0003602562519608332
Altererythrobacter sp. B11,0.0003576594138474887
Acinetobacter sp. ADP1,0.00035730298087870426
Mycobacterium tuberculosis,0.0003560318168114085
Pseudomonas sp. MYb193,0.00035602538731860367
Acetobacter oryzifermentans,0.0003556433574515072
Pseudomonas cedrina,0.000355142134799058
Erythrobacter sp. KY5,0.00035371669249681934
Herbaspirillum sp. meg3,0.0003496753913045048
Pseudomonas sp. LTGT-11-2Z,0.00034942060316787147
Alicycliphilus denitrificans,0.0003482270856137948
Sphingopyxis macrogoltabida,0.0003481478891050882
Beijerinckia indica,0.0003468665195760723
Brevundimonas diminuta,0.0003451335496116092
Enterobacter cloacae complex sp. ECNIH7,0.00034466952134164507
nitrif__Rate (mg NO3-N/kilogram dry weight soil/day),0.0003446242666353294
Candidatus Protochlamydia amoebophila,0.0003434023917495255
Microterricola viridarii,0.0003403714044986739
Cylindrospermum stagnale,0.00033795625702410793
Citrobacter koseri,0.0003374233097815704
Escherichia fergusonii,0.00033655986118499295
Kitasatospora albolonga,0.0003361229554411871
Paraburkholderia sp. SOS3,0.00033573998319254007
Pseudomonas granadensis,0.0003318144056364103
Pseudomonas synxantha,0.00033168909512493183
Erwinia persicina,0.000331588833564056
Nitrobacter winogradskyi,0.00032824285809540665
Bacillus weihaiensis,0.0003276219342856379
Streptomyces virus Amela,0.00032705024117929415
Pseudomonas sp. R3-18-08,0.00032683232867201093
Paraburkholderia terricola,0.00032680929116359894
Variovorax boronicumulans,0.00032675761418670123
Comamonas aquatica,0.00032668275777387735
Pantoea vagans,0.000324423065083268
Leclercia sp. LSNIH1,0.00032121813475205485
Mucilaginibacter paludis,0.0003200363799483963
Lelliottia nimipressuralis,0.00031906199555293836
Rothia dentocariosa,0.00031725059419656086
Bacillus jeotgali,0.0003142007944608283
Bradyrhizobium sp. SK17,0.0003140105026801621
Lysobacter sp. TY2-98,0.00031398242485145553
Candidatus Solibacter usitatus,0.0003138600375368394
Agromyces flavus,0.00031332772826961894
Pseudopropionibacterium propionicum,0.0003126764306244256
Devosia sp. A16,0.00031143859580442526
Sphingomonas sp. LK11,0.0003092588908450766
Burkholderia insecticola,0.0003072412377579825
Variibacter gotjawalensis,0.0003042630879125818
Bdellovibrio bacteriovorus,0.0003031343630816474
Citrobacter rodentium,0.00030263355019140016
Streptomyces katrae,0.00030248329597770685
Pseudomonas sp. S09G 359,0.00030242115963936557
Halomonas sp. JS92-SW72,0.00030230214339306284
Paraburkholderia terrae,0.000301445206903006
Bradyrhizobium sp. CCGE-LA001,0.00029933789266443076
Xanthomonas vasicola,0.0002991071386168054
Bacillus velezensis,0.0002965211404694523
Flavobacterium faecale,0.0002962583333771196
[Eubacterium] rectale,0.0002873999863455934
Sphingobium baderi,0.0002857171344654352
Vibrio furnissii,0.0002855955982885794
Oligotropha carboxidovorans,0.0002855681973037871
Sphingobacterium sp. G1-14,0.0002824982985972557
Lactobacillus paracollinoides,0.00028167923218769264
soil_total_C,0.0002813702118013461
Pseudomonas entomophila,0.0002811895451448221
Hyphomicrobium sp. MC1,0.00028064682440445134
Verrucomicrobium sp. GAS474,0.00028019836966430844
Breoghania sp. L-A4,0.00027783529771399087
Yersinia aldovae,0.00027749980715692236
Kosakonia cowanii,0.00027733056159184866
Anoxybacillus flavithermus,0.00027687709339572206
Pasteurella multocida,0.0002766978302657597
Mycobacterium sp. MS1601,0.0002752939147909972
Candidatus Xiphinematobacter sp. Idaho Grape,0.00027346629478874895
Acidovorax sp. KKS102,0.0002731424922512105
Pseudomonas sp. CMR12a,0.0002725316659432764
Conexibacter woesei,0.00027231008286743297
Hymenobacter sp. PAMC 26554,0.0002711416539111111
Pseudomonas citronellolis,0.00027075813539534366
Desulfovibrio piger,0.00026938294097471615
Streptomyces glaucescens,0.00026888821513846304
Bradyrhizobiaceae bacterium SG-6C,0.00026768319254306673
Rickettsia helvetica,0.00026526272462934486
Janibacter indicus,0.00026481149961945507
Erythrobacter gangjinensis,0.0002645199422866451
Polaromonas sp. SP1,0.00026393189025106787
Pseudomonas plecoglossicida,0.00026317182559418837
Azotobacter vinelandii,0.00026274167102131597
Vibrio coralliilyticus,0.00026197626287960407
Pectobacterium parmentieri,0.00026035799208674605
Mesorhizobium opportunistum,0.00025839274307410954
Streptomyces formicae,0.00025793296678295886
Rhodoferax koreense,0.00025658463885331885
Pedobacter ginsengisoli,0.00025538692609390347
Aeromonas sp. ASNIH4,0.00025495991895143624
Burkholderia sp. KK1,0.00025455422341891243
Serratia sp. FS14,0.00025427672588020924
Pseudomonas tolaasii,0.000253646974575239
Arthrobacter sp. ZXY-2,0.0002522884014893423
Ralstonia mannitolilytica,0.0002514042276690276
Burkholderia seminalis,0.00024962849588439084
Bacillus sonorensis,0.0002489933429042024
Bacillus thuringiensis,0.00024813272998995827
Rhodopseudomonas palustris,0.00024730648633928263
Terriglobus saanensis,0.000246853689680826
Shigella flexneri,0.0002466993979845622
Rhizobium jaguaris,0.0002438999091832761
Saccharomonospora marina,0.00024374580840103022
Vulgatibacter incomptus,0.00024148942314203837
Burkholderia plantarii,0.0002413687165377043
Rhizobium sp. ACO-34A,0.0002404260672840719
Polynucleobacter duraquae,0.000239529979615849
Streptomyces cavourensis,0.00023867172830318583
Mesorhizobium huakuii,0.00023716355505882803
Kribbella flavida,0.00023680372732646227
Streptomyces sp. SirexAA-E,0.000236359200739944
Streptomyces malaysiensis,0.00023367738155091188
Burkholderia ubonensis,0.0002323000480868309
Streptomyces sp. S8,0.00023098056033379332
Streptomyces nodosus,0.0002305523451850533
Caulobacter henricii,0.00022973339885836718
Paenibacillus borealis,0.00022947719867372207
Indioceanicola profundi,0.0002288923160103762
Burkholderia thailandensis,0.00022878703067736873
Pseudomonas sp. NS1(2017),0.00022861830679972163
Streptomyces sp. SM18,0.00022489824107105872
Kushneria marisflavi,0.00022396888839901763
Rhizobium sp. IE4771,0.00022365528738197416
Flavisolibacter tropicus,0.00022166262178473505
Streptomyces virus Caliburn,0.00021956288840934145
Brachybacterium faecium,0.0002194592125861483
Streptomyces cattleya,0.0002181133037306937
chem__LBCeq (mg/kg CaCO3/pH dry weight),0.00021781873344242086
Pseudomonas sp. TKP,0.00021708790817047684
Pseudomonas sp. Os17,0.00021663080694194202
Acidiphilium cryptum,0.0002165984522824127
Ralstonia solanacearum,0.0002153776575424482
Actinoplanes sp. N902-109,0.0002146715162518298
Libanicoccus massiliensis,0.0002126794075054672
Paraburkholderia fungorum,0.00021202338645334162
Agromyces aureus,0.00021073944662735044
Bordetella pseudohinzii,0.0002098392316512543
Paraburkholderia phymatum,0.00020849835222385148
Mycobacterium shigaense,0.00020764875727925515
Comamonas testosteroni,0.00020746992740616754
Caulobacter segnis,0.00020707184703163683
Delftia acidovorans,0.00020593952033167717
Pseudomonas sp. bs2935,0.00020481185948959535
Ramlibacter tataouinensis,0.00020420451853422338
Corynebacterium xerosis,0.0002013966977507664
Stenotrophomonas sp. LM091,0.0002010808021619237
Thalassococcus sp. SH-1,0.00020096297066694025
Runella slithyformis,0.0002005111719878494
Rhizobium sp. NXC24,0.00020043968485565776
Nocardia sp. Y48,0.00019903229963766922
Planctomyces sp. SH-PL14,0.00019894887367013502
Geobacter sp. M21,0.0001987143453307194
Rhizobium sp. CIAT894,0.0001977380614325286
Bordetella genomosp. 6,0.00019762377988417069
Pseudomonas silesiensis,0.00019698404404573379
Chryseobacterium glaciei,0.00019679037706983317
Arachidicoccus sp. KIS59-12,0.00019603816380158178
Methylocaldum marinum,0.00019594343710500618
Arthrobacter sp. PGP41,0.0001952692107617393
Vitreoscilla filiformis,0.0001949189538666074
Mycobacterium intracellulare,0.00019323930590469106
Sinorhizobium sp. RAC02,0.00019318375007735256
Rhodomicrobium vannielii,0.00019223260334990666
Halomonas aestuarii,0.0001918136246917168
Gordonia bronchialis,0.00019145243823368575
Bacillus paralicheniformis,0.00019131644934264891
Streptomyces parvulus,0.00018925916739584992
Thermomonospora curvata,0.00018517101928821055
Chryseobacterium indoltheticum,0.00018428627516688944
Tumebacillus avium,0.00018412724806196045
Bacteroides caccae,0.0001835021722374597
Moorea producens,0.00018293606436805553
Vibrio scophthalmi,0.0001826586172043454
Pandoraea apista,0.00018137358436300932
Auraticoccus monumenti,0.00018109896169251626
Streptomyces pristinaespiralis,0.000180731446577842
Streptomyces sp. TN58,0.00018062763434827377
Pandoraea sputorum,0.00018060056657351887
Truepera radiovictrix,0.00018058996326073551
Micromonospora siamensis,0.00018035828912930097
Pseudoalteromonas spongiae,0.00017968116290520975
Bacillus sp. X1(2014),0.00017957903096432748
Pseudomonas litoralis,0.00017922923029654037
Caulobacter flavus,0.00017708991567770837
Achromobacter insolitus,0.00017658530351336577
Mycolicibacterium aurum,0.00017590064569030783
Achromobacter sp. AONIH1,0.00017556887396932285
Thermus oshimai,0.00017520705868758756
Pseudomonas versuta,0.0001750806402659677
Thermocrinis minervae,0.00017473794085767213
Thermotoga petrophila,0.00017384618257187956
Tessaracoccus aquimaris,0.0001730343955126168
Prevotella intermedia,0.00017282277362131726
Cronobacter turicensis,0.00017278685336652444
Edwardsiella sp. EA181011,0.00017266110967122382
Thermosynechococcus sp. NK55a,0.00017251221258376414
Nitrospirillum amazonense,0.00017235618752040605
Stenotrophomonas sp. SAU14A_NAIMI4_5,0.00017209118781220668
Rhodoplanes sp. Z2-YC6860,0.00017118669714761837
Mycobacterium sp. WY10,0.0001711127923255118
Streptomyces fungicidicus,0.00017079648673903324
Mycobacterium canettii,0.00017044486856241381
Stackebrandtia nassauensis,0.00017011974373115635
Burkholderia glumae,0.0001700108652858745
Actinomyces radingae,0.0001697495610247346
Alteromonas mediterranea,0.000167547164487436
Erythrobacter sp. HL-111,0.00016609581019630948
Pandoraea norimbergensis,0.00016460662735162668
Pseudomonas kribbensis,0.00016452331823062493
Bordetella parapertussis,0.00016388963726292615
Streptomyces sp. CNQ-509,0.0001633656950608353
Scytonema sp. HK-05,0.00016244719044038457
Pseudonocardia sp. EC080619-01,0.00016232505912594508
Pseudomonas sp. 7SR1,0.00016183091866546208
Jeotgalibacillus malaysiensis,0.00016178148867564967
Bacillus smithii,0.00016126033638721448
Pseudomonas sp. SWI6,0.00015941037289848303
Pseudomonas sp. 09C 129,0.00015922136366022243
Pseudomonas oryzihabitans,0.00015885783703106782
[Mycobacterium] stephanolepidis,0.0001587487973327306
Shimwellia blattae,0.0001580125132583543
Rhodobacter sphaeroides,0.0001577318271806849
Burkholderia lata,0.0001568986360457769
Sphingobacteriaceae bacterium GW460-11-11-14-LB5,0.0001565579524004601
Nostoc flagelliforme,0.00015637951604203782
Myxococcus xanthus,0.00015597284147279568
psize__Soil Silt Content %,0.00015557705404785073
Pseudomonas sp. Lz4W,0.0001545982856175243
Edwardsiella anguillarum,0.000153695929657216
Acidithiobacillus ferrivorans,0.00015268804355539345
Paenibacillus sp. FSL H7-0737,0.00015227622919742335
Bacillus cereus,0.00015208914688986664
Pseudomonas corrugata,0.000151401352559688
Streptomyces xiamenensis,0.00015061618647664864
Streptomyces bacillaris,0.00015040608911118803
Halomicrobium mukohataei,0.0001501248582862269
Arthrobacter sp. Rue61a,0.00015007869703622667
Variovorax sp. PMC12,0.0001499995998670789
Pseudomonas sp. XWY-1,0.0001499536802543222
Myxococcus hansupus,0.00014980362096714828
Roseibacterium elongatum,0.0001497872025119751
Altererythrobacter epoxidivorans,0.00014968412334090964
Cellvibrio japonicus,0.00014874982217010223
Corynebacterium vitaeruminis,0.00014745683966985724
Actinoplanes derwentensis,0.00014744051343509312
Cronobacter sakazakii,0.00014741160298137324
Pseudomonas pohangensis,0.00014731981597817522
Escherichia coli,0.00014729574897340836
Pseudomonas sp. WCS374,0.00014700397245459573
Chryseobacterium nakagawai,0.0001466464121253841
Rubrobacter xylanophilus,0.00014587136885857444
Neisseria meningitidis,0.00014555824189175227
Alcaligenes aquatilis,0.00014542799132701844
Planococcus maritimus,0.00014509131390874063
Aminobacter aminovorans,0.00014497649728963946
Arthrobacter sp. QXT-31,0.00014480234490481524
Stenotrophomonas sp. ZAC14D2_NAIMI4_6,0.00014444039765633133
Microcystis aeruginosa,0.00014440989335140486
Enterobacter sp. Crenshaw,0.00014385319367649085
Pandoraea thiooxydans,0.00014358837099175402
Crenobacter sp. K1W11S-77,0.0001435738395613395
Devosia sp. I507,0.0001433657237267294
Alcanivorax borkumensis,0.00014323363403014877
Streptomyces clavuligerus,0.00014285385745467228
Pseudomonas pseudoalcaligenes,0.0001426672413253227
Streptomyces virus Lika,0.0001415585078888393
Glutamicibacter nicotianae,0.0001392352920225104
Streptomyces sp. CC0208,0.000138933210711345
Parabacteroides sp. CT06,0.0001378324894347305
Yersinia pseudotuberculosis,0.00013773700206611838
Rhodoluna lacicola,0.00013737634551183042
Hymenobacter sp. APR13,0.00013696844714736756
Massilia putida,0.00013691479783786153
Kocuria rhizophila,0.00013674664067868657
Streptomyces sp. FR-008,0.000134657655368442
Thiomonas intermedia,0.00013461753196022385
Pseudomonas moraviensis,0.0001334521571072722
Candidatus Saccharibacteria bacterium YM_S32_TM7_50_20,0.00013303909488167066
Serratia liquefaciens,0.00013292162016864673
Geobacter sulfurreducens,0.00013281111053136118
Salinivirga cyanobacteriivorans,0.00013246894400706922
Spirosoma pollinicola,0.00013162306648353272
Paludisphaera borealis,0.00013159346123521322
chem__Mg (Mehlich 1 mg/kg dry weight),0.00013108360859968027
Paenibacillus donghaensis,0.0001308393415087039
Cupriavidus pauculus,0.00012896538585462913
Sphingobium herbicidovorans,0.0001285820962461326
Cellvibrio sp. PSBB006,0.00012817195576393382
Bordetella sp. HZ20,0.0001278621012251291
Coraliomargarita akajimensis,0.00012733150013424232
Erythrobacter seohaensis,0.00012680971230640825
Tessaracoccus flavus,0.00012667339333196636
Pseudomonas sp. CC6-YY-74,0.00012609205228748533
Stenotrophomonas sp. Pemsol,0.00012602962351579983
Streptomyces olivoreticuli,0.00012595475449259653
Pseudomonas fluorescens,0.00012552996654409122
Pseudomonas parafulva,0.00012541251341173786
Rhodobacter sp. LPB0142,0.00012501321009812384
Streptomyces sp. CMB-StM0423,0.0001249314717578498
Arthrobacter sp. PAMC 25486,0.00012440908785247285
Yersinia intermedia,0.00012424242387383267
Nitrosomonas sp. Is79A3,0.00012398882066422257
Burkholderia sp. MSMB0856,0.00012364145163648032
Methylotenera versatilis,0.00012254968088907248
Nostoc linckia,0.00012214778525105886
Pseudomonas trivialis,0.0001221107610008154
Paracoccus sp. BM15,0.00012185576851706515
Nostoc punctiforme,0.00012112099769638896
Bacillus sp. Y-01,0.00012018762958831974
Selenomonas sp. oral taxon 478,0.000119922501964842
Oceanithermus profundus,0.00011940935656271635
Lysobacter maris,0.00011910735120466143
Acidiferrobacter sp. SPIII_3,0.00011893500839010862
Limnobaculum parvum,0.00011792979756899413
Burkholderia pseudomallei,0.00011735061604236651
Mycolicibacterium gilvum,0.00011726377278178379
Devosia sp. H5989,0.00011711881901423915
Arthrobacter sp. ERGS1:01,0.00011702312434738182
Kytococcus sedentarius,0.00011595670720074836
Desulfovibrio fairfieldensis,0.00011593903352420387
Aeribacillus pallidus,0.0001155743905245865
Mycobacterium sp. JLS,0.00011517123190143418
Celeribacter baekdonensis,0.0001151357991217461
Citrobacter freundii,0.00011481403284958613
Clostridioides difficile,0.0001142956280883789
Sinomonas atrocyanea,0.00011397853210797227
Luteitalea pratensis,0.00011387184587738908
Thauera humireducens,0.00011354803674130664
Corynebacterium geronticis,0.00011347961931962303
Dickeya solani,0.00011346724309497791
Corallococcus coralloides,0.0001134481611792415
Stigmatella aurantiaca,0.00011299949837668688
Bacillus muralis,0.0001126387223421066
Rhodococcus fascians,0.00011216906764388579
Sphingobium sp. SCG-1,0.00011144602605916987
Desulfovibrio desulfuricans,0.00011140624324286197
Cellvibrio sp. PSBB023,0.00011061319851044527
Streptacidiphilus sp. DSM 106435,0.00011053026606508976
Halotalea alkalilenta,0.00011042100503060315
Microbacterium hominis,0.00010950059820009627
Agromyces sp. 30A,0.00010932778192491721
Microbacterium sp. CGR1,0.00010907236306705315
Streptomyces sp. 3214.6,0.00010804226537743932
Rhizobium phage 16-3,0.0001077651797191992
Micromonospora purpureochromogenes,0.00010750115910100888
Agarilytica rhodophyticola,0.00010679862413582874
Plantibacter flavus,0.00010645525374997078
Klebsiella variicola,0.00010591437836064977
Streptomyces virus Izzy,0.00010586987385701186
Streptomyces globisporus,0.00010575418510490042
Burkholderia sp. NRF60-BP8,0.0001054221469058092
Burkholderia sp. BDU6,0.0001053201960107497
Desulfovibrio vulgaris,0.00010508137027920306
Microbacterium sp. 10M-3C3,0.00010498904910949403
Frondihabitans sp. 762G35,0.00010464696414982377
Pseudomonas alkylphenolica,0.00010460474857809654
Acinetobacter pittii,0.00010330844037762522
Corynebacterium glutamicum,0.00010262609698699076
Deinococcus radiodurans,0.00010234592152909005
Methylosinus trichosporium,0.00010227172291534802
Burkholderia sp. OLGA172,0.00010219060689207194
[Enterobacter] lignolyticus,0.00010199419927350294
halophilic archaeon DL31,0.00010133641562268814
Altererythrobacter sp. ZODW24,0.00010126820826783511
Enterobacteriaceae bacterium ENNIH1,0.00010108234342345312
Bacillus horikoshii,0.00010005234835859244
Mitsuaria sp. 7,0.00010003713456119279
Pseudomonas sp. Z003-0.4C(8344-21),9.93661640776855e-05
Desulfatibacillum alkenivorans,9.890106339534021e-05
Leifsonia xyli,9.873612975552781e-05
Mesorhizobium sp. DCY119,9.864207808487623e-05
Streptomyces lividans,9.753222989339339e-05
Jiangella alkaliphila,9.73074787752548e-05
Mesorhizobium sp. WSM1497,9.687490925807119e-05
Klebsiella pneumoniae,9.67050890115173e-05
Bdellovibrio exovorus,9.665507099569926e-05
Martelella endophytica,9.646767785072008e-05
Cellulomonas flavigena,9.634950879273685e-05
Desulfovibrio hydrothermalis,9.60966487632664e-05
Frankineae bacterium MT45,9.607138422538242e-05
Spirochaeta africana,9.578629658533178e-05
Alcanivorax sp. N3-2A,9.49917388229915e-05
Corynebacterium aquilae,9.483828592944387e-05
Tsukamurella paurometabola,9.45831632473082e-05
Myxococcus macrosporus,9.448246645278324e-05
Pseudomonas xanthomarina,9.439864629847693e-05
Xanthobacter autotrophicus,9.409549717303012e-05
Flavobacterium indicum,9.405592155571351e-05
Chlorobium limicola,9.354787180857472e-05
Cupriavidus nantongensis,9.267539979651573e-05
Kitasatospora aureofaciens,9.257088816665427e-05
psize__Soil Clay Content %,9.21575108974615e-05
Pseudomonas furukawaii,9.205579180904255e-05
Novibacillus thermophilus,9.186567355192742e-05
Myxococcus stipitatus,9.171051452574463e-05
Streptomyces sp. SAT1,9.167363598177048e-05
Oscillibacter sp. PEA192,9.153556074945613e-05
Paenibacillus durus,9.145826450605022e-05
Thiocystis violascens,9.14111138813123e-05
Micromonospora aurantiaca,9.109516792777938e-05
Pseudonocardia sp. EC080610-09,9.081975204225934e-05
Flavobacterium sp. MEBiC07310,9.006199154415473e-05
Actinobacteria bacterium IMCC26256,8.965590073497509e-05
Lelliottia jeotgali,8.960332162830654e-05
Paenibacillus crassostreae,8.92539589637753e-05
Rhizobacter gummiphilus,8.909959518592636e-05
Aggregatibacter actinomycetemcomitans,8.899489585783016e-05
Herminiimonas arsenitoxidans,8.888992022295649e-05
Xylella taiwanensis,8.858491938912305e-05
Pseudonocardia dioxanivorans,8.813820271325046e-05
Plesiomonas shigelloides,8.779535555571982e-05
Bacillus foraminis,8.68790751638926e-05
Acidovorax sp. JS42,8.629464524698705e-05
Acinetobacter lactucae,8.625727194968568e-05
Brenneria goodwinii,8.611053923681666e-05
Pseudomonas monteilii,8.572038715939367e-05
Dietzia lutea,8.550482612410538e-05
Bacillus oceanisediminis,8.545220591120728e-05
Enterobacter kobei,8.541702489999193e-05
Azoarcus sp. DN11,8.514628418543335e-05
Halomonas sp. N3-2A,8.513171406294706e-05
Thalassospira xiamenensis,8.497630947288393e-05
Tatumella citrea,8.472196017759171e-05
Thiomonas arsenitoxydans,8.441589484742273e-05
Teredinibacter turnerae,8.43319702877876e-05
Wenzhouxiangella marina,8.335274847051099e-05
Ochrobactrum sp. A44,8.270379787327365e-05
Pseudarthrobacter equi,8.247856831307132e-05
Pontibacter actiniarum,8.245869597269805e-05
Micavibrio aeruginosavorus,8.228664906539951e-05
Burkholderia vietnamiensis,8.189549680572838e-05
Methylophilus sp. TWE2,8.150574869181249e-05
Pseudolabrys taiwanensis,8.07142505877545e-05
Rhizobium tropici,8.021258053705349e-05
Neisseria subflava,8.019448586744637e-05
Flavobacterium psychrophilum,7.953542109135902e-05
Hymenobacter swuensis,7.81940183166796e-05
Flavobacterium kingsejongi,7.80500959078001e-05
Sphingobium sp. YG1,7.791172216087272e-05
Nitrospira moscoviensis,7.778101492623701e-05
Clostridium novyi,7.744198493870868e-05
Pseudomonas poae,7.734114711654971e-05
Chromohalobacter salexigens,7.660571772276637e-05
Tolumonas auensis,7.632136157078583e-05
Acidovorax avenae,7.525606798652884e-05
Methylorubrum populi,7.507228724130676e-05
Pseudomonas sp. R5-89-07,7.474813648424838e-05
Halioglobus japonicus,7.468003743422713e-05
Bacillus licheniformis,7.45579285143183e-05
Bacillus circulans,7.421719131444071e-05
Ornithinimicrobium sp. AMA3305,7.393965607451757e-05
Acinetobacter calcoaceticus,7.392352434847372e-05
Tessaracoccus sp. T2.5-30,7.325715931378873e-05
Bacillus pseudofirmus,7.285704582771224e-05
Idiomarinaceae bacterium HL-53,7.274369981342676e-05
Saccharopolyspora erythraea,7.179226132514316e-05
Magnetospirillum sp. XM-1,7.172810814326525e-05
Brucella vulpis,7.163136304233486e-05
Nitratireductor sp. OM-1,7.155530824347612e-05
Sulfitobacter sp. JL08,7.109664872633204e-05
Haloplanus aerogenes,7.062769698704675e-05
Paenibacillus swuensis,7.013350269609031e-05
Synechococcus sp. WH 8020,7.00574721857361e-05
Neisseria zoodegmatis,6.998270540869989e-05
Sinorhizobium sp. CCBAU 05631,6.968360438808219e-05
Leptothrix cholodnii,6.94891018780952e-05
Rhodoferax ferrireducens,6.921754381159496e-05
Sulfuricurvum kujiense,6.895237394175525e-05
Pseudomonas viridiflava,6.78733805226539e-05
Brevibacillus brevis,6.757161309236536e-05
Neisseria lactamica,6.73942020407825e-05
Hymenobacter sp. DG25B,6.737029201815403e-05
Corynebacterium maris,6.711037621891514e-05
Nitratireductor basaltis,6.688200255526855e-05
Rhizobium sp. NT-26,6.594239231316745e-05
Dietzia psychralcaliphila,6.574645511430166e-05
Photorhabdus laumondii,6.552195204216904e-05
Betaproteobacteria bacterium GR16-43,6.52209998800668e-05
Pseudomonas palleroniana,6.517933496674733e-05
Haliangium ochraceum,6.50222389057653e-05
Streptomyces sampsonii,6.479220573749612e-05
Streptomyces alfalfae,6.437777336723016e-05
Deinococcus actinosclerus,6.423398444226347e-05
Streptomyces sp. TLI_053,6.417799528264378e-05
Pandoraea pulmonicola,6.413255189179346e-05
Heliobacterium modesticaldum,6.400124355796511e-05
Klebsiella oxytoca,6.395000143035733e-05
Chloracidobacterium thermophilum,6.387443046151908e-05
Paraburkholderia aromaticivorans,6.37799090590141e-05
Cutibacterium acnes,6.355979106658083e-05
Pseudomonas soli,6.185666178422089e-05
Friedmanniella sagamiharensis,6.150788385062e-05
Halomonas chromatireducens,6.083870955078119e-05
Kitasatospora sp. MMS16-BH015,6.057531617222889e-05
Mucilaginibacter gotjawali,6.026296201997461e-05
Bradyrhizobium japonicum,6.023912197559156e-05
Chryseobacterium carnis,6.0101907690635056e-05
Nitrospira defluvii,5.9827319915273236e-05
Singulisphaera acidiphila,5.8219368206313685e-05
Actinomyces hongkongensis,5.791738818878844e-05
Hyphomicrobium denitrificans,5.7577078008241855e-05
Niveispirillum cyanobacteriorum,5.7437703315277314e-05
Pseudomonas sp. FGI182,5.678416870871228e-05
Streptosporangium sp. 'caverna',5.6403036114405224e-05
Hyphomonas sp. CACIAM 19H1,5.621320430972965e-05
Gemmatirosa kalamazoonesis,5.6107206848343694e-05
Deinococcus ficus,5.6033622103268677e-05
Bacillus amyloliquefaciens,5.5870059045393106e-05
Saccharomonospora azurea,5.5865368770158244e-05
Oceanobacillus sp. 160,5.568491309622114e-05
Bordetella bronchialis,5.557288089068635e-05
Flavobacterium johnsoniae,5.525863827127164e-05
Kutzneria albida,5.4548183404623527e-05
Chromobacterium sp. ATCC 53434,5.443549339387843e-05
Niabella ginsenosidivorans,5.4123366006386674e-05
Rhodococcus aetherivorans,5.391701140469163e-05
Nocardioides dokdonensis,5.3659535638739264e-05
Mucilaginibacter sp. PAMC 26640,5.359560822095766e-05
Arthrobacter sp. DCT-5,5.3576826936274634e-05
Rhizobium leguminosarum,5.3481744691041835e-05
Ochrobactrum anthropi,5.34288039615971e-05
Bartonella quintana,5.308486389952183e-05
Amycolatopsis sp. BJA-103,5.3047204466194486e-05
Nitrosomonas communis,5.272945660477202e-05
Capnocytophaga ochracea,5.243548329525449e-05
Mycobacterium kansasii,5.216186551677548e-05
Geobacillus thermoleovorans,5.208256269269018e-05
Streptomyces nigra,5.1949146286056626e-05
Micromonospora sp. L5,5.1811564055803674e-05
Achromobacter xylosoxidans,5.157046297223911e-05
Kosakonia sacchari,5.1412681053708555e-05
Paraoerskovia marina,5.0929335221439054e-05
Pantoea alhagi,5.060952372508698e-05
Cupriavidus metallidurans,5.0509911506768644e-05
Pseudomonas sp. Leaf58,5.044314919109283e-05
Thauera aromatica,4.993353187723315e-05
Streptomyces albus,4.983343795426087e-05
Brachybacterium sp. VR2415,4.979447328719022e-05
Streptomyces sp. Z022,4.970955581748981e-05
Streptomyces autolyticus,4.963700460585141e-05
Aeromonas sp. ASNIH5,4.940342843231527e-05
Lachnospiraceae bacterium GAM79,4.9236777037076075e-05
Elizabethkingia ursingii,4.92053796373737e-05
Tannerella forsythia,4.8971337474057464e-05
Actinomadura amylolytica,4.877803003677794e-05
Methylobacillus flagellatus,4.850482600911032e-05
Thermanaerovibrio velox,4.840835537045507e-05
Methylophaga nitratireducenticrescens,4.803321156752194e-05
Sinorhizobium fredii,4.783977137534645e-05
Streptomyces sp. 3211,4.775714423885802e-05
Actinomyces oris,4.743038321330939e-05
Mycobacterium haemophilum,4.734336280682871e-05
Novosphingobium sp. P6W,4.6954614195304775e-05
Bordetella genomosp. 9,4.596200088204938e-05
Cellulosimicrobium sp. TH-20,4.5915797733742104e-05
Neisseria sp. 10022,4.583807249971539e-05
Serratia marcescens,4.5762322788678314e-05
Kocuria sp. BT304,4.557237224236399e-05
Brevundimonas sp. GW460-12-10-14-LB2,4.543160864600715e-05
Methylorubrum extorquens,4.512288130011921e-05
Castellaniella defragrans,4.445479424146637e-05
Slackia heliotrinireducens,4.40597778309737e-05
Formosa sp. Hel1_31_208,4.401613920927972e-05
Stenotrophomonas sp. ZAC14D2_NAIMI4_7,4.3797439612958125e-05
Azotobacter chroococcum,4.3783432754396226e-05
Terriglobus roseus,4.343489350293606e-05
Flavobacterium columnare,4.3059654844301853e-05
Streptomyces sp. SCSIO 03032,4.269155662397495e-05
Burkholderia sp. YI23,4.251573638036632e-05
Sphingopyxis sp. LPB0140,4.245596490155545e-05
Streptomyces sp. Sge12,4.2417224966051495e-05
Pseudomonas psychrophila,4.1916532064156795e-05
Actinoplanes sp. SE50/110,4.1323760094957865e-05
Mycobacterium sp. VKM Ac-1817D,4.0704960707649286e-05
Corynebacterium timonense,4.0625247406222975e-05
Aromatoleum aromaticum,4.044804394407464e-05
Geobacter uraniireducens,4.0179796422790126e-05
Pseudomonas sp. DR 5-09,4.011659088947184e-05
Actinoalloteichus sp. GBA129-24,3.9817792198459936e-05
Agrobacterium vitis,3.9809577764904344e-05
Bacillus pseudomycoides,3.977395737519984e-05
Micromonospora zamorensis,3.937687812649582e-05
Mycobacterium sp. YC-RL4,3.868663440549369e-05
Aquitalea magnusonii,3.867928297589529e-05
Micromonospora chokoriensis,3.867859579529398e-05
Azoarcus sp. KH32C,3.815517171217309e-05
Haloferax volcanii,3.81079839978371e-05
Caldisericum exile,3.802363007110454e-05
Enterobacter sp. 638,3.800775369604548e-05
Tropheryma whipplei,3.7927666044157426e-05
Janthinobacterium sp. B9-8,3.791526538510226e-05
Pseudoflavitalea sp. 5GH32-13,3.776361996725708e-05
Phenylobacterium sp. HYN0004,3.736730885222084e-05
Enterobacter hormaechei,3.717505011913147e-05
Microbacterium foliorum,3.691712682152293e-05
Altererythrobacter atlanticus,3.6610586657781494e-05
Burkholderia cenocepacia,3.6303409548588125e-05
Gordonia sp. MMS17-SY073,3.615007979063112e-05
Thalassolituus oleivorans,3.6047387442827986e-05
Pseudomonas sp. R4-35-07,3.594244478026809e-05
Sphingopyxis sp. MG,3.585962779013574e-05
Geobacter sp. M18,3.553051003426511e-05
Polynucleobacter difficilis,3.506675613869081e-05
Myroides odoratus,3.4706075219226304e-05
Anaerolineaceae bacterium oral taxon 439,3.439816371302307e-05
Staphylococcus aureus,3.3869449200740756e-05
Hafnia paralvei,3.362142070322261e-05
Catenulispora acidiphila,3.352463698373942e-05
Stenotrophomonas sp. MYb57,3.3450475519325454e-05
Marinobacter sp. LV10R510-11A,3.3234148229932534e-05
Rhodococcus ruber,3.3121103244182494e-05
Methylobacterium sp. 17Sr1-28,3.28904382868922e-05
Arthrobacter crystallopoietes,3.276920222445856e-05
Sulfurifustis variabilis,3.268192504195522e-05
Bifidobacterium choerinum,3.2439578282250636e-05
Marinobacter sp. Arc7-DN-1,3.2331372303562314e-05
Pseudomonas sp. B10,3.221535662523145e-05
Diaphorobacter polyhydroxybutyrativorans,3.203454434650421e-05
Streptomyces lavendulae,3.1895494468470176e-05
Actinopolymorpha singaporensis,3.146805310405565e-05
Pseudomonas sp. VLB120,3.1454542819764344e-05
Rhodopirellula baltica,3.0806298942565034e-05
Variovorax sp. PAMC 28711,3.001762409264863e-05
Rhodobacteraceae bacterium QY30,2.994851290010203e-05
Streptomyces fulvissimus,2.989438738763006e-05
Paenibacillus mucilaginosus,2.9486798751721112e-05
Streptomyces sp. RTd22,2.9076110713077697e-05
Saccharomonospora viridis,2.9013217432738435e-05
Micromonospora krabiensis,2.8781142118816662e-05
Bradyrhizobium sp. BTAi1,2.8605036466200497e-05
Bacillus coagulans,2.825908103072372e-05
Anaeromyxobacter sp. Fw109-5,2.822521808361067e-05
Salinispora arenicola,2.8153161891775193e-05
Rhodoferax saidenbachensis,2.801831942231825e-05
Azospirillum lipoferum,2.7971456921704886e-05
Acidobacterium capsulatum,2.784071529930987e-05
Burkholderia mallei,2.7718870986470635e-05
Isosphaera pallida,2.7519435351175403e-05
Mycolicibacterium thermoresistibile,2.748714804905461e-05
Pseudomonas sp. M30-35,2.740877982680967e-05
Candidatus Coxiella mudrowiae,2.7200695321538682e-05
Saccharomonospora cyanea,2.7200376539004977e-05
Pedobacter sp. eg,2.7099854895351605e-05
Rhizobium etli,2.675840952062192e-05
Riemerella anatipestifer,2.6675679747922844e-05
Advenella kashmirensis,2.6612676622717045e-05
Anaeromyxobacter sp. K,2.622340543878554e-05
Agrococcus carbonis,2.6052279505983656e-05
Pseudomonas cichorii,2.5998536823679253e-05
Geobacter pickeringii,2.598152106871865e-05
Rhodothermus marinus,2.5909138998847502e-05
Ammonifex degensii,2.5851322227832264e-05
Rhodococcus erythropolis,2.5798704888524428e-05
Mycolicibacter sinensis,2.5679430203284782e-05
Jiangella sp. DSM 45060,2.5598773550616904e-05
Bordetella sp. H567,2.5532488786761397e-05
Streptomyces xinghaiensis,2.5222314666062395e-05
Micromonospora inositola,2.512203623390441e-05
Isoptericola variabilis,2.5090188639587117e-05
Streptomyces ambofaciens,2.493188989609596e-05
Cupriavidus sp. USMAA2-4,2.484471581063463e-05
Roseovarius sp. TM1035,2.4637675162786364e-05
Vibrio mediterranei,2.4485041315003285e-05
Marivirga tractuosa,2.4315921627038328e-05
Corynebacterium sp. ATCC 6931,2.4297982945520325e-05
Desulfuromonas soudanensis,2.4241469231522927e-05
Sorangium cellulosum,2.4149346277857475e-05
Achromobacter spanius,2.400166460811981e-05
Pseudomonas sp. R2-7-07,2.394973648096599e-05
Pseudomonas sp. SWI44,2.3928333541656244e-05
Escherichia marmotae,2.391531058525409e-05
Luteipulveratus mongoliensis,2.374503922273341e-05
Pantoea sp. PSNIH1,2.3289220623867733e-05
Nitrobacter hamburgensis,2.3264020634750083e-05
Bordetella flabilis,2.318094959539163e-05
Muricauda ruestringensis,2.315722495256356e-05
Propionibacterium acidifaciens,2.3077515270375493e-05
Kitasatospora setae,2.303185721903578e-05
Clostridium estertheticum,2.3031764837266878e-05
Streptomyces rubrolavendulae,2.2920478530896736e-05
Streptomyces spongiicola,2.2747960022062586e-05
Plantactinospora sp. BC1,2.2565574600807993e-05
Streptomyces lydicus,2.2536770845715813e-05
Flavobacterium sp. HYN0086,2.2421880354595024e-05
Mycobacterium paragordonae,2.2377021805142228e-05
Bradyrhizobium sp. 3 85S1MB,2.2152174548839555e-05
Salinimonas sp. N102,2.2019459788991115e-05
Methyloversatilis sp. RAC08,2.168321821782726e-05
Burkholderia sp. CCGE1001,2.153807729303736e-05
Bradyrhizobium sp. 2 39S1MB,2.132940982921827e-05
Actinoplanes teichomyceticus,2.098962815886285e-05
Leptolyngbya sp. NIES-3755,2.0952110783412082e-05
Akkermansia muciniphila,2.0885925627389668e-05
Rhodococcus hoagii,2.0880428115610528e-05
Pelagibacterium halotolerans,2.086029052292826e-05
Acidihalobacter ferrooxidans,2.048201940620942e-05
Paucibacter sp. KCTC 42545,2.046864722766717e-05
Cellulosilyticum lentocellum,2.0148713245471406e-05
Cellulomonas fimi,1.9815018103308545e-05
Leifsonia sp. 21MFCrub1.1,1.963795071677765e-05
Roseobacter denitrificans,1.9610109584888846e-05
Parabacteroides distasonis,1.951099166341841e-05
Pseudomonas syringae group genomosp. 3,1.940850635182567e-05
Streptomyces albireticuli,1.9334073322796465e-05
Helicobacter pylori,1.9171162708953027e-05
Rhizobium sp. Y9,1.9090474210448072e-05
Micromonospora echinofusca,1.899453504419224e-05
Parvibaculum lavamentivorans,1.884898015434011e-05
Streptomyces pactum,1.874923489408875e-05
Flavobacterium commune,1.861692577578289e-05
Fischerella sp. NIES-3754,1.8566977046274857e-05
Methylobacterium sp. C1,1.8415801225146745e-05
Yersinia entomophaga,1.839854569032351e-05
Microbulbifer sp. A4B17,1.8373701786322805e-05
Caldithrix abyssi,1.831549207267358e-05
Bacillus pumilus,1.8193184472625747e-05
Lelliottia amnigena,1.815194186181035e-05
Nocardia nova,1.809078430634603e-05
Marinithermus hydrothermalis,1.7941369295426667e-05
Streptomyces griseus,1.7867043036878806e-05
Friedmanniella luteola,1.780702999942818e-05
Gordonibacter urolithinfaciens,1.759721695206995e-05
Tessaracoccus flavescens,1.7596749003856437e-05
Pseudorhodoplanes sinuspersici,1.7581545996558922e-05
Bacillus sp. FJAT-22090,1.7487884718758727e-05
Corynebacterium sphenisci,1.7412137791206205e-05
Streptomyces violaceoruber,1.739241340878994e-05
Acidipropionibacterium acidipropionici,1.6662828011981822e-05
Collimonas arenae,1.6620014967894115e-05
Brevibacterium siliguriense,1.6600529778498797e-05
Agrococcus jejuensis,1.6553077718950425e-05
Streptomyces coelicolor,1.6541379874035476e-05
Mycolicibacterium chubuense,1.6479934890045732e-05
Corynebacterium aurimucosum,1.6423829417600012e-05
Synechococcus sp. JA-3-3Ab,1.6366581005122782e-05
Rhodococcus sp. WMMA185,1.6317936249099495e-05
Siansivirga zeaxanthinifaciens,1.6306350150108174e-05
Microbacterium sp. PAMC 28756,1.62919056273525e-05
Microbacterium aurum,1.6263925239834442e-05
Sphingobium yanoikuyae,1.6224347275928252e-05
Paenibacillus sp. RUD330,1.6221579392583508e-05
Glutamicibacter arilaitensis,1.6220810092937298e-05
Mariprofundus aestuarium,1.6211622203998743e-05
Clavibacter michiganensis,1.6202825760913697e-05
Coriobacteriaceae bacterium 68-1-3,1.6100099755522736e-05
Streptomyces alboflavus,1.596357170356999e-05
Brachybacterium sp. VM2412,1.595239708143126e-05
Pseudonocardia sp. HH130630-07,1.593874041012633e-05
Pseudomonas balearica,1.5695287266970226e-05
Halomonas sp. GFAJ-1,1.5625191528134685e-05
Chryseobacterium bernardetii,1.5522411021784423e-05
Comamonadaceae bacterium A1,1.548706988876436e-05
Pseudomonas sp. CCOS 191,1.5440934581634204e-05
Aeromonas schubertii,1.5369393649744544e-05
Aeromonas media,1.5230616291561639e-05
Streptomyces sp. 2114.2,1.5106240895468304e-05
Methylococcus capsulatus,1.5054514965395782e-05
Streptomyces sp. ADI95-16,1.4984740815005004e-05
Pseudomonas rhodesiae,1.4923959184010016e-05
Streptomyces noursei,1.4917332908948033e-05
Adlercreutzia equolifaciens,1.4911411206353087e-05
Streptomyces davaonensis,1.4716772843859082e-05
Paenibacillus kribbensis,1.4689487514241151e-05
Streptomyces hundungensis,1.4598732010351334e-05
Collimonas pratensis,1.444700893160622e-05
Pseudomonas aeruginosa,1.4315999522662714e-05
Halobacterium hubeiense,1.4264439711775267e-05
Chryseobacterium camelliae,1.4199412423288038e-05
Pedobacter heparinus,1.4145415050870191e-05
Mixta gaviniae,1.407894523464126e-05
Micromonospora echinaurantiaca,1.4009605966580629e-05
Bordetella hinzii,1.3974787163717472e-05
Dickeya chrysanthemi,1.3956336460552165e-05
Stenotrophomonas sp. YAU14D1_LEIMI4_1,1.3882617245974949e-05
Clostridiales bacterium CCNA10,1.3881191177711472e-05
Amycolatopsis albispora,1.3878033074288254e-05
Streptomyces pluripotens,1.3835289243191439e-05
Corynebacterium genitalium,1.3795714807773862e-05
Nakamurella multipartita,1.3789953163834134e-05
Acinetobacter oleivorans,1.3698980040399712e-05
Microbacterium pygmaeum,1.3439838992268527e-05
Filimonas lacunae,1.3426523412252146e-05
Nocardiopsis dassonvillei,1.3355902236367179e-05
Chitinophaga pinensis,1.3310305222824503e-05
Micromonospora tulbaghiae,1.3297474687368194e-05
Alteromonas macleodii,1.3265287637076462e-05
Dietzia sp. JS16-p6b,1.3222335112916817e-05
Streptomyces olivaceus,1.3200110378708275e-05
Actinoalloteichus sp. ADI127-7,1.3077448869580621e-05
Delftia sp. HK171,1.3061272680836567e-05
Bifidobacterium actinocoloniiforme,1.3016180966429757e-05
Streptomyces cyaneogriseus,1.2980184250399596e-05
Pluralibacter gergoviae,1.292441526212773e-05
Streptomyces sp. Go-475,1.2756554246506901e-05
Acidothermus cellulolyticus,1.2693262038432352e-05
Bacteroides dorei,1.2513901318156329e-05
Streptomyces griseochromogenes,1.2435190265747131e-05
Candidatus Amoebophilus asiaticus,1.237958016413465e-05
Altererythrobacter mangrovi,1.2128729829186113e-05
Agrobacterium fabrum,1.2110917669083676e-05
Thauera chlorobenzoica,1.2103938345608967e-05
Pseudomonas sp. 02C 26,1.195485104612537e-05
Corynebacterium variabile,1.1945431927506966e-05
Mycobacteroides chelonae,1.1900156793931416e-05
Pseudomonas oryzae,1.1897506078284437e-05
Amycolatopsis methanolica,1.1873744829937749e-05
Cyanobium sp. NIES-981,1.1777480810204465e-05
Mycobacterium ulcerans,1.1769633587643824e-05
Rhodococcus biphenylivorans,1.1760231120194752e-05
Burkholderia phage KS14,1.1757742563545115e-05
Curvibacter sp. AEP1-3,1.1712232569349723e-05
Arsenicicoccus sp. oral taxon 190,1.1693118287259275e-05
Mycobacterium sp. PYR15,1.1645512127578251e-05
Thermobispora bispora,1.1621597728850297e-05
Actinomyces gaoshouyii,1.1607720465356408e-05
Chamaesiphon minutus,1.1589225511499101e-05
Marinobacter sp. CP1,1.1563994241425845e-05
Actinoplanes missouriensis,1.1430547022039938e-05
Nocardioides sp. JS614,1.133935784625173e-05
Mycobacterium sp. EPa45,1.1328589074133255e-05
Amycolatopsis mediterranei,1.1296260157478422e-05
Methylovorus sp. MP688,1.1114446777771293e-05
Acidipropionibacterium virtanenii,1.1029903710135791e-05
Aeromicrobium marinum,1.101693184459851e-05
Xanthomonas albilineans,1.096502254869236e-05
Pelosinus sp. UFO1,1.0901512958993998e-05
Frondihabitans sp. PAMC 28766,1.0859401272389491e-05
Citrobacter freundii complex sp. CFNIH3,1.0855474542137422e-05
Streptomyces peucetius,1.0818196924877731e-05
Sphingobacterium sp. 21,1.0815031176614198e-05
Blastomonas sp. RAC04,1.0775561183762328e-05
Rhodococcus sp. S2-17,1.0580227985945712e-05
Nocardia sp. CFHS0054,1.049594849751312e-05
Streptomyces virus Zemlya,1.0480669326118352e-05
Corynebacterium sp. NML98-0116,1.0317595589870443e-05
Acinetobacter sp. ACNIH2,1.0270927816025122e-05
Chryseobacterium joostei,1.0170177019142023e-05
Thermaerobacter marianensis,1.015403326449782e-05
Deinococcus proteolyticus,1.0129550316717584e-05
Brucella sp. 141012304,1.0120987685113825e-05
Fluviicola taffensis,1.0109440155803284e-05
Burkholderia sp. BDU8,1.0081449555054967e-05
Bacillus sp. 1NLA3E,9.982080552650708e-06
Mesorhizobium japonicum,9.911376321913856e-06
Eggerthella lenta,9.883784922926076e-06
Streptomyces avermitilis,9.876173075573647e-06
Desulfovibrio salexigens,9.74059394931448e-06
Azoarcus sp. SY39,9.57827640586384e-06
Geobacillus genomosp. 3,9.52359499690747e-06
Streptomyces chartreusis,9.52274055583402e-06
Cellulomonas sp. PSBB021,9.375068349770643e-06
Jatrophihabitans sp. GAS493,9.322847662396328e-06
Melaminivora sp. SC2-7,9.222532376917946e-06
Brucella abortus,9.218752959427868e-06
Erythrobacter sp. YH-07,9.197516196146615e-06
Arachidicoccus sp. BS20,9.179966499250903e-06
Frankia inefficax,9.055728157836284e-06
Flavobacterium sp. HYN0059,9.03524248476728e-06
Mycolicibacterium phlei,9.032910396400418e-06
Frankia symbiont of Datisca glomerata,9.03002302601319e-06
Citrobacter braakii,8.994463867506574e-06
Acinetobacter sp. WCHA45,8.901338180322682e-06
Paenibacillus terrae,8.809923330677093e-06
Woeseia oceani,8.791894830473268e-06
Rhodobiaceae bacterium,8.728909239530402e-06
Nocardiopsis alba,8.712527720655671e-06
Blastomonas fulva,8.707188390943977e-06
Blastochloris viridis,8.661465403592139e-06
Mycobacteroides saopaulense,8.637272095990411e-06
Microbacterium sp. 1.5R,8.631724301833011e-06
Dactylococcopsis salina,8.623040365329792e-06
Pseudomonas mucidolens,8.594633366154624e-06
Mycobacterium dioxanotrophicus,8.573426535640748e-06
Paraburkholderia xenovorans,8.564881065487029e-06
Halorubrum lacusprofundi,8.45905100861355e-06
Octadecabacter arcticus,8.432495530152906e-06
Micromonospora coxensis,8.390653304291007e-06
Acinetobacter haemolyticus,8.361093126585396e-06
Bradyrhizobium sp. ORS 3257,8.358617717152406e-06
Polynucleobacter necessarius,8.335229002720545e-06
Pirellula staleyi,8.272842103540513e-06
Komagataeibacter hansenii,8.237099266827918e-06
Kocuria flava,8.110836543084865e-06
Azospirillum sp. M2T2B2,8.098850508986289e-06
Brevirhabdus pacifica,8.053120207507369e-06
Microbacterium paludicola,8.038079089156546e-06
Burkholderia sp. Bp7605,8.027436875357452e-06
Nocardioides sp. 603,7.989936194174874e-06
Streptomyces qaidamensis,7.92783961751642e-06
Winogradskyella sp. PC-19,7.820490097931732e-06
Delftia tsuruhatensis,7.782763892971723e-06
Granulicella mallensis,7.775764757700366e-06
Paraburkholderia phytofirmans,7.753786068187552e-06
Streptomyces sp. GSSD-12,7.745011167781257e-06
[Clostridium] saccharolyticum,7.666547399631795e-06
Janthinobacterium svalbardensis,7.662678253828048e-06
Streptomyces roseochromogenus,7.620689517784384e-06
Nocardia cyriacigeorgica,7.617834404327617e-06
Xenorhabdus nematophila,7.614958832058427e-06
Burkholderia sp. LA-2-3-30-S1-D2,7.5493673541204845e-06
Phaeobacter gallaeciensis,7.524046017959307e-06
Natrialba magadii,7.5147727227387055e-06
Pandoraea pnomenusa,7.508541857803586e-06
Variovorax sp. HW608,7.4886139699748e-06
Anaeromyxobacter dehalogenans,7.483538810060253e-06
Acinetobacter wuhouensis,7.477396984612028e-06
Micromonospora auratinigra,7.4294943468000694e-06
Rhodocyclaceae bacterium,7.413413017243187e-06
Brevibacterium linens,7.402383386057032e-06
Chlorobium phaeobacteroides,7.3282065504276515e-06
Pseudomonas sp. LBUM920,7.307199181405544e-06
Streptomyces sp. CdTB01,7.294552435443968e-06
Enterobacteriaceae bacterium w6,7.20870851886879e-06
Corynebacterium simulans,7.200415089148038e-06
Planococcus plakortidis,7.186323172225783e-06
Corynebacterium provencense,7.17039875133274e-06
Brevundimonas vesicularis,7.151975269326094e-06
Microbacterium sp. PM5,7.112685506593941e-06
Stenotrophomonas sp. G4,7.085516024663008e-06
Selenomonas sputigena,7.055033251779363e-06
Streptomyces bingchenggensis,7.0532487015828595e-06
Micromonospora coriariae,7.042478806473795e-06
Pseudomonas xinjiangensis,7.038849715668149e-06
Edwardsiella piscicida,7.030860680412588e-06
Altererythrobacter namhicola,6.997959535004483e-06
Sandaracinus amylolyticus,6.969570194081953e-06
Prosthecochloris sp. HL-130-GSB,6.859223951893867e-06
Bacillus thermoamylovorans,6.84059519220348e-06
Chromobacterium violaceum,6.800947200780172e-06
Pseudomonas salegens,6.794236091689498e-06
Sphingobacterium sp. B29,6.728943116862674e-06
Paraburkholderia caffeinilytica,6.725162123566442e-06
Oceanobacillus iheyensis,6.678798805226371e-06
Actinoalloteichus hymeniacidonis,6.671513964873199e-06
Thermotoga sp. 2812B,6.618196554120104e-06
Desulfarculus baarsii,6.570916765147317e-06
Alcanivorax pacificus,6.565019045656762e-06
Comamonadaceae bacterium B1,6.551585506286983e-06
Methylobacterium phyllosphaerae,6.457270878557075e-06
Aneurinibacillus soli,6.45139220545321e-06
Streptomyces antibioticus,6.333239453959472e-06
Candidatus Koribacter versatilis,6.309935925075117e-06
Acinetobacter nosocomialis,6.2660737974340465e-06
Bacillus gobiensis,6.234307746311174e-06
Streptomyces sp. WAC00288,6.227446519524449e-06
Bacillus sp. FJAT-42376,6.2173793543784935e-06
Ketobacter alkanivorans,6.203708632823712e-06
[Pseudomonas] mesoacidophila,6.20254448013835e-06
Candidatus Saccharibacteria oral taxon TM7x,6.140866797021971e-06
Aquabacterium olei,6.134332512597318e-06
Desulfitobacterium metallireducens,6.122400000285744e-06
Calothrix brevissima,6.103672826851536e-06
Amycolatopsis sp. AA4,6.100132013986403e-06
Immundisolibacter cernigliae,6.070770993216179e-06
Frankia alni,6.047049590840459e-06
Segniliparus rotundus,6.03016692126701e-06
Bacillus sp. IHB B 7164,6.019768556742022e-06
Pseudoalteromonas piscicida,5.970979740355098e-06
Yersinia aleksiciae,5.970029668356247e-06
Azorhizobium caulinodans,5.951555684902132e-06
Bifidobacterium pseudolongum,5.9228145298684256e-06
Desulfurispirillum indicum,5.91026806211481e-06
Bradyrhizobium sp. ORS 278,5.900684496085162e-06
Shewanella oneidensis,5.877661266429079e-06
Hydrogenophaga sp. PBC,5.8758042190243385e-06
Bradyrhizobium sp. ORS 285,5.840096599762923e-06
Polaromonas naphthalenivorans,5.8201728757367736e-06
Pseudomonas extremaustralis,5.819013408148166e-06
Cyclobacterium marinum,5.663739744665719e-06
Celeribacter indicus,5.661342137353032e-06
Akkermansia glycaniphila,5.635538008763596e-06
Methylobacterium sp. DM1,5.613103191848268e-06
Tumebacillus algifaecis,5.595011665104898e-06
Acetobacter ascendens,5.594377196560529e-06
Pseudomonas libanensis,5.529091862621627e-06
Streptomyces sp. SM17,5.512563369247658e-06
Pseudomonas sp. R2-37-08W,5.508190952929759e-06
Pseudomonas taetrolens,5.495306853742221e-06
Thauera sp. MZ1T,5.457782412254808e-06
Nakamurella panacisegetis,5.456303249795624e-06
Draconibacterium orientale,5.4083802333959595e-06
Ferriphaselus amnicola,5.369399630561489e-06
Marinobacter salarius,5.33807823566157e-06
Bacillus safensis,5.26503306106374e-06
Porphyrobacter HT-58-2,5.261478219686921e-06
Saccharothrix espanaensis,5.242548297768046e-06
Saccharospirillum mangrovi,5.240924534377633e-06
Nitrosospira briensis,5.235404350623085e-06
Sulfurospirillum cavolei,5.2306447609007375e-06
Renibacterium salmoninarum,5.226511370182152e-06
Isoptericola dokdonensis,5.200003675942533e-06
Amycolatopsis japonica,5.190490047835006e-06
Fibrobacter succinogenes,5.17767565744176e-06
Sulfuricella denitrificans,5.171378945023619e-06
Clostridium butyricum,5.142670958147022e-06
Streptomyces sp. Tu6071,5.135203570216795e-06
Mycobacterium marseillense,5.130729695035363e-06
Aminobacter sp. MSH1,5.1185000757625335e-06
Microbacterium sp. str. 'China',5.088454748958249e-06
Alteromonas sp. RKMC-009,5.0836115222274715e-06
Gemmata obscuriglobus,5.052142333794585e-06
Erythrobacter atlanticus,5.027618302100301e-06
Sinorhizobium americanum,5.026056851975547e-06
Rhodothermaceae bacterium,5.0177680215979235e-06
Methanoregula boonei,5.006364167980948e-06
Mycolicibacterium fortuitum,4.999364610092094e-06
Chitinophaga sp. MD30,4.988447063469792e-06
Streptomyces sp. PAMC 26508,4.982139278886244e-06
Polaribacter sp. SA4-12,4.954935966372531e-06
Burkholderia stabilis,4.9184937630508685e-06
Dickeya dianthicola,4.917488237277112e-06
Alistipes finegoldii,4.884231676749451e-06
Gibbsiella quercinecans,4.843682412514205e-06
Cupriavidus sp. USMAA1020,4.842235778901305e-06
Cyanothece sp. ATCC 51142,4.806256909395401e-06
Methylobacterium sp. 17Sr1-43,4.794989204004452e-06
Paracoccus yeei,4.75280776692788e-06
Halothiobacillus sp. LS2,4.74180554150827e-06
Aeromicrobium erythreum,4.736439473496113e-06
Microbacterium paraoxydans,4.733101866438716e-06
Mycolicibacterium hassiacum,4.722777851351445e-06
Sphingobacterium mizutaii,4.7175441085345325e-06
Pseudomonas fulva,4.7098357465413795e-06
Bifidobacterium indicum,4.681386304650204e-06
Sphingobium indicum,4.6363269175841996e-06
Streptomyces koyangensis,4.634725502206116e-06
Calothrix sp. NIES-3974,4.6236624016371405e-06
Vibrio alginolyticus,4.612835609685284e-06
Pantoea sp. At-9b,4.5996097612244215e-06
Simiduia agarivorans,4.547977146973637e-06
Paenibacillus sp. FSL R7-0331,4.537616701361103e-06
Ahniella affigens,4.523903371245197e-06
Thiobacillus denitrificans,4.47534721188525e-06
Actinomyces pacaensis,4.469566920373147e-06
Achromobacter denitrificans,4.442102576396323e-06
Dickeya dadantii,4.441559102152937e-06
Sphingobacterium sp. ML3W,4.390034054124747e-06
Sedimentisphaera salicampi,4.368148681144213e-06
Sodalis praecaptivus,4.360172201312018e-06
Streptomyces phage phiHau3,4.3242495492590295e-06
Pseudomonas sp. LTJR-52,4.311174381088634e-06
Zhihengliuella sp. ISTPL4,4.2944282564905125e-06
Microbacterium chocolatum,4.2842948302368455e-06
Rhizobium sp. CCGE531,4.282158852464413e-06
Micromonospora echinospora,4.255497973959521e-06
Chryseobacterium indologenes,4.25358262905462e-06
Streptomyces sp. 4F,4.246356771209214e-06
Synechococcus sp. KORDI-100,4.22698223365714e-06
Martelella sp. AD-3,4.2059561479623754e-06
Cellulophaga lytica,4.168347254274174e-06
Streptomyces sp. NEAU-S7GS2,4.157099034429735e-06
Aquiflexum balticum,4.143929041378058e-06
Chryseobacterium sp. StRB126,4.129196477742347e-06
Kosakonia oryzae,4.043069926606968e-06
Streptomyces actuosus,4.039717056492087e-06
Mariniflexile sp. TRM1-10,4.021792435904281e-06
Pectobacterium carotovorum,4.019555152323662e-06
Mycolicibacter terrae,4.004537163027067e-06
Deinococcus geothermalis,3.992133465624548e-06
Acidovorax citrulli,3.947635548406936e-06
Aeromonas sp. ASNIH3,3.926973302958992e-06
Sphingopyxis terrae,3.917728840807655e-06
Mycobacterium sp. djl-10,3.879969659204008e-06
Pseudomonas sp. HLS-6,3.844315681234001e-06
Pseudomonas sp. LPH1,3.833277310705263e-06
Oblitimonas alkaliphila,3.828171043895878e-06
Antarctobacter heliothermus,3.777009562133671e-06
Pseudomonas sp. R2A2,3.75608858385057e-06
Corynebacterium imitans,3.737346486309967e-06
Pseudohongiella spirulinae,3.7367315916636555e-06
Nostoc sp. NIES-4103,3.7191686412807456e-06
Frankia casuarinae,3.637803391365324e-06
Pantoea rwandensis,3.6131062076449893e-06
Negativicoccus massiliensis,3.608884914063637e-06
Shinella sp. HZN7,3.585802647587677e-06
Plantactinospora sp. KBS50,3.5718411462992705e-06
Mesorhizobium oceanicum,3.546756585715016e-06
Paraburkholderia phenoliruptrix,3.5358950916108967e-06
Neisseria sp. 10023,3.5245408923412213e-06
Bradyrhizobium oligotrophicum,3.5139562850394767e-06
Methylocella silvestris,3.496717451878517e-06
Porphyromonas gingivalis,3.483098291678921e-06
Listeria monocytogenes,3.4828016219234927e-06
Sulfitobacter sp. SK025,3.48163909247301e-06
Aureimonas sp. AU20,3.4687380967124424e-06
Candidatus Filomicrobium marinum,3.4580263095218555e-06
Polynucleobacter asymbioticus,3.4121949461507484e-06
Ignavibacterium album,3.3827601440217237e-06
Pseudomonas syringae,3.3711951300974265e-06
Streptomyces sp. Tue 6075,3.3606826801202415e-06
Streptomyces sp. Mg1,3.3405107685569035e-06
Spiribacter salinus,3.2933114969768696e-06
Streptomyces sp. P3,3.2691883023350245e-06
Micrococcus luteus,3.2275731796982398e-06
Enterobacter sp. FY-07,3.224442430238561e-06
Pedobacter sp. PACM 27299,3.2232121533803947e-06
Altererythrobacter marensis,3.2122511059551327e-06
Bacteroides cellulosilyticus,3.2064972039114183e-06
Enterococcus sp. FDAARGOS_553,3.2054221263067007e-06
Streptomyces sp. CB09001,3.1856944233465966e-06
Alloactinosynnema sp. L-07,3.148785290085776e-06
Methylobacterium nodulans,3.1283125784264953e-06
Zobellia galactanivorans,3.1023277077490975e-06
Natrinema pellirubrum,3.0948676845277133e-06
Magnetospirillum sp. ME-1,3.0943333584998454e-06
Syntrophobotulus glycolicus,3.062167710532471e-06
Yersinia pestis,3.058686653178988e-06
Olsenella umbonata,3.057484442114955e-06
Halopiger xanaduensis,3.0522891365514226e-06
Beutenbergia cavernae,3.025261714628691e-06
Spirosoma rigui,3.0158389968226727e-06
Achromobacter ruhlandii,3.0078580504300235e-06
Chryseobacterium sp. IHB B 17019,2.9820138848446477e-06
Nitrosospira lacus,2.9681500140599225e-06
Fervidobacterium islandicum,2.963828056579132e-06
Paenibacillus stellifer,2.9342511363772416e-06
Pandoraea oxalativorans,2.9268124305037445e-06
Salinibacter ruber,2.8966695569954126e-06
Edwardsiella hoshinae,2.8913274433772785e-06
Capnocytophaga sputigena,2.851465742326198e-06
Acidovorax sp. T1,2.8390152110979726e-06
Myxococcus fulvus,2.8289864934638585e-06
Pseudoalteromonas carrageenovora,2.8037044872641915e-06
Sulfuricaulis limicola,2.785198400712119e-06
Pseudomonas sp. CMR5c,2.781868842061108e-06
Gordonia sp. 1D,2.775119921816227e-06
Geobacillus sp. GHH01,2.766698820666491e-06
Microvirgula aerodenitrificans,2.729675723500691e-06
Coxiella burnetii,2.7118024671590747e-06
Acinetobacter radioresistens,2.7042283488931672e-06
Deinococcus sp. NW-56,2.693914974005729e-06
Vitreoscilla sp. C1,2.682989995217433e-06
Pseudomonas stutzeri,2.6783467323543418e-06
Sulfuritalea hydrogenivorans,2.674124669033162e-06
Mycobacteroides abscessus,2.672234407197216e-06
Azospirillum humicireducens,2.666028530562414e-06
Cedecea neteri,2.6563325521200553e-06
Cryptobacterium curtum,2.6423765803196275e-06
Corynebacterium glaucum,2.6408461381466354e-06
Methylomonas methanica,2.640072559056961e-06
Serinicoccus sp. JLT9,2.633873516533214e-06
Methylovorus glucosotrophus,2.6220964011391957e-06
Corynebacterium sp. 2183,2.5936568840645436e-06
Tessaracoccus sp. Marseille-P5995,2.591532530749063e-06
Desulfovibrio africanus,2.5885729298513736e-06
Rhodococcus sp. YL-1,2.577832839656402e-06
Desulfobulbus sp. ORNL,2.561328880390512e-06
Corynebacterium halotolerans,2.553279051586976e-06
Rhodococcus sp. MTM3W5.2,2.542538002625605e-06
Streptomyces sp. ETH9427,2.541860545512975e-06
Mycetocola sp. 449,2.5325317651647693e-06
Legionella waltersii,2.530558283253548e-06
Halomonas beimenensis,2.5160306495131125e-06
Paenibacillus beijingensis,2.5082781087926166e-06
Haloferax gibbonsii,2.5028828450901486e-06
Desulfomicrobium baculatum,2.4902140641547276e-06
Vibrio mimicus,2.4864904214272342e-06
Salinarchaeum sp. Harcht-Bsk1,2.4800566881033602e-06
Ruegeria sp. TM1040,2.4746412368603645e-06
Corynebacterium glyciniphilum,2.467459306387809e-06
Pseudodesulfovibrio indicus,2.4500632693547074e-06
Paraburkholderia rhizoxinica,2.442771220345641e-06
Wenyingzhuangia fucanilytica,2.4348807193375064e-06
Pseudomonas mediterranea,2.412835271248248e-06
Rhodospirillum rubrum,2.3367127761186877e-06
Ketogulonicigenium vulgare,2.336532796576307e-06
Burkholderia sp. KJ006,2.3311243049883855e-06
Bacillus litoralis,2.2835132945209223e-06
Bosea sp. RAC05,2.279728077692056e-06
Synechococcus sp. PCC 7336,2.2765843383121266e-06
Geobacter lovleyi,2.2727588679716248e-06
Ketogulonicigenium robustum,2.270047688379684e-06
Paenibacillus lautus,2.2580003525618507e-06
Magnetospira sp. QH-2,2.2479511574413635e-06
Chlorobaculum tepidum,2.2369142184786027e-06
Limnohabitans sp. 63ED37-2,2.2321739945541098e-06
Flavobacteriaceae bacterium MAR_2010_188,2.229563718514349e-06
Methylomicrobium album,2.2207138107743775e-06
Corynebacterium argentoratense,2.2173385329615767e-06
Pseudomonas guangdongensis,2.177881429643591e-06
Microbacterium sp. No. 7,2.177823044990923e-06
Citrobacter freundii complex sp. CFNIH2,2.174327429793621e-06
Stenotrophomonas sp. SAU14A_NAIMI4_8,2.1720134215863497e-06
Methanoculleus marisnigri,2.1623388428926305e-06
Algoriphagus sp. M8-2,2.141494377583264e-06
Bacillus sp. FJAT-45348,2.139592215044672e-06
Actinomyces sp. Z16,2.1305517395875384e-06
Olsenella sp. GAM18,2.121177061664703e-06
Kineococcus radiotolerans,2.118037066267675e-06
Alkalilimnicola ehrlichii,2.1175112010052287e-06
Chryseobacterium taklimakanense,2.111063163634519e-06
Haematospirillum jordaniae,2.0853737694004336e-06
Paenibacillus sp. CAA11,2.0701174947346245e-06
Enterococcus faecalis,2.055153281399491e-06
Haliscomenobacter hydrossis,2.0432696250294312e-06
Aeromonas sp. ASNIH1,2.022415571678593e-06
Pseudomonas sp. DY-1,2.0029150301414943e-06
Magnetospirillum magneticum,1.994432958474235e-06
Desulfovibrio magneticus,1.994217841305712e-06
Burkholderiales bacterium GJ-E10,1.970079275248615e-06
Gammaproteobacteria bacterium DM2,1.9636050831106645e-06
Microlunatus soli,1.958268490831472e-06
Paenarthrobacter aurescens,1.9474522291451635e-06
Pragia fontium,1.9470812329780428e-06
Alcanivorax dieselolei,1.9454129926987918e-06
Dokdonella koreensis,1.943589337582985e-06
Cronobacter condimenti,1.9092611330595587e-06
Pusillimonas sp. T7-7,1.9070978678703555e-06
Pseudomonas sp. FDAARGOS_380,1.9053362580345734e-06
Methylobacterium aquaticum,1.8994797897464722e-06
Citrobacter amalonaticus,1.879925389358661e-06
Lysinibacillus sp. YS11,1.8405272583343902e-06
Polaribacter sp. ALD11,1.8366976170414162e-06
Burkholderia diffusa,1.795393235592968e-06
Bacillus cohnii,1.7889192547082543e-06
Nocardia brasiliensis,1.7809844323979363e-06
Geobacillus sp. WCH70,1.7648507007361757e-06
Burkholderia sp. MSMB617WGS,1.7625158400536023e-06
Metallosphaera sedula,1.751435389829581e-06
Streptococcus gordonii,1.743571659273968e-06
Thioalkalivibrio versutus,1.7248891024834733e-06
Robiginitalea biformata,1.720686394834914e-06
Rhizobium sp. NXC14,1.7139516156117195e-06
Corynebacterium terpenotabidum,1.706109351951035e-06
Gemmatimonas phototrophica,1.698196250532469e-06
Treponema primitia,1.693332680541282e-06
Intestinimonas butyriciproducens,1.687198981326077e-06
Tenacibaculum todarodis,1.6606757781811865e-06
Dietzia sp. oral taxon 368,1.659713538293417e-06
Marinobacter salinus,1.6464046162623092e-06
Pseudomonas resinovorans,1.6211935647492127e-06
Elizabethkingia anophelis,1.6054263526354973e-06
Serratia sp. YD25,1.6040969995190224e-06
Pedobacter cryoconitis,1.6002646945789678e-06
Corynebacterium testudinoris,1.598470460439927e-06
Actinomyces sp. oral taxon 414,1.5829723863935996e-06
Shigella dysenteriae,1.5785067001505838e-06
Mycolicibacterium vaccae,1.5694510238972724e-06
Thermobifida fusca,1.567524046697244e-06
Streptosporangium roseum,1.5627542940155336e-06
Tatlockia micdadei,1.556607981512137e-06
Plautia stali symbiont,1.550819355400357e-06
Azoarcus sp. CIB,1.5402286020593792e-06
Haloplanus sp. CBA1112,1.5365681955259447e-06
Flavobacterium sp. CJ74,1.5355441164599525e-06
Flammeovirgaceae bacterium 311,1.534533326696952e-06
Starkeya novella,1.5226816888480599e-06
Azoarcus olearius,1.5098510503186447e-06
Paraburkholderia sprentiae,1.5077601535962159e-06
Tsukamurella tyrosinosolvens,1.5017482475343513e-06
Serratia rubidaea,1.5010398132231373e-06
Methylorubrum zatmanii,1.4953792184080328e-06
Enterobacter cancerogenus,1.4950020346127246e-06
Fischerella sp. NIES-4106,1.494850155481231e-06
Asaia bogorensis,1.4877268112334363e-06
Microbacterium sp. TPU 3598,1.4643239450773392e-06
Pseudarthrobacter chlorophenolicus,1.4627309534720467e-06
Pseudomonas sabulinigri,1.4617096103508587e-06
Altererythrobacter dongtanensis,1.4587189383075128e-06
Streptomyces albidoflavus,1.447822608180438e-06
Dickeya sp. MK7,1.4443092075877574e-06
Klebsiella michiganensis,1.4281662800819106e-06
Rhizobium sp. IRBG74,1.4260519174413844e-06
Methylobacterium sp. AMS5,1.4228680403904903e-06
Paenibacillus sp. Y412MC10,1.4082782276325645e-06
Natronomonas moolapensis,1.404339165000934e-06
Enterobacter bugandensis,1.3820002339626214e-06
Candidatus Nitrospira inopinata,1.3792484637287217e-06
Fusobacterium nucleatum,1.371473102773635e-06
Legionella lansingensis,1.3547368530320014e-06
Anabaena sp. WA102,1.3498771203046545e-06
Dechloromonas aromatica,1.3491638058971134e-06
Sphingomonas sp. YZ-8,1.341981065583475e-06
Paracoccus zhejiangensis,1.341752162309362e-06
Flavobacterium crassostreae,1.340886682044129e-06
Methylibium petroleiphilum,1.3348414998226587e-06
Corynebacterium urealyticum,1.3335224190669238e-06
Synechococcus sp. WH 7803,1.3320055317178614e-06
Methylobacterium sp. XJLW,1.3276603747947035e-06
Sphaerobacter thermophilus,1.3178188669193958e-06
Deinococcus deserti,1.3130856963972093e-06
Dietzia timorensis,1.3082084158622109e-06
Acidovorax sp. 1608163,1.3079429776130525e-06
Citrobacter freundii complex sp. CFNIH4,1.2970034380499485e-06
Gluconobacter oxydans,1.2827142058080554e-06
Aeromicrobium choanae,1.2772882351796966e-06
Ignicoccus hospitalis,1.2750270332873015e-06
Citromicrobium sp. JL477,1.267557988282597e-06
Corynebacterium casei,1.2542098241752342e-06
Candidatus Nitrosopelagicus brevis,1.2216015793375945e-06
Kordia sp. SMS9,1.2098291933160254e-06
Mollivirus sibericum,1.2067461293563397e-06
Gramella sp. MAR_2010_147,1.1873878741130993e-06
Acinetobacter indicus,1.1788531533385439e-06
Corynebacterium kroppenstedtii,1.1787912600702556e-06
Chlorobaculum limnaeum,1.1623392681459065e-06
Nostoc carneum,1.1560936655552466e-06
Brachybacterium saurashtrense,1.1529596284143294e-06
Thiolapillus brandeum,1.1374601178948397e-06
Pajaroellobacter abortibovis,1.1333146975989195e-06
Komagataeibacter xylinus,1.1304400358458366e-06
Synechococcus sp. NIES-970,1.127930426192414e-06
Olsenella sp. Marseille-P2300,1.1257941879394551e-06
Citrobacter youngae,1.119145108874342e-06
Acinetobacter junii,1.1110760106625151e-06
Thermobaculum terrenum,1.1062981578602304e-06
Streptomyces sp. fd1-xmd,1.101900662336952e-06
endosymbiont of unidentified scaly snail isolate Monju,1.0967470420508717e-06
Vibrio fluvialis,1.0830495682956353e-06
Serratia sp. MYb239,1.070140527836827e-06
Leptospira santarosai,1.0679924623113735e-06
Micromonospora viridifaciens,1.0674220234374587e-06
Aggregatibacter aphrophilus,1.0587701274378246e-06
Hirschia baltica,1.054251329346556e-06
Selenomonas sp. oral taxon 126,1.0497117035601633e-06
Pseudomonas sp. LG1D9,1.0431519280151847e-06
Comamonas serinivorans,1.0353519984906968e-06
Streptomyces sp. PVA 94-07,1.033235392489118e-06
Actinomyces sp. VUL4_3,1.0231802954896452e-06
Chlorobium chlorochromatii,1.0208208208739578e-06
Maribacter sp. T28,1.0191190129571481e-06
Aeromicrobium sp. A1-2,1.0167946418171425e-06
Ochrobactrum pseudogrignonense,1.0146700170521327e-06
Methylobacterium sp. 4-46,1.0047641493926563e-06
Rubinisphaera brasiliensis,1.0016156116288144e-06
Yersinia kristensenii,9.944125191729825e-07
Pseudoclostridium thermosuccinogenes,9.866772386679656e-07
Vibrio natriegens,9.864217441757361e-07
Gordonia iterans,9.85086560700843e-07
Aeromonas sp. ASNIH7,9.841946707167537e-07
Rhodobacter blasticus,9.835840731886591e-07
Simkania negevensis,9.750662267604682e-07
Methylomonas denitrificans,9.674941819026729e-07
Komagataeibacter saccharivorans,9.663692094763476e-07
Desulfobacterium autotrophicum,9.648669945239163e-07
Aeromonas dhakensis,9.520656965245067e-07
Idiomarina loihiensis,9.482426540641242e-07
Lysinibacillus sphaericus,9.479942147505583e-07
Bacillus sp. FJAT-18017,9.443873239423084e-07
Anabaena cylindrica,9.358996829300637e-07
Corynebacterium camporealensis,9.238191677418683e-07
Streptomyces leeuwenhoekii,9.151057790868222e-07
Bacillus cellulosilyticus,9.123174419034541e-07
Kushneria konosiri,9.04098952436705e-07
Bordetella avium,9.015887013630319e-07
Pseudomonas saudiphocaensis,8.997884554551305e-07
Roseiflexus castenholzii,8.981797136264902e-07
Azospirillum brasilense,8.901018084150891e-07
Dickeya sp. NCPPB 3274,8.892769953527946e-07
Nitrososphaera viennensis,8.868705279274635e-07
Nocardia seriolae,8.75011599732467e-07
Corynebacterium doosanense,8.70467739688685e-07
Deinococcus gobiensis,8.660216295419687e-07
Olsenella sp. oral taxon 807,8.651357170208485e-07
Shewanella violacea,8.643041387923489e-07
Dickeya zeae,8.63904674486271e-07
Thioalkalivibrio paradoxus,8.631422978133685e-07
Grimontia hollisae,8.610249549123594e-07
Brevibacillus formosus,8.601961253296153e-07
Enterobacter sp. HK169,8.569530193902608e-07
Neorhizobium sp. SOG26,8.551890147368013e-07
Salinisphaera sp. LB1,8.519010061380783e-07
Chloroflexus aurantiacus,8.501368531144138e-07
Coprothermobacter proteolyticus,8.482858606440047e-07
Corynebacterium efficiens,8.473223786609197e-07
Cryobacterium sp. GCJ02,8.416925592280577e-07
Marinifilaceae bacterium SPP2,8.218015383754107e-07
Methanolacinia petrolearia,8.183454630827924e-07
Desulfuromonas sp. DDH964,8.181411632834923e-07
Phreatobacter cathodiphilus,8.139458221423368e-07
Pseudonocardia sp. EC080625-04,8.029077245952366e-07
Pseudomonas cerasi,8.007698989453971e-07
Vibrio owensii,7.899611299766462e-07
Aquimarina sp. AD1,7.850464233349896e-07
Rhodovulum sulfidophilum,7.833383808497629e-07
Francisella tularensis,7.639570782425054e-07
Corynebacterium humireducens,7.595643745972325e-07
Chlorobaculum parvum,7.581979169613007e-07
Verrucomicrobium spinosum,7.550152054447423e-07
Acidiphilium multivorum,7.535091378185755e-07
Cronobacter universalis,7.52450624630363e-07
Streptomyces niveus,7.445768802405439e-07
Neisseria sp. KEM232,7.257892005840816e-07
Yersinia ruckeri,7.249770069162053e-07
Corynebacterium striatum,7.241163815674411e-07
Mahella australiensis,7.208928978874596e-07
Legionella fallonii,6.990621335578595e-07
Celeribacter manganoxidans,6.93295896203594e-07
Prevotella enoeca,6.918774661635041e-07
Niabella soli,6.89108053664178e-07
Methanosarcina mazei,6.877529996396348e-07
Corynebacterium deserti,6.840028417220978e-07
Vibrio gazogenes,6.78482534688385e-07
Sedimentisphaera cyanobacteriorum,6.747331442014115e-07
Acidithiobacillus caldus,6.699006063870528e-07
Methylotenera mobilis,6.677978720226463e-07
Gramella sp. MAR_2010_102,6.668399932685531e-07
Synechococcus sp. WH 8109,6.644481838513627e-07
Shewanella denitrificans,6.637315823621037e-07
Thermosulfidibacter takaii,6.631977166771108e-07
Croceibacter atlanticus,6.623279679596194e-07
Desulfobacter postgatei,6.505070863305207e-07
Lactobacillus fermentum,6.458517965546307e-07
Endomicrobium proavitum,6.448369415767985e-07
Propionibacterium sp. oral taxon 193,6.413403280225439e-07
Labrenzia sp. CP4,6.388604364637729e-07
Faecalibaculum rodentium,6.342407673942673e-07
Olleya sp. Bg11-27,6.338761719293373e-07
Mycobacteroides immunogenum,6.291832953531085e-07
Corynebacterium diphtheriae,6.287819739769773e-07
Pseudarthrobacter phenanthrenivorans,6.282431555648671e-07
Desulfofarcimen acetoxidans,6.253049467108696e-07
Thermococcus eurythermalis,6.195069218506433e-07
Legionella spiritensis,6.161365787349382e-07
Lactobacillus zymae,6.159465927302321e-07
Thermosediminibacter oceani,6.068576737572329e-07
Caldilinea aerophila,6.064187939580634e-07
Lutibacter sp. LPB0138,6.039452667305766e-07
Gallaecimonas sp. HK-28,5.973353474519882e-07
Intrasporangium calvum,5.97307360061805e-07
Geobacter sp. DSM 9736,5.966597361073411e-07
Bacillus marisflavi,5.961889281591581e-07
Thermacetogenium phaeum,5.921397300046039e-07
Phaeobacter inhibens,5.864930598509233e-07
Burkholderia sp. MSMB0266,5.829642092836095e-07
Anaplasma marginale,5.804732446268445e-07
Bordetella holmesii,5.79155357072203e-07
Actinoalloteichus hoggarensis,5.785306131267375e-07
Labrenzia sp. VG12,5.736980808412895e-07
Clostridium argentinense,5.673117487337009e-07
Frankia sp. QA3,5.653298491559156e-07
Pseudomonas mendocina,5.628288893388956e-07
Kocuria turfanensis,5.487235614110019e-07
Prosthecochloris sp. GSB1,5.456006456849849e-07
Cryobacterium sp. LW097,5.428860080147757e-07
Brachybacterium sp. P6-10-X1,5.418470788720597e-07
Aquaspirillum sp. LM1,5.374854787687511e-07
Mycolicibacterium smegmatis,5.37431318048398e-07
Azoarcus sp. BH72,5.353995554013835e-07
Morganella morganii,5.340694434696758e-07
Candidatus Aquiluna sp. UB-MaderosW2red,5.324241422854926e-07
Shewanella benthica,5.25215348057273e-07
Burkholderia metallica,5.213270605652908e-07
Thioalkalivibrio sp. K90mix,5.159710287916397e-07
Halopenitus persicus,5.129816757376559e-07
Pontibacter korlensis,5.104704709602004e-07
Pseudomonas brenneri,5.081295847642053e-07
Treponema azotonutricium,5.072199825706392e-07
Fimbriimonas ginsengisoli,5.071368281539535e-07
Gloeomargarita lithophora,5.001393997172698e-07
Halobacteriovorax sp. BALOs_7,4.968656904580371e-07
Candidatus Methylopumilus turicensis,4.919451869422886e-07
Rhodococcus qingshengii,4.901821325953292e-07
Thauera sp. K11,4.89375119472335e-07
Acinetobacter bereziniae,4.856415727561014e-07
Pseudodesulfovibrio profundus,4.84734748540383e-07
Leptospira biflexa,4.804053068241388e-07
Cellulosimicrobium cellulans,4.79971239597532e-07
[Clostridium] bolteae,4.708162621991363e-07
Methylomonas koyamae,4.630632421287473e-07
Gemmata sp. SH-PL17,4.6249617471350033e-07
Haemophilus influenzae,4.618937390565847e-07
Actinomyces sp. oral taxon 897,4.607813699486485e-07
Pseudomonas sp. phDV1,4.5991483523799557e-07
Mycobacterium chimaera,4.5826448722419146e-07
Ottowia sp. oral taxon 894,4.562417806441843e-07
Solimonas sp. K1W22B-7,4.539652630031199e-07
Paenibacillus sp. IHBB 10380,4.526972875895652e-07
Candidatus Azobacteroides pseudotrichonymphae,4.4819574949173104e-07
Thermotoga maritima,4.418565302310995e-07
Jonquetella anthropi,4.385986593247182e-07
Ruminococcus champanellensis,4.281132603756177e-07
Rothia mucilaginosa,4.2539993012624676e-07
Legionella pneumophila,4.253365928796882e-07
Turneriella parva,4.227932354883279e-07
Bacteroides caecimuris,4.1358795317414375e-07
Flavobacterium arcticum,4.103728739268675e-07
Mycobacterium sp. QIA-37,3.976516910197958e-07
Kiritimatiella glycovorans,3.931174459514963e-07
Halalkalicoccus jeotgali,3.818259185051076e-07
Flavobacterium sp. HYN0049,3.774881682572229e-07
alpha proteobacterium HIMB59,3.729133053909095e-07
Salinigranum rubrum,3.7204249130340373e-07
Thermogutta terrifontis,3.698735707491352e-07
Gloeocapsa sp. PCC 7428,3.6793280868696596e-07
Muribaculum intestinale,3.634515274741901e-07
Pelodictyon luteolum,3.583266003248653e-07
Trichormus azollae,3.579699945133186e-07
Azospirillum thiophilum,3.44955223940957e-07
Corynebacterium callunae,3.4089706091311456e-07
Yangia pacifica,3.4049403978553273e-07
Porphyrobacter neustonensis,3.382710015875645e-07
Parascardovia denticolens,3.33858517875818e-07
Martelella mediterranea,3.317565923532939e-07
Gordonia rubripertincta,3.291155027840276e-07
Desulfotalea psychrophila,3.2870817621155626e-07
Lactococcus lactis,3.226049238413964e-07
Psychrobacter alimentarius,3.169720178997082e-07
Bifidobacterium thermophilum,3.1241239406565313e-07
Streptomyces gilvosporeus,3.0900152636625933e-07
Halostagnicola larsenii,3.0545265463644e-07
Shewanella sp. WE21,3.0533331183413284e-07
Halobiforma lacisalsi,3.0513406139576206e-07
Pelobacter carbinolicus,3.044491114989611e-07
Bacteroidetes bacterium Omega,3.0390658196655095e-07
Desulfosporosinus youngiae,3.011269970931707e-07
Erwinia gerundensis,2.989805835129644e-07
[Eubacterium] cellulosolvens,2.966994161912595e-07
Cutibacterium granulosum,2.953879667311199e-07
Polaribacter sp. KT25b,2.9023841829900476e-07
Clostridium isatidis,2.8878227684714377e-07
Alicyclobacillus acidocaldarius,2.8646011465127683e-07
Methylomonas sp. DH-1,2.836548032458808e-07
Micromonospora sp. WMMA2032,2.8084083967261366e-07
Rhodothermaceae bacterium RA,2.721600095512144e-07
Bifidobacterium dentium,2.700636917429833e-07
Salipiger profundus,2.6892816729073843e-07
Georgenia sp. ZLJ0423,2.6880699235398706e-07
Spirosoma montaniterrae,2.6014185525724545e-07
Ruegeria sp. AD91A,2.592502976295208e-07
Pseudomonas amygdali,2.586674702653724e-07
Cohnella sp. 18JY8-7,2.581285987179882e-07
Pseudopedobacter saltans,2.563808765732034e-07
Chryseobacterium piperi,2.56233696482866e-07
Candidatus Protochlamydia naegleriophila,2.5586411864786387e-07
Novosphingobium tardaugens,2.544514919433638e-07
Halioglobus pacificus,2.521657517684517e-07
Natronobacterium gregoryi,2.475051607886414e-07
Paenibacillus glucanolyticus,2.474152979825561e-07
Vibrio anguillarum,2.471229578526746e-07
Leptospirillum sp. Group II 'CF-1',2.464711849281542e-07
Methyloceanibacter caenitepidi,2.46255481006763e-07
Acidisphaera sp. G45-3,2.437633044749532e-07
Lactobacillus rhamnosus,2.4283590436269267e-07
Selenomonas sp. oral taxon 920,2.4268022662532475e-07
Neisseria polysaccharea,2.4159385318967e-07
Halomonas elongata,2.391555522729405e-07
Streptomyces sp. HNM0039,2.2677233981749368e-07
Arthrobacter alpinus,2.2410093141189692e-07
Thermus scotoductus,2.2361106513102414e-07
Rhodococcus sp. B7740,2.2320189838609394e-07
Nocardia terpenica,2.2215219062093893e-07
Candidatus Desulfofervidus auxilii,2.2171844082929937e-07
Synechococcus sp. PCC 6312,2.2082572392889688e-07
Polaribacter vadi,2.1335749211814914e-07
Desulfitobacterium dehalogenans,2.07988619593813e-07
Rubrobacter indicoceani,2.071538469650136e-07
Denitrovibrio acetiphilus,2.0485012035553752e-07
Maribacter sp. 1_2014MBL_MicDiv,2.0067747874552566e-07
Acetobacter tropicalis,1.9589054727209288e-07
Ferrimonas balearica,1.8970737651891057e-07
Gordonia terrae,1.8787264026709495e-07
Moraxellaceae bacterium HYN0046,1.8699424055856895e-07
Cyanothece sp. PCC 7425,1.8652854782974515e-07
Thioalkalivibrio nitratireducens,1.8475741292434122e-07
Nitrosospira multiformis,1.834809389755776e-07
Rhodococcus sp. p52,1.804449323294932e-07
Chromatiaceae bacterium 2141T.STBD.0c.01a,1.778316715217443e-07
Halomonas sp. KO116,1.7530326397174888e-07
Pelodictyon phaeoclathratiforme,1.739664615918457e-07
Gluconobacter albidus,1.7389959090508e-07
Bacillus mycoides,1.7141151151811584e-07
Halohasta litchfieldiae,1.6948189829335547e-07
Bartonella apis,1.6209771385167216e-07
Buchnera aphidicola,1.6137868374954678e-07
Jeongeupia sp. USM3,1.6034061089964524e-07
Enterobacter cloacae complex sp. FDA-CDC-AR_0164,1.600659292888551e-07
Hahella chejuensis,1.584999134163212e-07
Winogradskyella sp. PG-2,1.5730662177304567e-07
Kocuria palustris,1.4976698219371088e-07
Arthrobacter sp. ATCC 21022,1.485250382460279e-07
Arcanobacterium haemolyticum,1.4787417188522056e-07
Flavobacteriaceae bacterium,1.4417210369987998e-07
Chloroflexus aggregans,1.4392538258967135e-07
Brucella sp. 09RB8910,1.4374891048607453e-07
Actinomyces radicidentis,1.414983718639462e-07
Capnocytophaga stomatis,1.4090211979400636e-07
Blautia hansenii,1.3869748189954122e-07
Paenibacillus lentus,1.3866620480751378e-07
Corynebacterium ammoniagenes,1.3817305961616454e-07
Corynebacterium ulcerans,1.373153176276176e-07
Pelobacter propionicus,1.360814051443171e-07
Shewanella algae,1.3305705031108063e-07
Syntrophothermus lipocalidus,1.3291989768848823e-07
Deinococcus puniceus,1.325770855320485e-07
Candidatus Bipolaricaulis anaerobius,1.319978966574098e-07
Aeromonas rivipollensis,1.311545672733061e-07
Pseudoalteromonas atlantica,1.3009407009434427e-07
Methanosaeta harundinacea,1.2813229335328913e-07
Paenibacillus odorifer,1.277381667108557e-07
Phoenicibacter massiliensis,1.2761555474583018e-07
Halothermothrix orenii,1.26715739212635e-07
Actinotignum schaalii,1.2671549760590039e-07
Chania multitudinisentens,1.2307509795750348e-07
Salinispora tropica,1.222098035436048e-07
Streptomyces reticuli,1.2074700175279674e-07
Citrobacter freundii complex sp. CFNIH9,1.200443577209498e-07
Methylocystis rosea,1.1812107565400965e-07
Flavobacteriaceae bacterium 3519-10,1.1670198880597838e-07
Eubacterium callanderi,1.1387568850107499e-07
Pantoea ananatis,1.112241130751812e-07
Actinomyces sp. 2129,1.1019249601673664e-07
Mannheimia haemolytica,1.1008246978416735e-07
Klebsiella quasipneumoniae,1.085641940790083e-07
Candidatus Nanopelagicus hibericus,1.0855370966567079e-07
Serratia sp. ATCC 39006,1.0663812433087116e-07
Halomonas huangheensis,9.990380782642916e-08
Algibacter alginicilyticus,9.98175356148323e-08
Rhodospirillum centenum,9.953632875703278e-08
Rhodovulum sp. P5,9.849458280086764e-08
Halobacterium sp. DL1,9.500179338761683e-08
Streptomyces sp. CLI2509,9.028004790412326e-08
Kangiella koreensis,8.990951942955405e-08
Streptococcus thermophilus,8.911181890169927e-08
Salinimonas sp. HMF8227,8.842742511561142e-08
Enterococcus faecium,8.691008950290069e-08
Pseudovibrio sp. FO-BEG1,8.572860474842514e-08
Nonlabens sp. Hel1_33_55,8.287019470643031e-08
Chromobacterium sp. IIBBL 274-1,8.273032985339767e-08
Vibrio harveyi,8.257692181157239e-08
Marinobacter similis,8.210176316580942e-08
Clostridium kluyveri,8.065492460573864e-08
Sporosarcina psychrophila,8.013177061894084e-08
Thiomicrospira aerophila,7.968237134559075e-08
Marinomonas mediterranea,7.921881615136072e-08
Cellulophaga baltica,7.895990512540863e-08
Thermococcus celer,7.811043560845831e-08
Bifidobacterium adolescentis,7.616171064928068e-08
Methylovulum psychrotolerans,7.605383613995543e-08
Cellulophaga algicola,7.527896095371744e-08
Haloarcula marismortui,7.32966505045951e-08
Thermoanaerobacterium sp. RBIITD,7.238566053224816e-08
Corynebacterium atypicum,7.222741398305032e-08
Advenella mimigardefordensis,7.186008463833104e-08
Deinococcus peraridilitoris,7.12877388009403e-08
Syntrophobacter fumaroxidans,7.118679381523663e-08
Jonesia denitrificans,7.030215292136432e-08
Corynebacterium crudilactis,7.023095569547166e-08
Marinovum algicola,6.88986654617807e-08
Rufibacter sp. DG31D,6.765049584966931e-08
Natronomonas pharaonis,6.67524651776219e-08
Capnocytophaga haemolytica,6.551761781992127e-08
Acetobacter senegalensis,6.482017294029418e-08
Aeromonas sp. CA23,6.392862952342427e-08
Paenibacillus naphthalenovorans,6.073776064319247e-08
Roseburia hominis,6.065062199134275e-08
Cutibacterium avidum,5.9544025665658753e-08
Mordavella sp. Marseille-P3756,5.8604259844941e-08
Gottschalkia acidurici,5.828421716369547e-08
Alkalitalea saponilacus,5.614931313235871e-08
Rickettsia rickettsii,5.5787873476376146e-08
Alteromonas australica,5.577816100110766e-08
Candidatus Kuenenia stuttgartiensis,5.3790797527319964e-08
Desulfobacca acetoxidans,5.2982543130575266e-08
Allochromatium vinosum,5.2614105650050645e-08
Planococcus sp. MB-3u-03,5.252420773871336e-08
Arenibacter algicola,5.2199586031420606e-08
Streptomyces puniciscabiei,5.093431409974869e-08
Euzebya sp. DY32-46,5.034048691232584e-08
Denitrobacterium detoxificans,5.0297260467679905e-08
Flammeovirga sp. MY04,5.0070312451744314e-08
Formosa agariphila,4.995407081320735e-08
Synechococcus sp. PCC 7502,4.926546721684133e-08
Legionella anisa,4.715415229394892e-08
Lachnoclostridium phocaeense,4.6869380554426246e-08
Rhodococcus rhodochrous,4.497497683164653e-08
Chthonomonas calidirosea,4.49192785634267e-08
Kingella kingae,4.4784648856044386e-08
Megasphaera elsdenii,4.478036919053352e-08
Thermanaeromonas toyohensis,4.333704552994533e-08
Methanosphaerula palustris,4.331511875843574e-08
Neisseria elongata,4.2609940975602004e-08
Porphyromonas asaccharolytica,4.1993105814874807e-08
Dehalobacter restrictus,4.127808774789798e-08
Escherichia albertii,3.953698397562988e-08
Aurantimicrobium sp. MWH-Mo1,3.9213249913849777e-08
Methanofollis liminatans,3.875499290373341e-08
Cronobacter dublinensis,3.808415205419635e-08
Desulfurivibrio alkaliphilus,3.75060709156827e-08
Clostridium bornimense,3.713943377281481e-08
Dinoroseobacter shibae,3.641905255147293e-08
Solibacillus sp. R5-41,3.638359247215561e-08
Geobacillus thermocatenulatus,3.4539055593363345e-08
Acetobacter ghanensis,3.334055147519166e-08
Polaribacter sp. SA4-10,3.1608012873718394e-08
Acaryochloris marina,3.1578924009068034e-08
Lawsonella clevelandensis,3.140867654849444e-08
Miniimonas sp. S16,3.135862631786779e-08
Bacillus phage BM5,3.11434878774719e-08
Erwinia pyrifoliae,3.065186371387085e-08
Desulfitobacterium hafniense,2.9846636961927685e-08
Phaeobacter piscinae,2.90704583738588e-08
Bradymonas sediminis,2.807344261501754e-08
Parageobacillus genomosp. 1,2.779036658573375e-08
Sideroxydans lithotrophicus,2.744807210408595e-08
Tenacibaculum jejuense,2.6994290824866594e-08
Nonlabens dokdonensis,2.6266500841032327e-08
Pseudoalteromonas sp. 13-15,2.6156477495042906e-08
Chroococcidiopsis thermalis,2.574878961159044e-08
Scytonema sp. NIES-4073,2.5203605713564058e-08
Methanopyrus sp. KOL6,2.420661149304948e-08
Cyanothece sp. PCC 7822,2.4202629433922597e-08
Aeromonas veronii,2.2516749531575896e-08
Alistipes sp. Marseille-P5997,2.2502390306655683e-08
Anderseniella sp. Alg231-50,2.2218324269296376e-08
Nodularia spumigena,2.111390513537259e-08
Pseudanabaena sp. PCC 7367,2.0924428434376806e-08
Maribacter sp. HTCC2170,2.0048423055030183e-08
Arcanobacterium phocae,1.9758655867008202e-08
Aneurinibacillus sp. XH2,1.9704711395895914e-08
Gordonia phthalatica,1.9300244336051265e-08
Aquifex aeolicus,1.7802675911227082e-08
Sediminicola sp. YIK13,1.7279511466128385e-08
Lacinutrix sp. Bg11-31,1.724663676316851e-08
Nonlabens marinus,1.6425001470032896e-08
Celeribacter marinus,1.6269899494325556e-08
Winogradskyella sp. J14-2,1.6184266060648155e-08
Laceyella sacchari,1.5687419141485748e-08
Haloarculaceae archaeon HArcel1,1.512208782639135e-08
Megasphaera hexanoica,1.509804714583396e-08
Thermoplasmatales archaeon BRNA1,1.447808006815876e-08
Corynebacterium mycetoides,1.4387405111726536e-08
Halobacillus halophilus,1.3850369628976011e-08
Nitrosomonas sp. AL212,1.2495800461032047e-08
Prevotella ruminicola,1.1719853665326241e-08
Tannerella sp. oral taxon HOT-286,1.0547938256166844e-08
Candidatus Pelagibacter sp. HIMB1321,1.0386116500171738e-08
Ruminococcus albus,1.024260858351056e-08
Leptospira interrogans,9.522654598193015e-09
Nostocales cyanobacterium HT-58-2,9.305030679307436e-09
Candidatus Methylopumilus planktonicus,8.858140421175164e-09
Natronolimnobius aegyptiacus,8.80948323178643e-09
Vibrio nigripulchritudo,8.800493844773882e-09
Halodesulfurarchaeum formicicum,8.617627322848876e-09
Psychrobacter sp. AntiMn-1,8.398973272427667e-09
Erythrobacter sp. Alg231-14,7.995570339147662e-09
Paludibacter propionicigenes,7.72722483777244e-09
Turicibacter sp. H121,7.708082905288904e-09
Oceanisphaera profunda,7.704532190011548e-09
Bernardetia litoralis,7.684189817780407e-09
Caldanaerobacter subterraneus,7.666887924528965e-09
Roseiflexus sp. RS-1,7.433959092750797e-09
Gallionella capsiferriformans,7.0742068425388995e-09
Candidatus Nanopelagicus limnes,6.9787269518784004e-09
Halomonas sp. A3H3,6.875413838258737e-09
Dichelobacter nodosus,6.280592290686116e-09
Winogradskyella sp. RHA_55,6.193244184160562e-09
Desulfotomaculum reducens,4.473175851948952e-09
Listeria innocua,4.301322675814845e-09
Dolichospermum compactum,4.087263483221193e-09
Sphaerochaeta globosa,4.032652412000459e-09
Sodalis glossinidius,4.012258525420975e-09
Ruegeria sp. NKC1-1,3.88931535866277e-09
Thermoanaerobacterales bacterium SK-G1,3.479006749351754e-09
Desulfosporosinus acidiphilus,3.261480663319105e-09
Candidatus Evansia muelleri,2.3854478392593137e-09
Cloacibacillus porcorum,2.1634723568197957e-09
Marinomonas primoryensis,2.0993495608578883e-09
Gynuella sunshinyii,2.0198874128851683e-09
Capnocytophaga canimorsus,1.962794926591016e-09
Synechococcus sp. JA-2-3B'a(2-13),1.9174226650875426e-09
Chloroherpeton thalassium,1.753599665477168e-09
Polynucleobacter wuianus,1.4501358336360682e-09
Aureitalea sp. RR4-38,1.3557780453865576e-09
Virgibacillus sp. 6R,1.3392169373460661e-09
Aminobacterium colombiense,1.0376530079625468e-09
Peptoclostridium acidaminophilum,1.0358714774838519e-09
Spirosoma aerolatum,9.40222943945912e-10
Lactobacillus curvatus,8.872732548681483e-10
Microcoleus sp. PCC 7113,8.854317057327421e-10
Neisseria weaveri,7.632249054978501e-10
Calothrix parasitica,6.358035875564382e-10
Mycoplasma pneumoniae,4.918516705032516e-10
Gilvibacter sp. SZ-19,3.276671378671381e-10
Piscirickettsia salmonis,3.101242151970496e-10
Haloplanus sp. CBA1113,2.970160117854448e-10
Bathymodiolus septemdierum thioautotrophic gill symbiont,1.5074319570373973e-10
Polaribacter sp. BM10,0.0
Elizabethkingia miricola,0.0
Acinetobacter lwoffii,0.0
Halobacterium salinarum,0.0
Proteiniphilum saccharofermentans,-2.2204460492503132e-17
Shewanella marisflavi,-2.2204460492503132e-17
Clostridium sp. JN500901,-2.2204460492503132e-17
Flavobacteriaceae bacterium UJ101,-2.2204460492503132e-17
Hydrogenovibrio crunogenus,-2.2204460492503132e-17
Nonlabens sp. MB-3u-79,-2.2204460492503132e-17
Leminorella richardii,-2.2204460492503132e-17
Methanothrix soehngenii,-2.2204460492503132e-17
Methanolinea tarda,-2.2204460492503132e-17
Nitrosomonas europaea,-2.2204460492503132e-17
Polaribacter sp. Hel1_33_78,-2.2204460492503132e-17
Synechococcus sp. CC9311,-2.2204460492503132e-17
Selenomonas sp. oral taxon 136,-2.2204460492503132e-17
Oscillatoria acuminata,-2.2204460492503132e-17
Desulfohalobium retbaense,-2.2204460492503132e-17
Photobacterium gaetbulicola,-4.4408920985006264e-17
Mesotoga prima,-4.4408920985006264e-17
Geobacter daltonii,-4.4408920985006264e-17
Nitrosococcus oceani,-4.4408920985006264e-17
Aeromonas sp. ASNIH2,-4.4408920985006264e-17
Sulfurovum sp. NBC37-1,-4.4408920985006264e-17
[Clostridium] sphenoides,-4.4408920985006264e-17
Neisseriaceae bacterium DSM 100970,-4.4408920985006264e-17
Bacillus sp. OxB-1,-4.4408920985006264e-17
Sporosarcina ureae,-4.4408920985006264e-17
Lachnoclostridium phytofermentans,-4.4408920985006264e-17
Bacillus beveridgei,-4.4408920985006264e-17
Nostoc piscinale,-4.4408920985006264e-17
Lactobacillus pentosus,-4.4408920985006264e-17
Zhongshania aliphaticivorans,-4.4408920985006264e-17
Vibrio parahaemolyticus,-4.4408920985006264e-17
Citrobacter sp. FDAARGOS_156,-4.4408920985006264e-17
Lactobacillus mucosae,-4.4408920985006264e-17
Enterobacter cloacae complex sp. FDA-CDC-AR_0132,-4.4408920985006264e-17
Salinicoccus halodurans,-4.4408920985006264e-17
Commensalibacter sp. AMU001,-4.4408920985006264e-17
Zymomonas mobilis,-4.4408920985006264e-17
Clostridium sp. SY8519,-4.4408920985006264e-17
Sphaerochaeta coccoides,-4.4408920985006264e-17
Desulfotomaculum ferrireducens,-4.4408920985006264e-17
Shewanella pealeana,-4.4408920985006264e-17
Paracoccus mutanolyticus,-4.4408920985006264e-17
Paraglaciecola psychrophila,-4.4408920985006264e-17
Halobacteriovorax marinus,-4.4408920985006264e-17
Pectobacterium atrosepticum,-4.4408920985006264e-17
Pseudodesulfovibrio piezophilus,-4.4408920985006264e-17
Polaribacter reichenbachii,-4.4408920985006264e-17
Synechococcus lividus,-4.4408920985006264e-17
Synechococcus sp. PCC 7003,-4.4408920985006264e-17
Candidatus Babela massiliensis,-4.4408920985006264e-17
Candidatus Endolissoclinum faulkneri,-4.4408920985006264e-17
Bacteroides zoogleoformans,-6.661338147750939e-17
Planococcus sp. Y42,-6.661338147750939e-17
Yersinia similis,-6.661338147750939e-17
Acinetobacter sp. ACNIH1,-6.661338147750939e-17
Acinetobacter sp. TGL-Y2,-6.661338147750939e-17
Borreliella bavariensis,-6.661338147750939e-17
Marinobacter sp. es.042,-6.661338147750939e-17
Corynebacterium pseudotuberculosis,-6.661338147750939e-17
Muricauda lutaonensis,-6.661338147750939e-17
Actinobacteria bacterium IMCC26077,-6.661338147750939e-17
Corynebacterium resistens,-6.661338147750939e-17
Crinalium epipsammum,-6.661338147750939e-17
Candidatus Rhodoluna planktonica,-6.661338147750939e-17
Christensenella massiliensis,-6.661338147750939e-17
Bifidobacterium catenulatum,-6.661338147750939e-17
Citrobacter farmeri,-6.661338147750939e-17
Exiguobacterium sibiricum,-6.661338147750939e-17
Cyanothece sp. PCC 7424,-6.661338147750939e-17
Tenacibaculum sp. SZ-18,-6.661338147750939e-17
Tepidanaerobacter acetatoxydans,-6.661338147750939e-17
Bacterioplanes sanyensis,-6.661338147750939e-17
Fluoribacter dumoffii,-6.661338147750939e-17
Aggregatibacter segnis,-6.661338147750939e-17
Streptomyces sp. ICC1,-6.661338147750939e-17
Neisseria sicca,-6.661338147750939e-17
Methanosarcina barkeri,-6.661338147750939e-17
Nostoc sp. PCC 7107,-6.661338147750939e-17
Legionella oakridgensis,-6.661338147750939e-17
Leptolyngbya boryana,-6.661338147750939e-17
Oceanisphaera avium,-6.661338147750939e-17
Paenibacillus physcomitrellae,-6.661338147750939e-17
Microcystis sp. MC19,-8.881784197001253e-17
Aurantimicrobium minutum,-8.881784197001253e-17
Oleispira antarctica,-8.881784197001253e-17
Marinobacter psychrophilus,-8.881784197001253e-17
Streptococcus pneumoniae,-8.881784197001253e-17
Desulfocapsa sulfexigens,-8.881784197001253e-17
Thermosynechococcus elongatus,-8.881784197001253e-17
Neisseria cinerea,-8.881784197001253e-17
Staphylococcus epidermidis,-8.881784197001253e-17
Halomonas sp. HL-93,-8.881784197001253e-17
Formosa sp. Hel1_33_131,-8.881784197001253e-17
Pectobacterium polaris,-1.1102230246251565e-16
Pseudothermotoga hypogea,-1.1102230246251565e-16
Aeromonas caviae,-1.876909738740551e-11
Desulfurella acetivorans,-4.233013939369812e-11
Pseudodesulfovibrio aespoeensis,-6.490954440607765e-11
Acetobacterium sp. KB-1,-1.0418637064191217e-10
Acetohalobium arabaticum,-1.637012969624152e-10
Candidatus Profftella armatura,-1.9671020368150494e-10
Aquimarina sp. AD10,-2.0539150380471937e-10
Lactococcus sp. 1JSPR-7,-3.323449959680147e-10
Halothece sp. PCC 7418,-3.9336633950171063e-10
Candidatus Sodalis pierantonius,-4.0006318258178906e-10
Candidatus Methanomethylophilus alvus,-4.471677250705852e-10
Providencia rettgeri,-9.262346667426869e-10
Pontimonas salivibrio,-1.0473177214365137e-09
Oscillatoriales cyanobacterium JSC-12,-1.1997767668248116e-09
Legionella hackeliae,-1.2287086015305703e-09
Treponema sp. OMZ 838,-1.4832167494205351e-09
Agarivorans gilvus,-1.6382781353740938e-09
Propionimicrobium sp. Marseille-P3275,-1.7200857405086367e-09
Streptomyces sp. MOE7,-2.0642601628040326e-09
Lentibacillus amyloliquefaciens,-2.2079077899306297e-09
Ndongobacter massiliensis,-2.5060137742727305e-09
Campylobacter concisus,-2.594482295670275e-09
Kangiella profundi,-2.6289276311430854e-09
Thermovibrio ammonificans,-2.8931524953534904e-09
Runella sp. HYN0085,-3.5761155370295227e-09
Desulfotomaculum nigrificans,-4.0546450197354035e-09
Sphaerospermopsis kisseleviana,-4.406799480882739e-09
Dickeya sp. Secpp 1600,-4.893852012521905e-09
Eggerthella sp. YY7918,-5.020405979827558e-09
Barnesiella viscericola,-5.383352363885763e-09
Auritidibacter sp. NML130574,-5.8116977896816024e-09
Oligella urethralis,-6.111304839961917e-09
Shewanella amazonensis,-6.8155474819420195e-09
Campylobacter curvus,-6.933743379455848e-09
Calothrix sp. NIES-2098,-7.131366586143883e-09
Aminomonas paucivorans,-8.094291503724094e-09
Rivularia sp. PCC 7116,-8.430343978460542e-09
Ruminococcaceae bacterium CPB6,-8.604484991181493e-09
Salinispira pacifica,-9.329616812436824e-09
Bacteroides heparinolyticus,-9.484771679169058e-09
Fictibacillus phosphorivorans,-1.1125002585821164e-08
Moraxella bovoculi,-1.1667598731612826e-08
Bacillus cytotoxicus,-1.1678141165205603e-08
Cytophagales bacterium TFI 002,-1.1758333728906223e-08
Nonlabens sp. MIC269,-1.1758799400851672e-08
Proteus vulgaris,-1.1832659407851054e-08
Halorhodospira halophila,-1.3372559282132102e-08
Christensenella minuta,-1.3933721709769031e-08
Shewanella sediminis,-1.4581923557521748e-08
Corynebacterium riegelii,-1.4700369721509788e-08
Acidaminococcus fermentans,-1.603899957292043e-08
Calditerrivibrio nitroreducens,-1.6257190349477925e-08
Planococcus rifietoensis,-1.661207249537e-08
Shewanella sp. FDAARGOS_354,-1.737413326541315e-08
Desulfomonile tiedjei,-1.7377874583779374e-08
Dehalococcoides mccartyi,-1.7726660161976325e-08
Bacteroidales bacterium CF,-1.792904704700504e-08
Melioribacter roseus,-1.8064747919765978e-08
Thermoanaerobacterium thermosaccharolyticum,-1.9364562620083348e-08
Borreliella burgdorferi,-1.9550127472456324e-08
Selenomonas ruminantium,-2.0084996443792136e-08
Alistipes shahii,-2.0192703265031754e-08
Shewanella loihica,-2.105942631391855e-08
Elusimicrobium minutum,-2.1542264616591923e-08
Carboxydocella thermautotrophica,-2.1999999577637654e-08
Yersinia rohdei,-2.2046954351040428e-08
Desulfovibrio alaskensis,-2.2508578201296815e-08
Corynebacterium pseudopelargi,-2.327230601562036e-08
Dickeya fangzhongdai,-2.3289965689343716e-08
Desulfovibrio gigas,-2.4260650000051952e-08
Leptospira kmetyi,-2.444546502999856e-08
Candidatus Planktophila dulcis,-2.6173926270800506e-08
Bordetella trematum,-2.8273928975863782e-08
Proteus mirabilis,-3.041465614916916e-08
Haloterrigena turkmenica,-3.0561717334620655e-08
Neoasaia chiangmaiensis,-3.101747250155995e-08
Spiribacter curvatus,-3.116728950480763e-08
Bifidobacterium angulatum,-3.178041032558809e-08
Synechocystis sp. PCC 6714,-3.208772214602362e-08
Virgibacillus sp. Bac332,-3.2734494559427674e-08
Pelobacter sp. SFB93,-3.4021179362575535e-08
Methanocella conradii,-3.436365418885145e-08
Clostridium septicum,-3.653116653623556e-08
Meiothermus ruber,-3.660185197151833e-08
Sulfurospirillum multivorans,-3.8084927522774593e-08
Halorubrum trapanicum,-3.8373977861994037e-08
Seonamhaeicola sp. S2-3,-3.9131982720874706e-08
Polaribacter sp. KT 15,-3.93393497777339e-08
Pelobacter acetylenicus,-3.937107488916069e-08
Nakamurella sp. s14-144,-4.07551261849548e-08
Lactobacillus casei,-4.1537657580192897e-08
Methanocella arvoryzae,-4.214476141406465e-08
Shewanella sp. ANA-3,-4.220008573696532e-08
Murdochiella vaginalis,-4.236658199818777e-08
Aequorivita sublithincola,-4.250536012051498e-08
Burkholderiales bacterium YL45,-4.671055939819979e-08
Cytophaga hutchinsonii,-4.827623343306442e-08
Devriesea agamarum,-4.888337903352635e-08
Nostoc sp. 'Lobaria pulmonaria (5183) cyanobiont',-5.190579859259969e-08
Candidatus Cloacimonas acidaminovorans,-5.1968635261800956e-08
Borrelia parkeri,-5.3534746347061454e-08
Bifidobacterium breve,-5.408738554812942e-08
Capnocytophaga leadbetteri,-5.509073226495076e-08
Streptomyces anulatus,-5.577097392794883e-08
Parachlamydia acanthamoebae,-5.7127256614109e-08
Oleiphilus messinensis,-5.720947220400063e-08
Thermovirga lienii,-5.777502001258483e-08
Thermoproteus uzoniensis,-5.86230639587626e-08
Halorhabdus utahensis,-6.012073776595628e-08
Mycobacterium liflandii,-6.148336433309254e-08
Microbacterium testaceum,-6.19554692438129e-08
Acidihalobacter prosperus,-6.196250819101579e-08
Chelativorans sp. BNC1,-6.306775943709652e-08
archaeon AArc-Sl,-6.493917696914764e-08
Thiomicrospira cyclica,-6.567137695867587e-08
Glaesserella parasuis,-6.639358167692677e-08
Lutibacter profundi,-6.75155127360938e-08
Halorientalis sp. IM1011,-6.843925088872993e-08
Methylophaga frappieri,-7.198573790390128e-08
[Eubacterium] minutum,-7.264773556059368e-08
Thermodesulfovibrio yellowstonii,-7.39350895395674e-08
Mobiluncus curtisii,-7.415339156047196e-08
Natrinema sp. J7-2,-7.481843842249702e-08
Methylacidiphilum fumariolicum,-7.57036640708364e-08
Clostridium acetobutylicum,-7.631823695231077e-08
Lacinutrix sp. 5H-3-7-4,-7.708089402314045e-08
Corynebacterium renale,-7.931084937684574e-08
Odoribacter splanchnicus,-7.948258797796371e-08
Halogeometricum borinquense,-7.986239487500768e-08
Exiguobacterium sp. N4-1P,-8.021523627554927e-08
Lacimicrobium alkaliphilum,-8.080588640435593e-08
Acinetobacter soli,-8.295567957006256e-08
Thermodesulfobacterium geofontis,-8.295567959226701e-08
Rhodococcus pyridinivorans,-8.473146115850482e-08
Edwardsiella ictaluri,-8.524277599342156e-08
Collinsella aerofaciens,-8.61615805147764e-08
Phaeobacter porticola,-8.69965495642333e-08
Rhodobaca barguzinensis,-8.971749976272037e-08
Streptococcus agalactiae,-9.03361878634712e-08
Paracoccus contaminans,-9.27124242933175e-08
Kyrpidia spormannii,-9.31014298322097e-08
Anabaenopsis circularis,-9.631530095699503e-08
Wolbachia endosymbiont of Drosophila simulans,-9.635111746231217e-08
Desulfosporosinus orientis,-9.657351953684668e-08
Burkholderia sp. JP2-270,-9.882598392962904e-08
Thermoclostridium stercorarium,-9.916630330231158e-08
Prosthecochloris aestuarii,-9.969833796308336e-08
Candidatus Promineofilum breve,-1.006242007051128e-07
Granulosicoccus antarcticus,-1.0143736937084923e-07
Corynebacterium frankenforstense,-1.0342876848312698e-07
Porphyrobacter sp. CACIAM 03H1,-1.0522438478322016e-07
Thermus brockianus,-1.0670486150221592e-07
Brachybacterium ginsengisoli,-1.0670583432403901e-07
Rhodoferax antarcticus,-1.0855088881100982e-07
Sphingomonas sp. JJ-A5,-1.1276828688622232e-07
Fibrella aestuarina,-1.1365354775083603e-07
Microbulbifer thermotolerans,-1.1432515980569491e-07
Micromonospora sp. B006,-1.155275557662705e-07
Pseudomonas sp. MT-1,-1.1565892021891955e-07
Chitinophaga caeni,-1.1637112464768507e-07
Salimicrobium jeotgali,-1.1684600711436844e-07
Neisseria mucosa,-1.1729141666805276e-07
Methylacidiphilum infernorum,-1.1883101163068232e-07
Desulfomicrobium orale,-1.188476025371088e-07
Sulfitobacter sp. D7,-1.1998200248886094e-07
Brucella melitensis,-1.200785831878548e-07
Thermus aquaticus,-1.2011497283470617e-07
Methanoculleus bourgensis,-1.2089981145102512e-07
Synechococcus sp. CC9902,-1.215143017763154e-07
Haloarcula hispanica,-1.2203770443086627e-07
Glaciecola nitratireducens,-1.2331027428036377e-07
Synechococcus sp. CC9605,-1.2486433942360264e-07
Cobetia marina,-1.2605447550217974e-07
Bifidobacterium kashiwanohense,-1.27531099503031e-07
Acidaminococcus intestini,-1.2919661509513958e-07
Olsenella uli,-1.3149138102797054e-07
Halomonas sp. 1513,-1.3188313805478912e-07
Chlorobium phaeovibrioides,-1.3206624198680573e-07
Zoogloeaceae bacteirum Par-f-2,-1.3603279933604994e-07
Ethanoligenens harbinense,-1.3808861623054725e-07
Rhodobacter sp. CZR27,-1.3833042789013206e-07
Haloarcula sp. CBA1115,-1.3880514360131713e-07
Prochlorococcus marinus,-1.40712127749687e-07
Halomonas sp. GT,-1.4088206821138982e-07
Corynebacterium cystitidis,-1.4297330936940965e-07
Enterobacter sp. SA187,-1.4364729385984987e-07
Erwinia amylovora,-1.4483781705099119e-07
Oscillibacter valericigenes,-1.480498907024952e-07
Exiguobacterium sp. MH3,-1.4924280873351846e-07
Gramella salexigens,-1.5072020644879558e-07
Pseudomonas alcaliphila,-1.5320747532854283e-07
Idiomarina sp. OT37-5b,-1.5501237731196938e-07
Vibrio cholerae,-1.5720486241654895e-07
Nitratiruptor sp. SB155-2,-1.5738534526743563e-07
Aurantimicrobium sp. MWH-Uga1,-1.5789825351664178e-07
Thermincola potens,-1.6075031061824063e-07
Salegentibacter salegens,-1.6140528396046961e-07
Kyrpidia tusciae,-1.632915832550097e-07
Calothrix sp. NIES-2100,-1.6349826652550804e-07
Mycobacterium marinum,-1.6545766019504525e-07
Pseudomonas alcaligenes,-1.6786549312808318e-07
Cloacibacterium normanense,-1.694886432757059e-07
Carboxydothermus hydrogenoformans,-1.7841789787809148e-07
Azoarcus communis,-1.8178052638706532e-07
Bacillus aryabhattai,-1.8245599391342183e-07
Sedimenticola thiotaurini,-1.8369205083690333e-07
endosymbiont of Acanthamoeba sp. UWC8,-1.8549803557643684e-07
Candidatus Symbiobacter mobilis,-1.902607183801308e-07
Jannaschia sp. CCS1,-1.9079778554864645e-07
Zobellella denitrificans,-1.925932834545563e-07
Paenibacillus yonginensis,-1.932769436496784e-07
Nonlabens spongiae,-1.9431329099095506e-07
Acinetobacter sp. WCHAc010034,-1.99260479227803e-07
Streptomyces albulus,-2.0009185510705408e-07
Clostridium baratii,-2.0151961106495974e-07
Flavivirga eckloniae,-2.0171477592700883e-07
Trueperella pyogenes,-2.0643259621699883e-07
Luteimonas sp. 100111,-2.0691499120761846e-07
Geobacter anodireducens,-2.0724597145083122e-07
Phytobacter ursingii,-2.0994710543398297e-07
Haloterrigena daqingensis,-2.1111843588883518e-07
Sulfitobacter sp. SK011,-2.1316485618871894e-07
Saprospira grandis,-2.1559298859497034e-07
Brevibacterium sandarakinum,-2.190456706685495e-07
Geobacter metallireducens,-2.2082906032672155e-07
Streptomyces sp. M56,-2.2207912140359553e-07
Maritalea myrionectae,-2.2208162124837117e-07
Methanosarcina sp. MTP4,-2.2525083842594995e-07
Corynebacterium flavescens,-2.297507490478523e-07
Bifidobacterium pseudocatenulatum,-2.3142179459423317e-07
Stenotrophomonas sp. WZN-1,-2.3232849868382033e-07
Hydrogenophilus thermoluteolus,-2.3286181400905547e-07
Lysinibacillus sp. Marseille-P5727,-2.3416367491702062e-07
Candidatus Nucleicultrix amoebiphila,-2.3478298016854637e-07
[Clostridium] cellulosi,-2.347909139555071e-07
Natronococcus occultus,-2.3522978824797037e-07
Lachnoclostridium sp. YL32,-2.389705584082691e-07
Halorhodospira halochloris,-2.419301161626919e-07
Desulfobacula toluolica,-2.4227295101209025e-07
Vibrio breoganii,-2.463652343465128e-07
Corynebacterium choanis,-2.521276828426622e-07
Hymenobacter sp. DG25A,-2.589425741827966e-07
Bacillus methanolicus,-2.6045854626399747e-07
Erwinia tasmaniensis,-2.607939677545801e-07
Thermoanaerobacter siderophilus,-2.6592733588515215e-07
Magnetococcus marinus,-2.6946646327630217e-07
Pseudomonas orientalis,-2.704503714756612e-07
Arcticibacterium luteifluviistationis,-2.7414475360920677e-07
Planctomyces sp. SH-PL62,-2.7558460660159765e-07
Mycobacterium pseudoshottsii,-2.773984494330861e-07
Wolbachia endosymbiont of Drosophila melanogaster,-2.7985494590598845e-07
Comamonas thiooxydans,-2.835547719737264e-07
Eikenella corrodens,-2.838950535766216e-07
Candidatus Thiodictyon syntrophicum,-2.841581012047456e-07
Flagellimonas sp. HME9304,-2.841730947000798e-07
Ochrobactrum pituitosum,-2.9202538205375105e-07
Cnuibacter physcomitrellae,-2.934395255671518e-07
Halomicronema hongdechloris,-2.9375425005806475e-07
Aquimarina sp. BL5,-2.9588921786061205e-07
Persephonella marina,-2.9751647574460803e-07
Syntrophus aciditrophicus,-2.9939000483203416e-07
Actinosynnema pretiosum,-3.032216353560102e-07
Gluconacetobacter diazotrophicus,-3.0458906978836354e-07
Sphingorhabdus sp. Alg231-15,-3.0470957359529647e-07
Geminocystis herdmanii,-3.05329676808519e-07
Nocardia farcinica,-3.108533132456515e-07
Bordetella petrii,-3.1225259318201636e-07
Acidimicrobium ferrooxidans,-3.122668559507602e-07
Pararhodospirillum photometricum,-3.142465720085141e-07
Synechococcus sp. KORDI-52,-3.1495668908476657e-07
Hyphomonas sp. Mor2,-3.17342166100687e-07
Agrobacterium sp. H13-3,-3.1887104920969025e-07
Thermodesulfobium acidiphilum,-3.2142297827775225e-07
Flexistipes sinusarabici,-3.2228919386589896e-07
Clostridium drakei,-3.2255652648860433e-07
Bacillus xiamenensis,-3.2497606641257446e-07
Spirochaeta thermophila,-3.252255953656302e-07
Allokutzneria albata,-3.258142425188737e-07
Ectothiorhodospira sp. BSL-9,-3.278147340912696e-07
Leadbetterella byssophila,-3.293591637865134e-07
Tenacibaculum mesophilum,-3.2964323486428527e-07
Synechococcus sp. RCC307,-3.3169679671818384e-07
Anaerolinea thermophila,-3.320805858297859e-07
Paenibacillus ihbetae,-3.321689936441885e-07
Shewanella baltica,-3.3487603259274577e-07
Sphingopyxis sp. 113P3,-3.366085182809897e-07
Paenibacillaceae bacterium GAS479,-3.382529431883441e-07
Clostridium taeniosporum,-3.38424843127072e-07
Agrobacterium sp. RAC06,-3.447308421833384e-07
Photobacterium damselae,-3.4879285837341456e-07
Roseomonas sp. FDAARGOS_362,-3.539647940309365e-07
Belliella baltica,-3.5754130640608394e-07
Reinekea forsetii,-3.580694347027347e-07
Tateyamaria omphalii,-3.616992962696131e-07
Bacillus kochii,-3.6236830955882484e-07
Providencia stuartii,-3.625290034614537e-07
Thioploca ingrica,-3.651585100072907e-07
Virgibacillus necropolis,-3.694576321766618e-07
Microbulbifer agarilyticus,-3.6971246042405426e-07
Acetomicrobium mobile,-3.7018047989167967e-07
Mesorhizobium australicum,-3.7076274796987716e-07
Treponema caldarium,-3.710086976527194e-07
Eubacterium limosum,-3.725623450412385e-07
Planktothrix agardhii,-3.761885173370061e-07
Corynebacterium minutissimum,-3.7637386161026856e-07
Methylocystis sp. SC2,-3.830539247351439e-07
Paenibacillus peoriae,-3.904325248882401e-07
Rhizobium sp. N324,-3.9227229502447615e-07
Labrenzia aggregata,-3.9430751856972536e-07
Bacteriovorax stolpii,-4.0065750233075904e-07
Trichormus variabilis,-4.073130330350949e-07
Geosporobacter ferrireducens,-4.079860878913877e-07
Cronobacter muytjensii,-4.086164563599226e-07
Halomonas subglaciescola,-4.155662568949836e-07
Bifidobacterium animalis,-4.198491501572477e-07
Nitrosococcus watsonii,-4.2434506200006437e-07
Rufibacter tibetensis,-4.2973580782756926e-07
Klebsiella aerogenes,-4.328773682393816e-07
Aeromonas sp. CU5,-4.3612593800812507e-07
Gemmatimonas aurantiaca,-4.370405812581524e-07
Halothiobacillus neapolitanus,-4.385160302433633e-07
Clostridium carboxidivorans,-4.438570067488712e-07
Methylomicrobium alcaliphilum,-4.447304895016657e-07
Nostoc sphaeroides,-4.457704115168326e-07
Lachnospiraceae bacterium oral taxon 500,-4.459446539151202e-07
Desulfovibrio sp. G11,-4.4986166540805784e-07
Cyanobacterium aponinum,-4.5028399120461415e-07
Parasaccharibacter apium,-4.69557444837676e-07
Bordetella bronchiseptica,-4.7137290999366143e-07
Enterobacter cloacae complex sp.,-4.7504824760569166e-07
Sulfitobacter sp. AM1-D1,-4.795705062399235e-07
gamma proteobacterium HdN1,-4.819083666340873e-07
Burkholderia sp. RPE67,-4.880917662708483e-07
Corynebacterium ureicelerivorans,-4.925386315468572e-07
Anaerotignum propionicum,-4.995410154418067e-07
Actinomyces meyeri,-5.00464452235505e-07
Halocynthiibacter arcticus,-5.075009354982285e-07
[Bacillus] selenitireducens,-5.173918800283061e-07
Bacteroides fragilis,-5.238298104615069e-07
Prevotella dentalis,-5.330544526671588e-07
Bifidobacterium scardovii,-5.348135970528745e-07
Formosa sp. Hel3_A1_48,-5.368890367396518e-07
Thauera hydrothermalis,-5.386183094202579e-07
Serratia sp. FGI94,-5.445983857876869e-07
Hartmannibacter diazotrophicus,-5.453670796073951e-07
Streptomyces sp. GBA 94-10,-5.539292305511978e-07
Streptomyces sviceus,-5.571570660833913e-07
Burkholderia anthina,-5.57382283861152e-07
Rhizobium sp. S41,-5.636747842929779e-07
Thermodesulfatator indicus,-5.639747566954511e-07
Candidatus Desulfovibrio trichonymphae,-5.641572580872279e-07
Burkholderia gladioli,-5.642839926878195e-07
Fictibacillus arsenicus,-5.644262326631732e-07
Pseudomonas yamanorum,-5.646349389154537e-07
Octadecabacter antarcticus,-5.658147177234341e-07
Calothrix sp. PCC 7507,-5.661744381102451e-07
Methanoregula formicica,-5.729359376926979e-07
Desulfococcus oleovorans,-5.772604343201593e-07
Austwickia chelonae,-5.79276110701521e-07
Streptomyces sp. CFMR 7,-5.801468470068016e-07
Dermacoccus nishinomiyaensis,-5.936423343788633e-07
Chryseobacterium haifense,-5.940658476921712e-07
Mariprofundus ferrinatatus,-6.000592397414906e-07
Magnetospirillum gryphiswaldense,-6.00957825946935e-07
Corynebacterium phocae,-6.031551955665293e-07
Tistrella mobilis,-6.112068755559363e-07
Parvularcula bermudensis,-6.128834411534001e-07
Burkholderiales bacterium JOSHI_001,-6.168067572032143e-07
Serratia sp. SSNIH1,-6.187569921989322e-07
Nitrosococcus halophilus,-6.251544409696663e-07
Gryllotalpicola sp. 2DFW10M-5,-6.256814686134149e-07
Faecalibacterium prausnitzii,-6.270808387887073e-07
Corynebacterium mustelae,-6.329827230366902e-07
Snodgrassella alvi,-6.336701663389732e-07
Streptomyces venezuelae,-6.337628996488931e-07
Novosphingobium sp. THN1,-6.345067667501425e-07
Haloarcula taiwanensis,-6.448335495345958e-07
Brevibacterium aurantiacum,-6.597908695615829e-07
Paracoccus sp. SC2-6,-6.602758811702359e-07
Chromobacterium sp. IIBBL 112-1,-6.652874144696952e-07
Methylobacterium currus,-6.710588674740947e-07
Solitalea canadensis,-6.765577467371386e-07
Candidatus Planktophila versatilis,-6.809726420087259e-07
Sediminispirochaeta smaragdinae,-6.917104733217272e-07
Dermatophilus congolensis,-6.920934148224589e-07
Lacinutrix venerupis,-6.925205164654003e-07
Mucinivorans hirudinis,-6.969833043823926e-07
Verrucosispora maris,-7.06591279664437e-07
Rickettsia endosymbiont of Ixodes scapularis,-7.109938661375992e-07
Christensenella sp. Marseille-P3954,-7.136826571274568e-07
Clostridium ljungdahlii,-7.14352646147276e-07
Rhizobium sp. CCGE532,-7.187441985578858e-07
Burkholderia sp. MSMB1588,-7.407152195382238e-07
Brevefilum fermentans,-7.41520161318121e-07
Thermanaerovibrio acidaminovorans,-7.423219043234397e-07
Laribacter hongkongensis,-7.46728155531784e-07
Pseudomonas sp. SWI36,-7.550085290297659e-07
Haloferax mediterranei,-7.551412762207832e-07
Thermobacillus composti,-7.587304437395303e-07
Comamonas kerstersii,-7.593442123532413e-07
Acetobacter pasteurianus,-7.712541743920554e-07
Methanocorpusculum labreanum,-7.768912390515581e-07
Tatumella ptyseos,-7.805916535597035e-07
Rathayibacter tritici,-7.840206747156131e-07
Tenacibaculum maritimum,-7.844266654233323e-07
Aerococcaceae bacterium ZY16052,-7.86950180264867e-07
Alcanivorax xenomutans,-7.997821903193981e-07
Corynebacterium sp. 2184,-8.097340161938859e-07
Rubrobacter radiotolerans,-8.281198150550395e-07
Pseudoalteromonas rubra,-8.328868487117447e-07
Rhodovulum sp. MB263,-8.337047234574513e-07
Nitratifractor salsuginis,-8.342393869043008e-07
Polaribacter sp. MED152,-8.414478995355524e-07
Cyclobacterium amurskyense,-8.45532295223883e-07
Burkholderia pyrrocinia,-8.623654319528384e-07
Chondromyces crocatus,-8.669821895512797e-07
Mycobacterium colombiense,-8.701706546654364e-07
Actinosynnema mirum,-8.705458607538574e-07
Streptomyces hygroscopicus,-8.7632653442693e-07
Serratia sp. FDAARGOS_506,-8.784013140195057e-07
Dehalobacterium formicoaceticum,-8.827868558602958e-07
Thioclava nitratireducens,-8.851188294078938e-07
Komagataeibacter nataicola,-9.221173831619466e-07
Phytobacter sp. SCO41,-9.255856383116879e-07
Gramella forsetii,-9.354622009682955e-07
Roseovarius mucosus,-9.355706010127917e-07
Candidatus Planktophila lacus,-9.368056590464136e-07
Vibrio vulnificus,-9.476842890210335e-07
Brucella sp. 09RB8471,-9.493303967822441e-07
Confluentimicrobium sp. EMB200-NS6,-9.537877363019476e-07
Solibacillus silvestris,-9.61269691401867e-07
Waddlia chondrophila,-9.615858378442255e-07
Flavobacterium branchiophilum,-9.686816215159765e-07
Tenacibaculum dicentrarchi,-9.70148442180907e-07
Dialister sp. Marseille-P5638,-9.79674595114055e-07
Vibrio diabolicus,-9.854370573103567e-07
Sinorhizobium meliloti,-9.901485191532443e-07
Microchaete diplosiphon,-1.0100011167413214e-06
Azospirillum sp. CFH 70021,-1.0100523556655362e-06
Photorhabdus thracensis,-1.010769320242133e-06
Actinomyces sp. Chiba101,-1.0182556664961595e-06
Actinobacillus succinogenes,-1.0229372347625443e-06
Marinobacter hydrocarbonoclasticus,-1.0264861954212278e-06
Dehalogenimonas lykanthroporepellens,-1.0281947968593386e-06
Candidatus Puniceispirillum marinum,-1.0289485790959673e-06
Achromobacter sp. MFA1 R4,-1.0496525886027896e-06
Clostridium cellulovorans,-1.0513344067764053e-06
Pseudomonas agarici,-1.0595353871378776e-06
Deinococcus swuensis,-1.0689911299044397e-06
Yangia sp. CCB-MM3,-1.0731231075755686e-06
Simonsiella muelleri,-1.0880373826127609e-06
Enterobacter roggenkampii,-1.0924040916071575e-06
Corynebacterium falsenii,-1.1018479880497977e-06
Streptomyces sp. 769,-1.105127652811788e-06
Desulfallas gibsoniae,-1.106248534332721e-06
Bacteroides ovatus,-1.1068010781656312e-06
Thermococcus kodakarensis,-1.1156334595918692e-06
Rhodobacter capsulatus,-1.1195883552250762e-06
Corynebacterium stationis,-1.1291343417596523e-06
Treponema brennaborense,-1.133837497691026e-06
Streptomyces pratensis,-1.1387796282402717e-06
Burkholderia sp. CCGE1002,-1.1404404195669572e-06
Obesumbacterium proteus,-1.1412799169274735e-06
Octadecabacter temperatus,-1.1443513389775007e-06
Bacillus butanolivorans,-1.1455716074859624e-06
Mycobacterium virus D29,-1.151826632139752e-06
Flavobacterium sp. HYN0048,-1.1623788985781758e-06
Psychromicrobium lacuslunae,-1.163455402486413e-06
Leptolyngbya sp. O-77,-1.164787064333872e-06
Thermus parvatiensis,-1.1652172279719153e-06
Streptomyces sp. ZFG47,-1.1773198778319839e-06
Bacteroides thetaiotaomicron,-1.2028546210185453e-06
Treponema denticola,-1.2119563486789886e-06
Synechococcus sp. SynAce01,-1.2164215055898709e-06
Gramella sp. SH35,-1.2305812042479047e-06
Algoriphagus machipongonensis,-1.2464493654329444e-06
Bifidobacterium longum,-1.2468851070757126e-06
Rhodococcus sp. PBTS 1,-1.249625775279206e-06
Bacteroides vulgatus,-1.2579195579176528e-06
Clostridium chauvoei,-1.2674565234016555e-06
Dickeya paradisiaca,-1.2681012560022964e-06
Fuerstia marisgermanicae,-1.2706039270726777e-06
Burkholderia sp. IDO3,-1.2917114340149637e-06
Hyphomonas neptunium,-1.2986114951152317e-06
Amycolatopsis orientalis,-1.3037541792826346e-06
Dickeya sp. DW 0440,-1.3070771900158817e-06
Thermus sp. CCB_US3_UF1,-1.3210882569225647e-06
Streptomyces sp. 2323.1,-1.3226427550749874e-06
Amycolatopsis keratiniphila,-1.3246951643619554e-06
Deinococcus irradiatisoli,-1.3274696733178716e-06
Thermus thermophilus,-1.3298079202472835e-06
Croceicoccus naphthovorans,-1.3510873966282588e-06
Komagataeibacter europaeus,-1.3513011196009117e-06
Symbiobacterium thermophilum,-1.3712442505475764e-06
Simplicispira suum,-1.3784356642121409e-06
Saccharophagus degradans,-1.3795628656332327e-06
Yersinia enterocolitica,-1.3817908956825774e-06
Hoeflea phototrophica,-1.3821182283546562e-06
Pannonibacter phragmitetus,-1.3822726459888911e-06
Streptomyces globosus,-1.3870353291034477e-06
Marmoricola scoriae,-1.4011011125303341e-06
Nostoc sp. CENA543,-1.4106129960556046e-06
Hydromonas sp. F02,-1.410644344890244e-06
Brevibacillus laterosporus,-1.4187734565629384e-06
Plantactinospora sp. BB1,-1.4240783184460426e-06
Komagataeibacter medellinensis,-1.4258966758440295e-06
Marichromatium purpuratum,-1.426557021044772e-06
Gardnerella vaginalis,-1.430288745440933e-06
Methylomonas clara,-1.4313649060904154e-06
Leptospira alstonii,-1.4347177135665134e-06
Pseudomonas sp. R1-43-08,-1.4555343099909025e-06
Ottowia oryzae,-1.4597966737639467e-06
Flavonifractor plautii,-1.4615617302204954e-06
Leclercia sp. LSNIH3,-1.4876558404708363e-06
Enterobacteriaceae bacterium strain FGI 57,-1.4897569645233589e-06
Salinibacterium sp. CGMCC 1.16371,-1.491942337694674e-06
Sulfitobacter sp. SK012,-1.4990072126686015e-06
Rhodococcus sp. 008,-1.536588434714048e-06
Cronobacter malonaticus,-1.558406909141219e-06
Aeromonas salmonicida,-1.57667847586751e-06
Mesorhizobium loti,-1.5807089986052959e-06
Chryseobacterium shandongense,-1.5850875733081082e-06
Bacteroides helcogenes,-1.590052269451192e-06
Cyanobium gracile,-1.5904839397506975e-06
Bacillus filamentosus,-1.5910217757930668e-06
Thioalkalivibrio sulfidiphilus,-1.5968670254995487e-06
Serratia sp. 3ACOL1,-1.6107171193269209e-06
Microbacterium sp. BH-3-3-3,-1.6187913565612888e-06
Sinorhizobium medicae,-1.620238220700898e-06
Sagittula sp. P11,-1.649959273275492e-06
Hippea maritima,-1.6751644668744348e-06
Corynebacterium jeikeium,-1.6891883936276387e-06
Chryseobacterium lactis,-1.7017279456243984e-06
Erythrobacter litoralis,-1.7101783815975936e-06
Rhodococcus sp. P1Y,-1.7465875014277544e-06
Kozakia baliensis,-1.7518724321208268e-06
Geoalkalibacter subterraneus,-1.7551925069803075e-06
Clostridium tyrobutyricum,-1.7728997010690862e-06
Gemmobacter sp. HYN0069,-1.781636010678156e-06
Sphingopyxis granuli,-1.792690131363628e-06
Geobacillus subterraneus,-1.8013904253599832e-06
Sulfuriferula sp. AH1,-1.810239163013705e-06
Rhodobacteraceae bacterium,-1.8248046625979342e-06
Pseudomonas psychrotolerans,-1.8339601628669656e-06
Limnochorda pilosa,-1.8461096633393125e-06
Rubrivivax gelatinosus,-1.8466266254346663e-06
Nostoc sp. 'Peltigera membranacea cyanobiont' N6,-1.8641309026845576e-06
Kibdelosporangium phytohabitans,-1.8692467286030023e-06
Methylobacterium brachiatum,-1.8731301787866527e-06
Thiohalobacter thiocyanaticus,-1.8809360204263825e-06
Rhodococcus sp. BH4,-1.8814618540474726e-06
Nonomuraea sp. ATCC 55076,-1.8905080553688336e-06
Persicobacter sp. JZB09,-1.8906032955845475e-06
Congregibacter litoralis,-1.90799127981478e-06
Chelatococcus sp. CO-6,-1.9154448072322695e-06
Marinobacterium aestuarii,-1.915989991774225e-06
Wolinella succinogenes,-1.936663852952769e-06
Gloeobacter kilaueensis,-1.9382304709658625e-06
Oceanicoccus sagamiensis,-1.9418565232243167e-06
Pseudomonas sp. TCU-HL1,-1.9460654156810974e-06
Leptospirillum ferrooxidans,-1.9631637642625323e-06
Micromonospora narathiwatensis,-1.9696223395149202e-06
Exiguobacterium sp. AT1b,-1.9919667502810155e-06
Nitrospira japonica,-1.9933929384041705e-06
Actinopolyspora erythraea,-1.994524751336435e-06
Xylella fastidiosa,-2.045385194415772e-06
Bacillus lentus,-2.085352916858518e-06
Burkholderia cepacia,-2.1418765743241863e-06
Hafnia alvei,-2.1604054456947354e-06
Gramella flava,-2.173367536806303e-06
Altererythrobacter ishigakiensis,-2.178314956569061e-06
Salinicola tamaricis,-2.179637898480635e-06
Delftia sp. Cs1-4,-2.1966290450370353e-06
Agrobacterium rhizogenes,-2.214300595282381e-06
Burkholderia ambifaria,-2.221645194255828e-06
Sphingomonas melonis,-2.224753154256298e-06
Defluviimonas alba,-2.228096046619221e-06
Granulibacter bethesdensis,-2.254842652771316e-06
Desulfotomaculum ruminis,-2.255587877897369e-06
Citrobacter werkmanii,-2.258692546064367e-06
Yoonia vestfoldensis,-2.2666356678024967e-06
Clostridium perfringens,-2.277873748091075e-06
Oceanimonas sp. GK1,-2.3071354855019875e-06
Prosthecochloris sp. CIB 2401,-2.3263863004885366e-06
Tamlana sp. UJ94,-2.3354858277535585e-06
Clostridium scatologenes,-2.336031577265807e-06
Salegentibacter sp. T436,-2.348507249250176e-06
Streptomyces virus TG1,-2.3621593526312877e-06
Streptomyces vietnamensis,-2.3681853997370437e-06
Polynucleobacter acidiphobus,-2.379441013067307e-06
Azospirillum sp. TSH58,-2.3826143556338055e-06
Pseudomonas savastanoi,-2.3891122223895778e-06
Bacteroides salanitronis,-2.4000248121325286e-06
Microbacterium sp. XT11,-2.4140743979605973e-06
Marivivens sp. JLT3646,-2.4221855424277903e-06
Rhodococcus sp. WB1,-2.4462191664742506e-06
Stenotrophomonas sp. ESTM1D_MKCIP4_1,-2.4651714911838597e-06
Gordonibacter pamelaeae,-2.4960764904102818e-06
Syntrophomonas wolfei,-2.508492867603351e-06
Fibrella sp. ES10-3-2-2,-2.560436194465332e-06
Rhodococcus coprophilus,-2.566190849639938e-06
Paracoccus aminophilus,-2.5701893262342067e-06
Roseomonas gilardii,-2.578558732935221e-06
Planctopirus limnophila,-2.5905845666862605e-06
Gloeobacter violaceus,-2.6352593168077478e-06
Micromonospora rifamycinica,-2.642460093760235e-06
Pseudomonas mosselii,-2.6500125487549654e-06
Rhodococcus sp. 2G,-2.65752260948382e-06
Klebsiella quasivariicola,-2.6637608299351357e-06
Mycobacterium leprae,-2.6921010421787627e-06
Methyloceanibacter sp. wino2,-2.7089792739687367e-06
Gordonia sp. YC-JH1,-2.711310619618601e-06
Paenibacillus larvae,-2.7460588760686022e-06
Acidovorax cattleyae,-2.7642787809867286e-06
Lonsdalea britannica,-2.767856534746649e-06
Candidatus Desulforudis audaxviator,-2.7841117137272775e-06
Halomonas hydrothermalis,-2.8290930277119485e-06
Synechococcus sp. KORDI-49,-2.836618497648047e-06
Stappia sp. ES.058,-2.858458339338732e-06
Bifidobacterium bifidum,-2.8727162451058774e-06
Dermabacter vaginalis,-2.8738418392348917e-06
Pimelobacter simplex,-2.890177829817375e-06
Echinicola vietnamensis,-2.9171175502495926e-06
Hydrogenophaga crassostreae,-2.959752057196674e-06
Candidatus Accumulibacter phosphatis,-3.0054506676036043e-06
Phaeobacter sp. LSS9,-3.0183722584897766e-06
Finegoldia magna,-3.0517129309792777e-06
Ralstonia pseudosolanacearum,-3.069838549207837e-06
Polymorphum gilvum,-3.1048469405270395e-06
Edwardsiella tarda,-3.1280398105959505e-06
Gordonia sp. KTR9,-3.1553630160940926e-06
Sulfitobacter pseudonitzschiae,-3.1700445601412495e-06
Hoeflea sp. IMCC20628,-3.171342547547695e-06
Paenalcaligenes hominis,-3.199324257630032e-06
Elizabethkingia meningoseptica,-3.2048787232952236e-06
Verminephrobacter eiseniae,-3.227337614508663e-06
Clostridium sp. MF28,-3.251356486733137e-06
Owenweeksia hongkongensis,-3.2514052556997797e-06
Thioflavicoccus mobilis,-3.2560549994231636e-06
Bradyrhizobium lablabi,-3.2748423804962457e-06
Thermotoga sp. RQ7,-3.308166318549688e-06
Pleurocapsa minor,-3.3309079936927334e-06
Halomonas sp. SF2003,-3.3465975822100093e-06
Paenibacillus riograndensis,-3.3724231852216844e-06
Melaminivora sp. SC2-9,-3.374463912830805e-06
Dechloromonas sp. HYN0024,-3.3858999981761785e-06
Paracoccus sp. CBA4604,-3.3929779778674172e-06
Chryseobacterium gallinarum,-3.40422606774915e-06
Deinococcus wulumuqiensis,-3.426034102882447e-06
Shewanella psychrophila,-3.4463124354511266e-06
Campylobacter gracilis,-3.469255488020018e-06
Pseudonocardia sp. AL041005-10,-3.536470085130361e-06
Ensifer sojae,-3.5740177611653933e-06
Methylobacterium oryzae,-3.5922742744221027e-06
Brucella suis,-3.6673187502556105e-06
Candidatus Phaeomarinobacter ectocarpi,-3.7350219493914594e-06
Cryobacterium arcticum,-3.7646751800624046e-06
Meiothermus silvanus,-3.80602990042167e-06
Terribacillus goriensis,-3.897246969564172e-06
Gordonia polyisoprenivorans,-3.9269593650193e-06
Methylobacterium sp. 17Sr1-1,-3.937813720567007e-06
Microbacterium sp. LKL04,-3.97534874927441e-06
Pseudomonas sp. LG1E9,-3.99626157872035e-06
Gordonibacter massiliensis,-4.02740121772105e-06
Sphingorhabdus sp. YGSMI21,-4.0604282619760564e-06
Halorhabdus tiamatea,-4.083880547889329e-06
Zymobacter palmae,-4.108114312550981e-06
Endozoicomonas montiporae,-4.133278221685188e-06
Pseudomonas sp. ATCC 13867,-4.1796730631649124e-06
Burkholderia sp. MSMB0852,-4.186886251456024e-06
Pseudarcicella sp. HME7025,-4.341914482397513e-06
Nitrosomonas ureae,-4.359321317837228e-06
Mycobacterium avium,-4.425250486250754e-06
Bosea sp. AS-1,-4.434371005324067e-06
Deinococcus soli Cha et al. 2016,-4.48040868741284e-06
Bacillus glycinifermentans,-4.550583371853989e-06
Pectobacterium wasabiae,-4.556987419501724e-06
Ruegeria pomeroyi,-4.615688487064063e-06
Bordetella genomosp. 13,-4.645270505809762e-06
Chryseobacterium balustinum,-4.685278535987436e-06
Moorella thermoacetica,-4.735306637448922e-06
Celeribacter ethanolicus,-4.737234371821053e-06
Anoxybacillus amylolyticus,-4.7828435666197325e-06
Zunongwangia profunda,-4.786811783596967e-06
Acidithiobacillus ferrooxidans,-4.883381496512129e-06
Clostridium pasteurianum,-4.9792360268918754e-06
Desulfovibrio sp. FW1012B,-5.006443839272734e-06
Deinococcus maricopensis,-5.04316125931048e-06
Corynebacterium uterequi,-5.068342328207187e-06
Hymenobacter sp. sh-6,-5.069632925680523e-06
Hyphomicrobium nitrativorans,-5.089689484716331e-06
Acetobacter aceti,-5.097888564575825e-06
Rhodococcus sp. PBTS 2,-5.177879503071025e-06
Pseudomonas sp. R3-52-08,-5.255688059047081e-06
Streptomyces sp. 11-1-2,-5.256650036544741e-06
Oscillatoria nigro-viridis,-5.286913195634568e-06
Stenotrophomonas nitritireducens,-5.29666459030409e-06
Anabaena sp. 90,-5.297563477646428e-06
Geitlerinema sp. PCC 7407,-5.323053080763529e-06
Burkholderia stagnalis,-5.323731742667981e-06
Raoultella planticola,-5.356119998811692e-06
Rahnella sp. Y9602,-5.396066558027712e-06
Paenibacillus sabinae,-5.40508022452979e-06
Desulfococcus multivorans,-5.439090318071216e-06
Polaromonas sp. JS666,-5.482107193888197e-06
Bordetella genomosp. 8,-5.498368690881606e-06
Pseudomonas antarctica,-5.671293308351366e-06
Actinoalloteichus sp. AHMU CJ021,-5.692268602008888e-06
Vogesella sp. LIG4,-5.73039295710398e-06
Streptococcus suis,-5.748477351974479e-06
Arthrobacter sp. YC-RL1,-5.792497645429329e-06
Prauserella marina,-5.810669448291783e-06
Pelagibaca abyssi,-5.86279405832002e-06
Croceicoccus marinus,-6.053293222496592e-06
Paenibacillus sp. 32O-W,-6.059689890247633e-06
Corynebacterium epidermidicanis,-6.103970148485516e-06
Thiomonas sp. X19,-6.140343935667758e-06
Coriobacterium glomerans,-6.150131479709664e-06
Cupriavidus sp. USMAHM13,-6.160953832567983e-06
Sphingorhabdus sp. M41,-6.220548174740159e-06
Microbulbifer aggregans,-6.3239461017383645e-06
Chromobacterium rhizoryzae,-6.36371538988989e-06
Saccharomonospora glauca,-6.427245908868784e-06
Corynebacterium lactis,-6.435626946599271e-06
Xanthomonas axonopodis,-6.495633438796666e-06
Rhizobium sp. Kim5,-6.6594532521557784e-06
Rhodobacteraceae bacterium BAR1,-6.750204438255025e-06
Paracoccus aminovorans,-6.794630531992141e-06
Propionibacterium freudenreichii,-6.892995901863763e-06
Nitrosomonas eutropha,-7.1963107724393184e-06
Acetobacter persici,-7.24302920465103e-06
Altererythrobacter sp. NS1,-7.490959242262285e-06
Glutamicibacter halophytocola,-7.515593086315775e-06
Pseudomonas sp. St29,-7.71334160163395e-06
Pseudomonas avellanae,-7.84721815059175e-06
Thermomicrobium roseum,-7.961481829643625e-06
Pseudomonas sp. R4-39-08,-7.983048047388586e-06
Epibacterium mobile,-8.028294528639179e-06
Porphyrobacter sp. LM 6,-8.069438763125269e-06
Pseudomonas sp. JY-Q,-8.080170468449666e-06
Moraxella osloensis,-8.292016188438112e-06
Lysobacter capsici,-8.419878089238608e-06
Dehalogenimonas formicexedens,-8.451480109861187e-06
Maricaulis maris,-8.470940928217986e-06
Rathayibacter toxicus,-8.546038415935264e-06
Clostridium sp. DL-VIII,-8.638273589389734e-06
Chryseobacterium sp. 6424,-8.682852354668924e-06
Xanthomonas fragariae,-8.96124519085273e-06
Beggiatoa leptomitoformis,-9.15550012812183e-06
Streptomyces lincolnensis,-9.188969742046637e-06
Megasphaera stantonii,-9.234762477805525e-06
Burkholderia latens,-9.396711587972284e-06
Aeromonas hydrophila,-9.479000609302624e-06
Leisingera methylohalidivorans,-9.606478278878505e-06
Enterobacter sp. E20,-9.814552747666738e-06
Marinobacter sp. LQ44,-9.980494952577246e-06
Pseudomonas azotoformans,-1.0039336617717609e-05
Maribacter cobaltidurans,-1.010898180098252e-05
Asticcacaulis excentricus,-1.011312811378673e-05
Pseudonocardia sp. HH130629-09,-1.038124135839258e-05
Methylocystis bryophila,-1.0471610238038664e-05
Vibrio campbellii,-1.0677285299198758e-05
Pseudogulbenkiania sp. NH8B,-1.0781923166591767e-05
Bifidobacterium asteroides,-1.0977852594717952e-05
Rhodococcus sp. H-CA8f,-1.1182944744914103e-05
Pseudomonas sp. R2-60-08W,-1.1550013440797535e-05
Lentzea guizhouensis,-1.1550889827760535e-05
Burkholderia contaminans,-1.1853207193768256e-05
Halanaeroarchaeum sulfurireducens,-1.1865380988829166e-05
Clostridium saccharobutylicum,-1.192609041160697e-05
Nocardioides sp. CF8,-1.2055181425285611e-05
Enterobacter sp. R4-368,-1.2088226299744597e-05
Leptospirillum ferriphilum,-1.2180630847002937e-05
Pseudomonas sp. PONIH3,-1.2318196407568038e-05
Roseobacter litoralis,-1.3171976944059693e-05
Pseudomonas extremorientalis,-1.3411111066807812e-05
Nocardiopsis gilva,-1.351292297668838e-05
Burkholderia pseudomultivorans,-1.3782278236473821e-05
Pontibacter akesuensis,-1.382320193938913e-05
Psychromonas ingrahamii,-1.3900129036148456e-05
Mycobacterium paraintracellulare,-1.4011098406507827e-05
Burkholderia multivorans,-1.411636239894154e-05
Hoyosella subflava,-1.4283545940108056e-05
Petrimonas mucosa,-1.431534621727515e-05
Melittangium boletus,-1.4326378735840529e-05
Humibacter sp. BT305,-1.4505996227898165e-05
Microvirga sp. 17 mud 1-3,-1.4914175580615919e-05
Nostoc sp. PCC 7524,-1.5085695431804603e-05
Pandoraea faecigallinarum,-1.5368959416917073e-05
Streptomyces scabiei,-1.5377370212643628e-05
Gillisia sp. Hel1_33_143,-1.5528913308382465e-05
Acidobacteriaceae bacterium SBC82,-1.5622228803158224e-05
Rhizobium sp. TAL182,-1.56964909975299e-05
Methylobacterium radiotolerans,-1.6296588000308533e-05
Mycolicibacterium vanbaalenii,-1.6497669567905326e-05
Paracoccus denitrificans,-1.6575922481720795e-05
Enterobacteriaceae bacterium w17,-1.6748277006461974e-05
Clostridium tetani,-1.7586953245984915e-05
Prevotella denticola,-1.8638313811147888e-05
Sphingobium sp. YBL2,-1.8779370186816637e-05
Cohaesibacter sp. ES.047,-1.893825028127516e-05
Burkholderia dolosa,-1.934674248458279e-05
Halomonas sp. hl-4,-2.00526537708523e-05
Pandoraea vervacti,-2.011693390056024e-05
Pseudomonas sihuiensis,-2.0636477925184417e-05
Acetobacter pomorum,-2.108068151756015e-05
Thalassospira marina,-2.2030708469089612e-05
Chelatococcus daeguensis,-2.308229231251513e-05
Borrelia hermsii,-2.3588689254872007e-05
Euzebyella marina,-2.527895154225135e-05
Treponema pallidum,-2.8200892562946223e-05
Bosea sp. PAMC 26642,-2.8795993157904042e-05
Pseudomonas prosekii,-2.8900228965000884e-05
Lysobacter enzymogenes,-2.9486603677808532e-05
Streptomyces collinus,-2.9611781621663448e-05
Mycolicibacterium goodii,-2.9953307185315304e-05
Granulicella tundricola,-3.232274191005136e-05
Kosakonia radicincitans,-3.2532072595703455e-05
Corynebacterium singulare,-3.291595452814544e-05
Weeksella virosa,-3.421008343964527e-05
Streptomyces sp. CCM_MD2014,-3.521134645241286e-05
Acidovorax sp. RAC01,-3.627132149006673e-05
Streptomyces lunaelactis,-3.752741098395074e-05
Sphingopyxis alaskensis,-3.947956120138318e-05
Pseudomonas sp. S-6-2,-4.2488475111790436e-05
Corynebacterium marinum,-4.489438046972882e-05
Serratia ficaria,-5.073017605505825e-05
Acidovorax ebreus,-5.293197038964692e-05
Aeromicrobium sp. 592,-5.314191825542824e-05
Bacillus halodurans,-5.5953733860603096e-05
Hydrogenophaga sp. RAC07,-5.857164410620897e-05
Pseudomonas koreensis,-7.752307433770423e-05
