feature,importance
Mycobacterium haemophilum,0.034262158139509634
Homo sapiens,0.022615356106957262
Paenibacillus sp. JDR-2,0.018525285437997696
Bradyrhizobium sp. WSM471,0.014630753069537383
Opitutus sp. GAS368,0.014263842109689406
Mycobacterium marseillense,0.012715834786558734
chem__K (Mehlich 1 mg/kg dry weight),0.010461375180020526
Clostridium botulinum,0.0099358363446445
Actinoplanes teichomyceticus,0.009125193361796891
soil_NO3,0.009068840533728095
Rahnella sp. ERMR1:05,0.00884510277783277
Jiangella sp. DSM 45060,0.008278956098097923
Mycobacterium tuberculosis,0.007842107119057907
Pseudomonas lini,0.007251922717806725
Massilia sp. WG5,0.007249243448554465
Pantoea agglomerans,0.007113230699387185
Paenibacillus polymyxa,0.006682933247699574
Streptomyces virus phiBT1,0.0065840824555037925
Pseudomonas frederiksbergensis,0.006519234946056241
Terriglobus roseus,0.006500270686914967
Bradyrhizobium sp.,0.006138676399355369
Kutzneria albida,0.00572284638480427
Cupriavidus pauculus,0.005633631433463182
Escherichia coli,0.005313661322523045
Streptomyces virus TG1,0.005172875478066686
denit__Rate (microgN/kilogram dry weight soil/day),0.005145688636368662
Streptomyces virus phiC31,0.005077147575256502
Pseudomonas sp. UW4,0.0050074954227245835
Sphingobacteriaceae bacterium GW460-11-11-14-LB5,0.004860643881088977
Bosea vaviloviae,0.004566552016789238
Streptosporangium sp. 'caverna',0.004518157075899243
Mycolicibacterium litorale,0.004414161235114756
Rhodococcus erythropolis,0.004282428997572363
Streptomyces virus Zemlya,0.004196662607103852
Haloarcula hispanica,0.004093627257949128
Erwinia billingiae,0.004072337642731782
psize__Soil Sand Content %,0.003954359913581107
Streptomyces sp. SCSIO 03032,0.003695586772589321
Amycolatopsis mediterranei,0.0036247714890379036
chem__P (Mehlich 1 mg/kg dry weight),0.0035030636716141482
Cupriavidus metallidurans,0.0034739916151534933
Bradyrhizobium sp. S23321,0.003381447940179849
Bacillus thuringiensis,0.0033641349431894783
Paenibacillus sp. FSL R5-0345,0.0033217436549962676
Bradyrhizobium icense,0.0030223769065898854
Microbacterium pygmaeum,0.0029983154283940382
Lentzea guizhouensis,0.002980757780180343
Streptacidiphilus sp. DSM 106435,0.00279410151345314
Paenibacillus borealis,0.002764813013913514
Pseudarthrobacter equi,0.002758134374079302
Bradyrhizobium diazoefficiens,0.0027479390270017225
Actinoalloteichus sp. GBA129-24,0.002707330728156254
Bacillus licheniformis,0.0026026028494941177
Nakamurella multipartita,0.0025593824464211546
Stenotrophomonas sp. LM091,0.002522744059962667
Allokutzneria albata,0.002480265163082862
moist__Replicate 1 Mass Water / Mass Dry Soil %,0.002413305730730042
psize__Soil Clay Content %,0.002409755038267325
Halomonas sp. JS92-SW72,0.0024007611710224587
Serratia proteamaculans,0.002385190524357128
Pseudarthrobacter chlorophenolicus,0.0022967494937304656
soil_total_C,0.0022936193054705623
chem__Mg (Mehlich 1 mg/kg dry weight),0.0022412005608302144
Mycobacterium colombiense,0.00222473965462211
Bacillus muralis,0.0021586813713980746
soil_total_N,0.0020411054446222154
Pseudomonas sp. bs2935,0.0020096180150534827
Streptomyces cattleya,0.0019025491759065982
Serratia plymuthica,0.001898895403115608
Sedimentisphaera salicampi,0.0018667445426154394
Pantoea vagans,0.0018578778896956249
Singulisphaera acidiphila,0.001815547254243577
Shewanella oneidensis,0.0018063268357789263
Bacillus subtilis,0.001797618425037406
Thermobispora bispora,0.0017887492262169014
Buttiauxella sp. 3AFRM03,0.0017566230140678707
psize__Soil Silt Content %,0.0017390488841199092
Stenotrophomonas rhizophila,0.0017368359166797908
chem__LBCeq (mg/kg CaCO3/pH dry weight),0.0017267982324953746
nitrif__Rate (mg NO3-N/kilogram dry weight soil/day),0.001725588698598579
chem__Mn (Mehlich 1 mg/kg dry weight),0.0016927502447935839
Candidatus Desulfofervidus auxilii,0.0016445848806771358
Thiomicrospira cyclica,0.0016416124936629918
Pseudomonas sp. GR 6-02,0.0016289551630014776
Paenibacillus glucanolyticus,0.00159928591574634
Brucella suis,0.0015850165799622617
Pseudomonas putida,0.0015787499744754907
Actinomadura amylolytica,0.0015730517981924707
Gordonia phage GMA4,0.0015597266420709134
Chryseobacterium lactis,0.0015212079040943572
Acetobacter pomorum,0.0014983455158508407
Bacillus cereus,0.001496757199677523
Alcanivorax sp. NBRC 101098,0.001440446093821035
Ralstonia solanacearum,0.0014105963925761245
Kitasatospora sp. MMS16-BH015,0.0014034285705598836
Mycobacterium avium,0.00140063292621333
Streptomyces virus R4,0.0013930417807870965
Terriglobus saanensis,0.0013456344260394993
Candidatus Protochlamydia amoebophila,0.0013177886354072354
Mycobacterium intracellulare,0.001315852418524055
Serratia sp. JKS000199,0.0013061168747840134
Pelosinus fermentans,0.0012738922678924513
Actinoplanes derwentensis,0.0012555189966477753
Actinoplanes friuliensis,0.0012550115746373658
Mycolicibacterium vanbaalenii,0.0012418091357470074
Pseudomonas arsenicoxydans,0.001209071796277783
Agrobacterium tumefaciens,0.0011870582320304469
Cupriavidus oxalaticus,0.0011863452798679397
Streptococcus thermophilus,0.0011724746326647884
Paraburkholderia phytofirmans,0.001172396664291231
Mycobacterium sp. djl-10,0.0011720387243794096
Agrobacterium fabrum,0.001165645809935323
Agromyces sp. 30A,0.001162491203571836
Mycobacterium canettii,0.0011564568837099999
Streptomyces sp. CC0208,0.0011497863989508694
Rahnella aquatilis,0.0011437729488263271
Mycobacterium sp. EPa45,0.00113728209679429
Klebsiella aerogenes,0.0011338705574686526
Paenibacillus donghaensis,0.0011306707715492026
Granulicella tundricola,0.001102682446066794
Arthrobacter sp. U41,0.0010962032125877651
Mesorhizobium loti,0.0010911737377848451
Paenibacillus sp. FSL P4-0081,0.0010715353463377265
Phyllobacterium zundukense,0.0010434511517589452
Massilia putida,0.0010323835834666895
Caulobacter segnis,0.0010273694561735436
Caulobacter flavus,0.0010256904498283648
Paraburkholderia aromaticivorans,0.00102466315445231
Neisseria weaveri,0.0010096852044869432
Kitasatospora setae,0.0010039940773969524
Herbaspirillum sp. meg3,0.0009919007856591833
Streptomyces sp. TLI_053,0.0009885707394293286
Pseudonocardia sp. HH130630-07,0.0009876468968898823
Granulicella mallensis,0.0009751556913696558
Pelosinus sp. UFO1,0.0009691254658094506
Novosphingobium resinovorum,0.0009627445780864274
Pseudomonas protegens,0.0009594891856120613
Bradyrhizobium sp. CCGE-LA001,0.0009531240602441704
Paenibacillus sp. FSL R5-0912,0.0009501213751847537
Pseudomonas oryzae,0.0009452704979079574
Xanthomonas citri,0.0009305028917498293
Luteibacter rhizovicinus,0.0009304241674728209
Bradyrhizobium sp. 2 39S1MB,0.0009270914077682102
Raoultella planticola,0.0009229155962460877
Halomonas campaniensis,0.0009066600995021323
Streptomyces sviceus,0.0008736888140558951
Paenibacillus xylanexedens,0.000866173085695765
Rhizobium leguminosarum,0.000866090883301096
Modestobacter marinus,0.000860997757322779
Bacillus megaterium,0.0008555615863579336
Cupriavidus basilensis,0.0008522185419925332
Streptomyces phage phiHau3,0.000851011282576053
Kitasatospora aureofaciens,0.0008429992334394009
Actinoplanes sp. N902-109,0.0008248853715016713
Pseudomonas umsongensis,0.0008209328896549905
Streptomyces atratus,0.0008203324590006167
Pseudonocardia sp. HH130629-09,0.0008187486305115454
Herbaspirillum hiltneri,0.0008148782663137011
Corynebacterium callunae,0.0008114504659316735
Geodermatophilus obscurus,0.0008060218747575343
Pseudomonas sp. URMO17WK12:I11,0.0008006471668550397
Weeksella virosa,0.0007980618096873115
Lactobacillus delbrueckii,0.0007916193095694579
Bradyrhizobium sp. ORS 3257,0.0007909010593190712
soil_pH,0.0007852424602388108
chem__Zn (Mehlich 1 mg/kg dry weight),0.0007798637124044161
Bacillus butanolivorans,0.0007790742300779252
Collimonas fungivorans,0.0007787915740707696
Streptomyces sp. CNQ-509,0.0007753317684915162
Acidobacterium capsulatum,0.0007730420937544169
Paenibacillus sp. FSL H7-0737,0.0007720296972282048
Corynebacterium diphtheriae,0.0007609472070154499
Burkholderia sp. PAMC 26561,0.0007596026188627869
Pseudomonas monteilii,0.000758900663509987
Chryseolinea sp. KIS68-18,0.000754881481462144
Afipia sp. GAS231,0.0007515348261084131
Amycolatopsis sp. BJA-103,0.0007378958319026907
Caulobacter henricii,0.0007338369868687078
Mycolicibacterium rhodesiae,0.0007297617520687805
Mucilaginibacter mallensis,0.0007280108059366075
Caulobacter mirabilis,0.000726661324247635
chem__LBC (mg/kg CaCO3/pH dry weight),0.0007239225769365198
Pedobacter heparinus,0.0007227496634077512
Sulfurihydrogenibium sp. YO3AOP1,0.0007175950891549654
Mucilaginibacter gotjawali,0.0007103843541518051
Novosphingobium sp. P6W,0.0007025783856146051
Streptomyces griseorubiginosus,0.0006975821998593146
Streptomyces lincolnensis,0.0006958118120078849
Pseudomonas mandelii,0.0006950091728194607
Janthinobacterium sp. 1_2014MBL_MicDiv,0.0006808045005719076
Lactobacillus crispatus,0.0006805685679383888
Streptomyces phage phiSASD1,0.0006799999190076455
Wolbachia endosymbiont of Brugia malayi,0.0006770434369279376
Burkholderia sp. HB1,0.0006758497015914022
Candidatus Paracaedibacter acanthamoebae,0.0006755337383678838
Pseudomonas sp. K2W31S-8,0.0006739101430114136
Paenibacillus naphthalenovorans,0.0006664322657758736
Thermotoga maritima,0.0006653127666143011
Mycolicibacter sinensis,0.0006620495650322411
Helicobacter pylori,0.0006597751953385522
Streptomyces sp. CMB-StM0423,0.0006551874341478081
Cytophagales bacterium TFI 002,0.000651833400629287
Chryseobacterium bernardetii,0.0006486374469275802
Nostoc sp. 'Peltigera membranacea cyanobiont' N6,0.0006394742803682129
Paraburkholderia hospita,0.0006392884143622713
Massilia violaceinigra,0.0006392342980844345
Pseudonocardia sp. AL041005-10,0.0006359664323846381
Arthrobacter sp. FB24,0.0006294409905333697
Rhodococcus sp. H-CA8f,0.0006221281264708667
Pseudomonas sp. LAB-08,0.0006171204598641511
Acidobacteriaceae bacterium SBC82,0.0006161527139449064
Micromonospora inositola,0.0006151564879512738
Alcanivorax borkumensis,0.0006142909109400519
Rufibacter sp. DG31D,0.0006142154067051875
Mucilaginibacter sp. BJC16-A31,0.0006127836601641734
Bradyrhizobium lablabi,0.0006123392863692789
Pantoea ananatis,0.0006117752285353494
Bacillus simplex,0.0006091898234523496
Streptomyces avermitilis,0.0006043710502137811
Rhizobium phage RHEph10,0.0005984177310332184
Leclercia adecarboxylata,0.0005980528564992094
Pseudomonas lurida,0.0005972971996031972
Mycobacterium kansasii,0.0005972118015873829
Ignicoccus hospitalis,0.0005926921362683135
Pseudomonas psychrotolerans,0.0005888034237273576
Polaromonas sp. SP1,0.0005875431912785167
Clostridium beijerinckii,0.0005870494988943431
Pseudoflavitalea sp. 5GH32-13,0.0005845183527130038
Kosakonia cowanii,0.0005828627574888002
Bradyrhizobium japonicum,0.0005803184512011006
Xanthomonas hortorum,0.0005687713237314318
Paludisphaera borealis,0.0005614478657486321
Pandoraea sputorum,0.0005596833449553306
Bacillus sp. FJAT-18017,0.00055968038932237
Verrucosispora maris,0.0005593754730313316
Pasteurella multocida,0.0005561660894280118
Chryseobacterium sp. T16E-39,0.0005560413007150711
Sphingomonas sp. LM7,0.0005518545924061869
Nocardia terpenica,0.0005518003876400224
Micromonospora sp. L5,0.0005488320577202943
Yersinia pestis,0.0005479696100479048
Flavobacterium sp. CJ74,0.0005438940655627222
Amycolatopsis methanolica,0.0005366460204895062
Xanthomonas perforans,0.0005366223875718168
Streptomyces katrae,0.0005359241283649618
Synechococcus sp. PCC 7502,0.0005346170389723293
soil_NH4,0.0005310679771914906
Mycobacterium shigaense,0.000529190173127736
Burkholderia insecticola,0.0005283870834601023
Enterobacter cloacae complex sp. FDA-CDC-AR_0132,0.000526692671530804
Streptomyces virus Caliburn,0.0005219909410770773
Pseudonocardia sp. EC080619-01,0.0005148791805067665
Pseudonocardia sp. EC080625-04,0.0005099847407514346
Caulobacter vibrioides,0.0005093755213465334
Pseudomonas fragi,0.0005064519606691409
Paraburkholderia terricola,0.0005055231440925124
Rhizobium favelukesii,0.0005050442925564891
Bradyrhizobium sp. BTAi1,0.000500555260716018
Streptomyces sp. S8,0.0004997703332972447
Pseudomonas sp. S09G 359,0.0004979873229666642
Herbaspirillum seropedicae,0.0004966300622515574
Pandoraea thiooxydans,0.0004963161625184398
Mucilaginibacter sp. HYN0043,0.0004944096239279716
Streptomyces sp. CLI2509,0.0004910207462220483
Mycobacterium sp. YC-RL4,0.0004908055235702368
Shimwellia blattae,0.0004897042554661724
Pedobacter sp. eg,0.0004887190799978347
Pandoraea norimbergensis,0.00048528508986482865
Pseudomonas resinovorans,0.0004852453651617683
Amycolatopsis sp. AA4,0.00048469823537118374
Streptomyces sp. 4F,0.0004833380453845404
Mitsuaria sp. 7,0.00048187892143602973
Sphingopyxis terrae,0.0004810092575904701
Pseudopedobacter saltans,0.0004787541387101024
Paenibacillus odorifer,0.00047707184741669907
Methanosarcina mazei,0.0004769410027395837
Mycobacterium paragordonae,0.00047631393129479174
Alcanivorax sp. N3-2A,0.00047293171895732564
Nocardioides sp. 78,0.0004672326251627723
Pectobacterium carotovorum,0.0004643773870254275
Sphingobium sp. RAC03,0.00046356925969508466
Methylotenera versatilis,0.00046194263021885894
Burkholderia sp. YI23,0.0004597460431112088
Brenneria goodwinii,0.00045880864596501423
Pseudomonas aeruginosa,0.00044866244083714425
Acinetobacter sp. ADP1,0.0004473305174225839
Mycobacterium sp. MS1601,0.0004454449220486323
Mycobacterium paraintracellulare,0.00044477294958162884
Enterobacter cancerogenus,0.0004445628905721755
Herbaspirillum robiniae,0.0004360661424193557
Variovorax boronicumulans,0.0004337586841723029
Bradyrhizobium sp. SK17,0.00043126689407710914
Barnesiella viscericola,0.00042796159356119914
Parabacteroides sp. CT06,0.00042464415571414894
Thermosynechococcus sp. NK55a,0.0004226303126776187
Citrobacter koseri,0.0004224920772294416
Pseudomonas sp. NC02,0.00042248169339946794
Paraburkholderia caledonica,0.00042108021717788267
Streptomyces cyaneogriseus,0.0004196978102785964
Pseudomonas extremaustralis,0.0004196675426453078
Mycolicibacterium vaccae,0.000419620516265673
Pseudomonas koreensis,0.0004173783273095255
Nakamurella panacisegetis,0.0004170111337365778
Acinetobacter calcoaceticus,0.00041526860716758487
Cellulosimicrobium cellulans,0.00041405802980938323
Mucilaginibacter sp. PAMC 26640,0.0004134973413394416
Grimontia hollisae,0.00041216018794234535
Polaromonas sp. JS666,0.00041215954228088767
Pseudomonas cerasi,0.0004038751173665034
Actinopolymorpha singaporensis,0.00040223465141964176
Bacillus pseudomycoides,0.00039614029956915877
Mannheimia haemolytica,0.00039529463680081366
Burkholderiales bacterium GJ-E10,0.0003941627509854717
Streptomyces virus Amela,0.0003907483559664637
Burkholderia sp. PAMC 28687,0.0003903905021166443
Burkholderia sp. KK1,0.00039002275007926634
Chryseobacterium sp. IHB B 17019,0.0003897900854012537
Lacinutrix sp. Bg11-31,0.0003896469549238502
Sphingomonas panacis,0.00038737981653471645
Pseudomonas fluorescens,0.0003861460419090523
Corynebacterium kroppenstedtii,0.00038016389036483745
Massilia sp. NR 4-1,0.00037958185152895394
Acidovorax sp. KKS102,0.0003768517504016744
Streptomyces alboflavus,0.0003752505485789648
Phenylobacterium sp. HYN0004,0.0003750020493587192
Collimonas pratensis,0.00037386930072969005
Rhodoferax koreense,0.0003729201498688051
Sphingobium yanoikuyae,0.0003701501366660365
Burkholderia pseudomallei,0.00036892753872455055
Steroidobacter denitrificans,0.0003688019122869646
Lysobacter capsici,0.0003679190291650425
Burkholderia sp. Bp7605,0.0003673388872145189
Mycolicibacterium hassiacum,0.00036711368240687213
Pseudomonas sp. XWY-1,0.00036471382336868976
Sphingomonas sp. LK11,0.0003616809227838136
Burkholderia sp. OLGA172,0.00035446986776228596
Curtobacterium pusillum,0.0003541091079581893
Lysobacter gummosus,0.0003524444709096519
Luteitalea pratensis,0.00035182797639294884
Catenulispora acidiphila,0.0003512361445220824
Mycolicibacterium thermoresistibile,0.00035116967473713956
Pseudomonas brassicacearum,0.0003510311006615474
Mycolicibacterium aurum,0.00034897643549902657
Streptomyces sp. RTd22,0.00034285883255855685
Sphingobium hydrophobicum,0.00034230921713156447
Geobacter uraniireducens,0.00034201949637284733
Pedobacter sp. G11,0.00034122152439350904
Pseudomonas phage phiPsa374,0.00034041828766870894
Nostoc punctiforme,0.0003389605093463199
Chryseobacterium balustinum,0.0003365037585508768
Serratia sp. SCBI,0.0003350136138600135
Acidovorax sp. 1608163,0.00033173224877880436
Paenibacillus sp. FSL H7-0357,0.0003310109491599045
Candidatus Solibacter usitatus,0.00032984974356804476
Pseudomonas kribbensis,0.0003255152457924737
Candidatus Amoebophilus asiaticus,0.0003248903077766929
Streptomyces vietnamensis,0.000323792592895078
Burkholderia anthina,0.00032352883723014704
Flavobacterium sp. HYN0059,0.0003213601703912827
Mycobacterium liflandii,0.00032132617745808114
Azotobacter chroococcum,0.0003201483217446066
Bradyrhizobium ottawaense,0.0003200735294422108
Bradyrhizobiaceae bacterium SG-6C,0.00031927279512553584
Lacunisphaera limnophila,0.0003183851457680964
Nostoc sphaeroides,0.00031804311727658965
Rhizobium sp. NXC24,0.000315608645856158
Bordetella bronchialis,0.0003147141359389094
Stenotrophomonas sp. ZAC14A_NAIMI4_1,0.0003135363503483868
Xanthomonas albilineans,0.00031049806571881167
Pseudomonas sp. s211(2017),0.000310427345623987
Salmonella enterica,0.00030884279259670857
Bradyrhizobium sp. 3 85S1MB,0.00030879465917632576
Pseudoxanthomonas suwonensis,0.0003075668057622716
Streptomyces lividans,0.0003074724168465437
Massilia oculi,0.0003069700426241662
Paraburkholderia sprentiae,0.0003067645027176713
Stenotrophomonas maltophilia,0.0003058775503381739
Sphingobium baderi,0.0003050757317704988
Paraburkholderia fungorum,0.00030370479891335124
Sphingobium japonicum,0.00030252883108372597
Paenarthrobacter aurescens,0.00030164241351597897
Finegoldia magna,0.0002984749188102764
Rhizobium sp. 11515TR,0.00029483861134236287
Streptomyces sp. PAMC 26508,0.0002941333907902521
Rhodanobacter denitrificans,0.00029352654475254256
Streptomyces xinghaiensis,0.0002918444999167713
Mycobacterium sp. JS623,0.0002915552404979538
Rhizobium sp. NXC14,0.00028708929732967903
Xanthomonas euvesicatoria,0.00028680688294433485
Kitasatospora albolonga,0.0002848787011606957
Herminiimonas arsenicoxydans,0.00028464634922082955
Micromonospora krabiensis,0.0002841326039547898
Polynucleobacter duraquae,0.000283715834579179
Pseudomonas sp. 31-12,0.000281363544167923
Nitrospira moscoviensis,0.00028120180137385374
[Polyangium] brachysporum,0.0002809647828911022
Bacillus oceanisediminis,0.000279395049489195
Mycolicibacterium rutilum,0.00027834000593265353
Paraburkholderia terrae,0.0002783029827747141
Candidatus Koribacter versatilis,0.00027343395295085224
Friedmanniella sagamiharensis,0.00027193271020087284
Micromonospora narathiwatensis,0.000271694332481176
Arthrobacter sp. QXT-31,0.0002715101897209804
Pseudoxanthomonas spadix,0.000271322308356492
Enterobacter hormaechei,0.00027054835584776614
Thermobifida fusca,0.00026692409174728927
Lelliottia sp. WB101,0.00026675022934707915
Mycobacterium sp. WY10,0.00026540026233963233
Mesorhizobium opportunistum,0.0002646737392634657
Microbacterium sp. BH-3-3-3,0.00026430895918136963
Nostoc sp. 'Lobaria pulmonaria (5183) cyanobiont',0.0002630458487259624
Pseudomonas sp. TMW 2.1634,0.00026237144371892284
Actinobacillus succinogenes,0.00026152980112108536
Sphingomonas sp. MM-1,0.00026143691799338507
Arthrobacter sp. PGP41,0.00026087784802446555
Bifidobacterium indicum,0.0002608525515899629
Burkholderia mallei,0.0002602105160466772
Candidatus Accumulibacter phosphatis,0.00025938848313420413
Klebsiella quasivariicola,0.00025808329652472485
Renibacterium salmoninarum,0.0002574250789615817
Ramlibacter tataouinensis,0.0002571297188128874
Nocardiopsis alba,0.00025702263108497994
Mucilaginibacter paludis,0.0002552708501754264
Pseudomonas sp. LTJR-52,0.0002546426771831145
Bordetella bronchiseptica,0.0002542346095304682
Alcaligenes faecalis,0.00024762103634856647
Myroides odoratus,0.00024647485462219175
Streptomyces globisporus,0.00024385678785550092
Streptomyces dengpaensis,0.00024372982009650545
Parabacteroides distasonis,0.0002435366776499137
Caulobacter sp. K31,0.00024350728058317728
Zhihengliuella sp. ISTPL4,0.0002430125114953441
Paucimonas lemoignei,0.00024285949986708745
Flavobacterium sp. HYN0048,0.0002417323729873244
Janthinobacterium sp. Marseille,0.00024010927785249602
Aeromonas media,0.0002395050678499544
Achromobacter sp. B7,0.00023941993642786485
Bacillus sp. 1NLA3E,0.00023888675294578832
Mycobacterium sp. VKM Ac-1817D,0.00023837367504533357
Nonomuraea sp. ATCC 55076,0.00023813368982965598
Sinomonas atrocyanea,0.00023674271371310063
Gramella sp. MAR_2010_147,0.00023569215116323595
Sulfurospirillum cavolei,0.00023425705032735776
Serratia marcescens,0.00023274421261849644
Methylobacillus flagellatus,0.00023242382173032093
Gillisia sp. Hel1_33_143,0.0002320435966203016
Hafnia alvei,0.00023067504093270407
Burkholderia ambifaria,0.00023016723484394763
Kangiella profundi,0.00022955445685244325
Brevundimonas diminuta,0.00022860424786490529
Frondihabitans sp. PAMC 28766,0.00022798175724860758
Bacillus halodurans,0.00022726478267518502
Pseudomonas sp. StFLB209,0.00022649616860677125
Nostoc flagelliforme,0.00022608236580521358
Streptomyces sp. SM17,0.00022323644079864647
Phycicoccus dokdonensis,0.00022161223602854552
Streptomyces sp. ICC1,0.00022065108593665171
chem__Ca (Mehlich 1 mg/kg dry weight),0.00022043221604512998
Methylovorus sp. MP688,0.00021980369243406183
Streptomyces sp. 3211,0.0002183853739111674
Streptomyces coelicolor,0.00021795601343546078
Streptomyces formicae,0.00021724384165267008
Castellaniella defragrans,0.0002169816482584519
Streptomyces griseochromogenes,0.00021690342160345376
blood disease bacterium A2-HR MARDI,0.0002154438841978523
Streptomyces virus Sujidade,0.00021522847644726007
Burkholderia sp. RPE67,0.00021501658248843648
Pseudoalteromonas rubra,0.00021456776532773335
Streptomyces sp. Z022,0.00021327461213989097
Stenotrophomonas sp. MYb57,0.00021322330193884742
Pseudarthrobacter phenanthrenivorans,0.00021099583145602895
Pandoraea oxalativorans,0.00020754306840178315
Burkholderia sp. CCGE1001,0.00020744589915817625
Cystobacter fuscus,0.0002062068361871061
Burkholderia sp. CCGE1003,0.0002058679829609611
Pseudomonas libanensis,0.00020554389850686584
Cupriavidus pinatubonensis,0.00020528757824220812
Chryseobacterium carnis,0.00020503484854890176
Chryseobacterium indoltheticum,0.00020335087461376133
Tokyovirus A1,0.00020270331865401836
Novosphingobium pentaromativorans,0.00020230452988598824
Sphingobacterium sp. G1-14,0.00020218994098859523
Acinetobacter lactucae,0.00020218763695019072
Streptomyces sampsonii,0.000202014958661767
Ochrobactrum sp. A44,0.00020193056175181744
Streptomyces sp. CdTB01,0.00020190938981323736
Bartonella quintana,0.00020145973023950604
Pseudomonas pseudoalcaligenes,0.00020042248822003118
Roseateles depolymerans,0.00019913010923426898
Rhizobium sp. NT-26,0.0001989982000178081
Acidiphilium cryptum,0.00019744702564823414
Bacillus gobiensis,0.000194808003940361
Bradyrhizobium sp. ORS 285,0.00019297313425654662
Neorhizobium galegae,0.00019266380034019815
Mesorhizobium huakuii,0.00019204716021008482
Sphingobium sp. YG1,0.0001920327357793905
Geobacter anodireducens,0.00019197028359887457
Azospirillum sp. CFH 70021,0.00019123121413207046
Dickeya dianthicola,0.00019122125723050054
Brevibacillus laterosporus,0.0001907026206907636
Hydrogenophaga sp. RAC07,0.0001905114912875261
Flavobacterium johnsoniae,0.0001898811855671312
Elizabethkingia anophelis,0.0001892951507548979
Mesorhizobium japonicum,0.00018918854759293336
Ochrobactrum anthropi,0.00018819387496826767
Dickeya chrysanthemi,0.00018712988055069602
Cyanothece sp. PCC 7822,0.00018704200051276044
Pseudomonas moraviensis,0.00018691928401159963
Streptomyces pristinaespiralis,0.00018643749291495925
Burkholderia gladioli,0.00018609677989707142
Sphingomonas sp. YZ-8,0.00018599052241736748
Pseudovibrio sp. FO-BEG1,0.0001856350789639194
Simkania negevensis,0.00018489329071271765
Streptomyces sp. GBA 94-10,0.00018417886634780611
Methylomonas denitrificans,0.0001837555223839882
Enterobacter cloacae complex sp. FDA-CDC-AR_0164,0.00018349896040572577
Ensifer adhaerens,0.00018287811873098913
Alteromonas australica,0.00018249138833352773
Desulfobacterium autotrophicum,0.00018122437522378744
Flavobacterium arcticum,0.00018109355856719134
Pedobacter ginsengisoli,0.00018073503292610483
Cupriavidus necator,0.00017987172825590926
Chryseobacterium glaciei,0.00017981532418474
Pseudomonas sp. R4-34-07,0.00017957731387021613
Chromobacterium sp. IIBBL 112-1,0.00017823634533198351
Streptomyces bacillaris,0.0001778400452599138
Salegentibacter sp. T436,0.00017782827965509007
Streptomyces sp. HNM0039,0.00017739207409794844
Filimonas lacunae,0.0001771600328627887
Salinibacter ruber,0.00017687059278654883
Clostridium pasteurianum,0.00017657116884728374
Aminobacter sp. MSH1,0.00017616592496234597
Bacillus sonorensis,0.00017551829856743417
Blastococcus saxobsidens,0.0001755053290206865
Methylobacterium brachiatum,0.00017437393962351777
Burkholderia dolosa,0.00017435938334187107
Pseudomonas cichorii,0.00017404134699459118
Comamonas aquatica,0.00017391741781760394
Streptococcus suis,0.00017316318216908932
Niveispirillum cyanobacteriorum,0.00017293246303091704
Nocardioides sp. CF8,0.00017286394691049534
Micromonospora sp. B006,0.00017281646504230253
Pseudomonas reinekei,0.0001724435729846485
Streptosporangium roseum,0.00017208661648613344
Cronobacter dublinensis,0.00017106038380887423
Endozoicomonas montiporae,0.0001708675768276935
Symbiobacterium thermophilum,0.0001706802679606323
Sphingomonas sp. KC8,0.00017025968779438294
Burkholderia thailandensis,0.00017016369853839475
Kytococcus sedentarius,0.0001701192197495205
Xanthomonas phaseoli,0.00016942909233874648
Pseudomonas rhizosphaerae,0.00016940850838984556
Rhodococcus coprophilus,0.0001692451358082492
Edwardsiella sp. EA181011,0.00016838165137700312
Arthrobacter alpinus,0.00016699864637284012
Mesotoga prima,0.00016686885454124666
Mycolicibacterium fortuitum,0.0001666911682201233
Azospirillum thiophilum,0.00016640642302141463
Streptomyces xiamenensis,0.00016564710956166185
Sphingopyxis macrogoltabida,0.00016544512569287572
Acinetobacter baumannii,0.00016540976244452387
Sphingorhabdus sp. YGSMI21,0.00016535238875559077
Bacillus sp. FJAT-22090,0.00016430398961095883
Escherichia fergusonii,0.0001641808336527273
Niastella koreensis,0.00016413768163257015
Pseudomonas sp. TCU-HL1,0.00016220231660541985
Bacillus velezensis,0.00016108466442112945
Marinobacterium aestuarii,0.00016074785188575637
Micromonospora auratinigra,0.00015984123302821286
Anaerolinea thermophila,0.0001597236205536534
Pseudomonas sp. A214,0.00015938480972215173
Dyella japonica,0.00015921145065402875
Clostridium ljungdahlii,0.00015859673938711794
Streptomyces sp. FR-008,0.00015738516976220306
Lysobacter antibioticus,0.00015715827542022164
Hoyosella subflava,0.00015656203822140836
Dokdonella koreensis,0.0001561928438343685
Mycolicibacterium gilvum,0.00015578743647708392
Chelatococcus daeguensis,0.00015559847360455681
Dyadobacter fermentans,0.0001549345641984168
Nocardioides sp. JS614,0.00015463192916853608
Bifidobacterium longum,0.00015389374560481617
Micromonospora rifamycinica,0.00015383951245753202
Chryseobacterium carnipullorum,0.00015364079341386727
Micromonospora coxensis,0.00015327018876920562
Microcella alkaliphila,0.0001527291445100998
Tessaracoccus flavescens,0.00015244514903365314
Actinoalloteichus sp. ADI127-7,0.0001521374954729149
Yangia pacifica,0.00015212489686771135
Enterobacter kobei,0.00015192733601656627
Thioflavicoccus mobilis,0.00015166237303250175
Planctomyces sp. SH-PL14,0.00015157253526123515
Oceanimonas sp. GK1,0.00015011811681482358
Sphingomonas indica,0.00014991500224745825
Yersinia frederiksenii,0.00014958253470507277
Janthinobacterium sp. LM6,0.00014916996152856133
Methylobacterium sp. 17SD2-17,0.00014834679270459006
Bacillus amyloliquefaciens,0.00014793866838900272
Geobacter bemidjiensis,0.0001476489421699645
Ralstonia pickettii,0.0001471292615476294
Geobacter lovleyi,0.00014622675040949497
Corynebacterium xerosis,0.00014615147525878224
Pseudomonas sp. MYb193,0.0001461336242256195
Frankia sp. QA3,0.00014574339960582439
Streptomyces reticuli,0.00014566482227451605
Pseudolabrys taiwanensis,0.0001452622105460266
Massilia armeniaca,0.00014508795690710842
Novosphingobium sp. THN1,0.00014502730243048934
Erwinia amylovora,0.00014492408727300176
Thermotoga sp. 2812B,0.00014486603522745334
Niabella soli,0.000144783738329779
Desulfotomaculum nigrificans,0.00014417082426818607
Candidatus Nitrospira inopinata,0.00014369113928858201
Pseudomonas sp. Z003-0.4C(8344-21),0.00014336078079160152
Planctomyces sp. SH-PL62,0.00014329214572830206
Yersinia enterocolitica,0.00014329117402360757
Leptothrix cholodnii,0.0001419530438690142
Luteipulveratus mongoliensis,0.00014164220849153253
Streptococcus gordonii,0.00013960210480894463
Pantoea sp. PSNIH1,0.00013944459731105586
Rhizobium sp. CCGE532,0.00013882520713770496
Legionella anisa,0.00013795340398969902
Streptomyces sp. fd1-xmd,0.00013769456867536168
Candidatus Evansia muelleri,0.0001375032848518698
Dinoroseobacter shibae,0.00013647050463785337
Cellulomonas fimi,0.00013538757929996149
Pseudomonas alcaliphila,0.00013502691444435832
Paenibacillus sp. BIHB4019,0.00013423379446022565
Saccharopolyspora erythraea,0.0001339660995523406
Azotobacter vinelandii,0.0001338535834832566
Pseudomonas prosekii,0.00013331229617121742
Leclercia sp. LSNIH3,0.0001331917059678167
Streptomyces hundungensis,0.0001327280718903978
Streptomyces albidoflavus,0.0001325295261230375
Desulfitobacterium hafniense,0.0001324433152406712
Variovorax sp. HW608,0.0001320918513571634
Chryseobacterium joostei,0.00013201739555679382
Trichodesmium erythraeum,0.00013193711810248753
Methylobacterium phyllosphaerae,0.000131784112196498
Streptomyces lavendulae,0.00013164536460368302
Azospirillum sp. M2T2B2,0.00013133542353016558
Pseudomonas sp. SWI6,0.0001308906633968654
Burkholderia lata,0.000130603596379264
Pseudomonas plecoglossicida,0.00013057355404859637
Stenotrophomonas sp. YAU14D1_LEIMI4_1,0.00012910330892030865
Verrucomicrobia bacterium IMCC26134,0.00012907260028873768
Sphingobium sp. TKS,0.00012879970537647001
Paenibacillus terrae,0.00012849514907176118
Pseudomonas corrugata,0.00012802569563159506
Acidiphilium multivorum,0.00012784023133931565
Serratia sp. FS14,0.0001270451865909461
Lactobacillus sakei,0.00012690771596384208
Gemmata sp. SH-PL17,0.00012686173041629445
Frankia casuarinae,0.0001265807789467166
Arthrobacter sp. YC-RL1,0.00012648001317863144
Streptomyces sp. 769,0.00012637182790959934
Thermococcus celer,0.00012601249957602256
Kocuria rhizophila,0.0001258560533745623
Paraburkholderia graminis,0.0001253720916450707
Cronobacter universalis,0.00012525966057539418
Glutamicibacter nicotianae,0.00012523220490363586
Cellvibrio sp. PSBB006,0.00012498175556447945
Plautia stali symbiont,0.00012487671489860296
Burkholderia cepacia,0.00012441219469816467
Rhodococcus sp. 008,0.00012346229532476106
Aeromicrobium choanae,0.00012305881666923034
Gordonia sp. MMS17-SY073,0.00012281567341945187
Sphingopyxis sp. WS5A3p,0.0001223232897184623
Rhodopseudomonas palustris,0.00012176208786229825
Streptomyces sp. WAC00288,0.00012139668218176247
Streptomyces sp. SM18,0.00012126438710826636
Achromobacter sp. MFA1 R4,0.00012023196336630182
Pseudomonas synxantha,0.0001195135186288887
Sphaerobacter thermophilus,0.00011914723763846169
Cupriavidus taiwanensis,0.00011880966946953286
Thiomicrospira aerophila,0.00011817821127135808
Marmoricola scoriae,0.00011766533466897044
Massilia sp. YMA4,0.00011728795241920942
Pseudomonas sp. R5-89-07,0.00011680900953152662
Delftia acidovorans,0.00011657856310465231
Paraburkholderia sp. SOS3,0.00011624265003560286
Chryseobacterium gallinarum,0.00011586357120607627
Pseudomonas brenneri,0.00011571426375769355
Rhodococcus sp. p52,0.00011556241233647845
Enterococcus faecalis,0.00011515568311746272
Pseudomonas sp. 02C 26,0.00011495520124271685
Corynebacterium sp. 2184,0.00011431618085953055
Pseudomonas sp. CMR12a,0.00011368326265517314
Bacillus anthracis,0.00011363323766671041
Sphingopyxis sp. 113P3,0.00011351456947255034
Xanthomonas oryzae,0.00011348493926282011
Tumebacillus avium,0.00011338453489095901
Streptomyces sp. GSSD-12,0.00011334359562273911
Pseudomonas cremoricolorata,0.00011317673433643982
Cellulomonas sp. PSBB021,0.00011296105923317424
Pseudomonas sabulinigri,0.00011284320543247794
Magnetospirillum gryphiswaldense,0.00011261065059922081
Dickeya fangzhongdai,0.00011249372846589001
Rhodobiaceae bacterium,0.00011233190801993587
Lactobacillus fermentum,0.0001121221360495861
Edwardsiella piscicida,0.00011200257787999935
Mycobacterium dioxanotrophicus,0.00011185426633113505
Geitlerinema sp. PCC 7407,0.00011163018776345623
Streptomyces sp. 3214.6,0.00011120100666772714
Rhodococcus sp. YL-1,0.00011098692596116511
Achromobacter sp. AONIH1,0.00011084458741077441
Pseudomonas simiae,0.00010948928874265906
Chryseobacterium piperi,0.00010920352120917798
Methyloceanibacter caenitepidi,0.00010894986608567248
Acidovorax sp. T1,0.00010859222268624346
Kocuria turfanensis,0.00010786430130209635
Fimbriimonas ginsengisoli,0.00010765714643117264
Pseudomonas sp. CMR5c,0.00010734930078108995
Thermocrinis minervae,0.00010734245596726311
Sphingobium sp. EP60837,0.00010697209776715511
Enterobacter roggenkampii,0.00010678116393179061
Sphingobacterium sp. B29,0.00010667172815206349
Solibacillus sp. R5-41,0.00010644718283694398
Pseudomonas silesiensis,0.00010642599891792503
Streptomyces sp. PVA 94-07,0.00010638791876480536
Burkholderia sp. MSMB0852,0.00010617582467193909
Ornithobacterium rhinotracheale,0.00010604662140387689
Streptomyces niveus,0.00010555982929112417
Mesorhizobium sp. DCY119,0.00010546027951936487
Flavobacterium anhuiense,0.00010537548580942246
Streptomyces roseochromogenus,0.00010524123663098184
Breoghania sp. L-A4,0.00010504984952364183
Raoultella ornithinolytica,0.00010492608304333296
Neisseria sicca,0.00010489171874095149
Desulfovibrio vulgaris,0.00010459182349111806
Auraticoccus monumenti,0.00010445982294429167
Salinispora arenicola,0.00010432181718289524
Microbacterium sp. CGR1,0.000104128427061978
Nonlabens sp. MIC269,0.00010406716559834273
Mycobacterium virus D29,0.00010387781737501989
Bordetella flabilis,0.00010314758434939452
Pseudomonas sp. TKP,0.00010232326225876332
Pelobacter propionicus,0.00010226774246939741
Bacillus infantis,0.00010217691851956978
Rhizobium jaguaris,0.00010192053651125743
Enterobacter ludwigii,0.00010188328348048614
Pseudomonas sp. St29,0.00010185356504819332
Staphylococcus aureus,0.00010174891010388265
Chromohalobacter salexigens,0.00010173922570912985
Microvirga sp. 17 mud 1-3,0.0001016708914019393
Pseudomonas sp. R4-35-07,0.00010165345017112414
Jiangella alkaliphila,0.00010143728788738481
Pandoraea pnomenusa,0.00010116203128778256
Citrobacter werkmanii,0.00010072119503004017
Corynebacterium frankenforstense,0.00010056915533267486
Sulfuricaulis limicola,0.00010047746257164647
Thermoanaerobacter siderophilus,0.00010040071072006107
Rhizorhabdus dicambivorans,9.999792609132197e-05
Rhodococcus pyridinivorans,9.994790515601703e-05
Pseudomonas citronellolis,9.947412985884529e-05
Sphingomonas sp. FARSPH,9.945206719577104e-05
Aeromicrobium erythreum,9.930669880302556e-05
Acidiferrobacter sp. SPIII_3,9.929164739861385e-05
Sphingomonas sp. Cra20,9.900040589823078e-05
Paraburkholderia xenovorans,9.860596092126084e-05
Agromyces aureus,9.853470659464403e-05
Olsenella sp. Marseille-P2300,9.847553125927889e-05
Comamonadaceae bacterium A1,9.845548396327785e-05
Tessaracoccus sp. Marseille-P5995,9.814380369126408e-05
Bacteroides cellulosilyticus,9.76869232280908e-05
Streptomyces sp. SirexAA-E,9.761837648392113e-05
Pseudomonas sp. 7SR1,9.748836811984685e-05
Variovorax paradoxus,9.712232101113382e-05
Gordonibacter pamelaeae,9.67611119934153e-05
Burkholderia diffusa,9.662410509598817e-05
Pseudomonas cedrina,9.631854196041622e-05
Pedobacter cryoconitis,9.564665729036025e-05
Haliscomenobacter hydrossis,9.515739968839476e-05
Bradyrhizobium erythrophlei,9.503255673242173e-05
Pimelobacter simplex,9.46996997461369e-05
Micromonospora viridifaciens,9.457059179145411e-05
Gluconobacter oxydans,9.402638976947486e-05
Streptomyces fulvissimus,9.396619642458859e-05
Neomicrococcus aestuarii,9.383962038791437e-05
Betaproteobacteria bacterium GR16-43,9.378961890784687e-05
Leptospirillum ferriphilum,9.31262430934554e-05
Bosea sp. AS-1,9.248503176382262e-05
Citrobacter freundii complex sp. CFNIH3,9.216886630940558e-05
Metallosphaera sedula,9.202198701283582e-05
Pseudomonas antarctica,9.09834141952004e-05
Pandoraea vervacti,9.0973356601598e-05
Streptomyces sp. SAT1,9.044784843315057e-05
Brevundimonas sp. GW460-12-10-14-LB2,9.036349070228323e-05
Eubacterium callanderi,8.930321147966324e-05
Yersinia aleksiciae,8.905268017282975e-05
Rubrivivax gelatinosus,8.894664044118983e-05
Amycolatopsis keratiniphila,8.879944627306901e-05
Paenibacillus sp. CAA11,8.869738246488623e-05
Pseudomonas fulva,8.865415742786986e-05
Chondromyces crocatus,8.859634962961049e-05
Aquabacterium olei,8.789855922994861e-05
Gramella salexigens,8.789066291741144e-05
Pseudomonas thivervalensis,8.784886236614664e-05
Thauera aromatica,8.764294682908069e-05
Flavobacterium sp. HYN0049,8.74826940737261e-05
Candidatus Saccharibacteria bacterium YM_S32_TM7_50_20,8.699696900673625e-05
Citrobacter braakii,8.696622529502651e-05
Microbacterium sp. 10M-3C3,8.685175761500297e-05
Streptomyces sp. ZFG47,8.658778808097178e-05
Halorhabdus utahensis,8.635237871368329e-05
Pseudomonas xanthomarina,8.629864858002989e-05
Bacillus phage BM5,8.569634511954583e-05
Pelagibaca abyssi,8.563651793043192e-05
Sideroxydans lithotrophicus,8.483950814190955e-05
Magnetospirillum sp. XM-1,8.483569981341255e-05
Shewanella pealeana,8.468651022395247e-05
Lysinimonas sp. 2DFWR-13,8.446289998507162e-05
Pseudomonas vancouverensis,8.414016440765338e-05
Psychrobacter alimentarius,8.401970640252721e-05
Wolbachia endosymbiont of Drosophila simulans,8.400611691543603e-05
Comamonadaceae bacterium B1,8.40041749125442e-05
Devosia sp. I507,8.399595031822748e-05
Alkalilimnicola ehrlichii,8.372445282316399e-05
Ketogulonicigenium vulgare,8.36678888605169e-05
Acetobacter aceti,8.34588329470698e-05
Lysobacter maris,8.325553553125697e-05
Saccharomonospora cyanea,8.320277277187315e-05
Sphingomonas koreensis,8.3202150756434e-05
Microbacterium paludicola,8.320109357926598e-05
Kushneria konosiri,8.293626045299262e-05
Comamonas serinivorans,8.27870203956138e-05
Cellulophaga baltica,8.277423031137765e-05
Gordonia polyisoprenivorans,8.272903524726427e-05
Flavobacterium commune,8.26649328524276e-05
Burkholderia sp. BDU8,8.250318332694295e-05
Clostridium butyricum,8.211488403411237e-05
Pseudomonas sp. MRSN12121,8.199594662507969e-05
Faecalibaculum rodentium,8.195591321487061e-05
Pseudomonas yamanorum,8.149649788582458e-05
Rhodoferax saidenbachensis,8.04378083807178e-05
Nitrobacter hamburgensis,8.043379863502676e-05
Euzebya sp. DY32-46,8.026695414116158e-05
Sinorhizobium fredii,7.946608770910135e-05
Microbacterium sp. No. 7,7.90218120337638e-05
Phaeobacter inhibens,7.898608111567285e-05
Burkholderia sp. LA-2-3-30-S1-D2,7.867417487572581e-05
Methylobacterium aquaticum,7.836648128121127e-05
Microbacterium sp. PAMC 28756,7.805431072840374e-05
Pseudomonas sp. CC6-YY-74,7.791307873901143e-05
Paraburkholderia caffeinilytica,7.737610679308116e-05
Nonlabens dokdonensis,7.732973802374588e-05
Pseudoalteromonas sp. 13-15,7.716107187858424e-05
Azoarcus sp. DN11,7.680506602523174e-05
Nocardia brasiliensis,7.677480069148145e-05
Clostridium baratii,7.657139071830521e-05
Neisseria gonorrhoeae,7.655038561755756e-05
Caulobacteraceae bacterium OTSz_A_272,7.646464069723801e-05
Mycolicibacterium smegmatis,7.643676256390286e-05
Sphingomonas hengshuiensis,7.619960859821529e-05
Acetobacter ghanensis,7.600960421236814e-05
Pseudomonas psychrophila,7.570248597044138e-05
Serratia fonticola,7.520942451579859e-05
Salipiger profundus,7.520038895261205e-05
Bordetella avium,7.498083189825256e-05
Sinorhizobium meliloti,7.486535024132656e-05
Anaerotignum propionicum,7.486214712988381e-05
Altererythrobacter namhicola,7.486078552132458e-05
Chryseobacterium sp. 6424,7.461311519256775e-05
Serratia sp. FDAARGOS_506,7.4587090159417e-05
Streptomyces malaysiensis,7.45745534884934e-05
Clavibacter michiganensis,7.449252277020868e-05
Rahnella sp. Y9602,7.443404440123924e-05
Streptomyces pratensis,7.425184508524918e-05
Aeromonas sp. ASNIH7,7.423096952392516e-05
Pseudomonas sp. R1-43-08,7.417557310345213e-05
Burkholderia pyrrocinia,7.412227563428076e-05
Paenibacillus riograndensis,7.394015724304648e-05
Leptospira interrogans,7.390293215621124e-05
Corynebacterium ulcerans,7.364285752737842e-05
Aeromonas sp. ASNIH3,7.289260050875601e-05
Streptomyces sp. MOE7,7.267650946207738e-05
Lysobacter enzymogenes,7.2653465908612e-05
Erwinia persicina,7.264515150195994e-05
Brevibacterium aurantiacum,7.256338588488287e-05
Thermotoga petrophila,7.246410602910203e-05
Streptomyces alfalfae,7.244913022221854e-05
Streptomyces clavuligerus,7.22177581908845e-05
Sphingobium cloacae,7.217338724856415e-05
Cellvibrio japonicus,7.10766798516893e-05
Corynebacterium vitaeruminis,7.094096618136536e-05
Pseudomonas agarici,7.087958975640074e-05
Saccharothrix espanaensis,7.059730990801593e-05
Streptomyces pluripotens,7.005974963560923e-05
Enterobacter cloacae,7.001432647908423e-05
Bdellovibrio bacteriovorus,6.99932006328563e-05
Hyphomicrobium denitrificans,6.968065263475154e-05
Pseudomonas balearica,6.966942470962856e-05
Bradyrhizobium oligotrophicum,6.95410819871789e-05
Thermus brockianus,6.95386268830811e-05
Xenorhabdus nematophila,6.936165142532592e-05
Arthrobacter sp. YN,6.931019017955009e-05
Pseudomonas sp. R11-23-07,6.914195660585598e-05
Pseudomonas sp. LG1D9,6.88373364496675e-05
Mycobacteroides chelonae,6.874322042018654e-05
Amycolatopsis orientalis,6.86592194935276e-05
Acinetobacter indicus,6.825509872281366e-05
Rhodothermus marinus,6.80924378596126e-05
Thermogutta terrifontis,6.803249020845837e-05
Arenibacter algicola,6.745900748519328e-05
Nitrosospira briensis,6.614197155838664e-05
Streptomyces olivoreticuli,6.575360829961241e-05
Gluconacetobacter diazotrophicus,6.572219736262763e-05
Burkholderia stabilis,6.56432608018065e-05
Bordetella trematum,6.551198634690003e-05
Methylomicrobium alcaliphilum,6.517596180952712e-05
Pseudoalteromonas atlantica,6.455861641241345e-05
Micrococcus luteus,6.453029254316345e-05
Archangium gephyra,6.439033271805616e-05
Chryseobacterium arthrosphaerae,6.410295286918277e-05
Niabella ginsenosidivorans,6.38778027167497e-05
Corynebacterium testudinoris,6.381172567679894e-05
Streptomyces rubrolavendulae,6.376897225230937e-05
Brevibacterium linens,6.3414470517964e-05
Magnetospirillum sp. ME-1,6.33537726198563e-05
Geobacillus genomosp. 3,6.334305263979711e-05
Acidovorax sp. RAC01,6.323140099857571e-05
Cobetia marina,6.295487021934498e-05
Granulibacter bethesdensis,6.294602084728762e-05
Devosia sp. H5989,6.216960790601522e-05
Achromobacter ruhlandii,6.199976140890407e-05
Flavobacterium sp. HYN0056,6.196865206691271e-05
Winogradskyella sp. PC-19,6.17216078428351e-05
Streptomyces puniciscabiei,6.171089704058997e-05
Streptomyces scabiei,6.165990397377641e-05
Moraxella osloensis,6.156264869805472e-05
Nitrospira defluvii,6.112721273834331e-05
Cutibacterium acnes,6.109665163966937e-05
Methylosinus trichosporium,6.100061653193656e-05
Brevundimonas naejangsanensis,6.058091623553086e-05
Thioalkalivibrio sulfidiphilus,6.0517330313536455e-05
Arthrobacter crystallopoietes,6.0342777485633545e-05
Thiomonas sp. X19,6.03253548392857e-05
Methylococcus capsulatus,5.977902819442882e-05
Arthrobacter sp. DCT-5,5.9273248433555635e-05
Streptomyces peucetius,5.921083594073728e-05
Streptomyces sp. Tu6071,5.896528783124744e-05
Frankineae bacterium MT45,5.8917206398745316e-05
Flavobacterium crassostreae,5.888522403243446e-05
Opitutus terrae,5.8873049363672435e-05
Mycobacterium chimaera,5.883709867142706e-05
Achromobacter spanius,5.731373752118074e-05
Blastochloris viridis,5.7260772873157784e-05
Pseudonocardia dioxanivorans,5.722303435808929e-05
Polaromonas naphthalenivorans,5.705622307252689e-05
Nocardiopsis gilva,5.697560692987658e-05
Calothrix sp. NIES-2098,5.6884050846606195e-05
Campylobacter curvus,5.6492667972940504e-05
Arthrobacter sp. ERGS1:01,5.646587652869961e-05
Novosphingobium tardaugens,5.6427959998317514e-05
Desulfatibacillum alkenivorans,5.639143035092164e-05
Pseudomonas sp. Lz4W,5.6001868851662805e-05
Bacillus horikoshii,5.592125033713202e-05
Adlercreutzia equolifaciens,5.581374999217292e-05
Gordonia sp. 1D,5.567103543395735e-05
Pseudodesulfovibrio indicus,5.565341077886643e-05
Erythrobacter sp. HL-111,5.5466063466647066e-05
Virgibacillus necropolis,5.537094616021587e-05
Chitinophaga caeni,5.53194863652795e-05
Sphingomonas melonis,5.5030408453027314e-05
Eggerthella lenta,5.502348606221119e-05
Trichormus variabilis,5.483114847699699e-05
Pseudarthrobacter sulfonivorans,5.4711162743181776e-05
Methanoregula formicica,5.46412001669605e-05
Desulfovibrio alaskensis,5.42911911891375e-05
Aquimarina sp. BL5,5.401777644278294e-05
Agrobacterium rhizogenes,5.397446819783713e-05
Gemmatirosa kalamazoonesis,5.3652445077623236e-05
Indioceanicola profundi,5.3455921152845145e-05
Cyanobium sp. NIES-981,5.338136306471952e-05
Sphingomonas wittichii,5.337959408937554e-05
Ornithinimicrobium sp. AMA3305,5.331192140718421e-05
Dechloromonas aromatica,5.329251724885964e-05
Frondihabitans sp. 762G35,5.326252726118863e-05
Cellulosilyticum lentocellum,5.307441206090502e-05
Synechococcus sp. KORDI-52,5.29131925378401e-05
Altererythrobacter dongtanensis,5.2782697529507594e-05
Xenorhabdus bovienii,5.272917166121438e-05
Serratia ficaria,5.25902106557119e-05
Shewanella denitrificans,5.257075878457584e-05
Thauera humireducens,5.247095203664287e-05
Neorhizobium sp. SOG26,5.220650843758001e-05
Anaeromyxobacter sp. Fw109-5,5.194862175887938e-05
Sphingopyxis fribergensis,5.188254882264598e-05
Stenotrophomonas sp. SAU14A_NAIMI4_5,5.1872352006188115e-05
Clostridium sp. MF28,5.175005770714502e-05
Azospira oryzae,5.174663277920377e-05
Marinobacter sp. LV10R510-11A,5.140286747657985e-05
Komagataeibacter medellinensis,5.1355764265115236e-05
Simplicispira suum,5.131494674432968e-05
Xanthomonas campestris,5.1248762801248125e-05
Brachybacterium faecium,5.1031078673058336e-05
Pseudomonas sp. R2-60-08W,5.097865243164357e-05
Streptomyces antibioticus,5.089754486844456e-05
Actinobacteria bacterium IMCC26256,5.070698366842486e-05
Paenibacillus sp. IHBB 10380,5.062196226144344e-05
Halorientalis sp. IM1011,5.056889905461492e-05
Bifidobacterium thermophilum,5.050271622590863e-05
Rhodothermaceae bacterium RA,5.048177862596592e-05
Streptomyces albus,5.040717929623017e-05
Rhizobium sp. ACO-34A,5.03419429397578e-05
Kangiella koreensis,4.994998003819973e-05
Oligotropha carboxidovorans,4.991932352287343e-05
nitrif__Technical Replicate,4.981964277221973e-05
Methylocella silvestris,4.977545220374857e-05
Burkholderia seminalis,4.975742453832144e-05
Microbacterium sp. LKL04,4.973997218198356e-05
Methyloversatilis sp. RAC08,4.960765733363903e-05
Novosphingobium aromaticivorans,4.949655496608862e-05
Parvibaculum lavamentivorans,4.9462717590631476e-05
Streptomyces albireticuli,4.938604497664034e-05
Propionibacterium acidifaciens,4.931461184924935e-05
Corynebacterium terpenotabidum,4.92128567771255e-05
Novosphingobium sp. PP1Y,4.9078034658611715e-05
Ruminococcus champanellensis,4.904313879690036e-05
Hyphomicrobium sp. MC1,4.857915666969248e-05
Solimonas sp. K1W22B-7,4.84619688142951e-05
Streptomyces nigra,4.844485990596059e-05
Komagataeibacter europaeus,4.826102684221123e-05
Devosia sp. A16,4.8235193661216866e-05
Streptomyces gilvosporeus,4.794168726922621e-05
Pseudomonas mendocina,4.7802549261732885e-05
Xanthomonas vasicola,4.77258071427622e-05
Burkholderiales bacterium JOSHI_001,4.752437786057495e-05
Methylomonas sp. DH-1,4.7444860318712756e-05
Chlorobium limicola,4.735150242598518e-05
Paenibacillus lautus,4.7099954953000456e-05
Micromonospora echinaurantiaca,4.7088707642517494e-05
Actinomyces sp. Z16,4.6541298195967864e-05
Dehalobacter restrictus,4.641794919701958e-05
Stenotrophomonas sp. ESTM1D_MKCIP4_1,4.6386747131621496e-05
Sphingopyxis sp. EG6,4.636417607124521e-05
Bifidobacterium bifidum,4.6310923299408556e-05
Roseiflexus castenholzii,4.627927951053046e-05
Melittangium boletus,4.61519546989253e-05
Haliangium ochraceum,4.5921610291288496e-05
Streptomyces sp. 2114.2,4.582535898285389e-05
Advenella mimigardefordensis,4.551555279597164e-05
Methylacidiphilum infernorum,4.541912689735028e-05
Herminiimonas arsenitoxidans,4.526061559908534e-05
Acidovorax sp. JS42,4.518927196370814e-05
Myxococcus fulvus,4.4954070838953976e-05
Sphingomonas sanxanigenens,4.491545809521824e-05
Streptomyces noursei,4.481623791567913e-05
Stenotrophomonas sp. G4,4.4369657235954206e-05
Brachybacterium saurashtrense,4.433577655911236e-05
Streptomyces chartreusis,4.4178474636069606e-05
Thermus parvatiensis,4.407531547887533e-05
Marinobacter salarius,4.392966804116494e-05
Paracoccus denitrificans,4.3874107469843436e-05
Rubrobacter radiotolerans,4.3789945773853314e-05
Hyphomicrobium nitrativorans,4.3698528880531384e-05
Burkholderia sp. BDU6,4.357440796576295e-05
Streptomyces sp. Sge12,4.353141966482177e-05
Olsenella sp. GAM18,4.3482348500911704e-05
Burkholderia multivorans,4.3448329012818476e-05
Mixta gaviniae,4.339325169167019e-05
Mycetocola sp. 449,4.328425772808231e-05
Pantoea rwandensis,4.3250576042375144e-05
Variibacter gotjawalensis,4.319577944069675e-05
Rhodococcus hoagii,4.312705955289431e-05
Streptomyces sp. 11-1-2,4.2661400824561825e-05
Rhodoferax ferrireducens,4.25828708264131e-05
Celeribacter ethanolicus,4.246689544782356e-05
Hymenobacter sedentarius,4.199912124824845e-05
Sphingobium herbicidovorans,4.1739077027669326e-05
Clostridium perfringens,4.1617059614051934e-05
Haloplanus aerogenes,4.138275290899163e-05
Rathayibacter tritici,4.135919142806976e-05
Pseudomonas sp. R4-39-08,4.127022588000795e-05
Streptomyces lunaelactis,4.1176438195877906e-05
Pseudomonas sp. M30-35,4.060549743258868e-05
Anabaena sp. 90,4.0571467880701205e-05
Burkholderia sp. MSMB0856,4.023349007871157e-05
Gordonia terrae,4.0222633765996106e-05
Rhodococcus qingshengii,4.0089264629505905e-05
Rhodococcus sp. P1Y,3.926135749068305e-05
Streptomyces leeuwenhoekii,3.884926454671423e-05
Pseudomonas sp. SWI36,3.879146047911508e-05
Antarctobacter heliothermus,3.8611605837268746e-05
Acidithiobacillus caldus,3.8278282628301244e-05
Microbacterium sp. 1.5R,3.821884907637685e-05
Streptomyces virus Izzy,3.8184297376653296e-05
Enterobacteriaceae bacterium ENNIH1,3.8044868058761947e-05
Cutibacterium avidum,3.794014260649625e-05
Acinetobacter haemolyticus,3.785859340776909e-05
Nocardia seriolae,3.781488032683633e-05
Luteimonas sp. JM171,3.779960942544847e-05
Brevundimonas sp. DS20,3.7705606714633075e-05
Arthrobacter sp. PAMC 25486,3.766011317469786e-05
Desulfotomaculum reducens,3.7456507633026884e-05
Verrucomicrobium spinosum,3.7251633116341945e-05
Pseudomonas sp. LTGT-11-2Z,3.7149765514477016e-05
Bacillus sp. IHB B 7164,3.688747102055245e-05
Mesorhizobium oceanicum,3.688410476259119e-05
Aminobacter aminovorans,3.644230113979408e-05
Clostridium saccharoperbutylacetonicum,3.633258952246976e-05
Halorubrum trapanicum,3.619429779875283e-05
Thauera chlorobenzoica,3.5217838370438236e-05
Streptomyces sp. CB09001,3.5205886864120295e-05
Pantoea stewartii,3.520175988787066e-05
[Eubacterium] rectale,3.479088011515419e-05
Cryobacterium sp. LW097,3.466374841281095e-05
Roseomonas sp. FDAARGOS_362,3.462791364545747e-05
Bordetella hinzii,3.451120793687146e-05
Erythrobacter atlanticus,3.435218271752305e-05
Beijerinckia indica,3.4300081083915576e-05
Hymenobacter sp. sh-6,3.4066768099560994e-05
Enterobacter bugandensis,3.404217778739671e-05
Sphingobium sp. YBL2,3.390281259503247e-05
Bordetella sp. H567,3.3806970212824083e-05
Streptomyces collinus,3.373315964669832e-05
Pseudomonas parafulva,3.343147491821075e-05
Cupriavidus gilardii,3.332516753662418e-05
Nostoc sp. CENA543,3.3324580407279036e-05
Polaribacter sp. MED152,3.308025173049955e-05
Cronobacter sakazakii,3.2951421908000714e-05
Methylocystis rosea,3.295065594168811e-05
Limnobaculum parvum,3.2842352429063304e-05
Janthinobacterium svalbardensis,3.217836071993663e-05
Streptomyces venezuelae,3.183216097852881e-05
Flammeovirgaceae bacterium 311,3.102830793344502e-05
Methylobacterium sp. 17Sr1-28,3.094535184866576e-05
Stackebrandtia nassauensis,3.070835204883604e-05
Curtobacterium sp. BH-2-1-1,3.054673520448414e-05
Thiomonas intermedia,3.031538924358479e-05
Streptomyces sp. 2323.1,3.0251012914672694e-05
Croceicoccus marinus,3.024995292684185e-05
Akkermansia muciniphila,3.0124899585137754e-05
Collimonas arenae,3.0026826234474945e-05
Agrobacterium sp. H13-3,2.9972227313890266e-05
Thiobacillus denitrificans,2.9888440887826385e-05
Bordetella sp. N,2.9756209562692426e-05
Stenotrophomonas sp. SAU14A_NAIMI4_8,2.9647337891813842e-05
Pseudomonas xinjiangensis,2.958686684122469e-05
Lelliottia amnigena,2.9554551490917903e-05
Enterobacter cloacae complex sp.,2.9299714744390747e-05
Methylobacterium sp. C1,2.9103594091051123e-05
Altererythrobacter sp. ZODW24,2.9080714627038873e-05
Pantoea sp. At-9b,2.8983245761571298e-05
Acinetobacter lwoffii,2.8848818393445442e-05
Halobacteriovorax marinus,2.873653033428347e-05
Thermomonospora curvata,2.82602031853596e-05
Streptomyces cavourensis,2.7655320877650878e-05
Chelativorans sp. BNC1,2.7652526489574392e-05
Cronobacter muytjensii,2.7578890367951912e-05
Opitutaceae bacterium TAV5,2.7533937861767833e-05
Bacillus sp. Y1,2.7380514808417188e-05
Pseudomonas mucidolens,2.7378559433066662e-05
Bifidobacterium dentium,2.7270040352589398e-05
Streptomyces koyangensis,2.7141487269766172e-05
Bacillus marisflavi,2.7108970437073055e-05
Pseudomonas sp. LH1G9,2.6695729679238057e-05
Frankia alni,2.654523434031386e-05
Pectobacterium parmentieri,2.6464043516716275e-05
Streptomyces actuosus,2.6369400171133427e-05
Mycolicibacterium chubuense,2.6218901590979726e-05
Lelliottia jeotgali,2.6155267834315764e-05
Friedmanniella luteola,2.6015472771612204e-05
Tessaracoccus aquimaris,2.546668961567189e-05
Paraburkholderia phenoliruptrix,2.518376569229375e-05
Candidatus Phaeomarinobacter ectocarpi,2.5136005107584404e-05
Rhizobium etli,2.4894269646313916e-05
Rhodothermaceae bacterium,2.4790385806694458e-05
Klebsiella michiganensis,2.4510465823723847e-05
Celeribacter manganoxidans,2.391636285428156e-05
Pseudomonas furukawaii,2.3668312902369594e-05
Alcaligenes aquatilis,2.360123488365229e-05
Marinobacter sp. LQ44,2.3535382740336173e-05
Laribacter hongkongensis,2.34291386976615e-05
Deinococcus ficus,2.3288660006937078e-05
Brucella sp. 141012304,2.288960711744892e-05
Enterobacter asburiae,2.284803895722387e-05
Burkholderia latens,2.281249360644999e-05
Caldisericum exile,2.271433133176348e-05
Xanthomonas cassavae,2.262808041442188e-05
Leminorella richardii,2.2586710930139198e-05
Halostagnicola larsenii,2.236230707362008e-05
Selenomonas sp. oral taxon 126,2.2271115059058212e-05
Kribbella flavida,2.2108866138470518e-05
Streptomyces nodosus,2.2073555432644553e-05
Stenotrophomonas nitritireducens,2.1684878609873337e-05
Rhizobium phaseoli,2.1682501758713002e-05
Burkholderia sp. IDO3,2.157921907479654e-05
Erythrobacter gangjinensis,2.1350171085177116e-05
Alcanivorax dieselolei,2.128445345825902e-05
Xylella fastidiosa,2.0981129230168705e-05
Actinosynnema pretiosum,2.080076854797941e-05
Burkholderia pseudomultivorans,2.0792320170182067e-05
Mycobacteroides saopaulense,2.0767392568665776e-05
Cellulomonas flavigena,2.0145978321783886e-05
Burkholderia phage KS14,2.0110169391429623e-05
Virgibacillus sp. Bac332,1.9981565462945382e-05
Asticcacaulis excentricus,1.986549359132006e-05
Roseiflexus sp. RS-1,1.9624508801219243e-05
Pseudomonas mosselii,1.9548265529722995e-05
Nitrobacter winogradskyi,1.925179554105316e-05
Variovorax sp. PAMC 28711,1.900975053850118e-05
Azospirillum brasilense,1.8988336641601045e-05
Pseudomonas poae,1.898584601300879e-05
Providencia rettgeri,1.8891306013602004e-05
Acidovorax cattleyae,1.8846355022850147e-05
Clostridium sp. DL-VIII,1.87039706778247e-05
Chelatococcus sp. CO-6,1.84301521932273e-05
Pseudomonas saudiphocaensis,1.8197337611702834e-05
Candidatus Kuenenia stuttgartiensis,1.8183451829556495e-05
Dietzia sp. JS16-p6b,1.7961615690853528e-05
Kosakonia radicincitans,1.796157383315844e-05
Sinorhizobium americanum,1.764321682522496e-05
Cohnella sp. 18JY8-7,1.7571431336116383e-05
Rhizobium sp. IE4771,1.748876743699057e-05
Jatrophihabitans sp. GAS493,1.745915976019141e-05
Thioclava nitratireducens,1.7137335157646484e-05
Citrobacter sp. FDAARGOS_156,1.7057915064722095e-05
Microvirgula aerodenitrificans,1.679865231347666e-05
Aeromicrobium sp. A1-2,1.6543685344960755e-05
Capnocytophaga ochracea,1.6515645592485308e-05
Corynebacterium urealyticum,1.641981970796902e-05
Alloactinosynnema sp. L-07,1.6374747801228827e-05
Sulfuricella denitrificans,1.632644300733066e-05
Anabaena cylindrica,1.6289755136189577e-05
Pseudomonas syringae,1.6159912766089412e-05
Pseudomonas sp. R3-18-08,1.6080942759599813e-05
Acinetobacter bereziniae,1.6062385465165364e-05
Mesorhizobium ciceri,1.5789245433039944e-05
Escherichia albertii,1.5665922737184702e-05
Chryseobacterium taklimakanense,1.5478914092525996e-05
Rhodococcus sp. B7740,1.5440917795817022e-05
Oleispira antarctica,1.5434760360966137e-05
Pseudomonas chlororaphis,1.5353852393262812e-05
Anaeromyxobacter sp. K,1.478870851576719e-05
Photorhabdus thracensis,1.4687076237573925e-05
Yersinia intermedia,1.4446494719422275e-05
Pseudodesulfovibrio aespoeensis,1.4426186477467518e-05
Blastomonas sp. RAC04,1.4223354359943486e-05
Paraburkholderia phymatum,1.4001238219063516e-05
Bordetella pertussis,1.3676999804834722e-05
Haloarculaceae archaeon HArcel1,1.3564162430590443e-05
Corynebacterium efficiens,1.33622453095672e-05
Corynebacterium atypicum,1.3358363876125879e-05
Tannerella forsythia,1.2899083185313743e-05
Celeribacter indicus,1.2650517741930045e-05
Thiomonas arsenitoxydans,1.2563877281523972e-05
Rhodococcus opacus,1.2518184441168145e-05
Corallococcus coralloides,1.2457102021401489e-05
Melaminivora sp. SC2-9,1.2299246500768746e-05
Methylocaldum marinum,1.2076792424853267e-05
Aromatoleum aromaticum,1.2029768291732523e-05
Burkholderia vietnamiensis,1.2013599305737976e-05
Tessaracoccus sp. T2.5-30,1.1979742991630182e-05
Pseudomonas pohangensis,1.1942686780974654e-05
Gloeobacter violaceus,1.1800047273902158e-05
Marinobacter hydrocarbonoclasticus,1.1780741744993329e-05
Burkholderia cenocepacia,1.1721651385920851e-05
Tsukamurella tyrosinosolvens,1.1718283100581316e-05
Mesorhizobium australicum,1.1367713864940398e-05
Geobacter sulfurreducens,1.1357170968206987e-05
Citrobacter freundii,1.1182448834001768e-05
Pelobacter acetylenicus,1.1153252795526037e-05
Azoarcus sp. KH32C,1.1137730227805952e-05
Rhizobium sp. CCGE531,1.1106990920106696e-05
Dickeya sp. DW 0440,1.1102312620936416e-05
Pseudomonas sp. LBUM920,1.1059915672939625e-05
Desulfohalobium retbaense,1.1041169267311801e-05
Salinimonas sp. N102,1.0801771033097651e-05
Burkholderia stagnalis,1.0688808593872779e-05
Paraburkholderia caribensis,1.06138360656427e-05
Glutamicibacter arilaitensis,1.0494356549051177e-05
Enterobacter sp. E20,1.0450915045323584e-05
Maritalea myrionectae,1.0411394302756172e-05
Pseudomonas amygdali,1.0367775605590879e-05
Cytophaga hutchinsonii,1.0330268323377468e-05
Acidithiobacillus ferrivorans,1.0287417340260063e-05
Stenotrophomonas sp. ZAC14D2_NAIMI4_6,1.0245331375502431e-05
Nitrospira japonica,1.0200289857920097e-05
Sulfitobacter sp. SK011,1.0096769339562606e-05
Streptomyces lydicus,1.005401031590747e-05
Thauera sp. K11,9.834957178500581e-06
Rhodobacter sp. LPB0142,9.651685990674785e-06
Mycobacteroides immunogenum,9.612979067008531e-06
Meiothermus ruber,9.500973649023692e-06
Ralstonia insidiosa,9.322448247450766e-06
Saccharomonospora viridis,9.104607564403011e-06
Pseudomonas sp. MT-1,8.980148889126128e-06
Azorhizobium caulinodans,8.973878415652337e-06
Sulfuriferula sp. AH1,8.943185825960321e-06
Gordonia phthalatica,8.819064847309654e-06
Blautia hansenii,8.784801993932945e-06
Streptomyces sp. M56,8.663754128779289e-06
Halomonas sp. 1513,8.525529182623615e-06
Selenomonas sp. oral taxon 478,8.468318558674249e-06
Neisseria lactamica,8.37585244983785e-06
Nitratireductor basaltis,8.32032002846539e-06
Micromonospora siamensis,8.186465712567425e-06
Erythrobacter sp. YH-07,8.128638116766673e-06
Desulfovibrio fairfieldensis,8.105205671493643e-06
Streptomyces spongiicola,8.100812252398449e-06
Chromobacterium rhizoryzae,8.039532780346193e-06
Mycobacterium sp. PYR15,8.03710241519262e-06
Hartmannibacter diazotrophicus,8.016496181628696e-06
Arthrobacter sp. Rue61a,7.982890333146919e-06
Nocardia sp. Y48,7.957041071104954e-06
Scytonema sp. HK-05,7.94419021930004e-06
Bifidobacterium asteroides,7.646250847082036e-06
Paucibacter sp. KCTC 42545,7.5806079971041385e-06
Janthinobacterium sp. B9-8,7.553310949193204e-06
Sinorhizobium sp. CCBAU 05631,7.5186077023836615e-06
Bacillus filamentosus,7.492280840670773e-06
Clostridium saccharobutylicum,7.34940156654762e-06
Halomicronema hongdechloris,7.32990212231055e-06
Synechococcus sp. CC9605,7.257107865132895e-06
Vitreoscilla filiformis,7.129048441623098e-06
Immundisolibacter cernigliae,7.108527708132861e-06
Escherichia marmotae,7.024372180630678e-06
Cronobacter turicensis,6.928068286171651e-06
Marinobacter sp. BSs20148,6.866885372081022e-06
Pseudomonas sp. R2A2,6.7629946026936946e-06
Burkholderia sp. MSMB0266,6.688027658263706e-06
Hyphomonas sp. Mor2,6.559628405766738e-06
Kocuria palustris,6.416667219655281e-06
Bacillus sp. X1(2014),6.41005057768762e-06
Prosthecochloris sp. CIB 2401,6.370352925366696e-06
Pseudomonas savastanoi,6.3291584563973656e-06
Cylindrospermum stagnale,6.269143702497537e-06
Thiolapillus brandeum,6.26715692713109e-06
Methylobacterium sp. 4-46,6.238437864891644e-06
Azospirillum lipoferum,6.1938584628551395e-06
Cellulomonas gilvus,6.142352042970423e-06
Limnohabitans sp. 103DPR2,6.1233487938405775e-06
Thalassolituus oleivorans,6.050569832316555e-06
Spirosoma aerolatum,6.0442847928499075e-06
Halotalea alkalilenta,6.028979932160006e-06
Pantoea alhagi,5.985144179398993e-06
Bacillus aryabhattai,5.981183957981529e-06
Roseibacterium elongatum,5.965213566438976e-06
Pseudomonas alcaligenes,5.926904961639501e-06
Gordonibacter massiliensis,5.867131006676019e-06
Pseudomonas sp. DY-1,5.815927076269212e-06
Micromonospora purpureochromogenes,5.783849908813643e-06
Klebsiella pneumoniae,5.768679633999518e-06
Citrobacter farmeri,5.718896587980637e-06
Frankia symbiont of Datisca glomerata,5.644371739332854e-06
Starkeya novella,5.593156965333357e-06
Dickeya solani,5.5916487745388824e-06
Deinococcus sp. NW-56,5.5533182037104115e-06
Sphingobium sp. SCG-1,5.541501349548561e-06
Citrobacter youngae,5.538817188610601e-06
Rhodospirillum rubrum,5.4061654608306146e-06
Kocuria flava,5.395393508211832e-06
Leptolyngbya sp. NIES-3755,5.358103249331058e-06
Sphingomonas taxi,5.270763522369215e-06
Nitrosomonas sp. AL212,5.150711217072335e-06
Halomonas huangheensis,5.105368196711701e-06
Oscillatoria nigro-viridis,5.079547795849848e-06
Cellulosimicrobium sp. TH-20,4.998897582919604e-06
Microbacterium sp. str. 'China',4.988413836093386e-06
Shigella dysenteriae,4.917788926572797e-06
Azoarcus communis,4.83114657454653e-06
Verrucomicrobium sp. GAS474,4.827240648053177e-06
Laceyella sacchari,4.675969841216876e-06
Erythrobacter flavus,4.659203438905912e-06
Magnetospirillum magneticum,4.6058099910206705e-06
Agrobacterium vitis,4.5813804420369305e-06
Stigmatella aurantiaca,4.519481892795163e-06
Herbaspirillum rubrisubalbicans,4.506855465602477e-06
Libanicoccus massiliensis,4.492790972521199e-06
Deinococcus maricopensis,4.49034980152252e-06
Pleurocapsa minor,4.485261771214333e-06
Thermaerobacter marianensis,4.433721923979839e-06
Chryseobacterium sp. StRB126,4.420315544906295e-06
Rhizobium sp. Kim5,4.397706134207091e-06
Nocardia farcinica,4.382454361895327e-06
Streptomyces fungicidicus,4.373535783530613e-06
Luteimonas sp. 83-4,4.370215866522642e-06
Jeongeupia sp. USM3,4.345751132728282e-06
Plantactinospora sp. BC1,4.293632771124045e-06
Thioalkalivibrio nitratireducens,4.28073102145543e-06
Wolbachia endosymbiont of Drosophila melanogaster,4.276203045749938e-06
Actinomyces radingae,4.206866000511233e-06
Pseudomonas litoralis,4.199395362070035e-06
Streptomyces bingchenggensis,4.186616656287612e-06
Pusillimonas sp. T7-7,4.153709124610216e-06
Geobacter pickeringii,4.134217958084996e-06
Phaeobacter piscinae,4.065995749447104e-06
Bordetella petrii,3.991634034261615e-06
Calothrix brevissima,3.9854277260609194e-06
Hydrogenophaga sp. PBC,3.946671787469214e-06
Echinicola vietnamensis,3.930223193493454e-06
Pseudomonas salegens,3.906672312692372e-06
Streptomyces sp. ADI95-16,3.8558293146806475e-06
Bifidobacterium animalis,3.835496149395823e-06
Agromyces flavus,3.793904923599101e-06
Halorhabdus tiamatea,3.7804758730608514e-06
Rhodococcus sp. S2-17,3.7642005818572242e-06
Yersinia entomophaga,3.752037125259733e-06
Psychromicrobium lacuslunae,3.7387991727477756e-06
Chloroflexus aggregans,3.6237990967746824e-06
Cryobacterium sp. GCJ02,3.598894948941833e-06
Candidatus Saccharibacteria oral taxon TM7x,3.5692264567455113e-06
Pontibacter actiniarum,3.5682458933594676e-06
Sphingomonas sp. JJ-A5,3.563275419882217e-06
Achromobacter xylosoxidans,3.526343873638815e-06
Pseudomonas sp. LPH1,3.494915454527181e-06
Streptomyces glaucescens,3.481616650269359e-06
Xanthomonas translucens,3.4748346667168308e-06
Natronobacterium gregoryi,3.470496550583846e-06
Pseudomonas knackmussii,3.4661553300452395e-06
Methylomicrobium album,3.446816850827261e-06
Actinotignum schaalii,3.4310024674688577e-06
Agarilytica rhodophyticola,3.4214357172102084e-06
Cohaesibacter sp. ES.047,3.3741387677199697e-06
Microbulbifer sp. A4B17,3.3662018208868718e-06
Pseudomonas sp. JY-Q,3.252054424751627e-06
Pseudomonas veronii,3.2467749089937213e-06
Woeseia oceani,3.1389994034292102e-06
Aeromonas schubertii,3.117890641735066e-06
Paenibacillus crassostreae,3.03246776451882e-06
Altererythrobacter mangrovi,3.0299455939797326e-06
Frankia inefficax,3.0153240265118343e-06
Flagellimonas sp. HME9304,3.000673648534402e-06
Wenzhouxiangella marina,2.9558928464457067e-06
Enterobacter sp. SA187,2.9530184494808155e-06
Sulfitobacter sp. JL08,2.94174800081759e-06
Neisseria subflava,2.9184645844226863e-06
Methylobacterium nodulans,2.9184121896896897e-06
Microbacterium hominis,2.900057231269848e-06
Paenibacillus sp. 32O-W,2.899866784344951e-06
Actinoalloteichus hymeniacidonis,2.8830489409159554e-06
Aeromonas salmonicida,2.8398539131169186e-06
Acinetobacter soli,2.821097689520435e-06
[Enterobacter] lignolyticus,2.818303559060098e-06
Actinomyces sp. oral taxon 414,2.8056269021137225e-06
Bacteroides vulgatus,2.799187379309842e-06
Bacillus smithii,2.791850860406342e-06
Rhodobaca barguzinensis,2.7106003092303156e-06
Geminocystis herdmanii,2.7047644485689306e-06
Acidovorax citrulli,2.7022847665758574e-06
Aneurinibacillus soli,2.67246825893519e-06
Pseudomonas tolaasii,2.660908983309618e-06
Ruegeria pomeroyi,2.583083180995871e-06
Paenibacillus graminis,2.5721455833238594e-06
Pseudomonas taetrolens,2.5051722584601423e-06
Corynebacterium sp. 2183,2.4781618836122733e-06
Shigella flexneri,2.4675823556918886e-06
Sulfitobacter sp. AM1-D1,2.4397350049776277e-06
Ferriphaselus amnicola,2.4102131505054913e-06
Corynebacterium genitalium,2.381732070300124e-06
Pseudomonas sp. Os17,2.3636716424579875e-06
Kosakonia oryzae,2.360099776033131e-06
Paenibacillus kribbensis,2.354798444414996e-06
Variovorax sp. PMC12,2.3497402993122306e-06
Agrobacterium sp. RAC06,2.3399722554939827e-06
Altererythrobacter marensis,2.327872200269532e-06
Anaerolineaceae bacterium oral taxon 439,2.3149043788084354e-06
Xanthomonas arboricola,2.3081678466763124e-06
Sphaerospermopsis kisseleviana,2.302909024076705e-06
Stenotrophomonas sp. ZAC14D2_NAIMI4_7,2.288010745710167e-06
Pseudomonas sp. SWI44,2.281939744364081e-06
Segniliparus rotundus,2.281047837326966e-06
Deinococcus radiodurans,2.2677528442205387e-06
Corynebacterium striatum,2.2557872972672754e-06
Haloferax volcanii,2.254164975279416e-06
Ferrimonas balearica,2.236978835323811e-06
Micromonospora echinofusca,2.2300086517601515e-06
Burkholderia ubonensis,2.2052627027369097e-06
Microvirga ossetica,2.1877002451153872e-06
Halogeometricum borinquense,2.1560871368953015e-06
Denitrobacterium detoxificans,2.1438812838114884e-06
Dermacoccus nishinomiyaensis,2.1371203728248746e-06
Corynebacterium lactis,2.1174609598384466e-06
Dietzia psychralcaliphila,2.0976495092694945e-06
Bosea sp. PAMC 26642,2.0731659156503214e-06
Komagataeibacter nataicola,2.0587692031170945e-06
Pseudomonas granadensis,2.050899144645513e-06
Microcystis sp. MC19,2.0297221750231743e-06
Coriobacterium glomerans,2.0112289915275026e-06
Verminephrobacter eiseniae,2.0078632464670677e-06
Micromonospora zamorensis,1.9971628079984426e-06
Streptomyces sp. TN58,1.983308728514821e-06
Cupriavidus nantongensis,1.9799480276638804e-06
Negativicoccus massiliensis,1.977782436535236e-06
Acidipropionibacterium acidipropionici,1.974956172268172e-06
Bosea sp. RAC05,1.961599650046608e-06
Nocardia sp. CFHS0054,1.9540649220495253e-06
Micromonospora tulbaghiae,1.9450586639546687e-06
Bordetella genomosp. 9,1.941773140456959e-06
Halomonas beimenensis,1.9388315271928746e-06
Chloroherpeton thalassium,1.8973961734003453e-06
Halodesulfurarchaeum formicicum,1.8908797654981769e-06
Algoriphagus sp. M8-2,1.8515176487987616e-06
Citrobacter amalonaticus,1.828001205739227e-06
Streptomyces sp. NEAU-S7GS2,1.8273150875991463e-06
Corynebacterium glyciniphilum,1.8264531489231572e-06
Hymenobacter swuensis,1.8133263840036662e-06
Vogesella sp. LIG4,1.8085573859849547e-06
Planococcus sp. Y42,1.7841626437586911e-06
Aeromicrobium sp. 592,1.7634062393634409e-06
Gloeocapsa sp. PCC 7428,1.744422647909083e-06
Verrucomicrobia bacterium,1.718211615164833e-06
Rhodococcus sp. 2G,1.7170124029686206e-06
Thauera sp. MZ1T,1.7100119058532925e-06
Nocardia nova,1.709142115458029e-06
Citromicrobium sp. JL477,1.7044598485282946e-06
Methylobacterium currus,1.6902740793245386e-06
Methanoculleus bourgensis,1.6625037874584691e-06
Aquiflexum balticum,1.6620884007334524e-06
Streptomyces violaceoruber,1.6503122081790167e-06
Bacillus clausii,1.6150828910266312e-06
Psychrobacter sp. AntiMn-1,1.610471404434044e-06
Hyphomonas sp. CACIAM 19H1,1.5993850819961964e-06
Lactobacillus pentosus,1.5794422585813094e-06
Aeromonas hydrophila,1.5772993403606606e-06
Aeromonas sp. ASNIH1,1.535500985028193e-06
Polymorphum gilvum,1.532721658525915e-06
Anaeromyxobacter dehalogenans,1.5166103231489813e-06
Porphyrobacter neustonensis,1.509673682509316e-06
Oscillibacter valericigenes,1.4744816214440347e-06
Nitrosospira lacus,1.4524487034872636e-06
Desulfovibrio sp. G11,1.446050212927652e-06
Sporosarcina psychrophila,1.4404756586872125e-06
Miniimonas sp. S16,1.4306788151507988e-06
Cloacibacillus porcorum,1.4065882258051944e-06
Citrobacter rodentium,1.4055846083271817e-06
Microchaete diplosiphon,1.3991975284177728e-06
Corynebacterium jeikeium,1.3942541477574011e-06
Intrasporangium calvum,1.3801111040212533e-06
Polynucleobacter wuianus,1.3766378480051245e-06
Tenacibaculum mesophilum,1.3747778968342671e-06
Corynebacterium humireducens,1.3625563438424137e-06
Desulfococcus oleovorans,1.3608004680643048e-06
Calditerrivibrio nitroreducens,1.359860741056984e-06
Sphingorhabdus flavimaris,1.3493362136074439e-06
Flavobacterium columnare,1.345444084766001e-06
Gordonia bronchialis,1.338125267524859e-06
Rickettsia rickettsii,1.3310115099196552e-06
Bacteroidetes bacterium Omega,1.330470708560405e-06
Methylocystis bryophila,1.3255190789429605e-06
Enterobacter cloacae complex sp. ECNIH7,1.3064216628277946e-06
Salinisphaera sp. LB1,1.302531835722931e-06
Streptococcus pneumoniae,1.302090992272298e-06
Thiohalobacter thiocyanaticus,1.2998946097741992e-06
Kingella kingae,1.2992959360191847e-06
Rickettsia helvetica,1.2798785457457384e-06
Frankia sp. EAN1pec,1.2786069041315073e-06
Borreliella burgdorferi,1.272368804716706e-06
Corynebacterium mycetoides,1.2650005743131133e-06
Pseudomonas sp. R2-37-08W,1.2639427409810722e-06
Mycolicibacter terrae,1.2635658102722048e-06
Chitinophaga pinensis,1.2568973174920117e-06
Burkholderia sp. MSMB617WGS,1.25557637815632e-06
Turneriella parva,1.2507321958565853e-06
Desulfovibrio sp. FW1012B,1.2429649430156786e-06
Corynebacterium phocae,1.2424158668977725e-06
Brevundimonas sp. LM2,1.2390436065601307e-06
Streptomyces davaonensis,1.2367972918703174e-06
Corynebacterium minutissimum,1.2363754215538592e-06
Rhodococcus fascians,1.220733969309329e-06
Janibacter indicus,1.1876315981984576e-06
Citrobacter freundii complex sp. CFNIH4,1.1868638597478665e-06
Pseudomonas alkylphenolica,1.1868545289672738e-06
Marinithermus hydrothermalis,1.1789949199147998e-06
Sphingopyxis sp. FD7,1.1500623334992356e-06
Pseudomonas sp. FDAARGOS_380,1.1335726845418392e-06
Dietzia timorensis,1.1318274669047667e-06
Desulfotalea psychrophila,1.1312227532922492e-06
Ensifer sojae,1.1033703491980518e-06
Sanguibacter keddieii,1.0793332996694715e-06
Rhizobacter gummiphilus,1.0528694317946119e-06
Lactobacillus paracollinoides,1.0423937590875454e-06
Gramella forsetii,1.0332966289272605e-06
Nitrososphaera viennensis,1.0211534726245475e-06
Pandoraea faecigallinarum,1.0191181890606416e-06
Legionella pneumophila,9.958793699693658e-07
Chromobacterium sp. ATCC 53434,9.920149263153988e-07
Comamonas kerstersii,9.692220504620153e-07
Maribacter cobaltidurans,9.66670311175477e-07
Mycolicibacterium phlei,9.636611653984772e-07
Pseudomonas viridiflava,9.57103306187257e-07
[Pseudomonas] mesoacidophila,9.48168348036127e-07
Streptomyces olivaceus,9.392616654224639e-07
Microterricola viridarii,9.285017235516335e-07
Pararhodospirillum photometricum,9.247401415946044e-07
Rhodovulum sp. MB263,9.180305107214792e-07
Pseudomonas sp. WCS374,9.137152146898586e-07
Paenibacillus swuensis,9.075467848784768e-07
Bordetella holmesii,9.037805213552019e-07
Flavobacteriaceae bacterium 3519-10,9.004407758750332e-07
Sorangium cellulosum,8.999082097504995e-07
Streptomyces sp. Mg1,8.932510319192843e-07
Achromobacter insolitus,8.817145922712654e-07
Comamonas thiooxydans,8.716204219050284e-07
Rickettsia endosymbiont of Ixodes scapularis,8.679329375427258e-07
Mobiluncus curtisii,8.61434364263225e-07
Nakamurella sp. s14-144,8.433770532834117e-07
Geobacter sp. M21,8.377156148542398e-07
Parvularcula bermudensis,8.367849546830896e-07
Chryseobacterium indologenes,8.327002392283233e-07
Methylomonas clara,8.281592659420411e-07
Bacillus thermoamylovorans,8.267295951158715e-07
Desulfotomaculum ferrireducens,8.237924000287223e-07
Rhodococcus sp. BH4,8.232768856641925e-07
Vibrio natriegens,8.105407244052288e-07
Halobacterium salinarum,8.036376944797752e-07
Lawsonella clevelandensis,7.924873930642562e-07
Mycobacterium marinum,7.904692329363528e-07
Sphaerochaeta globosa,7.900810619965171e-07
Microlunatus phosphovorus,7.838476119070848e-07
Legionella oakridgensis,7.756406550152306e-07
Orrella dioscoreae,7.631790133633131e-07
Corynebacterium ureicelerivorans,7.617998968756367e-07
Corynebacterium riegelii,7.577139810255318e-07
Endomicrobium proavitum,7.380198701723018e-07
Cryobacterium arcticum,7.363655064596131e-07
Bacillus glycinifermentans,7.337608587398847e-07
Paracoccus sp. CBA4604,7.325590674733818e-07
Providencia stuartii,7.279186995612363e-07
Simonsiella muelleri,7.265172141446286e-07
Alicycliphilus denitrificans,7.257418487727207e-07
Rathayibacter toxicus,6.945707030858727e-07
Bacteroides caecimuris,6.942099926687817e-07
Plantactinospora sp. KBS50,6.896105317899526e-07
Ahniella affigens,6.865017514012806e-07
Hymenobacter sp. DG25B,6.833841798004059e-07
Azoarcus sp. SY39,6.800222878577955e-07
Xanthomonas gardneri,6.77417136629721e-07
Halomonas sp. N3-2A,6.770888901774796e-07
Olsenella uli,6.755139314806868e-07
Pseudomonas sp. R2-7-07,6.728500104191681e-07
Moorella thermoacetica,6.667468008147992e-07
Pseudohongiella spirulinae,6.648266168474138e-07
Erythrobacter litoralis,6.593737857274462e-07
Azoarcus sp. CIB,6.549478003714526e-07
Cupriavidus sp. USMAA1020,6.545351112441366e-07
Agrococcus carbonis,6.410347141994066e-07
Sphingobium indicum,6.322985908413514e-07
Rhodococcus aetherivorans,6.310955411148456e-07
Salinispira pacifica,6.260352283238291e-07
Yersinia ruckeri,6.252339793677564e-07
Serratia sp. P2ACOL2,6.223732076149347e-07
Altererythrobacter sp. NS1,6.215224058747637e-07
Arachidicoccus sp. BS20,6.19019112324537e-07
Ketobacter alkanivorans,6.181638404489931e-07
Hymenobacter sp. PAMC 26554,6.146826415198703e-07
Maribacter sp. T28,6.096627910290309e-07
Paracoccus zhejiangensis,5.881442106225876e-07
Azoarcus olearius,5.807421995074336e-07
Pirellula staleyi,5.78851450305784e-07
Kibdelosporangium phytohabitans,5.630405929046845e-07
Bacillus weihaiensis,5.494958499552282e-07
Rhizobium sp. S41,5.393878744097691e-07
Microbacterium testaceum,5.318328852199627e-07
Erwinia tasmaniensis,5.220570621133902e-07
Fischerella sp. NIES-3754,5.199306856606966e-07
Haloferax mediterranei,5.193205612430418e-07
Mucinivorans hirudinis,5.176377724236403e-07
Draconibacterium orientale,5.156442060005872e-07
Phycisphaera mikurensis,5.089602517882597e-07
Marinobacter sp. Arc7-DN-1,4.990596284226711e-07
Enterobacteriaceae bacterium strain FGI 57,4.982694007171773e-07
Acinetobacter pittii,4.964103003324283e-07
Planococcus maritimus,4.937205192234728e-07
Bartonella apis,4.932042366956324e-07
Halothiobacillus sp. LS2,4.918335368087057e-07
Sphingomonas sp. NIC1,4.908276039827797e-07
Hafnia paralvei,4.892915292042943e-07
Solitalea canadensis,4.8896268218801e-07
Methanothrix soehngenii,4.802578107865329e-07
Pontibacter korlensis,4.7620338026188593e-07
Chryseobacterium haifense,4.7456183771554805e-07
Martelella mediterranea,4.715257477583279e-07
Gottschalkia acidurici,4.6740742400963595e-07
Thermodesulfobium acidiphilum,4.652014917505554e-07
Phytobacter ursingii,4.640167354796887e-07
Phaeobacter gallaeciensis,4.637993070932822e-07
Vibrio cholerae,4.62332866502102e-07
Planococcus antarcticus,4.57292857136693e-07
Borrelia parkeri,4.5378798365636184e-07
Spongiibacter sp. IMCC21906,4.529047274548503e-07
Glutamicibacter halophytocola,4.523762618280358e-07
Streptomyces sp. CCM_MD2014,4.488422148174465e-07
Cnuibacter physcomitrellae,4.4736224913410894e-07
Acetobacter senegalensis,4.4680163018284703e-07
Fuerstia marisgermanicae,4.4482408538826236e-07
Brevibacillus brevis,4.387737945865666e-07
Gramella sp. SH35,4.3239937452810295e-07
Thermus scotoductus,4.309264898916254e-07
Micromonospora chokoriensis,4.2244862974438746e-07
Streptomyces hygroscopicus,4.178854461800441e-07
Oleiphilus messinensis,4.154416541668482e-07
Pannonibacter phragmitetus,4.151744281699621e-07
Deinococcus peraridilitoris,4.141642678368029e-07
Acidimicrobium ferrooxidans,4.0837477432997815e-07
Salinibacterium sp. CGMCC 1.16371,4.0770850657789736e-07
Winogradskyella sp. J14-2,4.056134790264565e-07
Corynebacterium aurimucosum,4.0363309798951975e-07
Sulfurifustis variabilis,4.03498923207124e-07
Bdellovibrio exovorus,4.033642351020106e-07
Spirosoma rigui,4.0318515392989696e-07
Chlorobaculum parvum,4.020004191751525e-07
Erythrobacter sp. KY5,4.0143648065704697e-07
Prosthecochloris sp. GSB1,4.000566975248532e-07
Streptomyces globosus,3.9747959359459626e-07
Flavobacteriaceae bacterium MAR_2010_188,3.960827738458406e-07
Corynebacterium glaucum,3.9395556667987107e-07
Isoptericola dokdonensis,3.9392966397766573e-07
Halalkalicoccus jeotgali,3.914775779101376e-07
Desulfococcus multivorans,3.901559525898435e-07
Bacillus kochii,3.895090877836793e-07
Corynebacterium pseudotuberculosis,3.8927487813200654e-07
Sediminispirochaeta smaragdinae,3.8899359424693356e-07
Chromobacterium vaccinii,3.8790600438431965e-07
Methylorubrum extorquens,3.831910442952946e-07
Polaribacter sp. SA4-10,3.8243196984755203e-07
Micropruina glycogenica,3.762734036572013e-07
Piscirickettsia salmonis,3.7417819893637015e-07
Corynebacterium maris,3.667524330230876e-07
Aquaspirillum sp. LM1,3.631868382925063e-07
Proteus mirabilis,3.6246013268570465e-07
Meiothermus silvanus,3.6092760540284986e-07
Desulfobacter postgatei,3.56874243467864e-07
Thermosediminibacter oceani,3.5587562823291564e-07
Pseudomonas sihuiensis,3.519162105503071e-07
Vibrio owensii,3.5131252780207233e-07
Oceanobacillus iheyensis,3.4987899293348336e-07
Leclercia sp. LSNIH1,3.482465779525157e-07
Calothrix sp. NIES-2100,3.4753060174086414e-07
Synechococcus sp. RCC307,3.466723373923841e-07
Bacillus foraminis,3.422926600382681e-07
Neisseria elongata,3.4091963485582966e-07
Methylobacterium sp. XJLW,3.404670806617105e-07
Hippea maritima,3.3753139343506434e-07
Prosthecochloris aestuarii,3.352662071076651e-07
Altererythrobacter epoxidivorans,3.3404562980177135e-07
Rhodococcus sp. PBTS 1,3.312137933475512e-07
Geoalkalibacter subterraneus,3.288712762117285e-07
Pseudomonas guangdongensis,3.2415866197954556e-07
Pseudomonas sp. VLB120,3.198913332891351e-07
Arsenicicoccus sp. oral taxon 190,3.180848473727238e-07
Curtobacterium sp. MR_MD2014,3.1725484985756223e-07
Microbulbifer aggregans,3.1436027603248817e-07
Tenacibaculum maritimum,3.087694819159381e-07
Beutenbergia cavernae,3.081832779416871e-07
Corynebacterium flavescens,3.032646712863851e-07
Lonsdalea britannica,2.999959163529908e-07
Tessaracoccus flavus,2.961433603232422e-07
Salinigranum rubrum,2.9572291830870513e-07
Aeromicrobium marinum,2.9364285278887794e-07
Geobacter daltonii,2.904895304078892e-07
Desulfarculus baarsii,2.830906100426134e-07
Desulfosporosinus youngiae,2.827741939492867e-07
Nitrosospira multiformis,2.799060920599672e-07
Teredinibacter turnerae,2.790214792103285e-07
Deinococcus puniceus,2.767496724009888e-07
Phaeobacter sp. LSS9,2.726586806778286e-07
Sinorhizobium medicae,2.722587255421516e-07
Rhizobium sp. N324,2.714194102804157e-07
Paenibacillaceae bacterium GAS479,2.694421859850138e-07
Polaribacter reichenbachii,2.688863343314196e-07
Parageobacillus genomosp. 1,2.6585597057149357e-07
Victivallales bacterium CCUG 44730,2.65694553158724e-07
Blastomonas fulva,2.617167695007083e-07
Sodalis praecaptivus,2.6097973588878886e-07
Elizabethkingia meningoseptica,2.5953955755664283e-07
Thermus oshimai,2.585011805500415e-07
Haematospirillum jordaniae,2.578759046079071e-07
Rhodomicrobium vannielii,2.5740895330805814e-07
Halobacterium hubeiense,2.544615461230748e-07
Labrenzia aggregata,2.528404127177808e-07
Pacmanvirus A23,2.4805481957379527e-07
Enterobacteriaceae bacterium w17,2.465940443618919e-07
Treponema azotonutricium,2.4479998326221166e-07
Candidatus Methanomethylophilus alvus,2.4361991917132287e-07
Gilvibacter sp. SZ-19,2.4271454943658457e-07
Tenacibaculum jejuense,2.393563704128354e-07
Brachybacterium ginsengisoli,2.385979971153418e-07
Maribacter sp. HTCC2170,2.3829290365373624e-07
Clostridium carboxidivorans,2.3795144901139765e-07
Synechococcus sp. KORDI-49,2.3630783709815973e-07
Vibrio fluvialis,2.2759160187568738e-07
Cupriavidus sp. USMAA2-4,2.268847791642159e-07
Planctopirus limnophila,2.2608635583676317e-07
Tsukamurella paurometabola,2.195015485373375e-07
Rothia dentocariosa,2.1771833869088653e-07
Bacteroides dorei,2.1575181703425982e-07
Aeromonas sp. ASNIH5,2.1289810869795645e-07
Capnocytophaga stomatis,2.0866783871920093e-07
Candidatus Puniceispirillum marinum,2.079282911848779e-07
Kiritimatiella glycovorans,2.0770296387251365e-07
Isosphaera pallida,2.0408317560338674e-07
Sediminicola sp. YIK13,2.0369305235856673e-07
Yoonia vestfoldensis,2.0058153180624316e-07
Sulfitobacter sp. D7,1.9916464042424308e-07
Microbacterium paraoxydans,1.960476895934704e-07
Candidatus Bipolaricaulis anaerobius,1.9518982170563247e-07
Auritidibacter sp. NML130574,1.9099261712174352e-07
Candidatus Xiphinematobacter sp. Idaho Grape,1.900074660499129e-07
Corynebacterium sphenisci,1.8892936939352012e-07
Alteromonas sp. RKMC-009,1.8464104387660995e-07
Gordonia rubripertincta,1.8454017858271499e-07
Clostridiales bacterium CCNA10,1.809764953897286e-07
Crinalium epipsammum,1.7903680060715743e-07
Roseburia hominis,1.7191510519598553e-07
Xylella taiwanensis,1.6945052692118878e-07
Halomonas sp. HL-93,1.6764457484441663e-07
Hirschia baltica,1.6750836551171489e-07
Sporosarcina ureae,1.6640248081678522e-07
Sphingopyxis sp. QXT-31,1.6629215264796217e-07
Hoeflea phototrophica,1.662869682172996e-07
Flavobacterium kingsejongi,1.6457454359297686e-07
Deinococcus proteolyticus,1.634171106879023e-07
Pseudomonas sp. R3-52-08,1.6253266088561702e-07
Desulfitobacterium metallireducens,1.6217571985333024e-07
Candidatus Planktophila lacus,1.619674634634194e-07
Haloplanus sp. CBA1113,1.615450017977693e-07
Sodalis glossinidius,1.6066502961376017e-07
Yersinia pseudotuberculosis,1.6026268514490739e-07
Parasaccharibacter apium,1.590543126539501e-07
Methylorubrum populi,1.5563143971331072e-07
Chthonomonas calidirosea,1.5540257827240112e-07
Enterococcus faecium,1.514471873687029e-07
Lactobacillus zymae,1.491614723514445e-07
Desulfovibrio gigas,1.488656843573466e-07
Vibrio coralliilyticus,1.4782069772678598e-07
Hymenobacter sp. PAMC 26628,1.4715436180701147e-07
Nonlabens sp. Hel1_33_55,1.4679940070205787e-07
Flavobacteriaceae bacterium UJ101,1.4642446493073892e-07
Oceanithermus profundus,1.4384512054821385e-07
Thermoplasmatales archaeon BRNA1,1.389626925973886e-07
Candidatus Planktophila versatilis,1.3520243107301156e-07
Actinomyces oris,1.34453153943781e-07
Brevibacterium sandarakinum,1.3411554362630084e-07
Alkalitalea saponilacus,1.3212679352836432e-07
Oscillibacter sp. PEA192,1.285110944992951e-07
Synechococcus sp. WH 7803,1.244752019902151e-07
Bordetella pseudohinzii,1.244580020376418e-07
Halorhodospira halochloris,1.225481349065305e-07
Cellvibrio sp. PSBB023,1.2122307153639155e-07
Comamonas testosteroni,1.2015474442073072e-07
Chlorobium chlorochromatii,1.196345516651931e-07
Tamlana sp. UJ94,1.1798599504064811e-07
Confluentimicrobium sp. EMB200-NS6,1.175594021241011e-07
Paenibacillus stellifer,1.1574256879587352e-07
Corynebacterium aquilae,1.1411186506826709e-07
Bordetella genomosp. 6,1.138716800852535e-07
Delftia tsuruhatensis,1.1310699270516977e-07
Klebsiella quasipneumoniae,1.1250113356453539e-07
Geobacter sp. DSM 9736,1.0669660082118781e-07
Nitratiruptor sp. SB155-2,1.057964614581408e-07
Ochrobactrum pseudogrignonense,1.0480335923546136e-07
Klebsiella oxytoca,1.0421561131845891e-07
Aminomonas paucivorans,9.996768159936665e-08
Natronococcus occultus,9.961143421222118e-08
Rhodococcus sp. PBTS 2,9.924960993057397e-08
Planococcus plakortidis,9.666035314381815e-08
Synechococcus sp. KORDI-100,9.570836876360289e-08
Fischerella sp. NIES-4106,9.542078109880947e-08
Isoptericola variabilis,9.449697497831977e-08
Reinekea forsetii,9.381003087671758e-08
Lactococcus sp. 1JSPR-7,9.151114126471071e-08
Corynebacterium geronticis,9.06062232353122e-08
Spiribacter curvatus,9.01551999277217e-08
Paenalcaligenes hominis,8.990883622050916e-08
Thermus thermophilus,8.73012309332566e-08
Dehalobacterium formicoaceticum,8.639412480970776e-08
Lysinibacillus sphaericus,8.509417497304383e-08
Phaeobacter porticola,8.333391827708425e-08
Paenibacillus sp. Y412MC10,8.060015885824611e-08
Bacillus pumilus,7.7988502189541e-08
Pelobacter sp. SFB93,7.785625626421932e-08
Idiomarina loihiensis,7.676103637166421e-08
Waddlia chondrophila,7.550274416789904e-08
Dietzia sp. oral taxon 368,7.344441830259285e-08
Aureitalea sp. RR4-38,7.338986194316277e-08
Thermovirga lienii,6.894898376685888e-08
Paracoccus mutanolyticus,6.891946207066013e-08
Cronobacter condimenti,6.864599044753561e-08
Paenibacillus peoriae,6.832905496967356e-08
Bacteroides ovatus,6.806144492443877e-08
Clostridium chauvoei,6.769120755034664e-08
Anderseniella sp. Alg231-50,6.728374826181494e-08
Paenibacillus lentus,6.693574290395077e-08
Mariprofundus aestuarium,6.61090094000727e-08
Nitrosococcus watsonii,6.57465179187966e-08
Rivularia sp. PCC 7116,6.442402271655822e-08
Leptospira alstonii,6.410935542433549e-08
Halomonas sp. A3H3,6.392495290885592e-08
Halioglobus pacificus,6.28833744853452e-08
Sagittula sp. P11,6.093157647324433e-08
Humibacter sp. BT305,6.064264626015615e-08
Alistipes sp. Marseille-P5997,5.726265972505473e-08
Enterobacter sp. Crenshaw,5.709742141313257e-08
Marinomonas mediterranea,5.645929113118342e-08
Candidatus Planktophila dulcis,5.610120337173896e-08
Thermanaeromonas toyohensis,5.591472687083154e-08
Paenibacillus larvae,5.464332135662886e-08
Delftia sp. Cs1-4,5.415883614912076e-08
Candidatus Methylopumilus turicensis,5.388628385727401e-08
Rhodobacteraceae bacterium BAR1,5.2427489727335794e-08
Neisseria cinerea,5.1255678545913955e-08
Geobacillus subterraneus,5.100891566911514e-08
Dichelobacter nodosus,4.9733589890799125e-08
Methanosphaerula palustris,4.958356205619907e-08
Leptospira santarosai,4.922963767750588e-08
Hymenobacter sp. DG25A,4.908315609508662e-08
Vibrio gazogenes,4.850490322727552e-08
Sphingopyxis alaskensis,4.8236849248262106e-08
Pseudarcicella sp. HME7025,4.8121482620899767e-08
Alcanivorax xenomutans,4.797056494254548e-08
Yangia sp. CCB-MM3,4.754628490921675e-08
Lacinutrix venerupis,4.594487967857219e-08
Acinetobacter radioresistens,4.463092295736715e-08
Leptospirillum sp. Group II 'CF-1',4.207518866650162e-08
Bacteroides fragilis,4.066694656579273e-08
Seonamhaeicola sp. S2-3,3.946300632939881e-08
Gibbsiella quercinecans,3.8828748571972936e-08
Pectobacterium wasabiae,3.798601433402382e-08
Actinomyces sp. Chiba101,3.7422716370194564e-08
Clostridium scatologenes,3.2808312200316435e-08
Zymobacter palmae,3.1853455495500785e-08
Peptoclostridium acidaminophilum,3.082353265959625e-08
Halopiger xanaduensis,3.07159864876283e-08
Neoasaia chiangmaiensis,2.995549646112039e-08
Thermanaerovibrio acidaminovorans,2.9812987900612595e-08
Agrococcus jejuensis,2.9392407308037603e-08
Natrinema sp. J7-2,2.7272926694799082e-08
Nitrosococcus halophilus,2.6292499577529326e-08
Gordonia sp. KTR9,2.5750570364913016e-08
Desulfuromonas sp. DDH964,2.4722939806487432e-08
Thermus aquaticus,2.469088933310104e-08
Acidithiobacillus ferrooxidans,2.4552420008205898e-08
Anaplasma marginale,2.3951478866912623e-08
Methanofollis liminatans,2.3819948613557074e-08
Synechococcus sp. JA-3-3Ab,2.3819948591352612e-08
Chlorobaculum limnaeum,2.2890173734246845e-08
Streptomyces sp. CFMR 7,2.2644253538928182e-08
Aggregatibacter aphrophilus,2.2408380795369e-08
Corynebacterium variabile,2.1838906727467134e-08
Deinococcus wulumuqiensis,2.1659505855531336e-08
Sedimentisphaera cyanobacteriorum,1.9901306957947894e-08
Aeromonas sp. CA23,1.968417153719315e-08
Arcanobacterium haemolyticum,1.9647825322266498e-08
Proteus vulgaris,1.8936713019890306e-08
Jonesia denitrificans,1.8905909637823014e-08
Halothiobacillus neapolitanus,1.8486246267102046e-08
Eikenella corrodens,1.8260942424852544e-08
Anabaenopsis circularis,1.7562678644722496e-08
Frateuria aurantia,1.7502451910011986e-08
Serinicoccus sp. JLT9,1.7441661159800504e-08
Mycobacterium sp. QIA-37,1.736681067843193e-08
Capnocytophaga haemolytica,1.7327604706629528e-08
Lutibacter profundi,1.732760468442507e-08
Neisseria sp. 10023,1.6567067295802927e-08
Collinsella aerofaciens,1.6487727516611983e-08
Erythrobacter seohaensis,1.64479823760999e-08
Caldanaerobacter subterraneus,1.613324858151799e-08
Vibrio breoganii,1.599094434645565e-08
Acidothermus cellulolyticus,1.5503742556433054e-08
Corynebacterium cystitidis,1.5387358032192823e-08
Shewanella halifaxensis,1.4649546420386627e-08
Nitrosomonas eutropha,1.3707168289300853e-08
Legionella lansingensis,1.3620404204495173e-08
Fibrobacter succinogenes,1.3187832581529335e-08
Agarivorans gilvus,1.3117437958065637e-08
Clostridium isatidis,1.300403240644954e-08
Haloterrigena turkmenica,1.2689254247355564e-08
Methanosaeta harundinacea,1.2102921931322897e-08
Nocardioides sp. 603,1.1970701074837109e-08
Porphyrobacter sp. LM 6,1.1930580590124861e-08
Brachybacterium sp. VR2415,1.1571224667328295e-08
Novibacillus thermophilus,1.0652546245104588e-08
Thermoclostridium stercorarium,1.0392468441366987e-08
Magnetococcus marinus,1.0380172499324658e-08
Lysobacter sp. TY2-98,1.0157565100143983e-08
Elizabethkingia ursingii,9.801201583670149e-09
Synechococcus lividus,9.389395372316756e-09
Microbulbifer agarilyticus,9.1847118799393e-09
Lactobacillus rhamnosus,8.96336564970568e-09
Shewanella psychrophila,8.66037930258301e-09
Candidatus Sodalis pierantonius,8.528339456859157e-09
Legionella waltersii,8.119235062054031e-09
Dickeya dadantii,8.090670400306977e-09
Clostridium drakei,7.950593849948007e-09
Selenomonas ruminantium,7.859842776625214e-09
Roseovarius mucosus,7.714161398553187e-09
Francisella tularensis,7.69991377325141e-09
[Eubacterium] minutum,6.850004985459179e-09
Arcanobacterium phocae,6.538369801134536e-09
Flavobacteriaceae bacterium,6.538369778930075e-09
Neisseria mucosa,6.407190378254768e-09
Acidaminococcus intestini,6.197300006505202e-09
Morganella morganii,6.132390040214375e-09
Acidaminococcus fermentans,6.092241555677447e-09
Shewanella benthica,5.8739741293223345e-09
Aurantimicrobium sp. MWH-Mo1,5.8516467227320845e-09
Candidatus Coxiella mudrowiae,5.0305421162022416e-09
Sulfurovum sp. NBC37-1,4.9769441901048594e-09
Halopenitus persicus,4.435278211367688e-09
Marichromatium purpuratum,4.1429697228423376e-09
Tateyamaria omphalii,4.1371055026218075e-09
Halobiforma lacisalsi,4.109937323804047e-09
Desulfurispirillum indicum,3.967672146387713e-09
Sulfurospirillum multivorans,3.9380021021884206e-09
Moraxella bovoculi,3.8320548512160714e-09
Bordetella sp. HZ20,3.6931487867875035e-09
Cyanobium gracile,2.6705112121661047e-09
Wolinella succinogenes,2.648531616245009e-09
Vibrio anguillarum,2.5103145784299842e-09
Thermotoga sp. RQ7,2.4028365963602027e-09
Tenacibaculum todarodis,2.3571446128300976e-09
Halothermothrix orenii,2.2706434732455704e-09
Stenotrophomonas sp. YAU14A_MKIMI4_1,2.158099565718885e-09
Campylobacter gracilis,2.0909215914244326e-09
Rhodovulum sp. P5,2.076564342701204e-09
Martelella endophytica,2.016597000498166e-09
Salmonella bongori,2.016597000498166e-09
Exiguobacterium sp. AT1b,2.016597000498166e-09
Hydrogenophilus thermoluteolus,2.0129551137060276e-09
Legionella hackeliae,1.6132776003985328e-09
Desulfitobacterium dehalogenans,1.507583924365008e-09
Yersinia rohdei,1.4765548339568113e-09
Bacteroides helcogenes,1.3733977732854897e-09
Bacillus cohnii,1.0766994407163111e-09
Lysinibacillus sp. Marseille-P5727,1.027572116285569e-09
Rhodobacter blasticus,9.260006761380168e-10
Plantibacter flavus,7.263169399251979e-10
Ammonifex degensii,4.932509956034892e-10
Legionella fallonii,1.4517727020546546e-10
Halocynthiibacter arcticus,0.0
Bacteroides zoogleoformans,0.0
Halomonas sp. GT,0.0
Idiomarina sp. OT37-5b,0.0
Paenibacillus physcomitrellae,0.0
Brucella abortus,0.0
Bacteroidales bacterium CF,0.0
Candidatus Nucleicultrix amoebiphila,0.0
Bacteroides salanitronis,0.0
Owenweeksia hongkongensis,0.0
Burkholderiales bacterium YL45,0.0
Bacteroides heparinolyticus,0.0
Thermococcus kodakarensis,0.0
Pseudoalteromonas carrageenovora,0.0
Pseudoalteromonas piscicida,0.0
Pseudoalteromonas spongiae,0.0
Pseudodesulfovibrio piezophilus,0.0
Formosa sp. Hel3_A1_48,0.0
Candidatus Endolissoclinum faulkneri,0.0
Serratia sp. MYb239,0.0
Corynebacterium falsenii,0.0
Polynucleobacter difficilis,0.0
Corynebacterium renale,0.0
Pontimonas salivibrio,0.0
Serratia sp. ATCC 39006,0.0
Clostridium cellulovorans,0.0
Thioploca ingrica,0.0
Tropheryma whipplei,0.0
Trichormus azollae,0.0
Proteiniphilum saccharofermentans,0.0
Brucella sp. 09RB8471,0.0
Brucella sp. 09RB8910,0.0
Pseudodesulfovibrio profundus,0.0
Calothrix parasitica,0.0
Treponema sp. OMZ 838,0.0
Burkholderia sp. MSMB1588,0.0
Olleya sp. Bg11-27,0.0
Maribacter sp. 1_2014MBL_MicDiv,0.0
Oscillatoria acuminata,0.0
Odoribacter splanchnicus,0.0
Rhodococcus biphenylivorans,0.0
Paenibacillus yonginensis,0.0
Pajaroellobacter abortibovis,0.0
Halomonas sp. SF2003,0.0
Halomonas subglaciescola,0.0
Rhodopirellula baltica,0.0
Brucella vulpis,0.0
Acinetobacter sp. ACNIH2,0.0
Acinetobacter sp. ACNIH1,0.0
Thermotoga caldifontis,0.0
Acinetobacter schindleri,0.0
Thermovibrio ammonificans,0.0
Anabaena sp. WA102,0.0
Alteromonas macleodii,0.0
Acinetobacter oleivorans,0.0
Actinoalloteichus hoggarensis,0.0
Calothrix sp. PCC 7507,0.0
Lachnospiraceae bacterium oral taxon 500,0.0
Methanolacinia petrolearia,0.0
Synechococcus sp. CC9902,0.0
Tolumonas auensis,0.0
Synechococcus sp. PCC 6312,0.0
Synechococcus sp. PCC 7003,0.0
Actinobacteria bacterium IMCC26077,0.0
Virgibacillus sp. 6R,0.0
Methanopyrus sp. KOL6,0.0
Methanoregula boonei,0.0
Vibrio scophthalmi,0.0
Yersinia massiliensis,0.0
Zoogloeaceae bacteirum Par-f-2,0.0
Actinomyces sp. VUL4_3,0.0
Actinomyces hongkongensis,0.0
Desulfotomaculum ruminis,0.0
Yersinia kristensenii,0.0
Synechococcus sp. NIES-970,0.0
Exiguobacterium sp. MH3,0.0
Belliella baltica,0.0
Echinicola strongylocentroti,0.0
Algibacter alginicilyticus,0.0
Borreliella bavariensis,0.0
Bifidobacterium pseudocatenulatum,0.0
Alistipes finegoldii,0.0
Alistipes shahii,0.0
Bifidobacterium kashiwanohense,0.0
Melioribacter roseus,0.0
Treponema pallidum,0.0
Rufibacter tibetensis,0.0
Ruminococcaceae bacterium CPB6,0.0
Rufibacter sp. DG15C,0.0
Saccharospirillum mangrovi,0.0
Corynebacterium crudilactis,0.0
Nostoc carneum,0.0
Nonlabens sp. MB-3u-79,0.0
Corynebacterium casei,0.0
Marinobacter psychrophilus,0.0
Thermus sp. CCB_US3_UF1,0.0
Cyclobacterium marinum,0.0
Thermosulfidibacter takaii,0.0
Thermosynechococcus elongatus,0.0
Exiguobacterium sp. N4-1P,0.0
Microcoleus sp. PCC 7113,0.0
Acinetobacter sp. TGL-Y2,0.0
Fluoribacter dumoffii,0.0
Chania multitudinisentens,0.0
Kosakonia sacchari,0.0
Nonlabens marinus,0.0
Leptolyngbya boryana,0.0
Photobacterium damselae,0.0
Photorhabdus laumondii,0.0
Gardnerella vaginalis,0.0
Aquifex aeolicus,0.0
[Clostridium] saccharolyticum,0.0
[Clostridium] cellulosi,0.0
Acinetobacter junii,0.0
Xanthomonas axonopodis,0.0
Acinetobacter sp. WCHA45,0.0
Paenibacillus bovis,0.0
Desulfallas gibsoniae,0.0
Desulfocapsa sulfexigens,0.0
Elusimicrobium minutum,0.0
Haloarcula taiwanensis,0.0
Pectobacterium polaris,0.0
Candidatus Profftella armatura,0.0
Capnocytophaga leadbetteri,0.0
Carboxydothermus hydrogenoformans,0.0
Spirochaeta africana,0.0
Jonquetella anthropi,0.0
Chroococcidiopsis thermalis,0.0
Pelodictyon phaeoclathratiforme,0.0
Planococcus rifietoensis,0.0
Chromobacterium sp. IIBBL 274-1,0.0
Tepidanaerobacter acetatoxydans,0.0
Aneurinibacillus sp. XH2,0.0
Terribacillus goriensis,0.0
Leptospira kmetyi,0.0
Candidatus Protochlamydia naegleriophila,0.0
Persicobacter sp. JZB09,0.0
Vibrio diabolicus,0.0
Methylorubrum zatmanii,0.0
Acetobacterium sp. KB-1,0.0
Vibrio nigripulchritudo,0.0
Pseudothermotoga hypogea,0.0
Robiginitalea biformata,0.0
Rhodocyclaceae bacterium,0.0
Acaryochloris marina,0.0
Mesorhizobium phage vB_MloP_Lo5R7ANS,0.0
Marinobacter sp. es.042,0.0
Muricauda ruestringensis,0.0
Muricauda lutaonensis,0.0
Muribaculum intestinale,0.0
Desulfurella acetivorans,0.0
Corynebacterium stationis,0.0
Croceibacter atlanticus,0.0
Acinetobacter wuhouensis,0.0
[Clostridium] sphenoides,0.0
Dehalogenimonas lykanthroporepellens,0.0
Dehalogenimonas formicexedens,0.0
Cyanothece sp. PCC 7424,0.0
Cyanothece sp. ATCC 51142,0.0
Megasphaera hexanoica,0.0
Methanocella conradii,0.0
Vibrio mediterranei,0.0
Dickeya sp. CSL RW240,0.0
Ralstonia pseudosolanacearum,0.0
Aeromonas dhakensis,0.0
Turicibacter sp. H121,0.0
Vibrio campbellii,0.0
Cupriavidus sp. USMAHM13,0.0
Elizabethkingia miricola,0.0
Eggerthella sp. YY7918,0.0
Methanocella arvoryzae,0.0
Shewanella sp. WE21,0.0
Shewanella sp. FDAARGOS_354,0.0
Shewanella sp. ANA-3,0.0
Nodularia spumigena,0.0
Calothrix sp. NIES-3974,0.0
Shewanella sediminis,0.0
Geobacillus sp. GHH01,0.0
Neisseria sp. 10022,0.0
Plesiomonas shigelloides,0.0
Polaribacter sp. Hel1_33_78,0.0
Shewanella marisflavi,0.0
Syntrophobotulus glycolicus,0.0
Clostridium argentinense,0.0
Chlorobium phaeovibrioides,0.0
Gordonia sp. YC-JH1,0.0
Lactobacillus casei,0.0
Geobacillus thermocatenulatus,0.0
Clostridium tyrobutyricum,0.0
Porphyromonas gingivalis,0.0
Propionimicrobium sp. Marseille-P3275,0.0
Propionibacterium sp. oral taxon 193,0.0
Prochlorococcus marinus,0.0
Thermodesulfobacterium geofontis,0.0
Gallaecimonas sp. HK-28,0.0
Shewanella algae,0.0
Clostridium sp. SY8519,0.0
Clostridium estertheticum,0.0
Serratia sp. SSNIH1,0.0
Mahella australiensis,0.0
Rhodobacteraceae bacterium QY30,0.0
Thauera hydrothermalis,0.0
Thermoanaerobacterium thermosaccharolyticum,0.0
Shewanella amazonensis,0.0
Ndongobacter massiliensis,0.0
Spiribacter salinus,0.0
Paracoccus sp. SC2-6,0.0
Oceanicoccus sagamiensis,0.0
Bacillus sp. OxB-1,0.0
Bacillus sp. FJAT-45348,0.0
Bacillus cellulosilyticus,0.0
Staphylococcus epidermidis,0.0
Lacinutrix sp. 5H-3-7-4,0.0
Candidatus Babela massiliensis,0.0
Candidatus Azobacteroides pseudotrichonymphae,0.0
Candidatus Aquiluna sp. UB-MaderosW2red,0.0
Nitrosomonas sp. Is79A3,0.0
Petrimonas mucosa,0.0
Candidatus Rhodoluna planktonica,0.0
Lachnospiraceae bacterium GAM79,0.0
Lachnoclostridium phocaeense,0.0
Candidatus Cloacimonas acidaminovorans,0.0
Pseudomonas avellanae,0.0
Salinimonas sp. HMF8227,0.0
Saprospira grandis,0.0
Serratia rubidaea,0.0
Nitrosococcus oceani,0.0
Synechococcus sp. WH 8109,0.0
Oceanisphaera profunda,0.0
Klebsiella variicola,0.0
Synechococcus sp. CC9311,0.0
Chromatiaceae bacterium 2141T.STBD.0c.01a,0.0
Bacillus xiamenensis,0.0
Bacillus cytotoxicus,0.0
Jeotgalibacillus malaysiensis,0.0
Nostocales cyanobacterium HT-58-2,0.0
Nostoc sp. PCC 7107,0.0
Nostoc piscinale,0.0
Aurantimicrobium minutum,0.0
Lelliottia nimipressuralis,-2.2204460492503132e-17
Erwinia pyrifoliae,-2.2204460492503132e-17
Gloeomargarita lithophora,-9.610658935343963e-11
Pseudanabaena sp. PCC 7367,-1.3331371562230742e-10
Dickeya zeae,-1.6171366468142878e-10
alpha proteobacterium HIMB59,-1.74485959014703e-10
Clostridium sp. JN500901,-3.6484955057147773e-10
Prevotella enoeca,-4.22774704134099e-10
Bathymodiolus septemdierum thioautotrophic gill symbiont,-4.227747263385595e-10
Xenorhabdus hominickii,-6.4339866767682e-10
Octadecabacter antarcticus,-9.807359369062851e-10
Desulfosporosinus orientis,-1.23739283264257e-09
Ruegeria sp. TM1040,-1.3746423777050155e-09
Thermoanaerobacterium sp. RBIITD,-1.6608261654837974e-09
Selenomonas sp. oral taxon 920,-2.2423922052539068e-09
Bifidobacterium catenulatum,-2.4904451834117936e-09
Bernardetia litoralis,-2.9234045628712123e-09
Thermoproteus uzoniensis,-3.0534848205476805e-09
Cloacibacterium normanense,-3.3433961821316417e-09
Paraglaciecola psychrophila,-3.3452591363669628e-09
Acidipropionibacterium virtanenii,-3.5161529465810303e-09
Alicyclobacillus acidocaldarius,-3.5656163799302475e-09
Planktothrix agardhii,-3.658501057657304e-09
Burkholderia sp. KJ006,-3.6846552919911345e-09
Microcystis aeruginosa,-3.994421193809217e-09
Snodgrassella alvi,-4.016231347492294e-09
Marivivens sp. JLT3646,-4.135320441633894e-09
Propionibacterium freudenreichii,-4.411225718037315e-09
Salegentibacter salegens,-4.917480223021187e-09
Halomonas sp. hl-4,-5.902220934217439e-09
Bacillus coagulans,-6.092065074625452e-09
Geobacillus thermoleovorans,-6.509545769084468e-09
Synechococcus sp. JA-2-3B'a(2-13),-7.0525307371838155e-09
Chlorobium phaeobacteroides,-7.328724827004862e-09
Phytobacter sp. SCO41,-7.328724849209323e-09
Marinobacter similis,-7.349683905921722e-09
Aurantimicrobium sp. MWH-Uga1,-7.526205458852076e-09
Lachnoclostridium sp. YL32,-8.858026689928523e-09
Gammaproteobacteria bacterium DM2,-8.963851660936939e-09
Vibrio furnissii,-8.984503385711662e-09
gamma proteobacterium HdN1,-9.142090462432862e-09
Kushneria marisflavi,-9.17534637157047e-09
Methylacidiphilum fumariolicum,-9.229646291686322e-09
Aquitalea magnusonii,-9.787987043097245e-09
Rhodospirillum centenum,-9.871873918321229e-09
Corynebacterium simulans,-1.0034936637204339e-08
Corynebacterium epidermidicanis,-1.0131624295084407e-08
Rhodobacteraceae bacterium,-1.0394690530546313e-08
Carboxydocella thermautotrophica,-1.0782630610606248e-08
Glaesserella parasuis,-1.1743120809093455e-08
Dickeya sp. NCPPB 3274,-1.2048691577781767e-08
Desulfofarcimen acetoxidans,-1.2243930336275355e-08
Spirosoma montaniterrae,-1.244927836374643e-08
Clostridium novyi,-1.3349345717728056e-08
Capnocytophaga canimorsus,-1.3817414590278077e-08
Corynebacterium resistens,-1.4006536286359506e-08
Rhodococcus jostii,-1.4216677768352782e-08
Algoriphagus machipongonensis,-1.4231863576519288e-08
Aequorivita sublithincola,-1.586350113491619e-08
Edwardsiella anguillarum,-1.6079447284766956e-08
Marinobacter sp. CP1,-1.6210303410701955e-08
Desulfovibrio africanus,-1.6474575770253352e-08
Bacteriovorax stolpii,-1.7028462151458256e-08
Acetobacter tropicalis,-1.708775572151211e-08
Polaribacter sp. ALD11,-1.735152417303709e-08
Halomonas aestuarii,-1.8331156326212294e-08
Saccharomonospora azurea,-1.8530541590067174e-08
Thermanaerovibrio velox,-1.874223041209433e-08
Salinarchaeum sp. Harcht-Bsk1,-2.0933569211400993e-08
Vibrio parahaemolyticus,-2.1321114807015818e-08
Brevefilum fermentans,-2.167099555361318e-08
Acetomicrobium mobile,-2.1695616569950005e-08
Shewanella baltica,-2.1774516989481184e-08
Formosa sp. Hel1_31_208,-2.2702624136172743e-08
Nitratireductor sp. OM-1,-2.2754360951005026e-08
Christensenella sp. Marseille-P3954,-2.353750090389184e-08
Exiguobacterium sibiricum,-2.4282918942297727e-08
Bacteroides caccae,-2.569727013401746e-08
Coxiella burnetii,-2.5839580430897512e-08
Idiomarinaceae bacterium HL-53,-2.5839580430897512e-08
Aquimarina sp. AD10,-2.6542295694653717e-08
Halanaeroarchaeum sulfurireducens,-2.7299169502725816e-08
Rothia mucilaginosa,-2.7653784329118025e-08
Polaribacter sp. SA4-12,-2.816269497607493e-08
Clostridium bornimense,-2.855707295079668e-08
Porphyrobacter HT-58-2,-2.95412792450378e-08
Gynuella sunshinyii,-3.0881703372287464e-08
Gloeobacter kilaueensis,-3.0974439568787204e-08
Corynebacterium sp. ATCC 6931,-3.115919153806601e-08
Nostoc linckia,-3.1250401266724737e-08
Pragia fontium,-3.188766861672576e-08
Lentibacillus amyloliquefaciens,-3.188766863893022e-08
Methylovorus glucosotrophus,-3.198423170758247e-08
Intestinimonas butyriciproducens,-3.225839739773306e-08
Dickeya paradisiaca,-3.268460051497612e-08
Ethanoligenens harbinense,-3.3695223788932085e-08
Siansivirga zeaxanthinifaciens,-3.3849256086959655e-08
Alcanivorax pacificus,-3.402337760416429e-08
Megasphaera stantonii,-3.4336223952990964e-08
Flavobacterium indicum,-3.4648948665783055e-08
Dialister sp. Marseille-P5638,-3.468718705601503e-08
Candidatus Nanopelagicus limnes,-3.516656166269172e-08
Neisseria zoodegmatis,-3.549135023650507e-08
Granulosicoccus antarcticus,-3.710466229822629e-08
Thalassospira xiamenensis,-3.796454277615879e-08
Cutibacterium granulosum,-3.815492413128396e-08
Leisingera methylohalidivorans,-3.87285212788413e-08
Cryptobacterium curtum,-3.9799743034585334e-08
Aminobacterium colombiense,-4.03121765746306e-08
Arthrobacter sp. ZXY-2,-4.130593509454883e-08
Rhodococcus ruber,-4.201372656442715e-08
Enterobacter sp. R4-368,-4.386711367487806e-08
Brevirhabdus pacifica,-4.547563907664198e-08
Thalassococcus sp. SH-1,-4.871787468996303e-08
Methylomonas methanica,-4.9478998653818e-08
Cellulophaga algicola,-5.010590486964617e-08
Paenibacillus ihbetae,-5.052549931772177e-08
Azoarcus sp. BH72,-5.096375899071859e-08
Shinella sp. HZN7,-5.173838473204739e-08
Acidovorax ebreus,-5.197945245338786e-08
Gemmobacter sp. HYN0069,-5.211024682871823e-08
Rubinisphaera brasiliensis,-5.23127722251715e-08
Aggregatibacter segnis,-5.287385171914849e-08
Thermodesulfatator indicus,-5.309045052470651e-08
Acidihalobacter prosperus,-5.452655460480571e-08
Cyanobacterium aponinum,-5.62303057671798e-08
Enterobacteriaceae bacterium w6,-5.791380066622054e-08
Roseovarius sp. TM1035,-5.939489957640376e-08
Halomonas sp. GFAJ-1,-6.00648305093543e-08
Tenacibaculum dicentrarchi,-6.062621655811285e-08
Polynucleobacter necessarius,-6.296964154550721e-08
Enterobacter sp. HK169,-6.692303826660861e-08
Thalassospira marina,-6.692633462979103e-08
Rhodobacter sp. CZR27,-6.703565351706686e-08
Corynebacterium uterequi,-6.704471964269487e-08
Selenomonas sputigena,-6.720850835861824e-08
Natronolimnobius aegyptiacus,-6.832248995447543e-08
Riemerella anatipestifer,-7.007317126550561e-08
Synechocystis sp. PCC 6714,-7.178558345533048e-08
Desulfovibrio hydrothermalis,-7.627596059212038e-08
Vibrio harveyi,-7.706379070437919e-08
[Clostridium] bolteae,-7.790422498210603e-08
Winogradskyella sp. RHA_55,-7.85111655909887e-08
Glaciecola nitratireducens,-7.987383774388234e-08
Desulfosporosinus acidiphilus,-7.993024795371894e-08
Methanolinea tarda,-8.211672382074653e-08
Halorubrum lacusprofundi,-8.222727383433437e-08
Leptospirillum ferrooxidans,-8.233227588583247e-08
Actinomyces sp. 2129,-8.281124854736533e-08
Synechococcus sp. SynAce01,-8.335247716484418e-08
Fibrella aestuarina,-8.338192054591076e-08
Salinivirga cyanobacteriivorans,-8.363367656194499e-08
Bacillus methanolicus,-8.379877940445368e-08
Aggregatibacter actinomycetemcomitans,-8.54397867566803e-08
Candidatus Desulfovibrio trichonymphae,-8.556747415067178e-08
Desulfobacula toluolica,-8.605418237994655e-08
Oligella urethralis,-8.692558044476328e-08
[Bacillus] selenitireducens,-8.7260469650019e-08
Corynebacterium singulare,-8.764558598883809e-08
Haloplanus sp. CBA1112,-8.781258367118739e-08
Aeromonas sp. ASNIH4,-9.19170509261491e-08
Phreatobacter cathodiphilus,-9.215740297552344e-08
Fervidobacterium islandicum,-9.306851602719491e-08
Altererythrobacter ishigakiensis,-9.326607675053111e-08
Candidatus Pelagibacter sp. HIMB1321,-9.520478980729052e-08
Chromobacterium violaceum,-9.522074018164517e-08
archaeon AArc-Sl,-9.59803754030375e-08
Nostoc sp. NIES-4103,-9.70348624562689e-08
Zobellia galactanivorans,-9.825023232767904e-08
Clostridium kluyveri,-9.900861810407947e-08
Rhizobium phage 16-3,-1.0059859334443644e-07
Geobacillus sp. WCH70,-1.0254584603686112e-07
Rhodoluna lacicola,-1.0264590477593316e-07
Brucella melitensis,-1.0586137646484418e-07
Brachybacterium sp. VM2412,-1.0673574419861609e-07
Mollivirus sibericum,-1.0927991000997395e-07
Flavonifractor plautii,-1.1028490112252599e-07
Deinococcus deserti,-1.1136368540665132e-07
Sphingobacterium sp. 21,-1.1342898029731429e-07
Celeribacter marinus,-1.1370828147949653e-07
Campylobacter concisus,-1.157147033969963e-07
Rhizobium sp. CIAT894,-1.1646494535444418e-07
Desulfurivibrio alkaliphilus,-1.1682762266485013e-07
Wenyingzhuangia fucanilytica,-1.1836686804045371e-07
Aerococcaceae bacterium ZY16052,-1.1977096852078263e-07
Corynebacterium halotolerans,-1.2253183894195275e-07
Salinicoccus halodurans,-1.2290742956722056e-07
Vibrio alginolyticus,-1.2410910168458856e-07
Deinococcus geothermalis,-1.2429494771204476e-07
Acidihalobacter ferrooxidans,-1.2446616532990616e-07
Xanthobacter autotrophicus,-1.2578056645118353e-07
Ignavibacterium album,-1.2597095797595159e-07
Tatlockia micdadei,-1.2681981829132382e-07
Polaribacter sp. KT25b,-1.2936157571807884e-07
Dactylococcopsis salina,-1.3165909940049403e-07
Haloferax gibbonsii,-1.3184988869596737e-07
Desulfovibrio magneticus,-1.3244716781102284e-07
Natrinema pellirubrum,-1.3542680010747432e-07
Actinomyces pacaensis,-1.3627592487797102e-07
Faecalibacterium prausnitzii,-1.3667030924757738e-07
Spirochaeta thermophila,-1.3667606963974065e-07
Paenibacillus durus,-1.379375522914117e-07
Chryseobacterium camelliae,-1.3846178372745044e-07
Corynebacterium doosanense,-1.3879763758328778e-07
Formosa agariphila,-1.3938212262143423e-07
Myxococcus macrosporus,-1.4103566923218124e-07
Shewanella violacea,-1.42752875054164e-07
Winogradskyella sp. PG-2,-1.4472976261892256e-07
Gryllotalpicola sp. 2DFW10M-5,-1.4734132345317618e-07
Stenotrophomonas sp. Pemsol,-1.4928993463669826e-07
Saccharomonospora glauca,-1.5015904379911406e-07
Acinetobacter nosocomialis,-1.5459022615349482e-07
Prauserella marina,-1.5573374563260244e-07
Lacimicrobium alkaliphilum,-1.5682187488597065e-07
Christensenella minuta,-1.5717252335178956e-07
Arcticibacterium luteifluviistationis,-1.5955444467863345e-07
Acetobacter oryzifermentans,-1.5960658963365404e-07
Bifidobacterium pseudolongum,-1.6099292861060376e-07
Paludibacter propionicigenes,-1.61453051927829e-07
Corynebacterium sp. NML98-0116,-1.640535619351624e-07
Sphingorhabdus sp. M41,-1.6454614344407758e-07
Marinomonas primoryensis,-1.6697918341357366e-07
Anoxybacillus amylolyticus,-1.672666239738163e-07
Synechococcus sp. PCC 7336,-1.6869603871594308e-07
Streptomyces ambofaciens,-1.6967190212824336e-07
Desulfuromonas soudanensis,-1.70826398071533e-07
Lactococcus lactis,-1.7118258308634892e-07
Serratia sp. 3ACOL1,-1.7250681347835694e-07
Oxalobacter formigenes,-1.7314233353715735e-07
Formosa sp. Hel1_33_131,-1.7385168258332583e-07
Flammeovirga sp. MY04,-1.7456713206076557e-07
Hydromonas sp. F02,-1.7615698955086856e-07
Citrobacter freundii complex sp. CFNIH9,-1.7658822568655807e-07
Defluviimonas alba,-1.7710235671319908e-07
Vibrio mimicus,-1.7719469125321297e-07
Allochromatium vinosum,-1.800393964801472e-07
Actinomyces gaoshouyii,-1.846026620455632e-07
Klebsiella sp. M5al,-1.8500590015513296e-07
Bacillus sp. Y-01,-1.851045585921085e-07
Polaribacter sp. KT 15,-1.8890610713473422e-07
Acetobacter persici,-1.918608762307983e-07
Sphingobacterium mizutaii,-1.928971435694038e-07
Rhodococcus rhodochrous,-1.964625743422488e-07
Geosporobacter ferrireducens,-1.978178978401246e-07
Lactobacillus mucosae,-1.9864961489091116e-07
Octadecabacter temperatus,-1.989846777350479e-07
Devriesea agamarum,-1.9901519794363053e-07
Tumebacillus algifaecis,-2.0032578906814535e-07
Xanthomonas sacchari,-2.007937155656947e-07
Ochrobactrum pituitosum,-2.0123257686854857e-07
Hydrogenovibrio crunogenus,-2.0187690124018333e-07
Treponema caldarium,-2.0189101284096013e-07
Methylomonas koyamae,-2.031673976166104e-07
Zymomonas mobilis,-2.0445434796290128e-07
Bifidobacterium actinocoloniiforme,-2.0528346400539021e-07
Chloracidobacterium thermophilum,-2.064722007366626e-07
Neisseria meningitidis,-2.0650781564768295e-07
Bacillus litoralis,-2.0802855720258863e-07
Aeromonas rivipollensis,-2.0896839187933834e-07
Sandaracinus amylolyticus,-2.0986816577917012e-07
Haloarcula marismortui,-2.1772370313311028e-07
Aquimarina sp. AD1,-2.2399735182254689e-07
Actinoplanes sp. SE50/110,-2.268823514617324e-07
Pedobacter sp. PACM 27299,-2.283277402481687e-07
Phoenicibacter massiliensis,-2.298719939952676e-07
Neisseriaceae bacterium DSM 100970,-2.3082668796359229e-07
Halobacterium sp. DL1,-2.32520806120462e-07
Olsenella umbonata,-2.3307736076727537e-07
Methylophilus sp. TWE2,-2.3316034158948895e-07
Nitratifractor salsuginis,-2.3356627534276698e-07
Arthrobacter sp. ATCC 21022,-2.3704772500465765e-07
Salimicrobium jeotgali,-2.39391932344013e-07
Bifidobacterium adolescentis,-2.405259462934239e-07
Xanthomonas vesicatoria,-2.410866733804085e-07
Brevibacillus formosus,-2.4269592910908246e-07
Mariniflexile sp. TRM1-10,-2.4312959669980925e-07
Brenneria sp. EniD312,-2.432906155647174e-07
Micavibrio aeruginosavorus,-2.449619847189055e-07
Thioalkalivibrio sp. K90mix,-2.4605836661528714e-07
Prevotella ruminicola,-2.5237609200257085e-07
Bacillus lentus,-2.532033034130521e-07
Methylophaga frappieri,-2.5346126208969366e-07
Truepera radiovictrix,-2.540228035918801e-07
Octadecabacter arcticus,-2.5483585401886445e-07
Kordia sp. SMS9,-2.574436858582274e-07
Deinococcus swuensis,-2.5936171148543964e-07
Pseudogulbenkiania sp. NH8B,-2.667005272627421e-07
Citrobacter freundii complex sp. CFNIH2,-2.7103684190343814e-07
Pelodictyon luteolum,-2.758554474180386e-07
Syntrophomonas wolfei,-2.7782267066900344e-07
Natronomonas pharaonis,-2.7844462215931285e-07
Martelella sp. AD-3,-2.7979101089314897e-07
Dickeya sp. MK7,-2.8155173310562275e-07
Paracoccus yeei,-2.8466235832969036e-07
Bifidobacterium breve,-2.8516228325337065e-07
Candidatus Filomicrobium marinum,-2.8712412432074784e-07
Kyrpidia spormannii,-2.872839748979672e-07
Neorhizobium sp. NCHU2750,-2.8918671581834585e-07
Corynebacterium argentoratense,-2.9102801866187635e-07
Arachidicoccus sp. KIS59-12,-2.9239220415977486e-07
Fusobacterium nucleatum,-2.9340348088879865e-07
Methylobacterium radiotolerans,-2.9372538901117906e-07
Rubrobacter indicoceani,-2.973574483311481e-07
Corynebacterium imitans,-2.997119558756367e-07
Leifsonia xyli,-3.030289259964292e-07
Halobacillus halophilus,-3.0322331239229784e-07
Hahella chejuensis,-3.0375484800782003e-07
Corynebacterium deserti,-3.0391196295109777e-07
Acidovorax avenae,-3.0637281933643123e-07
Simiduia agarivorans,-3.116922790535881e-07
Marinovum algicola,-3.1689357706810026e-07
Porphyromonas asaccharolytica,-3.2379654790748447e-07
Micromonospora sp. WMMA2032,-3.309657358174789e-07
Solibacillus silvestris,-3.3845809654931003e-07
Corynebacterium provencense,-3.44901591797786e-07
Treponema primitia,-3.451821866784499e-07
Acidisphaera sp. G45-3,-3.463331201158937e-07
Bacillus pseudofirmus,-3.4817514871221533e-07
Bacillus mycoides,-3.5230262245278255e-07
Deinococcus gobiensis,-3.5336130237428877e-07
Geobacter sp. M18,-3.5481869435916026e-07
Brevibacterium siliguriense,-3.5910710967090863e-07
Halomicrobium mukohataei,-3.600430532824106e-07
Pseudopropionibacterium propionicum,-3.6562644927240485e-07
Candidatus Symbiobacter mobilis,-3.688169939897179e-07
Halomonas elongata,-3.6921528454580967e-07
Flavivirga eckloniae,-3.718823291087858e-07
Pluralibacter gergoviae,-3.7196462145949736e-07
Myxococcus stipitatus,-3.7843412787896823e-07
Flavobacterium psychrophilum,-3.784921521088336e-07
Bordetella genomosp. 13,-3.789598867154353e-07
Desulfovibrio salexigens,-3.8025398678698253e-07
Methylotenera mobilis,-3.8038094427594873e-07
Thermodesulfovibrio yellowstonii,-3.804460156242584e-07
Runella slithyformis,-3.8126342869482246e-07
Desulfomicrobium orale,-3.837450472721216e-07
Bifidobacterium scardovii,-3.838632165242828e-07
Methanocorpusculum labreanum,-3.8477117236812575e-07
Chlorobaculum tepidum,-3.8674058426835246e-07
Halomonas sp. KO116,-3.896679492187971e-07
Gemmatimonas aurantiaca,-3.8994574269590743e-07
Tenacibaculum sp. SZ-18,-3.948545284071514e-07
Limnochorda pilosa,-3.98048399485873e-07
Xanthomonas fragariae,-4.007239994940903e-07
Slackia heliotrinireducens,-4.019307392910676e-07
Methanoculleus marisnigri,-4.0537947523233695e-07
Vitreoscilla sp. C1,-4.1016458420806143e-07
Edwardsiella ictaluri,-4.1444203027207747e-07
Treponema denticola,-4.1550984744009865e-07
Saccharophagus degradans,-4.17663068330576e-07
Eubacterium limosum,-4.178844981828078e-07
Psychromonas ingrahamii,-4.202048699886163e-07
Clostridium tetani,-4.212224469668513e-07
Aeribacillus pallidus,-4.253609303894734e-07
Brevundimonas vesicularis,-4.312827372565664e-07
Komagataeibacter xylinus,-4.3550667041536426e-07
Bacillus flexus,-4.3597184462562666e-07
Azospirillum sp. TSH58,-4.3805954479392285e-07
Flavobacterium sp. HYN0086,-4.396235775860902e-07
Haemophilus influenzae,-4.3975680161789656e-07
Hydrogenophaga crassostreae,-4.421039094815171e-07
Borrelia hermsii,-4.4250013173652294e-07
Coriobacteriaceae bacterium 68-1-3,-4.4558905729630285e-07
Sulfitobacter pseudonitzschiae,-4.461050082005258e-07
Natrialba magadii,-4.505767646101333e-07
Neisseria sp. KEM232,-4.552687940861944e-07
Micromonospora coriariae,-4.5574127160996625e-07
Gemmatimonas phototrophica,-4.591647868590343e-07
Labrenzia sp. CP4,-4.5978763436593794e-07
Moorea producens,-4.6624940384099036e-07
Bacterioplanes sanyensis,-4.690638233828537e-07
Mycoplasma haemofelis,-4.736531689752965e-07
Corynebacterium choanis,-4.782431458405512e-07
Epibacterium mobile,-4.789918705894181e-07
Bradymonas sediminis,-4.792741187698013e-07
Pseudomonas rhodesiae,-4.801864349035512e-07
Shewanella loihica,-4.919503178379969e-07
Euzebyella marina,-4.958308660096833e-07
Paenibacillus sp. FSL R7-0273,-5.057041196687706e-07
Methylophaga nitratireducenticrescens,-5.079508330618765e-07
Chryseobacterium shandongense,-5.112655565575608e-07
Fibrella sp. ES10-3-2-2,-5.116571470509257e-07
Leptolyngbya sp. O-77,-5.161163934674918e-07
Halothece sp. PCC 7418,-5.197002049595057e-07
Parachlamydia acanthamoebae,-5.248644401545377e-07
Georgenia sp. ZLJ0423,-5.252635791874738e-07
Flexistipes sinusarabici,-5.26358882502187e-07
Nonlabens spongiae,-5.295903415802883e-07
Tistrella mobilis,-5.321957428972013e-07
Actinomyces radicidentis,-5.350199140163881e-07
Flavobacterium branchiophilum,-5.371949310273294e-07
Altererythrobacter sp. B11,-5.398998167871482e-07
Paenibacillus sp. RUD330,-5.443067633947863e-07
Pandoraea pulmonicola,-5.448171932487256e-07
Paraoerskovia marina,-5.47447134024992e-07
Halioglobus japonicus,-5.602023063433492e-07
Paracoccus aminovorans,-5.805805760372707e-07
Magnetospira sp. QH-2,-5.923387614625853e-07
Thioalkalivibrio paradoxus,-5.970104667518683e-07
Sphaerochaeta coccoides,-5.983821818933422e-07
Ketogulonicigenium robustum,-6.000413929507786e-07
Megasphaera elsdenii,-6.086808827854284e-07
Salinicola tamaricis,-6.104886468127902e-07
Gramella sp. MAR_2010_102,-6.189961220703921e-07
Hymenobacter sp. APR13,-6.233074925310333e-07
Corynebacterium camporealensis,-6.27846123313347e-07
Aeromonas caviae,-6.293335765850117e-07
Enterococcus sp. FDAARGOS_553,-6.305072778323151e-07
Delftia sp. HK171,-6.341148737210034e-07
Congregibacter litoralis,-6.353602592046314e-07
Pontibacter akesuensis,-6.460968227317565e-07
Streptomyces griseus,-6.519121879655643e-07
Caldithrix abyssi,-6.54013261103259e-07
Neisseria polysaccharea,-6.542941954457149e-07
Candidatus Nanopelagicus hibericus,-6.614019027129103e-07
Porphyrobacter sp. CACIAM 03H1,-6.626055357505934e-07
Chamaesiphon minutus,-6.636365706524928e-07
Ectothiorhodospira sp. BSL-9,-6.650835948640577e-07
Actinoalloteichus sp. AHMU CJ021,-6.713233355659654e-07
Pandoraea apista,-6.7261037732802e-07
Fictibacillus arsenicus,-6.781200948990928e-07
Marinobacter salinus,-6.865796090771425e-07
Rhizobium sp. TAL182,-6.896991846305767e-07
Paenibacillus beijingensis,-6.932876217113915e-07
Photobacterium gaetbulicola,-6.97487650458406e-07
Streptomyces sp. ETH9427,-6.989939212331819e-07
Persephonella marina,-6.997305964207002e-07
Rhodobacter capsulatus,-7.02648936967698e-07
Cellulophaga lytica,-7.098159735541287e-07
Xylanimonas cellulosilytica,-7.12412253256467e-07
Bifidobacterium choerinum,-7.143501813855479e-07
Desulfomicrobium baculatum,-7.228857185515025e-07
Heliobacterium modesticaldum,-7.237972632578859e-07
Sphingobacterium sp. ML3W,-7.268926215386884e-07
Pelagibacterium halotolerans,-7.356992983709176e-07
Oceanobacillus sp. 160,-7.363483931044357e-07
Pseudomonas stutzeri,-7.475281463165117e-07
Trueperella pyogenes,-7.595535949977972e-07
Actinosynnema mirum,-7.671077029813845e-07
Sedimenticola thiotaurini,-7.691172051682571e-07
Dickeya sp. Secpp 1600,-7.774087243062055e-07
Microbulbifer thermotolerans,-7.802320626248971e-07
Erythrobacter sp. Alg231-14,-7.874060807822048e-07
Pseudoclostridium thermosuccinogenes,-7.899482994178087e-07
Burkholderia territorii,-7.923166052137276e-07
Deinococcus actinosclerus,-7.933564011297634e-07
Pedobacter steynii,-8.117784032313225e-07
Mariprofundus ferrinatatus,-8.119065527445457e-07
Gordonia iterans,-8.177773946904665e-07
Moraxellaceae bacterium HYN0046,-8.231358027188662e-07
Thioalkalivibrio versutus,-8.295336129116038e-07
Paenibacillus sp. FSL R7-0331,-8.336064291958323e-07
Acetobacter pasteurianus,-8.378609130277325e-07
Halohasta litchfieldiae,-8.415217405799425e-07
Microbacterium foliorum,-8.468326522459435e-07
Geobacter metallireducens,-8.654597878354764e-07
Ruminococcus albus,-8.776632152818209e-07
Sulfitobacter sp. SK012,-8.894141782844756e-07
Denitrovibrio acetiphilus,-9.023092347515416e-07
Polaribacter sp. BM10,-9.096259979912702e-07
Gallionella capsiferriformans,-9.421312088031542e-07
Ruegeria sp. AD91A,-9.557490262546153e-07
Capnocytophaga sputigena,-9.562654853523256e-07
Candidatus Nitrosopelagicus brevis,-9.581658174884212e-07
Methylobacterium sp. AMS5,-9.64735400676986e-07
Deinococcus soli Cha et al. 2016,-9.669199781292547e-07
Rhodoferax antarcticus,-9.819069646921364e-07
Bacillus jeotgali,-1.0002673474618363e-06
Vibrio vulnificus,-1.00146045829419e-06
Crenobacter sp. K1W11S-77,-1.0058318560934865e-06
Runella sp. HYN0085,-1.0063963445716694e-06
Parascardovia denticolens,-1.0150781481366166e-06
Pseudonocardia sp. EC080610-09,-1.0210284561606997e-06
Bordetella parapertussis,-1.024041724484448e-06
Bacillus krulwichiae,-1.024238534630406e-06
Paracoccus sp. BM15,-1.0242452350262e-06
Enterobacter sp. 638,-1.0299310452488442e-06
Roseobacter denitrificans,-1.0320309419276086e-06
Oceanisphaera avium,-1.0350692549954133e-06
Treponema brennaborense,-1.0370010006921504e-06
Thermincola potens,-1.0376398381861663e-06
Paenibacillus mucilaginosus,-1.0423994911024081e-06
Rhodoplanes sp. Z2-YC6860,-1.0487380648571688e-06
Tatumella ptyseos,-1.0510827344045737e-06
Clostridium taeniosporum,-1.0641209524209217e-06
Austwickia chelonae,-1.0783321978014015e-06
Aeromonas sp. ASNIH2,-1.0805291020821173e-06
Dechloromonas sp. HYN0024,-1.0827943043745236e-06
Pseudomonas palleroniana,-1.086816345963193e-06
[Mycobacterium] stephanolepidis,-1.0927176753661173e-06
Nocardioides dokdonensis,-1.1037316165252164e-06
Ottowia sp. oral taxon 894,-1.1049869956147873e-06
Sphingopyxis sp. LPB0140,-1.1061455627014993e-06
Serratia sp. YD25,-1.1160581419034088e-06
Streptomyces albulus,-1.1171416941069268e-06
Methylobacterium sp. 17Sr1-43,-1.126477487733979e-06
Kocuria sp. BT304,-1.1518397076359933e-06
Asaia bogorensis,-1.1572732057318903e-06
Akkermansia glycaniphila,-1.1586601774249417e-06
Nitrosomonas europaea,-1.166658746099003e-06
Serratia sp. FGI94,-1.1869944523290598e-06
Pseudomonas orientalis,-1.1933918522277764e-06
Nocardiopsis dassonvillei,-1.205802828363467e-06
Actinomyces sp. oral taxon 897,-1.2130427773593412e-06
Desulfobulbus sp. ORNL,-1.2139407199240892e-06
Corynebacterium marinum,-1.2183452545277973e-06
Jannaschia sp. CCS1,-1.2248907757195227e-06
Commensalibacter sp. AMU001,-1.2284958899044796e-06
Rhodococcus sp. WB1,-1.2468251463282342e-06
Desulfovibrio desulfuricans,-1.2550464949301342e-06
Sulfuricurvum kujiense,-1.267859324105558e-06
Bacillus paralicheniformis,-1.2690565832418343e-06
endosymbiont of unidentified scaly snail isolate Monju,-1.2795443959490172e-06
Celeribacter baekdonensis,-1.2796959995009516e-06
Zhongshania aliphaticivorans,-1.2812577491194688e-06
Hoeflea sp. IMCC20628,-1.2851573062633293e-06
Burkholderia contaminans,-1.3005254249520703e-06
Clostridium septicum,-1.307192915445121e-06
Legionella spiritensis,-1.3097585362942255e-06
Brachybacterium sp. P6-10-X1,-1.3110279247774415e-06
Pseudomonas syringae group genomosp. 3,-1.3199180656897625e-06
Polaribacter vadi,-1.330589994164022e-06
Aeromonas sp. CU5,-1.3429572232492859e-06
Corynebacterium glutamicum,-1.3451554082610783e-06
Leadbetterella byssophila,-1.3497386037952809e-06
Oscillatoriales cyanobacterium JSC-12,-1.35534459060338e-06
Streptomyces sp. P3,-1.3567992986018852e-06
Murdochiella vaginalis,-1.369767075010131e-06
Labrenzia sp. VG12,-1.3737082793063849e-06
Brevundimonas subvibrioides,-1.374650199381655e-06
Mycobacteroides abscessus,-1.382803136196209e-06
Lutibacter sp. LPB0138,-1.4030786330554434e-06
Pseudomonas oryzihabitans,-1.403174775815863e-06
Desulfovibrio piger,-1.407133505670899e-06
Sphingorhabdus sp. Alg231-15,-1.4167917672391894e-06
Actinoplanes missouriensis,-1.427423361244351e-06
Thermomicrobium roseum,-1.4281420733341932e-06
Thiocystis violascens,-1.4295405348585533e-06
Prevotella intermedia,-1.4317167978505907e-06
Limnohabitans sp. 63ED37-2,-1.5061663758642042e-06
Fluviicola taffensis,-1.5067082768327467e-06
Yersinia aldovae,-1.5318287869270364e-06
Streptomyces anulatus,-1.543043561769153e-06
Saccharomonospora marina,-1.551574396119193e-06
Pseudomonas trivialis,-1.5740495942440092e-06
Zunongwangia profunda,-1.583503992907964e-06
Cedecea neteri,-1.6131882291547938e-06
Clostridium acetobutylicum,-1.6137915139990967e-06
Methylobacterium oryzae,-1.6151624461668845e-06
Streptomyces autolyticus,-1.6157833801599964e-06
Bacillus safensis,-1.6412683057298595e-06
Desulfobacca acetoxidans,-1.6451650937332475e-06
Nitrosomonas ureae,-1.6510321984464226e-06
Flavobacterium sp. MEBiC07310,-1.651582700068488e-06
Candidatus Thiodictyon syntrophicum,-1.6531385643281383e-06
Nitrospirillum amazonense,-1.6533946550545408e-06
Syntrophus aciditrophicus,-1.6674759495183266e-06
Diaphorobacter polyhydroxybutyrativorans,-1.6981046097042096e-06
Bacillus circulans,-1.7119489261085973e-06
Prosthecochloris sp. HL-130-GSB,-1.7241304506088183e-06
Acetohalobium arabaticum,-1.7399768292625239e-06
Stappia sp. ES.058,-1.7885177166609978e-06
Bordetella genomosp. 8,-1.7914583772205007e-06
Rubrobacter xylanophilus,-1.8116979888738173e-06
Gemmata obscuriglobus,-1.8139655820093025e-06
Nostoc sp. PCC 7524,-1.8215226644135995e-06
Lysinibacillus sp. YS11,-1.8396852535351727e-06
[Eubacterium] cellulosolvens,-1.8481316495844168e-06
Rhodococcus sp. WMMA185,-1.8784213386524585e-06
endosymbiont of Acanthamoeba sp. UWC8,-1.880628818207164e-06
Corynebacterium timonense,-1.9330304873443893e-06
Achromobacter denitrificans,-1.9398812203474947e-06
Micromonospora aurantiaca,-1.972377695103056e-06
Hyphomonas neptunium,-1.9737046730972095e-06
Deinococcus irradiatisoli,-2.005491270740123e-06
Hymenobacter nivis,-2.0164344393336365e-06
Mordavella sp. Marseille-P3756,-2.049021631389536e-06
Pseudomonas entomophila,-2.1121186763561893e-06
Rhodobacter sphaeroides,-2.136247797079882e-06
Marivirga tractuosa,-2.149135654594403e-06
Mycobacterium pseudoshottsii,-2.1731028390314933e-06
Mycolicibacterium goodii,-2.1925342875928067e-06
Burkholderia sp. CCGE1002,-2.194566509317042e-06
Syntrophobacter fumaroxidans,-2.1963514440725974e-06
Prevotella dentalis,-2.250437640016756e-06
Pseudomonas sp. phDV1,-2.251034839040322e-06
Corynebacterium mustelae,-2.254181807703759e-06
Beggiatoa leptomitoformis,-2.2607227384563444e-06
Candidatus Desulforudis audaxviator,-2.2928301184999e-06
Yersinia similis,-2.298841601411361e-06
Thermoanaerobacterales bacterium SK-G1,-2.316675061586615e-06
Listeria innocua,-2.3186241723704983e-06
Pelobacter carbinolicus,-2.3192867572019438e-06
Haloterrigena daqingensis,-2.330365077818364e-06
Oblitimonas alkaliphila,-2.381924718419803e-06
Synechococcus sp. WH 8020,-2.3900527035047857e-06
Desulfomonile tiedjei,-2.3973760944429046e-06
Paracoccus aminophilus,-2.4012704449960507e-06
Bacillus sp. FJAT-42376,-2.4225536906508083e-06
Burkholderia plantarii,-2.447137060124227e-06
Coraliomargarita akajimensis,-2.4675712485988656e-06
Pectobacterium atrosepticum,-2.5186744365468527e-06
Streptomyces violaceusniger,-2.520317107812531e-06
Luteimonas sp. 100111,-2.532100446051011e-06
Xenorhabdus doucetiae,-2.5342020879559612e-06
Listeria monocytogenes,-2.6287706725414138e-06
Microlunatus soli,-2.6602484876958598e-06
Dyella thiooxydans,-2.6910806276481124e-06
Ottowia oryzae,-2.694198364427969e-06
Pseudomonas sp. 09C 129,-2.728792729067564e-06
Dolichospermum compactum,-2.729711429827475e-06
Methanosarcina barkeri,-2.733301045254599e-06
Melaminivora sp. SC2-7,-2.816723900411766e-06
Candidatus Methylopumilus planktonicus,-2.8349675200267653e-06
Leptospira biflexa,-2.856127934225405e-06
Dyella jiangningensis,-2.860159718953703e-06
Enterobacter sp. FY-07,-2.872802541409314e-06
Mesorhizobium amorphae,-2.8849836090083514e-06
Plantactinospora sp. BB1,-2.8861498517329663e-06
Sphingopyxis granuli,-2.9027454909069663e-06
Methylobacterium sp. DM1,-2.922730873122781e-06
Methanosarcina sp. MTP4,-2.9613787175364335e-06
Natronomonas moolapensis,-2.998438838308637e-06
Mesorhizobium sp. WSM1497,-3.003055943406885e-06
Ralstonia mannitolilytica,-3.0197465150649805e-06
Corynebacterium pseudopelargi,-3.022744639813446e-06
Altererythrobacter atlanticus,-3.0288401690281575e-06
Stenotrophomonas sp. WZN-1,-3.0571245420496495e-06
Methylobacterium sp. 17Sr1-1,-3.075519695716622e-06
Dehalococcoides mccartyi,-3.0911644287145988e-06
Cyclobacterium amurskyense,-3.109901998610276e-06
Streptomyces sp. Tue 6075,-3.126885788451439e-06
Thermococcus eurythermalis,-3.1384877797302478e-06
Olsenella sp. oral taxon 807,-3.15292079511309e-06
Edwardsiella tarda,-3.1825165179633074e-06
Candidatus Promineofilum breve,-3.201229650340309e-06
Stenotrophomonas acidaminiphila,-3.2432704653473367e-06
Gordonibacter urolithinfaciens,-3.3174607788399867e-06
Halomonas hydrothermalis,-3.3203873541109987e-06
Pseudomonas virus PaMx74,-3.3225151430560375e-06
Pseudomonas extremorientalis,-3.352935096323506e-06
Methyloceanibacter sp. wino2,-3.401495331334381e-06
Haloarcula sp. CBA1115,-3.4139079567063748e-06
Leifsonia sp. 21MFCrub1.1,-3.4311939394626735e-06
Rhizobium sp. IRBG74,-3.4318069778160876e-06
Pseudomonas asplenii,-3.442625561200785e-06
Streptomyces virus Lannister,-3.4672433667948256e-06
Methylibium petroleiphilum,-3.534569770136109e-06
Actinomyces meyeri,-3.5625203802069903e-06
Bacteroides thetaiotaomicron,-3.604961279934926e-06
Rhodococcus sp. MTM3W5.2,-3.6297618992486846e-06
Tatumella citrea,-3.675922815360444e-06
Sphingobium sp. SYK-6,-3.71955009486058e-06
Bifidobacterium angulatum,-3.722814761886184e-06
Polynucleobacter acidiphobus,-3.826907454951289e-06
Nitrosomonas communis,-3.833768333061372e-06
Sulfuritalea hydrogenivorans,-3.8625008299764115e-06
Kineococcus radiotolerans,-3.86529839473404e-06
Mycoplasma pneumoniae,-3.870323078158932e-06
Flavisolibacter tropicus,-3.904716838643019e-06
Scytonema sp. NIES-4073,-3.905442516272117e-06
Selenomonas sp. oral taxon 136,-3.959693804511666e-06
Polynucleobacter asymbioticus,-4.005463153333721e-06
Tannerella sp. oral taxon HOT-286,-4.026065468143436e-06
Fictibacillus phosphorivorans,-4.1001858015476955e-06
Lactobacillus curvatus,-4.186952077644968e-06
Rhodovulum sulfidophilum,-4.191870269587561e-06
Flavobacterium gilvum,-4.233944949394442e-06
Mycobacterium sp. MOTT36Y,-4.244811176734586e-06
Spirosoma radiotolerans,-4.297374723538638e-06
Burkholderia glumae,-4.326970627266391e-06
Clostridioides difficile,-4.513389993232586e-06
Burkholderia sp. NRF60-BP8,-4.54862369840825e-06
Burkholderia sp. JP2-270,-4.64038495739949e-06
Maricaulis maris,-4.643962377115507e-06
Salinispora tropica,-4.704963394064343e-06
Pseudorhodoplanes sinuspersici,-4.730216800408194e-06
Halorhodospira halophila,-4.781695499778138e-06
Sphingopyxis sp. MG,-4.789032854013442e-06
Myxococcus hansupus,-4.7963316730958995e-06
Acidovorax carolinensis,-4.798956768059526e-06
Ereboglobus luteus,-4.874827913048385e-06
Dermatophilus congolensis,-4.8978099336016715e-06
Aureimonas sp. AU20,-4.911411394648013e-06
Chitinophaga sp. MD30,-4.9244460847752695e-06
Myxococcus xanthus,-4.938454048475371e-06
Streptomyces parvulus,-4.953860467793447e-06
Chloroflexus aurantiacus,-5.018305953252699e-06
Obesumbacterium proteus,-5.031994523596595e-06
Christensenella massiliensis,-5.036576606864962e-06
Pseudomonas sp. CCOS 191,-5.048765534909627e-06
Alteromonas mediterranea,-5.112880535995679e-06
Rhizobium sp. Y9,-5.1503783069284385e-06
Pseudomonas sp. B10,-5.2457645490999735e-06
Nocardia cyriacigeorgica,-5.305460780791194e-06
Croceicoccus naphthovorans,-5.42437532182749e-06
Pseudomonas soli,-5.42842713795455e-06
Conexibacter woesei,-5.529542404780763e-06
Edwardsiella hoshinae,-5.558801829952387e-06
Bradyrhizobium sp. ORS 278,-5.671674928664494e-06
Micromonospora echinospora,-5.925785286486906e-06
Buchnera aphidicola,-6.0481475164353425e-06
Thermacetogenium phaeum,-6.070670627877916e-06
Pseudomonas sp. DR 5-09,-6.198529300616151e-06
Marinifilaceae bacterium SPP2,-6.215742239512601e-06
Cronobacter malonaticus,-6.226355094951508e-06
Microbacterium sp. XT11,-6.304091613840157e-06
Halobacteriovorax sp. BALOs_7,-6.310734786207916e-06
Flavobacterium faecale,-6.385451551227384e-06
Erwinia gerundensis,-6.477489132628023e-06
Dermabacter vaginalis,-6.483414364355511e-06
Roseomonas gilardii,-6.531293103262392e-06
Rhizobium gallicum,-6.546361255765909e-06
Pseudomonas sp. NS1(2017),-6.576089531939999e-06
Microbacterium sp. TPU 3598,-6.587388809742301e-06
Mycobacterium sp. JLS,-6.6685561213475355e-06
halophilic archaeon DL31,-6.6696262076115785e-06
Paenibacillus sabinae,-6.723086183191285e-06
Sphingobium sp. MI1205,-6.800897494363412e-06
Gramella flava,-6.91042215466009e-06
Pseudomonas sp. FGI182,-7.054769100833802e-06
Thermobaculum terrenum,-7.396957227845391e-06
Roseobacter litoralis,-7.4255870729622584e-06
Pseudomonas versuta,-7.51091925699221e-06
Streptomyces sp. Go-475,-7.593853649212612e-06
Streptomyces pactum,-7.675294535713917e-06
Rhizobium tropici,-7.744702677725535e-06
Caldilinea aerophila,-7.965492603556611e-06
Pseudomonas sp. LG1E9,-8.018118060326706e-06
Bacillus beveridgei,-8.141858967736226e-06
Mycobacterium leprae,-8.487546423152636e-06
Azospirillum humicireducens,-8.652870551539848e-06
Microbacterium chocolatum,-9.267216309116755e-06
Cyanothece sp. PCC 7425,-9.281545102091115e-06
Sphingobium chlorophenolicum,-9.344726332605191e-06
Amycolatopsis japonica,-9.525366780738232e-06
Kyrpidia tusciae,-9.578026332768274e-06
Acetobacter ascendens,-9.594299805315564e-06
Microbacterium aurum,-9.81047816104308e-06
Acinetobacter sp. WCHAc010034,-9.837088227415692e-06
Gluconobacter albidus,-9.84355144970639e-06
Curvibacter sp. AEP1-3,-1.0004787621054056e-05
Mycobacterium ulcerans,-1.0404486597503926e-05
Streptomyces virus Lika,-1.0492371484582818e-05
Pseudomonas sp. Leaf58,-1.125101668302264e-05
Chryseobacterium nakagawai,-1.1318423781392362e-05
Serratia liquefaciens,-1.1324145011037956e-05
Pseudomonas sp. S-6-2,-1.1423002305077645e-05
Paracoccus contaminans,-1.1535963316466891e-05
Streptomyces qaidamensis,-1.1556301047499496e-05
Pseudomonas sp. PONIH3,-1.2447955242178565e-05
Phenylobacterium zucineum,-1.2514123109985675e-05
Kozakia baliensis,-1.2577816180958656e-05
Coprothermobacter proteolyticus,-1.2992788988008819e-05
Sinorhizobium sp. RAC02,-1.3239710613510702e-05
Syntrophothermus lipocalidus,-1.3434667232115061e-05
Pseudomonas mediterranea,-1.3920644526654868e-05
Lachnoclostridium phytofermentans,-1.4703737112209403e-05
Dietzia lutea,-1.474765582289983e-05
Streptomyces phage Nanodon,-1.50804177504682e-05
Thermobacillus composti,-1.557793706763455e-05
Burkholderia metallica,-1.5824784326001762e-05
Vulgatibacter incomptus,-1.5848625187353528e-05
Actinopolyspora erythraea,-1.613146043815128e-05
Pseudomonas sp. HLS-6,-1.6226629517435142e-05
Pseudomonas sp. ATCC 13867,-1.6540875917603336e-05
Methylocystis sp. SC2,-1.6744224697906597e-05
Ruegeria sp. NKC1-1,-1.67777659760171e-05
Halomonas chromatireducens,-1.6800370886715933e-05
Prevotella denticola,-1.7002337350358054e-05
Aeromonas veronii,-1.7132290092192192e-05
Sulfitobacter sp. SK025,-1.7456402435134245e-05
Komagataeibacter saccharivorans,-1.8536641854094427e-05
Pseudomonas fuscovaginae,-1.951239609221389e-05
Amycolatopsis albispora,-2.0124237629759456e-05
Corynebacterium ammoniagenes,-2.0566884770079063e-05
Planococcus sp. MB-3u-03,-2.091901616976255e-05
Komagataeibacter hansenii,-2.148558480699059e-05
Pseudomonas azotoformans,-2.167416722840265e-05
Burkholderia oklahomensis,-2.2750922956538132e-05
Methylovulum psychrotolerans,-2.370197049248457e-05
Streptococcus agalactiae,-2.544491084028877e-05
Advenella kashmirensis,-2.575269823876791e-05
Microbacterium sp. PM5,-3.258339830685131e-05
Spirosoma pollinicola,-3.347044019008649e-05
Janthinobacterium agaricidamnosum,-3.4441841243726404e-05
Paraburkholderia rhizoxinica,-3.494480240746611e-05
Anoxybacillus flavithermus,-4.435727235068132e-05
Zobellella denitrificans,-7.865348429174635e-05
