feature,importance
Pseudomonas umsongensis,0.12208473209877771
Luteibacter rhizovicinus,0.014196165034481201
Sulfurihydrogenibium sp. YO3AOP1,0.013693057945075226
Bradyrhizobium icense,0.010016738601771925
Dyella japonica,0.008557427788326221
Niastella koreensis,0.00847052069876888
soil_total_N,0.007873703209582939
nitrif__Rate (mg NO3-N/kilogram dry weight soil/day),0.007185408732041143
Massilia sp. WG5,0.006834890260900939
soil_NO3,0.006623698546786461
Borreliella burgdorferi,0.005990627533582704
Agrobacterium tumefaciens,0.005203758893131893
Pseudomonas alcaliphila,0.0050943397451177486
Variovorax paradoxus,0.0049831888450112775
Pseudomonas frederiksbergensis,0.004883112736723616
Halomonas sp. JS92-SW72,0.004787072677898685
Burkholderia insecticola,0.004426153392154153
Rhizobium sp. NXC24,0.004253691956650441
Xanthomonas citri,0.004145303125477451
Cupriavidus basilensis,0.0041255411712996844
psize__Soil Clay Content %,0.004066170001081693
Opitutus sp. GAS368,0.003820551171187447
psize__Soil Silt Content %,0.0038000898709123375
Serratia ficaria,0.0037813019644849398
psize__Soil Sand Content %,0.003751780062123222
Pseudomonas sp. R11-23-07,0.0037492906381225042
Pseudomonas reinekei,0.0037243558027681535
Burkholderia sp. CCGE1002,0.003696794677098314
Burkholderia sp. HB1,0.003644350068363744
Paenibacillus borealis,0.003541796876996117
Homo sapiens,0.003370766085222421
Paenibacillus sp. FSL R5-0912,0.0033665060781325807
Cupriavidus taiwanensis,0.0033582670160698267
Myroides odoratus,0.003336772271573962
Methylotenera versatilis,0.003325074494306901
Thermobispora bispora,0.003260348766255872
Halomonas campaniensis,0.0032448744783612595
Variovorax boronicumulans,0.003174603796282671
Streptomyces dengpaensis,0.0030799595293066417
Flavobacterium gilvum,0.0030128617816195026
Variovorax sp. PMC12,0.0030025541636988116
Delftia acidovorans,0.002948853494016057
blood disease bacterium A2-HR MARDI,0.002898193792698689
Bosea vaviloviae,0.0025814778702741847
chem__Mn (Mehlich 1 mg/kg dry weight),0.0025590860145068726
Cupriavidus pauculus,0.002538729744698576
Arthrobacter sp. U41,0.0024585951401325133
Rhizobium tropici,0.002400396561131757
Xanthomonas euvesicatoria,0.002385851986833898
Enterobacter cloacae complex sp.,0.0023851070114721206
Pseudomonas salegens,0.0023733988205532517
Pseudomonas sp. URMO17WK12:I11,0.0023626097291080893
chem__LBC (mg/kg CaCO3/pH dry weight),0.002351453327165065
chem__LBCeq (mg/kg CaCO3/pH dry weight),0.002345805398779199
Pseudomonas thivervalensis,0.0023267153392072526
Saccharothrix espanaensis,0.0022115998881499176
Curtobacterium pusillum,0.002207233001633435
Candidatus Protochlamydia amoebophila,0.00220386754067996
Lysinimonas sp. 2DFWR-13,0.0022010768516636412
Pectobacterium wasabiae,0.0021705680306493003
Azoarcus olearius,0.0021652644940554746
moist__Replicate 1 Mass Water / Mass Dry Soil %,0.0020635894565079528
Afipia sp. GAS231,0.002044167965626187
chem__Mg (Mehlich 1 mg/kg dry weight),0.002038941692685747
Frankia inefficax,0.0019810582202054007
Granulicella mallensis,0.001955315812558256
Pseudomonas stutzeri,0.0019287615236399658
Nonomuraea sp. ATCC 55076,0.0018885259889789285
Cupriavidus necator,0.0018703199549293449
Xanthomonas arboricola,0.0018583724833896476
Microvirga ossetica,0.001820401400355265
Flavobacterium branchiophilum,0.0018167700446319658
Collimonas fungivorans,0.0017996484453697726
Xanthomonas oryzae,0.0017825251829105327
Amycolatopsis albispora,0.001768349164693328
Sphingobium sp. TKS,0.0017658515367131144
Mycolicibacterium rhodesiae,0.0017555629572664655
Massilia putida,0.0017482617217775553
Paenibacillus terrae,0.001729501653066934
Clostridium perfringens,0.0016980296364366599
Herbaspirillum sp. meg3,0.0016968996861835173
Parabacteroides distasonis,0.0016961987257845923
Flavobacterium anhuiense,0.0016954955534070003
Azotobacter vinelandii,0.0016850281706143778
Mycobacterium tuberculosis,0.001676979903338971
Spirosoma pollinicola,0.0016749454031014244
Terriglobus roseus,0.0016717129823943689
Escherichia coli,0.001626327702105823
Klebsiella pneumoniae,0.0016065836329269612
Pseudomonas arsenicoxydans,0.0015655152642281233
Pseudomonas sp. s211(2017),0.0015541113528329208
Paraburkholderia terrae,0.0015254001165126985
Chryseolinea sp. KIS68-18,0.001515098873148979
Saccharomonospora marina,0.0015137680558588106
Rahnella aquatilis,0.0015097388023603165
Massilia oculi,0.0014770297301230696
Aeromonas hydrophila,0.00147566957357248
Psychromonas ingrahamii,0.0014527783592635623
Flavobacterium faecale,0.0014391533583954842
soil_pH,0.0014058976648896326
Pseudomonas sp. LAB-08,0.0013883162261502323
Mucilaginibacter sp. HYN0043,0.001372362368040747
Corallococcus coralloides,0.001366029765988075
Orrella dioscoreae,0.0013528760689861085
Rhizobium sp. NXC14,0.0013316928787059147
Agromyces sp. 30A,0.0013208273448309215
Mycobacterium sp. JS623,0.0013019043861968616
Rhodanobacter denitrificans,0.001296278225484082
Amycolatopsis sp. AA4,0.0012728830094747012
Pseudarthrobacter sulfonivorans,0.001268057619112417
chem__Ca (Mehlich 1 mg/kg dry weight),0.0012612324561481092
Paraburkholderia phytofirmans,0.001258884876869404
Caulobacter segnis,0.00125353499691927
Bacillus cereus,0.001248769334984212
Sphingobium sp. EP60837,0.0012463138288338004
Hymenobacter sp. DG25B,0.0012439931321316599
Sphingobium sp. MI1205,0.0012406703488998083
Mesorhizobium loti,0.0012386527655620539
Rhizobium gallicum,0.0012351988405107095
Rhizobium etli,0.0012281872347869704
Azotobacter chroococcum,0.001221749533088401
Pseudomonas sp. K2W31S-8,0.0012197333061052084
Archangium gephyra,0.001190129198665213
Tokyovirus A1,0.0011839473343314034
Caulobacter vibrioides,0.0011804893497796344
Lactobacillus crispatus,0.001176439057532974
Kibdelosporangium phytohabitans,0.0011725778117206652
Cupriavidus metallidurans,0.0011718793307388786
Yersinia aleksiciae,0.0011710491198859475
Sphingobacteriaceae bacterium GW460-11-11-14-LB5,0.0011630149771805875
Xanthomonas albilineans,0.0011588728215414124
Amycolatopsis methanolica,0.0011476561112163663
Pseudomonas sp. R4-34-07,0.0011379939028010044
Candidatus Evansia muelleri,0.0011367843611905571
Serratia sp. FS14,0.001108335933918725
Streptomyces xinghaiensis,0.0011013336229569904
Polaromonas sp. SP1,0.001097479586088479
Burkholderia sp. YI23,0.0010839587032865916
Streptomyces sp. 3214.6,0.0010808604670752065
Paraburkholderia fungorum,0.0010745637686968568
Pseudomonas sp. CC6-YY-74,0.0010729616732203517
Thermomonospora curvata,0.0010656090701985476
Salmonella enterica,0.00106341513928514
Buttiauxella sp. 3AFRM03,0.0010597695477331027
Citrobacter freundii,0.0010578713712315001
Microcella alkaliphila,0.0010513020602896273
Xanthomonas phaseoli,0.0010372558961831535
Paraburkholderia hospita,0.0010307006558083031
Burkholderia sp. PAMC 26561,0.0010288941874736501
Bradyrhizobium sp.,0.0010277797269780287
Streptococcus gordonii,0.0010252085211293282
Chromobacterium vaccinii,0.001020328129053638
Pseudomonas sp. GR 6-02,0.0010193339315939908
Bradyrhizobium japonicum,0.001012529609449686
Lysobacter gummosus,0.0010081811335915347
Collimonas pratensis,0.0010039997728686022
Bacteroides dorei,0.0010029476859074737
Sphingomonas indica,0.0010011376656120063
Bordetella pertussis,0.0009999137668345482
Pantoea agglomerans,0.0009973704308424924
soil_total_C,0.0009947379713546756
Achromobacter sp. B7,0.0009784336034691422
Candidatus Koribacter versatilis,0.000977702666016733
Burkholderia sp. PAMC 28687,0.0009743493519073443
Nocardiopsis dassonvillei,0.0009654189083437625
Rhizobium favelukesii,0.0009572131930832839
Sphingobium japonicum,0.0009529450193734634
Arthrobacter sp. FB24,0.0009451284850783059
Paraburkholderia caribensis,0.0009419309098825046
Burkholderia sp. KK1,0.0009384480269223116
Rhizobium jaguaris,0.000936291216937346
Neorhizobium sp. NCHU2750,0.0009353381002033645
Xanthomonas sacchari,0.0009090876431842032
Streptomyces sp. GBA 94-10,0.0009082394622655255
Pedobacter heparinus,0.0009066140446917003
Cellvibrio japonicus,0.000903067614626285
Pseudomonas sp. R3-52-08,0.0008950986568063036
Paraburkholderia graminis,0.000894770963068292
Cupriavidus oxalaticus,0.0008929265377940254
Bordetella genomosp. 9,0.0008913678629856702
Kribbella flavida,0.0008783381108641519
Terriglobus saanensis,0.0008775612869854843
Dyella jiangningensis,0.0008728817922501131
Paraburkholderia xenovorans,0.000863845696320631
Xenorhabdus bovienii,0.0008583341577014459
Frankia casuarinae,0.0008529676414817722
Streptomyces virus Amela,0.000847964077661989
Frankia sp. QA3,0.0008478125009894422
Simkania negevensis,0.0008394031005561243
Caulobacter flavus,0.0008390875108194695
Alcanivorax borkumensis,0.0008265587297444421
Cupriavidus gilardii,0.0008262942042251975
Paraburkholderia aromaticivorans,0.0008231128581520641
Blastococcus saxobsidens,0.0008205789415424824
Desulfobacca acetoxidans,0.0008181476145933785
Nocardiopsis gilva,0.0008119693070656631
Burkholderia sp. RPE67,0.000810427425956628
Mucilaginibacter gotjawali,0.0008095801495962007
Lysobacter enzymogenes,0.0008060468851691871
Sphingopyxis sp. EG6,0.0007913477851441808
Sphingobium sp. SCG-1,0.0007864303238520387
Cellulomonas flavigena,0.0007863691864383072
denit__Rate (microgN/kilogram dry weight soil/day),0.0007844947447571248
Dickeya chrysanthemi,0.0007806996508504582
Pseudomonas sp. LH1G9,0.0007743656952709177
Streptomyces violaceusniger,0.0007681875117120374
Neorhizobium galegae,0.0007608861912726361
Flavobacterium indicum,0.0007592215574555361
Phyllobacterium zundukense,0.0007531317374232183
Erythrobacter sp. KY5,0.000744445504446234
Streptomyces scabiei,0.0007412671694681849
Nitrosospira lacus,0.0007319911470875518
Pseudomonas lurida,0.0007310378460960498
Frateuria aurantia,0.0007299024691900912
Serratia sp. SSNIH1,0.000729677738519996
Microbacterium chocolatum,0.0007282759850858467
Bacillus thuringiensis,0.0007279211304269673
Parabacteroides sp. CT06,0.0007256288215626627
Kutzneria albida,0.0007235975718165033
Sandaracinus amylolyticus,0.000713424160327314
Helicobacter pylori,0.0007124309493157677
Janthinobacterium sp. 1_2014MBL_MicDiv,0.0007063186300182211
Aquaspirillum sp. LM1,0.0007022138003902389
Pseudomonas sp. UW4,0.0006967094201857593
Klebsiella sp. M5al,0.0006927199825695451
Rhodococcus erythropolis,0.0006921669780852513
Yersinia frederiksenii,0.000688260417678066
Porphyrobacter sp. LM 6,0.0006867109757771716
soil_NH4,0.0006805323302553568
Frankia alni,0.0006797247167567467
Simplicispira suum,0.0006771458379719819
Micromonospora inositola,0.0006720240416772105
Clostridium beijerinckii,0.0006703996185619676
Herbaspirillum hiltneri,0.000660959926104998
Streptomyces avermitilis,0.0006580608163169854
Amycolatopsis sp. BJA-103,0.0006562844997650474
Cupriavidus sp. USMAA2-4,0.0006559419654250664
Corynebacterium minutissimum,0.0006544067663871056
Mycobacterium sp. EPa45,0.0006541265897936022
Agromyces aureus,0.0006475930617725778
Sphingopyxis sp. WS5A3p,0.000647540656216239
Bacillus sp. FJAT-42376,0.000645784297897678
Pseudomonas sp. TMW 2.1634,0.000642109468720764
Stenotrophomonas maltophilia,0.0006409864654380426
Streptomyces phage phiSASD1,0.000632118107959534
Sphingomonas taxi,0.0006274649383769315
Burkholderia multivorans,0.0006247094909608731
Rhodococcus sp. H-CA8f,0.0006107133970556289
Pseudomonas sp. Os17,0.0006106736114158462
Streptomyces katrae,0.0006059777234102226
Lacunisphaera limnophila,0.0006048445194214658
Janthinobacterium agaricidamnosum,0.0006039058351889226
Sphingobium herbicidovorans,0.0006007321089474882
Streptomyces ambofaciens,0.000600552377310204
Asticcacaulis excentricus,0.0005993396581867704
Erwinia billingiae,0.0005983921846212769
chem__K (Mehlich 1 mg/kg dry weight),0.0005928897179640291
Flavobacterium commune,0.0005859098008351493
Pseudomonas protegens,0.0005842524298936391
Ornithobacterium rhinotracheale,0.0005822676087336998
Paenibacillus sp. FSL P4-0081,0.0005804461933249128
Porphyrobacter neustonensis,0.0005787715538946081
Sphingomonas wittichii,0.0005779134723614022
Candidatus Solibacter usitatus,0.0005775417310963426
Stenotrophomonas rhizophila,0.0005745772386039239
Streptomyces xiamenensis,0.00057368970832401
Flavobacterium johnsoniae,0.000565667858106389
Streptomyces sp. CNQ-509,0.000565631622906393
Mucilaginibacter sp. BJC16-A31,0.0005646198024271021
Bacillus clausii,0.0005643665291984457
Sphingopyxis macrogoltabida,0.0005639346346058005
Stenotrophomonas sp. SAU14A_NAIMI4_5,0.0005611084390310772
Microlunatus phosphovorus,0.0005590857004339478
Hyphomicrobium sp. MC1,0.0005569991778617389
Pseudomonas putida,0.0005563325113908002
Pseudomonas sp. XWY-1,0.0005533589642831461
Ralstonia insidiosa,0.0005523333668685737
Herbaspirillum robiniae,0.0005509651351296885
Rhodococcus opacus,0.000549541416750765
Sphingobium sp. SYK-6,0.0005489986404489056
Microbacterium sp. 10M-3C3,0.0005468070316928975
Alcaligenes faecalis,0.0005444696555734208
Bordetella sp. N,0.0005430979821466231
Streptomyces virus TG1,0.0005405941913142031
Burkholderia plantarii,0.0005404274077639659
chem__Zn (Mehlich 1 mg/kg dry weight),0.000538546272095819
Betaproteobacteria bacterium GR16-43,0.0005350899334042314
Burkholderia mallei,0.0005270342005216477
Leifsonia sp. 21MFCrub1.1,0.0005269974685017109
Singulisphaera acidiphila,0.0005248690539630286
Pseudomonas koreensis,0.0005231816455414151
Streptomyces actuosus,0.0005224198002242942
Geodermatophilus obscurus,0.0005158761479935991
Shigella flexneri,0.0005121789826876943
Mesorhizobium australicum,0.0005103487259164652
Flavobacterium kingsejongi,0.0005076830459695092
Rhodococcus sp. YL-1,0.0004964526505795375
Frankia sp. EAN1pec,0.0004933845299307293
Lelliottia amnigena,0.0004922405411066366
Mesorhizobium japonicum,0.0004888421795538056
Nostoc linckia,0.0004868872126548851
Rhodococcus jostii,0.0004853131747009964
Ochrobactrum anthropi,0.00048520205161834974
Streptomyces niveus,0.0004849221391091785
Sphingomonas sp. LK11,0.0004797532691811268
Sphingomonas sp. LM7,0.0004796621645102306
Paenibacillus xylanexedens,0.00047930254727301946
Neorhizobium sp. SOG26,0.0004788321923321126
Rhodococcus qingshengii,0.0004787061208136434
Solibacillus silvestris,0.0004717210146506723
Microbacterium hominis,0.0004699647433960008
Mycobacteroides chelonae,0.00046964495518018177
Streptomyces virus Zemlya,0.0004686699939424166
Jiangella sp. DSM 45060,0.00046775257005473583
Sphingomonas panacis,0.0004661650059198497
Arthrobacter sp. DCT-5,0.0004659721432803465
Halodesulfurarchaeum formicicum,0.00046552934474501927
Kytococcus sedentarius,0.0004650805254166057
Geobacter sp. M21,0.0004645012151217154
Pseudoxanthomonas suwonensis,0.00046345462266106363
Thalassolituus oleivorans,0.0004615994490395625
Streptosporangium sp. 'caverna',0.0004613309472395688
Cellulosimicrobium cellulans,0.0004557746729749512
Chania multitudinisentens,0.00045433285392217917
Pseudogulbenkiania sp. NH8B,0.00045258224029980364
Burkholderia contaminans,0.00044839108965752936
Pseudonocardia sp. EC080610-09,0.00044804034698147087
Pseudomonas silesiensis,0.00044768899041025545
Rhodococcus sp. MTM3W5.2,0.00044558318227045924
Variovorax sp. PAMC 28711,0.00044442160422959455
Streptomyces formicae,0.00044211408484402527
Pseudomonas vancouverensis,0.0004417926838148567
Achromobacter sp. MFA1 R4,0.0004388651701993762
Paraburkholderia caledonica,0.000435214756440816
Lysobacter antibioticus,0.0004348081885446664
Microbacterium pygmaeum,0.00043332745175606036
Microbacterium aurum,0.00043297304777059067
Pseudomonas fluorescens,0.00043252321963258564
Ensifer adhaerens,0.0004323894260689354
Thiomicrospira aerophila,0.00042875892085005864
Sphingomonas sp. MM-1,0.0004275602313955185
Pseudomonas cremoricolorata,0.00042254643722947625
Sphingomonas koreensis,0.00042242405264836247
Mycobacterium paragordonae,0.0004221950459143864
Xanthomonas campestris,0.0004210556061070347
Corynebacterium aurimucosum,0.0004192331477955058
Nostoc punctiforme,0.00041848673488467105
Dickeya zeae,0.0004178518729715419
Flavobacterium sp. CJ74,0.00041747777371505814
Paraburkholderia phymatum,0.0004169360652703347
Rhizobacter gummiphilus,0.00041632912170759263
Stenotrophomonas sp. LM091,0.0004137508772495746
Sphingopyxis fribergensis,0.0004134207479529417
Bradyrhizobium sp. SK17,0.00041315539553470336
Comamonas aquatica,0.0004120868407566869
Sphingobium yanoikuyae,0.00040990783107950344
Caulobacter sp. K31,0.0004093875077815001
Paraburkholderia terricola,0.0004092996532815141
Mycolicibacterium goodii,0.00040787372051018787
chem__P (Mehlich 1 mg/kg dry weight),0.00040776972610903075
Rhizobium sp. 11515TR,0.0004065647572510933
Stigmatella aurantiaca,0.0004065416463423066
Flavobacterium sp. HYN0056,0.000406124232200189
Sinomonas atrocyanea,0.00040530513278798087
Streptomyces antibioticus,0.00040284470443572304
Pseudopedobacter saltans,0.0004021309644845816
Clostridium novyi,0.0004017450794305155
Kocuria sp. BT304,0.00040109385773834383
Stenotrophomonas sp. G4,0.00040064040095373344
Sphingorhabdus sp. YGSMI21,0.000400153215143062
Marinobacter salarius,0.0003986607501052397
Glutamicibacter halophytocola,0.00039747692686926684
Myxococcus xanthus,0.0003973823880708549
Streptomyces sp. P3,0.00039653996552242444
Burkholderia cenocepacia,0.00039443643941139417
Sphingomonas hengshuiensis,0.00039425013442941916
Kitasatospora aureofaciens,0.00039210127551132513
Chryseobacterium arthrosphaerae,0.0003917264059236647
Phenylobacterium zucineum,0.00038908621125259834
Halomonas beimenensis,0.00038772407792140304
Novosphingobium sp. THN1,0.0003870994608173639
Raoultella ornithinolytica,0.00038650754879656637
Pseudomonas sp. ATCC 13867,0.00038627587770838633
Bradyrhizobium ottawaense,0.00038562335073073496
Pseudomonas virus PaMx74,0.00038514683203145773
Nocardia terpenica,0.00038254992917119424
Gramella flava,0.0003813215613377885
Azospira oryzae,0.00037720215301948465
Pantoea vagans,0.0003754939604563745
Streptomyces chartreusis,0.0003745390212236188
Streptomyces parvulus,0.00037246496580676245
Aeromonas sp. CA23,0.0003723924137946311
Bordetella parapertussis,0.0003704096008966262
Actinoplanes friuliensis,0.0003688594891586572
Wolbachia endosymbiont of Drosophila melanogaster,0.0003688434822116671
Streptomyces virus Lannister,0.000367894505220101
Azoarcus sp. DN11,0.00036783980757317816
Agrobacterium fabrum,0.0003675038927068774
Streptomyces sp. M56,0.0003674428500472393
Micrococcus luteus,0.0003670930598933753
Streptomyces qaidamensis,0.0003662350918260726
Bacillus licheniformis,0.00036420445404088396
Pantoea sp. PSNIH1,0.00036313998350525625
Microvirgula aerodenitrificans,0.0003611983377577843
Hymenobacter nivis,0.0003610250046832908
Burkholderia stabilis,0.000359875582766489
Sphingopyxis sp. MG,0.0003563391939026994
Agrobacterium rhizogenes,0.0003557906686914469
Clostridium botulinum,0.00035578869259043076
Novosphingobium resinovorum,0.00035490099841215537
Streptomyces virus phiBT1,0.00035399416893335813
Achromobacter spanius,0.0003515470348700145
Sphingomonas sp. KC8,0.00035119909748579923
Microbacterium foliorum,0.0003507576858047479
Serratia plymuthica,0.0003507264654362796
Pseudomonas fulva,0.00035024197907398415
Serratia sp. YD25,0.00034877766355720927
Microbacterium paludicola,0.0003479194129874186
Bacillus sonorensis,0.00034673145029022744
Kosakonia cowanii,0.00034665896742347435
Nocardioides sp. CF8,0.0003459926453931228
Pseudomonas sp. TKP,0.0003457539465257176
Pseudonocardia sp. EC080619-01,0.00034575056829648786
Massilia violaceinigra,0.00034569172551697226
Granulicella tundricola,0.00034546844554113055
Streptomyces puniciscabiei,0.00034484445168754264
Bradyrhizobium sp. WSM471,0.0003447340260046783
Streptomyces sp. SM17,0.00034393833011772126
Massilia sp. YMA4,0.00034284964166608756
Sporosarcina ureae,0.00034087255279398044
Brevundimonas naejangsanensis,0.0003399075286604658
Microbacterium sp. PAMC 28756,0.00033946122291759193
Arthrobacter sp. QXT-31,0.00033945800217760613
Streptomyces leeuwenhoekii,0.000338558334387562
Streptomyces gilvosporeus,0.0003382501844282126
Amycolatopsis mediterranei,0.0003316113601247839
Herminiimonas arsenitoxidans,0.000331388569740243
Cronobacter sakazakii,0.00033122556462445997
Streptomyces griseorubiginosus,0.0003307060836711395
Bacillus subtilis,0.0003287529539928391
Pseudomonas pohangensis,0.0003280037057151297
Candidatus Nanopelagicus limnes,0.0003253524896713822
Microbulbifer aggregans,0.00032492288771774903
Pedobacter cryoconitis,0.0003221520221990071
Burkholderia sp. IDO3,0.00032203103238677145
Marinobacter sp. LQ44,0.00032117074547828307
Bradyrhizobiaceae bacterium SG-6C,0.0003203398349477471
Pseudomonas alkylphenolica,0.0003187032233368914
Dinoroseobacter shibae,0.00031832194145513525
Pseudomonas guangdongensis,0.00031806600535928543
Friedmanniella luteola,0.0003179680827771314
Novosphingobium aromaticivorans,0.00031750474032286034
Micavibrio aeruginosavorus,0.0003173643880420629
Mucilaginibacter paludis,0.00031671802535879754
Paenibacillus sp. FSL R7-0273,0.0003162471533124878
Streptomyces davaonensis,0.00031543889906349154
Bacillus infantis,0.0003145133603984718
Geobacter lovleyi,0.00031430182140135265
Enterobacter hormaechei,0.00031374080044634935
Altererythrobacter atlanticus,0.000313739548559111
Arthrobacter sp. Rue61a,0.0003131222970205183
Azorhizobium caulinodans,0.00031176093327480727
Bordetella genomosp. 8,0.0003111641954552491
Halomonas hydrothermalis,0.0003103224886363831
Melittangium boletus,0.00031026516721588404
Burkholderia sp. NRF60-BP8,0.00030922768789958254
Pseudomonas sp. CMR5c,0.0003090221565244411
Cellulosilyticum lentocellum,0.00030809648140492916
Pedobacter ginsengisoli,0.0003064568576695903
Streptomyces sp. 769,0.00030621143355125113
Paraburkholderia caffeinilytica,0.00030520279822474625
Cellulomonas fimi,0.00030517033090813326
Serratia sp. FGI94,0.000305056384074609
Enterococcus faecalis,0.0003042517667469991
Sulfitobacter sp. SK025,0.00030383614815547854
[Polyangium] brachysporum,0.0003036690656293972
Sphingomonas sp. Cra20,0.00030314581199872845
Chryseobacterium sp. IHB B 17019,0.00030274780495138655
Pantoea sp. At-9b,0.00030031943458033175
Pseudomonas entomophila,0.0002967861856196574
Xanthomonas vasicola,0.0002950876730949847
Nitrosomonas sp. AL212,0.0002941477757489652
Sphingomonas melonis,0.0002940085108844359
Pseudomonas brassicacearum,0.00029307312200448353
Sphingomonas sp. NIC1,0.0002929633716316937
Streptomyces virus Sujidade,0.0002922909902988158
Synechococcus sp. NIES-970,0.0002920711592617309
Burkholderia sp. MSMB0852,0.00029171480787391066
Acinetobacter calcoaceticus,0.000290863995528956
Paraburkholderia sp. SOS3,0.0002907294904441526
Altererythrobacter dongtanensis,0.0002906796516137566
Streptomyces sp. 2323.1,0.00029063480407096607
Acetobacter pomorum,0.00028900583148576685
Delftia sp. Cs1-4,0.00028825699981531726
Pseudomonas synxantha,0.0002872145764643452
Crenobacter sp. K1W11S-77,0.0002870582398833754
Thauera sp. MZ1T,0.0002853574616194177
Burkholderia sp. Bp7605,0.0002850126741929859
Enterobacter roggenkampii,0.0002848795251718661
Acinetobacter radioresistens,0.00028470991232198983
Enterococcus faecium,0.00028448394374473994
Pseudomonas aeruginosa,0.00028273244508352223
Arthrobacter crystallopoietes,0.00028163762468371714
Hafnia alvei,0.0002813789559330315
Streptomyces sp. WAC00288,0.00028080583950511605
Azospirillum thiophilum,0.0002801777374672465
Achromobacter insolitus,0.00028007516620178754
Shimwellia blattae,0.0002788722432385482
Kosakonia oryzae,0.00027799461143407367
Streptococcus pneumoniae,0.0002764405885421706
Geobacter sulfurreducens,0.0002760653887292408
Streptomyces noursei,0.0002758187411973534
Bacillus simplex,0.0002746880491629078
Paenibacillus polymyxa,0.00027429147419264497
Comamonadaceae bacterium A1,0.0002729650617283808
Arthrobacter sp. ERGS1:01,0.0002712349884484766
Chryseobacterium carnipullorum,0.00027116137950540243
Pedobacter sp. eg,0.00027108770258537084
Gramella sp. MAR_2010_102,0.00026960916173637275
Janthinobacterium sp. LM6,0.00026948911711222046
Streptomyces sp. CCM_MD2014,0.00026834050363213626
Pseudomonas sp. Z003-0.4C(8344-21),0.0002674490157848375
Serratia marcescens,0.0002666052633145677
Microbacterium sp. No. 7,0.00026598616503314965
Sphingorhabdus sp. Alg231-15,0.000265402717446217
Pseudomonas mandelii,0.0002650082092128914
Mesorhizobium ciceri,0.0002643488342210842
Anabaena cylindrica,0.00026309490768630097
Cellulomonas sp. PSBB021,0.00026187003312805324
Tatumella citrea,0.0002580265140103011
Alteromonas mediterranea,0.00025783656025752945
Altererythrobacter epoxidivorans,0.0002577121140535654
Sphingopyxis sp. QXT-31,0.0002571898155823593
Nocardia sp. Y48,0.000255639824845999
Kocuria rhizophila,0.0002554510523278486
Catenulispora acidiphila,0.00025543480136669405
Desulfococcus multivorans,0.00025529780667508104
Agrobacterium vitis,0.0002551228850993459
Erythrobacter seohaensis,0.0002546381626008509
Paenibacillus graminis,0.0002543383184380854
Bacteroides ovatus,0.0002535959322788273
Streptomyces rubrolavendulae,0.000253440983864861
Mycobacterium marseillense,0.00025315357401345384
Mucilaginibacter mallensis,0.00025297452673334053
Erwinia persicina,0.0002527193824717333
Agromyces flavus,0.0002522542457503496
Nocardioides sp. JS614,0.0002518128307279932
Pseudomonas mendocina,0.0002514254167888863
Ralstonia pickettii,0.00025091306748949995
Streptomyces alboflavus,0.00024898982121586145
Burkholderiales bacterium JOSHI_001,0.0002488559014728997
Caulobacteraceae bacterium OTSz_A_272,0.0002470898378743369
Mucilaginibacter sp. PAMC 26640,0.00024525353040065755
Pseudomonas sp. FGI182,0.0002448366034408789
Sinorhizobium americanum,0.0002447639151353487
Pseudomonas phage phiPsa374,0.0002444036238209879
Sphingobium chlorophenolicum,0.00024409938680083342
Streptomyces sp. CC0208,0.0002428093536292586
[Eubacterium] rectale,0.0002427856874220202
Rhodococcus sp. 008,0.0002425314645055021
Shewanella denitrificans,0.00024244232452566016
Vogesella sp. LIG4,0.00024227315215612498
Pluralibacter gergoviae,0.00024187974442881898
Bradyrhizobium sp. S23321,0.00024117070653761896
Mesorhizobium amorphae,0.0002401114426387574
Micromonospora echinaurantiaca,0.00023995346825418374
Mycobacterium colombiense,0.00023935402541146454
Acidaminococcus fermentans,0.0002386885943591155
Streptomyces pactum,0.00023865457504836928
Paenibacillus sp. FSL H7-0357,0.00023853931075481504
Burkholderia oklahomensis,0.0002383589586066659
Serratia sp. JKS000199,0.00023659821048194196
Burkholderia sp. CCGE1003,0.00023645832874685802
Streptomyces pluripotens,0.00023519072437891975
Bacillus velezensis,0.00023511655553449807
Geobacter pickeringii,0.00023500500398832003
Verrucomicrobia bacterium IMCC26134,0.00023491943115394598
Alcanivorax pacificus,0.00023469722969948759
Enterobacter sp. R4-368,0.0002343865494083941
Streptomyces sp. Sge12,0.00023413790447905923
Clostridioides difficile,0.00023411159342860975
Streptomyces hygroscopicus,0.0002337770034717801
Streptomyces sp. SCSIO 03032,0.0002332466130464672
Aeromonas sp. ASNIH5,0.00023274070955074943
Pandoraea vervacti,0.0002326689246691993
Thermotoga maritima,0.00023258384105306895
Pimelobacter simplex,0.00023158546174482098
Frankia symbiont of Datisca glomerata,0.00023036613834930274
Enterobacter sp. 638,0.00023012198582137434
Chromobacterium violaceum,0.00022990595157237336
Pseudomonas oryzae,0.00022984485049610815
Mollivirus sibericum,0.00022938642894858584
Pseudomonas sp. MRSN12121,0.00022779302530626656
Kocuria turfanensis,0.0002274229274728423
Streptomyces sp. Go-475,0.00022658600452480916
Curtobacterium sp. BH-2-1-1,0.0002264550998275272
Yersinia enterocolitica,0.00022607349376286835
Brevundimonas sp. GW460-12-10-14-LB2,0.00022600147841806973
Acidiphilium multivorum,0.00022559608376246932
Burkholderia territorii,0.0002255220866002494
Sulfuricaulis limicola,0.00022413723970202693
Anoxybacillus flavithermus,0.00022096090333318942
Hymenobacter sedentarius,0.00022001911695450626
Rhodococcus sp. P1Y,0.0002198637926051905
Dickeya sp. CSL RW240,0.00021958187345261226
Pectobacterium carotovorum,0.00021913164044371492
Mitsuaria sp. 7,0.0002184001621892806
Collimonas arenae,0.00021745672009760854
Sphingobium sp. RAC03,0.00021738066376753018
Planctomyces sp. SH-PL62,0.00021707137288895506
Burkholderia sp. BDU8,0.0002165811092494696
Myxococcus macrosporus,0.00021635121759688847
Pseudoxanthomonas spadix,0.00021590324281288708
Brucella suis,0.00021502934309449717
Nakamurella multipartita,0.0002146235429980825
Pseudarthrobacter phenanthrenivorans,0.00021415327991918253
Anaeromyxobacter dehalogenans,0.00021402618254056093
Cupriavidus sp. USMAHM13,0.0002138086502220249
Pseudomonas fragi,0.0002108480678036928
Polaromonas sp. JS666,0.00021025531072125237
Dickeya paradisiaca,0.00021008697657811659
Bradyrhizobium sp. CCGE-LA001,0.00020987547077551129
Devosia sp. I507,0.0002096823712314011
Lelliottia sp. WB101,0.00020959699132410136
Hymenobacter sp. APR13,0.00020926574260415887
Burkholderia sp. OLGA172,0.00020911517657469237
Nocardia brasiliensis,0.00020897332963509818
Isoptericola variabilis,0.0002083803273276841
Ahniella affigens,0.0002079300563765152
Brevibacillus laterosporus,0.00020784717707693633
Chryseobacterium glaciei,0.00020718678510203147
Dyella thiooxydans,0.0002054388726632217
Chryseobacterium sp. T16E-39,0.00020530783968615297
Aquitalea magnusonii,0.00020469599980648122
Pedobacter sp. PACM 27299,0.00020469248205068347
Pseudomonas sp. NC02,0.00020434835540226182
Bifidobacterium longum,0.00020430694582598274
Novosphingobium sp. P6W,0.000203729787282958
Pseudorhodoplanes sinuspersici,0.00020316698644851083
Halotalea alkalilenta,0.0002015881981474843
Novosphingobium pentaromativorans,0.0002015390379652482
Pedobacter sp. G11,0.0002006417074496225
Rhodococcus sp. WMMA185,0.00020054162287699295
Actinoalloteichus hymeniacidonis,0.0001993905554226627
Dickeya dadantii,0.00019895109171417236
Acidobacterium capsulatum,0.00019753735960330586
Enterobacter sp. FY-07,0.000196898882895713
Streptomyces sviceus,0.00019668742809841877
Oxalobacter formigenes,0.00019659259007949182
Enterobacter sp. HK169,0.00019654422048178687
Gemmatirosa kalamazoonesis,0.00019610234901832336
Klebsiella aerogenes,0.0001959729265126109
Brevundimonas sp. DS20,0.0001956143197039184
Bacillus jeotgali,0.00019531244549071404
Stenotrophomonas sp. MYb57,0.000195242519467298
Aurantimicrobium sp. MWH-Mo1,0.00019478420843335175
Rahnella sp. ERMR1:05,0.00019476289096984623
Streptacidiphilus sp. DSM 106435,0.00019387952244478423
Herbaspirillum seropedicae,0.0001930346238723235
Alcanivorax sp. N3-2A,0.0001926966786367501
Sphingopyxis sp. FD7,0.00019225994566332005
Paenibacillus stellifer,0.00019191566231231417
Vulgatibacter incomptus,0.0001910319517500758
Acetobacter ghanensis,0.00019066158504663644
Salinicola tamaricis,0.00019055054528838156
Limnohabitans sp. 63ED37-2,0.00019049464000591153
Paenibacillus riograndensis,0.0001900987430941692
Brevundimonas diminuta,0.00018991547954598785
Enterobacteriaceae bacterium w6,0.0001896748908210899
Chitinophaga pinensis,0.0001892842974677622
Janibacter indicus,0.00018909579353634242
Pseudomonas sabulinigri,0.00018890097750807745
Dickeya sp. NCPPB 3274,0.00018874689007042367
Pseudomonas tolaasii,0.00018839136425035096
Hyphomicrobium denitrificans,0.00018801832307016041
Arthrobacter sp. YN,0.00018791770203219205
Mycobacterium kansasii,0.00018744914226453968
Rhizobium leguminosarum,0.00018737315786183651
Streptomyces atratus,0.00018701291528775422
Luteitalea pratensis,0.0001868608169070196
Aminobacter sp. MSH1,0.00018684971203430933
Actinosynnema mirum,0.00018660605940263865
Chryseobacterium indologenes,0.00018645300227893014
Pseudomonas sp. LBUM920,0.00018623533129928925
Streptomyces griseochromogenes,0.00018615766676135514
Burkholderia dolosa,0.00018582027090447984
Achromobacter sp. AONIH1,0.00018438503287288022
Pseudomonas sp. HLS-6,0.00018296838879128252
Rubrivivax gelatinosus,0.00018255272152476465
Bacillus sp. FJAT-22090,0.00018075461086661804
Plautia stali symbiont,0.00018072289141515263
Pseudomonas simiae,0.00018050676171865732
Capnocytophaga ochracea,0.0001793698778062236
Pseudomonas mosselii,0.00017909585023614393
Sphingobium baderi,0.00017852257066628408
Acidovorax sp. RAC01,0.000177235498444106
Metallosphaera sedula,0.00017534969849508641
Shewanella psychrophila,0.00017505157303083775
Methylovorus glucosotrophus,0.00017420213494578896
Burkholderia sp. CCGE1001,0.00017327564746016932
Virgibacillus sp. Bac332,0.00017242362137506184
Massilia sp. NR 4-1,0.00017214447874867034
Citrobacter koseri,0.0001718360091436777
Nocardia cyriacigeorgica,0.0001715479320860247
Pantoea ananatis,0.00017133004198215395
Arthrobacter sp. PGP41,0.00017117239622550519
Alcanivorax sp. NBRC 101098,0.00017064792430387943
Bradyrhizobium sp. ORS 285,0.000170407362309688
Cystobacter fuscus,0.00017018028180659783
Halomonas sp. SF2003,0.0001699137177630261
Actinoplanes missouriensis,0.00016975106719041566
Burkholderia ambifaria,0.00016959450785747343
Enterobacter sp. E20,0.0001692848117264889
Burkholderia metallica,0.00016924175657275775
Caulobacter mirabilis,0.00016901352991427476
Nitrososphaera viennensis,0.0001687571246947295
Mycobacterium virus D29,0.00016834789256625626
Pseudomonas sp. DY-1,0.00016767490826583576
[Enterobacter] lignolyticus,0.00016679990562653568
Burkholderia pseudomultivorans,0.00016608258425137022
Bacillus sp. 1NLA3E,0.0001660383252436448
Streptomyces sp. ETH9427,0.0001656528995063633
Neomicrococcus aestuarii,0.00016557126693592661
Pseudomonas rhizosphaerae,0.0001641572011382042
Conexibacter woesei,0.0001632086597463056
Mycobacterium paraintracellulare,0.0001628377025852501
Micromonospora purpureochromogenes,0.00016267362303825638
Saccharopolyspora erythraea,0.00016198325805549807
Actinomadura amylolytica,0.00016197484101940774
Plantactinospora sp. KBS50,0.00016053313446349194
Novosphingobium sp. PP1Y,0.00016029071029308729
Mesorhizobium phage vB_MloP_Lo5R7ANS,0.00015975555378815453
Serratia rubidaea,0.0001594671221707866
Pseudomonas sp. S09G 359,0.00015928533145828094
Pseudomonas knackmussii,0.00015928401416682726
Myxococcus fulvus,0.00015896151818746153
Verrucomicrobia bacterium,0.00015676870391305718
Pseudomonas trivialis,0.00015651530025511117
Luteimonas sp. 100111,0.00015628861490231128
Rhodococcus ruber,0.00015540101981070809
Streptomyces sp. NEAU-S7GS2,0.00015473779065575677
Streptomyces coelicolor,0.00015439847648950343
Erythrobacter gangjinensis,0.00015433497938164287
Rhizorhabdus dicambivorans,0.0001537394091696731
Komagataeibacter europaeus,0.0001533774297358459
Enterobacter cloacae,0.00015296043752768273
Sphingobium sp. YG1,0.0001522173619139977
Mariniflexile sp. TRM1-10,0.00015219742917662593
Pacmanvirus A23,0.00015180080519341387
Verrucomicrobium spinosum,0.00015136140637401764
endosymbiont of unidentified scaly snail isolate Monju,0.00015115936724932055
Aeromonas sp. ASNIH2,0.00015112042430320827
Streptomyces virus Lika,0.00015106641289497347
Kitasatospora albolonga,0.00015096450496550063
Rhodococcus fascians,0.0001509096770036411
Serratia proteamaculans,0.00015067392380256893
Porphyrobacter HT-58-2,0.0001503199675806588
Stenotrophomonas sp. ESTM1D_MKCIP4_1,0.00014948173693327683
Pseudoalteromonas piscicida,0.00014919217347668655
Herbaspirillum rubrisubalbicans,0.00014860635692053313
Streptomyces sp. fd1-xmd,0.0001479588370969731
Desulfitobacterium metallireducens,0.0001465121847538553
Nocardiopsis alba,0.00014604977243091178
Paenibacillaceae bacterium GAS479,0.00014462548908460436
Tropheryma whipplei,0.00014429081231019935
Pandoraea norimbergensis,0.00014368804225737276
Rubinisphaera brasiliensis,0.00014310285119070176
Cronobacter dublinensis,0.00014293268851486295
Gemmatimonas phototrophica,0.00014263099771880672
Mycobacterium shigaense,0.00014102215006368547
Blastomonas sp. RAC04,0.00013988142229248712
Caulobacter henricii,0.00013972847659788902
Burkholderia lata,0.0001393324787967609
Oceanimonas sp. GK1,0.0001390245856297767
Luteimonas sp. JM171,0.0001390077545630808
Chryseobacterium shandongense,0.00013891637337204443
Streptomyces sampsonii,0.00013882191954492918
Streptomyces sp. CMB-StM0423,0.00013803190049286319
Pandoraea oxalativorans,0.0001373637661407301
Xanthomonas perforans,0.0001370350039069379
Kushneria konosiri,0.00013662942696728296
Streptomyces albulus,0.0001363415356967046
Sorangium cellulosum,0.00013602743564762322
Gibbsiella quercinecans,0.0001358183907630872
Pseudomonas cichorii,0.0001354826043013846
Blastomonas fulva,0.00013478920082579115
Pseudomonas extremaustralis,0.0001347510215414127
Kordia sp. SMS9,0.00013446773031058345
Pantoea stewartii,0.00013379539824991403
Enterobacter sp. Crenshaw,0.00013333128196719725
Bacillus mycoides,0.00013323761844694638
Pseudomonas cedrina,0.00013310555330561246
Photorhabdus thracensis,0.00013272336176959332
Kitasatospora setae,0.0001326468140067316
Halomonas sp. N3-2A,0.00013236775074692008
Mesorhizobium opportunistum,0.00013193456640523405
Nocardia sp. CFHS0054,0.00013175267326026585
halophilic archaeon DL31,0.00013074864812290254
Sinorhizobium fredii,0.00013053633266475463
Rhodococcus sp. BH4,0.00013041938341924465
Deinococcus wulumuqiensis,0.0001300354999648423
Lactobacillus delbrueckii,0.00013001142136668254
Planococcus plakortidis,0.00012949599014282497
Photorhabdus laumondii,0.00012948797344334296
Streptomyces sp. Mg1,0.00012936344039242708
Burkholderia vietnamiensis,0.0001291165422854901
Methylocystis sp. SC2,0.00012790619365863343
Cellulophaga lytica,0.00012724384962179425
Methylobacterium currus,0.00012675246262208172
Microbacterium sp. XT11,0.00012671218811333151
Mycobacterium chimaera,0.00012649672485218755
Gallaecimonas sp. HK-28,0.0001261321889046263
Thermus thermophilus,0.00012584690295864843
Sphingobacterium mizutaii,0.0001257913878320638
Streptomyces virus phiC31,0.00012509951329597868
Streptomyces peucetius,0.00012478968687956726
Mycobacterium sp. YC-RL4,0.00012443803096533478
Amycolatopsis orientalis,0.00012321534217640817
Vibrio anguillarum,0.00012263077742196148
Plantactinospora sp. BC1,0.00012226164653417193
Mordavella sp. Marseille-P3756,0.00012222889301090057
Limnohabitans sp. 103DPR2,0.0001221994861742015
Tsukamurella paurometabola,0.00012211209999624106
Thauera sp. K11,0.0001220567858250865
Capnocytophaga haemolytica,0.0001220566509219534
Lysinibacillus sp. YS11,0.00012064387689434409
Altererythrobacter ishigakiensis,0.00012003211482571884
Lysobacter sp. TY2-98,0.00011984871041583744
Weeksella virosa,0.0001197696941737103
Fuerstia marisgermanicae,0.00011973866902850183
Paenibacillus donghaensis,0.00011928209415670298
Streptosporangium roseum,0.00011920724144969253
Pseudodesulfovibrio indicus,0.00011891798772791783
Mycobacterium sp. VKM Ac-1817D,0.00011832545807091143
Thermotoga sp. 2812B,0.00011783252118400256
Truepera radiovictrix,0.0001175447315389544
Variovorax sp. HW608,0.00011709640284587319
Paenibacillus ihbetae,0.00011707537527649858
Streptomyces cyaneogriseus,0.00011692570489298947
Paraburkholderia phenoliruptrix,0.0001168227311579395
Alteromonas macleodii,0.0001164244159071126
Paenibacillus sp. JDR-2,0.00011603289672772466
Tessaracoccus sp. T2.5-30,0.00011589472092783381
Lactobacillus sakei,0.00011540943824663862
Pontibacter akesuensis,0.00011532827031908166
Bosea sp. AS-1,0.00011522837958521936
Melaminivora sp. SC2-7,0.00011497358165435401
Nocardioides sp. 78,0.00011421850851347503
Pseudomonas alcaligenes,0.00011394185766446795
Herminiimonas arsenicoxydans,0.00011370064087503628
Kitasatospora sp. MMS16-BH015,0.00011309431593828912
Cellulosimicrobium sp. TH-20,0.00011305831428656265
endosymbiont of Acanthamoeba sp. UWC8,0.00011290924037199446
Acinetobacter baumannii,0.00011289155940412688
Nocardioides dokdonensis,0.00011286046574567887
Chryseobacterium indoltheticum,0.00011259355152430928
Rhizobium phage RHEph10,0.00011250479730182673
Serratia sp. SCBI,0.00011240042372473447
Streptomyces sp. Tu6071,0.00011230573980187674
Pseudomonas lini,0.00011164983331817258
Pseudomonas sp. R2A2,0.00011145204829732247
Hymenobacter sp. sh-6,0.00011131738469094543
Solimonas sp. K1W22B-7,0.00011131715814758359
Brevibacterium sandarakinum,0.00011079048907680633
Geobacillus subterraneus,0.00011066235069432385
Chryseobacterium sp. 6424,0.0001104347201431155
Burkholderia sp. MSMB0266,0.00011009466455944584
Nitrospira defluvii,0.00010999846790140654
Methylobacterium sp. XJLW,0.000109951457095403
Bordetella trematum,0.00010966644946917015
Lactobacillus zymae,0.00010951098449170082
Cryobacterium arcticum,0.00010904016587172105
Pirellula staleyi,0.00010901034965513646
Intestinimonas butyriciproducens,0.000108851478845029
Mycetocola sp. 449,0.00010883442080213967
Ignicoccus hospitalis,0.00010881085966487624
Erwinia amylovora,0.00010878665515599018
Pusillimonas sp. T7-7,0.00010744362060379764
Bacillus pumilus,0.0001071278527674524
Chryseobacterium balustinum,0.00010691934398350255
Candidatus Amoebophilus asiaticus,0.00010680648344190136
Rhodothermaceae bacterium,0.00010658109020358352
Nitrospira moscoviensis,0.00010633307481697774
Pelosinus fermentans,0.00010624220676633823
Saccharomonospora azurea,0.00010608116507364596
Desulfomonile tiedjei,0.00010602189745985146
Bifidobacterium indicum,0.0001053485505988272
Vibrio breoganii,0.00010469748338202134
Methylovorus sp. MP688,0.00010468426154008892
Nitrobacter hamburgensis,0.0001045383418324608
Pandoraea sputorum,0.0001045281044010249
Chromobacterium sp. ATCC 53434,0.00010425615561986401
Dermacoccus nishinomiyaensis,0.0001041126345391552
Salmonella bongori,0.0001036954298669901
Halomonas elongata,0.00010300693046607634
Pseudomonas sp. SWI36,0.00010263875796170385
Burkholderia stagnalis,0.00010215484202065195
Roseomonas gilardii,0.00010200988751973838
Bordetella flabilis,0.00010166724769939961
Echinicola vietnamensis,0.0001015251803389905
nitrif__Technical Replicate,0.00010097400882174146
Bradyrhizobium sp. BTAi1,0.00010080418246718458
Pseudomonas pseudoalcaligenes,0.00010069207739189512
Paenarthrobacter aurescens,0.00010051428497110937
Pseudomonas orientalis,0.00010039712258800293
Bacillus sp. FJAT-18017,0.00010039442461773351
Roseateles depolymerans,0.00010028089825622199
Melaminivora sp. SC2-9,0.00010021747281441229
Escherichia fergusonii,9.992380772014809e-05
Jatrophihabitans sp. GAS493,9.991649399063718e-05
Mesorhizobium huakuii,9.990491912024169e-05
Sideroxydans lithotrophicus,9.98839567766474e-05
Streptomyces reticuli,9.97963911314459e-05
Intrasporangium calvum,9.976263610596003e-05
Myxococcus hansupus,9.931212882956509e-05
Sulfurifustis variabilis,9.902681588909168e-05
Nostoc sp. 'Peltigera membranacea cyanobiont' N6,9.886020236502536e-05
Corynebacterium sp. ATCC 6931,9.876669405417537e-05
Burkholderia phage KS14,9.873180128032733e-05
Erythrobacter sp. HL-111,9.871786491821855e-05
Streptomyces alfalfae,9.844922893897934e-05
Streptomyces sp. TLI_053,9.799034592248291e-05
Xanthomonas translucens,9.787528707887461e-05
Sedimenticola thiotaurini,9.76436897839772e-05
Streptomyces bingchenggensis,9.754094085430154e-05
Natronomonas moolapensis,9.711645900585264e-05
Klebsiella variicola,9.70337359377016e-05
Yoonia vestfoldensis,9.696838914470262e-05
Mycoplasma haemofelis,9.663916056144029e-05
Bacillus kochii,9.65805194296454e-05
Pseudomonas sp. MYb193,9.614626796323744e-05
Paraburkholderia sprentiae,9.595678574194632e-05
Rhodospirillum rubrum,9.589126681033288e-05
Mesorhizobium sp. DCY119,9.571318865415623e-05
Methylobacterium sp. 17Sr1-43,9.552106324661747e-05
Bradyrhizobium oligotrophicum,9.551611243423519e-05
Frondihabitans sp. PAMC 28766,9.544961036980215e-05
Modestobacter marinus,9.505354169687674e-05
Opitutaceae bacterium TAV5,9.477882979960217e-05
Niabella ginsenosidivorans,9.457416171723131e-05
Gordonibacter urolithinfaciens,9.408725142932007e-05
Dokdonella koreensis,9.402033626868534e-05
Austwickia chelonae,9.398956844084428e-05
Pontibacter actiniarum,9.370142547662219e-05
Trichormus azollae,9.339951677291846e-05
Bacillus methanolicus,9.226672454301088e-05
Methylorubrum populi,9.211499599757201e-05
Pseudomonas sp. St29,9.188053142763497e-05
Acidobacteriaceae bacterium SBC82,9.149067652314269e-05
Streptomyces sp. HNM0039,9.141817495139648e-05
Mycolicibacterium vanbaalenii,9.100833203454784e-05
Pseudomonas savastanoi,9.086406819402981e-05
Epibacterium mobile,9.073843920661683e-05
Clostridium sp. DL-VIII,9.040087601768221e-05
Micropruina glycogenica,9.026556253304286e-05
Wolbachia endosymbiont of Drosophila simulans,9.016217279149697e-05
Methylobacterium sp. C1,9.014871920556277e-05
Paenibacillus sp. FSL R7-0331,9.007919045078694e-05
Streptomyces albireticuli,8.97421901175921e-05
Burkholderia latens,8.971065884573192e-05
Bradyrhizobium sp. ORS 3257,8.954713993256647e-05
Wolbachia endosymbiont of Brugia malayi,8.94453406629081e-05
Pseudomonas sp. CMR12a,8.92052048671932e-05
Bacillus sp. Y-01,8.898766436238326e-05
Actinoplanes derwentensis,8.885253481425437e-05
Aeromicrobium sp. A1-2,8.872236534853694e-05
Burkholderia cepacia,8.86260319975074e-05
Methylophilus sp. TWE2,8.845305362263911e-05
Delftia sp. HK171,8.839908667153118e-05
Paucimonas lemoignei,8.80096987947221e-05
Vibrio cholerae,8.738842293398719e-05
Serinicoccus sp. JLT9,8.717273848088958e-05
Mycobacterium dioxanotrophicus,8.71336769372677e-05
Acidovorax sp. T1,8.702730951670734e-05
Burkholderia sp. MSMB1588,8.694225256198341e-05
Paenibacillus sp. IHBB 10380,8.681298081805177e-05
Mycolicibacterium vaccae,8.670797871994651e-05
Brachybacterium faecium,8.632365473810743e-05
Aeromicrobium sp. 592,8.614123947512376e-05
Phytobacter ursingii,8.571172028515317e-05
Nocardia nova,8.539257888211527e-05
Aeromicrobium erythreum,8.505025616070138e-05
Pseudomonas sp. 02C 26,8.483427766148299e-05
Enterobacter asburiae,8.483075469181144e-05
Zymomonas mobilis,8.43221645510539e-05
Candidatus Thiodictyon syntrophicum,8.403243109884606e-05
Magnetospira sp. QH-2,8.39940329020683e-05
Halobacterium salinarum,8.392506132770539e-05
Pedobacter steynii,8.352130200641738e-05
Cellulomonas gilvus,8.34014388776394e-05
Ammonifex degensii,8.319806605074919e-05
Pseudomonas sp. NS1(2017),8.262804294523196e-05
Paenibacillus crassostreae,8.243758959927127e-05
Novosphingobium tardaugens,8.243345426532933e-05
Acinetobacter lactucae,8.191008291809076e-05
Bradyrhizobium sp. 2 39S1MB,8.178118933559464e-05
Pseudomonas granadensis,8.17251380523798e-05
Vibrio gazogenes,8.159980909989706e-05
Pseudomonas sp. B10,8.112550110095373e-05
Phycicoccus dokdonensis,8.070508253148479e-05
Leifsonia xyli,8.044033364844605e-05
Streptomyces phage Nanodon,8.034199168303058e-05
Enterobacter kobei,8.025695911741959e-05
Erythrobacter atlanticus,7.985417983127351e-05
Pseudomonas versuta,7.972696619573671e-05
Sulfitobacter sp. SK011,7.950380011589875e-05
Burkholderiales bacterium GJ-E10,7.943954016775834e-05
Roseiflexus castenholzii,7.935812695423206e-05
Rubrobacter radiotolerans,7.935305611603827e-05
Obesumbacterium proteus,7.887070623435743e-05
Hymenobacter sp. PAMC 26554,7.82714114702543e-05
Pandoraea pulmonicola,7.80922889925595e-05
Mannheimia haemolytica,7.793709360175427e-05
Salinibacter ruber,7.752236610376606e-05
Sphingopyxis sp. LPB0140,7.733689281907985e-05
Burkholderia pseudomallei,7.716908373425201e-05
Miniimonas sp. S16,7.668172964654385e-05
Burkholderia glumae,7.658156981003029e-05
Halomonas sp. A3H3,7.54716988219828e-05
Pannonibacter phragmitetus,7.544589796468771e-05
Martelella endophytica,7.537223276181671e-05
Pseudomonas xinjiangensis,7.495457449777643e-05
Mycolicibacterium thermoresistibile,7.47313554041007e-05
Streptomyces virus Izzy,7.465046440140455e-05
Streptomyces lincolnensis,7.44430835526222e-05
Edwardsiella sp. EA181011,7.416742095109897e-05
Brachybacterium sp. P6-10-X1,7.413877719175677e-05
Cupriavidus sp. USMAA1020,7.386750794433628e-05
Azospirillum lipoferum,7.362047123300463e-05
Janthinobacterium svalbardensis,7.361747710104005e-05
Halomonas aestuarii,7.359114749250217e-05
Thalassococcus sp. SH-1,7.349823753872719e-05
Nitratireductor sp. OM-1,7.334440188406788e-05
Alkalilimnicola ehrlichii,7.330535825613715e-05
Breoghania sp. L-A4,7.301461617252869e-05
Cloacibacterium normanense,7.27596249754825e-05
Cronobacter condimenti,7.251660813101246e-05
Agrococcus jejuensis,7.24931354616709e-05
Flavobacterium arcticum,7.236314303835645e-05
Streptomyces griseus,7.224934913747649e-05
Dickeya sp. DW 0440,7.212477075957402e-05
Corynebacterium stationis,7.164355248789889e-05
Bacteroides vulgatus,7.12824347420371e-05
Pseudomonas taetrolens,7.12000458476414e-05
Hydrogenophaga sp. RAC07,7.108666938282493e-05
Halomonas sp. GT,7.088630395661877e-05
Croceicoccus marinus,7.0757037108371e-05
Clostridium saccharoperbutylacetonicum,7.071652257000239e-05
Rhodococcus sp. 2G,7.059983845854045e-05
Georgenia sp. ZLJ0423,7.02778917846425e-05
Sinorhizobium meliloti,7.026768934639271e-05
Synechococcus sp. KORDI-52,7.006095749471087e-05
Nitrosomonas communis,6.860801726502608e-05
Exiguobacterium sibiricum,6.840816037296804e-05
Microcystis sp. MC19,6.835602876422708e-05
Micromonospora coxensis,6.824624354617725e-05
Dietzia sp. JS16-p6b,6.75873653386283e-05
Methylobacterium brachiatum,6.735172280298851e-05
Bacillus sp. X1(2014),6.730678436985826e-05
Hoyosella subflava,6.721748527260818e-05
Pseudomonas sp. DR 5-09,6.667375428293099e-05
Magnetococcus marinus,6.633184629309952e-05
Aeromonas salmonicida,6.620580961302913e-05
Rhizobium sp. IE4771,6.605473829868203e-05
Methylibium petroleiphilum,6.591515787408575e-05
Porphyrobacter sp. CACIAM 03H1,6.503253021370448e-05
Clostridium saccharobutylicum,6.445058694921623e-05
Pseudomonas corrugata,6.416144102743271e-05
Pseudomonas parafulva,6.403822214362531e-05
Pseudomonas sp. Lz4W,6.403254912630274e-05
Immundisolibacter cernigliae,6.391596295827196e-05
Acetobacter senegalensis,6.383246906291885e-05
Arachidicoccus sp. KIS59-12,6.365992321639702e-05
Deinococcus actinosclerus,6.364917954757577e-05
[Pseudomonas] mesoacidophila,6.344241188427358e-05
Thauera aromatica,6.339977152902687e-05
Pseudoflavitalea sp. 5GH32-13,6.323286744425172e-05
Streptomyces roseochromogenus,6.316275658015957e-05
Streptomyces venezuelae,6.30305074649673e-05
Pseudomonas antarctica,6.249623771663604e-05
Pseudomonas sp. LG1E9,6.22099637406448e-05
Pseudomonas sp. LG1D9,6.188279782848305e-05
Haloarcula marismortui,6.182877869771452e-05
Advenella mimigardefordensis,6.135766845587476e-05
Bordetella genomosp. 13,6.130385534526272e-05
Luteimonas sp. 83-4,6.091910806682588e-05
Vibrio furnissii,6.069961875097007e-05
Desulfovibrio hydrothermalis,6.053526204432558e-05
Gordonia bronchialis,6.0529384869223435e-05
Rhizobium sp. N324,6.0428716704907795e-05
Methylobacterium nodulans,5.988631723961024e-05
Renibacterium salmoninarum,5.981778515717906e-05
Thioalkalivibrio paradoxus,5.980464944088659e-05
Roseiflexus sp. RS-1,5.972804946008381e-05
Pelobacter carbinolicus,5.972168454397853e-05
Altererythrobacter sp. B11,5.9227352057589225e-05
Delftia tsuruhatensis,5.896669085991846e-05
Streptomyces fungicidicus,5.8693470019832715e-05
Actinoalloteichus hoggarensis,5.866226110120554e-05
Mesorhizobium sp. WSM1497,5.801282901327642e-05
Alcanivorax xenomutans,5.763409659480523e-05
Bordetella bronchiseptica,5.762874921022565e-05
Halobacteriovorax sp. BALOs_7,5.6798975350469404e-05
Elizabethkingia miricola,5.665238694108066e-05
Methanosarcina barkeri,5.661672479895241e-05
Microbacterium sp. BH-3-3-3,5.6606434390693575e-05
Haloterrigena turkmenica,5.658292296057965e-05
Actinoplanes teichomyceticus,5.652446105541831e-05
Pseudomonas mediterranea,5.633491131995516e-05
Klebsiella oxytoca,5.606500606747389e-05
Pseudomonas kribbensis,5.5673898842134586e-05
Ereboglobus luteus,5.531287082056746e-05
Pseudomonas furukawaii,5.5172936133440764e-05
Acinetobacter sp. ACNIH1,5.516491497532527e-05
Stenotrophomonas sp. ZAC14A_NAIMI4_1,5.510306168003965e-05
Streptomyces sp. CB09001,5.507351865294829e-05
Pseudomonas veronii,5.494070939735529e-05
Denitrovibrio acetiphilus,5.4621448406111386e-05
Pseudomonas agarici,5.4599256332665824e-05
Paucibacter sp. KCTC 42545,5.430700812203426e-05
Achromobacter xylosoxidans,5.408662617840676e-05
Ectothiorhodospira sp. BSL-9,5.371713311637105e-05
Streptomyces sp. RTd22,5.370439326122245e-05
Sedimentisphaera cyanobacteriorum,5.336319520456989e-05
Celeribacter indicus,5.323056875778942e-05
Mycobacterium sp. PYR15,5.320192610005492e-05
Cronobacter universalis,5.309419406800409e-05
Streptomyces sp. TN58,5.2590259433982214e-05
Thermobacillus composti,5.249065224324223e-05
Coriobacteriaceae bacterium 68-1-3,5.248359051801543e-05
Megasphaera stantonii,5.227486068120069e-05
Corynebacterium halotolerans,5.208235500078207e-05
Acidovorax citrulli,5.2058680213895594e-05
Nostoc sphaeroides,5.1996023821954115e-05
Streptomyces cavourensis,5.175652499753713e-05
Lachnoclostridium phytofermentans,5.1734740646014465e-05
Spirosoma radiotolerans,5.1590354437691666e-05
Gemmata obscuriglobus,5.125773698404501e-05
Desulfovibrio magneticus,5.0994245005964166e-05
Streptomyces sp. CdTB01,5.086983995725713e-05
Erythrobacter sp. YH-07,5.0337723461257863e-05
Microbacterium sp. TPU 3598,5.0255276555355445e-05
Burkholderia thailandensis,4.98923705902099e-05
Mycolicibacter terrae,4.984250428823334e-05
Wenzhouxiangella marina,4.975218735601139e-05
Rhodoferax ferrireducens,4.9717999284037975e-05
Candidatus Paracaedibacter acanthamoebae,4.971369211921317e-05
Burkholderia ubonensis,4.941898561479085e-05
Gramella sp. MAR_2010_147,4.9336522531251426e-05
Deinococcus maricopensis,4.9309741218506174e-05
Streptomyces sp. SM18,4.929321205617843e-05
Pseudomonas sp. SWI44,4.915318257554535e-05
Flavobacterium sp. MEBiC07310,4.913070152041676e-05
Sphingopyxis granuli,4.8998400090471963e-05
Enterobacter bugandensis,4.869390519266492e-05
Bacillus foraminis,4.8604007212738054e-05
Shewanella sp. WE21,4.848743352403595e-05
Haloarcula hispanica,4.8426720183103454e-05
Halothiobacillus neapolitanus,4.823988885687136e-05
Nocardia farcinica,4.820005729078147e-05
Gordonia terrae,4.8162275589058726e-05
Micromonospora chokoriensis,4.79439566768658e-05
Bernardetia litoralis,4.788632508638813e-05
Verrucosispora maris,4.756024870946618e-05
Arachidicoccus sp. BS20,4.7384647903481183e-05
Niveispirillum cyanobacteriorum,4.715597853957032e-05
Phenylobacterium sp. HYN0004,4.711726240118619e-05
Auraticoccus monumenti,4.7010195181917956e-05
Chlorobaculum limnaeum,4.698342083673257e-05
Pseudomonas psychrophila,4.6722010672772817e-05
Streptomyces sp. S8,4.66900948131288e-05
Pseudomonas sp. LPH1,4.66322585592982e-05
Edwardsiella anguillarum,4.632358728355879e-05
Streptomyces sp. MOE7,4.554809200556509e-05
Acinetobacter oleivorans,4.552031253941546e-05
Halomonas sp. 1513,4.5158538518341726e-05
Citrobacter werkmanii,4.5075732574595405e-05
Burkholderia sp. MSMB617WGS,4.499116282887794e-05
Leadbetterella byssophila,4.485334952177844e-05
Pseudoalteromonas sp. 13-15,4.4643493212537244e-05
Hoeflea phototrophica,4.45573185016368e-05
Marmoricola scoriae,4.4260723213085386e-05
Bacillus krulwichiae,4.424431952743113e-05
Streptomyces olivoreticuli,4.406314830927016e-05
Acidothermus cellulolyticus,4.404174998164923e-05
Pseudomonas sp. R5-89-07,4.390200114594567e-05
Actinosynnema pretiosum,4.3766578719495185e-05
Arthrobacter sp. ZXY-2,4.357303289419523e-05
Methylobacterium sp. DM1,4.33918688266699e-05
Thalassospira marina,4.3285018910421694e-05
Coprothermobacter proteolyticus,4.3256898508925445e-05
Pseudomonas sp. StFLB209,4.3241717656083975e-05
Antarctobacter heliothermus,4.311208612615136e-05
Brenneria goodwinii,4.292714528593144e-05
Burkholderia anthina,4.28570167911646e-05
Pseudomonas xanthomarina,4.264702878400417e-05
Mycobacterium leprae,4.2569518135038284e-05
Candidatus Nitrospira inopinata,4.243238202423782e-05
Corynebacterium maris,4.217678506575062e-05
Streptomyces virus Caliburn,4.209427954935396e-05
Pseudomonas oryzihabitans,4.199171795071788e-05
Amycolatopsis japonica,4.1875630117216287e-05
Bradyrhizobium sp. 3 85S1MB,4.178353195141149e-05
Arsenicicoccus sp. oral taxon 190,4.15746550908036e-05
Clostridium acetobutylicum,4.1435861952221484e-05
Lysobacter capsici,4.1364200948601494e-05
Granulosicoccus antarcticus,4.1359263391593795e-05
Methylobacterium radiotolerans,4.104887465878892e-05
Methylocaldum marinum,4.0836761998019885e-05
Micromonospora coriariae,4.076849120411285e-05
Libanicoccus massiliensis,4.0765308538515124e-05
Mycolicibacterium phlei,4.0416483098693055e-05
Alicycliphilus denitrificans,4.0068145283855824e-05
Rhodothermus marinus,3.997208588188972e-05
Geobacillus genomosp. 3,3.975870963766059e-05
Gordonia sp. MMS17-SY073,3.9749086860840774e-05
Streptomyces nodosus,3.9689278563415084e-05
Cobetia marina,3.966819480607509e-05
Sinorhizobium sp. RAC02,3.918722807949582e-05
Altererythrobacter mangrovi,3.8976847797767e-05
Mycobacterium avium,3.8670108844796045e-05
Streptomyces sp. 11-1-2,3.840558986885067e-05
Streptomyces spongiicola,3.8308342607829e-05
Xanthomonas gardneri,3.8098046074841466e-05
Tsukamurella tyrosinosolvens,3.761682297047653e-05
Chryseobacterium nakagawai,3.76057532668117e-05
Rhodococcus sp. S2-17,3.7513321091942055e-05
Streptomyces sp. FR-008,3.7220733698162256e-05
Acidihalobacter prosperus,3.709245727998578e-05
Streptomyces globosus,3.698229504001116e-05
Pseudomonas sp. R2-37-08W,3.6802344187858435e-05
Actinoplanes sp. SE50/110,3.678095762045252e-05
Rhodobiaceae bacterium,3.649007769177537e-05
Parachlamydia acanthamoebae,3.636771506079217e-05
Cyanothece sp. PCC 7425,3.609928911094684e-05
Anaeromyxobacter sp. K,3.595766048458682e-05
Ramlibacter tataouinensis,3.5799799419478084e-05
Flavobacteriaceae bacterium UJ101,3.57549793662093e-05
Klebsiella quasipneumoniae,3.447252029562531e-05
Massilia armeniaca,3.443189891891851e-05
Hymenobacter swuensis,3.42233238760592e-05
Chryseobacterium camelliae,3.400927844527945e-05
Streptomyces glaucescens,3.39465569522357e-05
Acinetobacter junii,3.391126512308773e-05
Corynebacterium testudinoris,3.38717311323844e-05
Treponema pallidum,3.371646081855584e-05
Actinoalloteichus sp. ADI127-7,3.369621381328347e-05
Rubrobacter indicoceani,3.365190216872982e-05
Haematospirillum jordaniae,3.3391933986548494e-05
Sinorhizobium sp. CCBAU 05631,3.329659960027431e-05
Hoeflea sp. IMCC20628,3.3007234030479896e-05
Corynebacterium provencense,3.2644433513251414e-05
Pseudomonas citronellolis,3.259755801621189e-05
Filimonas lacunae,3.2373475269698024e-05
Rhizobium sp. Y9,3.235871732871764e-05
Clostridium tetani,3.220491687279114e-05
Thioalkalivibrio nitratireducens,3.185968842165376e-05
Neisseria gonorrhoeae,3.1752826408193434e-05
Myxococcus stipitatus,3.170049838534528e-05
Methyloceanibacter sp. wino2,3.161358738770215e-05
Leclercia sp. LSNIH1,3.1564346804269226e-05
Formosa sp. Hel1_31_208,3.124127804661203e-05
Finegoldia magna,3.1207664367149945e-05
Methylocella silvestris,3.097219997414413e-05
Pseudarthrobacter chlorophenolicus,3.083817919873333e-05
Corynebacterium renale,3.066961719262462e-05
Aromatoleum aromaticum,3.043087589185145e-05
Azospirillum sp. CFH 70021,3.042545315166123e-05
Yersinia rohdei,3.0192242280469018e-05
Acinetobacter pittii,2.9953363812729172e-05
Bradyrhizobium lablabi,2.9933123463732337e-05
Nostoc sp. 'Lobaria pulmonaria (5183) cyanobiont',2.9384216108030436e-05
Streptomyces olivaceus,2.930735946558016e-05
Shewanella loihica,2.8924526417450913e-05
Flavobacterium psychrophilum,2.860235371631159e-05
Saccharomonospora glauca,2.853271188818507e-05
Sphingobium hydrophobicum,2.8492649611178144e-05
Rhodopirellula baltica,2.8327492621227358e-05
Pseudomonas sp. M30-35,2.8089192988955957e-05
Xanthobacter autotrophicus,2.807808281926061e-05
Sphingopyxis alaskensis,2.7671571022969133e-05
Rhodomicrobium vannielii,2.744083917791684e-05
Flammeovirgaceae bacterium 311,2.7225876434178176e-05
Erwinia gerundensis,2.7108258938901562e-05
Spirosoma rigui,2.702966159036091e-05
Streptomyces sp. GSSD-12,2.635108755817406e-05
Pelobacter acetylenicus,2.5925680375915584e-05
Ralstonia mannitolilytica,2.591455557772182e-05
Geobacter sp. M18,2.4839912300267385e-05
Psychrobacter sp. AntiMn-1,2.471632890388431e-05
Mycobacteroides saopaulense,2.42128812309117e-05
Leclercia sp. LSNIH3,2.4199972883875986e-05
Agrobacterium sp. RAC06,2.419376092162029e-05
Candidatus Xiphinematobacter sp. Idaho Grape,2.41183911227294e-05
Paraburkholderia rhizoxinica,2.4023196919920054e-05
Arthrobacter sp. YC-RL1,2.379861089012447e-05
Agrobacterium sp. H13-3,2.3781104754250215e-05
Corynebacterium pseudotuberculosis,2.3402750018708395e-05
Salinispora arenicola,2.308798070467244e-05
Paenibacillus glucanolyticus,2.2763838648098834e-05
Bacillus megaterium,2.2750571901575255e-05
Actinoplanes sp. N902-109,2.2648302950423195e-05
Nitratireductor basaltis,2.2412630735435535e-05
Janthinobacterium sp. Marseille,2.227404844330483e-05
Bradyrhizobium sp. ORS 278,2.215474694375885e-05
Shewanella sp. ANA-3,2.205357890474602e-05
Mycobacterium canettii,2.1970787309677496e-05
Comamonas testosteroni,2.1888136027903295e-05
Glutamicibacter nicotianae,2.183531779511583e-05
Desulfovibrio piger,2.1172358787402423e-05
Erythrobacter sp. Alg231-14,2.1063567514700843e-05
Paenibacillus sp. FSL H7-0737,2.099405927480369e-05
Bacillus amyloliquefaciens,2.072728912896338e-05
Serratia sp. MYb239,2.064998375661542e-05
Streptomyces fulvissimus,2.0368141945037442e-05
Thiomicrospira cyclica,2.020999532590384e-05
Enterobacter sp. SA187,2.0057267676198977e-05
Arthrobacter alpinus,1.9203175037385555e-05
Ethanoligenens harbinense,1.8890929600456908e-05
Gordonibacter pamelaeae,1.8797903220302282e-05
Thermovibrio ammonificans,1.8765170182222234e-05
Riemerella anatipestifer,1.846397131595179e-05
Rufibacter sp. DG31D,1.8257229108709084e-05
Marichromatium purpuratum,1.8159466209799468e-05
Cryobacterium sp. GCJ02,1.7936970648357865e-05
Pseudomonas sp. R4-39-08,1.7592264905741396e-05
Mycolicibacterium aurum,1.7529410639460784e-05
Corynebacterium deserti,1.735978913135483e-05
Streptomyces lydicus,1.732939427441238e-05
Pseudomonas moraviensis,1.7231789670790754e-05
Shinella sp. HZN7,1.7181723008508065e-05
Clostridium baratii,1.7068414544652023e-05
Celeribacter baekdonensis,1.70090142926016e-05
Streptomyces sp. 4F,1.69117063791413e-05
Yersinia massiliensis,1.6903744409613176e-05
Calothrix sp. PCC 7507,1.6891255624962297e-05
Pseudomonas sp. Leaf58,1.6753218356235776e-05
Corynebacterium glyciniphilum,1.6507922347219763e-05
Cronobacter turicensis,1.6118475588688952e-05
Xanthomonas axonopodis,1.6082715908494195e-05
Bacillus circulans,1.5894414669737066e-05
Deinococcus deserti,1.5681364590691694e-05
Streptomyces sp. 2114.2,1.5526400621657112e-05
Gluconobacter oxydans,1.5519323353796465e-05
Enterobacter ludwigii,1.5516813963478703e-05
Brevundimonas subvibrioides,1.55012831988266e-05
Mahella australiensis,1.5284902331003104e-05
Curtobacterium sp. MR_MD2014,1.5006785363746999e-05
Sphingomonas sanxanigenens,1.4821024206002065e-05
Hymenobacter sp. PAMC 26628,1.4696079215115176e-05
Elizabethkingia meningoseptica,1.4467737087375809e-05
Desulfocapsa sulfexigens,1.4454759303061948e-05
Luteipulveratus mongoliensis,1.418309081111513e-05
Mixta gaviniae,1.4094406448084129e-05
Gemmatimonas aurantiaca,1.40752276747369e-05
Actinomyces hongkongensis,1.4007921577019466e-05
Brucella abortus,1.3950095677817132e-05
Castellaniella defragrans,1.3778931644070625e-05
Mycobacteroides abscessus,1.361792080321056e-05
Rhizobium sp. IRBG74,1.3407055785297218e-05
Ralstonia solanacearum,1.3363680513012177e-05
Rhizobium sp. CCGE532,1.3304381443091096e-05
Actinopolymorpha singaporensis,1.3213747131524122e-05
Pseudomonas resinovorans,1.3147239116473309e-05
Woeseia oceani,1.287166852077526e-05
Pseudomonas sp. S-6-2,1.2614235774033311e-05
Thioflavicoccus mobilis,1.2582190425458606e-05
Thermobifida fusca,1.2125866388235096e-05
Stenotrophomonas acidaminiphila,1.1863230816655524e-05
Arthrobacter sp. PAMC 25486,1.1805032803469118e-05
Cupriavidus pinatubonensis,1.1694455874544652e-05
Acidipropionibacterium acidipropionici,1.1574794842172942e-05
Mycolicibacterium gilvum,1.1560101865470961e-05
Lactobacillus paracollinoides,1.1553268251307536e-05
Ottowia oryzae,1.1400117401416665e-05
Pasteurella multocida,1.123555329640702e-05
Thermogutta terrifontis,1.1148640792146835e-05
Brevibacterium siliguriense,1.1028326882467354e-05
Spirosoma aerolatum,1.0907812353866398e-05
Clostridium estertheticum,1.0579748556271972e-05
Pseudomonas sp. CCOS 191,1.0576716979993073e-05
Ferriphaselus amnicola,1.0530172550171634e-05
Sulfuriferula sp. AH1,1.0395417871156276e-05
Actinobacteria bacterium IMCC26256,1.0340802910602243e-05
Haloferax gibbonsii,1.0336355230711192e-05
Sphingobacterium sp. ML3W,1.033543797084313e-05
Lacinutrix sp. Bg11-31,1.0323879908247236e-05
Pseudomonas prosekii,1.0229731561306465e-05
Gordonia sp. 1D,1.008404202873514e-05
Bordetella genomosp. 6,1.0068335657553717e-05
Oligotropha carboxidovorans,1.0024415271336906e-05
Bordetella hinzii,1.0003897994925736e-05
Acidovorax sp. 1608163,9.958436866153164e-06
Hartmannibacter diazotrophicus,9.877390292745148e-06
Desulfitobacterium hafniense,9.805850282851303e-06
Streptomyces cattleya,9.658625319630687e-06
Lactobacillus fermentum,9.488902938659115e-06
Rhodoferax koreense,9.445397296636848e-06
Yersinia kristensenii,9.39480875736809e-06
Citrobacter freundii complex sp. CFNIH3,9.385690877450337e-06
Acidovorax sp. KKS102,9.370977534861602e-06
Lelliottia nimipressuralis,9.106213578835565e-06
Eggerthella lenta,8.904095317885385e-06
Streptomyces sp. PAMC 26508,8.902173271918556e-06
Akkermansia muciniphila,8.899622386082661e-06
Klebsiella quasivariicola,8.85113003536997e-06
Photobacterium damselae,8.74177944294452e-06
Marinobacter sp. Arc7-DN-1,8.670728675408412e-06
Sphingomonas sp. FARSPH,8.617648578490567e-06
Deinococcus ficus,8.51725373507417e-06
Enterobacter cloacae complex sp. ECNIH7,8.36037658107358e-06
Hydrogenophaga sp. PBC,8.3188600727091e-06
Methylomonas denitrificans,8.090274086636207e-06
Shewanella sp. FDAARGOS_354,8.076365627873727e-06
Polaribacter sp. KT 15,8.001899248277767e-06
Candidatus Bipolaricaulis anaerobius,7.954864494919e-06
Halioglobus japonicus,7.901585364900043e-06
Plantibacter flavus,7.815823892198814e-06
Azospirillum sp. TSH58,7.801728376599647e-06
Pseudoalteromonas carrageenovora,7.797591264013803e-06
Stenotrophomonas sp. YAU14D1_LEIMI4_1,7.789198845764567e-06
Tessaracoccus flavus,7.77278230872369e-06
Stackebrandtia nassauensis,7.761707327680333e-06
Sphingobium sp. YBL2,7.75299443300792e-06
Azospirillum brasilense,7.747584416994968e-06
Desulfuromonas sp. DDH964,7.603686713819613e-06
Halomicronema hongdechloris,7.481390831332036e-06
Dietzia psychralcaliphila,7.3685513734211835e-06
Gemmata sp. SH-PL17,7.327157422731823e-06
Thiomonas intermedia,7.324726950264093e-06
Dietzia timorensis,7.238820339616758e-06
Halorhodospira halophila,7.191663250827318e-06
Indioceanicola profundi,7.121313272961949e-06
Nitrosomonas europaea,7.107418909413354e-06
Granulibacter bethesdensis,7.09600682229361e-06
gamma proteobacterium HdN1,7.057576089142259e-06
Bordetella petrii,6.964138743503767e-06
Yersinia aldovae,6.883005902968975e-06
Pandoraea faecigallinarum,6.83158226333358e-06
Paenibacillus yonginensis,6.776934614816099e-06
Rothia mucilaginosa,6.575129339903007e-06
Opitutus terrae,6.574531596115208e-06
Hydrogenophilus thermoluteolus,6.569347254892222e-06
Collinsella aerofaciens,6.5681599684008775e-06
Runella sp. HYN0085,6.563939753112536e-06
Pandoraea apista,6.557270844886886e-06
Waddlia chondrophila,6.51263823367998e-06
Calothrix sp. NIES-3974,6.468355441624496e-06
Pseudomonas asplenii,6.460709203359727e-06
Pseudomonas sp. R2-60-08W,6.441653940525427e-06
Paracoccus mutanolyticus,6.397190658624652e-06
Ottowia sp. oral taxon 894,6.36117878614062e-06
Sulfitobacter sp. AM1-D1,6.31242194952808e-06
Cupriavidus nantongensis,6.299891137828695e-06
Terribacillus goriensis,6.270781167638795e-06
Aminobacter aminovorans,6.246198098147637e-06
Ketogulonicigenium robustum,6.22612320881899e-06
Allokutzneria albata,6.19182857655165e-06
Aquiflexum balticum,6.187573441751581e-06
Planctomyces sp. SH-PL14,6.174836373551429e-06
Marivirga tractuosa,6.169915374631962e-06
Comamonas serinivorans,6.053967934849247e-06
Methyloversatilis sp. RAC08,5.942202095110538e-06
Sphingobacterium sp. B29,5.91420120801267e-06
Euzebya sp. DY32-46,5.899522973584759e-06
Marinithermus hydrothermalis,5.8454932730045425e-06
Citromicrobium sp. JL477,5.841189518895895e-06
Eubacterium callanderi,5.825436885942281e-06
Prauserella marina,5.8240035324397255e-06
Selenomonas sp. oral taxon 126,5.77920764019968e-06
Bifidobacterium asteroides,5.752553371984881e-06
Azoarcus communis,5.662181254439957e-06
Methylobacterium sp. 4-46,5.630259536371085e-06
Halanaeroarchaeum sulfurireducens,5.58992669508207e-06
Haloferax volcanii,5.549565816997948e-06
Mycobacterium pseudoshottsii,5.457272944942026e-06
Methanosarcina sp. MTP4,5.419167687525928e-06
Azoarcus sp. KH32C,5.2954670399563145e-06
Chitinophaga caeni,5.288819002724488e-06
Leptolyngbya sp. NIES-3755,5.266228907729875e-06
Hyphomicrobium nitrativorans,5.262010246909199e-06
Ruegeria sp. TM1040,5.247377493922123e-06
Citrobacter freundii complex sp. CFNIH2,5.17827508459412e-06
Jannaschia sp. CCS1,5.1696245449539545e-06
Aeromicrobium marinum,5.144341780094486e-06
Borreliella bavariensis,5.122210752017686e-06
Sphingobium indicum,4.976460161132401e-06
Candidatus Desulforudis audaxviator,4.949470409454371e-06
Acidovorax carolinensis,4.927267284693393e-06
Bartonella quintana,4.844631381883957e-06
Yangia pacifica,4.821931655274448e-06
Chryseobacterium sp. StRB126,4.8205499947329145e-06
Bradyrhizobium erythrophlei,4.8012031437005834e-06
Pectobacterium polaris,4.733263993417225e-06
Thauera humireducens,4.723114934446215e-06
Pseudonocardia sp. HH130630-07,4.71905834764641e-06
Corynebacterium argentoratense,4.7032411875091995e-06
Micromonospora sp. L5,4.6343127450443335e-06
Thioalkalivibrio sp. K90mix,4.625741078800871e-06
Trichormus variabilis,4.6027586862562584e-06
Pseudomonas saudiphocaensis,4.59900254687895e-06
Methylomicrobium album,4.570742002130146e-06
Cryobacterium sp. LW097,4.561441870065685e-06
Burkholderia sp. MSMB0856,4.519151978610303e-06
Desulfobulbus sp. ORNL,4.499265720880885e-06
Streptomyces virus R4,4.4703774648713335e-06
Verminephrobacter eiseniae,4.450181369608508e-06
Pseudomonas sp. 31-12,4.43338935656179e-06
Corynebacterium mycetoides,4.415476416341768e-06
Salimicrobium jeotgali,4.403990720214246e-06
Methylomonas koyamae,4.360711376993898e-06
Coriobacterium glomerans,4.3425265430663275e-06
Dietzia lutea,4.308621945470214e-06
Vibrio alginolyticus,4.292184546961231e-06
Chelativorans sp. BNC1,4.290222219904827e-06
Geobacter metallireducens,4.23640146949289e-06
Erythrobacter litoralis,4.229689710233409e-06
Aureimonas sp. AU20,4.22807593831731e-06
Candidatus Puniceispirillum marinum,4.205537360646438e-06
Chryseobacterium carnis,4.179325177422477e-06
Pseudomonas sp. TCU-HL1,4.174315042293486e-06
Pseudomonas sihuiensis,4.16201415986972e-06
Burkholderia sp. LA-2-3-30-S1-D2,4.102632840918829e-06
Magnetospirillum gryphiswaldense,4.0846804491234675e-06
Shewanella benthica,4.082960767615162e-06
Polynucleobacter difficilis,4.043734356340423e-06
Vitreoscilla filiformis,4.003886951942093e-06
Pelodictyon phaeoclathratiforme,3.965992881216351e-06
Paludisphaera borealis,3.960040326500547e-06
Rubrobacter xylanophilus,3.947524325265128e-06
Gluconobacter albidus,3.9414626366696124e-06
Laceyella sacchari,3.919193639223551e-06
Rufibacter tibetensis,3.883850612607098e-06
Bacillus anthracis,3.8686116194730506e-06
Hirschia baltica,3.867909418642235e-06
Gilvibacter sp. SZ-19,3.842698129297162e-06
Sinorhizobium medicae,3.792034370109221e-06
Devosia sp. H5989,3.773638274484625e-06
Azoarcus sp. SY39,3.763850165916516e-06
Cellvibrio sp. PSBB006,3.7336896588247017e-06
Cryptobacterium curtum,3.6823672999508616e-06
Methylophaga nitratireducenticrescens,3.666703845039976e-06
Methanoculleus marisnigri,3.6618255538245494e-06
Actinoalloteichus sp. GBA129-24,3.6499796229438884e-06
Cyanobium sp. NIES-981,3.6079522628185145e-06
Rhodopseudomonas palustris,3.5980276450242598e-06
Brachybacterium sp. VM2412,3.590082549687068e-06
Bacillus sp. FJAT-45348,3.5837642072600317e-06
Sphingobium cloacae,3.5582809182255203e-06
Salinigranum rubrum,3.5436487507034544e-06
Hydrogenovibrio crunogenus,3.529981434913232e-06
Cyanothece sp. ATCC 51142,3.5149264778766565e-06
Legionella spiritensis,3.5053014309394117e-06
Corynebacterium variabile,3.4952690917355867e-06
Corynebacterium sp. 2183,3.48510755778797e-06
Niabella soli,3.47357725569708e-06
Beutenbergia cavernae,3.4544227305755017e-06
Serratia liquefaciens,3.415776091353351e-06
Alcaligenes aquatilis,3.414202719298487e-06
Mycolicibacterium fortuitum,3.371632364834731e-06
Acidovorax cattleyae,3.3370007407107493e-06
Rhodoferax saidenbachensis,3.307685352038625e-06
Pseudomonas cerasi,3.2571761473976226e-06
Pseudolabrys taiwanensis,3.2417483461388842e-06
Paraoerskovia marina,3.234484263092696e-06
Pseudonocardia sp. HH130629-09,3.2221236730300974e-06
Desulfovibrio desulfuricans,3.15054944046711e-06
Kocuria palustris,3.136280168969385e-06
Planctopirus limnophila,3.10865665151816e-06
Microbacterium sp. LKL04,3.0711619666279333e-06
Saccharospirillum mangrovi,3.056184414651497e-06
Olsenella umbonata,3.0494899297517362e-06
Salegentibacter salegens,3.0373539937622596e-06
Bifidobacterium pseudolongum,3.034149440317435e-06
Geobacter bemidjiensis,3.0260647980062673e-06
Pseudomonas sp. R4-35-07,2.974038670089385e-06
Methanocorpusculum labreanum,2.9539134929201794e-06
Paracoccus aminophilus,2.937808921776863e-06
Serratia fonticola,2.9370215084645324e-06
Corynebacterium pseudopelargi,2.9159840622128286e-06
Pseudomonas sp. PONIH3,2.8756250922246094e-06
Rhodobacteraceae bacterium BAR1,2.8660576095518308e-06
Methylobacterium sp. 17Sr1-1,2.8533062286228983e-06
Shewanella baltica,2.846803274825227e-06
Blastochloris viridis,2.8380494885515973e-06
Enterobacter cloacae complex sp. FDA-CDC-AR_0164,2.8082612840041323e-06
Paracoccus sp. BM15,2.808046509183981e-06
Rhodococcus rhodochrous,2.7938475129163366e-06
Rhodococcus sp. WB1,2.734924279979012e-06
Nitrosomonas ureae,2.6888574138350663e-06
Nitrosococcus halophilus,2.660921714325859e-06
Acetomicrobium mobile,2.6574443628524234e-06
Deinococcus sp. NW-56,2.6539677692394293e-06
Pseudomonas libanensis,2.6468860071737766e-06
Micromonospora siamensis,2.6233615209036998e-06
Trichodesmium erythraeum,2.613765195835782e-06
Methylobacillus flagellatus,2.612329000273306e-06
Prochlorococcus marinus,2.6010010053978407e-06
Gordonia sp. YC-JH1,2.585149286060684e-06
Pseudoclostridium thermosuccinogenes,2.585043294800471e-06
Flavobacterium columnare,2.58486393716062e-06
Vibrio coralliilyticus,2.568200259944753e-06
Listeria monocytogenes,2.5620268433890205e-06
Halobacterium sp. DL1,2.5569936429992167e-06
Candidatus Saccharibacteria bacterium YM_S32_TM7_50_20,2.5509006984725247e-06
Leptothrix cholodnii,2.5156645080182115e-06
Acinetobacter soli,2.482685653282246e-06
Prevotella enoeca,2.4758960092574613e-06
Halorientalis sp. IM1011,2.467900640645837e-06
Micromonospora narathiwatensis,2.4676956656755066e-06
Roseobacter litoralis,2.4622440747190665e-06
Rhizobium sp. ACO-34A,2.45715283333503e-06
Lysinibacillus sphaericus,2.424997622885172e-06
Mycolicibacterium hassiacum,2.4237911220748034e-06
Phycisphaera mikurensis,2.4223651342580865e-06
Bordetella sp. H567,2.421721565770696e-06
Micromonospora sp. WMMA2032,2.4212268976642194e-06
Thermanaerovibrio velox,2.4201125028433523e-06
Actinomyces sp. Z16,2.4196242954799274e-06
Microbacterium testaceum,2.4069485185629345e-06
Dermatophilus congolensis,2.4056244941172976e-06
Chromatiaceae bacterium 2141T.STBD.0c.01a,2.3833476366919015e-06
Bosea sp. PAMC 26642,2.374623867584802e-06
Shewanella marisflavi,2.3574437524320757e-06
Geobacter sp. DSM 9736,2.331796896437588e-06
Martelella sp. AD-3,2.318273610590893e-06
Dermabacter vaginalis,2.3181914488246137e-06
Methyloceanibacter caenitepidi,2.278515791864777e-06
Thermotoga petrophila,2.249787584340801e-06
Corynebacterium cystitidis,2.2273011233142626e-06
Sphingorhabdus sp. M41,2.206294668338771e-06
Bacillus sp. OxB-1,2.1983155171545476e-06
Pseudomonas palleroniana,2.1727839382590377e-06
Corynebacterium sp. 2184,2.166693304794798e-06
Aeromonas caviae,2.163913811559226e-06
Neoasaia chiangmaiensis,2.1634602190623297e-06
Xenorhabdus doucetiae,2.161126373523281e-06
Nocardia seriolae,2.150852400228942e-06
Paenibacillus sp. CAA11,2.127100913940083e-06
Enterobacter cancerogenus,2.115762566745616e-06
Hafnia paralvei,2.1103349719719943e-06
Achromobacter ruhlandii,2.0945253884629977e-06
Parvibaculum lavamentivorans,2.031394676826892e-06
Mycobacterium sp. WY10,2.017327149772541e-06
Yersinia pestis,1.9895479991260956e-06
Methylomonas sp. DH-1,1.9805260624394803e-06
Gramella salexigens,1.9753901372210335e-06
Xylella taiwanensis,1.965738229681158e-06
Parvularcula bermudensis,1.9656413499546945e-06
Bifidobacterium adolescentis,1.9651833067735326e-06
Methylovulum psychrotolerans,1.9602527863149533e-06
Lactococcus sp. 1JSPR-7,1.9535984584040376e-06
Leptospira biflexa,1.9532239557085163e-06
Paenibacillus physcomitrellae,1.938477744789502e-06
Flavobacterium crassostreae,1.9364550055911423e-06
Rathayibacter tritici,1.922353333161375e-06
Chitinophaga sp. MD30,1.914787565571174e-06
Mycobacterium sp. djl-10,1.9079014013101414e-06
Thermus oshimai,1.8921918199854559e-06
Pseudomonas syringae,1.8916550165837265e-06
Fischerella sp. NIES-4106,1.8791906854831452e-06
Marinobacter similis,1.8765597524339484e-06
Stenotrophomonas sp. ZAC14D2_NAIMI4_7,1.8428556648464323e-06
Micromonospora sp. B006,1.824283455964526e-06
Proteus vulgaris,1.8235497090124397e-06
Pseudomonas sp. MT-1,1.816848184632569e-06
Leisingera methylohalidivorans,1.8050350867993004e-06
Azospirillum humicireducens,1.7882187003159799e-06
Thermosynechococcus sp. NK55a,1.7721558274619297e-06
Clostridium pasteurianum,1.7579688984525887e-06
Microbacterium sp. CGR1,1.7415698177147832e-06
Sphingomonas sp. JJ-A5,1.7321977931583632e-06
Deinococcus puniceus,1.6896181581405044e-06
Thiomonas sp. X19,1.6745369935788901e-06
Pseudomonas rhodesiae,1.6677925035679665e-06
Chloracidobacterium thermophilum,1.6651194447048212e-06
Streptomyces sp. ZFG47,1.6593090003569344e-06
Planococcus maritimus,1.634741592715372e-06
Corynebacterium diphtheriae,1.6284304769964563e-06
Xanthomonas fragariae,1.6269449461647767e-06
Christensenella minuta,1.6162656601759195e-06
Thermovirga lienii,1.6032975387103575e-06
Geobacillus thermoleovorans,1.6024166814121444e-06
Saccharophagus degradans,1.588696135712553e-06
Streptomyces bacillaris,1.5800249557385015e-06
Roseobacter denitrificans,1.5627120385053317e-06
Algoriphagus sp. M8-2,1.5548513285779109e-06
Salinibacterium sp. CGMCC 1.16371,1.553969866541216e-06
Prosthecochloris sp. GSB1,1.546590633805245e-06
Comamonas kerstersii,1.517650108207036e-06
Pelagibaca abyssi,1.5034977046246567e-06
Polaribacter sp. ALD11,1.4929561986232188e-06
Bordetella bronchialis,1.492831689042795e-06
Deinococcus gobiensis,1.4853204015841116e-06
Yersinia entomophaga,1.481189411411954e-06
Corynebacterium timonense,1.4797477079442346e-06
Yersinia pseudotuberculosis,1.4754366681302145e-06
Fibrella sp. ES10-3-2-2,1.4741823673780629e-06
Tateyamaria omphalii,1.463111781752069e-06
Actinomyces sp. 2129,1.4616201703621102e-06
Streptomyces lunaelactis,1.4429264021842414e-06
Candidatus Nitrosopelagicus brevis,1.4274541966674547e-06
Tenacibaculum maritimum,1.397054974749956e-06
Geminocystis herdmanii,1.394868122073234e-06
Bacillus halodurans,1.394084611017199e-06
Mycobacterium sp. JLS,1.3578005971792706e-06
Hyphomonas sp. CACIAM 19H1,1.3498532181355216e-06
Comamonas thiooxydans,1.3361967451386292e-06
Thermosulfidibacter takaii,1.3294466840507723e-06
Azoarcus sp. CIB,1.3288467438643536e-06
Ochrobactrum pseudogrignonense,1.2954767098172227e-06
Chroococcidiopsis thermalis,1.2922368883394598e-06
Acetobacter pasteurianus,1.2878508473423977e-06
Leptolyngbya boryana,1.2867643744085556e-06
Acetobacter ascendens,1.2854526713956814e-06
Prosthecochloris sp. HL-130-GSB,1.2852660910889212e-06
Rhodococcus sp. B7740,1.277596527038405e-06
Providencia rettgeri,1.272335544211245e-06
Bacteriovorax stolpii,1.2700577849411587e-06
Bordetella pseudohinzii,1.2570147689627832e-06
Thermoanaerobacter siderophilus,1.256991666642726e-06
Bacillus horikoshii,1.2345176761519028e-06
Corynebacterium humireducens,1.2278636361218177e-06
Candidatus Desulfofervidus auxilii,1.2143957218491152e-06
Haloterrigena daqingensis,1.2003370321478357e-06
Mariprofundus ferrinatatus,1.1872991738659522e-06
Chromobacterium rhizoryzae,1.1747653859917052e-06
Siansivirga zeaxanthinifaciens,1.169331419736963e-06
Bradymonas sediminis,1.1658155855576168e-06
Actinobacillus succinogenes,1.1575479048619997e-06
Burkholderia sp. BDU6,1.1567542116175388e-06
Syntrophobacter fumaroxidans,1.1554299682359214e-06
Devosia sp. A16,1.112098843303322e-06
Pseudomonas sp. LTJR-52,1.0925135817352328e-06
Clostridium tyrobutyricum,1.0869485238540477e-06
Corynebacterium epidermidicanis,1.080216756466079e-06
Variibacter gotjawalensis,1.0739876782128731e-06
Plesiomonas shigelloides,1.0704586102194825e-06
Gordonia rubripertincta,1.0701028249293643e-06
Chlorobaculum parvum,1.0650811531620619e-06
Saprospira grandis,1.0593706710526617e-06
Pseudomonas viridiflava,1.0524195807715131e-06
Haloferax mediterranei,1.0443941639293186e-06
Corynebacterium callunae,1.0399354448020758e-06
Maribacter sp. T28,1.027853575163995e-06
archaeon AArc-Sl,1.0219894889473836e-06
Dickeya sp. MK7,9.858062127277023e-07
Selenomonas sp. oral taxon 920,9.780205174392264e-07
Phaeobacter porticola,9.763354229308518e-07
Spongiibacter sp. IMCC21906,9.65487912263363e-07
Rickettsia helvetica,9.624700050281376e-07
Paracoccus aminovorans,9.571175790146213e-07
Zymobacter palmae,9.534910284436649e-07
Synechococcus sp. SynAce01,9.530289176717943e-07
Acidithiobacillus ferrooxidans,9.521754845032148e-07
Caldilinea aerophila,9.501833386327263e-07
Streptomyces sp. CFMR 7,9.392990392376177e-07
Alcanivorax dieselolei,9.301573520081874e-07
Anderseniella sp. Alg231-50,9.288458951761669e-07
Methylacidiphilum fumariolicum,9.270438182440444e-07
Psychromicrobium lacuslunae,9.237355485414156e-07
Raoultella planticola,9.217062865163328e-07
Brucella sp. 09RB8910,9.186119704462925e-07
Rhodobacter sp. LPB0142,9.109336897461517e-07
Microbacterium paraoxydans,9.107810921449299e-07
Desulfobacter postgatei,9.05971277975759e-07
Paracoccus zhejiangensis,9.047001773510033e-07
Rhodococcus aetherivorans,9.009225742984128e-07
Corynebacterium doosanense,9.004766843068168e-07
Xenorhabdus nematophila,8.958941820624844e-07
Anaerolineaceae bacterium oral taxon 439,8.900973008207913e-07
Christensenella sp. Marseille-P3954,8.655120839584641e-07
Rickettsia endosymbiont of Ixodes scapularis,8.563401130423642e-07
Mycoplasma pneumoniae,8.437310609066273e-07
Pontimonas salivibrio,8.429982538027403e-07
Citrobacter rodentium,8.407580488034583e-07
Faecalibacterium prausnitzii,8.302136811355609e-07
Pelagibacterium halotolerans,8.25749209720783e-07
Lentzea guizhouensis,8.009340042747226e-07
Nitrosococcus oceani,7.969618241565613e-07
Halorhabdus utahensis,7.8219314452177e-07
Anaerolinea thermophila,7.797512166618504e-07
Pseudomonas amygdali,7.580967851472664e-07
Pararhodospirillum photometricum,7.450750489912394e-07
Formosa sp. Hel1_33_131,7.408913639261883e-07
Salegentibacter sp. T436,7.404047261072577e-07
[Clostridium] cellulosi,7.329093113295216e-07
Lysobacter maris,7.2094858460936e-07
Grimontia hollisae,7.119862414972644e-07
Thermococcus celer,7.115950682479166e-07
Aminobacterium colombiense,7.096299055264765e-07
Candidatus Planktophila versatilis,7.058256860315026e-07
Pseudomonas sp. LTGT-11-2Z,7.046930071030743e-07
Solibacillus sp. R5-41,7.008029736965681e-07
Streptomyces collinus,6.935432308896594e-07
Laribacter hongkongensis,6.896886445062478e-07
Magnetospirillum sp. ME-1,6.875004600948032e-07
Desulfovibrio gigas,6.760238681069453e-07
Azoarcus sp. BH72,6.729760194890133e-07
Candidatus Protochlamydia naegleriophila,6.675076513529277e-07
Candidatus Profftella armatura,6.617909669381916e-07
Coraliomargarita akajimensis,6.616465110909076e-07
Stenotrophomonas sp. SAU14A_NAIMI4_8,6.461086267783856e-07
Pseudarthrobacter equi,6.297583671210916e-07
Micromonospora echinofusca,6.116488005414311e-07
Pseudonocardia dioxanivorans,6.023961109491438e-07
Brachybacterium saurashtrense,5.993313464625061e-07
Proteus mirabilis,5.925688617125502e-07
Aneurinibacillus sp. XH2,5.825208084342393e-07
Sulfuricurvum kujiense,5.7388706593553e-07
Citrobacter farmeri,5.684844780251552e-07
Corynebacterium glaucum,5.603555781608094e-07
Chryseobacterium taklimakanense,5.548965223312052e-07
Candidatus Kuenenia stuttgartiensis,5.448514349470912e-07
Brenneria sp. EniD312,5.430982861431843e-07
Oceanithermus profundus,5.388059340249995e-07
Natronolimnobius aegyptiacus,5.361034998152547e-07
Allochromatium vinosum,5.354498121112883e-07
Burkholderia sp. KJ006,5.288102144618279e-07
Gordonia iterans,5.129923570379447e-07
Clostridium drakei,5.128540217613776e-07
Brevibacillus formosus,5.0468618444377e-07
Moorea producens,4.990147968619851e-07
Streptomyces malaysiensis,4.852228523644086e-07
Sulfurospirillum multivorans,4.814332856817316e-07
Thiobacillus denitrificans,4.6945735598935556e-07
Spiribacter curvatus,4.620026597512705e-07
Halomonas huangheensis,4.541890384457403e-07
Salinarchaeum sp. Harcht-Bsk1,4.5350276665079294e-07
Actinomyces radingae,4.5174924798718765e-07
Reinekea forsetii,4.5160857991000115e-07
Nostocales cyanobacterium HT-58-2,4.50360803005978e-07
Leclercia adecarboxylata,4.4734281725578027e-07
Mariprofundus aestuarium,4.3931457591739333e-07
Citrobacter youngae,4.3522580064347947e-07
Thermodesulfovibrio yellowstonii,4.2284891859090125e-07
Chryseobacterium lactis,4.217240302750724e-07
Bifidobacterium kashiwanohense,4.1962967924913384e-07
Maricaulis maris,4.188328515342121e-07
Actinomyces sp. Chiba101,4.159651852075896e-07
Komagataeibacter hansenii,4.1485277235686624e-07
Phaeobacter gallaeciensis,4.102654038495857e-07
Ochrobactrum pituitosum,4.0305764847925474e-07
Jeotgalibacillus malaysiensis,3.939367167582475e-07
Spirosoma montaniterrae,3.871399780530638e-07
Bifidobacterium breve,3.8222619893613084e-07
Halioglobus pacificus,3.749858617618784e-07
Neisseria sicca,3.7256623446335625e-07
Euzebyella marina,3.6454471930014165e-07
Deinococcus peraridilitoris,3.5492872387798966e-07
Bacillus sp. Y1,3.524353148653958e-07
Labrenzia sp. VG12,3.514410580995886e-07
Deinococcus radiodurans,3.503836158325058e-07
Microchaete diplosiphon,3.4507887176626894e-07
Odoribacter splanchnicus,3.399403806891854e-07
Dolichospermum compactum,3.3155994900724294e-07
Salinicoccus halodurans,3.2998450820720394e-07
Corynebacterium glutamicum,3.2818946227308743e-07
Thiomonas arsenitoxydans,3.2796978330917883e-07
Prevotella dentalis,3.2597274062240445e-07
Alistipes sp. Marseille-P5997,3.2315409974614796e-07
Pseudomonas sp. R3-18-08,3.2242675396254583e-07
Bacterioplanes sanyensis,3.21508184075725e-07
Halomonas chromatireducens,3.153616771944812e-07
Hyphomonas sp. Mor2,3.0819439620355384e-07
Gammaproteobacteria bacterium DM2,2.9909000707206703e-07
Thiocystis violascens,2.91623981119038e-07
Pseudomonas yamanorum,2.8993384886266683e-07
Thioclava nitratireducens,2.87420307287789e-07
Altererythrobacter marensis,2.7370367756685e-07
Streptomyces lavendulae,2.6793406595615463e-07
Vibrio nigripulchritudo,2.673982074208325e-07
Winogradskyella sp. PC-19,2.5455863041923264e-07
Marinomonas primoryensis,2.4729451604255103e-07
Corynebacterium terpenotabidum,2.4544790457881047e-07
Candidatus Coxiella mudrowiae,2.442961114068609e-07
Solitalea canadensis,2.4207721036617615e-07
Desulfomicrobium baculatum,2.3955778920559113e-07
Neisseria elongata,2.3209084130115797e-07
Diaphorobacter polyhydroxybutyrativorans,2.2908546939426345e-07
Thermus brockianus,2.282758690075326e-07
Bordetella holmesii,2.1923413373592382e-07
Methanoregula boonei,2.180494983239356e-07
Synechococcus sp. PCC 6312,2.151166316188835e-07
Hahella chejuensis,2.1463068258231744e-07
Serratia sp. FDAARGOS_506,2.0960260256330797e-07
Crinalium epipsammum,2.075583755978272e-07
Gloeocapsa sp. PCC 7428,2.021594188272857e-07
Nonlabens sp. MB-3u-79,2.0101031226182897e-07
Actinomyces pacaensis,1.96920763162467e-07
Neisseria sp. 10023,1.9190865503393438e-07
Candidatus Filomicrobium marinum,1.7759522088489633e-07
Chelatococcus sp. CO-6,1.7264815850293046e-07
Chryseobacterium haifense,1.6851129036599133e-07
Marinobacter psychrophilus,1.6533383913053256e-07
Olsenella sp. Marseille-P2300,1.5643524258202036e-07
Victivallales bacterium CCUG 44730,1.5639880057705113e-07
Ornithinimicrobium sp. AMA3305,1.5559366928208362e-07
Methylomonas methanica,1.5275654019486495e-07
Clostridium sp. MF28,1.5040743337468853e-07
Prevotella denticola,1.4539293538007315e-07
Leptolyngbya sp. O-77,1.4385911069059175e-07
Bordetella sp. HZ20,1.428635268752032e-07
Actinoalloteichus sp. AHMU CJ021,1.4098731624390126e-07
Chryseobacterium piperi,1.4067622102764688e-07
Syntrophomonas wolfei,1.4038917104386428e-07
Halopenitus persicus,1.3681418102873267e-07
Alicyclobacillus acidocaldarius,1.359332308048522e-07
Paracoccus denitrificans,1.3333895050315902e-07
Turicibacter sp. H121,1.3324555998561748e-07
Calothrix sp. NIES-2100,1.2828025173217127e-07
Thioalkalivibrio versutus,1.2258025978706398e-07
Celeribacter marinus,1.2073703525850021e-07
Coxiella burnetii,1.1779415685087002e-07
Alistipes finegoldii,1.1779415685087002e-07
Thermus scotoductus,1.1521187659457865e-07
Gramella forsetii,1.1519491851519348e-07
Chloroflexus aurantiacus,1.1427517681017463e-07
Burkholderia seminalis,1.1169696969570709e-07
Prevotella ruminicola,1.0808235935133581e-07
Thermoplasmatales archaeon BRNA1,1.0694647700759674e-07
Peptoclostridium acidaminophilum,1.0444344569204845e-07
Candidatus Nucleicultrix amoebiphila,1.0389863742688022e-07
Salinimonas sp. N102,1.0038494884234694e-07
Corynebacterium uterequi,9.925602695304292e-08
Streptomyces anulatus,9.733269747957963e-08
Neisseriaceae bacterium DSM 100970,9.546062622600715e-08
Geobacter daltonii,9.226697834652242e-08
Kosakonia radicincitans,8.762569769782402e-08
Clostridium septicum,8.56361869416844e-08
Rhodobacter blasticus,8.497525909589853e-08
Trueperella pyogenes,8.386376955105135e-08
Cedecea neteri,8.379476634789995e-08
Escherichia albertii,8.046893338331528e-08
Erythrobacter flavus,8.023593665029693e-08
Morganella morganii,8.020985775569756e-08
Sulfitobacter sp. JL08,8.020985775569756e-08
Streptomyces vietnamensis,7.786053906055912e-08
Rhodococcus sp. PBTS 2,7.784069202543265e-08
Streptomyces sp. PVA 94-07,7.744579364477033e-08
Clostridium cellulovorans,7.678466258376204e-08
Parasaccharibacter apium,7.483988027079391e-08
Vibrio parahaemolyticus,7.432910349436384e-08
Alloactinosynnema sp. L-07,7.376527468849759e-08
Chelatococcus daeguensis,7.36987643135123e-08
Petrimonas mucosa,7.348480730584584e-08
Aneurinibacillus soli,7.335223040083605e-08
Olsenella sp. oral taxon 807,7.295299719878301e-08
Natronobacterium gregoryi,6.724811436598088e-08
Clavibacter michiganensis,6.689278764238082e-08
Altererythrobacter sp. NS1,6.450983616179685e-08
Deinococcus proteolyticus,6.424627736478783e-08
Ndongobacter massiliensis,6.419552964764818e-08
Streptomyces hundungensis,6.252235773551718e-08
Brucella sp. 09RB8471,6.118334134885828e-08
Halorhabdus tiamatea,5.6557565186743375e-08
Neisseria subflava,5.3658901544295645e-08
Vibrio campbellii,5.3658901544295645e-08
Arcticibacterium luteifluviistationis,5.129861428976312e-08
Gryllotalpicola sp. 2DFW10M-5,4.9005319069372885e-08
Pectobacterium parmentieri,4.551030610144835e-08
Flammeovirga sp. MY04,4.5039920615330684e-08
Brachybacterium sp. VR2415,4.4251069808431964e-08
Chthonomonas calidirosea,4.301784670701636e-08
Methanoregula formicica,4.301784670701636e-08
Sagittula sp. P11,3.9274101348851784e-08
Lonsdalea britannica,3.8708486149729995e-08
Leptospira alstonii,3.8293980963999276e-08
Aquimarina sp. AD10,3.58080515239223e-08
Neisseria polysaccharea,3.568284012711587e-08
Brachybacterium ginsengisoli,3.0809236672979526e-08
Aeribacillus pallidus,3.06092406754388e-08
Tistrella mobilis,2.9341334317756206e-08
Calothrix sp. NIES-2098,2.8913447303047235e-08
Selenomonas sp. oral taxon 136,2.8832653753418925e-08
Candidatus Symbiobacter mobilis,2.8139404784077727e-08
Clostridium butyricum,2.6145248677167388e-08
Cytophaga hutchinsonii,2.6028921773502135e-08
Cutibacterium granulosum,2.428512106966707e-08
Zobellia galactanivorans,2.3061698772863792e-08
Cronobacter malonaticus,2.1415330397900334e-08
Lachnospiraceae bacterium oral taxon 500,2.0890973684295488e-08
Aurantimicrobium sp. MWH-Uga1,1.5889625260001595e-08
Thermoanaerobacterales bacterium SK-G1,1.4274833270988551e-08
Acidimicrobium ferrooxidans,1.3076754923346812e-08
Halomonas sp. hl-4,1.28491982387402e-08
Desulfurella acetivorans,1.2696183326887933e-08
Tolumonas auensis,1.2499337609384043e-08
Methylobacterium sp. 17Sr1-28,1.2318600273175662e-08
Mycobacterium haemophilum,1.2251710135302574e-08
Bifidobacterium thermophilum,1.0941104133799229e-08
Fibrella aestuarina,5.081065590495371e-09
Aeromonas dhakensis,2.2219819317825795e-09
Desulfococcus oleovorans,1.5191580216011857e-09
Eikenella corrodens,2.5420781035734307e-10
Candidatus Nanopelagicus hibericus,0.0
Haloplanus sp. CBA1113,0.0
Desulfurispirillum indicum,0.0
Campylobacter concisus,0.0
Carboxydothermus hydrogenoformans,0.0
Candidatus Babela massiliensis,0.0
Paenalcaligenes hominis,0.0
Aureitalea sp. RR4-38,0.0
Exiguobacterium sp. MH3,0.0
Nostoc sp. PCC 7107,0.0
Nostoc sp. NIES-4103,0.0
Candidatus Pelagibacter sp. HIMB1321,0.0
Streptococcus suis,0.0
Rhizobium sp. CCGE531,0.0
Rhizobium phage 16-3,0.0
Sodalis glossinidius,0.0
Belliella baltica,0.0
Sphingobacterium sp. 21,0.0
Sphaerospermopsis kisseleviana,0.0
Dialister sp. Marseille-P5638,0.0
Lactobacillus curvatus,0.0
Hippea maritima,0.0
Owenweeksia hongkongensis,0.0
Halothece sp. PCC 7418,0.0
Bacillus sp. IHB B 7164,0.0
Bacillus cellulosilyticus,0.0
Bacillus aryabhattai,0.0
Exiguobacterium sp. AT1b,0.0
Candidatus Aquiluna sp. UB-MaderosW2red,0.0
Candidatus Accumulibacter phosphatis,0.0
Bacteroides zoogleoformans,0.0
Campylobacter gracilis,0.0
Campylobacter curvus,0.0
Carboxydocella thermautotrophica,0.0
Halothermothrix orenii,0.0
Leptospira interrogans,0.0
Desulfosporosinus youngiae,0.0
Corynebacterium casei,0.0
Croceibacter atlanticus,0.0
Anaerotignum propionicum,0.0
Sphaerochaeta globosa,0.0
Oceanobacillus sp. 160,0.0
Oceanisphaera avium,0.0
Oceanicoccus sagamiensis,0.0
Capnocytophaga sputigena,0.0
Candidatus Methylopumilus planktonicus,0.0
Desulfotalea psychrophila,0.0
Candidatus Methanomethylophilus alvus,0.0
Candidatus Endolissoclinum faulkneri,0.0
Oscillibacter sp. PEA192,0.0
Desulfotomaculum reducens,0.0
Glaesserella parasuis,0.0
Desulfotomaculum ferrireducens,0.0
Aminomonas paucivorans,0.0
Oblitimonas alkaliphila,0.0
Capnocytophaga stomatis,0.0
Pseudohongiella spirulinae,0.0
Pseudodesulfovibrio piezophilus,0.0
Borrelia hermsii,0.0
Pseudoalteromonas spongiae,0.0
Halopiger xanaduensis,0.0
Brucella melitensis,0.0
Limnobaculum parvum,0.0
Leptospirillum ferrooxidans,0.0
Leptospira kmetyi,0.0
Aquimarina sp. BL5,0.0
Rahnella sp. Y9602,0.0
Psychrobacter alimentarius,0.0
Anoxybacillus amylolyticus,0.0
Corynebacterium aquilae,0.0
Corynebacterium ammoniagenes,0.0
Candidatus Desulfovibrio trichonymphae,0.0
Commensalibacter sp. AMU001,0.0
Desulfosporosinus orientis,0.0
Brucella vulpis,0.0
Stenotrophomonas nitritireducens,0.0
Staphylococcus epidermidis,0.0
Spirochaeta africana,0.0
Lactobacillus pentosus,0.0
Lactobacillus mucosae,0.0
Burkholderiales bacterium YL45,0.0
Aequorivita sublithincola,0.0
Winogradskyella sp. J14-2,0.0
Edwardsiella ictaluri,0.0
Clostridium bornimense,0.0
Microbacterium sp. str. 'China',0.0
Actinomyces sp. VUL4_3,0.0
Microcystis aeruginosa,0.0
Clostridium isatidis,0.0
Geobacillus thermocatenulatus,0.0
Flavisolibacter tropicus,0.0
Kangiella profundi,0.0
Jonquetella anthropi,0.0
Fictibacillus phosphorivorans,0.0
Zoogloeaceae bacteirum Par-f-2,0.0
Microbulbifer agarilyticus,0.0
Tenacibaculum sp. SZ-18,0.0
Tenacibaculum jejuense,0.0
Tenacibaculum dicentrarchi,0.0
Pelobacter sp. SFB93,0.0
Pectobacterium atrosepticum,0.0
Methanothrix soehngenii,0.0
Nonlabens marinus,0.0
Sodalis praecaptivus,0.0
Mesotoga prima,0.0
Melioribacter roseus,0.0
Caldisericum exile,0.0
Desulfatibacillum alkenivorans,0.0
Tepidanaerobacter acetatoxydans,0.0
Lentibacillus amyloliquefaciens,0.0
Leminorella richardii,0.0
Lacinutrix venerupis,0.0
Legionella oakridgensis,0.0
Legionella lansingensis,0.0
Legionella anisa,0.0
Nonlabens sp. MIC269,0.0
Advenella kashmirensis,0.0
Thioploca ingrica,0.0
Bacillus phage BM5,0.0
Faecalibaculum rodentium,0.0
Caldanaerobacter subterraneus,0.0
Corynebacterium singulare,0.0
Clostridium scatologenes,0.0
Clostridium ljungdahlii,0.0
Clostridium kluyveri,0.0
Marinobacter sp. LV10R510-11A,0.0
Marinobacter sp. BSs20148,0.0
Gardnerella vaginalis,0.0
Winogradskyella sp. RHA_55,0.0
Clostridium sp. SY8519,0.0
Shewanella sediminis,0.0
Acinetobacter indicus,0.0
Acinetobacter haemolyticus,0.0
Acinetobacter bereziniae,0.0
Acetohalobium arabaticum,0.0
Acinetobacter sp. WCHA45,0.0
Wenyingzhuangia fucanilytica,0.0
Clostridium sp. JN500901,0.0
Candidatus Azobacteroides pseudotrichonymphae,0.0
Clostridium taeniosporum,0.0
Scytonema sp. HK-05,0.0
Bifidobacterium catenulatum,0.0
Corynebacterium flavescens,0.0
Ruminococcus champanellensis,0.0
Gillisia sp. Hel1_33_143,0.0
Acidaminococcus intestini,0.0
Kingella kingae,0.0
Vibrio fluvialis,0.0
Virgibacillus sp. 6R,0.0
Virgibacillus necropolis,0.0
Bacillus safensis,0.0
Rufibacter sp. DG15C,0.0
Roseovarius mucosus,0.0
Corynebacterium simulans,0.0
Nostoc sp. CENA543,0.0
Nonlabens spongiae,0.0
Stenotrophomonas sp. YAU14A_MKIMI4_1,0.0
Calditerrivibrio nitroreducens,0.0
Erwinia tasmaniensis,0.0
Erwinia pyrifoliae,0.0
Zunongwangia profunda,0.0
Vibrio scophthalmi,0.0
Pelodictyon luteolum,0.0
Thermus sp. CCB_US3_UF1,0.0
Thermotoga sp. RQ7,0.0
Methylomonas clara,0.0
Treponema azotonutricium,0.0
Thermodesulfobacterium geofontis,0.0
Enterococcus sp. FDAARGOS_553,0.0
Thermocrinis minervae,0.0
Thermotoga caldifontis,0.0
Thermosynechococcus elongatus,0.0
Streptomyces sp. ICC1,0.0
Paraglaciecola psychrophila,0.0
Parageobacillus genomosp. 1,0.0
Citrobacter sp. FDAARGOS_156,0.0
Thermoclostridium stercorarium,0.0
Thermoanaerobacterium thermosaccharolyticum,0.0
Sedimentisphaera salicampi,0.0
Elusimicrobium minutum,0.0
Salinivirga cyanobacteriivorans,0.0
Salinispira pacifica,0.0
Acidithiobacillus ferrivorans,0.0
Moraxella osloensis,0.0
Paenibacillus sp. FSL R5-0345,0.0
Paenibacillus peoriae,0.0
Piscirickettsia salmonis,0.0
Photobacterium gaetbulicola,0.0
Phoenicibacter massiliensis,0.0
Phaeobacter piscinae,0.0
Polaribacter reichenbachii,0.0
Synechococcus sp. KORDI-100,0.0
Tannerella sp. oral taxon HOT-286,0.0
Tannerella forsythia,0.0
Ruegeria sp. NKC1-1,0.0
Syntrophobotulus glycolicus,0.0
Polaribacter sp. SA4-12,0.0
Polaribacter sp. SA4-10,0.0
Megasphaera hexanoica,0.0
Desulfotomaculum ruminis,0.0
Acetobacterium sp. KB-1,0.0
Yersinia intermedia,0.0
Formosa sp. Hel3_A1_48,0.0
Fluoribacter dumoffii,0.0
Vibrio owensii,0.0
Syntrophothermus lipocalidus,0.0
Halorhodospira halochloris,0.0
Nitrobacter winogradskyi,0.0
Fervidobacterium islandicum,0.0
Methanopyrus sp. KOL6,0.0
Methanolinea tarda,0.0
Neisseria cinerea,0.0
[Clostridium] bolteae,0.0
[Clostridium] saccharolyticum,0.0
Acaryochloris marina,0.0
[Clostridium] sphenoides,0.0
Flavobacteriaceae bacterium 3519-10,0.0
Jonesia denitrificans,0.0
Acinetobacter sp. TGL-Y2,0.0
Gallionella capsiferriformans,0.0
Citrobacter freundii complex sp. CFNIH9,0.0
Flavobacterium sp. HYN0048,0.0
Nitrosospira briensis,0.0
Winogradskyella sp. PG-2,0.0
Lactobacillus rhamnosus,0.0
Marinomonas mediterranea,0.0
Klebsiella michiganensis,0.0
Yersinia similis,0.0
Flavobacteriaceae bacterium,0.0
Flavivirga eckloniae,0.0
Actinomyces meyeri,0.0
Actinobacteria bacterium IMCC26077,0.0
Paludibacter propionicigenes,0.0
Lactococcus lactis,0.0
Nitrosococcus watsonii,0.0
Acinetobacter sp. ACNIH2,0.0
Acinetobacter lwoffii,0.0
Fictibacillus arsenicus,0.0
Neisseria mucosa,0.0
Treponema primitia,0.0
Treponema denticola,0.0
Methanosarcina mazei,0.0
Vibrio mediterranei,0.0
Vibrio harveyi,0.0
Xenorhabdus hominickii,0.0
Acinetobacter wuhouensis,0.0
Acinetobacter sp. WCHAc010034,0.0
alpha proteobacterium HIMB59,0.0
[Eubacterium] minutum,0.0
Flavobacterium sp. HYN0049,0.0
Treponema sp. OMZ 838,0.0
Gloeomargarita lithophora,0.0
Muricauda ruestringensis,0.0
Aggregatibacter segnis,0.0
Aggregatibacter aphrophilus,0.0
Agarivorans gilvus,0.0
Tatlockia micdadei,0.0
Dehalococcoides mccartyi,0.0
Dehalobacterium formicoaceticum,0.0
Mucinivorans hirudinis,0.0
Chlorobaculum tepidum,0.0
Aeromonas sp. ASNIH1,0.0
Anaplasma marginale,0.0
Arcanobacterium phocae,0.0
Desulfosporosinus acidiphilus,0.0
Lutibacter sp. LPB0138,0.0
Lutibacter profundi,0.0
Arcanobacterium haemolyticum,0.0
Halobiforma lacisalsi,0.0
Dickeya sp. Secpp 1600,0.0
Maribacter sp. HTCC2170,0.0
Synechococcus sp. PCC 7003,0.0
Candidatus Sodalis pierantonius,0.0
Shewanella pealeana,0.0
Bacteroides helcogenes,0.0
Bacteroides caecimuris,0.0
Bacteroides caccae,0.0
Sphaerochaeta coccoides,0.0
Brevibacillus brevis,0.0
Capnocytophaga leadbetteri,0.0
Tenacibaculum todarodis,0.0
Anabaenopsis circularis,0.0
Anabaena sp. WA102,0.0
Cyanothece sp. PCC 7822,0.0
Nostoc sp. PCC 7524,0.0
Beggiatoa leptomitoformis,0.0
Bdellovibrio exovorus,0.0
Muribaculum intestinale,0.0
Proteiniphilum saccharofermentans,0.0
Prosthecochloris sp. CIB 2401,0.0
Prosthecochloris aestuarii,0.0
Propionibacterium sp. oral taxon 193,0.0
Moraxellaceae bacterium HYN0046,0.0
Cyclobacterium marinum,0.0
Candidatus Rhodoluna planktonica,0.0
Dickeya fangzhongdai,0.0
Muricauda lutaonensis,0.0
Glaciecola nitratireducens,0.0
Algoriphagus machipongonensis,0.0
Dactylococcopsis salina,0.0
Planktothrix agardhii,0.0
Methanolacinia petrolearia,0.0
Enterobacteriaceae bacterium strain FGI 57,0.0
Enterobacter cloacae complex sp. FDA-CDC-AR_0132,0.0
Scytonema sp. NIES-4073,0.0
Shewanella algae,0.0
Idiomarina sp. OT37-5b,0.0
Thermacetogenium phaeum,0.0
Synechocystis sp. PCC 6714,0.0
Teredinibacter turnerae,0.0
Thermanaeromonas toyohensis,0.0
Chlorobium limicola,0.0
Chlorobium chlorochromatii,0.0
Planococcus sp. Y42,0.0
Planococcus sp. MB-3u-03,0.0
Polaribacter sp. MED152,0.0
Ignavibacterium album,0.0
Serratia sp. ATCC 39006,0.0
Aeromonas media,0.0
Chromobacterium sp. IIBBL 274-1,0.0
Polaribacter sp. Hel1_33_78,0.0
Polaribacter sp. BM10,0.0
Lachnospiraceae bacterium GAM79,0.0
Lachnoclostridium phocaeense,0.0
Synechococcus sp. CC9605,0.0
Synechococcus sp. CC9311,0.0
Synechococcus lividus,0.0
Octadecabacter arcticus,0.0
Synechococcus sp. PCC 7502,0.0
Cytophagales bacterium TFI 002,0.0
Methylorubrum zatmanii,0.0
Oscillatoria acuminata,0.0
Oleispira antarctica,0.0
Seonamhaeicola sp. S2-3,0.0
Bacteroidales bacterium CF,0.0
Kosakonia sacchari,0.0
Lacinutrix sp. 5H-3-7-4,0.0
Cellulophaga algicola,0.0
Pseudarcicella sp. HME7025,0.0
Synechococcus sp. WH 8020,0.0
Bifidobacterium pseudocatenulatum,-1.2009745864460797e-09
Pseudomonas sp. SWI6,-1.2478069688626192e-09
Nostoc piscinale,-1.6493187038335576e-09
Methanosphaerula palustris,-1.881583022722566e-09
Exiguobacterium sp. N4-1P,-4.062364933332674e-09
Pleurocapsa minor,-5.18410578909112e-09
Fischerella sp. NIES-3754,-5.419152970809194e-09
Tenacibaculum mesophilum,-8.543525376047967e-09
Halorubrum lacusprofundi,-8.873689827382237e-09
Robiginitalea biformata,-9.50352212480965e-09
Dickeya solani,-9.845680826181535e-09
Halomonas sp. KO116,-1.0884500234453754e-08
Pseudothermotoga hypogea,-1.091864829660949e-08
Simiduia agarivorans,-1.1152224588251158e-08
Actinopolyspora erythraea,-1.1812181277548462e-08
Desulfurivibrio alkaliphilus,-1.3374612306549238e-08
Meiothermus silvanus,-1.4008492876804723e-08
Cyanothece sp. PCC 7424,-1.5409406195487918e-08
Denitrobacterium detoxificans,-1.647466318921431e-08
Marinobacter sp. CP1,-1.798590723023352e-08
Olsenella uli,-1.830541676017816e-08
Yangia sp. CCB-MM3,-1.929738440153983e-08
Acetobacter aceti,-2.0888337948221647e-08
Mycolicibacterium rutilum,-2.0962380764544265e-08
Selenomonas ruminantium,-2.2253539144756472e-08
Rhodovulum sp. MB263,-2.276158865832656e-08
Clostridium chauvoei,-2.3949846772453043e-08
Leptospirillum sp. Group II 'CF-1',-2.6304121414355565e-08
Shigella dysenteriae,-2.985628415608232e-08
Nitrosomonas eutropha,-3.0655267324597446e-08
Thalassospira xiamenensis,-3.1391850141559984e-08
Marinovum algicola,-3.3510857599949875e-08
Corynebacterium choanis,-3.7937199559578974e-08
Porphyromonas gingivalis,-4.066402261582169e-08
Thiolapillus brandeum,-4.129001578423441e-08
Acetobacter oryzifermentans,-4.1989004873066446e-08
Prevotella intermedia,-4.221727833986222e-08
Bacteroides thetaiotaomicron,-4.39727191547945e-08
Calothrix parasitica,-4.581601107389588e-08
Mycolicibacterium litorale,-4.6589650049000396e-08
Pseudodesulfovibrio profundus,-4.748282600441911e-08
Nitrosomonas sp. Is79A3,-4.7756082799388364e-08
Fimbriimonas ginsengisoli,-5.052780911452004e-08
Rhizobium sp. TAL182,-5.157363820451622e-08
Nonlabens sp. Hel1_33_55,-5.222158496742679e-08
Rhodothermaceae bacterium RA,-5.222158498963125e-08
Neisseria meningitidis,-5.371810583021386e-08
Microvirga sp. 17 mud 1-3,-5.5465769244200655e-08
Alteromonas australica,-5.600135322136879e-08
Thauera hydrothermalis,-5.735159382957988e-08
Plantactinospora sp. BB1,-5.847369675127112e-08
Dickeya dianthicola,-6.030479704488556e-08
Thermaerobacter marianensis,-6.067384124008868e-08
Lelliottia jeotgali,-6.279946618281684e-08
Stenotrophomonas sp. ZAC14D2_NAIMI4_6,-6.285318885357327e-08
Halobacterium hubeiense,-6.323348040737642e-08
Janthinobacterium sp. B9-8,-6.33902374813644e-08
Ralstonia pseudosolanacearum,-6.346024390424532e-08
Polynucleobacter acidiphobus,-6.361919449027198e-08
Aquifex aeolicus,-6.382887198785881e-08
Neisseria lactamica,-6.587158634108192e-08
Thioalkalivibrio sulfidiphilus,-6.65383024900379e-08
Barnesiella viscericola,-6.770741123318658e-08
Paenibacillus odorifer,-7.00683695509241e-08
Pseudanabaena sp. PCC 7367,-7.06765135083387e-08
Planococcus rifietoensis,-7.27845521852899e-08
Bacteroidetes bacterium Omega,-7.34048686723554e-08
Chlorobium phaeobacteroides,-7.41943255944122e-08
Mycobacterium liflandii,-7.52545581850228e-08
Desulfovibrio sp. FW1012B,-7.62544252186359e-08
Candidatus Planktophila lacus,-7.63969805417375e-08
Corynebacterium falsenii,-7.679185121123311e-08
Hymenobacter sp. DG25A,-7.739043959009705e-08
Marinobacterium aestuarii,-7.83731710418678e-08
Cyanobacterium aponinum,-7.926578449168886e-08
Desulfobacula toluolica,-8.02626806573059e-08
Fibrobacter succinogenes,-8.414244456744768e-08
Dehalogenimonas lykanthroporepellens,-8.725967013401003e-08
Bacteroides salanitronis,-8.72596701562145e-08
Algibacter alginicilyticus,-8.993611515517585e-08
Pseudomonas sp. 09C 129,-9.02377599532045e-08
Oscillatoriales cyanobacterium JSC-12,-9.209787017461224e-08
Polymorphum gilvum,-9.921140760038583e-08
Labrenzia sp. CP4,-1.0258087250747394e-07
Lawsonella clevelandensis,-1.0435020101340342e-07
Micromonospora auratinigra,-1.1168242930459371e-07
Gloeobacter violaceus,-1.1175347871539288e-07
Neisseria sp. 10022,-1.1288184151858615e-07
Halostagnicola larsenii,-1.1376610029589784e-07
Amycolatopsis keratiniphila,-1.1433301900787285e-07
Haliscomenobacter hydrossis,-1.1851138148610829e-07
Microbulbifer sp. A4B17,-1.1941795963199553e-07
Burkholderia sp. JP2-270,-1.2161920088793464e-07
Thermincola potens,-1.266903467023184e-07
Bartonella apis,-1.2888669269628395e-07
Methylococcus capsulatus,-1.2901171120294208e-07
Zhongshania aliphaticivorans,-1.2913142266590683e-07
Propionimicrobium sp. Marseille-P3275,-1.298294610485584e-07
Marivivens sp. JLT3646,-1.307361135793883e-07
Bacillus glycinifermentans,-1.3169201424911846e-07
Corynebacterium jeikeium,-1.335431024651612e-07
Candidatus Cloacimonas acidaminovorans,-1.3753466714394592e-07
Geosporobacter ferrireducens,-1.3872502555578591e-07
Calothrix brevissima,-1.399544536040409e-07
Corynebacterium atypicum,-1.4060004247529178e-07
Lysinibacillus sp. Marseille-P5727,-1.4244155979170615e-07
Corynebacterium mustelae,-1.4500905960446174e-07
Polynucleobacter asymbioticus,-1.4847892797487107e-07
Shewanella halifaxensis,-1.5147194458720038e-07
Simonsiella muelleri,-1.5346790565029523e-07
Desulfobacterium autotrophicum,-1.5404128159701713e-07
Wolinella succinogenes,-1.551535986354935e-07
Symbiobacterium thermophilum,-1.5752158069037848e-07
Streptomyces albus,-1.5776274449041948e-07
Bacillus litoralis,-1.6211687408063115e-07
Desulfotomaculum nigrificans,-1.6596777814292806e-07
Labrenzia aggregata,-1.6609967843361772e-07
Alkalitalea saponilacus,-1.728318516525107e-07
Ruminococcus albus,-1.732983026192514e-07
Heliobacterium modesticaldum,-1.734985205059658e-07
Thermodesulfatator indicus,-1.7450589435696883e-07
Lactobacillus casei,-1.7862889443165386e-07
Octadecabacter antarcticus,-1.7988259282120111e-07
Corynebacterium geronticis,-1.8108074248956995e-07
Corynebacterium striatum,-1.854329807260413e-07
Gramella sp. SH35,-1.8669072507915274e-07
Salinimonas sp. HMF8227,-1.935464844837753e-07
Paenibacillus bovis,-1.9859047701853426e-07
Shewanella oneidensis,-2.0088102987703137e-07
Methylomicrobium alcaliphilum,-2.0294683633625965e-07
Bifidobacterium actinocoloniiforme,-2.0934883959711215e-07
Confluentimicrobium sp. EMB200-NS6,-2.1427529264261836e-07
Sulfitobacter pseudonitzschiae,-2.1557604927835429e-07
Clostridium carboxidivorans,-2.183070956673916e-07
Nitratifractor salsuginis,-2.1880562386389358e-07
Corynebacterium crudilactis,-2.2048705379251742e-07
Phaeobacter inhibens,-2.2048705379251742e-07
Bacteroides heparinolyticus,-2.3013188490406123e-07
Pseudomonas avellanae,-2.30612648510764e-07
Idiomarinaceae bacterium HL-53,-2.3106634730041265e-07
Fluviicola taffensis,-2.351182100124305e-07
Ruminococcaceae bacterium CPB6,-2.356819991611303e-07
Komagataeibacter saccharivorans,-2.407143733451633e-07
Meiothermus ruber,-2.4100372428836894e-07
Acetobacter tropicalis,-2.4132271365662205e-07
Mycobacterium intracellulare,-2.418454623898114e-07
Listeria innocua,-2.4838535959137433e-07
Hydromonas sp. F02,-2.486891596431562e-07
Desulfarculus baarsii,-2.5987154221862597e-07
Marinifilaceae bacterium SPP2,-2.6855077355225633e-07
Eubacterium limosum,-2.711612211436787e-07
Synechococcus sp. KORDI-49,-2.7323725879657703e-07
Haloplanus sp. CBA1112,-2.7819755359370647e-07
Sulfurospirillum cavolei,-2.8268185490176736e-07
Shewanella violacea,-2.837319902360136e-07
Gottschalkia acidurici,-2.848692971735289e-07
Methanoculleus bourgensis,-2.8621319905219875e-07
Acinetobacter schindleri,-2.877701934522747e-07
Sediminispirochaeta smaragdinae,-2.917196288088064e-07
Chryseobacterium gallinarum,-2.91914304995089e-07
Enterobacteriaceae bacterium ENNIH1,-3.0160209296692386e-07
Desulfomicrobium orale,-3.0291350439082265e-07
Rhodobacter capsulatus,-3.0438358635809235e-07
Pelobacter propionicus,-3.0574539708894124e-07
Rhodospirillum centenum,-3.15317740473553e-07
Thermobaculum terrenum,-3.172851426036516e-07
Bacillus smithii,-3.232465022984243e-07
Desulfovibrio salexigens,-3.240749134381105e-07
Kyrpidia tusciae,-3.271743008959049e-07
Halorubrum trapanicum,-3.319355562858561e-07
Celeribacter ethanolicus,-3.320465357781188e-07
Moraxella bovoculi,-3.320465357781188e-07
Halalkalicoccus jeotgali,-3.320465357781188e-07
Leptospira santarosai,-3.3275413715561084e-07
Borrelia parkeri,-3.3668211931736634e-07
Methylobacterium sp. 17SD2-17,-3.437082078727727e-07
Capnocytophaga canimorsus,-3.4490524654096076e-07
Pseudomonas litoralis,-3.5100220971973075e-07
Synechococcus sp. WH 7803,-3.5295867926166127e-07
Thermoproteus uzoniensis,-3.584218094321301e-07
Asaia bogorensis,-3.584679345136621e-07
Rhodobacter sphaeroides,-3.627702372943631e-07
Croceicoccus naphthovorans,-3.6532137990263893e-07
Polaribacter sp. KT25b,-3.7030301174301173e-07
Clostridiales bacterium CCNA10,-3.722534753780593e-07
Thauera chlorobenzoica,-3.749019614751603e-07
Rhodococcus biphenylivorans,-3.7521188243072603e-07
Vibrio vulnificus,-3.8057573932270826e-07
Pseudomonas sp. JY-Q,-3.854565759464634e-07
Halothiobacillus sp. LS2,-3.8754036362220746e-07
Microbulbifer thermotolerans,-3.896004552084165e-07
[Bacillus] selenitireducens,-3.897219503334881e-07
Synechococcus sp. RCC307,-3.9259622455212193e-07
Haloarcula taiwanensis,-3.9380936935895503e-07
Salipiger profundus,-4.0070791385016236e-07
Serratia sp. 3ACOL1,-4.041464426896013e-07
Pseudomonas soli,-4.140908154370848e-07
Rathayibacter toxicus,-4.154372402087603e-07
Mycolicibacterium smegmatis,-4.176356924290303e-07
Megasphaera elsdenii,-4.211790994856912e-07
Azospirillum sp. M2T2B2,-4.238295175262863e-07
Ensifer sojae,-4.278885135100552e-07
Streptococcus thermophilus,-4.36134028469759e-07
Sphingomonas sp. YZ-8,-4.374405838891704e-07
Adlercreutzia equolifaciens,-4.414965931509585e-07
Edwardsiella tarda,-4.426276834612608e-07
Endozoicomonas montiporae,-4.427462679146288e-07
Corynebacterium kroppenstedtii,-4.451700724494856e-07
Corynebacterium urealyticum,-4.4538579111463863e-07
Persicobacter sp. JZB09,-4.470263747613501e-07
Rhodococcus hoagii,-4.525374527553083e-07
Nostoc flagelliforme,-4.5312321912405195e-07
Bacillus coagulans,-4.5466195304211253e-07
Acidithiobacillus caldus,-4.5480512282924935e-07
Devriesea agamarum,-4.6265059914230024e-07
Flagellimonas sp. HME9304,-4.6300100546847746e-07
Corynebacterium vitaeruminis,-4.632971478901737e-07
Ruegeria sp. AD91A,-4.684930456910763e-07
Mycobacteroides immunogenum,-4.6871953394145296e-07
Nitrosospira multiformis,-4.770401990539241e-07
Rhizobium sp. S41,-4.788248752163326e-07
Ketogulonicigenium vulgare,-4.808899520813981e-07
Rhizobium sp. NT-26,-4.821368078555821e-07
Vibrio natriegens,-4.944877068702169e-07
Caldithrix abyssi,-4.950088482225113e-07
Flavobacteriaceae bacterium MAR_2010_188,-5.01878449554738e-07
Streptococcus agalactiae,-5.022656284436877e-07
Cyclobacterium amurskyense,-5.040323527660817e-07
Desulfovibrio fairfieldensis,-5.103580421605969e-07
Bdellovibrio bacteriovorus,-5.108853312840722e-07
Aeromonas sp. CU5,-5.127722392916923e-07
Alistipes shahii,-5.20562191441698e-07
Syntrophus aciditrophicus,-5.208725955885285e-07
Cohnella sp. 18JY8-7,-5.245814190146802e-07
Draconibacterium orientale,-5.251240258408174e-07
Methanocella conradii,-5.262236033143353e-07
Deinococcus geothermalis,-5.284775287162091e-07
Oceanobacillus iheyensis,-5.29358830281268e-07
Micromonospora zamorensis,-5.382027028488778e-07
Halomonas sp. HL-93,-5.428307481292194e-07
Geobacillus sp. GHH01,-5.495163866831021e-07
Beijerinckia indica,-5.565975168320137e-07
Gordonia sp. KTR9,-5.714089991837313e-07
Natrialba magadii,-5.73935887659971e-07
Microcoleus sp. PCC 7113,-5.742920347273639e-07
Streptomyces sp. SirexAA-E,-5.802464432047572e-07
Congregibacter litoralis,-5.850519898098483e-07
Pseudomonas sp. A214,-5.912325031109944e-07
Corynebacterium camporealensis,-6.044436293706212e-07
Marinobacter salinus,-6.197383953354674e-07
Pontibacter korlensis,-6.217057071822296e-07
Oscillibacter valericigenes,-6.218051031403605e-07
Zobellella denitrificans,-6.267672265192204e-07
Aeromonas schubertii,-6.29273397967367e-07
Rhodobacteraceae bacterium,-6.335529864287537e-07
Corynebacterium sphenisci,-6.345264289775443e-07
Burkholderia pyrrocinia,-6.368205473838984e-07
Paracoccus yeei,-6.443883540763196e-07
Treponema caldarium,-6.451224239034659e-07
Roseibacterium elongatum,-6.656084225786785e-07
Paenibacillus kribbensis,-6.675835132696761e-07
Natrinema sp. J7-2,-6.680295562500049e-07
Neisseria sp. KEM232,-6.689564725714803e-07
Paenibacillus lentus,-6.747223615377607e-07
Thermococcus eurythermalis,-6.876196834371129e-07
Gordonia polyisoprenivorans,-6.977499915405972e-07
Corynebacterium riegelii,-7.091918200252678e-07
Pseudoalteromonas atlantica,-7.147712466126777e-07
Anaeromyxobacter sp. Fw109-5,-7.216087540840022e-07
Rhodococcus pyridinivorans,-7.231544687957836e-07
Pseudonocardia sp. AL041005-10,-7.275167011933093e-07
Selenomonas sp. oral taxon 478,-7.298213992479318e-07
Achromobacter denitrificans,-7.312662079206333e-07
Aquimarina sp. AD1,-7.322172707713293e-07
Methylobacterium phyllosphaerae,-7.340151224166647e-07
Desulfovibrio vulgaris,-7.345159888982878e-07
Actinotignum schaalii,-7.393121127297064e-07
Haloarcula sp. CBA1115,-7.405548637873238e-07
Aggregatibacter actinomycetemcomitans,-7.415196340065933e-07
Flavonifractor plautii,-7.422543307766816e-07
Kiritimatiella glycovorans,-7.469218350708573e-07
Vitreoscilla sp. C1,-7.487245520243491e-07
Corynebacterium phocae,-7.738981617322338e-07
Polaribacter vadi,-7.77058352441351e-07
Legionella waltersii,-7.790761279657943e-07
Candidatus Promineofilum breve,-7.811121560230561e-07
Elizabethkingia ursingii,-7.863197373003672e-07
Altererythrobacter sp. ZODW24,-7.97553538722795e-07
Bifidobacterium animalis,-7.99646732563275e-07
Deinococcus swuensis,-8.000809790464913e-07
Enterobacteriaceae bacterium w17,-8.131665044652792e-07
Hyphomonas neptunium,-8.162920069665347e-07
Christensenella massiliensis,-8.198990423036179e-07
Rhodovulum sulfidophilum,-8.20427509018451e-07
Idiomarina loihiensis,-8.350794644007564e-07
Streptomyces globisporus,-8.357951286397381e-07
Streptomyces clavuligerus,-8.380343033298487e-07
Sulfurovum sp. NBC37-1,-8.483547512483369e-07
Bacteroides cellulosilyticus,-8.514320728902902e-07
Pseudomonas balearica,-8.58006595483296e-07
Gynuella sunshinyii,-8.694896943328701e-07
Rhodocyclaceae bacterium,-8.722990731957481e-07
Olleya sp. Bg11-27,-8.868723103461207e-07
Geobacillus sp. WCH70,-8.896829908788817e-07
Treponema brennaborense,-8.928883077352623e-07
Martelella mediterranea,-8.962776054222133e-07
Deinococcus soli Cha et al. 2016,-9.135267820425951e-07
Kocuria flava,-9.21703570977428e-07
Octadecabacter temperatus,-9.332960676733393e-07
Arthrobacter sp. ATCC 21022,-9.340867427543031e-07
Actinomyces radicidentis,-9.370787337426023e-07
Aeromonas veronii,-9.394431848441797e-07
Porphyromonas asaccharolytica,-9.400508834245258e-07
Streptomyces lividans,-9.566020173323864e-07
Starkeya novella,-9.568796891512577e-07
Fusobacterium nucleatum,-9.610473624688254e-07
Thermus aquaticus,-9.736359763978797e-07
Bifidobacterium scardovii,-9.758270483439802e-07
Xylanimonas cellulosilytica,-9.802033759775953e-07
Bacillus cohnii,-9.854006423060113e-07
Halomonas sp. GFAJ-1,-9.97552460835216e-07
Tessaracoccus sp. Marseille-P5995,-1.0176699874353545e-06
Cutibacterium acnes,-1.0323175622772851e-06
Burkholderia diffusa,-1.0332186751504934e-06
Bacillus pseudofirmus,-1.0391309640978008e-06
Methylobacterium oryzae,-1.0429414910584356e-06
Cellulophaga baltica,-1.0451550262580156e-06
Synechococcus sp. PCC 7336,-1.0516877262389812e-06
Bacillus filamentosus,-1.0596245368033053e-06
Nakamurella sp. s14-144,-1.0610319874482244e-06
Neisseria weaveri,-1.0742492307924678e-06
Corynebacterium xerosis,-1.0912025356857314e-06
Bacillus pseudomycoides,-1.0959750179839745e-06
Paenibacillus sp. 32O-W,-1.0989456380450235e-06
Bacillus flexus,-1.1143875233932122e-06
Acidiphilium cryptum,-1.1152070742870279e-06
Marinobacter hydrocarbonoclasticus,-1.1182783478114189e-06
Oleiphilus messinensis,-1.1395856153173511e-06
Planococcus antarcticus,-1.1475179894748778e-06
Bacillus xiamenensis,-1.1499604132270136e-06
Chloroherpeton thalassium,-1.1561736436460634e-06
Geitlerinema sp. PCC 7407,-1.1575229698301826e-06
Kyrpidia spormannii,-1.1575335337354886e-06
Ruegeria pomeroyi,-1.173725759984201e-06
Tessaracoccus flavescens,-1.197227782023802e-06
Bacillus cytotoxicus,-1.2044199677374578e-06
Polynucleobacter necessarius,-1.2230383340305905e-06
Elizabethkingia anophelis,-1.2245291530099677e-06
Microlunatus soli,-1.2477589641290975e-06
Maritalea myrionectae,-1.265225556745797e-06
Methylobacterium sp. AMS5,-1.2718940887168628e-06
[Eubacterium] cellulosolvens,-1.3118310015380885e-06
Mycobacterium sp. QIA-37,-1.3325504346628492e-06
Pantoea alhagi,-1.3342901782342764e-06
Paenibacillus durus,-1.3381522054434214e-06
Spiribacter salinus,-1.3404648034676113e-06
Pseudomonas sp. R2-7-07,-1.34114274115138e-06
Rothia dentocariosa,-1.341900807938501e-06
Thiohalobacter thiocyanaticus,-1.3434285894176056e-06
Pandoraea thiooxydans,-1.3482212916970936e-06
Pseudodesulfovibrio aespoeensis,-1.3527458183393292e-06
Aeromonas rivipollensis,-1.3634335890078119e-06
Thermosediminibacter oceani,-1.3690519984788096e-06
Roseomonas sp. FDAARGOS_362,-1.373842252694324e-06
Stenotrophomonas sp. Pemsol,-1.3884522518159414e-06
Mycobacterium sp. MOTT36Y,-1.3885409241076729e-06
Segniliparus rotundus,-1.3891460660442333e-06
Gordonibacter massiliensis,-1.3969508237288153e-06
Slackia heliotrinireducens,-1.3985163995089422e-06
Flavobacterium sp. HYN0059,-1.4017486767325948e-06
Paenibacillus sp. BIHB4019,-1.4028690942247124e-06
Zhihengliuella sp. ISTPL4,-1.4041627870664542e-06
Rhodococcus sp. PBTS 1,-1.4184286150964453e-06
Halohasta litchfieldiae,-1.422937846262684e-06
Frankineae bacterium MT45,-1.4252315441831698e-06
Celeribacter manganoxidans,-1.4334817438843573e-06
Bacillus marisflavi,-1.4361718872368811e-06
Halobacteriovorax marinus,-1.444738694633685e-06
Synechococcus sp. JA-2-3B'a(2-13),-1.4599890027167107e-06
Ochrobactrum sp. A44,-1.4764155017887858e-06
Sulfitobacter sp. SK012,-1.4918172156042076e-06
Streptomyces phage phiHau3,-1.4980118186125325e-06
Chryseobacterium joostei,-1.505277974822583e-06
Bacillus weihaiensis,-1.5241613680050392e-06
Dietzia sp. oral taxon 368,-1.5244308665618434e-06
Thermococcus kodakarensis,-1.5380333482584164e-06
Chamaesiphon minutus,-1.5453675489052187e-06
Rivularia sp. PCC 7116,-1.5595764575104808e-06
Methanofollis liminatans,-1.5598093951796343e-06
Paenibacillus beijingensis,-1.5611927507874767e-06
Sediminicola sp. YIK13,-1.5614496234217512e-06
Isosphaera pallida,-1.5737128407522504e-06
Comamonadaceae bacterium B1,-1.606811156706911e-06
Aeromicrobium choanae,-1.6070445884697194e-06
Desulfovibrio alaskensis,-1.6087833460520784e-06
Brevibacterium linens,-1.6099777663258763e-06
Streptomyces sp. ADI95-16,-1.6209664803534806e-06
Mycolicibacterium chubuense,-1.6222597751580635e-06
Steroidobacter denitrificans,-1.6243601917098617e-06
Turneriella parva,-1.636378065827948e-06
Vibrio mimicus,-1.6424182327945402e-06
Pseudomonas sp. R1-43-08,-1.6449981565358485e-06
Rhodobacteraceae bacterium QY30,-1.6486981037511228e-06
Bifidobacterium angulatum,-1.6539777867086158e-06
Corynebacterium genitalium,-1.6719978689128111e-06
Thermoanaerobacterium sp. RBIITD,-1.6802204020782696e-06
Formosa agariphila,-1.6901268674596182e-06
Magnetospirillum magneticum,-1.7010326224919936e-06
Bifidobacterium bifidum,-1.7171488136513702e-06
Bordetella avium,-1.7309951775068554e-06
Olsenella sp. GAM18,-1.7483379045168946e-06
Micromonospora tulbaghiae,-1.7677031202589788e-06
Nostoc carneum,-1.7750635231461586e-06
Maribacter cobaltidurans,-1.8174166091622368e-06
Clostridium argentinense,-1.8246130178312114e-06
Sulfitobacter sp. D7,-1.8515585332057327e-06
Actinomyces sp. oral taxon 897,-1.8737039466421023e-06
Spirochaeta thermophila,-1.8766891038968225e-06
Mycobacterium marinum,-1.8771677279927346e-06
Gordonia phthalatica,-1.8846441131925572e-06
Halocynthiibacter arcticus,-1.8936066425112586e-06
Brevefilum fermentans,-1.9007366079737408e-06
Xanthomonas cassavae,-1.9460466788023822e-06
Bacillus lentus,-1.946649762318842e-06
Aerococcaceae bacterium ZY16052,-1.947920676648174e-06
Sulfuricella denitrificans,-1.965989006413871e-06
Phaeobacter sp. LSS9,-1.9731364291786237e-06
Escherichia marmotae,-1.9869191548282926e-06
Bathymodiolus septemdierum thioautotrophic gill symbiont,-1.9949734962443342e-06
Rhodococcus sp. p52,-2.00072706137977e-06
Kushneria marisflavi,-2.0055958797282615e-06
Paracoccus contaminans,-2.006240913399182e-06
Jiangella alkaliphila,-2.0115316878843714e-06
Parascardovia denticolens,-2.041210096193069e-06
Streptomyces koyangensis,-2.0419227118928517e-06
Actinomyces sp. oral taxon 414,-2.042291868353807e-06
Gloeobacter kilaueensis,-2.0664001527892496e-06
Kozakia baliensis,-2.0832772144929733e-06
Actinomyces gaoshouyii,-2.091355480260404e-06
Corynebacterium sp. NML98-0116,-2.0983096404858514e-06
Eggerthella sp. YY7918,-2.113237923495603e-06
Agrococcus carbonis,-2.122325149667148e-06
Methylophaga frappieri,-2.1263535582960456e-06
Microterricola viridarii,-2.142094421309082e-06
Jeongeupia sp. USM3,-2.1566371863457333e-06
Tumebacillus algifaecis,-2.1611329333426353e-06
Yersinia ruckeri,-2.1681551851449043e-06
Pseudomonas fuscovaginae,-2.1740199849462628e-06
Microbacterium sp. 1.5R,-2.177421313409589e-06
Paenibacillus sabinae,-2.1919304502793225e-06
Streptomyces autolyticus,-2.1998721239757655e-06
Sulfuritalea hydrogenivorans,-2.2022256764619995e-06
Paenibacillus mucilaginosus,-2.2161523740571454e-06
Acidihalobacter ferrooxidans,-2.2168806893763105e-06
Acidipropionibacterium virtanenii,-2.22440964319226e-06
Paracoccus sp. SC2-6,-2.2472066699252833e-06
Vibrio diabolicus,-2.265568944204155e-06
Tumebacillus avium,-2.2738921614751107e-06
Pseudomonas sp. FDAARGOS_380,-2.2775156434784448e-06
Magnetospirillum sp. XM-1,-2.2819951926988935e-06
Auritidibacter sp. NML130574,-2.3056019406775262e-06
Candidatus Planktophila dulcis,-2.326189562840142e-06
Sphingorhabdus flavimaris,-2.326847537337251e-06
Agarilytica rhodophyticola,-2.3563353546363076e-06
Corynebacterium imitans,-2.373080360595914e-06
Oceanisphaera profunda,-2.3795487538169624e-06
Marinobacter sp. es.042,-2.384940927568913e-06
Bacillus muralis,-2.3859473704979097e-06
Lacimicrobium alkaliphilum,-2.387146773119575e-06
Acidovorax sp. JS42,-2.3948647056126758e-06
Citrobacter amalonaticus,-2.3950421335072747e-06
Komagataeibacter nataicola,-2.4160190813082847e-06
Gemmobacter sp. HYN0069,-2.424880426743492e-06
Desulfuromonas soudanensis,-2.427064733501183e-06
Akkermansia glycaniphila,-2.4301030706164182e-06
Thermodesulfobium acidiphilum,-2.4348516620031903e-06
Acidovorax ebreus,-2.440304972495255e-06
Murdochiella vaginalis,-2.4616570258650937e-06
Negativicoccus massiliensis,-2.4634608403850676e-06
Pseudomonas monteilii,-2.468547502032514e-06
Thermomicrobium roseum,-2.474735905999559e-06
Candidatus Phaeomarinobacter ectocarpi,-2.477105225806575e-06
Natronococcus occultus,-2.483850434065182e-06
Pseudomonas brenneri,-2.4863707765332423e-06
Glutamicibacter arilaitensis,-2.4939675990154343e-06
Phreatobacter cathodiphilus,-2.499619209705983e-06
Verrucomicrobium sp. GAS474,-2.544153828187845e-06
Friedmanniella sagamiharensis,-2.5445785716060597e-06
Propionibacterium acidifaciens,-2.5499415144736303e-06
Streptomyces sp. Tue 6075,-2.5541384469196514e-06
Dichelobacter nodosus,-2.5544282215239634e-06
Legionella fallonii,-2.5641402628062694e-06
Cnuibacter physcomitrellae,-2.567995950331081e-06
Halogeometricum borinquense,-2.5689273423168403e-06
Tatumella ptyseos,-2.5759084867349458e-06
Micromonospora viridifaciens,-2.5787781638975105e-06
Thermus parvatiensis,-2.5870460224730605e-06
Paenibacillus sp. RUD330,-2.605739545202823e-06
Cutibacterium avidum,-2.606508869806845e-06
Gordonia phage GMA4,-2.6092182521031403e-06
Flavobacterium sp. HYN0086,-2.6114776305430352e-06
Paenibacillus larvae,-2.637715920372763e-06
Chloroflexus aggregans,-2.6553635219750405e-06
Pragia fontium,-2.6676382932633302e-06
Sporosarcina psychrophila,-2.681294424067282e-06
Pseudovibrio sp. FO-BEG1,-2.684639670036404e-06
Nitratiruptor sp. SB155-2,-2.6867818655462727e-06
Chondromyces crocatus,-2.6887308012257805e-06
Novibacillus thermophilus,-2.6919932535118817e-06
Kangiella koreensis,-2.721883869605257e-06
Brevirhabdus pacifica,-2.7373454683843334e-06
Streptomyces sp. 3211,-2.755981980651079e-06
Methanocella arvoryzae,-2.7812177609387588e-06
Bacillus thermoamylovorans,-2.782782794064076e-06
Cloacibacillus porcorum,-2.815504267550395e-06
Methylacidiphilum infernorum,-2.8341342628745993e-06
Synechococcus sp. JA-3-3Ab,-2.8404518157332247e-06
Methylobacterium aquaticum,-2.849112258740405e-06
Pseudopropionibacterium propionicum,-2.863346850578985e-06
Acetobacter persici,-2.888911433207575e-06
Polynucleobacter duraquae,-2.8953554026767137e-06
Aurantimicrobium minutum,-2.935091680367208e-06
Micromonospora aurantiaca,-2.9400427465686717e-06
Methylosinus trichosporium,-2.951698744690923e-06
Haliangium ochraceum,-2.959375858235802e-06
Polaromonas naphthalenivorans,-3.035366144676921e-06
Curvibacter sp. AEP1-3,-3.040452262026427e-06
Thermanaerovibrio acidaminovorans,-3.070428821638771e-06
Tessaracoccus aquimaris,-3.093046691460266e-06
Defluviimonas alba,-3.108560835785035e-06
Limnochorda pilosa,-3.1462277371607785e-06
Chromobacterium sp. IIBBL 112-1,-3.146643534379656e-06
Mesorhizobium oceanicum,-3.1585996143723703e-06
Chromohalobacter salexigens,-3.1614142079305905e-06
Streptomyces albidoflavus,-3.1629488767670464e-06
Stenotrophomonas sp. WZN-1,-3.1823476312142774e-06
Dehalogenimonas formicexedens,-3.188173066814848e-06
Saccharomonospora cyanea,-3.1927915085550042e-06
Propionibacterium freudenreichii,-3.1980334216807906e-06
Streptomyces violaceoruber,-3.2074992821762294e-06
Sphingopyxis sp. 113P3,-3.2097578089418375e-06
Corynebacterium ulcerans,-3.224784401578695e-06
Rhizobium sp. CIAT894,-3.260083837131056e-06
Mycobacterium sp. MS1601,-3.30232685965548e-06
Maribacter sp. 1_2014MBL_MicDiv,-3.353063617295149e-06
Natronomonas pharaonis,-3.357131953674042e-06
Rickettsia rickettsii,-3.374313033588372e-06
Pseudomonas mucidolens,-3.3906396026406327e-06
Desulfovibrio africanus,-3.41375836716562e-06
Xanthomonas hortorum,-3.4450268852292965e-06
Rhodoplanes sp. Z2-YC6860,-3.450857682696373e-06
Natrinema pellirubrum,-3.4929578794251627e-06
Aeromonas sp. ASNIH7,-3.5068261692972056e-06
Rhodobacter sp. CZR27,-3.5217772550444337e-06
Paenibacillus swuensis,-3.5238598502074224e-06
Bosea sp. RAC05,-3.5291896860689676e-06
Pseudomonas poae,-3.5501411305149944e-06
Edwardsiella piscicida,-3.5628696438472217e-06
Acidiferrobacter sp. SPIII_3,-3.583550311958561e-06
Nakamurella panacisegetis,-3.600117541657788e-06
Legionella hackeliae,-3.619168668222983e-06
Roseovarius sp. TM1035,-3.6199628518085447e-06
Candidatus Methylopumilus turicensis,-3.700291620045704e-06
Gluconacetobacter diazotrophicus,-3.7277145149561264e-06
Desulfallas gibsoniae,-3.73841064065239e-06
Persephonella marina,-3.751020882258871e-06
Pseudomonas sp. WCS374,-3.796504371034182e-06
Micromonospora rifamycinica,-3.812441062733818e-06
Legionella pneumophila,-3.836136757251474e-06
Acinetobacter sp. ADP1,-3.85633848849487e-06
Brevibacterium aurantiacum,-3.873429710243848e-06
Ferrimonas balearica,-3.881233636615633e-06
Brevundimonas sp. LM2,-3.932007301199469e-06
Mycolicibacter sinensis,-3.939411131725912e-06
Bacillus beveridgei,-3.942068647044828e-06
Humibacter sp. BT305,-3.9438373199640605e-06
Streptomyces sp. CLI2509,-4.0580539377499395e-06
Salinispora tropica,-4.072967665691429e-06
Corynebacterium marinum,-4.110964815806639e-06
Runella slithyformis,-4.150167850158759e-06
Haloplanus aerogenes,-4.158389745922975e-06
Oscillatoria nigro-viridis,-4.163597872053337e-06
Methylorubrum extorquens,-4.16469335113856e-06
Lachnoclostridium sp. YL32,-4.22940643332037e-06
Corynebacterium efficiens,-4.267175196903672e-06
Dyadobacter fermentans,-4.280579845605814e-06
Dechloromonas aromatica,-4.330310554978567e-06
Rhodoferax antarcticus,-4.334557819474227e-06
Pseudomonas syringae group genomosp. 3,-4.354878539025719e-06
Geobacter uraniireducens,-4.387371484226854e-06
Nonlabens dokdonensis,-4.392420481735826e-06
Pseudomonas sp. phDV1,-4.444531855707368e-06
Mycobacterium ulcerans,-4.461957566737063e-06
Paracoccus sp. CBA4604,-4.50592975176356e-06
Halobacillus halophilus,-4.52810591886621e-06
Geoalkalibacter subterraneus,-4.53425142206143e-06
Synechococcus sp. CC9902,-4.541945146030457e-06
Methylocystis rosea,-4.548000900661542e-06
Streptomyces nigra,-4.5509744550642495e-06
Dechloromonas sp. HYN0024,-4.592523334334686e-06
Pseudomonas extremorientalis,-4.5932506079982e-06
Bacillus paralicheniformis,-4.614226881094474e-06
Bacillus oceanisediminis,-4.633580942048354e-06
Methylotenera mobilis,-4.6687380568677385e-06
Geobacter anodireducens,-4.741381575645853e-06
Aeromonas sp. ASNIH4,-4.758630042811518e-06
Synechococcus sp. WH 8109,-4.7743918605513965e-06
Bacillus butanolivorans,-4.789156442774889e-06
Chlorobium phaeovibrioides,-4.812781082885742e-06
Paenibacillus sp. Y412MC10,-4.828413235791196e-06
Isoptericola dokdonensis,-4.8347886345112555e-06
Acidisphaera sp. G45-3,-4.885964824508093e-06
Deinococcus irradiatisoli,-4.912256133215997e-06
Leptospirillum ferriphilum,-4.96046881099943e-06
Roseburia hominis,-4.9664838980501e-06
Blautia hansenii,-5.005863952911582e-06
Pandoraea pnomenusa,-5.012230838286058e-06
Brevundimonas vesicularis,-5.019209290391125e-06
Xylella fastidiosa,-5.135559606572748e-06
Komagataeibacter xylinus,-5.146583796356019e-06
Saccharomonospora viridis,-5.1537165200121745e-06
Sanguibacter keddieii,-5.262245494908058e-06
Kineococcus radiotolerans,-5.287759099137368e-06
Bifidobacterium dentium,-5.308824055871852e-06
Rhodoluna lacicola,-5.349551641598005e-06
Desulfovibrio sp. G11,-5.385371563781938e-06
Halomicrobium mukohataei,-5.481767634263335e-06
Pseudomonas plecoglossicida,-5.495953132594877e-06
Corynebacterium frankenforstense,-5.54137052783954e-06
Alteromonas sp. RKMC-009,-5.619008175306028e-06
Micromonospora krabiensis,-5.6374722794405585e-06
Moorella thermoacetica,-5.642294029595263e-06
Edwardsiella hoshinae,-5.698187750491357e-06
Pseudomonas sp. bs2935,-5.706131816296533e-06
Pseudomonas azotoformans,-5.7072986788142545e-06
Brucella sp. 141012304,-5.741956168181517e-06
Corynebacterium resistens,-5.756164887782411e-06
Citrobacter freundii complex sp. CFNIH4,-5.848918171658113e-06
Nitrospirillum amazonense,-5.877250388053312e-06
Methylocystis bryophila,-5.9000151884314175e-06
Burkholderia gladioli,-5.940329420672797e-06
[Mycobacterium] stephanolepidis,-6.003379087160532e-06
Dehalobacter restrictus,-6.054550977263595e-06
Komagataeibacter medellinensis,-6.1282148429819825e-06
Streptomyces pratensis,-6.167803384959925e-06
Methanosaeta harundinacea,-6.246152128963622e-06
Sphaerobacter thermophilus,-6.3039890207061685e-06
Rhodobaca barguzinensis,-6.356797746165377e-06
Echinicola strongylocentroti,-6.430596402617894e-06
Polynucleobacter wuianus,-6.482476627245326e-06
Cohaesibacter sp. ES.047,-6.6183646086681595e-06
Hydrogenophaga crassostreae,-6.6352322898755036e-06
Salinisphaera sp. LB1,-6.711132743353332e-06
Actinomyces oris,-6.733236066036596e-06
Sphingobacterium sp. G1-14,-6.764909000422925e-06
Stappia sp. ES.058,-6.7680124305580234e-06
Microbacterium sp. PM5,-7.071819645032562e-06
Ketobacter alkanivorans,-7.15268744901909e-06
Bacteroides fragilis,-7.246314931785846e-06
Corynebacterium ureicelerivorans,-7.254309471904641e-06
Cronobacter muytjensii,-7.305636081245126e-06
Phytobacter sp. SCO41,-7.327098125076148e-06
Arenibacter algicola,-7.358086461950464e-06
Cyanobium gracile,-7.464400575352137e-06
Shewanella amazonensis,-7.768640428040819e-06
Pseudonocardia sp. EC080625-04,-7.81565179390764e-06
Desulfitobacterium dehalogenans,-7.841472175318388e-06
Aquabacterium olei,-7.874391718587503e-06
Corynebacterium lactis,-7.89667652667525e-06
Mobiluncus curtisii,-7.898320976718054e-06
Pajaroellobacter abortibovis,-7.922744324440068e-06
Pseudomonas chlororaphis,-7.987584406965454e-06
Paenibacillus lautus,-8.128948080177168e-06
Rhodococcus coprophilus,-8.417370908198052e-06
Tamlana sp. UJ94,-8.456378063148584e-06
Streptomyces sp. Z022,-8.697392016765449e-06
Cellvibrio sp. PSBB023,-9.114574242197194e-06
Paenibacillus naphthalenovorans,-9.393533975932122e-06
Haloarculaceae archaeon HArcel1,-9.642774706186685e-06
Micromonospora echinospora,-9.68673981827095e-06
Nitrospira japonica,-9.719157847265514e-06
Buchnera aphidicola,-9.819897811946809e-06
Anabaena sp. 90,-9.87278479671616e-06
Selenomonas sputigena,-1.0103462946786657e-05
Desulfofarcimen acetoxidans,-1.0299076946029828e-05
Pseudomonas sp. VLB120,-1.0606180278549538e-05
Pseudoalteromonas rubra,-1.0907128409853862e-05
Oligella urethralis,-1.1147723324334002e-05
Acinetobacter nosocomialis,-1.117341628205093e-05
Rhodovulum sp. P5,-1.146313140649724e-05
Acidovorax avenae,-1.1582000525400815e-05
Frondihabitans sp. 762G35,-1.1637487484783549e-05
Pelosinus sp. UFO1,-1.1778086163261037e-05
Nodularia spumigena,-1.192916615861961e-05
Haemophilus influenzae,-1.1990370076153667e-05
Cylindrospermum stagnale,-1.2086093530427888e-05
Endomicrobium proavitum,-1.2324956327036674e-05
Bradyrhizobium diazoefficiens,-1.2658312718283326e-05
Desulfohalobium retbaense,-1.2927754988867335e-05
Altererythrobacter namhicola,-1.3213501521569527e-05
Snodgrassella alvi,-1.3309667061367492e-05
Nocardioides sp. 603,-1.3650375925555736e-05
Streptomyces pristinaespiralis,-1.3664046078476489e-05
Rhizobium sp. Kim5,-1.3795032365759852e-05
Serratia sp. P2ACOL2,-1.3830086795962871e-05
Halomonas subglaciescola,-1.3920800179967329e-05
Neisseria zoodegmatis,-1.4111473559585974e-05
Bifidobacterium choerinum,-1.446660648731779e-05
Providencia stuartii,-1.4809424452888464e-05
Pantoea rwandensis,-1.6809943930118366e-05
Candidatus Saccharibacteria oral taxon TM7x,-1.7848290203348327e-05
Staphylococcus aureus,-1.8532679908744853e-05
Citrobacter braakii,-1.8935155761568012e-05
Francisella tularensis,-2.0315470660325907e-05
Pseudomonas sp. 7SR1,-2.095615791835037e-05
Streptomyces sp. SAT1,-2.256811527119318e-05
Aeromonas sp. ASNIH3,-2.3432641926657282e-05
Flexistipes sinusarabici,-2.3539693960961117e-05
Bacillus gobiensis,-2.5373769735437257e-05
Rhizobium phaseoli,-2.8710530196285335e-05
Xanthomonas vesicatoria,-3.027101747525851e-05
Sphingopyxis terrae,-3.115788711269829e-05
Chryseobacterium bernardetii,-4.145622195395049e-05
Pseudomonas psychrotolerans,-0.0001261304756005499
