feature,importance
Cupriavidus basilensis,0.03923048543039622
Pseudomonas sp. LAB-08,0.020434098654226473
Stenotrophomonas sp. MYb57,0.017804283726488124
Xanthomonas citri,0.016228844695101906
Pseudomonas reinekei,0.01526019537096095
Mesorhizobium amorphae,0.011886152408531192
Burkholderia sp. PAMC 26561,0.011282426823159764
Amycolatopsis sp. AA4,0.010429506282852042
Lactobacillus crispatus,0.010203979614017311
Streptomyces virus Sujidade,0.008232453081228597
Phyllobacterium zundukense,0.008000410181082395
Ralstonia pickettii,0.007995468791759696
Burkholderia sp. CCGE1002,0.00713409826630691
Pseudoxanthomonas spadix,0.006702683377295715
Paraburkholderia phymatum,0.006253049588895654
Aquitalea magnusonii,0.005803457902825393
Ensifer adhaerens,0.0054088741960306
Rhizobium phaseoli,0.005302384132100113
Bordetella parapertussis,0.005200672308421339
Agromyces sp. 30A,0.004972530256951569
Bordetella pertussis,0.004854503839048174
Modestobacter marinus,0.004498710405757711
Rhizobium sp. CIAT894,0.004318991330725041
Mesorhizobium sp. DCY119,0.004223213703651574
Stenotrophomonas sp. LM091,0.0042172136770655564
Pseudomonas sp. LTGT-11-2Z,0.004115727770533461
Dickeya sp. CSL RW240,0.004086923258105157
Pseudomonas kribbensis,0.003972287552347531
Mesorhizobium sp. WSM1497,0.0036879698557006346
Rhizobium gallicum,0.0035897802267334635
Bacteroides dorei,0.0035519795585010616
Stenotrophomonas maltophilia,0.0034557456182662703
Enterobacter sp. 638,0.0033665359632543356
Pseudomonas putida,0.0032958258644118833
Pseudomonas silesiensis,0.0031937606902201266
Niastella koreensis,0.0031912282857655683
Pseudomonas protegens,0.0031621398792246016
Sulfurihydrogenibium sp. YO3AOP1,0.0029990944281724553
Neisseria sp. 10022,0.0028921092110216094
Erwinia billingiae,0.00283869422273062
Mesorhizobium ciceri,0.00282096793154174
Pandoraea pulmonicola,0.002784473111991592
Pseudomonas sp. URMO17WK12:I11,0.002675581659411996
Sphingobacteriaceae bacterium GW460-11-11-14-LB5,0.002666043996648204
Elizabethkingia anophelis,0.0024530730939258836
chem__K (Mehlich 1 mg/kg dry weight),0.0024434169819733008
Stenotrophomonas rhizophila,0.002394332553612477
Paraburkholderia graminis,0.0023900506627095863
Streptomyces virus Lannister,0.002385873283795803
Mucilaginibacter sp. BJC16-A31,0.002334567964196066
Pandoraea faecigallinarum,0.00224640042963038
Streptomyces virus Caliburn,0.0021757963876975817
Lysobacter capsici,0.002165540056359316
Nocardia cyriacigeorgica,0.0021231625326254113
Nocardia nova,0.002059831640705623
Escherichia coli,0.0020135747028495075
Opitutus sp. GAS368,0.0020011588538095372
Cupriavidus pinatubonensis,0.002000535631675171
Rhizobium etli,0.0019222360435284358
Cronobacter dublinensis,0.0019060301148463132
Lacinutrix sp. Bg11-31,0.0018418250424500737
Rhizobium sp. NXC14,0.0018136617785336373
Pantoea agglomerans,0.0017069372231158565
Filimonas lacunae,0.001629815650457811
Serratia marcescens,0.0016180900976110913
Streptomyces virus Izzy,0.0015814515395488281
Edwardsiella piscicida,0.0015759966761969223
Stenotrophomonas sp. G4,0.0015431582755181638
Ralstonia insidiosa,0.0015334485064371073
Nocardia terpenica,0.0015318531342314757
Aeromonas veronii,0.0014752018518766619
Rhizobium phage 16-3,0.001438526114171479
Paraburkholderia terricola,0.001428858267539912
Pedobacter sp. eg,0.0013699744321598705
Agrobacterium rhizogenes,0.001351802996884599
Streptomyces virus Lika,0.001321253124154187
Pseudomonas sp. B10,0.0013150278332572985
Archangium gephyra,0.0013136984889818627
psize__Soil Silt Content %,0.0013056790310737698
Acetobacter pomorum,0.0012719832298408117
Streptomyces sp. TN58,0.0012536798434898966
Rhodanobacter denitrificans,0.0012409806567398763
Bradyrhizobium sp. WSM471,0.0012393680374041649
Sphingobium sp. RAC03,0.001228796746710481
Streptomyces sp. ADI95-16,0.0012176427033684378
Gillisia sp. Hel1_33_143,0.0012013089035542545
Rhizobium sp. Kim5,0.0011886127437924277
Streptomyces sp. CC0208,0.001187848631033206
Bdellovibrio exovorus,0.0011796468099505963
Pedobacter ginsengisoli,0.0011783971036768426
Chryseolinea sp. KIS68-18,0.0011615827179001005
Luteibacter rhizovicinus,0.0011614277128269678
Mucilaginibacter paludis,0.0011534506560306967
Paraburkholderia caribensis,0.0011483961795115238
Sphingomonas panacis,0.0011421277181480117
Klebsiella aerogenes,0.0011418086428641283
Alcanivorax borkumensis,0.001139973920261017
Pseudomonas mandelii,0.0011371537891085692
Pandoraea vervacti,0.0011222414716979268
Pseudomonas sp. Z003-0.4C(8344-21),0.0011115241031493417
Variovorax sp. HW608,0.0010963537410320079
Pseudomonas orientalis,0.001080126646366364
Actinoalloteichus sp. GBA129-24,0.0010747844933149731
Parabacteroides sp. CT06,0.0010680266712540742
Sphingobium hydrophobicum,0.001048835479202892
Runella sp. HYN0085,0.0010393101549947437
Xanthomonas euvesicatoria,0.0010308684360942565
Melittangium boletus,0.00102981204879784
Enterobacter asburiae,0.0010280880588314557
Pseudoflavitalea sp. 5GH32-13,0.0010244015654088834
Pseudomonas sp. DR 5-09,0.0009820481917224733
Pseudomonas chlororaphis,0.0009785651446749366
Pseudomonas vancouverensis,0.0009545351689710602
Flavobacterium sp. HYN0086,0.0009507864252559228
Burkholderia sp. CCGE1003,0.0009453509237742575
Mesorhizobium australicum,0.0009394841238032248
Micromonospora sp. L5,0.0009249270477347249
Pandoraea norimbergensis,0.0009026168622337183
Pseudomonas corrugata,0.0009005962361991138
Pseudomonas trivialis,0.0008966423229503695
Streptomyces virus Amela,0.0008953876137695937
Aeromonas sp. ASNIH1,0.0008919073915381271
Chromobacterium rhizoryzae,0.0008735125311027714
Halotalea alkalilenta,0.0008586869186197887
Rhizobium leguminosarum,0.0008553668415722582
Dyadobacter fermentans,0.0008521408165683475
Sphingomonas sp. FARSPH,0.0008521246229007406
Klebsiella pneumoniae,0.0008493930319055431
Kutzneria albida,0.0008211839347530114
Polaromonas sp. JS666,0.0008150541499109432
Mycolicibacterium fortuitum,0.0008129678540703012
soil_NO3,0.0008119938465990462
Pseudomonas sp. K2W31S-8,0.0008111158918280958
Pseudomonas sp. R4-39-08,0.0008024832438876528
Streptomyces katrae,0.0007852295794375852
Pseudomonas granadensis,0.0007814705053069248
Streptomyces globosus,0.0007766431714852917
Streptomyces lividans,0.0007676651417355407
Rufibacter sp. DG15C,0.0007625598885749208
Bartonella quintana,0.0007611916108424488
Agrobacterium fabrum,0.0007582902567077054
Myroides odoratus,0.0007567007441688478
Pantoea vagans,0.0007468349716275524
Verrucomicrobia bacterium,0.0007447634752209443
Streptomyces sp. Sge12,0.0007267770761630432
Streptomyces sp. fd1-xmd,0.0007218317175746502
Candidatus Pelagibacter sp. HIMB1321,0.000710242628859592
Paraburkholderia hospita,0.0007093119894882038
Amycolatopsis albispora,0.000709211514088115
Salmonella enterica,0.0007073736952605935
Kosakonia cowanii,0.0007048111632707244
Bordetella trematum,0.0007035112824704814
Bordetella genomosp. 9,0.0006975493795735366
Hymenobacter sp. PAMC 26554,0.0006964063561162526
Paenibacillus mucilaginosus,0.0006917205483568667
Pseudomonas plecoglossicida,0.0006897559217882599
Pluralibacter gergoviae,0.0006822986243117058
Burkholderia sp. PAMC 28687,0.0006815802750826716
Winogradskyella sp. J14-2,0.000674041597424857
Mycobacterium sp. VKM Ac-1817D,0.0006648134834831953
Streptomyces sp. RTd22,0.0006597529755676846
Burkholderia pseudomultivorans,0.0006589381106502312
Solimonas sp. K1W22B-7,0.0006572625148787648
Burkholderia seminalis,0.0006537897064679444
Bordetella hinzii,0.0006497524687119283
Collimonas arenae,0.0006490081555783567
Pseudomonas sp. TKP,0.0006453942933703827
Streptomyces nigra,0.0006411398243198363
Streptomyces phage Nanodon,0.0006346399751147702
Aeromonas sp. ASNIH4,0.0006295212505493142
Corallococcus coralloides,0.0006271025940679742
Pandoraea sputorum,0.0006201937238598853
Stenotrophomonas sp. Pemsol,0.0006159393376124145
Massilia putida,0.0006159010567134305
Burkholderia insecticola,0.0006149033672389282
Rhizobium jaguaris,0.000613708945191882
Mucilaginibacter mallensis,0.0006118302525524255
Enterobacteriaceae bacterium ENNIH1,0.0006105665212939648
Cupriavidus metallidurans,0.0006020975921161798
Nocardia sp. CFHS0054,0.0005995470976356998
Aminobacter sp. MSH1,0.0005980087565564673
Arthrobacter sp. U41,0.0005924376664357522
Mesorhizobium opportunistum,0.000592394568547494
Mycobacterium tuberculosis,0.000592126445638641
Cutibacterium acnes,0.0005888796331667389
Burkholderia cenocepacia,0.0005871730059074043
Pacmanvirus A23,0.0005829608392416308
Dickeya chrysanthemi,0.0005818951949352336
Rhizobium sp. CCGE531,0.000571226293039051
soil_total_C,0.000566245520266917
Rhodoferax saidenbachensis,0.0005660091400790269
Collimonas fungivorans,0.0005655365158809156
Chryseobacterium arthrosphaerae,0.0005636913376751762
Acidovorax sp. 1608163,0.0005612508318333376
Acinetobacter calcoaceticus,0.0005609508575989298
Streptomyces lavendulae,0.0005597396771123808
Serratia proteamaculans,0.0005574012770134473
Pseudomonas extremorientalis,0.0005519483760421107
Pseudomonas syringae,0.000548190687132144
Solitalea canadensis,0.0005456940729849479
Novosphingobium sp. P6W,0.0005447857601586836
Dechloromonas aromatica,0.0005422963304870132
Comamonas testosteroni,0.0005346448193854991
Bacillus sp. Y-01,0.000525916733938403
Clostridium botulinum,0.0005216467276674575
Flavobacterium anhuiense,0.0005210504564059804
Pseudomonas oryzae,0.0005196221575017202
Paraburkholderia phenoliruptrix,0.0005165530636136451
Bradyrhizobium icense,0.0005165466586371625
Streptomyces scabiei,0.0005139610615758405
Cupriavidus pauculus,0.0005131136338928366
Agrobacterium tumefaciens,0.0005015301389607707
Cytophaga hutchinsonii,0.0005012682834588222
Pandoraea apista,0.0004988563176903327
Microcella alkaliphila,0.0004948499106462334
Sphingobium sp. YG1,0.0004936959702299904
Caulobacter henricii,0.0004911808251218952
Azotobacter chroococcum,0.0004909421102509137
Variovorax boronicumulans,0.0004907774414368404
Rhodococcus sp. 2G,0.0004899021268290671
Streptomyces sp. 3211,0.0004890871131844499
Achromobacter spanius,0.0004874426317361236
Micromonospora purpureochromogenes,0.0004874296871528738
Brevundimonas vesicularis,0.0004845650190913986
Mucilaginibacter gotjawali,0.00047215842573018475
Agromyces flavus,0.0004700472428661007
Paenibacillus graminis,0.0004691758129337975
Raoultella ornithinolytica,0.0004686061888767412
Pseudomonas veronii,0.00046839295853529084
Opitutus terrae,0.0004641374353978378
Alcanivorax pacificus,0.00046277934042811
Streptomyces griseorubiginosus,0.0004572405640959065
Variovorax paradoxus,0.00044985074960628423
Streptomyces koyangensis,0.00044418045363368017
Sphingomonas melonis,0.00044346927082037355
Rhizobium favelukesii,0.00044296735407569623
Sphingobium yanoikuyae,0.0004420579999999452
Chryseobacterium indoltheticum,0.00044087963870744764
Burkholderia plantarii,0.00043941542372962774
chem__Mn (Mehlich 1 mg/kg dry weight),0.0004394030622892009
Citrobacter freundii,0.000437701175729277
Tatumella citrea,0.0004314846148414153
Verrucomicrobia bacterium IMCC26134,0.0004305726437609181
Rahnella aquatilis,0.0004300332942321683
Streptomyces sp. 769,0.00042823711513233497
Bacillus amyloliquefaciens,0.0004249535811078786
Aquimarina sp. AD1,0.0004246077338881271
Streptomyces phage phiHau3,0.0004229150874519139
Streptomyces venezuelae,0.00042205131587831347
Pectobacterium carotovorum,0.0004205520760584003
Pseudomonas guangdongensis,0.0004186603109778364
Streptomyces sp. 4F,0.0004177764235991477
Dyella thiooxydans,0.0004164662951720022
Paenibacillus sp. FSL R5-0912,0.00041630315912357665
Chryseobacterium indologenes,0.00041584168252579713
Streptomyces avermitilis,0.00041474214235988073
Paraburkholderia aromaticivorans,0.0004102425719069602
Cupriavidus sp. USMAHM13,0.0004087631041982176
Citrobacter koseri,0.00040571435437966044
Homo sapiens,0.00040298703131378397
Xanthomonas albilineans,0.0004002076841309821
Chryseobacterium camelliae,0.0003989553265312251
Tenacibaculum mesophilum,0.0003985220256454092
chem__Zn (Mehlich 1 mg/kg dry weight),0.00039401667083796
Pseudomonas synxantha,0.000391262474807208
Stenotrophomonas acidaminiphila,0.00039075628030094123
Streptomyces ambofaciens,0.00038986196869270626
Chryseobacterium nakagawai,0.00038792681440826817
Bacteroides caccae,0.0003820168742010077
Pseudomonas palleroniana,0.0003800685571018203
Actinoplanes teichomyceticus,0.00037916608363202097
Microvirgula aerodenitrificans,0.0003768485593567794
Xanthomonas cassavae,0.0003728153947730517
Ochrobactrum anthropi,0.0003716280022926899
Burkholderia sp. CCGE1001,0.0003682809540365373
Sinorhizobium meliloti,0.00036818176439459285
Pseudomonas azotoformans,0.0003666352158580466
Hymenobacter sedentarius,0.00036016345287122055
Sphingomonas taxi,0.0003587239636795747
Micromonospora echinofusca,0.0003580514461456907
Citrobacter freundii complex sp. CFNIH3,0.0003570736724372248
Anabaena sp. 90,0.00035653792105789784
Rhizobium sp. N324,0.00035462144241051876
Kibdelosporangium phytohabitans,0.0003511059371028802
Pelagibacterium halotolerans,0.0003490643393318837
Geodermatophilus obscurus,0.0003488933673783112
Streptomyces virus R4,0.0003477684670772918
Streptomyces spongiicola,0.00034761052705392095
Streptomyces phage phiSASD1,0.00034214422453677785
nitrif__Rate (mg NO3-N/kilogram dry weight soil/day),0.0003369939372350972
Ereboglobus luteus,0.00033603890220250675
Comamonas kerstersii,0.0003354046839282532
Aeromonas salmonicida,0.0003352381395981263
Nitrosomonas eutropha,0.0003351835962595695
Burkholderia contaminans,0.00033507638759988634
Kosakonia radicincitans,0.0003316458649886167
Bordetella flabilis,0.0003308502235166433
Streptomyces sp. ETH9427,0.0003300532088478025
Caulobacteraceae bacterium OTSz_A_272,0.0003297496759909535
Clostridium beijerinckii,0.00032895499345442225
Oxalobacter formigenes,0.00032747491634783633
Herminiimonas arsenitoxidans,0.0003263041496347929
Streptomyces sp. CCM_MD2014,0.00032566157715181455
Catenulispora acidiphila,0.00032522587711334425
Microlunatus soli,0.00032491123857489865
Lacunisphaera limnophila,0.00032409752280038173
Serratia ficaria,0.0003238400528301932
Pseudomonas umsongensis,0.0003231353219670163
Lysobacter sp. TY2-98,0.0003225249670321784
Anderseniella sp. Alg231-50,0.00032199756538391354
Nitrosospira briensis,0.0003211418841143843
Raoultella planticola,0.0003203553320476393
Curtobacterium sp. BH-2-1-1,0.0003197662150309144
Microvirga sp. 17 mud 1-3,0.00031934250290732713
Streptomyces albulus,0.0003185845155664779
Paraburkholderia sprentiae,0.0003183673602621173
Prevotella intermedia,0.00031781179114893644
Blastococcus saxobsidens,0.0003171488464041916
Polynucleobacter difficilis,0.00031440264763762384
Xanthomonas hortorum,0.000314227118572874
Enterobacter cloacae complex sp.,0.00031308516082217963
Pseudomonas sp. Lz4W,0.00030903823390129317
Herbaspirillum seropedicae,0.0003082276174665166
Pedobacter steynii,0.0003076275236916004
Micromonospora echinaurantiaca,0.0003070686278150214
chem__LBCeq (mg/kg CaCO3/pH dry weight),0.0003064637246857016
Enterobacter hormaechei,0.00030415437038697755
Nitrosospira lacus,0.0003019685815339068
Neomicrococcus aestuarii,0.0003010487861229816
Streptomyces virus Zemlya,0.00029854300180502945
psize__Soil Sand Content %,0.0002985131242141392
Planococcus antarcticus,0.0002982886895743331
Amycolatopsis mediterranei,0.00029807939372663574
Gemmata sp. SH-PL17,0.0002975628277603892
Burkholderia pseudomallei,0.0002974901611522363
Burkholderia sp. NRF60-BP8,0.00029669343876650436
Chryseobacterium bernardetii,0.00029514152298069083
Finegoldia magna,0.00029483892376844787
Lysobacter maris,0.00029453372105219254
Serratia sp. FGI94,0.0002935979008768186
Rhodococcus aetherivorans,0.00029334517992507525
Ochrobactrum sp. A44,0.0002916354878406358
Enterobacter sp. FY-07,0.0002878981736364805
Devosia sp. A16,0.0002872518395305557
Pedobacter sp. G11,0.00028645277965202445
Mycobacterium sp. EPa45,0.00028588255183572555
Paenibacillus sp. BIHB4019,0.0002858494001295009
Pseudomonas sp. StFLB209,0.00028527197701293526
Pedobacter heparinus,0.0002834696964304051
Pedobacter sp. PACM 27299,0.0002799842662124075
Tropheryma whipplei,0.00027866065384078985
Natronomonas moolapensis,0.00027744549054979916
Mitsuaria sp. 7,0.0002766806778297548
Citrobacter rodentium,0.0002765792739333861
Janthinobacterium agaricidamnosum,0.0002762195415522806
Bacillus megaterium,0.0002761001274150576
Serratia plymuthica,0.00027418433578703106
Arthrobacter sp. FB24,0.0002739783233655313
Paenibacillus sabinae,0.0002734867003257646
Jannaschia sp. CCS1,0.00027335079273687056
Erythrobacter sp. HL-111,0.00027173347282680724
Rhizobium sp. 11515TR,0.0002702342681275116
Pseudomonas prosekii,0.000269361115961253
Neorhizobium galegae,0.00026908827824307925
Marinithermus hydrothermalis,0.00026782179255722125
Mycolicibacterium litorale,0.0002668041296028711
Pseudomonas sp. FDAARGOS_380,0.00026441059786141974
Marinobacter salarius,0.0002636300252460089
Brevundimonas sp. LM2,0.0002624683703824626
Streptomyces sp. 11-1-2,0.00026233704602358633
Bosea sp. RAC05,0.00026229226340048763
moist__Replicate 1 Mass Water / Mass Dry Soil %,0.00026189906708637964
Bradyrhizobium sp.,0.0002618704493803969
Paraburkholderia caffeinilytica,0.00026126642616219886
Streptomyces albus,0.0002604870645832813
Blastomonas fulva,0.0002601554296370212
Streptomyces griseochromogenes,0.0002600666048253375
Gordonia phage GMA4,0.00025972447845981075
Bacillus velezensis,0.0002595606674270945
Streptomyces cattleya,0.00025949417176984735
Maribacter sp. HTCC2170,0.00025763657752808644
Bacillus sp. 1NLA3E,0.0002560662126826596
Betaproteobacteria bacterium GR16-43,0.00025594712728833625
Bordetella sp. H567,0.00025528057586332586
Burkholderia sp. RPE67,0.0002549202969989839
Streptacidiphilus sp. DSM 106435,0.0002537572680342048
Sulfuricaulis limicola,0.00025239192269244093
Kitasatospora aureofaciens,0.0002516971752417163
Candidatus Nitrosopelagicus brevis,0.00025109961390243905
Citrobacter amalonaticus,0.00025088055205151337
Gibbsiella quercinecans,0.0002478337228227323
Burkholderia sp. HB1,0.00024780700263427047
Nitrobacter hamburgensis,0.0002465926357624104
Pelosinus sp. UFO1,0.0002462577210789574
Streptomyces sp. Tue 6075,0.0002461693940603471
Paraburkholderia sp. SOS3,0.00024600635754865594
Bacillus licheniformis,0.0002454731195416393
Vibrio gazogenes,0.00024545473585655395
Streptomyces sp. CMB-StM0423,0.0002452529960467631
Fibrella sp. ES10-3-2-2,0.0002437752009285976
Sphingobium japonicum,0.00024307880182588003
Cronobacter universalis,0.00024169212066993406
Sedimentisphaera salicampi,0.00024104346028683832
Chromatiaceae bacterium 2141T.STBD.0c.01a,0.00023974044157242246
Isoptericola variabilis,0.00023965235208620595
Streptomyces lincolnensis,0.00023883812850895582
Arthrobacter alpinus,0.00023810295701054418
Mycobacterium sp. PYR15,0.0002375785685975851
Pseudomonas sp. A214,0.0002371962219106294
Neisseria gonorrhoeae,0.00023705217386191802
Streptomyces lydicus,0.00023509858178965003
Azospirillum sp. CFH 70021,0.0002342583650537966
Idiomarina sp. OT37-5b,0.00023424392806330462
Clostridium kluyveri,0.0002336624877061544
Paenibacillus polymyxa,0.0002332565314678181
Sphingobacterium mizutaii,0.0002331024977005658
Rahnella sp. ERMR1:05,0.0002324538924564523
Sphingomonas sp. NIC1,0.00023112109247052092
Paraburkholderia caledonica,0.00023106617755463965
Pseudomonas thivervalensis,0.00023018780572632292
Chryseobacterium shandongense,0.00023014688073463851
Xanthomonas translucens,0.00022927851690168755
Comamonas thiooxydans,0.00022927769965672696
Pseudoxanthomonas suwonensis,0.0002290169889620497
Pseudomonas sp. SWI44,0.0002285973447277767
Euzebya sp. DY32-46,0.00022788188906357475
Myxococcus xanthus,0.0002274699121404433
Saccharopolyspora erythraea,0.00022733896481348382
Geobacter sulfurreducens,0.00022696821380778774
Mycolicibacterium phlei,0.00022680257684917215
Altererythrobacter sp. ZODW24,0.00022431870076620176
Mycobacterium marinum,0.0002241658639753119
Paenibacillus sp. IHBB 10380,0.00022350505089261397
Streptomyces cyaneogriseus,0.00022325647850818253
Nitrospira japonica,0.00022313596936403003
Klebsiella oxytoca,0.00022202874987820032
Pseudomonas moraviensis,0.00022182399510632943
Mycolicibacterium gilvum,0.0002217481327944526
Achromobacter sp. MFA1 R4,0.00022127354065888395
Saccharothrix espanaensis,0.00022111642713527058
Bradyrhizobium sp. ORS 278,0.00022021911787177827
Bordetella bronchialis,0.0002191731740357028
Rothia mucilaginosa,0.0002191639672778356
Clostridium ljungdahlii,0.00021875719702055819
Comamonas aquatica,0.00021841203176347078
Streptomyces nodosus,0.00021745930995002992
Sphingobium sp. TKS,0.0002173239527579973
Streptomyces atratus,0.00021710809733457292
Terriglobus saanensis,0.0002163976977617832
Luteimonas sp. 83-4,0.0002156083569039291
Hafnia alvei,0.00021535925171243254
Hydrogenophaga sp. RAC07,0.000215139943961562
Clostridioides difficile,0.0002143207457266483
Achromobacter sp. B7,0.00021387747703736082
Azospirillum thiophilum,0.00021346501545631557
Streptomyces leeuwenhoekii,0.00021251625410543263
Streptomyces sp. Z022,0.00021202755928888538
Legionella fallonii,0.0002119084359778256
Rhodococcus sp. BH4,0.00021097446174387358
Streptomyces sp. Tu6071,0.00021062790382364582
Pseudomonas sp. 31-12,0.00020992491385085632
Paracoccus sp. CBA4604,0.0002099028033898165
Cronobacter malonaticus,0.00020805203934135542
Gramella salexigens,0.00020763109069539266
Chryseobacterium carnipullorum,0.0002061669367354968
Bradyrhizobium sp. 2 39S1MB,0.0002051596042973003
Pseudomonas cichorii,0.0002032603594077642
Sphingomonas wittichii,0.00020316492869174586
Streptomyces collinus,0.00020242986621670233
Pseudomonas sabulinigri,0.00020226826414664333
Pseudomonas sp. R2-60-08W,0.00020210151128379205
Leclercia adecarboxylata,0.00020088706671739232
Polaribacter sp. ALD11,0.00020061384382634716
Wenzhouxiangella marina,0.0002001666669432689
Acetobacter aceti,0.00020015899513980973
Bacillus filamentosus,0.00019991590125483237
Amycolatopsis orientalis,0.00019973673290063498
Spirosoma pollinicola,0.000199073247700432
Celeribacter indicus,0.00019897185687642872
Sphingopyxis granuli,0.0001989496478145947
Burkholderia gladioli,0.00019008047634510027
Actinopolymorpha singaporensis,0.00018956972429093888
Devosia sp. H5989,0.0001894259928492792
Xanthomonas vesicatoria,0.0001881498695361028
Chryseobacterium carnis,0.00018813350954465234
Rhizobium sp. S41,0.00018764398475461518
Sphingopyxis sp. WS5A3p,0.0001866664116953576
Aminobacter aminovorans,0.00018625609219702355
Oligotropha carboxidovorans,0.000185638828913115
Lactococcus lactis,0.0001856151826850283
Ruegeria pomeroyi,0.0001855425985906489
Clostridium saccharoperbutylacetonicum,0.00018509928785142015
Streptomyces actuosus,0.0001833353677882066
Amycolatopsis methanolica,0.00018312525440993265
Streptomyces rubrolavendulae,0.0001814214135032577
Streptomyces hundungensis,0.0001811893068953241
Streptomyces olivoreticuli,0.00018071576524760768
Azoarcus communis,0.000180522692205054
Luteimonas sp. JM171,0.00018037101538892486
Streptomyces sp. SCSIO 03032,0.0001799503385014667
Azospirillum sp. TSH58,0.00017991710468876488
Stenotrophomonas sp. ZAC14A_NAIMI4_1,0.0001798827436817252
Streptomyces sp. HNM0039,0.00017955616068083825
Bifidobacterium bifidum,0.00017892440554037047
Clostridium taeniosporum,0.00017826504756153217
Streptomyces sp. CNQ-509,0.00017804245386321416
Rhizobacter gummiphilus,0.00017765030583116737
Mycolicibacterium vaccae,0.00017750129000899674
Pantoea sp. PSNIH1,0.00017728378366510533
Sphingobium cloacae,0.00017687822433813948
Pseudomonas simiae,0.0001767668306280834
Lentzea guizhouensis,0.00017663382446839738
Enterobacter ludwigii,0.0001766292208108755
Streptomyces sviceus,0.0001757472984235564
Pseudomonas knackmussii,0.0001752995607623875
Verrucosispora maris,0.00017457184937570426
Escherichia fergusonii,0.00017424782830881557
Xanthomonas vasicola,0.00017420271046695302
Dyella jiangningensis,0.000173545142303011
Pseudomonas sp. s211(2017),0.00017313628063744257
Burkholderia sp. YI23,0.0001726936700324533
Streptomyces pluripotens,0.00017185213871424577
Clostridium saccharobutylicum,0.00017177824552190303
Streptomyces bacillaris,0.00017170665156136523
Micromonospora rifamycinica,0.0001710935920407941
Acinetobacter baumannii,0.00017062441554660523
Streptomyces fungicidicus,0.0001706194880565226
Geobacter sp. M18,0.00017046554502571088
Streptomyces pactum,0.000170356299147989
Lonsdalea britannica,0.00016905713279073974
Alteromonas sp. RKMC-009,0.00016823988092105058
Bdellovibrio bacteriovorus,0.00016795409860801414
Halomonas sp. A3H3,0.00016760752970725878
Hymenobacter nivis,0.00016624175294068788
Chondromyces crocatus,0.00016596950806373466
Oceanithermus profundus,0.00016572864516826158
Enterobacter cancerogenus,0.00016551242243882934
Streptomyces lunaelactis,0.00016530351270576115
Massilia oculi,0.0001651112846179137
Sphingomonas sp. LK11,0.00016490241216220446
Steroidobacter denitrificans,0.00016343065812236547
Pseudomonas sp. LTJR-52,0.0001632708609209166
Pseudomonas sp. 02C 26,0.00016293078728746302
Sinorhizobium fredii,0.00016282980563471218
Aeromonas sp. ASNIH3,0.00016231224969971426
Agromyces aureus,0.00016191359427377705
Enterobacteriaceae bacterium strain FGI 57,0.00016184937117060815
Desulfurispirillum indicum,0.0001613388288325357
Pseudomonas alkylphenolica,0.00016117352741082947
Pseudomonas sp. NC02,0.00016031869506811792
Streptomyces hygroscopicus,0.0001595389478813658
Streptomyces sp. ZFG47,0.0001594704031262051
Streptomyces sp. WAC00288,0.0001591926601220095
Edwardsiella tarda,0.00015910287429166114
Lysobacter antibioticus,0.0001579593834923898
Chryseobacterium glaciei,0.00015738097433022348
Phytobacter sp. SCO41,0.00015693011355952802
Trichodesmium erythraeum,0.00015644297141872431
Frankia casuarinae,0.00015616299496765685
Corynebacterium striatum,0.00015556207317339864
Neorhizobium sp. NCHU2750,0.00015556184793401594
Cellulophaga lytica,0.00015497832500408482
Agrococcus jejuensis,0.00015473709257909362
Acidobacteriaceae bacterium SBC82,0.00015416703997013227
Streptomyces sp. SAT1,0.0001537420576354087
Cronobacter condimenti,0.00015292749337179057
Methylobacterium sp. C1,0.00015285860377642902
Bacillus cereus,0.0001522877501486164
Pseudonocardia sp. HH130630-07,0.00015218548718909375
Pelobacter acetylenicus,0.00015217899017625492
Paraburkholderia xenovorans,0.00015217862526843983
Pseudomonas sp. S-6-2,0.0001520033294287293
Thermus thermophilus,0.00015187975955770482
Streptomyces reticuli,0.00015168227044255468
Burkholderia sp. JP2-270,0.00015152682847994204
Methylobacterium sp. 4-46,0.00015144400783837498
Crenobacter sp. K1W11S-77,0.00015142613259220284
Spiribacter salinus,0.0001512146520630031
Verminephrobacter eiseniae,0.00014830742762035333
Arthrobacter sp. PGP41,0.00014819115946127504
blood disease bacterium A2-HR MARDI,0.00014817659474588573
Altererythrobacter dongtanensis,0.00014801002123496776
Erythrobacter litoralis,0.00014790132962714254
Streptomyces sp. CdTB01,0.00014716286146516656
Lysobacter enzymogenes,0.00014715268357268219
Christensenella minuta,0.00014687821205252582
Streptosporangium roseum,0.00014678005700106134
Cupriavidus gilardii,0.00014640675059740538
Citrobacter farmeri,0.00014628398739189308
Rubrivivax gelatinosus,0.00014551080790139447
Methylobacterium sp. 17Sr1-1,0.00014481247559867684
Paracoccus zhejiangensis,0.00014434688490709834
Actinomadura amylolytica,0.00014221616947669436
Streptomyces sp. M56,0.00014180729596313668
Aeromicrobium erythreum,0.0001417872707179635
Streptomyces glaucescens,0.00014159106315927427
Marinomonas primoryensis,0.00014115832259284922
Sphingobacterium sp. ML3W,0.00014115179871512228
Nitratireductor basaltis,0.00014090080983333308
Bradyrhizobium sp. S23321,0.00014088688331903576
Gynuella sunshinyii,0.00014066189568091582
[Eubacterium] rectale,0.00014013332813587188
Paraburkholderia phytofirmans,0.0001397814889337212
Mycobacterium paragordonae,0.00013885122331727117
Arthrobacter sp. PAMC 25486,0.00013884607860985553
Actinomyces sp. Z16,0.00013878074952127227
Sphingomonas hengshuiensis,0.00013846561556136728
Arthrobacter sp. ATCC 21022,0.00013752536083724287
Pseudomonas sp. 09C 129,0.00013731823569895774
Xanthomonas perforans,0.00013701956105272028
Bacillus foraminis,0.0001367774611758854
Chryseobacterium balustinum,0.0001366989340436442
Streptomyces sp. GSSD-12,0.00013660951603537973
Pandoraea thiooxydans,0.0001362374280925893
Sphingobium sp. EP60837,0.00013570103512137167
Kosakonia oryzae,0.00013521048018927395
Aquabacterium olei,0.00013513523106429838
Pseudomonas brassicacearum,0.00013458315210570503
Pseudolabrys taiwanensis,0.00013452153864046412
Pseudomonas sp. LBUM920,0.00013441094587376412
Frateuria aurantia,0.00013440512035109987
Yersinia aleksiciae,0.00013354382950190314
Microbulbifer thermotolerans,0.00013339344473248805
Pseudomonas monteilii,0.00013276737836607211
Salinicola tamaricis,0.0001319658390294798
chem__Mg (Mehlich 1 mg/kg dry weight),0.00013178015929729003
Rhodococcus fascians,0.00013036249076148199
Gordonia sp. 1D,0.00013018678334437707
Bordetella pseudohinzii,0.00012964632984571178
Streptomyces davaonensis,0.00012902530455287663
Acidovorax cattleyae,0.00012897281524621996
Massilia sp. WG5,0.00012887189237364982
Pseudomonas psychrophila,0.0001287762118260094
Bordetella bronchiseptica,0.00012865598017173241
Bacillus sonorensis,0.00012831202196785795
Neoasaia chiangmaiensis,0.00012798645020863919
Limnochorda pilosa,0.0001277451747535574
Capnocytophaga ochracea,0.00012770456863291367
Actinoalloteichus sp. ADI127-7,0.00012765147176896363
Stenotrophomonas sp. YAU14D1_LEIMI4_1,0.00012631957951130256
Pseudomonas extremaustralis,0.00012491119813515806
Microlunatus phosphovorus,0.00012481890358573278
Tumebacillus avium,0.00012346770659992233
Phytobacter ursingii,0.00012297303854611475
Mycolicibacter sinensis,0.00012186945656462722
Erwinia tasmaniensis,0.00012172264505982966
Bacillus sp. Y1,0.00012137205758524505
Halomonas subglaciescola,0.00012135487195008565
Gemmata obscuriglobus,0.00012110607674074015
Pseudomonas entomophila,0.00012087998281311574
Rubrobacter xylanophilus,0.0001201837961942953
Acidovorax sp. JS42,0.00011936273629822302
Nostoc sp. 'Peltigera membranacea cyanobiont' N6,0.00011898404689265618
Thioalkalivibrio versutus,0.00011862588473716684
Pseudomonas fluorescens,0.00011846844070717566
Actinobacteria bacterium IMCC26256,0.00011801568819744813
Opitutaceae bacterium TAV5,0.00011653090202743411
Sphingobium herbicidovorans,0.00011620305756576688
Mycobacterium sp. WY10,0.00011615379441105577
Hoyosella subflava,0.00011615177378629938
Pseudonocardia dioxanivorans,0.00011600958221611447
Ralstonia solanacearum,0.00011583259768632725
Stenotrophomonas sp. SAU14A_NAIMI4_8,0.00011510203999898216
Desulfomicrobium orale,0.00011448635026460874
Nocardioides sp. CF8,0.00011447587318307307
Flavobacterium johnsoniae,0.00011445457009571225
Komagataeibacter xylinus,0.00011427671815344986
Candidatus Protochlamydia amoebophila,0.0001140451566542966
Methylocystis rosea,0.00011387551319530509
Pseudomonas sp. UW4,0.00011378728681137318
Thiomonas sp. X19,0.00011312345490099851
Kitasatospora setae,0.00011267697992165538
Riemerella anatipestifer,0.00011265983513755184
Myxococcus stipitatus,0.00011260164763768899
Mucilaginibacter sp. PAMC 26640,0.00011218446526657377
Paenarthrobacter aurescens,0.00011206947108959309
Seonamhaeicola sp. S2-3,0.00011183413774975559
Roseomonas gilardii,0.00011138661965826024
Pseudonocardia sp. AL041005-10,0.0001111634856246102
Burkholderia phage KS14,0.00011079037648753509
Libanicoccus massiliensis,0.00011042311926074966
Herbaspirillum sp. meg3,0.00011023242823371415
Pseudoclostridium thermosuccinogenes,0.00010998066796912287
Streptomyces violaceoruber,0.00010994819308540738
Thermoanaerobacterium sp. RBIITD,0.00010976370295678883
Saccharomonospora marina,0.00010950366348054797
Clostridium perfringens,0.00010876606542702394
Micromonospora echinospora,0.00010846531934443071
Corynebacterium lactis,0.00010843126111663715
Jeongeupia sp. USM3,0.0001080729911021372
Pseudomonas tolaasii,0.00010797091158611937
Spongiibacter sp. IMCC21906,0.00010621017548266831
Streptomyces dengpaensis,0.00010605629941122796
Enterobacter bugandensis,0.00010598665736119006
Streptomyces virus phiC31,0.0001047302194034705
Buttiauxella sp. 3AFRM03,0.00010437530560931662
denit__Rate (microgN/kilogram dry weight soil/day),0.00010419932059571035
Tenacibaculum jejuense,0.00010418850694688952
Luteitalea pratensis,0.00010376850154323325
Citrobacter braakii,0.00010331675420258702
Paenibacillus lautus,0.00010289618500896048
Anaeromyxobacter sp. Fw109-5,0.00010235514094585341
Burkholderiales bacterium GJ-E10,0.00010207207646011352
Streptomyces xiamenensis,0.00010115187190020691
Streptomyces sp. CB09001,0.00010099076334866287
Flavobacterium sp. HYN0056,0.0001007088251481436
Alloactinosynnema sp. L-07,0.00010058784753104177
Listeria monocytogenes,9.928481792782495e-05
Nonomuraea sp. ATCC 55076,9.853767115304279e-05
Ottowia oryzae,9.835627844658745e-05
Serratia liquefaciens,9.817387044552817e-05
Terriglobus roseus,9.814759976998211e-05
Nakamurella multipartita,9.814581837492841e-05
Myxococcus hansupus,9.81372697735683e-05
Xanthomonas arboricola,9.68031206442177e-05
Granulicella mallensis,9.616144396353831e-05
Kytococcus sedentarius,9.610213243156362e-05
Actinomyces hongkongensis,9.609348312187294e-05
Rhizobium tropici,9.556863552160345e-05
Rhizobium sp. Y9,9.479532312235417e-05
Spirosoma radiotolerans,9.467985858526706e-05
Bacillus thuringiensis,9.43951902459661e-05
Allokutzneria albata,9.429129414626481e-05
Pseudomonas sp. MRSN12121,9.414976609194437e-05
Chryseobacterium taklimakanense,9.396662171332615e-05
Paracoccus aminophilus,9.372764345418893e-05
Pseudomonas arsenicoxydans,9.305409575512957e-05
Streptomyces peucetius,9.297774813343818e-05
Moraxellaceae bacterium HYN0046,9.266792774000887e-05
Serratia sp. P2ACOL2,9.154180509487463e-05
Hyphomicrobium denitrificans,9.146067029592863e-05
Mucilaginibacter sp. HYN0043,9.131854423640728e-05
Novosphingobium resinovorum,9.105297135172385e-05
Marmoricola scoriae,8.99442555726937e-05
Streptomyces noursei,8.963725912876086e-05
Paraburkholderia fungorum,8.942559909979053e-05
Streptomyces alboflavus,8.90650271293314e-05
Gordonia sp. YC-JH1,8.89317202605211e-05
Xanthomonas campestris,8.837233997001092e-05
Magnetospirillum gryphiswaldense,8.814286121052727e-05
Alcanivorax sp. N3-2A,8.809884896163745e-05
Verrucomicrobium sp. GAS474,8.807826766199511e-05
Streptomyces sp. 2323.1,8.776580447802384e-05
Acinetobacter sp. ADP1,8.756855973777178e-05
Methylorubrum extorquens,8.754848411935967e-05
Mesorhizobium oceanicum,8.748088763681494e-05
Streptomyces xinghaiensis,8.740357622540884e-05
Phaeobacter sp. LSS9,8.715889776869101e-05
Streptomyces anulatus,8.695455306149125e-05
Microbacterium testaceum,8.688824895255464e-05
Mycobacteroides saopaulense,8.672808994787395e-05
Paenibacillus swuensis,8.670009828510849e-05
Klebsiella michiganensis,8.596403011178478e-05
Prosthecochloris sp. CIB 2401,8.555469751745371e-05
Azospirillum lipoferum,8.545661204957255e-05
Paenibacillus glucanolyticus,8.544368171230499e-05
Hyphomicrobium sp. MC1,8.539138245207134e-05
Blastochloris viridis,8.526283285403835e-05
Sphingomonas indica,8.49295280516138e-05
Pragia fontium,8.482833929643885e-05
Mycolicibacterium chubuense,8.475454350445055e-05
Bacillus horikoshii,8.468346463239574e-05
Pseudomonas viridiflava,8.4467649095199e-05
Rhizobium sp. TAL182,8.386196257392786e-05
Limnohabitans sp. 63ED37-2,8.34405561638052e-05
Streptomyces sp. NEAU-S7GS2,8.311566225194245e-05
Agrobacterium sp. RAC06,8.2520371198469e-05
Olsenella umbonata,8.245368668382546e-05
Streptomyces albireticuli,8.216818304309647e-05
Micropruina glycogenica,8.214542058877505e-05
Burkholderiales bacterium JOSHI_001,8.213935922560812e-05
Arachidicoccus sp. KIS59-12,8.191407671875872e-05
Microbacterium pygmaeum,8.178092889121746e-05
Mycolicibacterium hassiacum,8.177799349651238e-05
Cryptobacterium curtum,8.174873067843258e-05
Paenibacillus sp. JDR-2,8.140241095122569e-05
Ectothiorhodospira sp. BSL-9,8.126526881553353e-05
Stappia sp. ES.058,8.112582359802723e-05
Kocuria sp. BT304,8.073368600014508e-05
Dechloromonas sp. HYN0024,8.043691136379038e-05
Methylocystis bryophila,8.008518256246156e-05
Rhodospirillum rubrum,7.984630062116694e-05
Erythrobacter gangjinensis,7.964406802341006e-05
Burkholderia oklahomensis,7.937817213941046e-05
Streptomyces malaysiensis,7.91640539292704e-05
Streptomyces virus TG1,7.909396163230387e-05
Polaromonas sp. SP1,7.847890650305444e-05
Bacteroides vulgatus,7.829527834926075e-05
Streptomyces sp. Go-475,7.806666317853317e-05
Escherichia albertii,7.80480708571174e-05
Stackebrandtia nassauensis,7.803845728595604e-05
Simplicispira suum,7.794783550862938e-05
Streptomyces sampsonii,7.768356784554342e-05
Rhizobium sp. NXC24,7.725923882349051e-05
Ensifer sojae,7.723618530053322e-05
Streptomyces clavuligerus,7.722693683300807e-05
Bosea vaviloviae,7.665967719499012e-05
Xanthomonas oryzae,7.66172365945339e-05
Nitrososphaera viennensis,7.661677940422607e-05
Streptomyces coelicolor,7.65159773417734e-05
Azoarcus sp. DN11,7.63614477191199e-05
Anabaena sp. WA102,7.633960200394973e-05
Pseudomonas sihuiensis,7.632666508983199e-05
Pseudomonas koreensis,7.620720983914087e-05
Cyanothece sp. PCC 7424,7.584638315054626e-05
Rhodococcus sp. YL-1,7.56688840495734e-05
Leptothrix cholodnii,7.521311325777713e-05
Grimontia hollisae,7.521311325777713e-05
Acidovorax citrulli,7.521311325777713e-05
Erythrobacter atlanticus,7.521311325777713e-05
Bosea sp. AS-1,7.50820752205561e-05
Erythrobacter seohaensis,7.498882901317838e-05
Streptomyces sp. Mg1,7.484284113290496e-05
Kocuria rhizophila,7.419734766584973e-05
Shewanella loihica,7.395731884758394e-05
Hydrogenophaga crassostreae,7.39042669342771e-05
Defluviimonas alba,7.386729762350885e-05
Streptomyces vietnamensis,7.364556693501001e-05
Thiobacillus denitrificans,7.229897088583126e-05
Pimelobacter simplex,7.215175838941601e-05
Leifsonia xyli,7.2118931359344e-05
Chelatococcus daeguensis,7.201813928225942e-05
Pajaroellobacter abortibovis,7.186966271774953e-05
Leifsonia sp. 21MFCrub1.1,7.17791023281178e-05
Acidovorax sp. T1,7.110274593820076e-05
Massilia sp. NR 4-1,7.107216540764849e-05
Mycobacterium sp. JLS,7.08240172824226e-05
Bradyrhizobium erythrophlei,7.078973855405568e-05
Ottowia sp. oral taxon 894,7.078475325219546e-05
Rufibacter tibetensis,7.02191303462385e-05
Citrobacter werkmanii,7.01477553592511e-05
Streptomyces roseochromogenus,7.005872708383265e-05
Yersinia kristensenii,6.995389559061316e-05
Mycobacterium paraintracellulare,6.982118670531e-05
Aeromonas hydrophila,6.980846650048723e-05
Labrenzia sp. CP4,6.950250282768966e-05
Nocardioides sp. JS614,6.925256872230001e-05
Chryseobacterium sp. IHB B 17019,6.8337569792698e-05
Sphingorhabdus flavimaris,6.811019189674194e-05
Streptomyces violaceusniger,6.750945840985345e-05
Caulobacter segnis,6.662915446287165e-05
Pseudomonas rhizosphaerae,6.651167479776454e-05
Mesotoga prima,6.650390683990982e-05
Thermogutta terrifontis,6.586048778496334e-05
Desulfovibrio piger,6.575401377437729e-05
Methylobacterium brachiatum,6.536756271651179e-05
Clostridium cellulovorans,6.515302209129104e-05
Desulfovibrio africanus,6.506190340884732e-05
Lysinimonas sp. 2DFWR-13,6.495636211696354e-05
Prauserella marina,6.494849224225607e-05
Syntrophobacter fumaroxidans,6.47823211761489e-05
Halioglobus japonicus,6.470216569192111e-05
Oscillibacter sp. PEA192,6.468100856318326e-05
Paucimonas lemoignei,6.341710821675673e-05
Microbacterium foliorum,6.276082252321125e-05
Paenibacillus sp. RUD330,6.209833243633333e-05
Pandoraea oxalativorans,6.147129261269146e-05
Dietzia sp. JS16-p6b,6.13830474448962e-05
Geobacillus thermoleovorans,6.122330777780238e-05
Pseudomonas sp. CMR5c,6.1024668269116236e-05
psize__Soil Clay Content %,6.0661666028916095e-05
Myxococcus macrosporus,6.0630377190662446e-05
Corynebacterium imitans,6.0594774020583667e-05
Rhizobium sp. NT-26,6.046374129056176e-05
Mycobacterium sp. JS623,6.027721592785085e-05
Conexibacter woesei,5.9973732337148534e-05
Afipia sp. GAS231,5.9241410467292253e-05
Variovorax sp. PAMC 28711,5.855689334040015e-05
Mycobacterium chimaera,5.8360687088998554e-05
Streptomyces chartreusis,5.783368024361302e-05
Jiangella alkaliphila,5.781802511966028e-05
Shinella sp. HZN7,5.748910691860676e-05
Delftia sp. Cs1-4,5.722513326806844e-05
Victivallales bacterium CCUG 44730,5.708295725981305e-05
Streptomyces sp. CLI2509,5.693776732982325e-05
Aerococcaceae bacterium ZY16052,5.6746340806124175e-05
Acidovorax avenae,5.664973620502778e-05
Antarctobacter heliothermus,5.634355368917543e-05
Ornithinimicrobium sp. AMA3305,5.570378685257893e-05
Pseudomonas sp. S09G 359,5.5284082626760876e-05
Dermatophilus congolensis,5.528253128865846e-05
Mycolicibacterium aurum,5.5218497649089925e-05
Thermobispora bispora,5.518524236187705e-05
Streptomyces puniciscabiei,5.42733121165595e-05
Chlorobaculum limnaeum,5.421031145813604e-05
Brevundimonas naejangsanensis,5.418133641945655e-05
Pseudomonas sp. St29,5.356885669178801e-05
Thermomicrobium roseum,5.353575442459402e-05
Sphingopyxis sp. MG,5.350731656692531e-05
Microbacterium sp. PM5,5.297153775640773e-05
Propionibacterium freudenreichii,5.270917827329136e-05
Rhodocyclaceae bacterium,5.270887588983975e-05
Tsukamurella tyrosinosolvens,5.266101363956555e-05
Nocardiopsis gilva,5.264948562049288e-05
Plautia stali symbiont,5.259452119621422e-05
Mycobacterium sp. MS1601,5.2064716950717126e-05
Hafnia paralvei,5.2048830271900216e-05
Sphingobacterium sp. B29,5.1963449027914166e-05
Neorhizobium sp. SOG26,5.1923248269125646e-05
Corynebacterium jeikeium,5.1669714444479986e-05
Methylocaldum marinum,5.141243464008571e-05
Acinetobacter nosocomialis,5.1314885710906924e-05
Helicobacter pylori,5.106242645060988e-05
Prosthecochloris aestuarii,5.099216076209778e-05
Microbacterium sp. TPU 3598,4.966461083972806e-05
Bradyrhizobium diazoefficiens,4.901876709269004e-05
Streptomyces qaidamensis,4.89589021958059e-05
Stenotrophomonas sp. ZAC14D2_NAIMI4_7,4.842133812970051e-05
Nocardiopsis dassonvillei,4.824444238622494e-05
Pasteurella multocida,4.772046218795012e-05
Novosphingobium pentaromativorans,4.729095300786135e-05
Stenotrophomonas nitritireducens,4.707554451934826e-05
Acinetobacter sp. WCHAc010034,4.694054235887535e-05
Saccharomonospora viridis,4.688969545023625e-05
Paraoerskovia marina,4.6861978635615034e-05
Cellulomonas flavigena,4.665475809713104e-05
Novosphingobium sp. PP1Y,4.4935454641592544e-05
Rhodobacter sp. LPB0142,4.4877967954204403e-05
Corynebacterium renale,4.4875838744551365e-05
Orrella dioscoreae,4.423155600874473e-05
Sphingorhabdus sp. Alg231-15,4.412865373804031e-05
Curtobacterium sp. MR_MD2014,4.408310822545669e-05
Candidatus Nanopelagicus limnes,4.394076937628277e-05
Mycolicibacterium rutilum,4.3570862933095536e-05
Haloterrigena daqingensis,4.338974536810536e-05
Rhizorhabdus dicambivorans,4.304911698158609e-05
Phaeobacter gallaeciensis,4.262537404582378e-05
Flavonifractor plautii,4.2261953538358374e-05
chem__P (Mehlich 1 mg/kg dry weight),4.177137253129626e-05
Rhodococcus sp. S2-17,4.115742747037299e-05
Segniliparus rotundus,4.0550021590091134e-05
Brevundimonas sp. GW460-12-10-14-LB2,4.0461281505010936e-05
Plantactinospora sp. BC1,4.01666978019577e-05
Micromonospora auratinigra,4.0017519083690446e-05
Actinoalloteichus hymeniacidonis,3.9618235633320784e-05
Actinotignum schaalii,3.949352756329461e-05
Mesorhizobium huakuii,3.8588552686613656e-05
Akkermansia muciniphila,3.842163139105015e-05
Nitratiruptor sp. SB155-2,3.7785411043445014e-05
Mycobacterium marseillense,3.7683002828292625e-05
Polynucleobacter necessarius,3.696292290740199e-05
Brevundimonas subvibrioides,3.6694440625240075e-05
Candidatus Bipolaricaulis anaerobius,3.633623837675515e-05
Mesorhizobium loti,3.621396007071898e-05
Halomonas sp. JS92-SW72,3.555957260479303e-05
Sphingopyxis terrae,3.509507142347434e-05
Acetobacter pasteurianus,3.4365147730408554e-05
Cellulosimicrobium cellulans,3.4096240487424544e-05
Candidatus Desulfofervidus auxilii,3.3885749494433345e-05
Burkholderia diffusa,3.386285294617597e-05
Planococcus sp. MB-3u-03,3.3302237397636604e-05
Enterobacter cloacae complex sp. FDA-CDC-AR_0132,3.323665648458096e-05
Sphingomonas sp. Cra20,3.248458556592837e-05
Microbacterium paraoxydans,3.2471129804267915e-05
Paenibacillus kribbensis,3.225045495407475e-05
Acinetobacter soli,3.2012359747479735e-05
Pseudomonas frederiksbergensis,3.184750640505829e-05
Mycobacteroides immunogenum,3.156009348197486e-05
Frondihabitans sp. PAMC 28766,3.136415670301762e-05
Microbacterium sp. LKL04,3.131611698197201e-05
Planktothrix agardhii,3.122143639751051e-05
Caulobacter mirabilis,3.056324968857549e-05
Flavobacterium commune,3.0453952268327812e-05
Thalassolituus oleivorans,2.9763796526771637e-05
Ramlibacter tataouinensis,2.9569362765347053e-05
Rhodococcus coprophilus,2.8656635849944045e-05
Alicyclobacillus acidocaldarius,2.8514157046544143e-05
Pseudomonas cerasi,2.8243286752815954e-05
Flavobacterium columnare,2.8173347363846803e-05
Acidovorax carolinensis,2.684971337494346e-05
Pseudomonas sp. ATCC 13867,2.684194196123091e-05
Nitrospira moscoviensis,2.66787548220071e-05
Sinorhizobium medicae,2.656832861733793e-05
Pseudomonas resinovorans,2.637579710407234e-05
Gemmatimonas aurantiaca,2.6344900430741447e-05
Legionella spiritensis,2.5973450462379864e-05
Ornithobacterium rhinotracheale,2.587248406946685e-05
Acidimicrobium ferrooxidans,2.579363587389416e-05
Lachnoclostridium phytofermentans,2.5593203144880228e-05
Burkholderia pyrrocinia,2.5076987561645225e-05
Bacillus mycoides,2.4725762211108558e-05
Pseudomonas xinjiangensis,2.41671633890439e-05
Frankia symbiont of Datisca glomerata,2.4076332779698896e-05
Brevibacterium linens,2.3889779301677905e-05
Halothiobacillus sp. LS2,2.384665345440684e-05
Azoarcus sp. SY39,2.3286185222493037e-05
Azoarcus olearius,2.326237546808052e-05
Singulisphaera acidiphila,2.323666113996925e-05
Burkholderia stabilis,2.3053977281040084e-05
Thermotoga sp. RQ7,2.3035554479777785e-05
Mycobacterium sp. YC-RL4,2.2894474770573937e-05
Microvirga ossetica,2.2748510052794657e-05
Asticcacaulis excentricus,2.2610424288549426e-05
Arthrobacter sp. YC-RL1,2.258436782178741e-05
Jatrophihabitans sp. GAS493,2.2512536310959063e-05
Streptomyces sp. SM18,2.230313051241328e-05
Melaminivora sp. SC2-9,2.2119612577120583e-05
Sulfuricella denitrificans,2.2052711727460484e-05
Bacillus clausii,2.2025407351833336e-05
Methyloceanibacter sp. wino2,2.197154362266751e-05
Pseudomonas versuta,2.1940963927735703e-05
Microbacterium sp. CGR1,2.1736191184662523e-05
Rhizobium phage RHEph10,2.155645902861547e-05
Salinibacter ruber,2.149208107287137e-05
Denitrobacterium detoxificans,2.1091604670164798e-05
Deinococcus geothermalis,2.0937354957095698e-05
Actinopolyspora erythraea,2.051799365156981e-05
Haloarcula taiwanensis,2.032833248126753e-05
Azotobacter vinelandii,2.0272102920926293e-05
Blautia hansenii,2.0228487547413466e-05
Caulobacter vibrioides,2.0226284243229918e-05
Bacillus simplex,1.9863456611002307e-05
Methylobacterium sp. 17SD2-17,1.9698528925160554e-05
Massilia sp. YMA4,1.9575029856699898e-05
Pseudomonas litoralis,1.9392418513430874e-05
Selenomonas sp. oral taxon 136,1.930060258714672e-05
Amycolatopsis sp. BJA-103,1.9260501722118128e-05
Microbacterium aurum,1.9187208774540388e-05
Mixta gaviniae,1.914356887950941e-05
Nostoc sphaeroides,1.897957363037328e-05
Pseudomonas xanthomarina,1.8939861302325058e-05
Mycobacterium intracellulare,1.8797217059063343e-05
Desulfurivibrio alkaliphilus,1.863985370016419e-05
Pseudothermotoga hypogea,1.8457397580862177e-05
Sulfurifustis variabilis,1.8313650724355313e-05
Sphingobacterium sp. 21,1.8155907119266067e-05
Bradyrhizobium sp. ORS 3257,1.8102458788726848e-05
Leclercia sp. LSNIH1,1.7942304902707207e-05
Alteromonas australica,1.7898119686288184e-05
Desulfobacca acetoxidans,1.7818956694726218e-05
Thermoanaerobacterium thermosaccharolyticum,1.780772244031059e-05
Agrobacterium sp. H13-3,1.7565264311114603e-05
Azospirillum sp. M2T2B2,1.749566660991242e-05
Phenylobacterium zucineum,1.7456856266750975e-05
Lysinibacillus sp. YS11,1.7382397770271396e-05
Kocuria turfanensis,1.731779763023411e-05
Hyphomicrobium nitrativorans,1.7226959366523076e-05
Rhodobiaceae bacterium,1.7225478888938106e-05
Jonesia denitrificans,1.7137475829476222e-05
Auraticoccus monumenti,1.6891743490154985e-05
Caldisericum exile,1.6623002820903565e-05
Geobacter lovleyi,1.657340098601967e-05
Zobellella denitrificans,1.6402321661890262e-05
Methylomonas sp. DH-1,1.6117564941020568e-05
Polymorphum gilvum,1.6113793062744185e-05
Corynebacterium terpenotabidum,1.6108818172111406e-05
Acetobacter ascendens,1.610184732590003e-05
Paracoccus aminovorans,1.597704520934773e-05
Neisseriaceae bacterium DSM 100970,1.5871194691996494e-05
Lactobacillus fermentum,1.5839266628558945e-05
Bordetella avium,1.5771906255257485e-05
Sphingomonas sanxanigenens,1.5687877197678723e-05
Cystobacter fuscus,1.565976448167916e-05
Sinorhizobium americanum,1.539455382764121e-05
Geobacter uraniireducens,1.5179097802131558e-05
Pannonibacter phragmitetus,1.494044864931432e-05
Methylovulum psychrotolerans,1.4745191035503424e-05
Herbaspirillum rubrisubalbicans,1.4695179769286248e-05
Microbacterium sp. No. 7,1.4661904014801052e-05
Shigella dysenteriae,1.461912453475378e-05
Plantactinospora sp. KBS50,1.4480853755882706e-05
[Mycobacterium] stephanolepidis,1.4341329094746946e-05
Bordetella holmesii,1.4299947217355502e-05
Paraburkholderia terrae,1.427129258113613e-05
Desulfotomaculum ferrireducens,1.421479371030987e-05
Rhodococcus jostii,1.4108505684373718e-05
Agrobacterium vitis,1.40525228661037e-05
Haloplanus aerogenes,1.3877541013096462e-05
Komagataeibacter nataicola,1.3863439383565712e-05
Actinoplanes missouriensis,1.3823540639923415e-05
Dyella japonica,1.3768965856053583e-05
Mycolicibacterium smegmatis,1.36637739182488e-05
Paenibacillus borealis,1.364162645256517e-05
Acidipropionibacterium virtanenii,1.3607984113583881e-05
Magnetococcus marinus,1.3363674445421302e-05
Acidiphilium cryptum,1.3336378391937132e-05
Gramella flava,1.3282149216720107e-05
Intrasporangium calvum,1.3104003149777555e-05
Delftia tsuruhatensis,1.3072021527271715e-05
Dietzia lutea,1.2969155101338891e-05
Rathayibacter tritici,1.2818627637800617e-05
Aeromicrobium sp. 592,1.2393028411450403e-05
Burkholderia sp. BDU8,1.2332661224379038e-05
Salegentibacter sp. T436,1.2283241979615945e-05
Lysobacter gummosus,1.1991629833940642e-05
Nocardia sp. Y48,1.1749674795713538e-05
Streptomyces sp. 2114.2,1.17123683678777e-05
Desulfovibrio hydrothermalis,1.1683506368997954e-05
Bordetella genomosp. 13,1.157099313031651e-05
Geitlerinema sp. PCC 7407,1.151478140251072e-05
Rubrobacter indicoceani,1.1487938586474123e-05
Desulfovibrio desulfuricans,1.1459596609908473e-05
Haloarcula sp. CBA1115,1.1269987106854451e-05
Erwinia gerundensis,1.1088614921272999e-05
Variovorax sp. PMC12,1.1062542830142518e-05
Thiomonas intermedia,1.097982760331906e-05
Caldilinea aerophila,1.0921581875966702e-05
Acinetobacter wuhouensis,1.0881505855220298e-05
Candidatus Koribacter versatilis,1.0878534284608499e-05
Pseudomonas sp. R1-43-08,1.0807843605631362e-05
Collinsella aerofaciens,1.0801718094177737e-05
Nocardioides sp. 603,1.0749093089512662e-05
Citrobacter freundii complex sp. CFNIH4,1.0513479365892308e-05
Sphingobium sp. SYK-6,1.0512144137431178e-05
Pantoea sp. At-9b,1.0483751049839007e-05
Tessaracoccus sp. T2.5-30,1.0461479685597298e-05
Pseudomonas sp. TCU-HL1,1.0397716108911936e-05
Halorubrum trapanicum,1.037113134370049e-05
Thalassococcus sp. SH-1,1.0235587406248747e-05
Muribaculum intestinale,1.0169370753199124e-05
Sphingopyxis sp. QXT-31,1.0102603104900076e-05
Bifidobacterium pseudolongum,1.0100650142375045e-05
Methylobacillus flagellatus,1.0081052706434334e-05
Candidatus Filomicrobium marinum,9.98262324094501e-06
Arthrobacter sp. ZXY-2,9.85424269124291e-06
Deinococcus soli Cha et al. 2016,9.746267924515272e-06
Chryseobacterium piperi,9.650955502849002e-06
Porphyrobacter sp. CACIAM 03H1,9.633536069220127e-06
Corynebacterium singulare,9.580036519341028e-06
Pseudomonas agarici,9.56067487516421e-06
Paracoccus yeei,9.537624234479125e-06
Dickeya solani,9.503969744617536e-06
Jiangella sp. DSM 45060,9.47227328707001e-06
Leptospira alstonii,9.411015993787687e-06
Pseudomonas pohangensis,9.338588394802727e-06
Sphingobium sp. YBL2,9.279345255408522e-06
Winogradskyella sp. PC-19,9.206290586494249e-06
Roseateles depolymerans,9.161502098509189e-06
Aeromicrobium marinum,9.158499948802578e-06
Anoxybacillus amylolyticus,9.156956555633756e-06
Micromonospora chokoriensis,9.109867180101538e-06
Aurantimicrobium sp. MWH-Uga1,9.082001453686317e-06
Prevotella dentalis,9.058923325033774e-06
Microbacterium sp. PAMC 28756,9.054245679696037e-06
Martelella endophytica,9.02503186555048e-06
Methylotenera versatilis,8.841951688687289e-06
Mycobacterium dioxanotrophicus,8.782365415793691e-06
Actinomyces gaoshouyii,8.776464895476899e-06
Waddlia chondrophila,8.646513724097638e-06
Cryobacterium arcticum,8.63535616890676e-06
Nocardia seriolae,8.625559904396064e-06
Pseudomonas fragi,8.60551705368362e-06
Olsenella sp. oral taxon 807,8.433984458333655e-06
Brevibacterium sandarakinum,8.429034109802558e-06
Rhizobium sp. ACO-34A,8.329421964448081e-06
Corynebacterium glyciniphilum,8.304550243032338e-06
Bacteroidetes bacterium Omega,8.248642009589523e-06
Wolbachia endosymbiont of Brugia malayi,8.21193280748922e-06
Arthrobacter sp. ERGS1:01,8.179170782995904e-06
Chryseobacterium lactis,8.10422346690931e-06
Pararhodospirillum photometricum,8.054653690114933e-06
Bacillus anthracis,8.02352748550117e-06
Arthrobacter sp. DCT-5,7.961084865559798e-06
Ahniella affigens,7.961084865559798e-06
Oleiphilus messinensis,7.931176397169004e-06
Cupriavidus taiwanensis,7.918945307894277e-06
Glutamicibacter nicotianae,7.845950023899206e-06
Devosia sp. I507,7.810718100964564e-06
Acidipropionibacterium acidipropionici,7.79766281708838e-06
Actinoplanes friuliensis,7.740551952650776e-06
Phycicoccus dokdonensis,7.720998077531683e-06
Methanofollis liminatans,7.71150301963619e-06
Selenomonas sp. oral taxon 920,7.695208477476178e-06
Sulfitobacter sp. D7,7.632963848913654e-06
Paenibacillus sp. 32O-W,7.6159399251984896e-06
Coriobacteriaceae bacterium 68-1-3,7.576096376848973e-06
Candidatus Symbiobacter mobilis,7.5571093899107215e-06
Actinoplanes derwentensis,7.502034856576855e-06
Pseudarthrobacter phenanthrenivorans,7.493136456337978e-06
Bacillus coagulans,7.490954077038481e-06
Frankia inefficax,7.482685674942147e-06
Comamonas serinivorans,7.44453719485616e-06
Halopenitus persicus,7.38160362911966e-06
Kocuria palustris,7.375588424674007e-06
Isosphaera pallida,7.222925945260527e-06
Acidihalobacter prosperus,7.220676450092611e-06
Methylomonas denitrificans,7.196665272801717e-06
Martelella sp. AD-3,7.11033640388159e-06
Paucibacter sp. KCTC 42545,7.0182754104530785e-06
Halanaeroarchaeum sulfurireducens,6.983973905638763e-06
Saccharomonospora cyanea,6.971428143986991e-06
Porphyrobacter sp. LM 6,6.9712047081171845e-06
Hymenobacter swuensis,6.9262459678753885e-06
Plesiomonas shigelloides,6.9262459678753885e-06
Pseudomonas aeruginosa,6.908574676356416e-06
Neisseria zoodegmatis,6.897925257787207e-06
Thermoplasmatales archaeon BRNA1,6.894799370904536e-06
Candidatus Saccharibacteria bacterium YM_S32_TM7_50_20,6.864674960116446e-06
Massilia armeniaca,6.802202778821709e-06
Gemmobacter sp. HYN0069,6.781253879739602e-06
Bacillus gobiensis,6.6596172076272e-06
Pseudomonas sp. NS1(2017),6.643948070594874e-06
Bacillus cohnii,6.580552423973707e-06
Porphyromonas gingivalis,6.5248464073963675e-06
Thermomonospora curvata,6.521563007866326e-06
Arthrobacter sp. Rue61a,6.405300111689272e-06
Calditerrivibrio nitroreducens,6.401650213927468e-06
Spirosoma rigui,6.3990638521360665e-06
Sulfitobacter sp. SK012,6.397547279402005e-06
Deinococcus radiodurans,6.358187747945721e-06
Burkholderia sp. Bp7605,6.33100357432248e-06
Brachybacterium faecium,6.303643930349878e-06
Gordonibacter pamelaeae,6.216448310292222e-06
Pseudomonas sp. PONIH3,6.187742335783675e-06
Neisseria sp. KEM232,6.163087556521063e-06
Azoarcus sp. CIB,6.14236299840698e-06
Ketogulonicigenium robustum,6.103075443331108e-06
Chryseobacterium sp. T16E-39,6.010998759609088e-06
Sulfitobacter sp. SK011,6.001155457568963e-06
Miniimonas sp. S16,5.989829962782523e-06
Paracoccus sp. BM15,5.980828493945545e-06
Arenibacter algicola,5.903436373877468e-06
Beutenbergia cavernae,5.9000752679505554e-06
Sporosarcina ureae,5.876943193006134e-06
Brucella suis,5.874531504734826e-06
Polaribacter sp. KT25b,5.7964388951781135e-06
Christensenella sp. Marseille-P3954,5.754835161098093e-06
Formosa sp. Hel1_33_131,5.75405433997922e-06
Microbulbifer sp. A4B17,5.680181367906379e-06
Pseudomonas furukawaii,5.600421883777962e-06
Thauera sp. MZ1T,5.560556363448655e-06
Synechococcus sp. WH 8109,5.535778036103167e-06
Aromatoleum aromaticum,5.531700745509127e-06
Rubrobacter radiotolerans,5.489438192962659e-06
Micromonospora aurantiaca,5.488105515194519e-06
Corynebacterium uterequi,5.463507618563845e-06
Sulfitobacter sp. SK025,5.393121714103444e-06
Agrococcus carbonis,5.335315581866951e-06
Gordonia polyisoprenivorans,5.3052842068579405e-06
Methylibium petroleiphilum,5.2993537880574594e-06
Gemmatirosa kalamazoonesis,5.272958290403196e-06
Xanthobacter autotrophicus,5.255454520392e-06
Pseudomonas sp. R11-23-07,5.217444668481619e-06
Kosakonia sacchari,5.209398739314253e-06
Acinetobacter schindleri,5.207289733011322e-06
Micromonospora inositola,5.136817251649717e-06
Gordonia sp. MMS17-SY073,5.088569844247104e-06
Acinetobacter lwoffii,5.062286366253055e-06
Photorhabdus thracensis,4.951864808111494e-06
Saccharophagus degradans,4.934550033297569e-06
Deinococcus proteolyticus,4.928386642744087e-06
Methylobacterium currus,4.895446472397147e-06
Vulgatibacter incomptus,4.879727222428798e-06
Variibacter gotjawalensis,4.862294270147061e-06
Parvibaculum lavamentivorans,4.81705123092091e-06
Corynebacterium doosanense,4.8056355586689746e-06
Bacillus muralis,4.8000024507777185e-06
Deinococcus wulumuqiensis,4.766572721548456e-06
Thermus oshimai,4.750178170565001e-06
Rhodococcus sp. PBTS 1,4.730584728407372e-06
Curtobacterium pusillum,4.693883043782599e-06
Streptomyces sp. PAMC 26508,4.6637916066183395e-06
Paenibacillus durus,4.658093086673532e-06
Rhodobacter capsulatus,4.576769977093776e-06
Sulfuriferula sp. AH1,4.549526130515069e-06
Curvibacter sp. AEP1-3,4.546102728664181e-06
Corynebacterium epidermidicanis,4.52767128626963e-06
Tannerella sp. oral taxon HOT-286,4.488573906158422e-06
Pseudorhodoplanes sinuspersici,4.485187237968091e-06
Paracoccus denitrificans,4.467796626306253e-06
Ferriphaselus amnicola,4.460626663060907e-06
Draconibacterium orientale,4.441456270121158e-06
Kangiella koreensis,4.421556664135906e-06
Pseudomonas sp. R4-34-07,4.399856555026283e-06
Sphingopyxis sp. LPB0140,4.398594945942413e-06
Halomonas chromatireducens,4.390449066549173e-06
Micromonospora narathiwatensis,4.353037501769741e-06
Paenibacillus sp. FSL P4-0081,4.353037501747536e-06
Burkholderia sp. OLGA172,4.298133285707273e-06
Acinetobacter sp. ACNIH2,4.295326229675212e-06
Nitrobacter winogradskyi,4.264929878483592e-06
Sphingopyxis sp. FD7,4.217407910256376e-06
Nostoc punctiforme,4.188872351917894e-06
Buchnera aphidicola,4.157694588546868e-06
Bifidobacterium angulatum,4.1457965352487134e-06
Brachybacterium sp. P6-10-X1,4.1405294348928475e-06
Pseudopropionibacterium propionicum,4.13967406647231e-06
Streptomyces fulvissimus,4.130682329650525e-06
Mycobacterium shigaense,4.053976056961339e-06
Bacillus thermoamylovorans,4.048435345516133e-06
Cupriavidus necator,4.029912506497979e-06
Pseudarthrobacter equi,3.957806397791863e-06
Lutibacter profundi,3.946657258691033e-06
Xanthomonas fragariae,3.91405399953193e-06
Deinococcus sp. NW-56,3.898438719729391e-06
Proteiniphilum saccharofermentans,3.8762969097660974e-06
Massilia violaceinigra,3.846865294798718e-06
Blastomonas sp. RAC04,3.818154608214996e-06
Methylotenera mobilis,3.8046903550359447e-06
Corynebacterium sp. ATCC 6931,3.80446759324915e-06
Arthrobacter crystallopoietes,3.778250283037465e-06
Haloferax mediterranei,3.7563253228789505e-06
Jeotgalibacillus malaysiensis,3.744529789373452e-06
Bordetella genomosp. 8,3.736893608530245e-06
Pantoea ananatis,3.7325677126442967e-06
Bacillus jeotgali,3.7241304140955835e-06
Sulfitobacter pseudonitzschiae,3.6999692347272626e-06
Streptomyces olivaceus,3.681714884296028e-06
Acidisphaera sp. G45-3,3.6491698588880796e-06
Pseudomonas lini,3.6465748359804095e-06
Brevibacillus brevis,3.628369267905107e-06
Kyrpidia spormannii,3.616638893833013e-06
Starkeya novella,3.5896268821611343e-06
Microbacterium chocolatum,3.5688274182543722e-06
Clavibacter michiganensis,3.567364388867844e-06
Pseudomonas citronellolis,3.5442750990322123e-06
Microbacterium sp. XT11,3.518875956753931e-06
Nostoc sp. 'Lobaria pulmonaria (5183) cyanobiont',3.5005792274001025e-06
Chlorobaculum parvum,3.4978972432098133e-06
Pseudomonas sp. MT-1,3.4793274494848703e-06
Shewanella algae,3.4698460839477365e-06
Synechococcus sp. WH 7803,3.4598330758139895e-06
Rhodomicrobium vannielii,3.4598330758139895e-06
Pseudomonas sp. 7SR1,3.439795916304611e-06
Actinomyces sp. 2129,3.435866990142422e-06
Pelagibaca abyssi,3.426967039232842e-06
Rhodopseudomonas palustris,3.4225849850244574e-06
Nocardiopsis alba,3.418020263512567e-06
Vibrio anguillarum,3.4060330029950237e-06
Microcystis aeruginosa,3.3884025228969605e-06
Cellulomonas fimi,3.384758755475836e-06
Desulfovibrio magneticus,3.3816793637786447e-06
Jonquetella anthropi,3.3691199783358883e-06
Micromonospora coxensis,3.3573846655476915e-06
Chryseobacterium haifense,3.3527402742317138e-06
Bordetella petrii,3.317359522370111e-06
Pseudomonas sp. JY-Q,3.253938848102322e-06
soil_NH4,3.186571641622393e-06
Rhodococcus erythropolis,3.1758710405283e-06
Hoeflea sp. IMCC20628,3.135099409590225e-06
Nocardia brasiliensis,3.1162066149503786e-06
Paracoccus sp. SC2-6,3.067010531543346e-06
Bifidobacterium animalis,3.0603615224888968e-06
Mobiluncus curtisii,2.9381114033277813e-06
Mycobacterium sp. djl-10,2.8182289971701024e-06
Acinetobacter indicus,2.803237627735378e-06
Erwinia persicina,2.7865750487299224e-06
Erythrobacter sp. KY5,2.7843403977323435e-06
Azorhizobium caulinodans,2.724946635557224e-06
Frankineae bacterium MT45,2.724569178469416e-06
Acidiphilium multivorum,2.7207796010175754e-06
Marinobacter psychrophilus,2.715062162539361e-06
Mucinivorans hirudinis,2.6859077324026258e-06
Actinomyces sp. oral taxon 414,2.6818782866033787e-06
Prosthecochloris sp. GSB1,2.643691987147534e-06
Corynebacterium maris,2.632161837023972e-06
Sphingobium chlorophenolicum,2.527554437370405e-06
Candidatus Planktophila versatilis,2.5049087766015886e-06
Enterobacter kobei,2.4936021883137372e-06
Dehalogenimonas formicexedens,2.4906652934308936e-06
Microbacterium sp. BH-3-3-3,2.4863827291277118e-06
Leisingera methylohalidivorans,2.477540744871831e-06
Marinovum algicola,2.4751635301578646e-06
Alcaligenes faecalis,2.469926141168699e-06
Arthrobacter sp. YN,2.463849260592177e-06
Magnetospirillum magneticum,2.446168123237946e-06
Delftia sp. HK171,2.4412856111544203e-06
Pseudodesulfovibrio indicus,2.4234208022333447e-06
Thermovirga lienii,2.422326605122649e-06
Rhodococcus sp. P1Y,2.3908895425028833e-06
Paenibacillus sp. FSL R5-0345,2.3819250844603344e-06
Pseudomonas sp. Leaf58,2.33022451499032e-06
Desulfallas gibsoniae,2.3285628482305754e-06
Hyphomonas sp. CACIAM 19H1,2.3106045075715896e-06
Rhizobium sp. IRBG74,2.303614636622875e-06
Saprospira grandis,2.29403547018503e-06
Luteimonas sp. 100111,2.2848812169629083e-06
Glutamicibacter halophytocola,2.281818788496537e-06
Paenibacillus odorifer,2.269925097664327e-06
Acinetobacter junii,2.2440889896335747e-06
Synechococcus sp. JA-3-3Ab,2.2422892725249e-06
Edwardsiella sp. EA181011,2.2305068094974346e-06
Methylophilus sp. TWE2,2.2142734689589718e-06
Chryseobacterium gallinarum,2.2109739837183897e-06
Plantibacter flavus,2.1988104399683906e-06
Bacillus butanolivorans,2.1620664897747945e-06
Pseudomonas brenneri,2.1552360233156875e-06
Brachybacterium sp. VM2412,2.1521809872693252e-06
Gordonia bronchialis,2.1481581803595163e-06
Burkholderia sp. IDO3,2.141387016951768e-06
Sulfuritalea hydrogenivorans,2.1205628632614547e-06
Sphingobium baderi,2.098847276776894e-06
Bradyrhizobium oligotrophicum,2.0854047200868918e-06
Maricaulis maris,2.063591806367171e-06
Sporosarcina psychrophila,2.0280644447145946e-06
Pseudoalteromonas piscicida,2.027540943516648e-06
Yersinia enterocolitica,2.0178079282784366e-06
Lelliottia nimipressuralis,2.0032582460194346e-06
Thermoanaerobacter siderophilus,1.99831983724863e-06
Thermus brockianus,1.9743032662056237e-06
Aeromonas sp. ASNIH7,1.9742761652841166e-06
Marivirga tractuosa,1.94449521635498e-06
Rhodococcus sp. PBTS 2,1.9320661262867133e-06
Altererythrobacter namhicola,1.918812054202412e-06
Dickeya zeae,1.9141773833331042e-06
Vibrio owensii,1.91359088379528e-06
Desulfovibrio fairfieldensis,1.8918917378263345e-06
Pseudomonas parafulva,1.8515682040698422e-06
Polaribacter vadi,1.8437384467384632e-06
Sphingopyxis fribergensis,1.8031612400548625e-06
Streptococcus agalactiae,1.798551070697485e-06
Tistrella mobilis,1.782406755679311e-06
Roseomonas sp. FDAARGOS_362,1.7546911598387283e-06
Thiohalobacter thiocyanaticus,1.721303785084949e-06
Rhodococcus sp. WMMA185,1.6966242398774867e-06
Scytonema sp. HK-05,1.690122487629786e-06
Rhodococcus sp. B7740,1.678913698666129e-06
Halomonas elongata,1.6674779326208977e-06
Acinetobacter bereziniae,1.6562732189306929e-06
archaeon AArc-Sl,1.6340294132222155e-06
Corynebacterium geronticis,1.593997144810899e-06
Synechococcus sp. CC9902,1.5883218932977173e-06
Flavisolibacter tropicus,1.583372136804151e-06
Rhodococcus opacus,1.5833721367819464e-06
Neisseria cinerea,1.5833721367819464e-06
Anaeromyxobacter sp. K,1.5796196319861622e-06
Mycetocola sp. 449,1.5756382972131888e-06
Tateyamaria omphalii,1.5583542676722572e-06
Streptomyces globisporus,1.5568950724409448e-06
Micromonospora sp. WMMA2032,1.5470034839815128e-06
Aeromonas caviae,1.5463632246914827e-06
Brevefilum fermentans,1.5319982853645443e-06
Tamlana sp. UJ94,1.5045485903808498e-06
Sphingobium sp. SCG-1,1.471436618860622e-06
Chromobacterium violaceum,1.4700601467909636e-06
Pedobacter cryoconitis,1.4687074372021768e-06
Bacillus flexus,1.4638229089536381e-06
Rhizobium sp. IE4771,1.4627412645573656e-06
Halorhabdus tiamatea,1.4529700618437503e-06
Burkholderia sp. BDU6,1.4284483993209917e-06
Sandaracinus amylolyticus,1.4247263010025435e-06
Aeromicrobium choanae,1.4076521215544703e-06
Halobacterium hubeiense,1.4064584361594967e-06
Sulfurovum sp. NBC37-1,1.3790482774389544e-06
Rhodoferax ferrireducens,1.357693438319707e-06
Zymobacter palmae,1.3544103947937814e-06
Thauera aromatica,1.3429538662235174e-06
Enterobacter sp. SA187,1.3374101182295207e-06
Shewanella benthica,1.3245896645530663e-06
Octadecabacter arcticus,1.3173297300994592e-06
Corynebacterium sp. 2183,1.3084556151898852e-06
Natrinema sp. J7-2,1.3004196647958822e-06
Thermobacillus composti,1.2959659961842007e-06
Burkholderia dolosa,1.2748808125406797e-06
Coriobacterium glomerans,1.2626718608022003e-06
Bacillus aryabhattai,1.2606354611310877e-06
Candidatus Promineofilum breve,1.2605380586228066e-06
Gordonia rubripertincta,1.257955207645267e-06
Thermosynechococcus sp. NK55a,1.257955207645267e-06
Ruminococcaceae bacterium CPB6,1.2407079222453988e-06
Bacillus lentus,1.236971923646024e-06
Rathayibacter toxicus,1.2286356467772208e-06
Gryllotalpicola sp. 2DFW10M-5,1.2243480459250832e-06
Bacterioplanes sanyensis,1.218342939424133e-06
Xanthomonas gardneri,1.189297919523824e-06
Cronobacter muytjensii,1.1875291025864597e-06
Paenibacillus sp. FSL R7-0273,1.1721115892315837e-06
Micavibrio aeruginosavorus,1.1721115892315837e-06
Oscillatoriales cyanobacterium JSC-12,1.1360928260151225e-06
Hyphomonas sp. Mor2,1.1292679282348673e-06
Rhodoferax koreense,1.098785414677117e-06
Aeromicrobium sp. A1-2,1.084234233816872e-06
Salinisphaera sp. LB1,1.0635591329410943e-06
Labrenzia sp. VG12,1.0557145092571218e-06
Megasphaera elsdenii,1.0507232911738385e-06
Paenibacillus riograndensis,1.0471027400704713e-06
Eubacterium limosum,1.0395999639145615e-06
Mycolicibacterium vanbaalenii,1.0315722685616536e-06
Geobacter sp. M21,1.0175258728928327e-06
Idiomarina loihiensis,9.868555341574491e-07
Lutibacter sp. LPB0138,9.853471672816027e-07
Alistipes shahii,9.846008756086988e-07
Coprothermobacter proteolyticus,9.712949578855045e-07
Kushneria konosiri,9.656990118678266e-07
Candidatus Solibacter usitatus,9.6383710592729e-07
Corynebacterium aurimucosum,9.547409147270259e-07
Desulfotomaculum nigrificans,9.541024011294752e-07
Halobacteriovorax marinus,9.44336948727198e-07
Nitrosomonas sp. Is79A3,9.44336948727198e-07
Cyanothece sp. PCC 7425,9.44336948727198e-07
Corynebacterium sphenisci,9.44336948727198e-07
Nocardia farcinica,9.44336948727198e-07
Selenomonas sp. oral taxon 126,9.376892713852669e-07
Desulfococcus multivorans,9.376892713852669e-07
Slackia heliotrinireducens,9.376892713852669e-07
Burkholderia ubonensis,9.301655503612949e-07
Gordonia sp. KTR9,9.061526140774489e-07
Scytonema sp. NIES-4073,8.99738533299832e-07
Corynebacterium pseudotuberculosis,8.897251314587962e-07
Cyanothece sp. ATCC 51142,8.891590908666203e-07
Streptomyces bingchenggensis,8.766017911110425e-07
Dickeya sp. MK7,8.680115085590856e-07
Chlorobium limicola,8.537283430198883e-07
Celeribacter ethanolicus,8.467649930121723e-07
Comamonadaceae bacterium A1,8.35475725846635e-07
Streptosporangium sp. 'caverna',8.226743374750711e-07
Desulfosporosinus orientis,8.224405254830813e-07
Janthinobacterium sp. LM6,8.220129410485555e-07
Luteipulveratus mongoliensis,8.194975987363407e-07
Sinomonas atrocyanea,8.14405822402442e-07
Phaeobacter piscinae,8.061040277507203e-07
Corynebacterium atypicum,7.69836698633064e-07
Oscillatoria nigro-viridis,7.697665860506575e-07
Pseudonocardia sp. HH130629-09,7.592481565676934e-07
Mycobacterium virus D29,7.583923110177083e-07
Pseudomonas psychrotolerans,7.539654923949257e-07
Oceanicoccus sagamiensis,7.535539289449389e-07
Salinibacterium sp. CGMCC 1.16371,7.413064448069661e-07
Kushneria marisflavi,7.364611504856456e-07
Serratia fonticola,7.285311696136887e-07
Coxiella burnetii,7.073871585383529e-07
Sphaerochaeta globosa,6.930666426097076e-07
Kozakia baliensis,6.634227658786073e-07
Ketogulonicigenium vulgare,6.596859479346407e-07
Xenorhabdus nematophila,6.591727995663987e-07
Olsenella uli,6.548311782150762e-07
Anaeromyxobacter dehalogenans,6.422067717615221e-07
Croceicoccus naphthovorans,6.361286595035765e-07
Rhodopirellula baltica,6.252488167657333e-07
Yersinia ruckeri,6.190522854998548e-07
Mycobacteroides chelonae,6.004097582890111e-07
Brucella vulpis,5.810933898953152e-07
Cupriavidus oxalaticus,5.683535572842402e-07
Anaerolineaceae bacterium oral taxon 439,5.683535572842402e-07
Pseudomonas sp. R5-89-07,5.61484808536683e-07
Pseudonocardia sp. EC080610-09,5.484939145317113e-07
Thioclava nitratireducens,5.452539818762147e-07
Mariprofundus aestuarium,5.402570200541134e-07
Citrobacter freundii complex sp. CFNIH2,5.369820473832831e-07
Rothia dentocariosa,5.339891029354504e-07
Parvularcula bermudensis,5.316785283815407e-07
Geobacillus thermocatenulatus,5.17617768203138e-07
Sinorhizobium sp. CCBAU 05631,5.164629394593944e-07
Novosphingobium tardaugens,5.104276146195019e-07
Desulfovibrio vulgaris,5.001418870165253e-07
Deinococcus irradiatisoli,4.950966749461827e-07
Mycobacterium kansasii,4.94371884784961e-07
Flavobacterium kingsejongi,4.715529027476961e-07
Methylorubrum populi,4.6958811159569793e-07
Erythrobacter flavus,4.575354374258822e-07
Micrococcus luteus,4.4010780579917254e-07
Olsenella sp. GAM18,4.357649134201225e-07
Bacillus sp. FJAT-42376,4.352910788263387e-07
Chelatococcus sp. CO-6,4.332838253739979e-07
Sinorhizobium sp. RAC02,4.313994870219773e-07
Synechococcus sp. KORDI-100,4.289558709569263e-07
Pseudomonas sp. R3-52-08,4.1719116594673977e-07
Corynebacterium testudinoris,4.130985851835689e-07
Burkholderia metallica,4.128004608139335e-07
Enterobacter sp. R4-368,4.126708868623652e-07
Methylobacterium sp. 17Sr1-28,4.050452974135865e-07
Pseudomonas lurida,3.998756533674097e-07
Halobacterium sp. DL1,3.971457216422891e-07
Rhodospirillum centenum,3.971457216422891e-07
Melaminivora sp. SC2-7,3.9524930963708014e-07
Acetobacter ghanensis,3.7740818046305693e-07
Streptomyces gilvosporeus,3.6908440892435834e-07
Pseudomonas sp. R2-37-08W,3.5541940766048443e-07
Gordonia iterans,3.4125776833260345e-07
Caulobacter flavus,3.391233204474986e-07
Glutamicibacter arilaitensis,3.3139281199190405e-07
Calothrix sp. NIES-2098,3.257819768176518e-07
Clostridium scatologenes,3.235716666383226e-07
Thermodesulfovibrio yellowstonii,3.1750887321546626e-07
Capnocytophaga stomatis,3.129891083419878e-07
Corynebacterium sp. NML98-0116,3.0820988898838665e-07
Kocuria flava,3.0805539528167005e-07
Arcticibacterium luteifluviistationis,2.9819021420962597e-07
Hydrogenophaga sp. PBC,2.9627809814414265e-07
Thermanaeromonas toyohensis,2.890023554691368e-07
Streptomyces sp. TLI_053,2.87492356365604e-07
Acidaminococcus intestini,2.795520382514738e-07
Janthinobacterium svalbardensis,2.597732423392785e-07
Paenibacillus physcomitrellae,2.5352048991234e-07
Yersinia aldovae,2.475159738501986e-07
Halomonas sp. KO116,2.3442231784631672e-07
Anaerolinea thermophila,2.0817250314664193e-07
Pseudomonas pseudoalcaligenes,2.0584649034205428e-07
Burkholderia lata,1.9574465253135999e-07
Pseudarthrobacter sulfonivorans,1.887267565114925e-07
Dermacoccus nishinomiyaensis,1.6559474689259445e-07
Bacillus weihaiensis,1.6069909873905886e-07
Ruegeria sp. TM1040,1.41324624403083e-07
Elizabethkingia meningoseptica,1.3324262124747576e-07
Natronococcus occultus,1.3306586874595183e-07
Yoonia vestfoldensis,1.2416321240049655e-07
Yersinia pestis,1.2089733265607804e-07
Streptomyces griseus,1.116495573771914e-07
Sanguibacter keddieii,1.0404233943273056e-07
Aeromonas schubertii,1.0205132203733313e-07
Mycolicibacterium rhodesiae,9.7257983600052e-08
Methylobacterium sp. XJLW,8.899336974010908e-08
Advenella kashmirensis,7.84937200126734e-08
Natronolimnobius aegyptiacus,7.802848858151635e-08
Azoarcus sp. KH32C,7.383355085099908e-08
Sulfurospirillum multivorans,5.5279767341431806e-08
Pseudoalteromonas sp. 13-15,5.2648211323891304e-08
Polynucleobacter wuianus,5.0521501560041314e-08
Pseudomonas sp. CMR12a,4.456586060186396e-08
Cyclobacterium amurskyense,4.342128232526221e-08
Bosea sp. PAMC 26642,3.823733663033124e-08
Chloroflexus aggregans,3.4037985985335695e-08
Pontibacter akesuensis,3.1126161070815785e-08
Megasphaera stantonii,1.972831906726924e-08
Microbulbifer agarilyticus,1.6301947969310503e-08
Deinococcus maricopensis,1.299119720687969e-08
Corynebacterium sp. 2184,9.644901899363845e-09
Hahella chejuensis,9.056084238068252e-09
Thermosediminibacter oceani,3.3012377720353923e-09
Mycobacterium liflandii,2.0300068737100217e-09
Selenomonas ruminantium,6.661338147750939e-17
Corynebacterium casei,6.661338147750939e-17
Chryseobacterium sp. StRB126,6.661338147750939e-17
Fervidobacterium islandicum,6.661338147750939e-17
Clostridium sp. SY8519,6.661338147750939e-17
Marinobacter hydrocarbonoclasticus,6.661338147750939e-17
Rhodococcus sp. 008,6.661338147750939e-17
Thermodesulfobium acidiphilum,6.661338147750939e-17
Thermanaerovibrio velox,6.661338147750939e-17
Methanosphaerula palustris,6.661338147750939e-17
Chlorobaculum tepidum,6.661338147750939e-17
Candidatus Amoebophilus asiaticus,4.4408920985006264e-17
Methylobacterium radiotolerans,4.4408920985006264e-17
Snodgrassella alvi,4.4408920985006264e-17
Sediminispirochaeta smaragdinae,4.4408920985006264e-17
Corynebacterium crudilactis,4.4408920985006264e-17
Candidatus Babela massiliensis,4.4408920985006264e-17
Dickeya sp. Secpp 1600,4.4408920985006264e-17
Bifidobacterium scardovii,4.4408920985006264e-17
Methylophaga nitratireducenticrescens,4.4408920985006264e-17
Dickeya sp. NCPPB 3274,4.4408920985006264e-17
Methylobacterium sp. AMS5,4.4408920985006264e-17
Corynebacterium argentoratense,4.4408920985006264e-17
Paraglaciecola psychrophila,4.4408920985006264e-17
Candidatus Aquiluna sp. UB-MaderosW2red,4.4408920985006264e-17
Micromonospora tulbaghiae,4.4408920985006264e-17
Treponema primitia,4.4408920985006264e-17
Ignavibacterium album,4.4408920985006264e-17
Idiomarinaceae bacterium HL-53,4.4408920985006264e-17
Flammeovirgaceae bacterium 311,4.4408920985006264e-17
Allochromatium vinosum,4.4408920985006264e-17
Alkalitalea saponilacus,4.4408920985006264e-17
Congregibacter litoralis,4.4408920985006264e-17
Corynebacterium mustelae,4.4408920985006264e-17
Corynebacterium phocae,4.4408920985006264e-17
Edwardsiella anguillarum,4.4408920985006264e-17
Stenotrophomonas sp. YAU14A_MKIMI4_1,4.4408920985006264e-17
Christensenella massiliensis,4.4408920985006264e-17
Bradyrhizobiaceae bacterium SG-6C,4.4408920985006264e-17
Pectobacterium atrosepticum,4.4408920985006264e-17
Pectobacterium parmentieri,4.4408920985006264e-17
Methylobacterium sp. 17Sr1-43,4.4408920985006264e-17
Hydrogenophilus thermoluteolus,4.4408920985006264e-17
Burkholderia sp. KK1,4.4408920985006264e-17
Methanosaeta harundinacea,4.4408920985006264e-17
Desulfobacula toluolica,4.4408920985006264e-17
Desulfobacterium autotrophicum,4.4408920985006264e-17
Desulfofarcimen acetoxidans,4.4408920985006264e-17
Thermococcus eurythermalis,4.4408920985006264e-17
Oceanobacillus iheyensis,4.4408920985006264e-17
Methanoculleus bourgensis,4.4408920985006264e-17
Bartonella apis,4.4408920985006264e-17
Ochrobactrum pituitosum,4.4408920985006264e-17
Nostocales cyanobacterium HT-58-2,4.4408920985006264e-17
Corynebacterium genitalium,4.4408920985006264e-17
Corynebacterium variabile,4.4408920985006264e-17
Bacteroides caecimuris,4.4408920985006264e-17
Marinobacter sp. BSs20148,4.4408920985006264e-17
Thioalkalivibrio nitratireducens,4.4408920985006264e-17
Eubacterium callanderi,4.4408920985006264e-17
Synechococcus sp. CC9311,4.4408920985006264e-17
Thiolapillus brandeum,4.4408920985006264e-17
Ignicoccus hospitalis,4.4408920985006264e-17
Exiguobacterium sp. MH3,4.4408920985006264e-17
Eikenella corrodens,4.4408920985006264e-17
Deinococcus deserti,4.4408920985006264e-17
Nostoc carneum,4.4408920985006264e-17
Leminorella richardii,4.4408920985006264e-17
Neisseria sicca,4.4408920985006264e-17
Dehalobacter restrictus,4.4408920985006264e-17
Leptospira biflexa,4.4408920985006264e-17
Cupriavidus nantongensis,4.4408920985006264e-17
Corynebacterium xerosis,4.4408920985006264e-17
Rhodobacteraceae bacterium,4.4408920985006264e-17
Chitinophaga caeni,4.4408920985006264e-17
Propionibacterium acidifaciens,4.4408920985006264e-17
Flexistipes sinusarabici,4.4408920985006264e-17
Lacimicrobium alkaliphilum,4.4408920985006264e-17
Clostridium novyi,4.4408920985006264e-17
Geminocystis herdmanii,4.4408920985006264e-17
Polaribacter sp. Hel1_33_78,4.4408920985006264e-17
Geobacter daltonii,4.4408920985006264e-17
Francisella tularensis,4.4408920985006264e-17
Paracoccus mutanolyticus,4.4408920985006264e-17
Aminobacterium colombiense,4.4408920985006264e-17
Halioglobus pacificus,4.4408920985006264e-17
Xenorhabdus bovienii,4.4408920985006264e-17
Salinimonas sp. N102,4.4408920985006264e-17
Serratia sp. JKS000199,4.4408920985006264e-17
Acinetobacter sp. ACNIH1,2.2204460492503132e-17
Yersinia similis,2.2204460492503132e-17
Simonsiella muelleri,2.2204460492503132e-17
Bifidobacterium catenulatum,2.2204460492503132e-17
Shewanella sp. ANA-3,2.2204460492503132e-17
Shewanella amazonensis,2.2204460492503132e-17
Shewanella marisflavi,2.2204460492503132e-17
Zoogloeaceae bacteirum Par-f-2,2.2204460492503132e-17
nitrif__Technical Replicate,2.2204460492503132e-17
Syntrophothermus lipocalidus,2.2204460492503132e-17
Psychrobacter sp. AntiMn-1,2.2204460492503132e-17
Candidatus Nanopelagicus hibericus,2.2204460492503132e-17
Candidatus Azobacteroides pseudotrichonymphae,2.2204460492503132e-17
Pseudomonas sp. WCS374,2.2204460492503132e-17
Pseudomonas sp. XWY-1,2.2204460492503132e-17
Calothrix sp. NIES-2100,2.2204460492503132e-17
Corynebacterium deserti,2.2204460492503132e-17
Simiduia agarivorans,2.2204460492503132e-17
Woeseia oceani,2.2204460492503132e-17
Geobacter pickeringii,2.2204460492503132e-17
Methylomicrobium album,2.2204460492503132e-17
Methylomonas clara,2.2204460492503132e-17
Tenacibaculum dicentrarchi,2.2204460492503132e-17
Tenacibaculum sp. SZ-18,2.2204460492503132e-17
Tepidanaerobacter acetatoxydans,2.2204460492503132e-17
Ruegeria sp. AD91A,2.2204460492503132e-17
Ruegeria sp. NKC1-1,2.2204460492503132e-17
Roseobacter litoralis,2.2204460492503132e-17
Polynucleobacter duraquae,2.2204460492503132e-17
Pontibacter korlensis,2.2204460492503132e-17
Pontimonas salivibrio,2.2204460492503132e-17
Polaribacter sp. SA4-10,2.2204460492503132e-17
Paludibacter propionicigenes,2.2204460492503132e-17
Obesumbacterium proteus,2.2204460492503132e-17
Gallionella capsiferriformans,2.2204460492503132e-17
Fuerstia marisgermanicae,2.2204460492503132e-17
Brachybacterium sp. VR2415,2.2204460492503132e-17
Borreliella burgdorferi,2.2204460492503132e-17
Salinispora arenicola,2.2204460492503132e-17
Salipiger profundus,2.2204460492503132e-17
Salinarchaeum sp. Harcht-Bsk1,2.2204460492503132e-17
Legionella pneumophila,2.2204460492503132e-17
Legionella waltersii,2.2204460492503132e-17
Lelliottia sp. WB101,2.2204460492503132e-17
Legionella anisa,2.2204460492503132e-17
Legionella hackeliae,2.2204460492503132e-17
Lactobacillus curvatus,2.2204460492503132e-17
Neisseria lactamica,2.2204460492503132e-17
Corynebacterium ureicelerivorans,2.2204460492503132e-17
Neisseria sp. 10023,2.2204460492503132e-17
Natronomonas pharaonis,2.2204460492503132e-17
Negativicoccus massiliensis,2.2204460492503132e-17
Erythrobacter sp. Alg231-14,2.2204460492503132e-17
Rhodovulum sulfidophilum,2.2204460492503132e-17
Runella slithyformis,2.2204460492503132e-17
Saccharospirillum mangrovi,2.2204460492503132e-17
Rhodococcus sp. H-CA8f,2.2204460492503132e-17
Enterobacter cloacae,2.2204460492503132e-17
Enterobacter cloacae complex sp. ECNIH7,2.2204460492503132e-17
Deinococcus puniceus,2.2204460492503132e-17
Pseudomonas libanensis,2.2204460492503132e-17
Cellvibrio sp. PSBB023,2.2204460492503132e-17
Pseudanabaena sp. PCC 7367,2.2204460492503132e-17
Pseudarcicella sp. HME7025,2.2204460492503132e-17
Prochlorococcus marinus,2.2204460492503132e-17
Lactobacillus sakei,2.2204460492503132e-17
Komagataeibacter europaeus,2.2204460492503132e-17
Kordia sp. SMS9,2.2204460492503132e-17
Sphingopyxis alaskensis,2.2204460492503132e-17
Belliella baltica,2.2204460492503132e-17
Burkholderia multivorans,2.2204460492503132e-17
Enterobacteriaceae bacterium w17,2.2204460492503132e-17
Enterococcus faecium,2.2204460492503132e-17
Actinobacillus succinogenes,2.2204460492503132e-17
Klebsiella quasipneumoniae,2.2204460492503132e-17
Klebsiella quasivariicola,2.2204460492503132e-17
Klebsiella variicola,2.2204460492503132e-17
Exiguobacterium sp. N4-1P,2.2204460492503132e-17
Tolumonas auensis,2.2204460492503132e-17
Thiomicrospira cyclica,2.2204460492503132e-17
Thermus parvatiensis,2.2204460492503132e-17
Magnetospira sp. QH-2,2.2204460492503132e-17
Magnetospirillum sp. ME-1,2.2204460492503132e-17
Maribacter cobaltidurans,2.2204460492503132e-17
Nitrosococcus halophilus,2.2204460492503132e-17
Nostoc linckia,2.2204460492503132e-17
Synechococcus sp. NIES-970,2.2204460492503132e-17
Synechococcus sp. PCC 6312,2.2204460492503132e-17
Turneriella parva,2.2204460492503132e-17
Agarilytica rhodophyticola,2.2204460492503132e-17
Aeromonas dhakensis,2.2204460492503132e-17
Desulfotomaculum reducens,2.2204460492503132e-17
Enterobacter roggenkampii,2.2204460492503132e-17
Enterobacter sp. E20,2.2204460492503132e-17
Leptospirillum sp. Group II 'CF-1',2.2204460492503132e-17
Leptospira interrogans,2.2204460492503132e-17
Thermotoga maritima,2.2204460492503132e-17
Nitrosomonas sp. AL212,2.2204460492503132e-17
Cytophagales bacterium TFI 002,2.2204460492503132e-17
Mycobacterium canettii,2.2204460492503132e-17
Microchaete diplosiphon,2.2204460492503132e-17
Mycolicibacterium goodii,2.2204460492503132e-17
Denitrovibrio acetiphilus,2.2204460492503132e-17
Aeromonas sp. CA23,2.2204460492503132e-17
Aeromonas sp. CU5,2.2204460492503132e-17
Pseudomonas avellanae,2.2204460492503132e-17
Pseudodesulfovibrio piezophilus,2.2204460492503132e-17
Mycobacterium leprae,2.2204460492503132e-17
Pseudomonas alcaliphila,2.2204460492503132e-17
Pseudomonas antarctica,2.2204460492503132e-17
Asaia bogorensis,2.2204460492503132e-17
Haloferax volcanii,2.2204460492503132e-17
Hymenobacter sp. sh-6,2.2204460492503132e-17
Thermacetogenium phaeum,2.2204460492503132e-17
Eggerthella sp. YY7918,2.2204460492503132e-17
Aggregatibacter actinomycetemcomitans,2.2204460492503132e-17
Streptococcus pneumoniae,2.2204460492503132e-17
Streptococcus suis,2.2204460492503132e-17
Stenotrophomonas sp. SAU14A_NAIMI4_5,2.2204460492503132e-17
Capnocytophaga haemolytica,2.2204460492503132e-17
Pseudomonas asplenii,2.2204460492503132e-17
Calothrix brevissima,2.2204460492503132e-17
Calothrix parasitica,2.2204460492503132e-17
Sphingorhabdus sp. YGSMI21,2.2204460492503132e-17
Spirochaeta africana,2.2204460492503132e-17
Spirosoma aerolatum,2.2204460492503132e-17
Burkholderia sp. MSMB1588,2.2204460492503132e-17
Burkholderia sp. MSMB617WGS,2.2204460492503132e-17
Thermoanaerobacterales bacterium SK-G1,2.2204460492503132e-17
Intestinimonas butyriciproducens,2.2204460492503132e-17
Erwinia pyrifoliae,2.2204460492503132e-17
Synechococcus sp. PCC 7003,2.2204460492503132e-17
Synechococcus sp. SynAce01,2.2204460492503132e-17
Cellulomonas sp. PSBB021,2.2204460492503132e-17
Cellulophaga algicola,2.2204460492503132e-17
Cellulosilyticum lentocellum,2.2204460492503132e-17
Renibacterium salmoninarum,2.2204460492503132e-17
Proteus vulgaris,2.2204460492503132e-17
Providencia rettgeri,2.2204460492503132e-17
Chlorobium phaeobacteroides,2.2204460492503132e-17
Oligella urethralis,2.2204460492503132e-17
Corynebacterium resistens,2.2204460492503132e-17
Octadecabacter antarcticus,2.2204460492503132e-17
Hippea maritima,2.2204460492503132e-17
Haloterrigena turkmenica,2.2204460492503132e-17
Nonlabens dokdonensis,2.2204460492503132e-17
Nonlabens sp. Hel1_33_55,2.2204460492503132e-17
Bacillus kochii,2.2204460492503132e-17
Streptomyces autolyticus,2.2204460492503132e-17
Pseudarthrobacter chlorophenolicus,2.2204460492503132e-17
Pseudoalteromonas carrageenovora,2.2204460492503132e-17
Pseudoalteromonas rubra,2.2204460492503132e-17
Prosthecochloris sp. HL-130-GSB,2.2204460492503132e-17
Cyanothece sp. PCC 7822,2.2204460492503132e-17
Myxococcus fulvus,2.2204460492503132e-17
Algoriphagus machipongonensis,2.2204460492503132e-17
Corynebacterium halotolerans,2.2204460492503132e-17
Corynebacterium falsenii,2.2204460492503132e-17
Corynebacterium frankenforstense,2.2204460492503132e-17
Oceanobacillus sp. 160,2.2204460492503132e-17
Nostoc sp. PCC 7524,2.2204460492503132e-17
Roseovarius mucosus,2.2204460492503132e-17
Roseovarius sp. TM1035,2.2204460492503132e-17
Roseiflexus castenholzii,2.2204460492503132e-17
Bacteroides helcogenes,2.2204460492503132e-17
Beijerinckia indica,2.2204460492503132e-17
Brucella melitensis,2.2204460492503132e-17
Erwinia amylovora,2.2204460492503132e-17
Kangiella profundi,2.2204460492503132e-17
Vibrio coralliilyticus,2.2204460492503132e-17
Vibrio diabolicus,2.2204460492503132e-17
Vibrio harveyi,2.2204460492503132e-17
Treponema pallidum,2.2204460492503132e-17
Trichormus variabilis,2.2204460492503132e-17
Flavivirga eckloniae,2.2204460492503132e-17
Fictibacillus arsenicus,2.2204460492503132e-17
Fictibacillus phosphorivorans,2.2204460492503132e-17
Moorella thermoacetica,2.2204460492503132e-17
Mordavella sp. Marseille-P3756,2.2204460492503132e-17
Mollivirus sibericum,2.2204460492503132e-17
Micromonospora siamensis,2.2204460492503132e-17
Desulfotalea psychrophila,2.2204460492503132e-17
Rahnella sp. Y9602,2.2204460492503132e-17
Vibrio campbellii,2.2204460492503132e-17
Vibrio cholerae,2.2204460492503132e-17
Mesorhizobium phage vB_MloP_Lo5R7ANS,2.2204460492503132e-17
Thermococcus celer,2.2204460492503132e-17
Burkholderia sp. LA-2-3-30-S1-D2,2.2204460492503132e-17
Burkholderia sp. MSMB0266,2.2204460492503132e-17
Burkholderia sp. MSMB0852,2.2204460492503132e-17
Desulfarculus baarsii,2.2204460492503132e-17
Microbacterium sp. 10M-3C3,2.2204460492503132e-17
Methyloversatilis sp. RAC08,2.2204460492503132e-17
Halothece sp. PCC 7418,2.2204460492503132e-17
Actinoplanes sp. SE50/110,2.2204460492503132e-17
Actinosynnema mirum,2.2204460492503132e-17
Actinomyces meyeri,2.2204460492503132e-17
Marichromatium purpuratum,2.2204460492503132e-17
Methylacidiphilum fumariolicum,2.2204460492503132e-17
Methanoregula formicica,2.2204460492503132e-17
Melioribacter roseus,2.2204460492503132e-17
Stigmatella aurantiaca,2.2204460492503132e-17
Aggregatibacter segnis,2.2204460492503132e-17
Desulfococcus oleovorans,2.2204460492503132e-17
Elusimicrobium minutum,2.2204460492503132e-17
Marinobacter sp. LQ44,2.2204460492503132e-17
Marinobacter sp. es.042,2.2204460492503132e-17
Marinobacterium aestuarii,2.2204460492503132e-17
Maribacter sp. T28,2.2204460492503132e-17
Dickeya dianthicola,2.2204460492503132e-17
Dickeya fangzhongdai,2.2204460492503132e-17
Dickeya sp. DW 0440,2.2204460492503132e-17
Diaphorobacter polyhydroxybutyrativorans,2.2204460492503132e-17
Dickeya dadantii,2.2204460492503132e-17
Pseudomonas sp. R3-18-08,2.2204460492503132e-17
Candidatus Kuenenia stuttgartiensis,2.2204460492503132e-17
Stenotrophomonas sp. WZN-1,2.2204460492503132e-17
Streptomyces sp. CFMR 7,2.2204460492503132e-17
Bacillus sp. FJAT-22090,2.2204460492503132e-17
Bacillus sp. FJAT-45348,2.2204460492503132e-17
Bacillus sp. IHB B 7164,2.2204460492503132e-17
Bacillus paralicheniformis,2.2204460492503132e-17
Bacillus phage BM5,2.2204460492503132e-17
Candidatus Rhodoluna planktonica,2.2204460492503132e-17
Pseudomonas savastanoi,2.2204460492503132e-17
Halocynthiibacter arcticus,2.2204460492503132e-17
Odoribacter splanchnicus,2.2204460492503132e-17
Confluentimicrobium sp. EMB200-NS6,2.2204460492503132e-17
Alcaligenes aquatilis,2.2204460492503132e-17
Paenibacillus peoriae,2.2204460492503132e-17
Paenibacillus sp. CAA11,2.2204460492503132e-17
Paenibacillus bovis,2.2204460492503132e-17
Paenibacillus larvae,2.2204460492503132e-17
Glaesserella parasuis,2.2204460492503132e-17
Geobacillus sp. GHH01,2.2204460492503132e-17
Geobacillus subterraneus,2.2204460492503132e-17
Acetohalobium arabaticum,2.2204460492503132e-17
Acidithiobacillus ferrivorans,2.2204460492503132e-17
Acinetobacter oleivorans,2.2204460492503132e-17
Acinetobacter sp. WCHA45,2.2204460492503132e-17
Yersinia massiliensis,2.2204460492503132e-17
Streptomyces niveus,2.2204460492503132e-17
Citrobacter freundii complex sp. CFNIH9,2.2204460492503132e-17
Cloacibacillus porcorum,2.2204460492503132e-17
Petrimonas mucosa,2.2204460492503132e-17
Chryseobacterium sp. 6424,2.2204460492503132e-17
Acetomicrobium mobile,2.2204460492503132e-17
Pelodictyon phaeoclathratiforme,2.2204460492503132e-17
Gilvibacter sp. SZ-19,2.2204460492503132e-17
Halomonas sp. hl-4,2.2204460492503132e-17
Halomonas sp. GFAJ-1,2.2204460492503132e-17
Halomonas sp. GT,2.2204460492503132e-17
Halomonas sp. N3-2A,2.2204460492503132e-17
Corynebacterium camporealensis,2.2204460492503132e-17
Aneurinibacillus soli,2.2204460492503132e-17
Aneurinibacillus sp. XH2,2.2204460492503132e-17
Azospira oryzae,2.2204460492503132e-17
Paenibacillus sp. Y412MC10,2.2204460492503132e-17
Corynebacterium aquilae,2.2204460492503132e-17
Selenomonas sp. oral taxon 478,2.2204460492503132e-17
Selenomonas sputigena,2.2204460492503132e-17
Sedimenticola thiotaurini,2.2204460492503132e-17
Bifidobacterium dentium,2.2204460492503132e-17
Bacteriovorax stolpii,2.2204460492503132e-17
Verrucomicrobium spinosum,2.2204460492503132e-17
Planococcus sp. Y42,2.2204460492503132e-17
Phreatobacter cathodiphilus,2.2204460492503132e-17
Phycisphaera mikurensis,2.2204460492503132e-17
Phaeobacter porticola,2.2204460492503132e-17
Clostridium estertheticum,2.2204460492503132e-17
Thermosulfidibacter takaii,2.2204460492503132e-17
Lacinutrix sp. 5H-3-7-4,2.2204460492503132e-17
Lactobacillus paracollinoides,2.2204460492503132e-17
Halobacteriovorax sp. BALOs_7,2.2204460492503132e-17
Vibrio mediterranei,2.2204460492503132e-17
Vibrio nigripulchritudo,2.2204460492503132e-17
Aminomonas paucivorans,2.2204460492503132e-17
Pantoea stewartii,2.2204460492503132e-17
Pleurocapsa minor,2.2204460492503132e-17
Polaribacter sp. BM10,2.2204460492503132e-17
Planctopirus limnophila,2.2204460492503132e-17
[Clostridium] cellulosi,2.2204460492503132e-17
[Clostridium] saccharolyticum,2.2204460492503132e-17
Acidihalobacter ferrooxidans,2.2204460492503132e-17
Acinetobacter haemolyticus,2.2204460492503132e-17
Gramella forsetii,2.2204460492503132e-17
Xanthomonas axonopodis,2.2204460492503132e-17
Flavobacterium sp. CJ74,2.2204460492503132e-17
Halobacillus halophilus,2.2204460492503132e-17
Serratia sp. FDAARGOS_506,2.2204460492503132e-17
Geobacillus genomosp. 3,2.2204460492503132e-17
Aquifex aeolicus,2.2204460492503132e-17
Anaerotignum propionicum,2.2204460492503132e-17
endosymbiont of Acanthamoeba sp. UWC8,2.2204460492503132e-17
[Eubacterium] cellulosolvens,2.2204460492503132e-17
[Polyangium] brachysporum,2.2204460492503132e-17
[Bacillus] selenitireducens,2.2204460492503132e-17
Acaryochloris marina,0.0
Acetobacter persici,0.0
Acetobacter senegalensis,0.0
Acetobacter tropicalis,0.0
Georgenia sp. ZLJ0423,0.0
Geosporobacter ferrireducens,0.0
Glaciecola nitratireducens,0.0
Formosa sp. Hel3_A1_48,0.0
Flavobacterium sp. HYN0048,0.0
Flavobacterium sp. HYN0059,0.0
Fluoribacter dumoffii,0.0
Acinetobacter lactucae,0.0
Wolbachia endosymbiont of Drosophila simulans,0.0
Wolinella succinogenes,0.0
Gramella sp. MAR_2010_102,0.0
Serratia sp. ATCC 39006,0.0
Gardnerella vaginalis,0.0
Geoalkalibacter subterraneus,0.0
Vibrio mimicus,0.0
Vibrio parahaemolyticus,0.0
Vibrio scophthalmi,0.0
Halobacterium salinarum,0.0
Virgibacillus necropolis,0.0
Bifidobacterium thermophilum,0.0
Bradyrhizobium sp. 3 85S1MB,0.0
Bradyrhizobium sp. BTAi1,0.0
Bifidobacterium choerinum,0.0
Bifidobacterium indicum,0.0
Sedimentisphaera cyanobacteriorum,0.0
Sediminicola sp. YIK13,0.0
Serratia sp. 3ACOL1,0.0
Halorhabdus utahensis,0.0
Halomonas hydrothermalis,0.0
Halomonas sp. HL-93,0.0
Aequorivita sublithincola,0.0
Halomonas sp. SF2003,0.0
Sodalis glossinidius,0.0
Sodalis praecaptivus,0.0
Solibacillus silvestris,0.0
Clostridium sp. MF28,0.0
Clostridium tetani,0.0
Parasaccharibacter apium,0.0
Parascardovia denticolens,0.0
Cohnella sp. 18JY8-7,0.0
Parachlamydia acanthamoebae,0.0
Anaplasma marginale,0.0
Parageobacillus genomosp. 1,0.0
Polaribacter sp. KT 15,0.0
Piscirickettsia salmonis,0.0
Planctomyces sp. SH-PL14,0.0
Ammonifex degensii,0.0
Amycolatopsis japonica,0.0
Anabaenopsis circularis,0.0
Alteromonas macleodii,0.0
Clostridium sp. JN500901,0.0
Pirellula staleyi,0.0
Clostridiales bacterium CCNA10,0.0
Clostridium acetobutylicum,0.0
Chromobacterium sp. ATCC 53434,0.0
Planococcus maritimus,0.0
Planococcus rifietoensis,0.0
Photobacterium damselae,0.0
Photorhabdus laumondii,0.0
Citrobacter sp. FDAARGOS_156,0.0
Citrobacter youngae,0.0
Clostridium tyrobutyricum,0.0
Cnuibacter physcomitrellae,0.0
Cohaesibacter sp. ES.047,0.0
Clostridium drakei,0.0
Clostridium isatidis,0.0
Clostridium pasteurianum,0.0
Paenibacillus sp. FSL H7-0357,0.0
Paenibacillus crassostreae,0.0
Paenibacillus ihbetae,0.0
Paenibacillus naphthalenovorans,0.0
Streptomyces sp. PVA 94-07,0.0
Comamonadaceae bacterium B1,0.0
Alistipes sp. Marseille-P5997,0.0
Alcanivorax dieselolei,0.0
Chlorobium phaeovibrioides,0.0
Chloroherpeton thalassium,0.0
Oscillatoria acuminata,0.0
Oscillibacter valericigenes,0.0
Owenweeksia hongkongensis,0.0
Paenalcaligenes hominis,0.0
Streptomyces sp. S8,0.0
Alteromonas mediterranea,0.0
Clostridium chauvoei,0.0
Pectobacterium polaris,0.0
Pectobacterium wasabiae,0.0
Auritidibacter sp. NML130574,0.0
Arthrobacter sp. QXT-31,0.0
Polynucleobacter acidiphobus,0.0
Polynucleobacter asymbioticus,0.0
Aureimonas sp. AU20,0.0
Paenibacillus sp. FSL R7-0331,0.0
Arcanobacterium haemolyticum,0.0
Arcanobacterium phocae,0.0
Altererythrobacter atlanticus,0.0
Paenibacillus terrae,0.0
Corynebacterium callunae,0.0
Clostridium bornimense,0.0
Clostridium butyricum,0.0
Novibacillus thermophilus,0.0
Novosphingobium aromaticivorans,0.0
Novosphingobium sp. THN1,0.0
Corynebacterium efficiens,0.0
Oceanisphaera profunda,0.0
Algibacter alginicilyticus,0.0
Algoriphagus sp. M8-2,0.0
Corynebacterium humireducens,0.0
Bacillus infantis,0.0
Bacillus krulwichiae,0.0
Nostoc sp. CENA543,0.0
Nostoc sp. NIES-4103,0.0
Nostoc sp. PCC 7107,0.0
Nonlabens marinus,0.0
Nonlabens sp. MB-3u-79,0.0
Nonlabens sp. MIC269,0.0
Chromobacterium sp. IIBBL 112-1,0.0
Chromobacterium sp. IIBBL 274-1,0.0
Chromobacterium vaccinii,0.0
Chromohalobacter salexigens,0.0
Chlorobium chlorochromatii,0.0
Proteus mirabilis,0.0
Pseudoalteromonas atlantica,0.0
Bacillus halodurans,0.0
Alcanivorax xenomutans,0.0
Corynebacterium pseudopelargi,0.0
Commensalibacter sp. AMU001,0.0
Corynebacterium riegelii,0.0
Corynebacterium simulans,0.0
Paenibacillaceae bacterium GAS479,0.0
Oleispira antarctica,0.0
Olleya sp. Bg11-27,0.0
Nitrosomonas ureae,0.0
Crinalium epipsammum,0.0
Corynebacterium timonense,0.0
Corynebacterium urealyticum,0.0
Cyanobium gracile,0.0
Neisseria mucosa,0.0
Nakamurella sp. s14-144,0.0
Natrialba magadii,0.0
Cellulophaga baltica,0.0
Propionibacterium sp. oral taxon 193,0.0
Propionimicrobium sp. Marseille-P3275,0.0
Porphyrobacter neustonensis,0.0
Synechococcus sp. PCC 7502,0.0
Synechococcus sp. RCC307,0.0
Niabella soli,0.0
Nitratifractor salsuginis,0.0
Sulfuricurvum kujiense,0.0
Nonlabens spongiae,0.0
Aurantimicrobium minutum,0.0
Aurantimicrobium sp. MWH-Mo1,0.0
Streptomyces cavourensis,0.0
Celeribacter marinus,0.0
Porphyromonas asaccharolytica,0.0
Cellulomonas gilvus,0.0
Corynebacterium kroppenstedtii,0.0
Cyclobacterium marinum,0.0
Mycoplasma haemofelis,0.0
Mycoplasma pneumoniae,0.0
Sulfitobacter sp. AM1-D1,0.0
Alistipes finegoldii,0.0
Cronobacter turicensis,0.0
Nitrosospira multiformis,0.0
Mycolicibacter terrae,0.0
Deinococcus swuensis,0.0
Microbacterium sp. str. 'China',0.0
Microbulbifer aggregans,0.0
Muricauda ruestringensis,0.0
Mycobacterium avium,0.0
Mycobacterium colombiense,0.0
Cyanobacterium aponinum,0.0
Pseudomonas phage phiPsa374,0.0
Chloracidobacterium thermophilum,0.0
Desulfotomaculum ruminis,0.0
Desulfovibrio alaskensis,0.0
Synechococcus sp. WH 8020,0.0
Aeribacillus pallidus,0.0
Mycobacterium sp. MOTT36Y,0.0
Mycobacterium ulcerans,0.0
Prevotella denticola,0.0
Prevotella enoeca,0.0
Prevotella ruminicola,0.0
Bacillus cellulosilyticus,0.0
Bacillus cytotoxicus,0.0
Streptomyces albidoflavus,0.0
Chamaesiphon minutus,0.0
Chania multitudinisentens,0.0
Natronobacterium gregoryi,0.0
Neisseria subflava,0.0
Neisseria weaveri,0.0
Ndongobacter massiliensis,0.0
Neisseria elongata,0.0
Synechococcus sp. CC9605,0.0
Synechococcus sp. JA-2-3B'a(2-13),0.0
Providencia stuartii,0.0
Micromonospora viridifaciens,0.0
Micromonospora zamorensis,0.0
Moorea producens,0.0
Moraxella bovoculi,0.0
Moraxella osloensis,0.0
Morganella morganii,0.0
Murdochiella vaginalis,0.0
Methylorubrum zatmanii,0.0
Streptococcus gordonii,0.0
Bacillus sp. OxB-1,0.0
Bacillus subtilis,0.0
Tannerella forsythia,0.0
Tatlockia micdadei,0.0
Agarivorans gilvus,0.0
Aggregatibacter aphrophilus,0.0
Micromonospora sp. B006,0.0
Candidatus Xiphinematobacter sp. Idaho Grape,0.0
Capnocytophaga canimorsus,0.0
Candidatus Planktophila lacus,0.0
Bacillus xiamenensis,0.0
Stenotrophomonas sp. ESTM1D_MKCIP4_1,0.0
Capnocytophaga leadbetteri,0.0
Carboxydocella thermautotrophica,0.0
Carboxydothermus hydrogenoformans,0.0
Mycobacterium pseudoshottsii,0.0
Dactylococcopsis salina,0.0
Muricauda lutaonensis,0.0
Dehalobacterium formicoaceticum,0.0
Deinococcus ficus,0.0
Pseudoalteromonas spongiae,0.0
Pseudohongiella spirulinae,0.0
Candidatus Sodalis pierantonius,0.0
Tenacibaculum todarodis,0.0
Teredinibacter turnerae,0.0
Tessaracoccus aquimaris,0.0
Methylococcus capsulatus,0.0
Tessaracoccus flavus,0.0
Tessaracoccus sp. Marseille-P5995,0.0
Methylovorus glucosotrophus,0.0
Methylomonas koyamae,0.0
Candidatus Methylopumilus planktonicus,0.0
Pseudomonas sp. LG1E9,0.0
Pseudomonas sp. R4-35-07,0.0
Pseudomonas sp. TMW 2.1634,0.0
Pseudomonas sp. Os17,0.0
Meiothermus silvanus,0.0
Dichelobacter nodosus,0.0
Tenacibaculum maritimum,0.0
Desulfobacter postgatei,0.0
Synechocystis sp. PCC 6714,0.0
Syntrophobotulus glycolicus,0.0
Desulfocapsa sulfexigens,0.0
Streptomyces alfalfae,0.0
Bacillus beveridgei,0.0
Pseudomonas sp. LG1D9,0.0
Candidatus Methanomethylophilus alvus,0.0
Microcystis sp. MC19,0.0
Dermabacter vaginalis,0.0
Desulfohalobium retbaense,0.0
Desulfosporosinus acidiphilus,0.0
Desulfatibacillum alkenivorans,0.0
Desulfitobacterium dehalogenans,0.0
Desulfitobacterium hafniense,0.0
Desulfitobacterium metallireducens,0.0
Candidatus Cloacimonas acidaminovorans,0.0
Candidatus Coxiella mudrowiae,0.0
Candidatus Desulforudis audaxviator,0.0
Candidatus Endolissoclinum faulkneri,0.0
Candidatus Evansia muelleri,0.0
Psychromicrobium lacuslunae,0.0
Candidatus Nucleicultrix amoebiphila,0.0
Candidatus Paracaedibacter acanthamoebae,0.0
Staphylococcus epidermidis,0.0
Pseudomonas sp. bs2935,0.0
Pseudomonas sp. phDV1,0.0
Bacillus pumilus,0.0
Calothrix sp. NIES-3974,0.0
Campylobacter concisus,0.0
Campylobacter curvus,0.0
Campylobacter gracilis,0.0
Dialister sp. Marseille-P5638,0.0
Desulfovibrio salexigens,0.0
Desulfurella acetivorans,0.0
Devriesea agamarum,0.0
Candidatus Profftella armatura,0.0
Candidatus Protochlamydia naegleriophila,0.0
Candidatus Puniceispirillum marinum,0.0
Bacillus pseudofirmus,0.0
Methylophaga frappieri,0.0
Dietzia psychralcaliphila,0.0
Dietzia timorensis,0.0
Dinoroseobacter shibae,0.0
Marinomonas mediterranea,0.0
Methylobacterium nodulans,0.0
Methylobacterium phyllosphaerae,0.0
Microbacterium hominis,0.0
Methanosarcina mazei,0.0
Methanosarcina sp. MTP4,0.0
Marinifilaceae bacterium SPP2,0.0
Mariniflexile sp. TRM1-10,0.0
Dolichospermum compactum,0.0
Echinicola strongylocentroti,0.0
Echinicola vietnamensis,0.0
Edwardsiella hoshinae,0.0
Methanothrix soehngenii,0.0
Methylacidiphilum infernorum,0.0
Methanolacinia petrolearia,0.0
Methanolinea tarda,0.0
Methanopyrus sp. KOL6,0.0
Mariprofundus ferrinatatus,0.0
Marivivens sp. JLT3646,0.0
Methanosarcina barkeri,0.0
Pusillimonas sp. T7-7,0.0
Thermoclostridium stercorarium,0.0
Thermococcus kodakarensis,0.0
Thermocrinis minervae,0.0
Thermodesulfatator indicus,0.0
Thermodesulfobacterium geofontis,0.0
Metallosphaera sedula,0.0
Methanocorpusculum labreanum,0.0
Pseudomonas virus PaMx74,0.0
Pseudonocardia sp. EC080619-01,0.0
Burkholderia sp. MSMB0856,0.0
Pseudopedobacter saltans,0.0
Psychrobacter alimentarius,0.0
Burkholderia stagnalis,0.0
Burkholderia thailandensis,0.0
Psychromonas ingrahamii,0.0
Marinobacter salinus,0.0
Mahella australiensis,0.0
Mannheimia haemolytica,0.0
Thermus scotoductus,0.0
Thermus sp. CCB_US3_UF1,0.0
Thioalkalivibrio paradoxus,0.0
Thioalkalivibrio sp. K90mix,0.0
Thermotoga caldifontis,0.0
Lachnospiraceae bacterium oral taxon 500,0.0
Lacinutrix venerupis,0.0
Lactobacillus casei,0.0
Thermoproteus uzoniensis,0.0
Thermosynechococcus elongatus,0.0
Maribacter sp. 1_2014MBL_MicDiv,0.0
Listeria innocua,0.0
Lysinibacillus sp. Marseille-P5727,0.0
Burkholderiales bacterium YL45,0.0
Caldanaerobacter subterraneus,0.0
Caldithrix abyssi,0.0
Burkholderia anthina,0.0
Ralstonia mannitolilytica,0.0
Ralstonia pseudosolanacearum,0.0
Reinekea forsetii,0.0
Lachnospiraceae bacterium GAM79,0.0
Edwardsiella ictaluri,0.0
Elizabethkingia miricola,0.0
Thermanaerovibrio acidaminovorans,0.0
Thermincola potens,0.0
Thauera sp. K11,0.0
Rhodoferax antarcticus,0.0
Rhodoluna lacicola,0.0
Rhizobium sp. CCGE532,0.0
Komagataeibacter saccharivorans,0.0
Ferrimonas balearica,0.0
Lactobacillus pentosus,0.0
Lactobacillus rhamnosus,0.0
Lactobacillus zymae,0.0
Lachnoclostridium phocaeense,0.0
Lachnoclostridium sp. YL32,0.0
Lelliottia amnigena,0.0
Rhodobacteraceae bacterium BAR1,0.0
Rhodobacteraceae bacterium QY30,0.0
Sphingomonas sp. YZ-8,0.0
Rhodococcus biphenylivorans,0.0
Rhodococcus pyridinivorans,0.0
Rhodobaca barguzinensis,0.0
Rhodobacter sphaeroides,0.0
Komagataeibacter medellinensis,0.0
Limnobaculum parvum,0.0
Enterobacteriaceae bacterium w6,0.0
Enterococcus faecalis,0.0
Enterobacter cloacae complex sp. FDA-CDC-AR_0164,0.0
Burkholderia latens,0.0
Bernardetia litoralis,0.0
Bifidobacterium adolescentis,0.0
Bacteroides zoogleoformans,0.0
Thermotoga petrophila,0.0
Leptolyngbya boryana,0.0
Leptolyngbya sp. NIES-3755,0.0
Marinobacter sp. CP1,0.0
Enterobacter sp. HK169,0.0
Leptospira kmetyi,0.0
Leptospirillum ferriphilum,0.0
Leptospirillum ferrooxidans,0.0
Exiguobacterium sp. AT1b,0.0
Tumebacillus algifaecis,0.0
Turicibacter sp. H121,0.0
Actinobacteria bacterium IMCC26077,0.0
Treponema denticola,0.0
Janthinobacterium sp. B9-8,0.0
Labrenzia aggregata,0.0
Laceyella sacchari,0.0
Brevibacterium aurantiacum,0.0
Brevundimonas diminuta,0.0
Erythrobacter sp. YH-07,0.0
Treponema caldarium,0.0
Thiomicrospira aerophila,0.0
Faecalibacterium prausnitzii,0.0
Thioploca ingrica,0.0
Treponema azotonutricium,0.0
Ruminococcus champanellensis,0.0
Bradyrhizobium sp. ORS 285,0.0
Bradyrhizobium sp. SK17,0.0
Brenneria sp. EniD312,0.0
Rhodoplanes sp. Z2-YC6860,0.0
Brucella sp. 141012304,0.0
Rickettsia endosymbiont of Ixodes scapularis,0.0
Brevibacillus laterosporus,0.0
Lelliottia jeotgali,0.0
Lactococcus sp. 1JSPR-7,0.0
Leadbetterella byssophila,0.0
Thermotoga sp. 2812B,0.0
Thermovibrio ammonificans,0.0
Legionella oakridgensis,0.0
Rhodothermaceae bacterium,0.0
Rhodothermus marinus,0.0
Fischerella sp. NIES-3754,0.0
Fischerella sp. NIES-4106,0.0
Flagellimonas sp. HME9304,0.0
Flammeovirga sp. MY04,0.0
Flavobacteriaceae bacterium 3519-10,0.0
Treponema sp. OMZ 838,0.0
Trichormus azollae,0.0
Flavobacteriaceae bacterium MAR_2010_188,0.0
Bacteroides fragilis,0.0
Rubinisphaera brasiliensis,0.0
Rickettsia helvetica,0.0
Rickettsia rickettsii,0.0
Halodesulfurarchaeum formicicum,0.0
Halogeometricum borinquense,0.0
Hymenobacter sp. DG25A,0.0
Fibrella aestuarina,0.0
Bacteroides heparinolyticus,0.0
Bacteroides ovatus,0.0
Sphaerospermopsis kisseleviana,0.0
Sphingobacterium sp. G1-14,0.0
Roseburia hominis,0.0
Roseibacterium elongatum,0.0
Bacteroidales bacterium CF,0.0
Bacteroides cellulosilyticus,0.0
Ketobacter alkanivorans,0.0
Escherichia marmotae,0.0
Kingella kingae,0.0
Kitasatospora albolonga,0.0
Bathymodiolus septemdierum thioautotrophic gill symbiont,0.0
Beggiatoa leptomitoformis,0.0
Brucella abortus,0.0
Brucella sp. 09RB8471,0.0
Gallaecimonas sp. HK-28,0.0
Formosa agariphila,0.0
Formosa sp. Hel1_31_208,0.0
Halohasta litchfieldiae,0.0
Halomicrobium mukohataei,0.0
Halomonas aestuarii,0.0
Halomonas beimenensis,0.0
Halomonas campaniensis,0.0
Salmonella bongori,0.0
Salimicrobium jeotgali,0.0
Bradyrhizobium japonicum,0.0
Borrelia hermsii,0.0
Borrelia parkeri,0.0
Borreliella bavariensis,0.0
Brachybacterium saurashtrense,0.0
Friedmanniella sagamiharensis,0.0
Halorubrum lacusprofundi,0.0
Halostagnicola larsenii,0.0
Hirschia baltica,0.0
Humibacter sp. BT305,0.0
Hydromonas sp. F02,0.0
Halothermothrix orenii,0.0
Ruminococcus albus,0.0
Brachybacterium ginsengisoli,0.0
Flavobacteriaceae bacterium UJ101,0.0
Flavobacterium crassostreae,0.0
Vibrio breoganii,0.0
Vibrio fluvialis,0.0
Vibrio furnissii,0.0
Hartmannibacter diazotrophicus,0.0
Halorhodospira halochloris,0.0
Halorientalis sp. IM1011,0.0
Achromobacter ruhlandii,0.0
Xylanimonas cellulosilytica,0.0
Xylella fastidiosa,0.0
Xylella taiwanensis,0.0
Yangia pacifica,0.0
chem__Ca (Mehlich 1 mg/kg dry weight),0.0
Acetobacter oryzifermentans,0.0
Geobacillus sp. WCH70,0.0
Shewanella baltica,0.0
Shewanella pealeana,0.0
Zhongshania aliphaticivorans,0.0
Bifidobacterium asteroides,0.0
Shewanella sediminis,0.0
Shewanella sp. WE21,0.0
Shewanella violacea,0.0
Shimwellia blattae,0.0
Gramella sp. SH35,0.0
Salinicoccus halodurans,0.0
Salinimonas sp. HMF8227,0.0
Serratia sp. FS14,0.0
Serratia sp. SSNIH1,0.0
Zunongwangia profunda,0.0
Yersinia intermedia,0.0
Yersinia pseudotuberculosis,0.0
Gordonia phthalatica,0.0
Granulosicoccus antarcticus,0.0
Haematospirillum jordaniae,0.0
Haemophilus influenzae,0.0
Gottschalkia acidurici,0.0
Haliscomenobacter hydrossis,0.0
Haloarcula hispanica,0.0
Gramella sp. MAR_2010_147,0.0
Pelobacter sp. SFB93,0.0
Pelodictyon luteolum,0.0
Pelosinus fermentans,0.0
Peptoclostridium acidaminophilum,0.0
Persephonella marina,0.0
Persicobacter sp. JZB09,0.0
Chryseobacterium joostei,0.0
Clostridium septicum,0.0
[Pseudomonas] mesoacidophila,0.0
Xenorhabdus hominickii,0.0
gamma proteobacterium HdN1,0.0
halophilic archaeon DL31,0.0
soil_total_N,0.0
Aquimarina sp. AD10,0.0
Arachidicoccus sp. BS20,0.0
Pelobacter propionicus,0.0
Winogradskyella sp. RHA_55,0.0
Bifidobacterium kashiwanohense,0.0
Bifidobacterium pseudocatenulatum,0.0
Siansivirga zeaxanthinifaciens,0.0
Sideroxydans lithotrophicus,0.0
Simkania negevensis,0.0
[Clostridium] sphenoides,0.0
[Eubacterium] minutum,0.0
Wolbachia endosymbiont of Drosophila melanogaster,0.0
Gloeobacter kilaueensis,0.0
Gloeocapsa sp. PCC 7428,0.0
Gloeomargarita lithophora,0.0
Geobacter sp. DSM 9736,0.0
Xanthomonas phaseoli,0.0
Weeksella virosa,0.0
Wenyingzhuangia fucanilytica,0.0
Acidovorax ebreus,-2.2259203369401349e-10
Kitasatospora sp. MMS16-BH015,-2.70859468187723e-10
Capnocytophaga sputigena,-1.3869210668815413e-09
Salinivirga cyanobacteriivorans,-7.589523720596959e-09
Acidithiobacillus ferrooxidans,-1.0787256154998203e-08
Cronobacter sakazakii,-1.6180884254701766e-08
Photobacterium gaetbulicola,-1.70681695443875e-08
Serratia rubidaea,-3.630922900121902e-08
Croceibacter atlanticus,-3.6309229023423486e-08
Actinomyces radicidentis,-4.705707690177974e-08
Sphingorhabdus sp. M41,-5.3216683348900065e-08
Micromonospora coriariae,-5.374589535644958e-08
Haloarculaceae archaeon HArcel1,-5.374589537865404e-08
Coraliomargarita akajimensis,-5.374589537865404e-08
Janthinobacterium sp. Marseille,-6.284352576102492e-08
Pseudomonas syringae group genomosp. 3,-6.818198765579097e-08
Pseudomonas mediterranea,-8.167978684525679e-08
Brevirhabdus pacifica,-9.990440656970634e-08
[Clostridium] bolteae,-1.0046594933754704e-07
Brenneria goodwinii,-1.0321102592580899e-07
Shewanella oneidensis,-1.3230072604120124e-07
Laribacter hongkongensis,-1.3279425949974666e-07
Corynebacterium stationis,-1.3436680912359833e-07
Actinomyces sp. VUL4_3,-1.456720773784781e-07
Marinobacter sp. LV10R510-11A,-1.526682672725599e-07
Halomicronema hongdechloris,-1.570032182263148e-07
Cryobacterium sp. LW097,-1.6112096734577364e-07
Pelobacter carbinolicus,-1.6743233990368367e-07
Bacillus marisflavi,-1.91585722308929e-07
Bacillus oceanisediminis,-1.9158572233113348e-07
Haloarcula marismortui,-1.9231903516381266e-07
Altererythrobacter sp. B11,-1.9612043715699913e-07
Arsenicicoccus sp. oral taxon 190,-1.9641892197164167e-07
Roseobacter denitrificans,-2.022685331670715e-07
Sphaerochaeta coccoides,-2.0518283925241576e-07
Planctomyces sp. SH-PL62,-2.0553047348492725e-07
Trueperella pyogenes,-2.0817523365135316e-07
Sphingomonas sp. KC8,-2.081997577674244e-07
Microcoleus sp. PCC 7113,-2.1195757864411747e-07
Yersinia rohdei,-2.3141122342806853e-07
Burkholderia sp. KJ006,-2.410830553412069e-07
Rhodococcus rhodochrous,-2.489754436618696e-07
Mycobacteroides abscessus,-2.6873361824719666e-07
Corynebacterium cystitidis,-2.6873361824719666e-07
Methylobacterium sp. DM1,-2.721237182923275e-07
Symbiobacterium thermophilum,-2.738570228810744e-07
Thermobaculum terrenum,-2.779155726662097e-07
Saccharomonospora glauca,-2.911935367500007e-07
Magnetospirillum sp. XM-1,-3.033270484786854e-07
Saccharomonospora azurea,-3.042182848300712e-07
Chelativorans sp. BNC1,-3.0969580486761574e-07
Dehalogenimonas lykanthroporepellens,-3.1826619621977416e-07
Pseudomonas stutzeri,-3.3088459625574276e-07
Frankia sp. QA3,-3.334709876678943e-07
Plantactinospora sp. BB1,-3.4138035687192314e-07
Pseudomonas fulva,-3.588261624276612e-07
Polaromonas naphthalenivorans,-3.686964931803871e-07
Tokyovirus A1,-3.7184741967788427e-07
Phoenicibacter massiliensis,-3.8156223354235407e-07
Vibrio natriegens,-3.8156223354235407e-07
Lactobacillus mucosae,-3.8156223354235407e-07
Pseudomonas sp. VLB120,-3.8895478420286623e-07
Synechococcus lividus,-3.9020464837058455e-07
Staphylococcus aureus,-3.974870590450763e-07
Acinetobacter sp. TGL-Y2,-3.978265770365752e-07
Actinoplanes sp. N902-109,-4.03100427370795e-07
Chitinophaga sp. MD30,-4.03100427370795e-07
Burkholderia glumae,-4.0759798445311193e-07
Haloferax gibbonsii,-4.122565087749663e-07
Zobellia galactanivorans,-4.2757010392247e-07
Halomonas sp. 1513,-4.51645567012271e-07
Chthonomonas calidirosea,-4.5470722411788953e-07
Streptomyces sp. FR-008,-4.5659224621186214e-07
Dickeya paradisiaca,-4.629775233189193e-07
Corynebacterium glutamicum,-4.644461214287077e-07
Actinomyces oris,-4.702558774383192e-07
Exiguobacterium sibiricum,-4.714901580493702e-07
Methanoculleus marisnigri,-4.737234949869773e-07
Spirosoma montaniterrae,-4.835119852053538e-07
Methylobacterium oryzae,-4.836947223862964e-07
Cobetia marina,-4.846004914682567e-07
Pseudomonas sp. LPH1,-4.861675872547267e-07
Heliobacterium modesticaldum,-4.897288598870731e-07
alpha proteobacterium HIMB59,-5.007363343079163e-07
Actinosynnema pretiosum,-5.095825353684802e-07
Citromicrobium sp. JL477,-5.221115632059181e-07
Komagataeibacter hansenii,-5.252598339389181e-07
Altererythrobacter epoxidivorans,-5.303955897151269e-07
Nitrospirillum amazonense,-5.370096654244705e-07
Gluconobacter oxydans,-5.374672364943933e-07
Corynebacterium vitaeruminis,-5.374672365388022e-07
Pseudomonas poae,-5.480035612626111e-07
Desulfovibrio sp. G11,-5.507162103457474e-07
Candidatus Planktophila dulcis,-5.562570610351259e-07
Niveispirillum cyanobacteriorum,-5.629730023271051e-07
Tessaracoccus flavescens,-5.668882567366751e-07
Rivularia sp. PCC 7116,-5.691031761623222e-07
Rhodobacter blasticus,-5.94964710787238e-07
Sphingomonas sp. MM-1,-5.979475788953081e-07
Gordonibacter urolithinfaciens,-5.991933875959532e-07
Bordetella genomosp. 6,-6.049005618846692e-07
Aeromonas media,-6.200892348040555e-07
Nocardioides sp. 78,-6.297124227394591e-07
Azospirillum brasilense,-6.307520003856482e-07
Deinococcus peraridilitoris,-6.466941570471007e-07
Pseudomonas sp. FGI182,-6.567363629583767e-07
Spiribacter curvatus,-6.845096819363405e-07
Streptomyces sp. SirexAA-E,-6.905339819285316e-07
Bifidobacterium breve,-6.916092663011852e-07
Pseudomonas sp. HLS-6,-6.948986222887754e-07
Bacteroides thetaiotaomicron,-7.107602290723492e-07
Parabacteroides distasonis,-7.305963258597004e-07
Azospirillum humicireducens,-7.417656519015381e-07
Frondihabitans sp. 762G35,-7.620818599729517e-07
Pseudomonas balearica,-7.648934782000794e-07
Pseudomonas sp. R2-7-07,-7.668702467045208e-07
Geobacter bemidjiensis,-7.676051427818464e-07
Granulibacter bethesdensis,-7.745649247992148e-07
Desulfovibrio sp. FW1012B,-7.746932642493931e-07
Alcanivorax sp. NBRC 101098,-8.035977220099966e-07
Mycolicibacterium thermoresistibile,-8.356372237283694e-07
Corynebacterium marinum,-8.587143054405999e-07
Serratia sp. YD25,-8.62916712907058e-07
Pseudomonas taetrolens,-8.676560500964215e-07
Nostoc piscinale,-8.687194209988646e-07
Paludisphaera borealis,-8.704083122257344e-07
Clostridium baratii,-8.815148834662167e-07
Hyphomonas neptunium,-8.888037760668154e-07
Actinoalloteichus hoggarensis,-8.966607525140447e-07
Desulfuromonas soudanensis,-9.050689895317987e-07
Paracoccus contaminans,-9.058184333721186e-07
Thalassospira marina,-9.33131346259053e-07
Salinispira pacifica,-9.943973683590458e-07
Nakamurella panacisegetis,-9.943973683590458e-07
Cloacibacterium normanense,-1.003228960638758e-06
Dehalococcoides mccartyi,-1.0078536950786089e-06
Maritalea myrionectae,-1.0101407574625298e-06
Clostridium sp. DL-VIII,-1.0253289531858556e-06
Acinetobacter pittii,-1.0328847985130451e-06
Pseudomonas mendocina,-1.0343460538075888e-06
Serinicoccus sp. JLT9,-1.0401182188646273e-06
Rhodococcus qingshengii,-1.0626365167798468e-06
Bradyrhizobium sp. CCGE-LA001,-1.0936024627428153e-06
Friedmanniella luteola,-1.1051201723288884e-06
Actinomyces radingae,-1.110994754904837e-06
Corynebacterium glaucum,-1.1142557813093035e-06
Burkholderia vietnamiensis,-1.1315591847527174e-06
Rhodococcus sp. WB1,-1.1520478194526617e-06
Leptospira santarosai,-1.1656164393469836e-06
Clostridium carboxidivorans,-1.1802561712848103e-06
Pseudomonas amygdali,-1.1929064124283073e-06
Thauera humireducens,-1.2192060630189517e-06
Vogesella sp. LIG4,-1.225305250507347e-06
Syntrophus aciditrophicus,-1.2344712822409675e-06
Bifidobacterium actinocoloniiforme,-1.2357565976284236e-06
Haloplanus sp. CBA1112,-1.2906335136175784e-06
Castellaniella defragrans,-1.2956614703130142e-06
Faecalibaculum rodentium,-1.3053475448554509e-06
Streptomyces sp. P3,-1.3607125891157424e-06
Rhodovulum sp. P5,-1.3676453330724313e-06
Deinococcus gobiensis,-1.375601287545436e-06
Corynebacterium diphtheriae,-1.3792728508210672e-06
Thauera hydrothermalis,-1.3792728508210672e-06
Paraburkholderia rhizoxinica,-1.3904713605850104e-06
Lawsonella clevelandensis,-1.4695894574590085e-06
Methanoregula boonei,-1.4756328059917223e-06
Aureitalea sp. RR4-38,-1.4910388708599953e-06
Enterococcus sp. FDAARGOS_553,-1.4985811407131066e-06
Microterricola viridarii,-1.5046306093280393e-06
Salinigranum rubrum,-1.5084312629420892e-06
Methanocella conradii,-1.5326507861512794e-06
Pseudonocardia sp. EC080625-04,-1.5395829029207774e-06
Acidothermus cellulolyticus,-1.5462740364124982e-06
Salinispora tropica,-1.5487844633232938e-06
Desulfomonile tiedjei,-1.5603095266936151e-06
Cylindrospermum stagnale,-1.5735548913209385e-06
Flavobacterium gilvum,-1.5843950941230034e-06
Brucella sp. 09RB8910,-1.5867774685540682e-06
Octadecabacter temperatus,-1.5944614831342463e-06
Burkholderia ambifaria,-1.602726399418941e-06
Sagittula sp. P11,-1.6154289186331994e-06
Deinococcus actinosclerus,-1.6256830789984634e-06
Cutibacterium granulosum,-1.6556136573475655e-06
Bacillus pseudomycoides,-1.6575288390718868e-06
Oceanisphaera avium,-1.6610429589558606e-06
Micromonospora krabiensis,-1.6866923498559672e-06
Streptomyces sp. SM17,-1.6882178688781834e-06
Desulfovibrio gigas,-1.7176476158509146e-06
Gordonia terrae,-1.7244008042816007e-06
Flavobacterium sp. HYN0049,-1.7346524452399592e-06
Thalassospira xiamenensis,-1.750888326523814e-06
Eggerthella lenta,-1.7576309859324013e-06
Bradyrhizobium ottawaense,-1.823058285599366e-06
Microbacterium paludicola,-1.8267564034557537e-06
Sphingomonas sp. LM7,-1.8269289103978182e-06
Syntrophomonas wolfei,-1.8291946212167787e-06
Vibrio alginolyticus,-1.837123597137058e-06
Enterobacter sp. Crenshaw,-1.839841577289114e-06
Actinomyces pacaensis,-1.8468331233423286e-06
Epibacterium mobile,-1.8711182373731817e-06
Mesorhizobium japonicum,-1.8800433767784953e-06
Candidatus Saccharibacteria oral taxon TM7x,-1.8847058440574216e-06
Paenibacillus donghaensis,-1.901398097348128e-06
Sphingopyxis sp. 113P3,-1.9036403777539234e-06
Methylocella silvestris,-1.933494358441479e-06
Corynebacterium ammoniagenes,-1.943626771305773e-06
Calothrix sp. PCC 7507,-1.9436267713279776e-06
Acidaminococcus fermentans,-1.9548867031371485e-06
Kineococcus radiotolerans,-1.987044776607938e-06
Pseudomonas rhodesiae,-2.0313818605899313e-06
Altererythrobacter sp. NS1,-2.036296066965093e-06
Sulfurospirillum cavolei,-2.096434541720704e-06
Sphingobium sp. MI1205,-2.1142571330790007e-06
Celeribacter manganoxidans,-2.116627396353543e-06
Marinobacter sp. Arc7-DN-1,-2.221424585280296e-06
Flavobacterium arcticum,-2.238646132735056e-06
Brevibacillus formosus,-2.245899033326282e-06
Fluviicola taffensis,-2.273142794462224e-06
Terribacillus goriensis,-2.3098744093452696e-06
Rhodococcus sp. p52,-2.324836634892691e-06
Synechococcus sp. PCC 7336,-2.3453317827826226e-06
Dietzia sp. oral taxon 368,-2.357330580582406e-06
Pseudogulbenkiania sp. NH8B,-2.3638672769887846e-06
Alkalilimnicola ehrlichii,-2.3698477301659082e-06
Cedecea neteri,-2.370433274645478e-06
Advenella mimigardefordensis,-2.3776866214353374e-06
Gammaproteobacteria bacterium DM2,-2.439462101211376e-06
Vitreoscilla sp. C1,-2.4507984310417895e-06
Streptomyces sp. MOE7,-2.451196428032709e-06
Herbaspirillum hiltneri,-2.492212426452589e-06
Ethanoligenens harbinense,-2.5152288428920145e-06
Paenibacillus xylanexedens,-2.5337945985137724e-06
Bradymonas sediminis,-2.5585765121460826e-06
Haloplanus sp. CBA1113,-2.5650758627149273e-06
Adlercreutzia equolifaciens,-2.5775384361770294e-06
Gluconacetobacter diazotrophicus,-2.594865213301212e-06
Zymomonas mobilis,-2.6194370185805836e-06
Shewanella denitrificans,-2.636884549667151e-06
Pseudomonas sp. DY-1,-2.6476859695145906e-06
Oblitimonas alkaliphila,-2.64884387675135e-06
Zhihengliuella sp. ISTPL4,-2.649098278961759e-06
[Enterobacter] lignolyticus,-2.6597284997542658e-06
Corynebacterium choanis,-2.668971553076993e-06
Actinoalloteichus sp. AHMU CJ021,-2.6696840430551205e-06
Bordetella sp. HZ20,-2.672671788239711e-06
Streptomyces virus phiBT1,-2.692363214729099e-06
Achromobacter sp. AONIH1,-2.724046187063678e-06
Geobacter metallireducens,-2.7329184717705957e-06
Candidatus Accumulibacter phosphatis,-2.7572487748539487e-06
Megasphaera hexanoica,-2.787204855381198e-06
Robiginitalea biformata,-2.799873425463062e-06
Phenylobacterium sp. HYN0004,-2.8033882774280983e-06
Thermaerobacter marianensis,-2.8417800451485674e-06
Sulfitobacter sp. JL08,-2.8569749240370255e-06
Thermobifida fusca,-2.8579451417654056e-06
Legionella lansingensis,-2.869610769629105e-06
Halalkalicoccus jeotgali,-2.8697958017298573e-06
Cupriavidus sp. USMAA1020,-2.8697958017298573e-06
Burkholderia territorii,-2.9271806029296244e-06
Streptomyces sp. 3214.6,-2.9335599698310233e-06
Pseudomonas sp. LH1G9,-2.9445410064665722e-06
Acidithiobacillus caldus,-2.9640942129871562e-06
Halorhodospira halophila,-2.985523772425225e-06
Methylobacterium aquaticum,-3.013261147288837e-06
Pseudovibrio sp. FO-BEG1,-3.0316414024511572e-06
Corynebacterium mycetoides,-3.0471423064337698e-06
Pseudomonas yamanorum,-3.051800550490924e-06
Croceicoccus marinus,-3.052446893270222e-06
Aeromonas rivipollensis,-3.1205879390316937e-06
Ochrobactrum pseudogrignonense,-3.1206713341447313e-06
Janthinobacterium sp. 1_2014MBL_MicDiv,-3.1434360739490684e-06
Candidatus Thiodictyon syntrophicum,-3.143773445501985e-06
Olsenella sp. Marseille-P2300,-3.3038525804274244e-06
Fusobacterium nucleatum,-3.3083614827678076e-06
Immundisolibacter cernigliae,-3.3085174422131657e-06
Chloroflexus aurantiacus,-3.3085174422131657e-06
Leptolyngbya sp. O-77,-3.3085174422131657e-06
Halobiforma lacisalsi,-3.338782933326456e-06
Cellvibrio sp. PSBB006,-3.343420494195115e-06
Thiocystis violascens,-3.3941922781499657e-06
Aquimarina sp. BL5,-3.4364455099522574e-06
Endomicrobium proavitum,-3.446317862709769e-06
Martelella mediterranea,-3.48304294206514e-06
Brevibacterium siliguriense,-3.4887833271879385e-06
Pseudomonas sp. SWI6,-3.489612980756007e-06
Halopiger xanaduensis,-3.5015614495703673e-06
Halothiobacillus neapolitanus,-3.5127118161337735e-06
Altererythrobacter ishigakiensis,-3.5151101565489286e-06
Microbacterium sp. 1.5R,-3.578039739737804e-06
Xenorhabdus doucetiae,-3.6394574454590158e-06
Janibacter indicus,-3.661136273569454e-06
Cellulosimicrobium sp. TH-20,-3.681313617365234e-06
Achromobacter xylosoxidans,-3.726785267632593e-06
Rhodobacter sp. CZR27,-3.7309213871461465e-06
Serratia sp. SCBI,-3.7710596866302737e-06
Thioalkalivibrio sulfidiphilus,-3.784704900322566e-06
Rhodothermaceae bacterium RA,-3.784704900322566e-06
Vibrio vulnificus,-3.784704900322566e-06
Barnesiella viscericola,-3.784704900322566e-06
Candidatus Phaeomarinobacter ectocarpi,-3.788408124116849e-06
Neisseria polysaccharea,-3.818920707754359e-06
Flavobacterium sp. MEBiC07310,-3.831458101877239e-06
Endozoicomonas montiporae,-3.835961613307681e-06
Mycobacterium sp. QIA-37,-3.868943755835907e-06
Corynebacterium flavescens,-3.896268572600725e-06
Pantoea alhagi,-3.915647734498151e-06
Limnohabitans sp. 103DPR2,-4.011938321846209e-06
Actinomyces sp. Chiba101,-4.040373718772194e-06
Virgibacillus sp. Bac332,-4.052508093832507e-06
Spirochaeta thermophila,-4.057719366956647e-06
Synechococcus sp. KORDI-49,-4.0940204638406644e-06
Klebsiella sp. M5al,-4.118311490430848e-06
Tatumella ptyseos,-4.1380998326623345e-06
Nitratireductor sp. OM-1,-4.138410528509162e-06
Lysinibacillus sphaericus,-4.146209330557759e-06
Vitreoscilla filiformis,-4.146779096614317e-06
Pseudomonas sp. CCOS 191,-4.176707386682743e-06
Cupriavidus sp. USMAA2-4,-4.205017297786995e-06
Altererythrobacter mangrovi,-4.212270542369723e-06
Alicycliphilus denitrificans,-4.292957222040705e-06
Nostoc flagelliforme,-4.294868377496819e-06
Lactobacillus delbrueckii,-4.299713276134654e-06
Amycolatopsis keratiniphila,-4.309762993215393e-06
Methyloceanibacter caenitepidi,-4.325802995719385e-06
Sphaerobacter thermophilus,-4.340235984434671e-06
Bifidobacterium longum,-4.3869724086764705e-06
Anabaena cylindrica,-4.4392447279495425e-06
Pseudomonas sp. CC6-YY-74,-4.439513611265156e-06
Fimbriimonas ginsengisoli,-4.460384368631942e-06
Methylomonas methanica,-4.467682830933128e-06
Caulobacter sp. K31,-4.524685657125716e-06
Serratia sp. MYb239,-4.537386912817354e-06
Nocardioides dokdonensis,-4.573582907352325e-06
Bacillus smithii,-4.576362938446543e-06
Aquaspirillum sp. LM1,-4.622430243617082e-06
Sphingomonas sp. JJ-A5,-4.690497776427271e-06
Corynebacterium minutissimum,-4.717309363555522e-06
Kiritimatiella glycovorans,-4.7531314947946155e-06
Hydrogenovibrio crunogenus,-4.773650884692948e-06
Paenibacillus beijingensis,-4.8273967800716026e-06
Sorangium cellulosum,-4.866968270267336e-06
Sphingopyxis macrogoltabida,-4.87410941056865e-06
Mycobacterium haemophilum,-4.940828364796701e-06
Yersinia frederiksenii,-5.030484142531932e-06
Akkermansia glycaniphila,-5.1180741138967535e-06
Cyanobium sp. NIES-981,-5.1180741138967535e-06
Shewanella sp. FDAARGOS_354,-5.1180741138967535e-06
Pseudodesulfovibrio profundus,-5.1180741138967535e-06
Candidatus Desulfovibrio trichonymphae,-5.1180741138967535e-06
Acidobacterium capsulatum,-5.120644902878446e-06
Stenotrophomonas sp. ZAC14D2_NAIMI4_6,-5.179963987611558e-06
Haliangium ochraceum,-5.213146086568976e-06
Pontibacter actiniarum,-5.215087845500399e-06
Pseudomonas soli,-5.265984471991558e-06
Pseudomonas sp. GR 6-02,-5.276092530759335e-06
Streptococcus thermophilus,-5.301045490635481e-06
Nitrosococcus oceani,-5.326775268588158e-06
Thioflavicoccus mobilis,-5.329794533848186e-06
Salegentibacter salegens,-5.4030450630015995e-06
Marinobacter similis,-5.445602932119265e-06
Shigella flexneri,-5.462497343100559e-06
Flavobacterium faecale,-5.482030328041176e-06
Kyrpidia tusciae,-5.551181214102918e-06
Thermus aquaticus,-5.5561572088969054e-06
Hymenobacter sp. APR13,-5.574244487527303e-06
Frankia alni,-5.670847614314134e-06
Corynebacterium provencense,-5.790857522991466e-06
Achromobacter insolitus,-5.835609991144963e-06
Nodularia spumigena,-5.844385545339392e-06
Pseudomonas sp. SWI36,-5.8748324637258875e-06
Bacteroides salanitronis,-5.8918908971472565e-06
Bacillus litoralis,-5.899023939948122e-06
Rhodococcus sp. MTM3W5.2,-5.937058154814601e-06
Actinomyces sp. oral taxon 897,-6.035626510181302e-06
Streptomyces pristinaespiralis,-6.0445715925450115e-06
chem__LBC (mg/kg CaCO3/pH dry weight),-6.154583261741564e-06
Halomonas huangheensis,-6.181809966521179e-06
Desulfobulbus sp. ORNL,-6.232665652006198e-06
Bradyrhizobium lablabi,-6.31018106822534e-06
Rhodovulum sp. MB263,-6.427438963751974e-06
Methylosinus trichosporium,-6.497529780924438e-06
Burkholderia cepacia,-6.535872201451909e-06
Pseudomonas saudiphocaensis,-6.639306120614918e-06
Desulfuromonas sp. DDH964,-6.652547933128084e-06
Celeribacter baekdonensis,-6.700239556911569e-06
Sphingobium indicum,-6.732738937320626e-06
Granulicella tundricola,-6.7812771868069884e-06
Solibacillus sp. R5-41,-6.806406235071449e-06
Meiothermus ruber,-6.81552241776906e-06
Pseudomonas fuscovaginae,-6.829022994780942e-06
Oceanimonas sp. GK1,-6.8292256459434595e-06
Winogradskyella sp. PG-2,-6.911736352877007e-06
Treponema brennaborense,-6.938600089645419e-06
Thauera chlorobenzoica,-7.014965582641253e-06
Isoptericola dokdonensis,-7.059594892822041e-06
Gemmatimonas phototrophica,-7.0638334584094405e-06
Pseudodesulfovibrio aespoeensis,-7.0678208008212454e-06
Polaribacter sp. SA4-12,-7.155964145777461e-06
Paenibacillus lentus,-7.160176690779174e-06
Acidovorax sp. KKS102,-7.2605086881560865e-06
Leclercia sp. LSNIH3,-7.288481610667752e-06
Austwickia chelonae,-7.29485589310297e-06
Corynebacterium ulcerans,-7.297878620793341e-06
Streptomyces formicae,-7.303480128650897e-06
Acidovorax sp. RAC01,-7.310653773306974e-06
Bacillus safensis,-7.521715884073466e-06
Virgibacillus sp. 6R,-7.555735227704474e-06
Pseudomonas alcaligenes,-7.6019204631849744e-06
Yangia sp. CCB-MM3,-7.712513375524032e-06
Gluconobacter albidus,-7.807191828179682e-06
Bacillus circulans,-7.81560153741978e-06
Rhodococcus ruber,-8.353376895176013e-06
Pseudomonas mosselii,-8.418807177634768e-06
Natrinema pellirubrum,-8.66710491220779e-06
Streptomyces pratensis,-8.81638778551519e-06
Breoghania sp. L-A4,-8.84134573693185e-06
Tsukamurella paurometabola,-8.942473922712857e-06
Pandoraea pnomenusa,-8.960280079861605e-06
Yersinia entomophaga,-8.961196628520796e-06
Shewanella halifaxensis,-9.099800236000988e-06
Achromobacter denitrificans,-9.145855440850781e-06
Sphingomonas koreensis,-9.193339032331772e-06
Truepera radiovictrix,-9.237230977166e-06
Bacillus sp. FJAT-18017,-9.356324505183089e-06
Cryobacterium sp. GCJ02,-9.42517266202536e-06
Euzebyella marina,-9.473153130690193e-06
Pseudomonas cremoricolorata,-9.480380920923182e-06
Phaeobacter inhibens,-9.522005151318958e-06
Nitrosomonas europaea,-9.630490997492024e-06
Pseudomonas salegens,-9.638092513442053e-06
Gordonibacter massiliensis,-9.730504827731857e-06
Nitrospira defluvii,-9.730504827754061e-06
Methylocystis sp. SC2,-9.749750569620908e-06
Synechococcus sp. KORDI-52,-9.76360642666041e-06
Aquiflexum balticum,-9.99904476972624e-06
Hymenobacter sp. PAMC 26628,-1.0213337917530651e-05
Streptomyces sp. ICC1,-1.029261517393465e-05
Methylomicrobium alcaliphilum,-1.0304254991577722e-05
Thiomonas arsenitoxydans,-1.0435224214933037e-05
Streptomyces sp. GBA 94-10,-1.0445249958457303e-05
Clostridium argentinense,-1.069198973693286e-05
endosymbiont of unidentified scaly snail isolate Monju,-1.0709879487347252e-05
Polaribacter sp. MED152,-1.0795991891265899e-05
Aeromonas sp. ASNIH2,-1.1085080952555338e-05
Azoarcus sp. BH72,-1.1244288632039635e-05
Cellvibrio japonicus,-1.1447989180135566e-05
Pseudomonas sp. R2A2,-1.1562873457049427e-05
Candidatus Nitrospira inopinata,-1.1576445625571807e-05
Polaribacter reichenbachii,-1.1891714035416889e-05
Nitrosomonas communis,-1.2041558404396469e-05
Methylovorus sp. MP688,-1.2138403720518553e-05
Pseudomonas sp. MYb193,-1.2163131034692576e-05
Planococcus plakortidis,-1.2317380469228923e-05
Geobacter anodireducens,-1.2756718505113617e-05
Hymenobacter sp. DG25B,-1.2790321079014788e-05
Elizabethkingia ursingii,-1.2907475140733204e-05
Sphingopyxis sp. EG6,-1.315784911379847e-05
Collimonas pratensis,-1.3315322457985168e-05
Chroococcidiopsis thermalis,-1.3515209728076626e-05
Altererythrobacter marensis,-1.3757599350250339e-05
Hoeflea phototrophica,-1.3825182803750558e-05
Candidatus Methylopumilus turicensis,-1.3899932086247624e-05
Roseiflexus sp. RS-1,-1.4029409420679428e-05
Delftia acidovorans,-1.4164241733594097e-05
Acinetobacter radioresistens,-1.4349397163404553e-05
Streptomyces parvulus,-1.4471561025031222e-05
Frankia sp. EAN1pec,-1.4486815744030323e-05
Bordetella sp. N,-1.4576431645130228e-05
Niabella ginsenosidivorans,-1.4645053631245908e-05
Kribbella flavida,-1.4945477554872966e-05
Desulfosporosinus youngiae,-1.5215252117495303e-05
Methanocella arvoryzae,-1.611642256762469e-05
Flavobacteriaceae bacterium,-1.6223004772886185e-05
Lentibacillus amyloliquefaciens,-1.62335521189938e-05
soil_pH,-1.676155294978443e-05
Desulfomicrobium baculatum,-1.7022817966583227e-05
Bacillus sp. X1(2014),-1.7190239975750642e-05
Gloeobacter violaceus,-1.7256401399823318e-05
Paenibacillus yonginensis,-1.7947356877989762e-05
Chitinophaga pinensis,-1.96919907817783e-05
Shewanella psychrophila,-1.9922139218908618e-05
Bacillus glycinifermentans,-2.0088493143055608e-05
Pantoea rwandensis,-2.0184700237901865e-05
Rhodococcus hoagii,-2.022115728028684e-05
Pseudomonas sp. M30-35,-2.022238869918702e-05
Nitrosococcus watsonii,-2.0300252920169016e-05
Pseudomonas oryzihabitans,-2.201227541904771e-05
Flavobacterium indicum,-2.205809794901814e-05
Acidiferrobacter sp. SPIII_3,-2.307260454723625e-05
Brevundimonas sp. DS20,-2.32236605493652e-05
Pseudomonas cedrina,-2.3737299386938916e-05
Cutibacterium avidum,-2.509421410681334e-05
Anoxybacillus flavithermus,-2.705307499533127e-05
Aeromonas sp. ASNIH5,-2.8491521722084912e-05
Rufibacter sp. DG31D,-2.85619298454165e-05
Dokdonella koreensis,-2.8898983252312327e-05
Streptomyces antibioticus,-2.9059445051804465e-05
Fibrobacter succinogenes,-3.131426413702787e-05
Porphyrobacter HT-58-2,-3.2056115973722046e-05
Neisseria meningitidis,-3.356045033788835e-05
Paenibacillus sp. FSL H7-0737,-3.376422616960806e-05
Xanthomonas sacchari,-3.4645672530375646e-05
Bacillus methanolicus,-3.4666221018109233e-05
Paenibacillus stellifer,-3.480822514043691e-05
Herminiimonas arsenicoxydans,-3.7673642071656134e-05
Herbaspirillum robiniae,-4.388360223170906e-05
Flavobacterium psychrophilum,-5.494190723118741e-05
Acetobacterium sp. KB-1,-5.6463602008460787e-05
Burkholderia mallei,-5.7890624022105544e-05
Flavobacterium branchiophilum,-5.8732042664688676e-05
Indioceanicola profundi,-6.71880940319447e-05
Pseudomonas mucidolens,-9.89515129591334e-05
