feature,importance
Agrobacterium tumefaciens,0.07824612849768967
Rhizobium sp. NXC24,0.023332524141898882
Serratia sp. SCBI,0.02112334317337241
chem__LBCeq (mg/kg CaCO3/pH dry weight),0.01276046644354063
Dyella japonica,0.011791819440743413
Stenotrophomonas sp. LM091,0.011077177367209678
Alcanivorax sp. NBRC 101098,0.009552004098996458
Rhizobium sp. 11515TR,0.009220271371144294
Lysobacter gummosus,0.00919705063272942
chem__LBC (mg/kg CaCO3/pH dry weight),0.008094651505977546
Sphingobacteriaceae bacterium GW460-11-11-14-LB5,0.007903619771010128
Herbaspirillum sp. meg3,0.007850948623564747
Agrobacterium vitis,0.007716870045237334
Niastella koreensis,0.007253040033009394
Rhizobium jaguaris,0.006812956303486129
Pseudomonas arsenicoxydans,0.006736756763700424
Rahnella sp. ERMR1:05,0.006606611698669718
chem__K (Mehlich 1 mg/kg dry weight),0.006170409478991168
psize__Soil Silt Content %,0.005875446223959279
soil_NO3,0.0056802320606163855
Sphingomonas sp. LK11,0.005395997269679209
Acinetobacter baumannii,0.005349154188671346
Buttiauxella sp. 3AFRM03,0.005219525693437155
Acinetobacter sp. ADP1,0.005155951856612928
Rhizobium etli,0.004956429853120547
Rhizobium sp. ACO-34A,0.004377451662647513
Flavobacterium johnsoniae,0.004243333381548609
Bartonella quintana,0.004226973214187591
Dyella thiooxydans,0.004203343593681241
Mycolicibacterium rhodesiae,0.004008990051018402
Sphingopyxis sp. QXT-31,0.003819066412132832
Rhizobium sp. NXC14,0.00366299271897359
Cellulophaga baltica,0.0035411634508421886
Rhodoferax saidenbachensis,0.0034575768505110682
Sinorhizobium sp. RAC02,0.0033686528677006724
Bradyrhizobium sp. WSM471,0.0032482113154161498
Ensifer adhaerens,0.003114157033787879
chem__Zn (Mehlich 1 mg/kg dry weight),0.0031105590667130033
Dyella jiangningensis,0.0030897872839224182
Sphingomonas melonis,0.0030793249882148156
chem__Mg (Mehlich 1 mg/kg dry weight),0.0029658772062759464
Bradyrhizobium diazoefficiens,0.00295787922215609
Burkholderia sp. HB1,0.0029501472268536944
Massilia sp. WG5,0.0029483494665236477
Neorhizobium galegae,0.0029364414677393257
Siansivirga zeaxanthinifaciens,0.0029053078944554665
Kribbella flavida,0.002816024867440947
Raoultella ornithinolytica,0.0026065373398391767
Xanthomonas perforans,0.0025977197618262783
Sphingomonas sp. Cra20,0.002524154246719523
Caulobacteraceae bacterium OTSz_A_272,0.0025096480163903532
Mesorhizobium sp. DCY119,0.0025050966401458873
Xanthomonas citri,0.002476268668505921
Acinetobacter pittii,0.002427949006752228
Bradyrhizobium erythrophlei,0.002411534946361482
Serratia marcescens,0.002394829349087724
soil_NH4,0.002380542258324625
Rahnella sp. Y9602,0.0023509511519054006
Pacmanvirus A23,0.002328667679707319
Rhodanobacter denitrificans,0.0023048583790516775
Sphingobium chlorophenolicum,0.0022496198649975207
Massilia oculi,0.0022168322403171236
psize__Soil Sand Content %,0.0022001066081868137
Mycobacterium sp. JS623,0.002190167890868122
Sphingomonas panacis,0.0021837890697310237
Pseudomonas sp. URMO17WK12:I11,0.002183624326799549
Candidatus Protochlamydia amoebophila,0.0021479700917179214
Erwinia billingiae,0.002132271951999454
Rhizobium favelukesii,0.0021052309761092403
Paraburkholderia caledonica,0.0020962070719882987
Agromyces aureus,0.0020410741961836678
Catenulispora acidiphila,0.0020314989529674364
Mesorhizobium amorphae,0.0020192968520450936
Sphingomonas taxi,0.0020173866549269446
Collimonas arenae,0.0020131346619659983
Bosea vaviloviae,0.001990266698188958
Variovorax boronicumulans,0.001978278954983215
Streptomyces phage Nanodon,0.0019627330610733295
Flavobacterium sp. CJ74,0.001906777567091167
Sphingobium sp. YBL2,0.0018663027065384473
Cellulomonas flavigena,0.0018562980199544389
Pseudoflavitalea sp. 5GH32-13,0.0018039960762616047
Streptomyces phage phiHau3,0.001794092667161462
Sphingomonas sp. LM7,0.0017588512279193668
Rhodococcus erythropolis,0.0016879762281399424
Mucilaginibacter gotjawali,0.0016320023069676727
Aeromonas rivipollensis,0.0016291844172092508
Agrobacterium rhizogenes,0.0015908075097053275
Enterobacter cloacae,0.0015796978258083572
Sphingomonas sp. NIC1,0.0015726403913163046
Acinetobacter nosocomialis,0.0015695871249356897
Stenotrophomonas sp. G4,0.0015580500937135478
Actinoplanes sp. SE50/110,0.001549692060125074
Polaribacter sp. ALD11,0.001521646747638572
Sphingobium herbicidovorans,0.0015199731550447292
Paenibacillus polymyxa,0.0015137774199732502
Bradyrhizobium sp.,0.0014828457292219489
Dickeya solani,0.0014804513509527606
Massilia putida,0.0014796769330000625
Bradyrhizobium sp. S23321,0.0014724825670357823
Sphingomonas sp. FARSPH,0.0014610750408021733
Pseudomonas frederiksbergensis,0.0014610340257983135
Sphingomonas koreensis,0.001444871050055463
Rhizobium phage RHEph10,0.0014422367341284438
Rhizobium gallicum,0.0014379894401250538
Cedecea neteri,0.001423562501487763
Cellulomonas fimi,0.0013914150820670823
Edwardsiella anguillarum,0.0013885129183772715
Caulobacter mirabilis,0.001383944676433324
Flavobacterium sp. HYN0059,0.0013832353487343684
Herminiimonas arsenicoxydans,0.001372706094320142
Escherichia coli,0.0013657012115999567
Mycolicibacterium gilvum,0.0013375377627154572
Flavobacterium gilvum,0.0013309986495808612
Rhizobium tropici,0.0013258302826388846
Bordetella pertussis,0.001316610515847394
Rhizorhabdus dicambivorans,0.0013088561680724363
Sphingobium sp. EP60837,0.0013079507361477782
Sphingomonas sp. KC8,0.001305113986048534
nitrif__Rate (mg NO3-N/kilogram dry weight soil/day),0.001296763129167089
Methylotenera versatilis,0.001293571461897436
Mesorhizobium huakuii,0.0012799046427076854
Streptomyces sp. TLI_053,0.001279501203854183
Rhizobium sp. Kim5,0.00126463211194221
Cupriavidus gilardii,0.0012640473761348803
Runella sp. HYN0085,0.0012613208634344232
Acinetobacter calcoaceticus,0.001258882951407614
Paenibacillus xylanexedens,0.001254096075905764
Aminobacter aminovorans,0.0012130034581365966
Serratia rubidaea,0.0012094956887300113
Lactobacillus crispatus,0.0011944006862530721
Pluralibacter gergoviae,0.0011804009618730182
Mesorhizobium japonicum,0.0011739101134240482
Caulobacter sp. K31,0.0011708070676879957
Burkholderia insecticola,0.0011677388797392886
Mesorhizobium sp. WSM1497,0.0011664018427700817
Salmonella enterica,0.0011538667941144887
Sphingopyxis fribergensis,0.0011534920740317255
Phyllobacterium zundukense,0.0011440691155010009
Streptomyces sp. CC0208,0.0011357152013686145
Phenylobacterium sp. HYN0004,0.0011350193028677902
Borreliella bavariensis,0.0011222104713458636
Kitasatospora setae,0.0011156380289897073
Cellulomonas sp. PSBB021,0.001115462326352934
Frateuria aurantia,0.0011091637945512822
Actinoplanes friuliensis,0.001095496064714574
Clostridium beijerinckii,0.0010872287797478064
Streptomyces virus Lannister,0.0010802657939425141
Kitasatospora aureofaciens,0.001079784893839153
Burkholderia sp. YI23,0.0010797231453294697
Vibrio natriegens,0.0010740200283878565
Pseudoxanthomonas spadix,0.0010463236970326584
Collimonas pratensis,0.0010216998912170982
Gordonia phage GMA4,0.001010387025567394
Flavobacterium commune,0.0009996986289910969
Sphingomonas hengshuiensis,0.0009934163889624647
Sulfurihydrogenibium sp. YO3AOP1,0.0009901744410935498
Yersinia aldovae,0.0009828610016424876
Magnetospirillum magneticum,0.000979132263025817
Cellulomonas gilvus,0.0009746068657642271
moist__Replicate 1 Mass Water / Mass Dry Soil %,0.0009689500548061725
Variovorax paradoxus,0.0009605101818458861
Burkholderia sp. PAMC 28687,0.0009563066642487295
Clostridium botulinum,0.0009506270071243606
Cupriavidus sp. USMAHM13,0.0009505041725145879
Pantoea agglomerans,0.0009489521035510151
Neorhizobium sp. NCHU2750,0.0009462405438210641
Cupriavidus necator,0.0009456290392229727
Streptomyces virus Sujidade,0.0009377637638154024
Mesorhizobium ciceri,0.0009270515269408586
Lacunisphaera limnophila,0.0009231557678143875
Sinorhizobium fredii,0.0009147129537792953
Streptomyces virus Lika,0.000908376084381568
Burkholderia mallei,0.0009015846172465425
Stenotrophomonas maltophilia,0.0008903700316503337
Burkholderia sp. KK1,0.0008868201604093296
Sphingobium baderi,0.000882373443418194
Mucilaginibacter sp. BJC16-A31,0.0008705754767361018
Rahnella aquatilis,0.0008660627637399054
Bacillus subtilis,0.0008633465690898179
Paenibacillus sp. FSL R7-0331,0.0008592671255184703
Brenneria sp. EniD312,0.0008527999458332492
Azotobacter vinelandii,0.0008425448894742837
Ornithobacterium rhinotracheale,0.0008351682143368678
Agrobacterium fabrum,0.0008313841469997696
Chryseolinea sp. KIS68-18,0.0008252146698394247
Paraburkholderia sprentiae,0.0008237948674222562
Herbaspirillum rubrisubalbicans,0.0008231690127951996
Paenibacillus stellifer,0.0008226702258782081
Caulobacter henricii,0.0008190345683801503
Bradyrhizobium sp. 3 85S1MB,0.0008188160809265543
Mycolicibacterium chubuense,0.0008181573057010727
Collimonas fungivorans,0.0008120857163474993
Flavobacterium kingsejongi,0.0008077536953629671
Streptacidiphilus sp. DSM 106435,0.0008072991648373273
Streptomyces xiamenensis,0.0007881730142708321
Parachlamydia acanthamoebae,0.0007842355552114766
Bacillus licheniformis,0.0007809121251460604
Lactobacillus fermentum,0.0007800492625430255
Pantoea vagans,0.0007738234737872052
Brucella suis,0.0007623972343413054
Mesorhizobium australicum,0.0007620922834798316
Candidatus Koribacter versatilis,0.0007542494763273843
Flavobacterium sp. HYN0056,0.000753514330998617
Xanthomonas cassavae,0.0007525123204311201
Pseudomonas xinjiangensis,0.0007482370338295797
Paraburkholderia sp. SOS3,0.0007430168822964989
Pseudomonas lurida,0.000742452871684951
Methanolacinia petrolearia,0.0007396651120187503
Streptomyces virus Izzy,0.000723506772883864
chem__Mn (Mehlich 1 mg/kg dry weight),0.0007198687426741123
Curtobacterium pusillum,0.0007173666863576677
Serratia proteamaculans,0.0007158747992444869
Enterobacteriaceae bacterium w17,0.0007123039574445045
Bordetella flabilis,0.00070146991770621
Devosia sp. A16,0.0007000658097295664
Sphingomonas wittichii,0.0006993657549491994
Methylobacillus flagellatus,0.000698521483107739
Bradyrhizobium icense,0.000697324153986889
Paraburkholderia hospita,0.0006929583206124246
Mycobacterium tuberculosis,0.0006896163390628596
Mycobacterium paraintracellulare,0.000683473309457927
Chitinophaga sp. MD30,0.0006802082962156896
Saccharophagus degradans,0.0006797106874555814
Flavobacterium sp. HYN0086,0.0006790265233959314
Haloferax mediterranei,0.0006789758785814781
Stenotrophomonas sp. MYb57,0.0006783734059904844
Citrobacter koseri,0.0006767033862459914
Dokdonella koreensis,0.0006718494203345804
Vibrio campbellii,0.0006668114013524296
Mycobacteroides chelonae,0.0006664626714099287
Novosphingobium resinovorum,0.0006653365561806624
Agrobacterium sp. RAC06,0.0006636604142493896
Arthrobacter sp. DCT-5,0.0006600259720600521
Burkholderia sp. CCGE1003,0.0006577342819001463
Mucilaginibacter paludis,0.0006575430671027505
Filimonas lacunae,0.0006556296836655262
Streptococcus agalactiae,0.000652214222438996
Ralstonia mannitolilytica,0.0006505856197701832
Streptomyces virus R4,0.0006457434718165622
Herbaspirillum hiltneri,0.0006445681987663932
Pseudomonas koreensis,0.0006412148946216334
Paraburkholderia graminis,0.0006402499489102543
Winogradskyella sp. J14-2,0.0006337333535127776
psize__Soil Clay Content %,0.0006311099741507453
Geminocystis herdmanii,0.0006305945809772062
Burkholderia phage KS14,0.0006294794540130822
Bradyrhizobium sp. 2 39S1MB,0.0006288303532272943
Xanthomonas translucens,0.0006273795425477457
chem__P (Mehlich 1 mg/kg dry weight),0.0006250416005243675
Luteibacter rhizovicinus,0.0006244626735658843
Cupriavidus sp. USMAA2-4,0.0006221939689378342
Terriglobus roseus,0.0006183850938986212
Streptomyces virus Zemlya,0.000613591360188348
Mycobacterium sp. YC-RL4,0.0006109785528406019
Klebsiella aerogenes,0.0006063759336555563
Opitutus sp. GAS368,0.0006062028420314558
Granulicella tundricola,0.0006053412799207347
Mucilaginibacter mallensis,0.0006034661031339538
Myxococcus macrosporus,0.0006032739147488586
Myroides odoratus,0.0006008996215424389
Micromonospora auratinigra,0.0005976732785248018
Cupriavidus nantongensis,0.0005976173847733523
Bacillus cereus,0.0005957794191153498
Erwinia persicina,0.0005949306417136091
Tokyovirus A1,0.000593919056748482
Enterobacteriaceae bacterium ENNIH1,0.0005936004907583836
Janthinobacterium svalbardensis,0.000591901241684556
denit__Rate (microgN/kilogram dry weight soil/day),0.0005911135405907375
Candidatus Amoebophilus asiaticus,0.0005900575648386975
Streptomyces vietnamensis,0.0005884750195938926
Actinoplanes teichomyceticus,0.0005849405704064336
Halomonas campaniensis,0.0005822307567484808
Sphingopyxis terrae,0.0005733425784172352
Nocardioides sp. JS614,0.0005682499306950862
Aminobacterium colombiense,0.0005681070489380157
Nitrospirillum amazonense,0.0005670197250415177
Clostridioides difficile,0.0005639906375480841
Phenylobacterium zucineum,0.000563957591221409
Burkholderia sp. MSMB0852,0.0005634561943705929
Raoultella planticola,0.000562185814207572
Pseudomonas chlororaphis,0.0005594012493751021
Acidobacteriaceae bacterium SBC82,0.0005503344042099955
Bacillus litoralis,0.0005490184251282671
Bradyrhizobium sp. SK17,0.0005482954064428336
Chryseobacterium haifense,0.0005434053108639647
Paraburkholderia phenoliruptrix,0.0005428708452076769
Polymorphum gilvum,0.0005420844764219667
Enterobacter asburiae,0.0005384716002860834
Glutamicibacter arilaitensis,0.0005358760016512587
Cupriavidus pauculus,0.0005289273928236859
Burkholderia dolosa,0.0005258490750799094
Shimwellia blattae,0.0005249190592791608
Nocardia sp. Y48,0.0005211144872946383
Caulobacter vibrioides,0.0005199579571230739
Novosphingobium sp. P6W,0.0005172834587196418
Massilia armeniaca,0.000515207873616852
Kocuria sp. BT304,0.0005144446015688864
Pedobacter ginsengisoli,0.0005103765684966622
Nakamurella multipartita,0.0005103026919420328
Thauera chlorobenzoica,0.0005100964258852425
Nitrosomonas eutropha,0.0005089097781663776
Paraburkholderia caffeinilytica,0.000506268061015902
Gallionella capsiferriformans,0.000503517804024245
Burkholderia ambifaria,0.000501853439690314
Paraburkholderia terrae,0.0004968792728318628
Cupriavidus oxalaticus,0.0004966608358203395
Helicobacter pylori,0.0004965126164302891
Aquimarina sp. AD1,0.0004960449696224778
Pseudomonas sp. R4-34-07,0.0004952062757646036
Achromobacter spanius,0.0004911487469958064
Streptomyces sp. 2323.1,0.00048467941585590425
Acetobacter pomorum,0.0004839113980997345
Sphingomonas sp. MM-1,0.00048370891909286227
Cellulosilyticum lentocellum,0.00048175980390499087
Arthrobacter sp. U41,0.00048081820100180915
Yersinia pestis,0.0004787070482697997
Flavisolibacter tropicus,0.0004777406088385394
Psychrobacter alimentarius,0.00047364849189091007
Mesorhizobium oceanicum,0.0004725434013215235
Bradyrhizobium sp. ORS 3257,0.00047081273132971725
Draconibacterium orientale,0.00046999188595375774
Shewanella marisflavi,0.00046913292421602026
Mycobacterium haemophilum,0.00046883152684054077
Pedobacter heparinus,0.000468487326102629
Rhizobium phaseoli,0.00046815190881053235
Myxococcus hansupus,0.00046791484293911
Tumebacillus algifaecis,0.0004663264365976971
Bdellovibrio bacteriovorus,0.00046582580561160825
Rhizobium leguminosarum,0.0004658090892861955
Rhodococcus sp. 008,0.0004634206833558308
Hyphomicrobium sp. MC1,0.00046213553997627167
Pedobacter cryoconitis,0.0004618144593536044
Agromyces sp. 30A,0.0004605809267828054
Luteimonas sp. JM171,0.0004542998479537319
Paraburkholderia terricola,0.00045281955037264067
Xanthomonas euvesicatoria,0.00045258729014725497
Sphingobium sp. MI1205,0.00045235021370682027
Lelliottia amnigena,0.00045196361538824004
Kitasatospora sp. MMS16-BH015,0.0004519430041597383
Marmoricola scoriae,0.00045136449948937065
Brevundimonas sp. GW460-12-10-14-LB2,0.00045057069157501407
Homo sapiens,0.0004498622924871354
Niveispirillum cyanobacteriorum,0.0004473470049840333
Nocardioides sp. CF8,0.00044616531533461237
Streptomyces lunaelactis,0.0004408715789813167
Bacillus anthracis,0.00044003483574663884
Acinetobacter oleivorans,0.0004395254910841917
Variovorax sp. PMC12,0.0004392776287531541
Mucilaginibacter sp. HYN0043,0.0004387184801446731
soil_total_C,0.00043868767514907423
Streptomyces virus Caliburn,0.00043825082324233655
Brevundimonas diminuta,0.00043765036186502735
Herbaspirillum seropedicae,0.00043756661629335003
Burkholderia sp. RPE67,0.00043732859448033514
Niabella ginsenosidivorans,0.0004298474900841454
Flavobacterium psychrophilum,0.0004290583314129126
Leifsonia xyli,0.000426403988974533
Rhizobium sp. NT-26,0.0004251888697874184
Aurantimicrobium sp. MWH-Uga1,0.00042426821210501676
soil_pH,0.00042375040726616575
Paraburkholderia phytofirmans,0.00042233373009623596
Cupriavidus basilensis,0.0004211242589905018
Streptomyces virus Amela,0.0004196884301223669
Pectobacterium wasabiae,0.0004193711697630054
Flammeovirga sp. MY04,0.00041780767128016814
Chryseobacterium indologenes,0.00041374476691622417
Friedmanniella sagamiharensis,0.0004136658135925897
Pseudomonas stutzeri,0.0004134103502658304
chem__Ca (Mehlich 1 mg/kg dry weight),0.00040793893573367603
Nocardia terpenica,0.00040438205737400865
Burkholderia sp. PAMC 26561,0.00040252592613201357
Sphingobacterium sp. B29,0.0004020315397561092
Chryseobacterium gallinarum,0.00040049217642699195
Planococcus antarcticus,0.0003983265704388561
Serratia sp. JKS000199,0.00039805272641104674
Burkholderia glumae,0.0003952545115115891
Xanthomonas phaseoli,0.00039448662715815266
Arthrobacter sp. YN,0.00039407640333137816
Candidatus Accumulibacter phosphatis,0.0003931071504297501
Bordetella genomosp. 8,0.00038282119430403937
Achromobacter xylosoxidans,0.0003817337319360403
Actinomyces sp. Chiba101,0.00038051339572990893
Bifidobacterium bifidum,0.0003792828365148049
Burkholderia cenocepacia,0.00037926540686665787
Cylindrospermum stagnale,0.0003776909782733817
Acinetobacter radioresistens,0.0003768179002928473
Salinarchaeum sp. Harcht-Bsk1,0.0003742993656752791
Azotobacter chroococcum,0.0003740969618272194
Pseudomonas sp. R11-23-07,0.0003738356612339455
Pandoraea sputorum,0.0003737547858892798
Bacillus foraminis,0.0003736477160980023
Nostoc punctiforme,0.0003731721976386826
Halotalea alkalilenta,0.0003719168996758393
Bacillus beveridgei,0.0003715256160963243
Polaromonas sp. SP1,0.0003685864639332515
Pseudomonas alcaliphila,0.0003678802611953191
Paenibacillus sp. FSL P4-0081,0.00036002520838529506
Acinetobacter sp. ACNIH2,0.00035927500430814606
Tenacibaculum jejuense,0.0003574588310244264
Mycobacterium marseillense,0.0003567561735515534
Methylomonas methanica,0.000355430465793205
Micromonospora inositola,0.0003543280159807205
Chitinophaga pinensis,0.00035324841705606234
Mycobacterium sp. EPa45,0.0003525949336347756
Burkholderia pseudomultivorans,0.000347357078415933
Mitsuaria sp. 7,0.00034672245242863833
Acetohalobium arabaticum,0.000346398447175611
Streptomyces lividans,0.0003463964485638238
Streptomyces griseorubiginosus,0.00034565594444782024
Microbacterium foliorum,0.0003413230451881466
Formosa agariphila,0.00034123732402995265
Lactobacillus delbrueckii,0.00034063773738963744
Pandoraea pnomenusa,0.000336727508347745
Citrobacter werkmanii,0.00033666523391757687
Xanthomonas albilineans,0.00033581839652756517
Mesorhizobium opportunistum,0.00033462189036992385
Amycolatopsis sp. BJA-103,0.0003341697180794245
Pandoraea oxalativorans,0.0003337291067595505
Enterobacteriaceae bacterium w6,0.0003336538875973849
Microbacterium pygmaeum,0.0003329956082091634
Cupriavidus metallidurans,0.00033059132973385364
Bradyrhizobium sp. CCGE-LA001,0.0003299061625105626
Pseudomonas psychrotolerans,0.0003297320734094722
Pseudomonas knackmussii,0.0003253851361377791
Rufibacter sp. DG31D,0.00032515158105423937
Chryseobacterium sp. StRB126,0.00032496314709919984
Lactobacillus pentosus,0.00032433826150277676
Nitrospira defluvii,0.00032376409851129215
Actinoplanes missouriensis,0.0003232327774975952
Flavobacterium sp. MEBiC07310,0.00032312653999893025
Cronobacter universalis,0.0003196000577911917
Vibrio cholerae,0.0003194080793518239
Mycolicibacterium rutilum,0.00031862189797426943
Stenotrophomonas acidaminiphila,0.00031860763736180076
Mycolicibacterium thermoresistibile,0.00031850017452292876
Candidatus Babela massiliensis,0.0003158601842192299
Isoptericola variabilis,0.0003154652437991734
Microbacterium aurum,0.00031340970870274987
Chromobacterium sp. IIBBL 112-1,0.0003134086358499655
Cronobacter sakazakii,0.00031320761463193847
Cronobacter condimenti,0.00031275201289306944
Enterobacter sp. E20,0.00031266931707900624
Weeksella virosa,0.00031207944625195606
Streptomyces virus phiC31,0.0003118339054374086
Pseudomonas putida,0.0003099959581638112
Amycolatopsis mediterranei,0.00030971772546246613
Sphaerobacter thermophilus,0.00030906017912162297
Conexibacter woesei,0.00030885645343947665
Streptomyces glaucescens,0.0003081645000092115
Methylocystis bryophila,0.0003067597672188338
Thermotoga sp. RQ7,0.00030581739626673877
Xanthomonas gardneri,0.0003047414242880242
Burkholderia stabilis,0.0003045541353903003
Shigella flexneri,0.0003041413077799593
Pseudomonas syringae,0.00030371002585622976
Corynebacterium pseudotuberculosis,0.00030327335416278076
Mycobacterium sp. VKM Ac-1817D,0.00030245591919595414
Paraburkholderia fungorum,0.0003014744261218949
Alcanivorax borkumensis,0.0003014289007941207
Dickeya sp. MK7,0.0003009199748491342
Bradyrhizobium japonicum,0.00030015293886125337
Altererythrobacter sp. B11,0.00029901897369908335
Microbacterium testaceum,0.00029871437813719923
Rhodococcus sp. BH4,0.00029787481076704037
Chryseobacterium piperi,0.00029691192417773403
Chryseobacterium bernardetii,0.00029677309544136056
Streptomyces autolyticus,0.00029503940867325884
Kibdelosporangium phytohabitans,0.00029443620147824313
Pseudomonas lini,0.00029320370381320516
Bacillus kochii,0.00029271823006422616
Burkholderia diffusa,0.00029217250813220466
Massilia violaceinigra,0.0002906931001549484
Pseudomonas sp. TKP,0.00028968352783631524
Sphingopyxis sp. WS5A3p,0.0002893797441819501
Yersinia enterocolitica,0.0002889058780667808
Pseudomonas guangdongensis,0.0002888068590329418
Mobiluncus curtisii,0.0002884948332799508
Leclercia sp. LSNIH3,0.00028767451064966033
Pantoea ananatis,0.00028754836824376186
Croceicoccus naphthovorans,0.0002849015235368402
Actinoalloteichus hoggarensis,0.0002845248084882623
Frankia sp. QA3,0.0002840991918101832
Pseudomonas sp. LH1G9,0.0002830788962683295
Bacillus coagulans,0.0002817951310958744
Chelatococcus sp. CO-6,0.0002800765051192533
Dinoroseobacter shibae,0.0002784831840458857
Edwardsiella sp. EA181011,0.00027827463194114445
Lysinimonas sp. 2DFWR-13,0.0002774411070538774
Bacillus simplex,0.0002772898674941571
Cellvibrio sp. PSBB006,0.00027611396760294225
Streptomyces phage phiSASD1,0.0002759339418781703
Janthinobacterium agaricidamnosum,0.0002759331326205983
Sphingomonas indica,0.00027544036234352645
Bordetella parapertussis,0.0002745793263255303
Pirellula staleyi,0.00027444310681778994
Agrococcus carbonis,0.00027430727615962436
Desulfitobacterium metallireducens,0.0002738553433412561
Methylobacterium sp. C1,0.0002733921210652746
Rhizobium sp. CIAT894,0.0002714315438624881
Phycicoccus dokdonensis,0.00027076228900342337
Terriglobus saanensis,0.00027059761953758256
Stenotrophomonas sp. ESTM1D_MKCIP4_1,0.0002699224898633279
Sphingopyxis sp. EG6,0.0002699036236666119
Pandoraea pulmonicola,0.00026966126052514473
Chromobacterium sp. ATCC 53434,0.0002690829676040618
Burkholderia pseudomallei,0.0002684836712790073
Bordetella bronchiseptica,0.00026755465166126145
Sphingopyxis macrogoltabida,0.0002667002352681802
Acinetobacter bereziniae,0.00026667586252837605
Mycobacterium shigaense,0.0002663341734660429
Streptomyces anulatus,0.00026407592227286616
Xanthomonas vasicola,0.0002630965510264094
Mycolicibacterium vanbaalenii,0.00026274027078947436
Mesorhizobium loti,0.0002605654148819969
Friedmanniella luteola,0.0002596464016421107
Mycobacterium sp. MS1601,0.0002591681828348014
Geodermatophilus obscurus,0.0002573765437948072
Bacillus velezensis,0.00025716062318550394
Sphingobium sp. YG1,0.0002568190974130191
Pseudomonas sp. bs2935,0.0002548125006963442
Geobacter bemidjiensis,0.00025420015898345303
Agrobacterium sp. H13-3,0.00025372617814607424
Pseudomonas brassicacearum,0.0002532499045445613
Tenacibaculum sp. SZ-18,0.00025295055134431086
Mycobacterium sp. PYR15,0.0002520347905199394
Micromonospora narathiwatensis,0.0002520087766931134
Mycolicibacterium vaccae,0.0002512040621847289
Burkholderia lata,0.00025086224739401253
Chryseobacterium balustinum,0.0002497312854416123
Pseudomonas sp. s211(2017),0.0002493397334587755
Citrobacter freundii,0.0002492541675891857
Sphingobium sp. SCG-1,0.00024767889482260055
Xylella fastidiosa,0.00024720614243680663
Methylocystis sp. SC2,0.00024374324915019674
Altererythrobacter epoxidivorans,0.00024354530922809925
Bifidobacterium indicum,0.00024288943876964452
Nocardia nova,0.0002426985449286212
Pseudomonas oryzae,0.00024219880889071456
Curvibacter sp. AEP1-3,0.00024151545101775974
Croceicoccus marinus,0.0002404578366615562
Sedimentisphaera cyanobacteriorum,0.00024005948089949046
Enterobacter ludwigii,0.00023992294985883956
Methylotenera mobilis,0.00023872681794792072
Mycobacterium sp. djl-10,0.00023872432281428767
Acinetobacter lactucae,0.0002373124567733198
Pseudomonas sp. S09G 359,0.00023673967073185588
Streptomyces sp. CdTB01,0.00023580054993010968
Pedobacter sp. G11,0.0002354608864581609
Xanthomonas campestris,0.00023472818714047604
Paenibacillus sp. IHBB 10380,0.0002335059496102243
Candidatus Solibacter usitatus,0.0002324525430521751
Micromonospora rifamycinica,0.00023031209351076498
Bradyrhizobium sp. ORS 278,0.00022818539789351
Arthrobacter crystallopoietes,0.000226988593866162
Novosphingobium pentaromativorans,0.000226971537656806
Methanosarcina sp. MTP4,0.00022682467760550828
Mollivirus sibericum,0.00022522695810400784
Klebsiella pneumoniae,0.00022389220686367395
Paenibacillus larvae,0.000223676787691951
Erwinia gerundensis,0.00022352549912090235
Edwardsiella hoshinae,0.00022249547516874912
Novosphingobium sp. PP1Y,0.00022242290407434862
Lacinutrix sp. 5H-3-7-4,0.00022124306922757241
Hymenobacter sp. PAMC 26554,0.00021954317585513028
Nocardia cyriacigeorgica,0.00021936272034221992
Nocardia seriolae,0.00021933006350829398
Dickeya chrysanthemi,0.0002191326712625452
Streptococcus gordonii,0.0002188801864273948
Pseudomonas sp. LTGT-11-2Z,0.00021859572371767387
Xanthomonas hortorum,0.00021729926636762097
Pseudomonas sp. B10,0.0002170955493455029
Stenotrophomonas nitritireducens,0.0002168932789006206
Bradyrhizobium oligotrophicum,0.0002159623372855357
Nakamurella panacisegetis,0.00021585310525962242
Sphingobium cloacae,0.00021507768505935054
Rhodococcus sp. H-CA8f,0.00021491362064827158
Photorhabdus thracensis,0.00021455761640405414
Paraburkholderia xenovorans,0.00021442936753122144
Acidiphilium multivorum,0.00021335542652345385
Lysobacter capsici,0.00021300991381136835
Nitrospira japonica,0.00021191241090572354
Pseudomonas tolaasii,0.0002111931711874959
Nitrososphaera viennensis,0.0002111741052636118
Streptomyces lincolnensis,0.00020791163214233243
Stenotrophomonas sp. SAU14A_NAIMI4_5,0.00020778067342943629
Leptolyngbya sp. NIES-3755,0.00020721028288663845
Streptomyces cattleya,0.0002068266401537233
Burkholderia sp. OLGA172,0.00020670496348085265
Pseudomonas kribbensis,0.00020598349671470119
Renibacterium salmoninarum,0.00020478574170699205
Sphingobium yanoikuyae,0.00020358508257833918
Granulicella mallensis,0.00020223331564641622
Streptomyces violaceusniger,0.0002020207964981813
Burkholderia territorii,0.0002010901038995261
Gemmata sp. SH-PL17,0.00020108069606949996
Xanthomonas sacchari,0.0002007049800728744
Pseudomonas extremorientalis,0.00020027558249418042
Streptomyces avermitilis,0.00019962619970084194
Jatrophihabitans sp. GAS493,0.0001995169129093366
Sinorhizobium americanum,0.00019941045788285372
Pseudomonas simiae,0.00019887886196454652
Dyadobacter fermentans,0.0001982606323035485
Acidovorax sp. KKS102,0.00019698767388596217
Dickeya sp. CSL RW240,0.00019693747963878128
Pseudarthrobacter equi,0.00019681208004072027
Nostoc sp. 'Peltigera membranacea cyanobiont' N6,0.00019666198974044313
Mycobacterium kansasii,0.00019656482966072807
Kocuria turfanensis,0.0001963508071546771
Geobacter sp. M18,0.00019621559858888914
Nitrobacter hamburgensis,0.00019614235554434866
Bacillus sp. IHB B 7164,0.0001961418567938633
Geobacillus thermoleovorans,0.00019604025475108421
Mycolicibacterium hassiacum,0.00019528611128303286
Komagataeibacter nataicola,0.0001947103251914495
Pseudomonas alcaligenes,0.00019371205461038432
Thioflavicoccus mobilis,0.00019351141115362403
Streptomyces hundungensis,0.00019280694005618937
Paucimonas lemoignei,0.00019269101301697678
Desulfuromonas soudanensis,0.00019102245080910852
soil_total_N,0.00019032043637148277
Verrucomicrobia bacterium,0.00018953475095933036
Thermogutta terrifontis,0.0001887857815459082
Aminobacter sp. MSH1,0.0001877781647115162
Brevundimonas sp. LM2,0.00018693173065793546
Curtobacterium sp. MR_MD2014,0.00018655377836667152
Stenotrophomonas sp. ZAC14A_NAIMI4_1,0.0001858685403220095
Streptomyces dengpaensis,0.0001841015315570349
Clostridium saccharoperbutylacetonicum,0.00018400065949271128
Hymenobacter sedentarius,0.00018363947698809557
Pseudomonas prosekii,0.00018361923848244643
Mycobacterium avium,0.00018311647417461606
Streptomyces sviceus,0.00018206965994866932
Stackebrandtia nassauensis,0.00018202374876548079
Corynebacterium sp. ATCC 6931,0.0001819121319322603
Prosthecochloris sp. HL-130-GSB,0.00018133599078928864
Gordonia polyisoprenivorans,0.00018103084606393426
Neisseria zoodegmatis,0.0001807389393569725
Ketobacter alkanivorans,0.00018064262380790286
Rubinisphaera brasiliensis,0.00017992642093029866
Bacillus sp. X1(2014),0.00017944219150962671
Myxococcus stipitatus,0.00017886735887984173
Bradyrhizobium sp. ORS 285,0.00017854516307849177
Paenalcaligenes hominis,0.0001783561502940456
Mycobacterium intracellulare,0.00017831079416483764
Burkholderia sp. JP2-270,0.00017828771519670105
Neisseria weaveri,0.00017776589028890567
Dehalococcoides mccartyi,0.0001776086632688134
Mycetocola sp. 449,0.0001765139167037466
Bacillus infantis,0.00017650540927633963
Bifidobacterium longum,0.00017571258370916443
Streptosporangium sp. 'caverna',0.00017570230437633506
Streptomyces ambofaciens,0.00017558990356365546
Kingella kingae,0.00017495749855211962
Pectobacterium carotovorum,0.00017482973261853107
Massilia sp. YMA4,0.00017362634363553563
Micromonospora krabiensis,0.00016998658271061284
Capnocytophaga ochracea,0.00016981483905273987
Nocardiopsis alba,0.00016858120806095833
Mycolicibacterium aurum,0.0001678480768533941
Kitasatospora albolonga,0.0001668533579121334
Methylacidiphilum infernorum,0.00016662307237198527
Streptomyces bingchenggensis,0.0001665526701731368
Clavibacter michiganensis,0.00016639339776756135
Achromobacter sp. MFA1 R4,0.00016623106790858433
Arthrobacter sp. PGP41,0.00016563623885150757
Pandoraea norimbergensis,0.0001655430132797564
Thioalkalivibrio paradoxus,0.0001646437540256951
Clostridium ljungdahlii,0.0001632126914697496
Serratia fonticola,0.000163049704827678
Kocuria rhizophila,0.00016226757076258646
Xanthomonas vesicatoria,0.00016223469076783736
Collinsella aerofaciens,0.00016156902269837126
Methylobacterium brachiatum,0.00016107575566000066
Alistipes sp. Marseille-P5997,0.00016070847215159388
Pseudomonas sp. 31-12,0.00016064496647676395
Novosphingobium sp. THN1,0.00016020910077911842
Pseudomonas palleroniana,0.00015845151898747912
Halomonas sp. JS92-SW72,0.0001580688821898324
Mycolicibacterium fortuitum,0.0001567853114955664
Streptomyces formicae,0.00015651229602062778
Frondihabitans sp. 762G35,0.0001554409544595181
Pseudomonas sp. 02C 26,0.00015536035753398457
Janthinobacterium sp. 1_2014MBL_MicDiv,0.00015535114723423947
Mycobacterium leprae,0.00015526323134917863
Stenotrophomonas sp. YAU14D1_LEIMI4_1,0.00015513346112889793
Burkholderia sp. LA-2-3-30-S1-D2,0.00015491999498085107
Klebsiella sp. M5al,0.00015478419079508753
Tessaracoccus sp. T2.5-30,0.00015454008803088558
Pasteurella multocida,0.0001544822442095972
Leptolyngbya boryana,0.00015446313414393397
Aeromicrobium choanae,0.00015398673164808142
Actinoalloteichus sp. ADI127-7,0.00015390761564899603
Rickettsia rickettsii,0.00015351244156993626
Pseudomonas poae,0.0001519346206023675
Bacillus sp. Y-01,0.0001507754859283228
Acidovorax sp. 1608163,0.00015029098032568467
Achromobacter sp. B7,0.00015015741088786339
Rhodoferax ferrireducens,0.00014989901602042722
Clostridium tetani,0.00014982313154936476
Glaciecola nitratireducens,0.00014950641422080136
Pseudomonas sp. GR 6-02,0.00014886835757699224
Spirosoma pollinicola,0.00014870577107477522
Rhizobium sp. Y9,0.00014870487477391947
Rhodoferax koreense,0.0001484593584594407
Devosia sp. H5989,0.00014694681587685833
Pseudomonas thivervalensis,0.00014692555114790285
Azoarcus sp. SY39,0.00014668792869083626
Mucilaginibacter sp. PAMC 26640,0.00014661121113273
Novosphingobium aromaticivorans,0.00014658534382654408
Paenibacillus glucanolyticus,0.00014547893785850087
Paraburkholderia aromaticivorans,0.0001450377345922016
Anaeromyxobacter sp. K,0.0001446855057938512
Pseudomonas extremaustralis,0.0001436554566544679
Candidatus Thiodictyon syntrophicum,0.00014352261983074932
Lysobacter maris,0.00014310945776769836
Lysobacter antibioticus,0.00014303238877018122
Sphingomonas sp. JJ-A5,0.00014255182120705978
Chryseobacterium carnipullorum,0.0001423473499169603
Pseudomonas synxantha,0.00014230611412384685
Streptomyces spongiicola,0.00014174914114770676
Ralstonia pickettii,0.00014170826316803887
Mycolicibacterium smegmatis,0.00014146230212690457
Rhodococcus rhodochrous,0.0001397262184638981
Streptomyces sp. ADI95-16,0.00013950751845457355
Euzebya sp. DY32-46,0.0001394019232726196
Ochrobactrum anthropi,0.00013886082419116707
Rhodobacteraceae bacterium QY30,0.00013880708866309543
Rhodococcus opacus,0.00013875463199839456
Pseudomonas litoralis,0.0001387454816681455
Candidatus Xiphinematobacter sp. Idaho Grape,0.00013801236388495398
Bradyrhizobium ottawaense,0.00013758313689269386
Geosporobacter ferrireducens,0.00013705696278245582
Dechloromonas sp. HYN0024,0.0001369532249027694
Paenibacillus sp. FSL H7-0737,0.00013686995601380758
Clostridium sp. DL-VIII,0.0001356860083445488
Sphingobium sp. RAC03,0.00013561643384094602
Mycobacteroides abscessus,0.00013543512552283143
Chloracidobacterium thermophilum,0.00013488884868293472
Bacillus megaterium,0.00013470692244623716
Methyloceanibacter sp. wino2,0.00013465688414699973
Aeromicrobium erythreum,0.00013411114500652132
Streptomyces fungicidicus,0.00013406966485369766
Pseudomonas entomophila,0.00013402562442204057
Pseudomonas sp. XWY-1,0.0001339578861933699
Pandoraea faecigallinarum,0.00013393023677923387
Psychromicrobium lacuslunae,0.00013382543622919574
Wolbachia endosymbiont of Brugia malayi,0.00013372989390416645
Arthrobacter sp. Rue61a,0.00013359777686330342
Paenibacillus terrae,0.00013351097334204364
Pantoea sp. PSNIH1,0.0001328665819815056
Elizabethkingia anophelis,0.00013245944377959784
Allokutzneria albata,0.0001324456703281296
Pseudomonas aeruginosa,0.00013213162883034534
Caulobacter flavus,0.00013174008942622438
Streptomyces lavendulae,0.00013131495136562422
Streptomyces griseus,0.0001310748640638071
Pseudomonas sp. TMW 2.1634,0.0001306763348320139
Arthrobacter alpinus,0.00013012718422422687
Enterobacter sp. SA187,0.00013006367262307083
Oligella urethralis,0.00012958002988885386
Cellulophaga lytica,0.00012945391286658391
Shigella dysenteriae,0.00012925547113697977
Isosphaera pallida,0.00012922629705274246
Sphingorhabdus sp. YGSMI21,0.00012854853385486643
Dickeya sp. NCPPB 3274,0.00012803662582951957
Bdellovibrio exovorus,0.00012737383066039332
[Polyangium] brachysporum,0.00012731782793964363
Chryseobacterium glaciei,0.00012731658801410362
Marinobacter sp. BSs20148,0.00012682350802109
Amycolatopsis sp. AA4,0.0001263452910027052
Hymenobacter nivis,0.0001263116919845375
Corynebacterium xerosis,0.0001260974789137892
Pragia fontium,0.0001259447244164047
Citrobacter braakii,0.00012588401420754458
Rhodopseudomonas palustris,0.00012542388049807673
Anabaena sp. 90,0.00012542284585914665
Streptomyces albireticuli,0.00012520112596237087
Shewanella denitrificans,0.00012419278580619864
Microvirga ossetica,0.00012360227240186815
Paenibacillus odorifer,0.0001235375527937066
Roseateles depolymerans,0.0001230858440698146
Bacillus cytotoxicus,0.00012297101031790713
Pedobacter sp. eg,0.00012271576657543192
Pseudomonas orientalis,0.00012204918810172493
[Enterobacter] lignolyticus,0.00012199793114899826
Clostridium bornimense,0.00012145408636803357
Burkholderia thailandensis,0.00012126207610549944
Cnuibacter physcomitrellae,0.00012081234376897232
Halalkalicoccus jeotgali,0.000120660738729228
Methylocaldum marinum,0.00012054579164899604
Bacteroides caccae,0.00012041879782545006
Delftia acidovorans,0.00012040670182951185
Ectothiorhodospira sp. BSL-9,0.00012011125108206677
Paenibacillus durus,0.00011950407609107039
Pseudomonas sp. 09C 129,0.00011941238762389617
Serratia plymuthica,0.00011915659398238354
Citromicrobium sp. JL477,0.00011913641350174143
Sanguibacter keddieii,0.00011872498772957929
Actinotignum schaalii,0.00011838978569231884
Candidatus Pelagibacter sp. HIMB1321,0.00011799845513478235
Jonesia denitrificans,0.00011796102507268813
Edwardsiella piscicida,0.00011790471924111312
Cupriavidus pinatubonensis,0.00011766583309931189
Gemmatirosa kalamazoonesis,0.00011763287269621614
Agromyces flavus,0.0001169219310578784
Geobacter sulfurreducens,0.00011612901666155918
Pseudomonas cichorii,0.0001156964495201196
Sphingopyxis sp. MG,0.0001155209180621286
Stenotrophomonas sp. SAU14A_NAIMI4_8,0.00011449448144358332
Endomicrobium proavitum,0.00011429456854814558
Bacillus sonorensis,0.00011410047293420877
Bacteroidetes bacterium Omega,0.00011324648451584984
Pseudomonas mandelii,0.00011279267628310219
Streptomyces pluripotens,0.00011203107896868847
Corallococcus coralloides,0.0001118030129751757
Herbaspirillum robiniae,0.00011127364818677154
Streptomyces sp. TN58,0.00011104158892496496
Pseudomonas sp. R2-7-07,0.00011097296964681646
Paraglaciecola psychrophila,0.00011008790295155002
Sphingopyxis sp. 113P3,0.0001094825173680869
Methylobacterium sp. 4-46,0.00010840296729845989
Bradyrhizobium lablabi,0.00010805377932772142
Paenibacillus sp. FSL H7-0357,0.00010728547411771316
Achromobacter insolitus,0.00010663310792844439
Bradyrhizobium sp. BTAi1,0.0001063325671434745
Flavobacterium faecale,0.00010595093634004903
Limnochorda pilosa,0.00010577435877781038
Stenotrophomonas sp. WZN-1,0.00010573050407594042
Burkholderia ubonensis,0.00010532483169740647
Nonlabens sp. MIC269,0.00010518449855663192
Solitalea canadensis,0.00010475069579625184
Sphingobium indicum,0.00010446466345388483
Modestobacter marinus,0.00010418401501426367
Methylobacterium sp. XJLW,0.00010385154905661054
Pseudomonas moraviensis,0.00010379545630663234
Mixta gaviniae,0.00010352367121577722
Neorhizobium sp. SOG26,0.00010348928292935877
Actinopolyspora erythraea,0.00010338801973157619
Sideroxydans lithotrophicus,0.00010310383311695759
Hymenobacter sp. APR13,0.0001029722469755745
Ochrobactrum sp. A44,0.00010234244146369864
Polaribacter sp. SA4-12,0.00010216578031383428
Bordetella petrii,0.0001021545155124759
Haloterrigena turkmenica,0.0001019171441213551
Acinetobacter schindleri,0.00010182926196298237
Microbulbifer agarilyticus,0.00010182664613709314
Fimbriimonas ginsengisoli,0.00010153821587819412
Opitutaceae bacterium TAV5,0.00010146176689518338
Novibacillus thermophilus,0.00010123966432700194
Actinoplanes derwentensis,0.00010119151758294364
Microbacterium paludicola,0.00010109556711914713
Curtobacterium sp. BH-2-1-1,0.00010100348764381372
Neisseria meningitidis,0.00010096193025512789
Clostridium septicum,0.0001005806992723679
Bathymodiolus septemdierum thioautotrophic gill symbiont,0.00010055425892028236
Azospirillum sp. TSH58,0.00010038668273502083
Salmonella bongori,0.00010036679637313029
Pseudomonas sp. LG1E9,0.00010036584433104068
Pantoea stewartii,0.00010033526575150553
Burkholderia sp. CCGE1001,9.981249598614017e-05
Streptomyces clavuligerus,9.981036045287883e-05
Nocardia farcinica,9.974912386276902e-05
Burkholderia gladioli,9.951154430740683e-05
Methylocella silvestris,9.947216954226956e-05
Xanthomonas arboricola,9.919082030163118e-05
Pandoraea thiooxydans,9.914642916961647e-05
nitrif__Technical Replicate,9.839153871762373e-05
Sphingobium sp. SYK-6,9.810471653148856e-05
Antarctobacter heliothermus,9.784706078210803e-05
Francisella tularensis,9.780690619927146e-05
Verrucomicrobia bacterium IMCC26134,9.708353461561625e-05
Natrinema sp. J7-2,9.702177935269062e-05
Paenibacillus sp. BIHB4019,9.69489444520688e-05
Borrelia parkeri,9.676498941799672e-05
Bacillus lentus,9.599162824951435e-05
Streptomyces coelicolor,9.595072895329793e-05
Desulfovibrio desulfuricans,9.509317591063215e-05
Pseudoxanthomonas suwonensis,9.507856626040922e-05
Paenibacillus peoriae,9.466057205957945e-05
Streptomyces albulus,9.465829798518399e-05
Mycoplasma pneumoniae,9.451355699199304e-05
Komagataeibacter europaeus,9.42380244608243e-05
Streptomyces albidoflavus,9.421801953273246e-05
Listeria innocua,9.391054490133221e-05
Clostridium carboxidivorans,9.379056545455455e-05
Acetobacter tropicalis,9.369991616956508e-05
Rhodococcus qingshengii,9.335056476300618e-05
Oxalobacter formigenes,9.308141219270816e-05
Paenibacillus donghaensis,9.27471837672833e-05
Streptomyces scabiei,9.261817432038022e-05
Blastochloris viridis,9.256940401798363e-05
Klebsiella variicola,9.238089403273975e-05
Candidatus Saccharibacteria oral taxon TM7x,9.227682735175602e-05
Streptomyces sp. MOE7,9.226492405984832e-05
Miniimonas sp. S16,9.209060250778834e-05
Arthrobacter sp. YC-RL1,9.16868936944093e-05
Beutenbergia cavernae,9.151144016916746e-05
Bacillus oceanisediminis,9.117851478588346e-05
Paraburkholderia phymatum,9.078396606290173e-05
Pseudomonas sp. A214,9.065535409347181e-05
Streptomyces sp. fd1-xmd,8.999634408297652e-05
Herminiimonas arsenitoxidans,8.947063094801865e-05
Vibrio alginolyticus,8.928073274827586e-05
Blastococcus saxobsidens,8.922871941929866e-05
Luteitalea pratensis,8.911781360718685e-05
Oscillatoria nigro-viridis,8.897353132326646e-05
Cupriavidus taiwanensis,8.87896378755304e-05
Acidovorax carolinensis,8.877061429111155e-05
Echinicola strongylocentroti,8.86096638452738e-05
Pseudomonas veronii,8.83048492153371e-05
Frankia symbiont of Datisca glomerata,8.828751773217735e-05
Capnocytophaga stomatis,8.807793994940472e-05
Pseudomonas sp. CMR12a,8.796025757140669e-05
Corynebacterium terpenotabidum,8.794709008221879e-05
Thermotoga sp. 2812B,8.774348491622508e-05
Erythrobacter seohaensis,8.722015719555553e-05
Calothrix sp. NIES-2098,8.710982708866055e-05
Clostridium novyi,8.704670356776134e-05
Micrococcus luteus,8.69804535901908e-05
Saccharomonospora marina,8.690079817577078e-05
Mycobacterium colombiense,8.664467777748097e-05
Actinosynnema pretiosum,8.642871494732863e-05
Comamonas aquatica,8.634698440033173e-05
Cellulosimicrobium sp. TH-20,8.617432171882377e-05
[Mycobacterium] stephanolepidis,8.576427544315646e-05
Endozoicomonas montiporae,8.533853962453542e-05
Alcanivorax dieselolei,8.522540871500617e-05
Escherichia marmotae,8.505979609876312e-05
Alcanivorax sp. N3-2A,8.475937183884951e-05
Serratia ficaria,8.473042651824247e-05
Aeromonas sp. ASNIH4,8.463176944888407e-05
Vibrio mediterranei,8.431234941763677e-05
Nostoc flagelliforme,8.353103078422297e-05
Azospirillum lipoferum,8.317234040975397e-05
Janibacter indicus,8.302671884481416e-05
Streptomyces sp. CLI2509,8.295834071638807e-05
Kocuria flava,8.291059731804217e-05
Paenibacillus crassostreae,8.284769582223017e-05
Pseudomonas protegens,8.268779941280612e-05
Frankia inefficax,8.246363469386342e-05
Bacteroides dorei,8.241784787490491e-05
Streptomyces lydicus,8.239556249007851e-05
Pseudomonas balearica,8.205242653496203e-05
Brevundimonas sp. DS20,8.199175311300877e-05
Xenorhabdus bovienii,8.193905941031865e-05
Methylobacterium radiotolerans,8.188006725655672e-05
Desulfovibrio vulgaris,8.16175113117934e-05
Arthrobacter sp. ZXY-2,8.150932854507076e-05
Zunongwangia profunda,8.134137335915614e-05
Aeromonas sp. ASNIH1,8.101587827455959e-05
Corynebacterium simulans,8.039789212441751e-05
Micromonospora coriariae,8.004754155710447e-05
Bacillus muralis,7.989810444397616e-05
Cystobacter fuscus,7.976664573643433e-05
Leptolyngbya sp. O-77,7.915904934767682e-05
Streptomyces sp. GSSD-12,7.901901413918112e-05
Streptomyces olivoreticuli,7.885327110912499e-05
Ornithinimicrobium sp. AMA3305,7.880262129305038e-05
Microbacterium sp. TPU 3598,7.83339645951564e-05
Singulisphaera acidiphila,7.830390478458238e-05
Leclercia adecarboxylata,7.81584270638902e-05
Burkholderia pyrrocinia,7.795002237906968e-05
Pseudomonas mucidolens,7.791536193639814e-05
Pseudomonas salegens,7.787612554561729e-05
Halomonas sp. SF2003,7.786645836118655e-05
Chryseobacterium lactis,7.730846277591575e-05
Streptomyces virus phiBT1,7.729374695786273e-05
Fibrella aestuarina,7.664594208856013e-05
Auraticoccus monumenti,7.65331977101269e-05
Actinoalloteichus sp. AHMU CJ021,7.606892004685673e-05
Shewanella loihica,7.605948137958673e-05
Streptomyces sp. 4F,7.597593693535743e-05
Celeribacter ethanolicus,7.57787232218865e-05
Pseudomonas sp. Lz4W,7.556750396933153e-05
Aquabacterium olei,7.533899309584147e-05
Streptomyces sp. P3,7.516584640772095e-05
Enterobacter cloacae complex sp. ECNIH7,7.507129520913924e-05
Streptomyces cavourensis,7.455792057791122e-05
Nocardioides dokdonensis,7.433210539056211e-05
Pseudomonas granadensis,7.411493392359692e-05
Microlunatus phosphovorus,7.34180824845998e-05
Stappia sp. ES.058,7.339376288770794e-05
Bacillus halodurans,7.317178795649416e-05
Burkholderia sp. IDO3,7.309679880458386e-05
Chroococcidiopsis thermalis,7.28936780135081e-05
Methylobacterium sp. AMS5,7.287818001737723e-05
Methylosinus trichosporium,7.265245784404684e-05
Cyanothece sp. PCC 7822,7.237227990872786e-05
Streptomyces sp. 2114.2,7.235004370877984e-05
Corynebacterium atypicum,7.171478402496767e-05
Plesiomonas shigelloides,7.139259267427978e-05
Actinosynnema mirum,7.128983224482521e-05
Listeria monocytogenes,7.125365359197388e-05
Georgenia sp. ZLJ0423,7.106685743270002e-05
Streptomyces sp. 769,7.097820143673328e-05
Runella slithyformis,7.086104598079679e-05
Lachnospiraceae bacterium GAM79,7.082901177839496e-05
Candidatus Filomicrobium marinum,7.044268508031859e-05
Archangium gephyra,7.000449718526091e-05
Micromonospora zamorensis,6.937774633035687e-05
Shinella sp. HZN7,6.89036210218541e-05
Halomonas sp. KO116,6.863688987612804e-05
Erythrobacter litoralis,6.858420706874479e-05
Pseudomonas sp. LTJR-52,6.848242400263605e-05
Pseudonocardia sp. EC080619-01,6.813125981635082e-05
Streptomyces sp. CNQ-509,6.756131165523982e-05
Pseudomonas alkylphenolica,6.740534675042653e-05
Rhodothermus marinus,6.729497132582641e-05
Halothiobacillus sp. LS2,6.703482328573873e-05
Corynebacterium provencense,6.692728890969057e-05
Paenibacillus riograndensis,6.575985423629138e-05
Chromobacterium sp. IIBBL 274-1,6.553028808673478e-05
Methylorubrum extorquens,6.551337887492626e-05
Janthinobacterium sp. LM6,6.545488104747754e-05
Bifidobacterium breve,6.519271813874017e-05
Melittangium boletus,6.502117501314686e-05
Kutzneria albida,6.485748488733733e-05
Microbacterium chocolatum,6.471103058445227e-05
Austwickia chelonae,6.464877124423563e-05
Cyanobium gracile,6.448493489401575e-05
Victivallales bacterium CCUG 44730,6.435914737319414e-05
Lacimicrobium alkaliphilum,6.411530552663525e-05
Microcella alkaliphila,6.405626772099104e-05
Pseudomonas sp. R3-52-08,6.379768127118268e-05
Pseudomonas sp. NS1(2017),6.375398550664268e-05
Afipia sp. GAS231,6.36414399499019e-05
Brevundimonas naejangsanensis,6.363216267815108e-05
Marinobacter hydrocarbonoclasticus,6.359550007870585e-05
Streptomyces sp. Tu6071,6.321997240379406e-05
Nitrospira moscoviensis,6.307514511301182e-05
Nostoc sphaeroides,6.288049711513643e-05
Thauera sp. MZ1T,6.280017103275082e-05
Burkholderia sp. NRF60-BP8,6.265984300217742e-05
Nocardioides sp. 603,6.264139452969442e-05
Cronobacter muytjensii,6.263488831448338e-05
Pseudomonas soli,6.245664499036075e-05
Actinobacillus succinogenes,6.222696148565632e-05
Deinococcus sp. NW-56,6.21545953750191e-05
Pantoea sp. At-9b,6.171150156131233e-05
Yersinia frederiksenii,6.16053849564091e-05
Caulobacter segnis,6.159634364795163e-05
Synechocystis sp. PCC 6714,6.152589101795502e-05
Thermobacillus composti,6.128050333216173e-05
Microbacterium sp. CGR1,6.11821389299605e-05
Microbacterium sp. 10M-3C3,6.117759298887026e-05
Clostridium baratii,6.112428923046309e-05
Humibacter sp. BT305,6.0943550741776595e-05
Candidatus Methylopumilus turicensis,6.0674675447391915e-05
Shewanella violacea,6.0498649987783536e-05
Halomonas sp. hl-4,6.029231539719238e-05
Acinetobacter wuhouensis,6.001323934683445e-05
Pseudomonas sp. FDAARGOS_380,5.995843069175333e-05
Micromonospora purpureochromogenes,5.990867286227441e-05
Yangia sp. CCB-MM3,5.9830507413694003e-05
Halomonas sp. GT,5.9731626741044155e-05
Flammeovirgaceae bacterium 311,5.969107754706382e-05
Nonlabens marinus,5.959010182905455e-05
Pedobacter steynii,5.951877968914943e-05
Erwinia tasmaniensis,5.921769104590968e-05
Pseudomonas umsongensis,5.8677059553113865e-05
Lentibacillus amyloliquefaciens,5.814230960230482e-05
Kyrpidia tusciae,5.794734470825347e-05
Caldanaerobacter subterraneus,5.7884035247512954e-05
Phaeobacter gallaeciensis,5.785290642816854e-05
Bacteroides fragilis,5.748866662513841e-05
Erythrobacter atlanticus,5.746629282576965e-05
blood disease bacterium A2-HR MARDI,5.726571090356458e-05
Pseudovibrio sp. FO-BEG1,5.7213541874689965e-05
Pseudarthrobacter sulfonivorans,5.716562072526355e-05
Acinetobacter sp. WCHA45,5.7016517517816115e-05
Paenibacillus bovis,5.6908215139284125e-05
endosymbiont of Acanthamoeba sp. UWC8,5.6683209370222974e-05
Flavobacterium arcticum,5.6617672850789445e-05
Chromobacterium rhizoryzae,5.6383468660881064e-05
Pseudomonas sp. LG1D9,5.636641459987324e-05
Rhizobacter gummiphilus,5.634677888486372e-05
Pseudonocardia sp. HH130630-07,5.6205923176944064e-05
Azoarcus sp. DN11,5.600128405149896e-05
Acidovorax sp. RAC01,5.597131956369683e-05
Oceanisphaera profunda,5.5713751183406046e-05
Pseudomonas pseudoalcaligenes,5.5708464570081165e-05
Saccharomonospora glauca,5.566138406203347e-05
Polaribacter sp. BM10,5.5528148001782184e-05
Dehalogenimonas lykanthroporepellens,5.549640814999091e-05
Plantibacter flavus,5.539805259751063e-05
Pseudomonas saudiphocaensis,5.5275970049373234e-05
Pseudarthrobacter chlorophenolicus,5.526816448986338e-05
Pseudonocardia sp. EC080625-04,5.5197355653602286e-05
Verrucomicrobium spinosum,5.51331349996298e-05
endosymbiont of unidentified scaly snail isolate Monju,5.488659347807623e-05
Microbacterium sp. PAMC 28756,5.482091202975159e-05
Bacillus thuringiensis,5.4655560093475056e-05
Dermacoccus nishinomiyaensis,5.45952274624506e-05
Desulfobacca acetoxidans,5.455323540766166e-05
Polaribacter sp. MED152,5.452671069623438e-05
Spirosoma radiotolerans,5.424504435351807e-05
Micromonospora chokoriensis,5.405072959963064e-05
Sulfuricaulis limicola,5.3911380870341755e-05
Planctopirus limnophila,5.387329110866368e-05
Cyanothece sp. PCC 7425,5.374049167696793e-05
Erythrobacter sp. HL-111,5.3718879628283925e-05
Desulfovibrio africanus,5.3509465882717325e-05
Actinomyces sp. oral taxon 414,5.3473806186099535e-05
Vibrio furnissii,5.3114158661360376e-05
Synechococcus sp. PCC 7502,5.3070883339367823e-05
Comamonas serinivorans,5.298096321857404e-05
Bacteroides vulgatus,5.290246399096699e-05
Sphingobium sp. TKS,5.270457299262343e-05
Streptomyces sp. Tue 6075,5.269788449617785e-05
Pseudomonas sp. CCOS 191,5.2566551075616805e-05
Candidatus Saccharibacteria bacterium YM_S32_TM7_50_20,5.241012762782216e-05
Thermocrinis minervae,5.223806119842855e-05
Streptomyces globosus,5.223119314592406e-05
Cloacibacterium normanense,5.194831447683512e-05
Pseudomonas reinekei,5.158214660625493e-05
Acidothermus cellulolyticus,5.153086199063406e-05
Sphingopyxis alaskensis,5.135798699940075e-05
Meiothermus ruber,5.12130735862204e-05
Actinobacteria bacterium IMCC26256,5.1043999265409926e-05
Cobetia marina,5.022995635413085e-05
Tannerella forsythia,5.017765231236648e-05
Microbacterium sp. No. 7,4.993064812104375e-05
Rhodothermaceae bacterium,4.965849420626167e-05
Ruegeria sp. TM1040,4.9566678580759135e-05
Marinithermus hydrothermalis,4.865953675561308e-05
Burkholderia sp. BDU8,4.834274724838661e-05
Streptomyces sp. CCM_MD2014,4.8130750921071555e-05
Sphingomonas sp. YZ-8,4.8060694474316715e-05
Corynebacterium marinum,4.800279171717215e-05
Neisseria gonorrhoeae,4.782309684567831e-05
Corynebacterium aurimucosum,4.764665677710056e-05
Rhodococcus ruber,4.760321576828819e-05
Corynebacterium camporealensis,4.755002982148593e-05
Planctomyces sp. SH-PL14,4.733372675298497e-05
Bifidobacterium choerinum,4.7300364884717e-05
Candidatus Promineofilum breve,4.666867771414562e-05
Streptomyces atratus,4.663082302602817e-05
Phytobacter ursingii,4.655880347428365e-05
Thermobifida fusca,4.648428073270594e-05
Aurantimicrobium minutum,4.643886852084833e-05
Pseudomonas sp. SWI44,4.636776959592304e-05
Yersinia intermedia,4.611579001194688e-05
Streptomyces katrae,4.598782960247849e-05
Bacillus phage BM5,4.5723130401786885e-05
Rhodobacter sp. LPB0142,4.572189219440581e-05
Parageobacillus genomosp. 1,4.560146621954697e-05
Pseudomonas sp. Leaf58,4.555581538743247e-05
Rhodococcus sp. 2G,4.55478088095429e-05
Bacillus pumilus,4.547283204265895e-05
Sulfurifustis variabilis,4.5406284392335296e-05
Verrucosispora maris,4.4875239864827775e-05
Polaribacter reichenbachii,4.4708843285379277e-05
Cryobacterium sp. GCJ02,4.445901646454864e-05
Morganella morganii,4.409838546968192e-05
Candidatus Nitrospira inopinata,4.402879714062724e-05
Streptomyces actuosus,4.388440836777807e-05
Cronobacter dublinensis,4.383090054638217e-05
Escherichia fergusonii,4.359952526298283e-05
Salinibacter ruber,4.35757785522739e-05
Paracoccus sp. SC2-6,4.331936190473673e-05
Nitrosomonas europaea,4.318856590532771e-05
Paracoccus sp. BM15,4.318732355517163e-05
Synechococcus sp. PCC 7336,4.3157294014428696e-05
Roseomonas gilardii,4.305190888289623e-05
Syntrophothermus lipocalidus,4.303258306908031e-05
Agrococcus jejuensis,4.299607680353645e-05
Rhodococcus jostii,4.283544727865518e-05
Thiobacillus denitrificans,4.2814192350038025e-05
Hydrogenophaga sp. PBC,4.270353519315595e-05
Bacteriovorax stolpii,4.26678232413602e-05
Rhodococcus hoagii,4.26587818117552e-05
Mesorhizobium phage vB_MloP_Lo5R7ANS,4.262437384021656e-05
Rhodococcus coprophilus,4.253836352874352e-05
Streptomyces rubrolavendulae,4.218789834451453e-05
Geitlerinema sp. PCC 7407,4.203147928372175e-05
Sodalis glossinidius,4.1888876025719667e-05
Pseudomonas mosselii,4.1549741885793526e-05
Pseudomonas yamanorum,4.141156064363383e-05
Aeromonas sp. ASNIH2,4.136572500184066e-05
Ketogulonicigenium robustum,4.122702980535742e-05
Pandoraea apista,4.116506654721075e-05
Saccharothrix espanaensis,4.1040472378983674e-05
Mycolicibacterium goodii,4.091613208436762e-05
Salinicola tamaricis,4.054618439308655e-05
Streptomyces sp. M56,4.025881250537822e-05
Geobacter sp. M21,4.0250582305390026e-05
Pseudarthrobacter phenanthrenivorans,4.021069778772368e-05
Pantoea rwandensis,3.915362467346029e-05
Thermotoga caldifontis,3.900543680561697e-05
Bacteroides thetaiotaomicron,3.896654759847351e-05
Enterobacter sp. 638,3.8908700205042555e-05
Streptomyces sp. CFMR 7,3.884088848409295e-05
Marinobacter similis,3.8498202020309515e-05
Gloeobacter kilaueensis,3.8476906771345296e-05
Streptomyces sp. NEAU-S7GS2,3.837003797255711e-05
Asticcacaulis excentricus,3.8239068653789235e-05
Halomonas subglaciescola,3.8109950767717395e-05
Ottowia oryzae,3.770578931907576e-05
Pseudomonas sp. TCU-HL1,3.7627039915921755e-05
Aminomonas paucivorans,3.737233930209971e-05
Azoarcus sp. BH72,3.70270349015156e-05
Finegoldia magna,3.694148133899233e-05
Vulgatibacter incomptus,3.6844185115536555e-05
Altererythrobacter sp. NS1,3.6739417064723945e-05
Amycolatopsis albispora,3.6676734839802275e-05
Yersinia rohdei,3.622753126262257e-05
Stenotrophomonas sp. ZAC14D2_NAIMI4_7,3.617935661477389e-05
Pseudomonas sp. Z003-0.4C(8344-21),3.58231040896273e-05
Pseudomonas fragi,3.5742667492555394e-05
Simplicispira suum,3.5413143239360065e-05
Chryseobacterium sp. IHB B 17019,3.536078171149093e-05
Dickeya zeae,3.526518709144888e-05
Haliscomenobacter hydrossis,3.5004009805938985e-05
Ignavibacterium album,3.496031842809e-05
Sandaracinus amylolyticus,3.4917027504421935e-05
Janthinobacterium sp. Marseille,3.4668807707061154e-05
Gordonia sp. 1D,3.424593657110897e-05
Polaromonas naphthalenivorans,3.392145294549565e-05
Burkholderia sp. CCGE1002,3.3822411661921235e-05
Borrelia hermsii,3.374756542495749e-05
Polynucleobacter difficilis,3.3274155451445966e-05
Methylomicrobium album,3.312817010854285e-05
Pseudopedobacter saltans,3.2848865158419116e-05
Eubacterium callanderi,3.273940475216897e-05
Corynebacterium glaucum,3.267217539015821e-05
Polaromonas sp. JS666,3.264322982066137e-05
Corynebacterium testudinoris,3.257545232748793e-05
Streptomyces nodosus,3.161675943548214e-05
Streptomyces sp. SCSIO 03032,3.157787778027554e-05
Candidatus Symbiobacter mobilis,3.157325569413949e-05
Brevundimonas vesicularis,3.141133114612504e-05
Marinobacter sp. LV10R510-11A,3.1255921326134306e-05
Xanthomonas oryzae,3.0913706144342076e-05
Eikenella corrodens,3.0793462146938565e-05
Gordonibacter urolithinfaciens,3.078314630160506e-05
Faecalibacterium prausnitzii,3.075727097339165e-05
Gordonibacter pamelaeae,3.055901847328624e-05
Phreatobacter cathodiphilus,3.055105601892372e-05
Paraburkholderia caribensis,3.0297180114002843e-05
Pseudothermotoga hypogea,2.995892974542169e-05
Burkholderia anthina,2.98984143075387e-05
Streptomyces venezuelae,2.9771084796292868e-05
Actinomyces sp. oral taxon 897,2.946272371957548e-05
Pseudonocardia sp. HH130629-09,2.9434339405742806e-05
Barnesiella viscericola,2.940456651476797e-05
Immundisolibacter cernigliae,2.938966035657131e-05
Corynebacterium flavescens,2.9354305229634113e-05
Oceanithermus profundus,2.928661954206824e-05
Streptomyces sp. 11-1-2,2.921416039098901e-05
Aeromonas media,2.9063896418368706e-05
Amycolatopsis methanolica,2.905364698662094e-05
Microbacterium sp. 1.5R,2.8799083357089474e-05
Trichodesmium erythraeum,2.8618858505136124e-05
Bacillus amyloliquefaciens,2.8564227659821916e-05
Rhodoferax antarcticus,2.8515590561828397e-05
Rhodococcus pyridinivorans,2.8453171389353217e-05
Streptomyces hygroscopicus,2.8431752807867028e-05
Brachybacterium sp. VM2412,2.7677485660837497e-05
Thiomonas arsenitoxydans,2.7452017661255824e-05
Nostoc sp. 'Lobaria pulmonaria (5183) cyanobiont',2.7377217994883906e-05
Pseudomonas sabulinigri,2.7286894744116274e-05
Pelosinus sp. UFO1,2.708533100499455e-05
Anaerotignum propionicum,2.7054641726342864e-05
Aquitalea magnusonii,2.6953323464162794e-05
Deinococcus peraridilitoris,2.6898522466534126e-05
Nocardia brasiliensis,2.674723479920704e-05
Streptomyces leeuwenhoekii,2.6626420447439792e-05
Arthrobacter sp. QXT-31,2.6623694382421624e-05
Sphingobacterium sp. G1-14,2.6522758328084705e-05
Polaribacter vadi,2.6059624787677648e-05
Microbacterium sp. str. 'China',2.5974031054376568e-05
Mycobacterium liflandii,2.5679745416429255e-05
Shewanella sp. WE21,2.5658426017383108e-05
Streptomyces davaonensis,2.548028726394591e-05
Burkholderia cepacia,2.545286005084524e-05
Mycobacterium dioxanotrophicus,2.489977743316274e-05
Halomonas sp. N3-2A,2.480282952641577e-05
Isoptericola dokdonensis,2.440514329018484e-05
Aeromicrobium marinum,2.4155851726170852e-05
Micropruina glycogenica,2.3988304777700088e-05
Deinococcus radiodurans,2.3928029563746733e-05
Acidobacterium capsulatum,2.3923644466550263e-05
Desulfobacula toluolica,2.3791089970126577e-05
Rhodococcus sp. S2-17,2.3748002109491574e-05
Kiritimatiella glycovorans,2.3735354628207085e-05
Capnocytophaga sputigena,2.3707619774016032e-05
Methylomonas sp. DH-1,2.3636386230840857e-05
Zhihengliuella sp. ISTPL4,2.3399396935297467e-05
Bacillus methanolicus,2.3265561017460357e-05
Nitrobacter winogradskyi,2.306737780850554e-05
Tessaracoccus sp. Marseille-P5995,2.297877035242202e-05
Stenotrophomonas sp. Pemsol,2.2905273426210294e-05
Opitutus terrae,2.2897379369335447e-05
Indioceanicola profundi,2.2885330352684365e-05
Plantactinospora sp. BB1,2.2250619684394123e-05
Burkholderia sp. Bp7605,2.21736847945353e-05
Rathayibacter tritici,2.1866094579370276e-05
Pseudomonas sp. PONIH3,2.181925837991816e-05
Corynebacterium maris,2.1782727594255037e-05
Pseudomonas monteilii,2.14522107036208e-05
Polaribacter sp. SA4-10,2.1147932227583156e-05
Streptomyces sp. HNM0039,2.1050643752684728e-05
Pseudomonas sp. R4-39-08,2.0794476710839228e-05
Ralstonia solanacearum,2.0744317214416162e-05
Faecalibaculum rodentium,2.065931604688931e-05
Streptomyces sp. ETH9427,2.048083301480208e-05
Rhodococcus aetherivorans,2.0468225371494952e-05
Rhodococcus biphenylivorans,2.0368402779480377e-05
Kushneria marisflavi,2.007626295603693e-05
Pontibacter korlensis,2.0042170469714017e-05
Vitreoscilla filiformis,1.9958393300245624e-05
Bradymonas sediminis,1.9879152050217286e-05
Chlorobaculum parvum,1.9824733888396118e-05
Myxococcus xanthus,1.943833157738162e-05
Burkholderia sp. MSMB617WGS,1.901453825787769e-05
Streptomyces fulvissimus,1.8958488392550876e-05
Pseudomonas fluorescens,1.892296264651705e-05
Paracoccus zhejiangensis,1.8727187786082845e-05
Pseudomonas sp. St29,1.8618179642615474e-05
Corynebacterium deserti,1.8303780381834224e-05
Brachybacterium saurashtrense,1.789932106623926e-05
Plantactinospora sp. KBS50,1.784047083916995e-05
Corynebacterium sp. 2184,1.778076294016717e-05
Tsukamurella paurometabola,1.753949832614676e-05
Corynebacterium mycetoides,1.7455943102251403e-05
Deinococcus gobiensis,1.737366514487082e-05
Pseudomonas rhizosphaerae,1.71285075275307e-05
Leminorella richardii,1.7093211983865154e-05
Pseudoalteromonas sp. 13-15,1.7087239191204696e-05
Parabacteroides sp. CT06,1.7036628902378224e-05
Citrobacter rodentium,1.7008594019962685e-05
Burkholderia multivorans,1.6865262675658245e-05
Bifidobacterium adolescentis,1.6858344708481354e-05
Flavobacterium sp. HYN0048,1.683830326559832e-05
Tenacibaculum mesophilum,1.665791825093965e-05
Rubrobacter indicoceani,1.6618813982893776e-05
Corynebacterium uterequi,1.656483291949673e-05
Shewanella baltica,1.6356713981569014e-05
Advenella mimigardefordensis,1.6326778389053055e-05
Streptomyces sp. WAC00288,1.626978951225766e-05
Zhongshania aliphaticivorans,1.6187920569832314e-05
Pseudomonas trivialis,1.613263467397097e-05
Pseudomonas sp. LAB-08,1.5821277440219995e-05
Altererythrobacter sp. ZODW24,1.5802984956736488e-05
Pelagibaca abyssi,1.578561459265604e-05
Gordonia sp. KTR9,1.5757971098873114e-05
Aromatoleum aromaticum,1.5433676534959418e-05
Burkholderia seminalis,1.5300680344765282e-05
Pseudomonas sp. R2A2,1.528888696014086e-05
Streptomyces sp. RTd22,1.5152602001844428e-05
Pseudomonas oryzihabitans,1.475334772904624e-05
Pseudomonas sp. R3-18-08,1.4727466324826466e-05
Deinococcus deserti,1.4708768255755621e-05
Pseudomonas sp. R1-43-08,1.4707397097901697e-05
Corynebacterium kroppenstedtii,1.461711733397042e-05
Ahniella affigens,1.4521563599689813e-05
Blautia hansenii,1.4504915681712304e-05
Streptomyces sp. Sge12,1.439325387020407e-05
Cryobacterium sp. LW097,1.4358107560541456e-05
Spiribacter curvatus,1.4241004324189178e-05
Pseudomonas sp. NC02,1.4192826478232056e-05
Pseudomonas sp. WCS374,1.4182333154044714e-05
Pseudoalteromonas rubra,1.4110257282529125e-05
Meiothermus silvanus,1.3968311844081427e-05
Pseudomonas sp. VLB120,1.3941475608247878e-05
gamma proteobacterium HdN1,1.3783275878642698e-05
Paucibacter sp. KCTC 42545,1.376148455982662e-05
Leptospirillum ferriphilum,1.3389842258582086e-05
Anabaenopsis circularis,1.3383375846420798e-05
Chryseobacterium camelliae,1.3310452243553427e-05
Hyphomonas neptunium,1.3104613007364208e-05
Pseudomonas sp. DR 5-09,1.3032059504114457e-05
Actinomyces radicidentis,1.2962736680122156e-05
Moorella thermoacetica,1.283601531847367e-05
Geobacter metallireducens,1.2668040166086136e-05
Shewanella sediminis,1.2579559435610398e-05
Gryllotalpicola sp. 2DFW10M-5,1.2562386238035295e-05
Kangiella koreensis,1.252650149070611e-05
Deinococcus ficus,1.2310797956782694e-05
Rhodococcus sp. P1Y,1.2122643116274644e-05
Serratia sp. 3ACOL1,1.2017561120636345e-05
Pseudomonas viridiflava,1.17098375170821e-05
Chryseobacterium indoltheticum,1.1625227304401519e-05
Pseudomonas pohangensis,1.1564346975023732e-05
Yersinia entomophaga,1.1517150411721743e-05
Candidatus Phaeomarinobacter ectocarpi,1.1490127660351845e-05
Rhizobium sp. TAL182,1.1394057556701753e-05
Burkholderia stagnalis,1.1365289616449558e-05
Pseudomonas silesiensis,1.1135905072645613e-05
Saccharopolyspora erythraea,1.112995469956246e-05
Alcaligenes faecalis,1.1040041479448703e-05
Tsukamurella tyrosinosolvens,1.0867498717281876e-05
Pseudomonas phage phiPsa374,1.0826710984179755e-05
Actinoalloteichus sp. GBA129-24,1.0787632282749372e-05
Arthrobacter sp. FB24,1.07130225363683e-05
Bacillus flexus,1.067449144880328e-05
Nostoc linckia,1.0571926154367972e-05
Stigmatella aurantiaca,1.0564348011321555e-05
Waddlia chondrophila,1.0487072727216606e-05
Bordetella pseudohinzii,1.0441232908076081e-05
Haliangium ochraceum,1.0393699556776604e-05
Pseudomonas plecoglossicida,1.0350871510511616e-05
Pseudomonas sp. ATCC 13867,1.0337284849715189e-05
Streptomyces koyangensis,9.968981547037181e-06
Arthrobacter sp. PAMC 25486,9.936201860694106e-06
Streptomyces sp. SAT1,9.912806150880194e-06
Microbacterium hominis,9.812576404955032e-06
Rickettsia helvetica,9.677332836788288e-06
Acidihalobacter ferrooxidans,9.55395798072356e-06
Bacillus butanolivorans,9.527567734846088e-06
Hydrogenophilus thermoluteolus,9.491057103128142e-06
Nocardioides sp. 78,9.474666359232664e-06
Acinetobacter lwoffii,9.420716801855633e-06
Erythrobacter sp. Alg231-14,9.290737797273963e-06
Magnetospirillum sp. ME-1,9.287242258104733e-06
Alicycliphilus denitrificans,9.202822589693404e-06
Marinobacter sp. LQ44,9.17366211086179e-06
Intrasporangium calvum,9.171659327011916e-06
Jeongeupia sp. USM3,9.165934282551192e-06
Streptomyces sp. SirexAA-E,8.952899684944171e-06
Mycobacterium canettii,8.93793575551527e-06
Streptomyces sp. SM17,8.872092589773396e-06
Sulfuritalea hydrogenivorans,8.812052537776616e-06
Chromobacterium vaccinii,8.783406306767105e-06
Halobiforma lacisalsi,8.777826767092379e-06
Streptomyces qaidamensis,8.775333082100545e-06
Diaphorobacter polyhydroxybutyrativorans,8.728192360418774e-06
Desulfurivibrio alkaliphilus,8.71651549900765e-06
Yersinia ruckeri,8.71271518076977e-06
Variibacter gotjawalensis,8.67653002893931e-06
Bordetella avium,8.507619231523656e-06
Hydrogenophaga sp. RAC07,8.48280990739525e-06
Erythrobacter sp. YH-07,8.446483181723253e-06
Stenotrophomonas rhizophila,8.227062898402692e-06
Erythrobacter sp. KY5,8.215793280119677e-06
Methylobacterium sp. 17Sr1-28,8.141354812485347e-06
Bacillus aryabhattai,8.122136423627247e-06
Melioribacter roseus,7.967623654603351e-06
Piscirickettsia salmonis,7.818058955089136e-06
Desulfobacter postgatei,7.780758535824716e-06
Coprothermobacter proteolyticus,7.751974015457464e-06
Synechococcus sp. NIES-970,7.747739185437474e-06
Rhizobium sp. IE4771,7.719094358682455e-06
Micromonospora viridifaciens,7.70455213334742e-06
Pseudolabrys taiwanensis,7.681802009784634e-06
Microvirgula aerodenitrificans,7.657570764885158e-06
Pseudomonas vancouverensis,7.610924323331325e-06
Corynebacterium frankenforstense,7.583204319350223e-06
Cellvibrio japonicus,7.540450008813871e-06
Streptomyces xinghaiensis,7.512930478270619e-06
Carboxydothermus hydrogenoformans,7.368601710244782e-06
Sulfitobacter sp. JL08,7.316031713711091e-06
Chelatococcus daeguensis,7.1895727962401065e-06
Alcanivorax pacificus,7.1546971853519995e-06
Salipiger profundus,7.153282431615615e-06
Comamonadaceae bacterium A1,7.112663383623818e-06
Nocardia sp. CFHS0054,7.099583808645171e-06
Treponema primitia,7.074099352211149e-06
Rhizobium sp. N324,7.024171561309522e-06
Xylanimonas cellulosilytica,7.000863832362647e-06
Halomonas hydrothermalis,6.998146269565631e-06
Granulibacter bethesdensis,6.904760201176252e-06
Geobacillus genomosp. 3,6.87313011948909e-06
Arthrobacter sp. ERGS1:01,6.859525085478602e-06
Bacillus weihaiensis,6.755037641403838e-06
Halostagnicola larsenii,6.727491368496707e-06
Corynebacterium phocae,6.684952242896891e-06
Enterobacter roggenkampii,6.660505218381018e-06
[Eubacterium] cellulosolvens,6.647565257433818e-06
Paenibacillus sp. FSL R5-0345,6.643147528051508e-06
Yangia pacifica,6.5969633962881245e-06
Rhodococcus sp. PBTS 2,6.592555859508131e-06
Pelosinus fermentans,6.533259955809889e-06
Acetobacter ghanensis,6.525794656719874e-06
Pseudomonas sp. CMR5c,6.4845725384676815e-06
Achromobacter denitrificans,6.479849625851131e-06
Hymenobacter sp. PAMC 26628,6.4267702676312766e-06
Jiangella sp. DSM 45060,6.346561445269572e-06
Rhodobiaceae bacterium,6.297449640824126e-06
Methylobacterium sp. DM1,6.262670202428211e-06
Pusillimonas sp. T7-7,6.193714935154304e-06
Pseudomonas sp. DY-1,6.145340157703849e-06
Frankia casuarinae,6.101565307004009e-06
Geobacter lovleyi,6.084179037579851e-06
Synechococcus sp. KORDI-100,6.053908847758472e-06
Pseudomonas sihuiensis,6.031472911338653e-06
Yersinia massiliensis,5.926599485128747e-06
Candidatus Bipolaricaulis anaerobius,5.9105459531583195e-06
Rhodovulum sp. MB263,5.902971411431146e-06
Methanoregula boonei,5.809848640514481e-06
Brevundimonas subvibrioides,5.8086424010284075e-06
Edwardsiella ictaluri,5.805003911962814e-06
Arthrobacter sp. ATCC 21022,5.739091971213028e-06
Bacillus circulans,5.638347751357742e-06
Acidithiobacillus caldus,5.531318542062458e-06
Ferrimonas balearica,5.420304209446947e-06
Saccharomonospora azurea,5.240821491181435e-06
Pseudomonas cerasi,5.238263923201813e-06
Exiguobacterium sp. MH3,5.222693566686587e-06
Paenibacillus lautus,5.205487185655499e-06
Streptomyces sp. CMB-StM0423,5.171910666934565e-06
Pseudodesulfovibrio indicus,5.168462505222848e-06
Thiohalobacter thiocyanaticus,5.094625545343234e-06
Synechococcus lividus,5.00572949275746e-06
Streptomyces sp. SM18,4.8736055825227e-06
Magnetospirillum gryphiswaldense,4.873400598559563e-06
Bacillus jeotgali,4.833540390003499e-06
Exiguobacterium sibiricum,4.795490138209679e-06
Leclercia sp. LSNIH1,4.756968965269337e-06
Methylovorus sp. MP688,4.725115729709017e-06
Micromonospora echinaurantiaca,4.694438533037193e-06
Sodalis praecaptivus,4.693324889259998e-06
Azospirillum humicireducens,4.692009255791163e-06
Sulfitobacter sp. SK011,4.681658290062174e-06
Jeotgalibacillus malaysiensis,4.665196984277031e-06
Streptomyces alboflavus,4.621117823599974e-06
Delftia sp. HK171,4.607718264804106e-06
Alistipes finegoldii,4.584085352532519e-06
Rhizobium sp. CCGE532,4.438379327775799e-06
Delftia sp. Cs1-4,4.333111119780853e-06
Trichormus azollae,4.3255289034149765e-06
Pseudomonas agarici,4.3111128371853266e-06
Micromonospora sp. WMMA2032,4.257253277573092e-06
Rhodobacter capsulatus,4.180545000864732e-06
Alcanivorax xenomutans,4.163952006996929e-06
Paracoccus yeei,4.126453762132165e-06
Roseobacter denitrificans,4.1213247794269495e-06
Streptomyces pristinaespiralis,4.079034770398948e-06
Syntrophobotulus glycolicus,4.060107845815786e-06
Desulfomicrobium orale,4.001242384843451e-06
Paraoerskovia marina,3.981782147022272e-06
Hydrogenophaga crassostreae,3.975519262433558e-06
Geoalkalibacter subterraneus,3.95475341223861e-06
Pseudomonas rhodesiae,3.933942465716989e-06
Pseudonocardia sp. EC080610-09,3.919768821258884e-06
Synechococcus sp. JA-2-3B'a(2-13),3.904297334322848e-06
Hoeflea phototrophica,3.7522527335243083e-06
Paenibacillus sp. 32O-W,3.7183286856423693e-06
Candidatus Evansia muelleri,3.7170083219351114e-06
Asaia bogorensis,3.7134015882900327e-06
Acetobacter senegalensis,3.6845225555026673e-06
Streptomyces sp. PVA 94-07,3.680464552768825e-06
Flavivirga eckloniae,3.6702868899674e-06
Bacillus sp. FJAT-42376,3.633558884708066e-06
Altererythrobacter mangrovi,3.6325589964913974e-06
Methanocorpusculum labreanum,3.6202640630422776e-06
Acidiphilium cryptum,3.6018655281244703e-06
Streptomyces antibioticus,3.5938410911651175e-06
Nakamurella sp. s14-144,3.591339129660476e-06
Mycobacteroides immunogenum,3.5662623952603666e-06
Marinobacterium aestuarii,3.5514326026664378e-06
Salinibacterium sp. CGMCC 1.16371,3.5191704537584913e-06
Citrobacter freundii complex sp. CFNIH3,3.47311809132389e-06
Streptomyces sp. PAMC 26508,3.385300345049025e-06
Virgibacillus sp. 6R,3.385300345049025e-06
Acetobacterium sp. KB-1,3.330153231684285e-06
Mucinivorans hirudinis,3.3301532316398764e-06
Methylorubrum populi,3.315485681376629e-06
Pannonibacter phragmitetus,3.276580862854317e-06
Jiangella alkaliphila,3.2657763244792193e-06
Deinococcus proteolyticus,3.215451920457468e-06
Methylobacterium aquaticum,3.210216674509603e-06
Haloarcula sp. CBA1115,3.202817248793011e-06
Thauera sp. K11,3.1871171306541157e-06
Desulfotomaculum ferrireducens,3.1699699250875567e-06
Bordetella holmesii,3.135982438906559e-06
Acinetobacter junii,3.1120603847689667e-06
Selenomonas sputigena,3.0995422252377836e-06
Phaeobacter piscinae,3.0839814058269966e-06
Novosphingobium tardaugens,3.076961629266961e-06
Thiolapillus brandeum,3.076287287107071e-06
Fictibacillus arsenicus,3.0245662862915522e-06
Micromonospora tulbaghiae,3.018907476937116e-06
Sulfuricella denitrificans,3.0041374263767295e-06
Magnetococcus marinus,2.9984580416364537e-06
Desulfohalobium retbaense,2.9736809172620226e-06
Spirochaeta thermophila,2.968654727641962e-06
Thalassospira xiamenensis,2.9507190520083882e-06
Brucella melitensis,2.948736484031933e-06
Alloactinosynnema sp. L-07,2.915878074549738e-06
Treponema denticola,2.8912275406245414e-06
Brevibacillus brevis,2.85184758945789e-06
Orrella dioscoreae,2.8309016804506372e-06
Corynebacterium doosanense,2.813846414451149e-06
Mycobacterium paragordonae,2.8012570076674236e-06
Enterococcus faecalis,2.7845242697166483e-06
Advenella kashmirensis,2.7785348496678353e-06
Methylobacterium sp. 17Sr1-1,2.7744523630968133e-06
Acidovorax cattleyae,2.756615921972738e-06
Frondihabitans sp. PAMC 28766,2.7518680906668537e-06
Vibrio parahaemolyticus,2.740430614700529e-06
Thioalkalivibrio versutus,2.716585704809482e-06
Cyanothece sp. ATCC 51142,2.715200621383751e-06
Gordonia terrae,2.693273546383601e-06
Pseudomonas sp. LPH1,2.6747300163387776e-06
Porphyrobacter neustonensis,2.6673524069487087e-06
Defluviimonas alba,2.655602437595661e-06
Sedimenticola thiotaurini,2.6323252701354606e-06
Kushneria konosiri,2.6221570176954144e-06
Luteimonas sp. 83-4,2.6123066704020203e-06
Micromonospora coxensis,2.6051696278228676e-06
Streptomyces albus,2.589499273186746e-06
Nitrosomonas communis,2.5696757389948034e-06
Methylorubrum zatmanii,2.566204603526856e-06
Acinetobacter sp. ACNIH1,2.5333130150517747e-06
Wenyingzhuangia fucanilytica,2.481064924575449e-06
Prauserella marina,2.473648453960031e-06
Streptomyces cyaneogriseus,2.447243188696824e-06
Geobacillus sp. WCH70,2.431260844049099e-06
Burkholderia sp. MSMB0856,2.430869616110165e-06
Streptomyces gilvosporeus,2.419348930882137e-06
Frankia alni,2.415590745430407e-06
Coriobacterium glomerans,2.404120049548375e-06
Pseudomonas sp. UW4,2.3981457851318664e-06
Streptomyces sp. FR-008,2.3793537175409442e-06
Bifidobacterium asteroides,2.31909090808724e-06
Streptomyces sp. ZFG47,2.3097564150420525e-06
Thermanaerovibrio velox,2.295865713630718e-06
Citrobacter freundii complex sp. CFNIH4,2.280549431366019e-06
Bacillus marisflavi,2.2523286244302556e-06
Propionibacterium acidifaciens,2.2514586448973974e-06
Microbacterium sp. BH-3-3-3,2.246140839545774e-06
Lawsonella clevelandensis,2.1696497507717184e-06
Pseudomonas sp. phDV1,2.167294431076883e-06
Streptomyces pratensis,2.1245227564303805e-06
Exiguobacterium sp. AT1b,2.1160440648149146e-06
Ochrobactrum pituitosum,2.115547082914837e-06
Kosakonia sacchari,2.1039523772969914e-06
Thermus brockianus,2.073865931651042e-06
Corynebacterium ulcerans,2.0721856634153824e-06
Paenibacillus sp. RUD330,2.0642475567766994e-06
Polynucleobacter asymbioticus,2.060565784733903e-06
Rhodovulum sp. P5,2.032747886127062e-06
Pseudogulbenkiania sp. NH8B,2.0229541205507573e-06
Bacillus krulwichiae,2.022115835864646e-06
Gilvibacter sp. SZ-19,2.0180631065569445e-06
Gibbsiella quercinecans,1.983464687671521e-06
Sphingorhabdus sp. M41,1.9787305162610737e-06
Thermoanaerobacterium sp. RBIITD,1.9697721911571265e-06
Desulfomonile tiedjei,1.934558035299183e-06
Halorhodospira halophila,1.9322341695326982e-06
Lachnospiraceae bacterium oral taxon 500,1.928616794466542e-06
Moraxella osloensis,1.917175786725345e-06
Porphyromonas asaccharolytica,1.9039461418346447e-06
Neisseria sp. 10022,1.902139267873082e-06
Alteromonas australica,1.898791577437109e-06
Geobacter pickeringii,1.8915828650767353e-06
Halomonas huangheensis,1.8861706204464922e-06
Aquiflexum balticum,1.88561047893554e-06
Desulfobacterium autotrophicum,1.875088732772312e-06
Verminephrobacter eiseniae,1.8572481934153729e-06
Comamonas testosteroni,1.8558086648079453e-06
Paenibacillus sp. Y412MC10,1.8531900009444157e-06
Sphingorhabdus sp. Alg231-15,1.843957204972213e-06
Synechococcus sp. KORDI-49,1.8429782516760085e-06
Deinococcus irradiatisoli,1.8390161569126207e-06
Marichromatium purpuratum,1.8317338320805733e-06
Azospirillum brasilense,1.8226106765384386e-06
Anaeromyxobacter dehalogenans,1.7961410527567167e-06
Rhodococcus sp. B7740,1.7705477419083237e-06
Rothia mucilaginosa,1.734828167543334e-06
Candidatus Protochlamydia naegleriophila,1.727165958920196e-06
Calothrix sp. NIES-2100,1.7191680953931865e-06
Pontibacter akesuensis,1.7014337277521108e-06
Clostridium estertheticum,1.6793974509043964e-06
Paenibacillus lentus,1.6791361467927146e-06
Mariprofundus aestuarium,1.6656925181823822e-06
Tatumella citrea,1.6563955321569067e-06
Paenibacillus beijingensis,1.6516630109375542e-06
Methylobacterium nodulans,1.6485277191113923e-06
Nocardiopsis dassonvillei,1.6257633927097005e-06
Paenibacillus naphthalenovorans,1.6248856870237916e-06
Campylobacter concisus,1.6136182697357171e-06
Halopenitus persicus,1.611797569567308e-06
Microlunatus soli,1.6033371807333551e-06
Pseudomonas fuscovaginae,1.6008247845977762e-06
Kosakonia oryzae,1.5884955129275014e-06
Pseudomonas psychrophila,1.5853890995787268e-06
Paenibacillus sp. JDR-2,1.5220706138130424e-06
Tatlockia micdadei,1.5184532782486216e-06
Kyrpidia spormannii,1.512102456691089e-06
Dietzia lutea,1.5023273117087399e-06
Truepera radiovictrix,1.4988308597807532e-06
Serratia sp. YD25,1.4961746125585763e-06
Sinorhizobium meliloti,1.4902486216161748e-06
Salinispora arenicola,1.4768532024422853e-06
Salegentibacter salegens,1.4743255252192e-06
Christensenella sp. Marseille-P3954,1.473958539444098e-06
Ralstonia insidiosa,1.4733454993809403e-06
Cyclobacterium marinum,1.4525976327783851e-06
Methyloversatilis sp. RAC08,1.4425400873152582e-06
Desulfuromonas sp. DDH964,1.4137587274198893e-06
Methanopyrus sp. KOL6,1.4012436178489906e-06
Desulfobulbus sp. ORNL,1.400268646856162e-06
Oleispira antarctica,1.3978122214153288e-06
Spiribacter salinus,1.3842012052567298e-06
Polynucleobacter acidiphobus,1.3833860441847535e-06
Enterobacter hormaechei,1.3798328861946985e-06
Selenomonas sp. oral taxon 478,1.3690114216702298e-06
Elizabethkingia meningoseptica,1.3565365400314277e-06
Acidimicrobium ferrooxidans,1.340109284431179e-06
Variovorax sp. HW608,1.3334810716081335e-06
Fusobacterium nucleatum,1.3110838583019202e-06
Methylobacterium sp. 17Sr1-43,1.2900682154981525e-06
Corynebacterium sphenisci,1.2822647233790007e-06
Celeribacter indicus,1.2810685123820775e-06
Actinomyces gaoshouyii,1.2689836392798526e-06
Oceanicoccus sagamiensis,1.2469335625153732e-06
Actinopolymorpha singaporensis,1.2246003499027935e-06
Cyanobacterium aponinum,1.2238207290016235e-06
Halomonas sp. 1513,1.216543103832457e-06
Azoarcus sp. CIB,1.2076795553594977e-06
Thermacetogenium phaeum,1.2067300155571558e-06
Streptomyces griseochromogenes,1.206425480404505e-06
Komagataeibacter medellinensis,1.20437209434332e-06
Altererythrobacter ishigakiensis,1.1922273816855621e-06
Dickeya dianthicola,1.1895928404781487e-06
Enterobacter sp. HK169,1.1762192817288407e-06
Muricauda ruestringensis,1.1729953505845714e-06
Rivularia sp. PCC 7116,1.159770261249804e-06
Pantoea alhagi,1.1532025675720093e-06
Lysinibacillus sp. Marseille-P5727,1.1341156867183956e-06
Dolichospermum compactum,1.123652890600013e-06
Thiomonas intermedia,1.093120336048692e-06
Sphaerochaeta coccoides,1.0854321672582046e-06
Brucella abortus,1.0842360032903286e-06
Streptosporangium roseum,1.0798699595415683e-06
Elusimicrobium minutum,1.0763961939108669e-06
Acidovorax sp. JS42,1.0585182400379977e-06
Streptomyces virus TG1,1.0456411233983331e-06
Leisingera methylohalidivorans,1.0425359331378559e-06
Corynebacterium glutamicum,1.0328851279162165e-06
Comamonas kerstersii,1.0185779355742498e-06
Bifidobacterium scardovii,1.0169422951955553e-06
Prevotella enoeca,1.016700830347439e-06
Olsenella sp. Marseille-P2300,1.0133766657371978e-06
Dietzia psychralcaliphila,1.0008575624942395e-06
Beijerinckia indica,9.987794304056053e-07
Acidipropionibacterium acidipropionici,9.953005475571431e-07
Pseudodesulfovibrio aespoeensis,9.88562870340992e-07
Microbulbifer aggregans,9.829272690442537e-07
Zobellia galactanivorans,9.639006705697284e-07
Dickeya paradisiaca,9.617614596946211e-07
Glaesserella parasuis,9.370026026633837e-07
Burkholderia sp. MSMB0266,9.331182851513021e-07
Bacillus pseudomycoides,9.292217077350173e-07
Streptomyces roseochromogenus,9.26866303574414e-07
Olsenella umbonata,9.095151745297514e-07
Synechococcus sp. PCC 6312,9.065726295887089e-07
Gluconobacter albidus,9.062054092234817e-07
Marivirga tractuosa,9.028848227510267e-07
Oceanimonas sp. GK1,9.022231121980085e-07
Legionella waltersii,9.013725313478105e-07
Chromobacterium violaceum,8.847105796405686e-07
Flavobacterium columnare,8.733789825798866e-07
Proteiniphilum saccharofermentans,8.674098747940562e-07
Bacillus sp. OxB-1,8.661521039510234e-07
Azospirillum sp. M2T2B2,8.621019633725524e-07
Burkholderia plantarii,8.553335681504848e-07
Methylobacterium currus,8.500170332936819e-07
Methylobacterium sp. 17SD2-17,8.467501949604994e-07
Candidatus Nitrosopelagicus brevis,8.405075418771446e-07
Woeseia oceani,8.357667803160496e-07
Pseudomonas sp. MRSN12121,8.352724719662419e-07
Deinococcus swuensis,8.346697263128533e-07
Halopiger xanaduensis,8.32915747062124e-07
Pandoraea vervacti,8.254282477748731e-07
Eubacterium limosum,8.199295387534277e-07
Vibrio gazogenes,8.106181521361222e-07
Corynebacterium epidermidicanis,8.087219833807779e-07
Sporosarcina ureae,8.082680259313691e-07
Thermosynechococcus sp. NK55a,8.030461211339102e-07
Edwardsiella tarda,7.90772474390522e-07
Altererythrobacter marensis,7.86931999696705e-07
Paenibacillus borealis,7.86342879055546e-07
Streptomyces sp. Mg1,7.839619785343644e-07
Leptospira biflexa,7.753846908986617e-07
Bernardetia litoralis,7.729896367658639e-07
Altererythrobacter dongtanensis,7.574827725953526e-07
Sphingorhabdus flavimaris,7.540888773416299e-07
Legionella anisa,7.486847637627747e-07
Pseudomonas sp. CC6-YY-74,7.372111505699053e-07
Methylomicrobium alcaliphilum,7.327291692282856e-07
Olsenella sp. oral taxon 807,7.212710102733055e-07
Nostoc carneum,7.192396119792832e-07
Melaminivora sp. SC2-9,7.11066655800785e-07
Halogeometricum borinquense,7.110575418689535e-07
Vibrio fluvialis,7.106300825565626e-07
Xenorhabdus nematophila,6.983714720076861e-07
Flavobacterium branchiophilum,6.963264466364194e-07
Burkholderia contaminans,6.817518273249945e-07
Thiomicrospira aerophila,6.775208493792207e-07
Aeromonas sp. ASNIH3,6.658974638362736e-07
Sulfurospirillum cavolei,6.625112145997036e-07
Paenibacillus yonginensis,6.591470563810375e-07
Altererythrobacter namhicola,6.43851791815031e-07
Christensenella massiliensis,6.402976140851279e-07
Brevibacterium linens,6.38034762001638e-07
Sedimentisphaera salicampi,6.246245178642696e-07
Bacteroides zoogleoformans,6.16183992652175e-07
Burkholderia metallica,6.158893580909819e-07
Saccharospirillum mangrovi,6.11609697487303e-07
Pseudomonas sp. FGI182,6.08212786845641e-07
Halomonas chromatireducens,6.062666065620448e-07
Komagataeibacter hansenii,5.881899921789113e-07
Streptococcus suis,5.842147548618116e-07
Phaeobacter porticola,5.801421298690102e-07
Candidatus Desulfovibrio trichonymphae,5.763354346655092e-07
Haemophilus influenzae,5.670561415982434e-07
Oleiphilus messinensis,5.65578361833019e-07
Candidatus Planktophila dulcis,5.470639551585776e-07
Cellulosimicrobium cellulans,5.46462943740167e-07
Vitreoscilla sp. C1,5.461715827603797e-07
Desulfovibrio fairfieldensis,5.453008181888208e-07
Vibrio coralliilyticus,5.395829978827038e-07
Olsenella sp. GAM18,5.255806645232397e-07
Citrobacter freundii complex sp. CFNIH2,5.235703590455998e-07
Calothrix brevissima,5.204275558057248e-07
Dermatophilus congolensis,5.047335160046629e-07
Limnohabitans sp. 103DPR2,5.043799027770745e-07
Thermoproteus uzoniensis,5.000063865168158e-07
Citrobacter sp. FDAARGOS_156,4.963793922563298e-07
Porphyrobacter sp. CACIAM 03H1,4.899414626002852e-07
Brevibacillus formosus,4.893011377848922e-07
[Pseudomonas] mesoacidophila,4.883006300859804e-07
Rhodococcus fascians,4.8618245958032e-07
Acetobacter oryzifermentans,4.806789241307285e-07
Haloferax volcanii,4.792246467433259e-07
Ethanoligenens harbinense,4.767543514194728e-07
Acidaminococcus fermentans,4.7403801777257116e-07
Bacteroides caecimuris,4.6746858242130427e-07
Pseudomonas sp. HLS-6,4.6715627359805724e-07
Neisseria sicca,4.628300810827213e-07
Enterococcus faecium,4.571028372701846e-07
Haematospirillum jordaniae,4.5655891873774833e-07
Streptomyces puniciscabiei,4.53434709091205e-07
Simiduia agarivorans,4.476617800452942e-07
Devriesea agamarum,4.441772502472574e-07
Oligotropha carboxidovorans,4.414952928799565e-07
Pseudomonas cedrina,4.3718456672614535e-07
Enterobacter kobei,4.224677081277051e-07
Acidovorax avenae,4.167964614998354e-07
Rhodobacter sp. CZR27,4.155074137868198e-07
Cryptobacterium curtum,4.067364817839092e-07
Gardnerella vaginalis,3.96901618460177e-07
Anabaena cylindrica,3.914300081175881e-07
Methylomonas koyamae,3.822270898901081e-07
Thermus parvatiensis,3.7950485112236974e-07
Thermobispora bispora,3.718532091800952e-07
Variovorax sp. PAMC 28711,3.600556174987446e-07
Aquimarina sp. AD10,3.5864375835803486e-07
Erythrobacter gangjinensis,3.572838981114046e-07
Serinicoccus sp. JLT9,3.488115007277415e-07
Actinomyces hongkongensis,3.477297124021561e-07
Thermococcus kodakarensis,3.4432742832546383e-07
Gottschalkia acidurici,3.436046114080327e-07
Streptomyces sp. Go-475,3.411736040570545e-07
Pseudomonas sp. 7SR1,3.351191614875404e-07
Xanthobacter autotrophicus,3.3327193971199875e-07
Bacillus xiamenensis,3.309794242012387e-07
Corynebacterium timonense,3.3073982987907866e-07
Neisseria mucosa,3.1980793087083014e-07
Rhodobacter sphaeroides,3.164477974326729e-07
Shewanella amazonensis,3.1279253502880523e-07
Burkholderia oklahomensis,3.121870356670442e-07
Corynebacterium singulare,3.1008829415313244e-07
Moorea producens,3.096769099375507e-07
Nitratireductor sp. OM-1,3.073302808020983e-07
Ketogulonicigenium vulgare,2.9391267326595026e-07
Actinomyces oris,2.9172858695414305e-07
Methylococcus capsulatus,2.9106515992971537e-07
Gordonibacter massiliensis,2.8774070135462184e-07
Corynebacterium cystitidis,2.869904373259402e-07
Acidiferrobacter sp. SPIII_3,2.810275295361819e-07
Enterococcus sp. FDAARGOS_553,2.771695428060994e-07
Ottowia sp. oral taxon 894,2.736582113582742e-07
Pajaroellobacter abortibovis,2.7194512290940055e-07
Natronolimnobius aegyptiacus,2.6792232943329e-07
Pseudomonas savastanoi,2.6758839604124064e-07
Chlorobaculum tepidum,2.661096170530897e-07
Sporosarcina psychrophila,2.605816332268418e-07
Haloarcula marismortui,2.5556380456315253e-07
Methanoregula formicica,2.5101815452899246e-07
Acidithiobacillus ferrooxidans,2.4751229652508757e-07
Corynebacterium crudilactis,2.4685217330233656e-07
Sinorhizobium sp. CCBAU 05631,2.2693239611903949e-07
Nostoc piscinale,2.2344561263487605e-07
Eggerthella lenta,2.192638856257645e-07
Candidatus Cloacimonas acidaminovorans,2.153821816452961e-07
Parvularcula bermudensis,2.141689705803529e-07
Serratia sp. P2ACOL2,2.1389959943274305e-07
Corynebacterium sp. NML98-0116,2.1366608331518934e-07
Mariprofundus ferrinatatus,2.1092299602454289e-07
Leptospira santarosai,2.0584569941917153e-07
Rhodococcus sp. WB1,2.0297083074272139e-07
Microcystis aeruginosa,2.0086286540710318e-07
Prevotella denticola,1.9936328090608413e-07
Psychromonas ingrahamii,1.9825047787858096e-07
Salinigranum rubrum,1.97317524563978e-07
Tolumonas auensis,1.9713290313472243e-07
Dehalogenimonas formicexedens,1.9576131822240938e-07
Clostridium saccharobutylicum,1.8734022335653578e-07
Sphingopyxis sp. LPB0140,1.8713864484709576e-07
Pseudanabaena sp. PCC 7367,1.8345649113182816e-07
Lutibacter sp. LPB0138,1.798229047889066e-07
Streptomyces noursei,1.7964581751073182e-07
Rhodoplanes sp. Z2-YC6860,1.7769922018295857e-07
Thioalkalivibrio sp. K90mix,1.7091094921539708e-07
Syntrophomonas wolfei,1.6864171248354154e-07
Labrenzia sp. CP4,1.6728583906999717e-07
Phytobacter sp. SCO41,1.6707997394505014e-07
Thermus sp. CCB_US3_UF1,1.6636916435608385e-07
Olsenella uli,1.6622032805724274e-07
Persephonella marina,1.623543375961489e-07
Streptomyces malaysiensis,1.6215240001837826e-07
Synechococcus sp. SynAce01,1.613246877418817e-07
Candidatus Desulforudis audaxviator,1.6023326807612647e-07
Sulfuriferula sp. AH1,1.5908696515687382e-07
Hoyosella subflava,1.5890096907167362e-07
Candidatus Nucleicultrix amoebiphila,1.5300093600956188e-07
Pedobacter sp. PACM 27299,1.5187511130942967e-07
Bacillus gobiensis,1.4637273657580607e-07
Cohnella sp. 18JY8-7,1.4446492409003752e-07
Verrucomicrobium sp. GAS474,1.3975533719179367e-07
Tistrella mobilis,1.3764486632705798e-07
Bordetella hinzii,1.3699584999748993e-07
Hymenobacter sp. DG25A,1.3147411226377415e-07
Salegentibacter sp. T436,1.2887667510952383e-07
Corynebacterium glyciniphilum,1.2800354691755446e-07
Deinococcus maricopensis,1.2513653890877663e-07
Aeromonas sp. ASNIH7,1.246816705879894e-07
Sphingomonas sanxanigenens,1.243477646628577e-07
Halomonas sp. A3H3,1.2179434913939246e-07
Desulfovibrio sp. G11,1.212966288521855e-07
Corynebacterium halotolerans,1.1651471985008043e-07
Sagittula sp. P11,1.1449251440254215e-07
Nitrosomonas sp. Is79A3,1.1256504084400376e-07
Flagellimonas sp. HME9304,1.1225343130583098e-07
Candidatus Endolissoclinum faulkneri,1.104390532136179e-07
Jannaschia sp. CCS1,1.1012973530899472e-07
Desulfurispirillum indicum,1.0681285509406279e-07
Kineococcus radiotolerans,1.0235954452930685e-07
Providencia stuartii,1.0204145661774078e-07
Halodesulfurarchaeum formicicum,9.893552372908232e-08
Nocardiopsis gilva,9.719444056255356e-08
Brucella vulpis,9.642937561782361e-08
Candidatus Sodalis pierantonius,9.607306672432259e-08
Desulfatibacillum alkenivorans,9.603216049036689e-08
Streptomyces sp. GBA 94-10,9.461440699798374e-08
Yersinia pseudotuberculosis,9.034699823828874e-08
Sulfurovum sp. NBC37-1,8.927863091034993e-08
Haloferax gibbonsii,8.810344189758013e-08
Methylobacterium oryzae,8.54801253336035e-08
Salinimonas sp. N102,8.413290066844326e-08
Cutibacterium acnes,8.298577101051307e-08
Roseiflexus castenholzii,8.157836586253354e-08
Delftia tsuruhatensis,8.068429175889236e-08
Breoghania sp. L-A4,7.659871752441205e-08
Marinobacter sp. es.042,7.505057233458957e-08
Bifidobacterium animalis,7.166231796862377e-08
Clostridiales bacterium CCNA10,7.087649944725882e-08
Sulfitobacter sp. D7,6.881202465613968e-08
Megasphaera stantonii,6.863879231655545e-08
Desulfovibrio magneticus,6.826688803140968e-08
Lactobacillus rhamnosus,6.7088002464466e-08
Stenotrophomonas sp. ZAC14D2_NAIMI4_6,6.563407477511163e-08
Buchnera aphidicola,6.404087158351501e-08
Cyclobacterium amurskyense,6.265934400229156e-08
Thermovirga lienii,6.099747371646202e-08
Hoeflea sp. IMCC20628,5.8833463167928815e-08
Bacillus sp. 1NLA3E,5.8634590649475625e-08
Acidaminococcus intestini,5.739669339810405e-08
Oscillibacter valericigenes,5.2925370574996575e-08
halophilic archaeon DL31,5.234457456371189e-08
archaeon AArc-Sl,5.207628788195251e-08
Brucella sp. 09RB8910,5.1989939708896314e-08
Martelella endophytica,4.805141933239554e-08
Methylobacterium phyllosphaerae,4.696741870979793e-08
Amycolatopsis japonica,4.4863763370983634e-08
Bradyrhizobiaceae bacterium SG-6C,4.428109527943036e-08
Aeromonas sp. ASNIH5,4.3613279210319433e-08
Pectobacterium atrosepticum,4.3613279210319433e-08
Microbulbifer sp. A4B17,4.349629367794705e-08
Rathayibacter toxicus,4.336641747926251e-08
Ignicoccus hospitalis,4.2572953629083087e-08
Halanaeroarchaeum sulfurireducens,4.078971556076283e-08
Halorhabdus tiamatea,4.053624975686177e-08
Fibrella sp. ES10-3-2-2,4.0154881997267465e-08
Geobacter daltonii,3.592510227079515e-08
Photobacterium damselae,3.535617387750989e-08
[Eubacterium] minutum,3.5054696234659845e-08
Rhodobacter blasticus,3.4998731601731946e-08
Vibrio breoganii,2.8284939102007912e-08
Bacteroides cellulosilyticus,2.8222069414773898e-08
Serratia sp. MYb239,2.7047563255777617e-08
Gramella sp. SH35,2.606526126047726e-08
Niabella soli,2.603722544236575e-08
Methylomonas denitrificans,2.5899218747404974e-08
Prochlorococcus marinus,2.5899218747404974e-08
Kosakonia cowanii,2.5048727625431867e-08
Phoenicibacter massiliensis,2.428917236230177e-08
Bacillus sp. Y1,2.4282804433894967e-08
Chloroflexus aggregans,2.0909674769420405e-08
Wenzhouxiangella marina,2.012172055643191e-08
Neisseriaceae bacterium DSM 100970,1.959130426776312e-08
Spirosoma rigui,1.7592266110533215e-08
Halothiobacillus neapolitanus,1.6491957111064438e-08
Idiomarina loihiensis,1.2461531029295259e-08
Tenacibaculum todarodis,1.1054138338018048e-08
Sinomonas atrocyanea,9.576151449586235e-09
Arcanobacterium haemolyticum,9.414100032856254e-09
Petrimonas mucosa,8.159386055694995e-09
[Clostridium] saccharolyticum,8.017839614460343e-09
Calditerrivibrio nitroreducens,8.006944529626025e-09
Granulosicoccus antarcticus,6.895939441697863e-09
Shewanella halifaxensis,6.474480507279168e-09
Prevotella dentalis,6.42247695026299e-09
Pseudoalteromonas carrageenovora,5.7841188283447306e-09
Cellvibrio sp. PSBB023,5.7258168872920125e-09
Chromohalobacter salexigens,5.6358809397139e-09
Muricauda lutaonensis,5.577144568391645e-09
Halomonas sp. HL-93,5.2855125609596595e-09
Methanosarcina mazei,4.895631633416997e-09
Alteromonas sp. RKMC-009,4.238366124731386e-09
Fluviicola taffensis,3.940506720923054e-09
Corynebacterium ureicelerivorans,3.913809565325721e-09
Aeromonas schubertii,3.7841752842382445e-09
Legionella fallonii,3.4998127063090577e-09
Chania multitudinisentens,3.3993563297585184e-09
Selenomonas sp. oral taxon 920,3.305354101534874e-09
Alteromonas macleodii,2.6208981429576284e-09
Turneriella parva,2.3247436198303717e-09
Roseiflexus sp. RS-1,1.440909969119275e-09
Microbulbifer thermotolerans,1.440909969119275e-09
Alicyclobacillus acidocaldarius,1.4140622450753427e-09
Shewanella pealeana,1.1843088953966684e-09
Treponema caldarium,9.033507053501921e-10
Persicobacter sp. JZB09,3.161188644185131e-10
Desulfovibrio alaskensis,0.0
Desulfotomaculum ruminis,0.0
Cronobacter malonaticus,0.0
Croceibacter atlanticus,0.0
Nostoc sp. PCC 7107,0.0
Nostoc sp. NIES-4103,0.0
Formosa sp. Hel3_A1_48,0.0
Odoribacter splanchnicus,0.0
Octadecabacter arcticus,0.0
Geobacillus sp. GHH01,0.0
Candidatus Methanomethylophilus alvus,0.0
Candidatus Planktophila versatilis,0.0
Candidatus Planktophila lacus,0.0
Flexistipes sinusarabici,0.0
Nostoc sp. CENA543,0.0
Mycobacterium ulcerans,0.0
Mycoplasma haemofelis,0.0
Klebsiella quasipneumoniae,0.0
Hydrogenovibrio crunogenus,0.0
Idiomarinaceae bacterium HL-53,0.0
Thiomicrospira cyclica,0.0
Borreliella burgdorferi,0.0
Treponema pallidum,0.0
Turicibacter sp. H121,0.0
Desulfotalea psychrophila,0.0
Methanocella conradii,0.0
Metallosphaera sedula,0.0
Marinobacter salinus,0.0
Marinobacter salarius,0.0
Fluoribacter dumoffii,0.0
Sulfitobacter sp. SK012,0.0
Desulfococcus multivorans,0.0
Desulfocapsa sulfexigens,0.0
Desulfotomaculum nigrificans,0.0
Trueperella pyogenes,0.0
Chlorobium chlorochromatii,0.0
Chlorobaculum limnaeum,0.0
Thermanaerovibrio acidaminovorans,0.0
Thauera hydrothermalis,0.0
Rhodovulum sulfidophilum,0.0
Caldisericum exile,0.0
Burkholderiales bacterium YL45,0.0
Calothrix sp. PCC 7507,0.0
Formosa sp. Hel1_33_131,0.0
Candidatus Desulfofervidus auxilii,0.0
Kocuria palustris,0.0
Komagataeibacter xylinus,0.0
Lachnoclostridium phocaeense,0.0
Dehalobacterium formicoaceticum,0.0
Salinispora tropica,0.0
Paracoccus contaminans,0.0
Paracoccus mutanolyticus,0.0
Paludibacter propionicigenes,0.0
Calothrix parasitica,0.0
Bifidobacterium catenulatum,0.0
Formosa sp. Hel1_31_208,0.0
Shewanella psychrophila,0.0
Shewanella oneidensis,0.0
Simonsiella muelleri,0.0
Halorientalis sp. IM1011,0.0
Candidatus Nanopelagicus limnes,0.0
Candidatus Nanopelagicus hibericus,0.0
Candidatus Methylopumilus planktonicus,0.0
Chamaesiphon minutus,0.0
Candidatus Profftella armatura,0.0
Capnocytophaga leadbetteri,0.0
Capnocytophaga canimorsus,0.0
Carboxydocella thermautotrophica,0.0
Candidatus Azobacteroides pseudotrichonymphae,0.0
Steroidobacter denitrificans,0.0
Candidatus Paracaedibacter acanthamoebae,0.0
Brucella sp. 09RB8471,0.0
Chelativorans sp. BNC1,0.0
Candidatus Rhodoluna planktonica,0.0
Methanosphaerula palustris,0.0
Sphingobacterium mizutaii,0.0
Maribacter sp. HTCC2170,0.0
Dehalobacter restrictus,0.0
Marinomonas mediterranea,0.0
[Clostridium] bolteae,0.0
Microcoleus sp. PCC 7113,0.0
Xenorhabdus hominickii,0.0
Thermus oshimai,0.0
[Clostridium] sphenoides,0.0
Streptomyces sp. ICC1,0.0
Acinetobacter sp. WCHAc010034,0.0
Owenweeksia hongkongensis,0.0
Enterobacter sp. R4-368,0.0
Erwinia amylovora,0.0
Exiguobacterium sp. N4-1P,0.0
Rhodobacteraceae bacterium BAR1,0.0
Treponema sp. OMZ 838,0.0
[Clostridium] cellulosi,0.0
Psychrobacter sp. AntiMn-1,0.0
Muribaculum intestinale,0.0
Mycobacterium pseudoshottsii,0.0
Leptospira kmetyi,0.0
Leptospira alstonii,0.0
Limnobaculum parvum,0.0
Lactobacillus casei,0.0
Vibrio harveyi,0.0
Vibrio owensii,0.0
Marinifilaceae bacterium SPP2,0.0
Bacillus cellulosilyticus,0.0
Aggregatibacter aphrophilus,0.0
Megasphaera hexanoica,0.0
Anoxybacillus amylolyticus,0.0
Aneurinibacillus sp. XH2,0.0
Virgibacillus sp. Bac332,0.0
Virgibacillus necropolis,0.0
Aureitalea sp. RR4-38,0.0
Mariniflexile sp. TRM1-10,0.0
Bacillus smithii,0.0
Staphylococcus aureus,0.0
Sulfitobacter sp. SK025,0.0
Selenomonas sp. oral taxon 136,0.0
Lactobacillus paracollinoides,0.0
Lactobacillus mucosae,0.0
Lactobacillus curvatus,0.0
Leadbetterella byssophila,0.0
Lactobacillus sakei,0.0
Bifidobacterium kashiwanohense,0.0
Oscillatoria acuminata,0.0
Shewanella sp. ANA-3,0.0
Streptococcus thermophilus,0.0
Mycobacterium sp. QIA-37,0.0
Mycobacterium virus D29,0.0
Thermotoga petrophila,0.0
Thermotoga maritima,0.0
Thermosynechococcus elongatus,0.0
Thermus scotoductus,0.0
Dermabacter vaginalis,0.0
Bifidobacterium dentium,0.0
Sediminispirochaeta smaragdinae,0.0
Sediminicola sp. YIK13,0.0
Scytonema sp. HK-05,0.0
Seonamhaeicola sp. S2-3,0.0
Reinekea forsetii,0.0
Aequorivita sublithincola,0.0
Acinetobacter indicus,0.0
Selenomonas ruminantium,0.0
Fischerella sp. NIES-3754,0.0
Staphylococcus epidermidis,0.0
Flavobacteriaceae bacterium 3519-10,0.0
Flavobacterium sp. HYN0049,0.0
Erwinia pyrifoliae,0.0
Oscillibacter sp. PEA192,0.0
Oscillatoriales cyanobacterium JSC-12,0.0
Paenibacillus physcomitrellae,0.0
Tropheryma whipplei,0.0
Spirosoma montaniterrae,0.0
Spirochaeta africana,0.0
Fictibacillus phosphorivorans,0.0
Maribacter sp. 1_2014MBL_MicDiv,0.0
Maribacter cobaltidurans,0.0
Lelliottia jeotgali,0.0
Legionella spiritensis,0.0
Leptospirillum sp. Group II 'CF-1',0.0
Lutibacter profundi,0.0
Alistipes shahii,0.0
Algoriphagus sp. M8-2,0.0
Natronomonas pharaonis,0.0
Wolbachia endosymbiont of Drosophila simulans,0.0
Xanthomonas axonopodis,0.0
Aeromonas dhakensis,0.0
Rhizobium phage 16-3,0.0
Nostocales cyanobacterium HT-58-2,0.0
Pelodictyon luteolum,0.0
Corynebacterium minutissimum,0.0
Synechococcus sp. CC9605,0.0
Synechococcus sp. CC9311,0.0
Aquifex aeolicus,0.0
Tepidanaerobacter acetatoxydans,0.0
Geobacillus thermocatenulatus,0.0
Hafnia paralvei,0.0
Halobacteriovorax marinus,0.0
Halobacillus halophilus,0.0
Citrobacter amalonaticus,0.0
Clostridium argentinense,0.0
Chryseobacterium taklimakanense,0.0
Rufibacter sp. DG15C,0.0
Algibacter alginicilyticus,0.0
Corynebacterium renale,0.0
Pelobacter sp. SFB93,0.0
Roseburia hominis,0.0
Clostridium acetobutylicum,0.0
Christensenella minuta,0.0
Chloroflexus aurantiacus,0.0
Chlorobium phaeovibrioides,0.0
Halioglobus japonicus,0.0
Deinococcus geothermalis,0.0
Polaribacter sp. Hel1_33_78,0.0
Methanolinea tarda,0.0
Methylibium petroleiphilum,0.0
Methylacidiphilum fumariolicum,0.0
Marinomonas primoryensis,0.0
Anaerolineaceae bacterium oral taxon 439,0.0
Lacinutrix venerupis,0.0
Anaplasma marginale,0.0
Gramella forsetii,0.0
Marivivens sp. JLT3646,0.0
Methanoculleus bourgensis,0.0
Bacteroides salanitronis,0.0
Bacteroides ovatus,0.0
Bacteroides heparinolyticus,0.0
Legionella oakridgensis,0.0
Sphaerochaeta globosa,0.0
Acaryochloris marina,0.0
Dickeya sp. Secpp 1600,0.0
Dickeya sp. DW 0440,0.0
Acinetobacter soli,0.0
Maritalea myrionectae,0.0
Alkalilimnicola ehrlichii,0.0
Desulfofarcimen acetoxidans,0.0
Gramella flava,0.0
Geobacter anodireducens,0.0
Commensalibacter sp. AMU001,0.0
Comamonas thiooxydans,0.0
Corynebacterium variabile,0.0
Gammaproteobacteria bacterium DM2,0.0
Methanosarcina barkeri,0.0
Desulfurella acetivorans,0.0
Dialister sp. Marseille-P5638,0.0
Aggregatibacter actinomycetemcomitans,0.0
Agarivorans gilvus,0.0
Agarilytica rhodophyticola,0.0
Aeromonas sp. CU5,0.0
Aggregatibacter segnis,0.0
Actinomyces radingae,0.0
Actinomyces sp. VUL4_3,0.0
Serratia sp. ATCC 39006,0.0
Natrialba magadii,0.0
Neisseria elongata,0.0
Ndongobacter massiliensis,0.0
Grimontia hollisae,0.0
Cellulophaga algicola,0.0
Citrobacter freundii complex sp. CFNIH9,0.0
Burkholderia sp. MSMB1588,0.0
Rhodococcus sp. MTM3W5.2,0.0
Terribacillus goriensis,0.0
Halothermothrix orenii,0.0
Hippea maritima,0.0
Halomicronema hongdechloris,0.0
Halomicrobium mukohataei,0.0
Halohasta litchfieldiae,0.0
Clostridium scatologenes,0.0
Clostridium tyrobutyricum,0.0
Clostridium taeniosporum,0.0
Salinisphaera sp. LB1,0.0
Rhodoluna lacicola,0.0
Desulfitobacterium hafniense,0.0
Neisseria sp. KEM232,0.0
Celeribacter manganoxidans,0.0
Thermoanaerobacterium thermosaccharolyticum,0.0
Thermoanaerobacter siderophilus,0.0
Thermodesulfatator indicus,0.0
Thermococcus eurythermalis,0.0
Thermodesulfobium acidiphilum,0.0
Thermodesulfobacterium geofontis,0.0
Nitrosomonas ureae,0.0
Nitratifractor salsuginis,0.0
Nitrosococcus oceani,0.0
Nitrosococcus halophilus,0.0
Pseudohongiella spirulinae,0.0
Prevotella intermedia,0.0
Prosthecochloris aestuarii,0.0
Pseudarcicella sp. HME7025,0.0
Chryseobacterium carnis,0.0
Nitrosospira multiformis,0.0
Pseudodesulfovibrio piezophilus,0.0
Roseovarius mucosus,0.0
Ruegeria sp. NKC1-1,0.0
Ruminococcus champanellensis,0.0
Clostridium sp. SY8519,0.0
Gloeomargarita lithophora,0.0
Gordonia iterans,0.0
Nonlabens sp. MB-3u-79,0.0
Nonlabens sp. Hel1_33_55,0.0
Nonlabens dokdonensis,0.0
Salinimonas sp. HMF8227,0.0
Neomicrococcus aestuarii,0.0
Gramella sp. MAR_2010_147,0.0
Gramella sp. MAR_2010_102,0.0
Gramella salexigens,0.0
Polynucleobacter duraquae,0.0
Photobacterium gaetbulicola,0.0
Corynebacterium callunae,0.0
Haloarcula hispanica,0.0
Tamlana sp. UJ94,0.0
Nonlabens spongiae,0.0
Salinicoccus halodurans,0.0
Corynebacterium lactis,0.0
Corynebacterium imitans,0.0
Pectobacterium polaris,0.0
Pectobacterium parmentieri,0.0
Pelodictyon phaeoclathratiforme,0.0
Corynebacterium argentoratense,0.0
Corynebacterium ammoniagenes,0.0
Clostridium isatidis,0.0
Robiginitalea biformata,0.0
Clostridium cellulovorans,0.0
Providencia rettgeri,0.0
Proteus vulgaris,0.0
Pseudoalteromonas piscicida,0.0
Pseudoalteromonas atlantica,0.0
Synechococcus sp. WH 8020,0.0
Plautia stali symbiont,0.0
Planococcus rifietoensis,0.0
Pseudoalteromonas spongiae,0.0
Clostridium drakei,0.0
Methylophilus sp. TWE2,-2.2204460492503132e-17
Desulfarculus baarsii,-2.2204460492503132e-17
Plantactinospora sp. BC1,-1.6904257993388682e-10
Winogradskyella sp. RHA_55,-1.9096724201972393e-10
Propionimicrobium sp. Marseille-P3275,-1.1178163950020803e-09
Haloplanus sp. CBA1112,-1.3962228040398372e-09
Pseudomonas avellanae,-1.6862148344287675e-09
Anaerolinea thermophila,-2.2462073534512682e-09
Ochrobactrum pseudogrignonense,-2.2770267671390344e-09
Tateyamaria omphalii,-2.350710870402395e-09
Cutibacterium granulosum,-2.7844344607785843e-09
Prosthecochloris sp. CIB 2401,-3.1245943166169356e-09
Azospirillum sp. CFH 70021,-3.7252863016590254e-09
Legionella hackeliae,-4.602557046595734e-09
Fervidobacterium islandicum,-4.602557046595734e-09
Fischerella sp. NIES-4106,-4.67941625448276e-09
Cryobacterium arcticum,-5.379078449330166e-09
Planococcus sp. Y42,-6.25363034689741e-09
Wolbachia endosymbiont of Drosophila melanogaster,-6.9094433285954434e-09
Echinicola vietnamensis,-7.087908260317022e-09
Salinivirga cyanobacteriivorans,-7.187303885380914e-09
Heliobacterium modesticaldum,-7.429110993051324e-09
Corynebacterium striatum,-8.186066091653289e-09
Chlorobium phaeobacteroides,-8.233251325151514e-09
Bacterioplanes sanyensis,-8.255366501508377e-09
Congregibacter litoralis,-8.708583520977697e-09
Natronomonas moolapensis,-8.708583520977697e-09
Zymomonas mobilis,-8.979608301373787e-09
Streptomyces sampsonii,-9.740905837496427e-09
Brevirhabdus pacifica,-1.223343710776703e-08
Corynebacterium aquilae,-1.322748046650446e-08
Pseudonocardia sp. AL041005-10,-1.322748046650446e-08
Yersinia similis,-1.4139713089278417e-08
Dickeya dadantii,-1.8103476162600884e-08
Octadecabacter antarcticus,-1.952326111887004e-08
Acidihalobacter prosperus,-1.9610157608873635e-08
Martelella sp. AD-3,-2.263532337121177e-08
Streptomyces peucetius,-2.3556443973227203e-08
Sinorhizobium medicae,-2.408374162321536e-08
Salinispira pacifica,-2.4338441106941388e-08
Wolinella succinogenes,-2.488528643151966e-08
Alkalitalea saponilacus,-2.5675847981077028e-08
Denitrobacterium detoxificans,-2.621160604121542e-08
Halothece sp. PCC 7418,-2.6341376213601107e-08
Cloacibacillus porcorum,-2.776672993753948e-08
Janthinobacterium sp. B9-8,-2.8983261279869055e-08
Hirschia baltica,-2.9087868780308668e-08
Clostridium chauvoei,-2.9088568265223103e-08
Brucella sp. 141012304,-2.9618396912844957e-08
Methanothrix soehngenii,-2.961839693504942e-08
Thermomonospora curvata,-2.9660795086705605e-08
Vibrio anguillarum,-3.1507418563059275e-08
Hyphomonas sp. Mor2,-3.180597465402002e-08
Ruminococcus albus,-3.297684199043971e-08
Acidipropionibacterium virtanenii,-3.53735032154745e-08
Lactococcus lactis,-3.5893068761616574e-08
Paenibacillaceae bacterium GAS479,-3.644897086374499e-08
Moraxella bovoculi,-3.668963171055139e-08
Streptomyces violaceoruber,-3.7140138187119476e-08
Altererythrobacter atlanticus,-3.8619600961631306e-08
Tumebacillus avium,-4.0411067336876274e-08
Amycolatopsis keratiniphila,-4.067437979760058e-08
Aurantimicrobium sp. MWH-Mo1,-4.385875653767357e-08
Thermanaeromonas toyohensis,-4.429055084909095e-08
Actinomyces pacaensis,-4.441855574466302e-08
Synechococcus sp. PCC 7003,-4.702689255786652e-08
Burkholderiales bacterium GJ-E10,-4.756480704859456e-08
Mycolicibacter terrae,-4.7588059381986625e-08
Bacillus paralicheniformis,-4.869191017053964e-08
Alcaligenes aquatilis,-5.5552197864017215e-08
Polynucleobacter necessarius,-5.682377324234267e-08
Pseudomonas amygdali,-5.7601859415612465e-08
Nostoc sp. PCC 7524,-5.816140924430613e-08
Cytophaga hutchinsonii,-6.312468501246115e-08
Aquimarina sp. BL5,-6.514364740972667e-08
Desulfosporosinus youngiae,-6.763499835749087e-08
Marinobacter sp. Arc7-DN-1,-6.858039340862376e-08
Bacillus safensis,-6.874646514276606e-08
Roseovarius sp. TM1035,-7.097343279749424e-08
Streptomyces alfalfae,-7.154075940540849e-08
Corynebacterium casei,-7.748700694421018e-08
Bartonella apis,-8.105795490376266e-08
Nitrosomonas sp. AL212,-8.338589367884452e-08
Serratia sp. FDAARGOS_506,-8.414408521062456e-08
Yoonia vestfoldensis,-8.444466523815918e-08
Marinobacter sp. CP1,-8.491801579690872e-08
Algoriphagus machipongonensis,-8.51822964831328e-08
Caldithrix abyssi,-8.523822412342951e-08
Thioalkalivibrio sulfidiphilus,-8.544948535416096e-08
Vibrio diabolicus,-8.559124073936885e-08
Selenomonas sp. oral taxon 126,-8.703363429951594e-08
Haloarculaceae archaeon HArcel1,-8.756679359400721e-08
Mycobacterium sp. MOTT36Y,-8.771813337915546e-08
Rhizobium sp. CCGE531,-9.121156152591681e-08
Gloeocapsa sp. PCC 7428,-9.274671270986801e-08
Bacillus horikoshii,-9.282973003621465e-08
Mycobacterium sp. JLS,-9.3232586473313e-08
Methylophaga frappieri,-9.364382425047779e-08
Tessaracoccus flavus,-9.369670073144931e-08
Paracoccus aminovorans,-9.541233843002317e-08
Methanofollis liminatans,-9.616616334362504e-08
Thermosulfidibacter takaii,-9.873259831927328e-08
Rickettsia endosymbiont of Ixodes scapularis,-9.875484214827424e-08
Brevibacillus laterosporus,-9.881335771844135e-08
Geobacillus subterraneus,-1.0182259702062879e-07
Bacteroidales bacterium CF,-1.0813267019571526e-07
Simkania negevensis,-1.1045114893803998e-07
Saprospira grandis,-1.1384552414117622e-07
Hymenobacter sp. DG25B,-1.1659657528362288e-07
Teredinibacter turnerae,-1.2162252518432837e-07
Alteromonas mediterranea,-1.2480736650832823e-07
Thermincola potens,-1.281523075435942e-07
Zoogloeaceae bacteirum Par-f-2,-1.2882525532997846e-07
Bacillus sp. FJAT-45348,-1.2894391137052709e-07
Bordetella genomosp. 6,-1.2991459543698625e-07
Bacillus pseudofirmus,-1.3085221737263452e-07
Pontibacter actiniarum,-1.353629165867787e-07
Corynebacterium riegelii,-1.3644117085043207e-07
Aerococcaceae bacterium ZY16052,-1.3681640256280048e-07
Neisseria cinerea,-1.4222978117484075e-07
Nitratiruptor sp. SB155-2,-1.433433192365996e-07
Belliella baltica,-1.4504147791694066e-07
Corynebacterium choanis,-1.4927926117458412e-07
Desulfovibrio piger,-1.4930525706891019e-07
Rufibacter tibetensis,-1.5179403218823494e-07
Actinomyces sp. 2129,-1.5179403218823494e-07
Micromonospora sp. L5,-1.539393174043724e-07
Dietzia sp. oral taxon 368,-1.560419116142242e-07
Thermobaculum terrenum,-1.575208665061112e-07
Acetobacter persici,-1.5985200050305792e-07
Vibrio nigripulchritudo,-1.6329876555420953e-07
Ammonifex degensii,-1.6377972855696754e-07
Frankia sp. EAN1pec,-1.65049504019521e-07
Gordonia bronchialis,-1.6691880806440905e-07
Candidatus Aquiluna sp. UB-MaderosW2red,-1.671786478363302e-07
Natronobacterium gregoryi,-1.6907939910382196e-07
Corynebacterium sp. 2183,-1.7097892750506106e-07
Thermoclostridium stercorarium,-1.7110077190629625e-07
Pseudomonas resinovorans,-1.7267802963072398e-07
Planococcus sp. MB-3u-03,-1.7494171997700647e-07
Halioglobus pacificus,-1.7873462909712146e-07
Bifidobacterium pseudolongum,-1.8145118318990683e-07
Lactococcus sp. 1JSPR-7,-1.8481164383299386e-07
Pseudomonas mediterranea,-1.8653193003537183e-07
Symbiobacterium thermophilum,-1.8672033079703e-07
Ralstonia pseudosolanacearum,-1.879929771408939e-07
Pseudomonas syringae group genomosp. 3,-1.8887948649570774e-07
Shewanella benthica,-1.90498099605918e-07
Leptospirillum ferrooxidans,-1.9230471106634895e-07
Sphaerospermopsis kisseleviana,-1.971481415230514e-07
Lachnoclostridium sp. YL32,-1.9980709244915574e-07
Komagataeibacter saccharivorans,-2.0580463153674344e-07
Pseudomonas fulva,-2.064967144832508e-07
Sphingobacterium sp. 21,-2.0748801490277913e-07
Nodularia spumigena,-2.126142051084301e-07
Thermovibrio ammonificans,-2.1420078439859934e-07
Thermococcus celer,-2.173114533654541e-07
Streptococcus pneumoniae,-2.216825061518435e-07
Pelagibacterium halotolerans,-2.30024042413568e-07
alpha proteobacterium HIMB59,-2.3156769608512206e-07
Limnohabitans sp. 63ED37-2,-2.3617450042312527e-07
Desulfitobacterium dehalogenans,-2.392440426213227e-07
Melaminivora sp. SC2-7,-2.406391067077962e-07
Halomonas elongata,-2.438865559284409e-07
Haloarcula taiwanensis,-2.474855250289565e-07
Dichelobacter nodosus,-2.501413477240533e-07
Corynebacterium mustelae,-2.5074539740099765e-07
Glutamicibacter nicotianae,-2.5209350122956665e-07
Bifidobacterium actinocoloniiforme,-2.5228873519189675e-07
Corynebacterium genitalium,-2.5304195536701715e-07
Beggiatoa leptomitoformis,-2.5338242950478926e-07
Pseudomonas sp. R2-60-08W,-2.5431054264668516e-07
Chloroherpeton thalassium,-2.552871280814273e-07
Desulfococcus oleovorans,-2.567629325378462e-07
Sulfuricurvum kujiense,-2.5877680842611994e-07
Serratia sp. FS14,-2.601759468756626e-07
Gordonia rubripertincta,-2.616597026827705e-07
Gemmobacter sp. HYN0069,-2.6285577563456287e-07
Gemmata obscuriglobus,-2.6329937845570585e-07
Haloplanus sp. CBA1113,-2.647901986785328e-07
Pseudomonas versuta,-2.6535130832616715e-07
Marinobacter psychrophilus,-2.671685294997062e-07
Bifidobacterium pseudocatenulatum,-2.6726364361628895e-07
Deinococcus actinosclerus,-2.7055627684902104e-07
Desulfallas gibsoniae,-2.720166988323669e-07
Candidatus Kuenenia stuttgartiensis,-2.804700804936999e-07
Arenibacter algicola,-2.8119507040624824e-07
Anaeromyxobacter sp. Fw109-5,-2.820504462874851e-07
Ferriphaselus amnicola,-2.8555153048781533e-07
Azorhizobium caulinodans,-2.943330552618306e-07
Obesumbacterium proteus,-2.965446922686965e-07
Thalassospira marina,-2.9923067825787795e-07
Methylovorus glucosotrophus,-3.0578309864193185e-07
Gallaecimonas sp. HK-28,-3.091913258090884e-07
Pseudopropionibacterium propionicum,-3.1039296368717826e-07
Nitrosospira briensis,-3.1467838794707604e-07
Fuerstia marisgermanicae,-3.272133007437006e-07
Clostridium perfringens,-3.3860641055483145e-07
Prosthecochloris sp. GSB1,-3.4378366242648895e-07
Gluconobacter oxydans,-3.4486800488675583e-07
Planktothrix agardhii,-3.4841178784272844e-07
Bordetella sp. H567,-3.488782873706242e-07
Chromatiaceae bacterium 2141T.STBD.0c.01a,-3.4943635731643494e-07
Proteus mirabilis,-3.4994421631573404e-07
Azoarcus olearius,-3.517051641477309e-07
Lactobacillus zymae,-3.52498065026019e-07
Chryseobacterium sp. 6424,-3.554848274189837e-07
Aeribacillus pallidus,-3.572733763279601e-07
Methanoculleus marisnigri,-3.576951546069296e-07
Corynebacterium stationis,-3.6192145791424934e-07
Acidithiobacillus ferrivorans,-3.6543900741037303e-07
Thermosediminibacter oceani,-3.7983407599195827e-07
Dactylococcopsis salina,-3.7997922894827953e-07
Desulfosporosinus acidiphilus,-3.935620374484472e-07
Treponema azotonutricium,-3.93736455905902e-07
Mycolicibacterium phlei,-4.0026096370660014e-07
Hydromonas sp. F02,-4.0968373580252406e-07
Trichormus variabilis,-4.0978287334514364e-07
Flavobacteriaceae bacterium UJ101,-4.098128484786301e-07
Microbacterium paraoxydans,-4.192019074533704e-07
Intestinimonas butyriciproducens,-4.2339547787761946e-07
Denitrovibrio acetiphilus,-4.2366017243278266e-07
Tessaracoccus aquimaris,-4.2833348095072666e-07
Slackia heliotrinireducens,-4.2969332869624566e-07
Spongiibacter sp. IMCC21906,-4.3005688759034656e-07
Corynebacterium geronticis,-4.320136143043385e-07
Citrobacter farmeri,-4.367003213046061e-07
Natronococcus occultus,-4.3950286405802784e-07
Rhodococcus sp. PBTS 1,-4.410529063525459e-07
Allochromatium vinosum,-4.460846817266884e-07
Mesotoga prima,-4.4898728213116357e-07
Thermomicrobium roseum,-4.50459404999215e-07
Planococcus plakortidis,-4.659708259469042e-07
[Bacillus] selenitireducens,-4.7278477228740455e-07
Bacillus cohnii,-4.815251235523732e-07
Lysinibacillus sphaericus,-4.866845957574028e-07
Streptomyces sp. S8,-4.946900004298982e-07
Myxococcus fulvus,-4.968009549743968e-07
Brevibacterium siliguriense,-4.973902940408337e-07
Halomonas aestuarii,-5.050931184413798e-07
Bacteroides helcogenes,-5.062807142852676e-07
Megasphaera elsdenii,-5.118726576602839e-07
Rhodococcus sp. p52,-5.160965601991307e-07
Campylobacter gracilis,-5.219599401362629e-07
Desulfotomaculum reducens,-5.29992612752217e-07
Enterobacter cloacae complex sp.,-5.363819970627403e-07
Aneurinibacillus soli,-5.384838701827377e-07
Epibacterium mobile,-5.399506102676809e-07
Hyphomicrobium denitrificans,-5.40979878027592e-07
Corynebacterium urealyticum,-5.43601565095031e-07
Xanthomonas fragariae,-5.44357303966514e-07
Zymobacter palmae,-5.496901464452364e-07
Thioploca ingrica,-5.500220383813925e-07
Synechococcus sp. CC9902,-5.595287499771118e-07
Pseudodesulfovibrio profundus,-5.630365101483293e-07
Pseudomonas sp. R5-89-07,-5.637190123364278e-07
Rhodospirillum rubrum,-5.660029393839139e-07
Maribacter sp. T28,-5.727812082412242e-07
Gloeobacter violaceus,-5.745429757286758e-07
Streptomyces sp. 3211,-5.814957380056995e-07
Burkholderia latens,-5.818234896759478e-07
Actinobacteria bacterium IMCC26077,-5.860636389742879e-07
Shewanella sp. FDAARGOS_354,-5.870697061149954e-07
Akkermansia glycaniphila,-5.939801654752941e-07
Corynebacterium falsenii,-6.105104975340225e-07
Synechococcus sp. JA-3-3Ab,-6.11340477063571e-07
Cyanobium sp. NIES-981,-6.248166648958886e-07
Halorubrum trapanicum,-6.317928775256832e-07
Neisseria polysaccharea,-6.360915626668628e-07
Methylophaga nitratireducenticrescens,-6.388085560526946e-07
Ruminococcaceae bacterium CPB6,-6.436694945488597e-07
Phycisphaera mikurensis,-6.461129675949806e-07
Tessaracoccus flavescens,-6.485792888533126e-07
Chryseobacterium nakagawai,-6.521879149179455e-07
Brenneria goodwinii,-6.541894208567101e-07
Vibrio scophthalmi,-6.628594937385657e-07
Lonsdalea britannica,-6.636962271766578e-07
Klebsiella quasivariicola,-6.664085943075548e-07
Arcticibacterium luteifluviistationis,-6.692717515077717e-07
Hymenobacter swuensis,-6.834135025446386e-07
Halomonas sp. GFAJ-1,-6.898557822765383e-07
Escherichia albertii,-6.900306515511545e-07
Marinovum algicola,-6.920126016440875e-07
Confluentimicrobium sp. EMB200-NS6,-6.958078590191263e-07
Coriobacteriaceae bacterium 68-1-3,-7.096191648958694e-07
Syntrophus aciditrophicus,-7.155011783943621e-07
Neisseria sp. 10023,-7.159926692645868e-07
Planococcus maritimus,-7.165802537567601e-07
Thioalkalivibrio nitratireducens,-7.221295178938547e-07
Vibrio vulnificus,-7.243781225518831e-07
Mahella australiensis,-7.261093994515023e-07
Celeribacter marinus,-7.302057092317682e-07
Halorhodospira halochloris,-7.318453504767674e-07
Acidovorax citrulli,-7.339236815839812e-07
Azospirillum thiophilum,-7.371069948414189e-07
Desulfovibrio salexigens,-7.410565750154418e-07
Rhodomicrobium vannielii,-7.412619891900008e-07
Chryseobacterium arthrosphaerae,-7.478207080691135e-07
Kordia sp. SMS9,-7.536920123341062e-07
Vibrio mimicus,-7.572787351195487e-07
Phaeobacter sp. LSS9,-7.592803263012371e-07
Parascardovia denticolens,-7.646253741055986e-07
Ensifer sojae,-7.64773104999783e-07
Bacillus sp. FJAT-18017,-7.71304917623894e-07
Synechococcus sp. RCC307,-7.813883021068335e-07
Corynebacterium vitaeruminis,-7.913140096071914e-07
Streptomyces parvulus,-7.91439848102371e-07
Thermus thermophilus,-7.970346007635243e-07
Pseudomonas sp. Os17,-8.014693172020416e-07
Sulfitobacter sp. AM1-D1,-8.148266966712114e-07
Saccharomonospora viridis,-8.350748839092148e-07
Murdochiella vaginalis,-8.472189006569764e-07
Thermoanaerobacterales bacterium SK-G1,-8.518658409784052e-07
Achromobacter ruhlandii,-8.522701707258662e-07
Streptomyces pactum,-8.563129032523875e-07
Lentzea guizhouensis,-8.723946350430723e-07
Blastomonas fulva,-8.862720558777681e-07
Ruegeria sp. AD91A,-8.910712225418394e-07
Thiocystis violascens,-8.971753669761995e-07
Aeromicrobium sp. A1-2,-9.018423208217996e-07
Hafnia alvei,-9.049753579182251e-07
Idiomarina sp. OT37-5b,-9.096999834756758e-07
Blastomonas sp. RAC04,-9.240974337521024e-07
Mycobacteroides saopaulense,-9.328588231216628e-07
Bacillus clausii,-9.393654207601188e-07
Micromonospora sp. B006,-9.39514952480458e-07
Actinoplanes sp. N902-109,-9.395211553631099e-07
Halomonas beimenensis,-9.40078843236769e-07
Peptoclostridium acidaminophilum,-9.487583286116319e-07
Solimonas sp. K1W22B-7,-9.490015487667591e-07
Thauera aromatica,-9.601042516349522e-07
Leptospira interrogans,-9.686935138031317e-07
Bordetella sp. N,-9.691492049990202e-07
Rhodocyclaceae bacterium,-9.710343505275886e-07
Nonomuraea sp. ATCC 55076,-9.87932967122518e-07
Salimicrobium jeotgali,-9.927678069399092e-07
Streptomyces bacillaris,-9.961355149634699e-07
Chthonomonas calidirosea,-9.982030513278062e-07
Klebsiella michiganensis,-1.0024323343849063e-06
Saccharomonospora cyanea,-1.0100529706402738e-06
Fibrobacter succinogenes,-1.0109677136105333e-06
Clostridium butyricum,-1.0207961017583145e-06
Mycobacterium marinum,-1.0211459617881502e-06
Synechococcus sp. WH 8109,-1.0341496669896698e-06
Dickeya fangzhongdai,-1.0436345840858507e-06
Pelobacter carbinolicus,-1.0585703212662167e-06
Pseudomonas corrugata,-1.0585999870915685e-06
Paenibacillus sp. FSL R7-0273,-1.060737435953918e-06
Acinetobacter haemolyticus,-1.0616328950607824e-06
Rubrobacter xylanophilus,-1.0670056259431958e-06
Haloplanus aerogenes,-1.0900051296891532e-06
Synechococcus sp. WH 7803,-1.1054251715547636e-06
Capnocytophaga haemolytica,-1.1095374641278966e-06
Polynucleobacter wuianus,-1.1182892100336518e-06
Betaproteobacteria bacterium GR16-43,-1.1187331675932554e-06
Cytophagales bacterium TFI 002,-1.1378763390190726e-06
Mycolicibacter sinensis,-1.1491623339132673e-06
Scytonema sp. NIES-4073,-1.1597629235637895e-06
Streptomyces chartreusis,-1.1817882017872705e-06
Xylella taiwanensis,-1.184579525426166e-06
Aeromonas veronii,-1.1849644334649412e-06
Enterobacter cancerogenus,-1.1955329420887395e-06
Actinomyces meyeri,-1.207210395448577e-06
Clostridium sp. JN500901,-1.243473623580016e-06
Porphyromonas gingivalis,-1.2535478897124364e-06
Mordavella sp. Marseille-P3756,-1.2647559922251972e-06
Gillisia sp. Hel1_33_143,-1.2751814400413508e-06
Treponema brennaborense,-1.275573699732746e-06
Bordetella bronchialis,-1.2838830892425435e-06
Citrobacter youngae,-1.2905081323566492e-06
Leifsonia sp. 21MFCrub1.1,-1.3074299034965264e-06
Sphingobium hydrophobicum,-1.3170932116057799e-06
Lelliottia nimipressuralis,-1.3484196755619847e-06
Laceyella sacchari,-1.3675909673382946e-06
Kangiella profundi,-1.3693313936080642e-06
Actinomadura amylolytica,-1.3708661787292797e-06
Bordetella trematum,-1.3772454501070896e-06
Halorhabdus utahensis,-1.3776341215576693e-06
Desulfovibrio hydrothermalis,-1.3794534075906028e-06
Yersinia kristensenii,-1.4132065361049938e-06
Oceanobacillus iheyensis,-1.417836085315649e-06
Corynebacterium humireducens,-1.422642169557342e-06
Eggerthella sp. YY7918,-1.4431085135990785e-06
Akkermansia muciniphila,-1.4439540530375438e-06
Pseudomonas sp. SWI36,-1.4447529169459016e-06
Serratia liquefaciens,-1.448382400370818e-06
Roseibacterium elongatum,-1.4693994069059356e-06
Syntrophobacter fumaroxidans,-1.4791462902730145e-06
Pseudomonas asplenii,-1.4856080106540048e-06
Methylomonas clara,-1.5056725539031035e-06
Brevefilum fermentans,-1.5273470855836635e-06
Rubrivivax gelatinosus,-1.5339441323147795e-06
Roseomonas sp. FDAARGOS_362,-1.5399098771906595e-06
Deinococcus puniceus,-1.5524284723511529e-06
Winogradskyella sp. PC-19,-1.555005618003591e-06
Gemmatimonas phototrophica,-1.568232535209546e-06
Auritidibacter sp. NML130574,-1.5717463086595274e-06
Candidatus Puniceispirillum marinum,-1.5937346558247968e-06
Sulfurospirillum multivorans,-1.5951925799617683e-06
Dietzia sp. JS16-p6b,-1.634053414223402e-06
Brevibacterium sandarakinum,-1.6346119733778863e-06
Flavobacteriaceae bacterium MAR_2010_188,-1.6394124176422053e-06
Pleurocapsa minor,-1.6584553907961208e-06
Halobacterium sp. DL1,-1.6674051417364666e-06
Microbacterium sp. XT11,-1.6685702106888912e-06
Paenarthrobacter aurescens,-1.673751865305384e-06
Microterricola viridarii,-1.6876830589707126e-06
Pelobacter acetylenicus,-1.7174077239445752e-06
Crenobacter sp. K1W11S-77,-1.7179077040685441e-06
Enterobacter cloacae complex sp. FDA-CDC-AR_0164,-1.7208836283977292e-06
Calothrix sp. NIES-3974,-1.752475651262131e-06
Coxiella burnetii,-1.7562081770394755e-06
Bosea sp. PAMC 26642,-1.7597391309243094e-06
Corynebacterium pseudopelargi,-1.7662393062778393e-06
Paenibacillus mucilaginosus,-1.7755473814107248e-06
Labrenzia sp. VG12,-1.77768675246881e-06
Roseobacter litoralis,-1.7867001265825522e-06
Bordetella sp. HZ20,-1.7905506138671256e-06
Aureimonas sp. AU20,-1.7938824051766389e-06
Halorubrum lacusprofundi,-1.824940375660944e-06
Rhodothermaceae bacterium RA,-1.8308571226866022e-06
Solibacillus silvestris,-1.8345221197924034e-06
Crinalium epipsammum,-1.8540347303641625e-06
Bacillus filamentosus,-1.8609294388349796e-06
Brachybacterium sp. VR2415,-1.8802646265969613e-06
Anderseniella sp. Alg231-50,-1.908291577956689e-06
[Eubacterium] rectale,-1.9104366202560286e-06
Aeromonas hydrophila,-1.9278034627534524e-06
Acetobacter ascendens,-1.9422662466794803e-06
Chondromyces crocatus,-1.9442745536446536e-06
Microbacterium sp. LKL04,-1.958082245101522e-06
Thermodesulfovibrio yellowstonii,-1.960311558879546e-06
Octadecabacter temperatus,-1.9645221098318897e-06
Tenacibaculum maritimum,-1.9709237545795235e-06
Magnetospirillum sp. XM-1,-1.972626657309462e-06
Pseudomonas libanensis,-1.9734673084581544e-06
Bacillus mycoides,-1.9780359013621405e-06
Olleya sp. Bg11-27,-1.9827954147233483e-06
Aeromonas caviae,-1.9933687490425455e-06
Euzebyella marina,-2.0116401770353677e-06
Ramlibacter tataouinensis,-2.06400316662414e-06
Corynebacterium jeikeium,-2.0695277692439617e-06
Thermus aquaticus,-2.0858116592803455e-06
Rhodobaca barguzinensis,-2.098347715961957e-06
Arachidicoccus sp. KIS59-12,-2.103560423827311e-06
Rhodococcus sp. WMMA185,-2.1173532261276053e-06
Nitratireductor basaltis,-2.1478747332936976e-06
Rhodococcus sp. YL-1,-2.1511991158851275e-06
Gordonia sp. YC-JH1,-2.152312973624504e-06
Gluconacetobacter diazotrophicus,-2.180282423536184e-06
Pseudomonas citronellolis,-2.1853349375877685e-06
Streptomyces sp. 3214.6,-2.199068956043604e-06
Labrenzia aggregata,-2.2000487654105783e-06
Gynuella sunshinyii,-2.22470619373194e-06
Geobacter uraniireducens,-2.2247216361570566e-06
Acetomicrobium mobile,-2.238972927104399e-06
Paenibacillus kribbensis,-2.2467160289973975e-06
Rubrobacter radiotolerans,-2.248763418877253e-06
Klebsiella oxytoca,-2.2490295708443854e-06
Pseudomonas furukawaii,-2.254882938812486e-06
Enterobacter sp. FY-07,-2.284491568160796e-06
Burkholderia sp. BDU6,-2.2878226365818933e-06
Candidatus Coxiella mudrowiae,-2.335220916505065e-06
Massilia sp. NR 4-1,-2.344379393015572e-06
Sorangium cellulosum,-2.347597277529978e-06
Methyloceanibacter caenitepidi,-2.3625264501614397e-06
Rhodospirillum centenum,-2.3641916319094847e-06
Paenibacillus sabinae,-2.367396914615405e-06
Paenibacillus sp. CAA11,-2.3698580295494763e-06
Gordonia sp. MMS17-SY073,-2.370460803713392e-06
Spirosoma aerolatum,-2.377558541089009e-06
Microbacterium sp. PM5,-2.37790609034505e-06
Castellaniella defragrans,-2.3814669298793945e-06
Lachnoclostridium phytofermentans,-2.3936148729086783e-06
Thalassococcus sp. SH-1,-2.418787539260059e-06
Rhodobacteraceae bacterium,-2.442311935779706e-06
Riemerella anatipestifer,-2.448508146390971e-06
Polaribacter sp. KT 15,-2.452513666417744e-06
Paenibacillus graminis,-2.4759904726723293e-06
Aeromicrobium sp. 592,-2.48983104327305e-06
Campylobacter curvus,-2.4902048458841364e-06
Phaeobacter inhibens,-2.49250717903049e-06
Bifidobacterium angulatum,-2.5417809202288312e-06
Starkeya novella,-2.5471188521697385e-06
Libanicoccus massiliensis,-2.5624302894433628e-06
Legionella pneumophila,-2.5942032368719835e-06
Paenibacillus ihbetae,-2.603616206409143e-06
Corynebacterium diphtheriae,-2.610455710461146e-06
Enterobacter bugandensis,-2.6300851682314886e-06
Enterobacter sp. Crenshaw,-2.630085168253693e-06
Celeribacter baekdonensis,-2.6436118029993238e-06
Hartmannibacter diazotrophicus,-2.645376509846642e-06
Hyphomicrobium nitrativorans,-2.6592962195870485e-06
Aeromonas sp. CA23,-2.666439204856985e-06
Sulfitobacter pseudonitzschiae,-2.6808555713131454e-06
Negativicoccus massiliensis,-2.6894623326390033e-06
Paenibacillus swuensis,-2.707345541685946e-06
Methanocella arvoryzae,-2.7265273612853134e-06
Propionibacterium freudenreichii,-2.728814326347084e-06
Bosea sp. AS-1,-2.7292713154825065e-06
Flavonifractor plautii,-2.7660263025142127e-06
Paracoccus sp. CBA4604,-2.7688113156010276e-06
Cutibacterium avidum,-2.7767240107667847e-06
Thermaerobacter marianensis,-2.7876554958172763e-06
Pseudomonas sp. JY-Q,-2.7885762134305382e-06
Pseudomonas sp. SWI6,-2.822848183470228e-06
Moraxellaceae bacterium HYN0046,-2.8260178565053806e-06
Polaribacter sp. KT25b,-2.8524836606091952e-06
Rothia dentocariosa,-2.8588644047200516e-06
Neisseria lactamica,-2.867904574155311e-06
Arachidicoccus sp. BS20,-2.9563499544638104e-06
Pseudomonas antarctica,-2.9909053866239434e-06
Oceanobacillus sp. 160,-3.0004459173449403e-06
Chitinophaga caeni,-3.04944072981872e-06
Brevibacterium aurantiacum,-3.050048435260244e-06
Caldilinea aerophila,-3.0511394035537264e-06
Lelliottia sp. WB101,-3.0564709433189562e-06
Ereboglobus luteus,-3.0597238974472417e-06
Sphingopyxis sp. FD7,-3.0859469390964733e-06
Paracoccus denitrificans,-3.090090672808188e-06
Clostridium kluyveri,-3.1221834118522198e-06
Tatumella ptyseos,-3.1671781883568783e-06
Pseudomonas sp. LBUM920,-3.1672010996297574e-06
Pseudomonas sp. R2-37-08W,-3.184679064216489e-06
Desulfovibrio gigas,-3.2048749180058067e-06
Segniliparus rotundus,-3.215146640989097e-06
Desulfosporosinus orientis,-3.246261298084363e-06
Pseudoclostridium thermosuccinogenes,-3.2707889495497965e-06
Amycolatopsis orientalis,-3.276931599227595e-06
Erythrobacter flavus,-3.3629178443961293e-06
Bosea sp. RAC05,-3.395585140442137e-06
Thalassolituus oleivorans,-3.4212218984253084e-06
Lacinutrix sp. Bg11-31,-3.4386782026940564e-06
Deinococcus soli Cha et al. 2016,-3.4501118311602854e-06
Adlercreutzia equolifaciens,-3.4978649782413385e-06
Bordetella genomosp. 13,-3.509725442696343e-06
Azospira oryzae,-3.52461579076202e-06
Enterobacteriaceae bacterium strain FGI 57,-3.577482293803946e-06
Cupriavidus sp. USMAA1020,-3.608699525248227e-06
Chryseobacterium shandongense,-3.7044145531295315e-06
Maricaulis maris,-3.715230300516126e-06
Microcystis sp. MC19,-3.7480051753080445e-06
Actinoalloteichus hymeniacidonis,-3.759578816042719e-06
Streptomyces nigra,-3.7932185950495524e-06
Pseudonocardia dioxanivorans,-3.810755525224252e-06
Microchaete diplosiphon,-3.814831349902015e-06
Thermoplasmatales archaeon BRNA1,-3.842296811540358e-06
Legionella lansingensis,-3.851867359871974e-06
Flavobacteriaceae bacterium,-3.90291466032533e-06
Burkholderiales bacterium JOSHI_001,-4.014302598998043e-06
Zobellella denitrificans,-4.07398550563709e-06
Frankineae bacterium MT45,-4.083210089600442e-06
Pseudomonas sp. S-6-2,-4.083795913567556e-06
Porphyrobacter HT-58-2,-4.098746722580593e-06
Laribacter hongkongensis,-4.120831540643799e-06
Geobacter sp. DSM 9736,-4.132541551848945e-06
Brachybacterium faecium,-4.166240182956749e-06
Pseudomonas sp. R4-35-07,-4.171493657811887e-06
Synechococcus sp. KORDI-52,-4.203702622973538e-06
Pseudomonas taetrolens,-4.2218147400241435e-06
Halobacterium hubeiense,-4.250728678867333e-06
Bordetella genomosp. 9,-4.290206447365996e-06
Prevotella ruminicola,-4.315777467933657e-06
Arcanobacterium phocae,-4.402573321149461e-06
Chryseobacterium joostei,-4.421091192075011e-06
Serratia sp. SSNIH1,-4.425645763306285e-06
Pseudomonas xanthomarina,-4.453048246477742e-06
Pseudomonas sp. MYb193,-4.471431085484312e-06
Streptomyces collinus,-4.5269492722654904e-06
Haloterrigena daqingensis,-4.5318988462161865e-06
Coraliomargarita akajimensis,-4.566990905296997e-06
Oblitimonas alkaliphila,-4.576524988308961e-06
Methylovulum psychrotolerans,-4.592449480322891e-06
Anabaena sp. WA102,-4.6224263170469015e-06
Jonquetella anthropi,-4.6913051680919086e-06
Acidovorax sp. T1,-4.695084705375052e-06
Snodgrassella alvi,-4.7225976056441965e-06
Pseudorhodoplanes sinuspersici,-4.7872087039824155e-06
Streptomyces reticuli,-4.834600889780383e-06
Pseudomonas sp. M30-35,-4.8535102244784415e-06
Oceanisphaera avium,-4.879862229478782e-06
Azoarcus communis,-4.943070218521584e-06
Vogesella sp. LIG4,-5.00188694509962e-06
Burkholderia sp. KJ006,-5.001945262739227e-06
Gordonia phthalatica,-5.142199012442283e-06
Luteimonas sp. 100111,-5.153584521488952e-06
Pseudomonas virus PaMx74,-5.255627341593794e-06
Streptomyces sp. Z022,-5.337141071493079e-06
Aquaspirillum sp. LM1,-5.36899340031205e-06
Tenacibaculum dicentrarchi,-5.396998779505502e-06
Streptomyces globisporus,-5.48229838963632e-06
Rhizobium sp. S41,-5.688969181849579e-06
Pseudomonas sp. MT-1,-5.743898278098847e-06
Chryseobacterium sp. T16E-39,-5.840884643926181e-06
Mannheimia haemolytica,-5.849871265861672e-06
Clostridium pasteurianum,-5.917412666422983e-06
Micromonospora siamensis,-5.933799443114119e-06
Halobacterium salinarum,-6.076320426973148e-06
Ruegeria pomeroyi,-6.080383615492124e-06
Micavibrio aeruginosavorus,-6.089185917201867e-06
Streptomyces olivaceus,-6.166516738836947e-06
Winogradskyella sp. PG-2,-6.297807173116787e-06
Planctomyces sp. SH-PL62,-6.3634976633197836e-06
Pseudomonas sp. StFLB209,-6.39012978900233e-06
Corynebacterium efficiens,-6.394340506044038e-06
Devosia sp. I507,-6.4903732285959135e-06
Enterobacter cloacae complex sp. FDA-CDC-AR_0132,-6.5197871316646784e-06
Microvirga sp. 17 mud 1-3,-6.548711551168651e-06
Gemmatimonas aurantiaca,-6.606592799651701e-06
Pontimonas salivibrio,-6.672641265392798e-06
Comamonadaceae bacterium B1,-6.678119617364864e-06
Pseudomonas brenneri,-6.701052884827696e-06
Propionibacterium sp. oral taxon 193,-6.776731384583457e-06
Clostridium sp. MF28,-6.777772451505015e-06
Methylocystis rosea,-6.815283484495893e-06
Serratia sp. FGI94,-6.912835717476362e-06
Magnetospira sp. QH-2,-7.097015631374326e-06
Thiomonas sp. X19,-7.115432269211297e-06
Streptomyces sp. CB09001,-7.165289459143409e-06
Leptothrix cholodnii,-7.1929325867303716e-06
Actinomyces sp. Z16,-7.223138362566494e-06
Bifidobacterium thermophilum,-7.3171870388133445e-06
Paracoccus aminophilus,-7.421886922620579e-06
Xenorhabdus doucetiae,-7.453654039846214e-06
Neisseria subflava,-7.569900696746678e-06
Martelella mediterranea,-7.5699086620639735e-06
Hymenobacter sp. sh-6,-7.730409342343591e-06
Bacillus glycinifermentans,-7.854623169034624e-06
Arsenicicoccus sp. oral taxon 190,-7.908073813123195e-06
Paraburkholderia rhizoxinica,-8.052422138593585e-06
Micromonospora aurantiaca,-8.056275509638055e-06
Hyphomonas sp. CACIAM 19H1,-8.081999980147359e-06
Burkholderia vietnamiensis,-8.174225763712961e-06
Lysobacter enzymogenes,-8.222873587970802e-06
Pseudomonas cremoricolorata,-8.337144039982648e-06
Micromonospora echinospora,-8.397933654680223e-06
Dechloromonas aromatica,-8.494662770952566e-06
Azoarcus sp. KH32C,-8.527180665396372e-06
Yersinia aleksiciae,-8.56927149406328e-06
Kozakia baliensis,-8.58904651606096e-06
Desulfomicrobium baculatum,-8.614698788744768e-06
Acidisphaera sp. G45-3,-8.72078024345413e-06
Chlorobium limicola,-8.906290538979178e-06
Glutamicibacter halophytocola,-8.954494305735139e-06
Achromobacter sp. AONIH1,-8.955158985624045e-06
Mycobacterium chimaera,-9.189452138480547e-06
Brachybacterium ginsengisoli,-9.21083886349372e-06
Rhodopirellula baltica,-9.232626078414797e-06
Sphingobacterium sp. ML3W,-9.328769944794146e-06
Cyanothece sp. PCC 7424,-9.359389074536928e-06
Solibacillus sp. R5-41,-9.573818346009233e-06
Halocynthiibacter arcticus,-9.595106663740083e-06
Nitrosococcus watsonii,-9.902522718729933e-06
Pelobacter propionicus,-1.010865458135335e-05
Paenibacillus sp. FSL R5-0912,-1.018244546109326e-05
Lysinibacillus sp. YS11,-1.0382551061804967e-05
Luteipulveratus mongoliensis,-1.0887506505530276e-05
Porphyrobacter sp. LM 6,-1.0965215542180218e-05
Brachybacterium sp. P6-10-X1,-1.0967380475124244e-05
Pseudomonas azotoformans,-1.1104751527191148e-05
Tannerella sp. oral taxon HOT-286,-1.1358544062023412e-05
Pseudomonas sp. K2W31S-8,-1.1406851821815777e-05
Dietzia timorensis,-1.169541516310435e-05
Flavobacterium crassostreae,-1.1880974809286294e-05
Natrinema pellirubrum,-1.1951978489821435e-05
Bacillus thermoamylovorans,-1.2215021750039413e-05
Flavobacterium indicum,-1.2853871778206738e-05
Parabacteroides distasonis,-1.2858354095945934e-05
Aeromonas salmonicida,-1.3084214498571e-05
Acetobacter aceti,-1.3225861552412787e-05
Shewanella algae,-1.3233930379663583e-05
Paludisphaera borealis,-1.3377558229188402e-05
Stenotrophomonas sp. YAU14A_MKIMI4_1,-1.3492598305675507e-05
Mycobacterium sp. WY10,-1.3530112383497439e-05
Photorhabdus laumondii,-1.387913911063965e-05
Lysobacter sp. TY2-98,-1.420895459021132e-05
Cohaesibacter sp. ES.047,-1.4244787014283666e-05
Acidovorax ebreus,-1.4540386555705886e-05
Desulfovibrio sp. FW1012B,-1.4977492735579468e-05
Anoxybacillus flavithermus,-1.5278771996918294e-05
Pseudomonas parafulva,-1.5362297596732687e-05
Streptomyces niveus,-1.5369474422177733e-05
Kytococcus sedentarius,-1.5405216272879053e-05
Parvibaculum lavamentivorans,-1.593114059252887e-05
Sphingopyxis granuli,-1.6539278136629144e-05
Thioclava nitratireducens,-1.6719470203008237e-05
Deinococcus wulumuqiensis,-1.7543476317172236e-05
Cronobacter turicensis,-1.8049211705473135e-05
Mycolicibacterium litorale,-1.824206501821468e-05
Thauera humireducens,-1.8383576583946847e-05
Pimelobacter simplex,-1.8406597701514648e-05
Micromonospora echinofusca,-1.8586814563681386e-05
Halobacteriovorax sp. BALOs_7,-1.9135962039773523e-05
Kosakonia radicincitans,-2.154027614822418e-05
Corynebacterium resistens,-2.2689557932231708e-05
Acetobacter pasteurianus,-2.2772515727575993e-05
Pseudomonas mendocina,-2.3693049131434664e-05
Sphingobium japonicum,-2.383651863526737e-05
Parasaccharibacter apium,-2.4282345583626076e-05
Hahella chejuensis,-2.4399664515106777e-05
Methanosaeta harundinacea,-2.455541181525245e-05
Acinetobacter sp. TGL-Y2,-2.5424689550779254e-05
Pararhodospirillum photometricum,-2.6167637238572184e-05
Rhizobium sp. IRBG74,-2.68335377606288e-05
Nitrosospira lacus,-2.8955276204367662e-05
Elizabethkingia miricola,-3.118561364494621e-05
Flavobacterium anhuiense,-3.2767325208205024e-05
Bacillus sp. FJAT-22090,-4.430087739923927e-05
Neoasaia chiangmaiensis,-4.710742518607702e-05
Elizabethkingia ursingii,-7.376854997585003e-05
