feature,importance
Bradyrhizobium sp.,0.049593721582474284
Paraburkholderia graminis,0.0453523729285862
Burkholderia phage KS14,0.030354681331385767
Amycolatopsis sp. AA4,0.018497147810995408
Rhodococcus sp. 2G,0.012182902398906981
Variovorax boronicumulans,0.011441731538271905
Massilia oculi,0.011129620611119084
Modestobacter marinus,0.010772052600229176
Alteromonas macleodii,0.009813804738267162
Pantoea vagans,0.009749554090154166
Janthinobacterium agaricidamnosum,0.00936458359020842
Bacillus velezensis,0.008854486878695611
Pseudomonas frederiksbergensis,0.008747019736763773
Bacillus muralis,0.008090157684178778
Pseudomonas sp. URMO17WK12:I11,0.00786261370124781
Bacteroides dorei,0.007852227701248604
Rhizobium sp. NXC14,0.00782238074672128
Pseudomonas sp. B10,0.0073812784234753796
Paenibacillus sp. FSL R5-0912,0.006936292480754158
Devosia sp. A16,0.006861296459332622
Serratia ficaria,0.006515841270035905
Enterobacter sp. 638,0.006065357844617392
Candidatus Paracaedibacter acanthamoebae,0.005648338236108885
Mycolicibacterium litorale,0.0054389036997793076
Variovorax paradoxus,0.005137560523157969
Xanthomonas citri,0.005114530452287114
Nocardia nova,0.00504863125171493
Brucella suis,0.004986915395121106
Bacillus butanolivorans,0.0049217852541725724
Microlunatus soli,0.004698091134525351
Burkholderia insecticola,0.004336683859351287
Pseudomonas lini,0.004205799977779523
Cutibacterium acnes,0.0040218108492070526
Paenibacillus glucanolyticus,0.003950222844362505
Mycobacterium sp. EPa45,0.0037484504038738154
Mucilaginibacter gotjawali,0.0037287277539074016
Burkholderia sp. HB1,0.003623101100909776
Mesorhizobium amorphae,0.0036139681309547145
Bradyrhizobium sp. WSM471,0.003549811278483794
Pseudomonas sp. GR 6-02,0.0035291407511935714
Mycobacterium sp. JS623,0.0033898869505004426
Bradyrhizobium icense,0.003289944745929163
Mucilaginibacter sp. BJC16-A31,0.003123632990408609
Paraburkholderia terricola,0.0030142077513564567
Pseudomonas chlororaphis,0.0028243041596135664
soil_NO3,0.002742356394036127
Pseudomonas silesiensis,0.0027173061080173256
Achromobacter sp. B7,0.0025404196498337583
Bacillus thuringiensis,0.0025278279988524277
Pseudomonas psychrophila,0.0024229139151431102
Streptococcus gordonii,0.0024007622241416946
Variovorax sp. PMC12,0.002363594473256425
Mycolicibacterium rhodesiae,0.0022847836507296827
Mucilaginibacter paludis,0.0022665381060104294
Paraburkholderia hospita,0.001986624869932574
Bordetella parapertussis,0.001963634861608443
Rhizobium etli,0.001942328801582871
Luteibacter rhizovicinus,0.0019289335028472854
Pseudomonas orientalis,0.0019222744358071918
Rhizobium sp. CIAT894,0.0018320259604325928
Streptomyces sviceus,0.001796678627103998
Bacillus simplex,0.0017134493414693087
Paenibacillus donghaensis,0.001709654573573327
Sedimentisphaera salicampi,0.001690751200122298
Novosphingobium resinovorum,0.001664925299283171
Bacillus sonorensis,0.001658900868178037
Mycobacterium sp. YC-RL4,0.0016357080582548368
psize__Soil Silt Content %,0.0016146150327314367
Candidatus Nitrosopelagicus brevis,0.0015524731129456625
Myxococcus macrosporus,0.0015110137414310776
Rhizobium gallicum,0.0014860937611025139
Alcaligenes faecalis,0.0014504146938875806
Pseudomonas sp. LTGT-11-2Z,0.0014373747146382509
Microbacterium sp. No. 7,0.0014142717600972964
Microbacterium pygmaeum,0.0014084536762033028
Flavobacterium gilvum,0.0014064834832554496
Sphingobacterium sp. B29,0.0014037490031312716
Actinoalloteichus sp. GBA129-24,0.0014033818752188453
Mesorhizobium ciceri,0.0013708908271933273
Collimonas pratensis,0.0013618296203993685
chem__K (Mehlich 1 mg/kg dry weight),0.0013612034956682617
Alcanivorax borkumensis,0.0013308695576535578
Rhizobium sp. TAL182,0.0013133984155757395
Streptomyces virus Sujidade,0.001286300842202759
Archangium gephyra,0.001240726805787662
Lysobacter gummosus,0.0012118536047021067
Flavobacterium kingsejongi,0.0011618686564870639
Mucilaginibacter sp. PAMC 26640,0.0011571758058978477
Kutzneria albida,0.0011558309003081968
Bacillus sp. Y1,0.0011511165166491865
Lactococcus lactis,0.0011087502321162957
Janthinobacterium sp. 1_2014MBL_MicDiv,0.0010992768784417795
Achromobacter spanius,0.0010926391512129153
Micromonospora sp. L5,0.0010597957185484396
Edwardsiella tarda,0.0009974753804422587
nitrif__Rate (mg NO3-N/kilogram dry weight soil/day),0.0009962513834625097
Pseudomonas corrugata,0.0009955868186113381
Saccharopolyspora erythraea,0.0009875758041777427
Microbacterium testaceum,0.0009856209620519695
Nocardia cyriacigeorgica,0.0009829202582090969
Rhizobium sp. 11515TR,0.0009782875081487453
Sphingobium sp. YG1,0.0009330511139912012
Curtobacterium pusillum,0.0009292927587039035
Pseudomonas sp. TKP,0.0009228165912054775
Streptomyces phage phiHau3,0.0009001510175102422
Halotalea alkalilenta,0.0008944487893675302
Halalkalicoccus jeotgali,0.0008918617421302289
Cystobacter fuscus,0.0008796917068925713
Clostridium botulinum,0.0008757892540035117
Geodermatophilus obscurus,0.0008734830135548544
Paenibacillus sp. FSL R7-0273,0.000870240298676106
Bacillus sp. FJAT-18017,0.0008615258160796557
Niastella koreensis,0.0008371545026520932
Methylotenera versatilis,0.0008192299004824877
Cupriavidus pauculus,0.0008165280795193519
Chitinophaga pinensis,0.0007946629467395327
Parabacteroides sp. CT06,0.0007864449575194276
Arthrobacter sp. FB24,0.0007857572806302838
Lelliottia sp. WB101,0.0007809905364863478
Stigmatella aurantiaca,0.0007777353233295204
Pantoea rwandensis,0.000770577173213205
Corallococcus coralloides,0.0007626231732337674
psize__Soil Clay Content %,0.0007537156877233109
Myxococcus xanthus,0.0007470827382429323
chem__LBC (mg/kg CaCO3/pH dry weight),0.0007409279259142476
Janthinobacterium svalbardensis,0.000735050431162576
Mucilaginibacter mallensis,0.0007277312186676043
Variovorax sp. PAMC 28711,0.000724335078875038
Mesorhizobium sp. DCY119,0.0007152656389262768
Pseudomonas umsongensis,0.0007110466424785633
Pseudorhodoplanes sinuspersici,0.0007010697283470257
Pseudomonas protegens,0.0006930906634754041
Mycobacterium sp. PYR15,0.0006894751389118214
Lentzea guizhouensis,0.0006892927622454747
Pandoraea pnomenusa,0.0006880922498805342
Erwinia billingiae,0.0006810049636073901
Caulobacter flavus,0.0006789325881359831
Rahnella sp. ERMR1:05,0.0006739212092884861
Nocardia terpenica,0.0006666347694029406
Burkholderia pseudomallei,0.0006661624012834988
Microbacterium sp. BH-3-3-3,0.0006620309013109172
Bacillus weihaiensis,0.0006545744534797616
Laribacter hongkongensis,0.0006491055182491712
Pseudomonas vancouverensis,0.0006442425956402654
moist__Replicate 1 Mass Water / Mass Dry Soil %,0.0006369878208620783
Polaromonas naphthalenivorans,0.0006295932659725167
Pantoea sp. PSNIH1,0.0006168462572192057
Moraxellaceae bacterium HYN0046,0.0006162275120333404
Rhodococcus opacus,0.0006140274271168478
Sinorhizobium meliloti,0.0006101757237872319
Rhizobium phaseoli,0.0005973517794278127
Edwardsiella sp. EA181011,0.000591873801088183
Paenibacillus graminis,0.0005850988329905382
Curtobacterium sp. BH-2-1-1,0.000584839933820147
Burkholderia sp. YI23,0.0005766302948871482
Janthinobacterium sp. LM6,0.0005729280001866899
Amycolatopsis methanolica,0.0005715585584969762
Serratia plymuthica,0.0005702791451318356
Paenibacillus peoriae,0.0005694485947413064
Mycobacterium tuberculosis,0.0005683263209490975
Mesorhizobium opportunistum,0.0005665725206105643
Pseudomonas fragi,0.000565549546415478
Sphingobium sp. SCG-1,0.00055677653388444
Bacillus sp. 1NLA3E,0.000551867301208353
Paenibacillus xylanexedens,0.0005506399244174399
Alcanivorax pacificus,0.0005479957820406556
Myxococcus fulvus,0.0005455565693122777
Leifsonia sp. 21MFCrub1.1,0.0005355637964853388
Bacillus oceanisediminis,0.0005269598920764063
Pseudomonas sp. LAB-08,0.00052645374961795
Melittangium boletus,0.0005254763883802305
Candidatus Xiphinematobacter sp. Idaho Grape,0.0005224806733396647
Breoghania sp. L-A4,0.0005184381537866933
Bacillus methanolicus,0.0005159369581643647
Shigella flexneri,0.0005137003437103438
Myxococcus stipitatus,0.0005077913329544215
Pseudomonas prosekii,0.0005064141556529788
Acidovorax sp. RAC01,0.0005064031922434209
Polaromonas sp. SP1,0.0005059763239664949
Cellulomonas flavigena,0.0005055653645126945
Bacillus litoralis,0.0005013155584006945
Novosphingobium pentaromativorans,0.0004989204309643336
Porphyromonas gingivalis,0.0004942415691454149
Xanthomonas cassavae,0.0004934022429971651
Pseudomonas taetrolens,0.0004932611354292015
Myxococcus hansupus,0.0004928216394463503
Arthrobacter sp. U41,0.0004845396983122363
Pantoea alhagi,0.00048330630013107003
Proteiniphilum saccharofermentans,0.0004826502971053692
Cupriavidus sp. USMAA1020,0.00047966671060031276
Blastococcus saxobsidens,0.00047702728315344165
Streptomyces griseorubiginosus,0.0004769423480459389
Amycolatopsis orientalis,0.0004721320207533575
nitrif__Technical Replicate,0.0004716786230456904
Clostridium sp. DL-VIII,0.00046879361359968285
Lactobacillus rhamnosus,0.00046599161357407937
Stenotrophomonas sp. LM091,0.0004653457190947119
Pseudomonas sp. JY-Q,0.0004650986947071223
Serratia marcescens,0.0004650093171835845
Rufibacter sp. DG31D,0.0004610371777157507
psize__Soil Sand Content %,0.0004603510690883494
Nocardiopsis gilva,0.00044653237213139186
Burkholderia mallei,0.0004455533977565596
Burkholderia sp. CCGE1002,0.0004450931967123539
Stackebrandtia nassauensis,0.00044486167617396877
Solimonas sp. K1W22B-7,0.000437603203984005
Acinetobacter baumannii,0.00043713462030054996
Bdellovibrio bacteriovorus,0.0004368456400764442
Saccharothrix espanaensis,0.0004359828352508588
Collimonas fungivorans,0.00042916496737950284
Aminobacter aminovorans,0.0004251226741228464
Clostridium saccharoperbutylacetonicum,0.0004247634340210915
Porphyrobacter HT-58-2,0.0004243892058531262
Mycobacterium sp. WY10,0.0004231334513795204
Mesorhizobium japonicum,0.000422181790695908
Achromobacter sp. MFA1 R4,0.00041173506738307887
Massilia putida,0.00041150113090144825
Arthrobacter sp. PAMC 25486,0.0004108412360019686
Arthrobacter sp. YN,0.00041006087369386266
Pseudomonas viridiflava,0.0004097184794982445
Hafnia paralvei,0.00039652854712095563
Pseudomonas sp. UW4,0.00039617831388445436
Novosphingobium sp. P6W,0.00039569431073673835
Mycobacteroides chelonae,0.0003933302857943133
Mycolicibacterium thermoresistibile,0.00039063018423790563
Flavobacterium anhuiense,0.0003899271182130626
Lysinimonas sp. 2DFWR-13,0.0003890532461891416
Alcanivorax sp. N3-2A,0.0003885998109070199
Methylomonas methanica,0.00038636025073708337
Comamonas thiooxydans,0.0003854832878002146
Burkholderia cepacia,0.0003837009602272623
Agrobacterium fabrum,0.00038190036316083643
Cupriavidus basilensis,0.0003812703386327998
Betaproteobacteria bacterium GR16-43,0.00038052455347197255
Neisseria sp. 10022,0.00037879439250736445
Bacillus sp. X1(2014),0.00037744244576616294
Bacillus sp. FJAT-22090,0.00037585604821022134
Brevibacillus laterosporus,0.0003723039518034321
Mycobacterium chimaera,0.00037090094254914606
Pseudomonas sp. MRSN12121,0.00036888775184180657
Streptomyces virus Lika,0.0003680808587285256
Pedobacter heparinus,0.00036776714069610696
Pantoea sp. At-9b,0.00036556170312325166
Pseudomonas sp. R2-60-08W,0.00036391614826452033
Kribbella flavida,0.00036206995079670625
Bradyrhizobium ottawaense,0.00036114385751444543
Acinetobacter sp. ADP1,0.00036069814340746744
Raoultella ornithinolytica,0.00035872759773887265
Clostridium butyricum,0.0003585018945099439
Herminiimonas arsenitoxidans,0.00035783895941161604
Paenibacillus borealis,0.0003574654710144065
Segniliparus rotundus,0.0003560058770243124
Thauera sp. MZ1T,0.000352023755344355
Streptomyces atratus,0.00034832735976340066
Pseudomonas alcaligenes,0.0003472902143150991
Pantoea agglomerans,0.0003464898210831624
Aminobacter sp. MSH1,0.00034631196171850396
Rhizobium sp. Kim5,0.00034249389440792476
chem__Ca (Mehlich 1 mg/kg dry weight),0.00034173065438145576
Paenarthrobacter aurescens,0.00034106991962292723
Mycolicibacterium vanbaalenii,0.0003398443908641635
Streptosporangium sp. 'caverna',0.00033973729088112583
Streptomyces sp. 3214.6,0.00033924242838128115
Nostoc sp. 'Peltigera membranacea cyanobiont' N6,0.0003391603794303588
Pedobacter sp. G11,0.000338275853443859
Rathayibacter tritici,0.00033747251149598425
Frankia inefficax,0.0003372038540952582
Kibdelosporangium phytohabitans,0.0003352983293397838
Pseudomonas fluorescens,0.0003328426341545843
Micromonospora viridifaciens,0.00033236208767501997
Aeromonas sp. ASNIH4,0.00032754013627058767
Burkholderia sp. BDU8,0.00032644702791178036
Frankineae bacterium MT45,0.000326154140827728
Bartonella quintana,0.0003244287247112121
Bacillus paralicheniformis,0.0003204212215183855
Pseudoalteromonas atlantica,0.00031907808058122543
Bacillus amyloliquefaciens,0.0003168219420756069
Pantoea ananatis,0.000315479151682263
chem__LBCeq (mg/kg CaCO3/pH dry weight),0.0003152180756218037
Pseudomonas syringae,0.0003132303962094962
Oblitimonas alkaliphila,0.00031064980384090115
Enterobacter cloacae,0.00030798726407728073
Burkholderia sp. JP2-270,0.0003079064670889808
Beijerinckia indica,0.00030773890608173373
Buttiauxella sp. 3AFRM03,0.0003054943149394029
Bacillus infantis,0.0003027822756996645
Bradyrhizobium sp. SK17,0.0003014551244573616
Escherichia marmotae,0.0002991537112231324
soil_NH4,0.0002990084336235821
Actinobacteria bacterium IMCC26256,0.0002985331400172653
Pseudomonas sp. S09G 359,0.0002983281598530008
Sinorhizobium americanum,0.00029550272013665333
Kosakonia radicincitans,0.0002951794093341453
Porphyrobacter sp. CACIAM 03H1,0.0002926706694523329
Methylocystis bryophila,0.0002913069983074612
Pseudomonas brassicacearum,0.00029107552980300877
Pseudomonas sp. VLB120,0.00029093351651143795
Flavobacterium sp. MEBiC07310,0.000290278124111909
Marmoricola scoriae,0.00028924504151339736
Dechloromonas sp. HYN0024,0.00028887629704197335
Chryseolinea sp. KIS68-18,0.0002865255045630288
Dyella japonica,0.0002847139285818923
Microbacterium chocolatum,0.0002830103396908701
Homo sapiens,0.00028223022954292353
Collimonas arenae,0.00028014651428027727
Sphingomonas hengshuiensis,0.0002798325415648728
Streptomyces scabiei,0.00027967915322615335
Parvibaculum lavamentivorans,0.0002788547666843444
Nocardioides sp. JS614,0.00027577947541881367
Rhizobium leguminosarum,0.00027319493911006634
Microbacterium sp. TPU 3598,0.00027173095099664035
Pseudomonas sp. Z003-0.4C(8344-21),0.0002712662012430256
Microbacterium aurum,0.0002697426380935175
Mycolicibacterium vaccae,0.00026940587746735465
Comamonas testosteroni,0.0002684012511937173
Herbaspirillum sp. meg3,0.0002672328605362262
Bacillus megaterium,0.00026679616558611396
Planctomyces sp. SH-PL62,0.0002659933944696213
Achromobacter sp. AONIH1,0.00026548258921472724
Streptomyces virus phiBT1,0.00026372595932591116
Alloactinosynnema sp. L-07,0.00026236069079372816
Rhizobium favelukesii,0.0002614094575832171
Pseudomonas sp. Lz4W,0.00026070909582891487
Granulicella tundricola,0.0002569016653709344
Hydrogenophaga sp. PBC,0.0002567099977482501
Micromonospora echinospora,0.000256270843339923
Methylosinus trichosporium,0.0002560067998288007
Rhizobium phage RHEph10,0.00025450629809180557
Ralstonia solanacearum,0.0002530490789281581
Pseudomonas saudiphocaensis,0.0002523466190682333
Thermomonospora curvata,0.00025207170619820916
Crenobacter sp. K1W11S-77,0.0002510021753482805
denit__Rate (microgN/kilogram dry weight soil/day),0.00025064199360944615
Pelobacter propionicus,0.00025041829911593984
Stenotrophomonas sp. SAU14A_NAIMI4_8,0.0002504173630260897
Streptomyces virus R4,0.00025011075970438057
Citrobacter freundii complex sp. CFNIH2,0.0002494623068259205
Kitasatospora aureofaciens,0.0002490151700494936
Pseudomonas sp. LG1E9,0.0002482696893737257
Pseudomonas sp. S-6-2,0.00024719622010644927
Pectobacterium atrosepticum,0.00024690292644060643
Pseudomonas guangdongensis,0.00024664935570948285
Mesorhizobium australicum,0.00024658300366688926
Rhizobium sp. CCGE531,0.00024365122200593615
Aggregatibacter aphrophilus,0.0002413510549148734
Microbacterium sp. PAMC 28756,0.00024088900876504394
Pseudomonas sp. LG1D9,0.00024070883590487924
Microbacterium hominis,0.00024013141320049501
Streptomyces anulatus,0.00023805917799668563
Tsukamurella paurometabola,0.0002376078162990458
Geosporobacter ferrireducens,0.00023728435453120866
Mycolicibacterium chubuense,0.0002369478433892347
Bacillus subtilis,0.00023659720495907698
Streptomyces sp. MOE7,0.00023585991593852996
Flavobacterium psychrophilum,0.0002357736996202897
Saccharomonospora azurea,0.00023492833940015335
Streptomyces niveus,0.00023422557036321124
Phenylobacterium sp. HYN0004,0.00023365669987636118
Streptomyces virus phiC31,0.00023301759863496584
Streptomyces virus TG1,0.00023224883488919267
Streptomyces virus Lannister,0.00023130420242305493
Terriglobus roseus,0.00023060240785335306
Bradyrhizobium sp. ORS 278,0.00023034707412443732
Microbacterium sp. PM5,0.0002288644181958066
Bacillus aryabhattai,0.0002282988121577345
Streptomyces noursei,0.00022826268722102582
Jatrophihabitans sp. GAS493,0.00022795121680161401
Chryseobacterium indologenes,0.0002267399606140419
Nocardia sp. Y48,0.0002261154853771652
Burkholderia sp. PAMC 26561,0.00022604938993153745
Tokyovirus A1,0.00022566490948676686
Oxalobacter formigenes,0.00022507456991680553
Pseudomonas libanensis,0.00022448526951686089
Agrobacterium tumefaciens,0.00022387170757562914
Phreatobacter cathodiphilus,0.0002236090591972273
Corynebacterium sp. 2184,0.00022329789634814023
Herbaspirillum seropedicae,0.0002230577965594227
Conexibacter woesei,0.0002226764532787584
Sphingobium sp. MI1205,0.00022219081745300517
Enterobacter cloacae complex sp. FDA-CDC-AR_0164,0.00022154211577587457
Herbaspirillum hiltneri,0.00021912864650688312
Neorhizobium sp. NCHU2750,0.00021655027734912569
Actinomadura amylolytica,0.00021566338708878252
Friedmanniella sagamiharensis,0.00021454152708813012
Streptomyces sp. Tue 6075,0.00021453016632073664
Enterobacter cloacae complex sp. FDA-CDC-AR_0132,0.00021298742935476066
Streptomyces sp. Go-475,0.00021271816027130798
Pseudarthrobacter sulfonivorans,0.0002125339709155627
Nitrobacter winogradskyi,0.00021033504483538578
Pseudomonas synxantha,0.0002099335515642231
Mycobacterium sp. djl-10,0.0002087850324745677
Ralstonia insidiosa,0.00020863013933449803
Gluconobacter oxydans,0.0002082298856599385
Agrobacterium rhizogenes,0.00020603423701177627
Agromyces sp. 30A,0.00020113838826205655
Granulibacter bethesdensis,0.0001988321565772333
Pseudomonas sp. DR 5-09,0.0001982008050158246
Anoxybacillus flavithermus,0.0001980720394822777
Acetobacter tropicalis,0.00019804176413129593
Bacteriovorax stolpii,0.00019681184787740947
Corynebacterium humireducens,0.00019667395812048572
Cupriavidus metallidurans,0.00019650634230954366
Rhodococcus sp. H-CA8f,0.00019616841958911558
Aeromonas media,0.00019599374810319592
Gordonibacter pamelaeae,0.0001959287197585313
Escherichia coli,0.00019522802738676238
Massilia sp. WG5,0.00019518456523064386
Sphingomonas sp. KC8,0.00019238328307136232
Mycobacterium paragordonae,0.0001919289756430187
Actinoplanes sp. N902-109,0.00019097789159379098
Treponema sp. OMZ 838,0.0001908117186712577
Lactobacillus delbrueckii,0.00019042969814946352
Pseudomonas xinjiangensis,0.00019037796362113556
Flavobacterium sp. CJ74,0.000190308729276234
Streptomyces virus Caliburn,0.00019023535754330022
Pseudomonas putida,0.00018721766746272462
Candidatus Amoebophilus asiaticus,0.00018681255778048024
Nakamurella multipartita,0.00018622282395586165
Bacillus jeotgali,0.00018587664220675036
Listeria monocytogenes,0.00018557693440568457
Geobacter lovleyi,0.00018554732234177251
Lonsdalea britannica,0.00018543996126423322
Croceibacter atlanticus,0.00018514086222196636
Mesorhizobium huakuii,0.0001827972730323868
Helicobacter pylori,0.0001823815522071781
Parascardovia denticolens,0.00018168163420859696
Paenibacillus polymyxa,0.0001814844986789854
Bacillus foraminis,0.0001806418514847863
Mycolicibacterium rutilum,0.0001802710526595197
Sphingomonas koreensis,0.00017872998045203036
Vogesella sp. LIG4,0.00017805912496724475
Hymenobacter sp. PAMC 26628,0.00017798782931657264
Methylobacterium brachiatum,0.00017715716514994374
Aureitalea sp. RR4-38,0.0001756354278888761
Thermogutta terrifontis,0.0001746363568395415
Agrobacterium vitis,0.00017300572057550313
Candidatus Saccharibacteria oral taxon TM7x,0.00017237182520455364
Phycisphaera mikurensis,0.00017230255547295847
Pseudomonas mandelii,0.0001707974927162681
Streptomyces reticuli,0.0001704879593027009
Methylobacterium oryzae,0.00016942124843715155
Phaeobacter gallaeciensis,0.00016913553210564646
Spirosoma pollinicola,0.00016912822763861523
Methylorubrum extorquens,0.00016860136119478675
Nitratireductor sp. OM-1,0.00016759876172498523
Dermacoccus nishinomiyaensis,0.00016722556613708585
Acidovorax avenae,0.00016682091694912858
Caulobacter henricii,0.00016674270328529417
Klebsiella sp. M5al,0.00016547717860115885
Pseudomonas reinekei,0.00016442754632453038
Sphingomonas sp. Cra20,0.00016375358630345006
Methylobacterium sp. 17SD2-17,0.00016371913312791532
Cryobacterium sp. LW097,0.00016247109814226945
Bordetella sp. N,0.00016201682426795206
Bacillus mycoides,0.00016166835473399032
Streptomyces xiamenensis,0.00016125057924980534
Rhizobium sp. ACO-34A,0.00016079207242951642
Burkholderia metallica,0.0001597585354066844
Stenotrophomonas sp. Pemsol,0.000159354036856052
Streptomyces dengpaensis,0.000157988293038569
Sphingomonas sp. YZ-8,0.0001574829927211141
Pseudomonas tolaasii,0.0001567058479179151
Sphingobium sp. YBL2,0.00015616751766311943
Burkholderiales bacterium GJ-E10,0.0001559690648604839
Auraticoccus monumenti,0.0001553117086561029
Paraburkholderia sp. SOS3,0.0001552120209990404
Paenibacillus bovis,0.00015488028710362035
Hydrogenophaga sp. RAC07,0.00015428039538307737
Brevibacterium sandarakinum,0.0001541814733972302
soil_pH,0.0001535144322635684
Sphingobium yanoikuyae,0.0001532974682504129
Bradyrhizobiaceae bacterium SG-6C,0.00015313708955306816
Burkholderia lata,0.00015268089633413418
Streptomyces avermitilis,0.0001525094727296672
Methylobacillus flagellatus,0.00015217904703110908
Pontimonas salivibrio,0.00015205856252176186
Sphingomonas panacis,0.00015181086500792862
Sphingomonas sp. MM-1,0.00015123224201154528
Klebsiella aerogenes,0.00015016170311086264
Bacillus flexus,0.00015012646460745848
Natronomonas pharaonis,0.00015005812066151147
Methylocystis sp. SC2,0.00014922817254579002
Pseudomonas sp. LH1G9,0.00014876440938424996
Mycobacteroides saopaulense,0.0001486443114732783
Mannheimia haemolytica,0.00014839763160787723
Pseudomonas granadensis,0.00014766430342310065
Mycobacteroides abscessus,0.00014735468404862838
Mycolicibacter terrae,0.0001473141028864644
Pseudomonas sp. Os17,0.00014675949139932864
Pseudomonas alkylphenolica,0.00014628292828329227
Planctomyces sp. SH-PL14,0.00014604115173935117
Microbacterium sp. XT11,0.00014596995794049494
Deinococcus maricopensis,0.00014588708241511928
Dechloromonas aromatica,0.00014581177485395447
Streptomyces sp. GSSD-12,0.0001455394040310143
Pseudomonas simiae,0.00014503566846715276
Cedecea neteri,0.00014491956943780694
Rhizobium tropici,0.0001447681837673187
Burkholderia gladioli,0.00014460928213519964
Streptomyces virus Izzy,0.00014324385407828987
Rahnella aquatilis,0.0001431214929975111
Cutibacterium granulosum,0.00014304742184474418
Thermodesulfatator indicus,0.00014303419287930996
Acidothermus cellulolyticus,0.00014192283311404986
Pelagibaca abyssi,0.0001417451904866418
Pseudomonas cichorii,0.0001416128539173167
Microlunatus phosphovorus,0.00014149850609173064
Herminiimonas arsenicoxydans,0.00014138853706415765
Bosea vaviloviae,0.0001411751102161629
Treponema primitia,0.00014084798626212702
Microbacterium sp. LKL04,0.00014059684620617574
Flavobacterium commune,0.00013904216587914408
Bifidobacterium scardovii,0.00013815890926529572
Curvibacter sp. AEP1-3,0.00013734025072695833
Tenacibaculum mesophilum,0.0001368835719279593
Sphingopyxis terrae,0.00013667094868368145
Trichormus variabilis,0.00013589744609658893
Bartonella apis,0.00013405581024601433
Brachybacterium ginsengisoli,0.00013367107532062937
Bosea sp. AS-1,0.000133250127608453
Bradyrhizobium sp. S23321,0.00013244175266113878
Rhodococcus ruber,0.00013182855738167465
Bacillus xiamenensis,0.00013145233557840808
Riemerella anatipestifer,0.0001297049152123142
Mycobacterium marseillense,0.00012894143953976478
Cupriavidus necator,0.00012856060823491778
Methylobacterium nodulans,0.0001282981945140538
Caulobacteraceae bacterium OTSz_A_272,0.00012801533406117115
Pseudomonas sp. R4-39-08,0.00012793641907187235
Thiohalobacter thiocyanaticus,0.00012779968971960988
Afipia sp. GAS231,0.00012697758429693894
[Enterobacter] lignolyticus,0.00012644928761553764
Paenibacillus kribbensis,0.00012629899880616245
Hymenobacter nivis,0.0001258280801348599
Comamonas serinivorans,0.00012541048774530327
Gordonia iterans,0.00012448146412056272
Streptomyces clavuligerus,0.000124349519519229
Pseudomonas phage phiPsa374,0.00012275556878034167
Haloarcula marismortui,0.00012223674279323581
Mycobacterium paraintracellulare,0.0001215991597033117
Terribacillus goriensis,0.00012158037909701936
Mycolicibacterium fortuitum,0.00012146911015571415
Kyrpidia spormannii,0.00012121037791374966
Cronobacter condimenti,0.00012086045120687227
Bradyrhizobium sp. ORS 285,0.00012050618110788225
Citromicrobium sp. JL477,0.00012047679864188865
Propionimicrobium sp. Marseille-P3275,0.00012047679864188865
Chryseobacterium piperi,0.00012043426501455734
Microbacterium sp. 10M-3C3,0.00011959092294464569
Pseudomonas sp. M30-35,0.00011946269369413897
Pseudomonas sp. CC6-YY-74,0.00011930393301060605
Burkholderia sp. KJ006,0.0001185594566546655
Pseudomonas sp. 31-12,0.00011808381470099772
Microvirga ossetica,0.00011792165688797595
Nostoc flagelliforme,0.0001176494266541761
Pararhodospirillum photometricum,0.00011757654190658329
Acinetobacter radioresistens,0.000117566676303138
Tessaracoccus aquimaris,0.00011752329424097319
Amycolatopsis mediterranei,0.00011744188052427162
Actinoplanes friuliensis,0.00011676297351903564
Pseudomonas sp. St29,0.00011591075985288857
Erythrobacter litoralis,0.0001157346262929293
Cylindrospermum stagnale,0.00011545003064457049
Corynebacterium sp. ATCC 6931,0.00011521087089869653
Micromonospora rifamycinica,0.0001152074320990959
Mycobacterium kansasii,0.00011500908172894509
Amycolatopsis sp. BJA-103,0.00011454596607440859
Dyadobacter fermentans,0.00011432707411671573
Micromonospora coriariae,0.00011417624459968412
Kineococcus radiotolerans,0.00011394468898635601
Microbacterium paludicola,0.00011338174445509885
Porphyrobacter neustonensis,0.00011309070966010193
Halobacteriovorax marinus,0.00011298185676849038
Aquimarina sp. BL5,0.00011294438817077701
Sphingopyxis sp. FD7,0.00011291015286913897
Thermobifida fusca,0.00011268991352555435
Arthrobacter sp. DCT-5,0.00011260023926782381
Pseudomonas rhizosphaerae,0.00011245635403178689
Campylobacter concisus,0.00011181992702888888
Prauserella marina,0.00011105938450419738
Luteimonas sp. 83-4,0.00011081201164702126
Thiocystis violascens,0.00011049644971243833
Arsenicicoccus sp. oral taxon 190,0.00011034553725495222
Mesorhizobium phage vB_MloP_Lo5R7ANS,0.00010950252687269568
Sphaerobacter thermophilus,0.0001090259226829815
Bacillus lentus,0.00010870524553445726
Kosakonia sacchari,0.00010814258486768757
Bacillus marisflavi,0.00010754523342908495
Yersinia kristensenii,0.00010710234686988063
Actinomyces sp. Z16,0.00010696903310416505
Miniimonas sp. S16,0.00010658938335288415
Candidatus Bipolaricaulis anaerobius,0.00010655620933726073
Methylobacterium sp. 17Sr1-28,0.00010609598339661463
Ensifer adhaerens,0.00010587552302334657
Pelosinus sp. UFO1,0.00010579203662477443
Luteimonas sp. 100111,0.00010549924125820009
Thioalkalivibrio paradoxus,0.00010531940260656291
Corynebacterium frankenforstense,0.00010483567578969399
Phenylobacterium zucineum,0.00010472405661725581
Sphingobium sp. RAC03,0.00010460937610499155
Pantoea stewartii,0.00010434201253584074
Finegoldia magna,0.00010422236049454359
Azotobacter chroococcum,0.00010412353996294143
Plautia stali symbiont,0.00010323432612575622
Bacillus cohnii,0.00010264730785463083
Halobiforma lacisalsi,0.0001015550478875804
Ottowia oryzae,0.0001014856184361257
Hydrogenovibrio crunogenus,0.00010141117811579559
Coriobacteriaceae bacterium 68-1-3,0.00010141117811577339
Nocardioides sp. 78,0.00010098652178223145
Thermaerobacter marianensis,0.00010065806499937047
Bacillus licheniformis,0.00010054737035658512
Paracoccus sp. BM15,0.00010043305684490634
Acetobacter aceti,0.00010028741507279726
Cellulosilyticum lentocellum,0.000100042359866781
Glutamicibacter arilaitensis,9.968405560343286e-05
Frankia symbiont of Datisca glomerata,9.935567510443999e-05
Desulfovibrio vulgaris,9.934543474490187e-05
Burkholderia territorii,9.908722014073668e-05
Synechococcus sp. RCC307,9.853071745888898e-05
Faecalibacterium prausnitzii,9.853071745888898e-05
Massilia sp. NR 4-1,9.853071745888898e-05
Pseudomonas sp. R2A2,9.850207130157607e-05
Cellulosimicrobium cellulans,9.82076557666911e-05
Methylobacterium currus,9.817543847854271e-05
Sphingopyxis sp. 113P3,9.795762950934873e-05
Burkholderia stagnalis,9.784945694581992e-05
Thermobacillus composti,9.78158628188952e-05
Pseudomonas sp. SWI44,9.743658218379636e-05
Haematospirillum jordaniae,9.695406978817988e-05
Catenulispora acidiphila,9.663447392074253e-05
Dietzia sp. JS16-p6b,9.653030294307641e-05
Methylorubrum populi,9.597027779224554e-05
Pseudomonas stutzeri,9.594757640625229e-05
Rhizobium sp. IE4771,9.511511273914141e-05
Olsenella umbonata,9.488439002045546e-05
Olsenella sp. GAM18,9.488439002045546e-05
Acidovorax carolinensis,9.48767266468975e-05
Truepera radiovictrix,9.444220563201711e-05
chem__Mg (Mehlich 1 mg/kg dry weight),9.416844154206406e-05
Mycolicibacterium hassiacum,9.40753889773882e-05
Nostoc punctiforme,9.3953462368912e-05
Cellvibrio sp. PSBB023,9.391014488344674e-05
Herbaspirillum robiniae,9.38570555553131e-05
Melaminivora sp. SC2-7,9.3688416296267e-05
Rhodococcus sp. p52,9.342262240985555e-05
Actinopolymorpha singaporensis,9.341491087480058e-05
Mobiluncus curtisii,9.267380339903487e-05
Streptomyces globosus,9.224960379949909e-05
Auritidibacter sp. NML130574,9.217844604521019e-05
Octadecabacter temperatus,9.213528829767891e-05
Streptomyces venezuelae,9.191360068458999e-05
Olsenella uli,9.160821528377827e-05
Bradyrhizobium japonicum,9.156012562518966e-05
Rhizobium sp. S41,9.15021055512888e-05
Pandoraea vervacti,9.103817963374006e-05
Frankia sp. EAN1pec,9.039171411695524e-05
Candidatus Phaeomarinobacter ectocarpi,9.001401569554978e-05
Rhodococcus sp. B7740,8.965070782520623e-05
Symbiobacterium thermophilum,8.94830166350502e-05
Lachnoclostridium phocaeense,8.94830166350502e-05
Methanoregula formicica,8.94830166350502e-05
Stenotrophomonas nitritireducens,8.94246158548384e-05
Nocardiopsis dassonvillei,8.933707463973928e-05
Pelagibacterium halotolerans,8.873984679531599e-05
Acinetobacter pittii,8.81961466261627e-05
Paraburkholderia caribensis,8.738084320363271e-05
Paracoccus aminophilus,8.681071461409395e-05
Mycobacterium sp. MS1601,8.655140063174027e-05
Corynebacterium vitaeruminis,8.602350772113354e-05
Cryobacterium arcticum,8.534890016409502e-05
Streptomyces globisporus,8.528055079719543e-05
Limnochorda pilosa,8.527713952815042e-05
Chryseobacterium carnipullorum,8.525653660722554e-05
Fuerstia marisgermanicae,8.517606344469187e-05
Streptomyces cyaneogriseus,8.483094964233384e-05
Comamonadaceae bacterium B1,8.351576094720592e-05
Stenotrophomonas sp. SAU14A_NAIMI4_5,8.34743370145663e-05
Nocardia sp. CFHS0054,8.337901797712543e-05
Sorangium cellulosum,8.310198295382598e-05
Streptomyces hygroscopicus,8.306023384683226e-05
Sphingomonas taxi,8.272125802732955e-05
Azospirillum brasilense,8.128556627731153e-05
Pseudomonas plecoglossicida,8.1230366836893e-05
Bacillus cereus,8.113016954283125e-05
Methanosaeta harundinacea,8.106675786485606e-05
Pseudomonas pohangensis,8.072305268771451e-05
Hydrogenophilus thermoluteolus,8.023377115997654e-05
Alicycliphilus denitrificans,7.996168197434982e-05
Spiribacter curvatus,7.986554209502562e-05
Pseudomonas furukawaii,7.97487745294756e-05
Pseudomonas sp. R3-18-08,7.972805135054717e-05
Brucella sp. 09RB8471,7.963731334086344e-05
endosymbiont of unidentified scaly snail isolate Monju,7.946826316547195e-05
Kocuria rhizophila,7.850885190956447e-05
Azoarcus sp. CIB,7.843821779076609e-05
Klebsiella quasipneumoniae,7.716489899378676e-05
Brevundimonas vesicularis,7.706828569737922e-05
Salinicola tamaricis,7.680158085796585e-05
Actinosynnema pretiosum,7.676350461847115e-05
Clostridium chauvoei,7.611224154828733e-05
Delftia acidovorans,7.609342056387191e-05
Micrococcus luteus,7.487987077028357e-05
Rhodovulum sulfidophilum,7.473809792788444e-05
Sulfitobacter sp. AM1-D1,7.427576925707058e-05
Lelliottia jeotgali,7.411903218113025e-05
Ahniella affigens,7.385657165319693e-05
Gordonibacter massiliensis,7.362805895787528e-05
Spirochaeta thermophila,7.072698923542564e-05
Rhodobacter blasticus,6.980611225049227e-05
Raoultella planticola,6.978329886453416e-05
Mycolicibacter sinensis,6.951056997674953e-05
Brachybacterium sp. P6-10-X1,6.870188069045824e-05
Stenotrophomonas rhizophila,6.861617404105847e-05
Methanosarcina barkeri,6.859209350524864e-05
Streptomyces bingchenggensis,6.840291897911577e-05
Pelobacter acetylenicus,6.705797010504444e-05
Clostridium beijerinckii,6.685484131256914e-05
Burkholderia thailandensis,6.620140152309162e-05
Chelatococcus sp. CO-6,6.547062831328e-05
Jiangella sp. DSM 45060,6.489216805671827e-05
Acetobacter pasteurianus,6.429456846601678e-05
Chryseobacterium taklimakanense,6.357652029187477e-05
Xanthomonas sacchari,6.309139793621021e-05
Elizabethkingia meningoseptica,6.296790295656773e-05
Dyella jiangningensis,6.288007983246136e-05
Flavobacterium faecale,6.287505052804399e-05
Hafnia alvei,6.261414486450346e-05
Paenibacillus sp. FSL R7-0331,6.233711114134177e-05
Rhodoplanes sp. Z2-YC6860,6.222939152522589e-05
Streptomyces virus Zemlya,6.133603797329191e-05
Frateuria aurantia,6.104319391504464e-05
Acidovorax citrulli,6.036639418010026e-05
Methylobacterium sp. XJLW,5.916067931319713e-05
Rhodomicrobium vannielii,5.8908583563854756e-05
Streptomyces griseus,5.873995270455623e-05
Halomonas sp. N3-2A,5.821716539458066e-05
Marinobacter similis,5.690887313622994e-05
Altererythrobacter mangrovi,5.690887313622994e-05
Tumebacillus algifaecis,5.690887313622994e-05
Bordetella flabilis,5.690887313622994e-05
Corynebacterium sphenisci,5.613709158698299e-05
Pseudomonas mediterranea,5.593980314506641e-05
Leifsonia xyli,5.560267345767755e-05
Microvirga sp. 17 mud 1-3,5.5531138990394525e-05
Paenibacillus sp. BIHB4019,5.522607816135228e-05
Streptomyces puniciscabiei,5.466334710559906e-05
Agromyces flavus,5.443409899970053e-05
Allokutzneria albata,5.403816936029315e-05
Sulfitobacter sp. SK012,5.298241984545982e-05
Oceanobacillus sp. 160,5.265672595877735e-05
Stenotrophomonas acidaminiphila,5.2407272821253234e-05
Ereboglobus luteus,5.20039925330229e-05
Pseudomonas syringae group genomosp. 3,5.188912818854252e-05
Synechococcus sp. WH 8109,5.0816605034675887e-05
Ralstonia pickettii,5.068882023149257e-05
Streptomyces sp. ETH9427,5.0470908343314136e-05
Methylomicrobium album,4.989395148580211e-05
Leisingera methylohalidivorans,4.981674095527744e-05
Limnohabitans sp. 103DPR2,4.894275451348129e-05
Marinomonas primoryensis,4.831874241015832e-05
Citrobacter werkmanii,4.796466918537412e-05
Rhodococcus erythropolis,4.744997667869288e-05
Sphingomonas sp. LK11,4.606393702533129e-05
Paraburkholderia caffeinilytica,4.553949905641286e-05
Mitsuaria sp. 7,4.4500008343106856e-05
Geobacter sp. M18,4.4055464914816156e-05
Weeksella virosa,4.3510779696309675e-05
Cupriavidus oxalaticus,4.292187051708751e-05
Kocuria sp. BT304,4.28961624043378e-05
Micromonospora krabiensis,4.228148975540247e-05
Flavobacterium branchiophilum,4.179393661518649e-05
Legionella pneumophila,3.966481280306411e-05
Bradyrhizobium sp. ORS 3257,3.9249771617710925e-05
Comamonas kerstersii,3.854951881376856e-05
Brucella abortus,3.851990788636961e-05
Pseudomonas sp. bs2935,3.662429460593586e-05
Sedimenticola thiotaurini,3.568739968284884e-05
Agromyces aureus,3.560806622744383e-05
Pseudomonas asplenii,3.5521909666536014e-05
Methylomonas koyamae,3.4633060920685745e-05
Bordetella bronchiseptica,3.448907436260917e-05
Burkholderia sp. IDO3,3.317283531329984e-05
Blastomonas sp. RAC04,3.2461729999955226e-05
Leptolyngbya sp. O-77,3.2234648607554205e-05
Streptomyces olivaceus,3.1627424672886484e-05
Xylanimonas cellulosilytica,3.143070297928485e-05
Leadbetterella byssophila,3.0993721540406585e-05
Pseudomonas rhodesiae,3.0313878548549054e-05
Pseudomonas sp. CCOS 191,3.0295643057787203e-05
Desulfurivibrio alkaliphilus,2.9213952511986108e-05
Pseudomonas amygdali,2.883130086661634e-05
Streptomyces sp. SirexAA-E,2.8830073861429993e-05
Burkholderia sp. LA-2-3-30-S1-D2,2.8754206338277298e-05
Xylella taiwanensis,2.8717646507203654e-05
Pseudomonas aeruginosa,2.868022827897665e-05
Burkholderia stabilis,2.8538862766369632e-05
Streptomyces peucetius,2.7557778674824897e-05
Thioploca ingrica,2.7475307881763555e-05
Janthinobacterium sp. Marseille,2.685109923443729e-05
Cupriavidus taiwanensis,2.674979590600035e-05
Hyphomicrobium denitrificans,2.6641903425494995e-05
Pseudomonas mosselii,2.6470547522050582e-05
Pasteurella multocida,2.6444862993479924e-05
Photobacterium gaetbulicola,2.6427788332838986e-05
Pseudomonas sp. phDV1,2.6393404128088883e-05
Microbacterium paraoxydans,2.623276068081104e-05
Desulfococcus oleovorans,2.6083267417797983e-05
Phaeobacter sp. LSS9,2.6032583679613808e-05
Pseudomonas litoralis,2.554040379574296e-05
Nocardioides dokdonensis,2.5526259894803614e-05
Streptomyces fungicidicus,2.550856311103189e-05
Planococcus antarcticus,2.546834183938529e-05
Mycobacterium canettii,2.5086221330306025e-05
Bordetella pseudohinzii,2.5055328392853404e-05
Asticcacaulis excentricus,2.4926906992694953e-05
Pimelobacter simplex,2.480354664258222e-05
Flavobacterium arcticum,2.4624779332316217e-05
Pseudomonas balearica,2.460642874975161e-05
Pseudonocardia sp. HH130629-09,2.438847223338314e-05
Micropruina glycogenica,2.4371865519845493e-05
Enterobacteriaceae bacterium strain FGI 57,2.4150563815017458e-05
Rhodococcus sp. YL-1,2.3945910835632132e-05
Streptomyces sp. SM17,2.3274111788462724e-05
Arthrobacter crystallopoietes,2.3222702287828412e-05
Pseudomonas xanthomarina,2.2998609814450786e-05
Oceanimonas sp. GK1,2.2986249689016526e-05
Oceanicoccus sagamiensis,2.182799746954789e-05
Streptomyces sp. RTd22,2.1509514167505905e-05
Bradyrhizobium sp. 3 85S1MB,2.0898879908970436e-05
Pseudomonas sp. NS1(2017),2.0854141526682745e-05
Altererythrobacter sp. ZODW24,2.0172690733333275e-05
Sporosarcina psychrophila,2.013051450908687e-05
Methylotenera mobilis,1.997467344918569e-05
Methylobacterium sp. DM1,1.9414305121112642e-05
Sulfitobacter sp. JL08,1.9336035902228767e-05
Sphingomonas wittichii,1.9324551524491085e-05
Methylobacterium phyllosphaerae,1.908233777725421e-05
Actinopolyspora erythraea,1.901574751652646e-05
Enterobacter cancerogenus,1.8887776745457607e-05
Roseomonas gilardii,1.8206644019547193e-05
Pseudomonas sp. 09C 129,1.767762622091329e-05
Frankia alni,1.758263138484928e-05
Streptomyces sp. PAMC 26508,1.7465725260534805e-05
Synechococcus sp. CC9605,1.7365131596025486e-05
Kitasatospora albolonga,1.698471618614139e-05
Streptomyces parvulus,1.6927344783712606e-05
Desulfovibrio desulfuricans,1.689135127063146e-05
Stenotrophomonas sp. MYb57,1.6854574365177122e-05
Desulfarculus baarsii,1.6686221720241257e-05
Pseudomonas fuscovaginae,1.6545806216883284e-05
Burkholderia contaminans,1.6383500419592244e-05
Proteus vulgaris,1.60326621273299e-05
Burkholderia pyrrocinia,1.6006866374262962e-05
Burkholderia cenocepacia,1.5802721553304087e-05
Terriglobus saanensis,1.5727631434603318e-05
Frankia casuarinae,1.5714593864002423e-05
Streptomyces cattleya,1.5507894506727738e-05
Pseudomonas resinovorans,1.5464204376236522e-05
Burkholderia ubonensis,1.5163171077992032e-05
Streptomyces fulvissimus,1.5153482590402056e-05
Microcystis aeruginosa,1.4846702928772437e-05
Streptomyces sp. 11-1-2,1.4542876671574945e-05
Pseudomonas sp. CMR12a,1.4388503166862242e-05
Erwinia persicina,1.4385850138398659e-05
Pseudoxanthomonas spadix,1.4310421695662434e-05
Sphingorhabdus sp. Alg231-15,1.418595434417025e-05
Frankia sp. QA3,1.416112066801034e-05
Gloeobacter violaceus,1.416024048763731e-05
Dietzia psychralcaliphila,1.4066105107879423e-05
Alistipes shahii,1.4066105107879423e-05
Thioalkalivibrio nitratireducens,1.4066105107879423e-05
Thermus sp. CCB_US3_UF1,1.4066105107879423e-05
Nitrosospira multiformis,1.4066105107879423e-05
Neisseria gonorrhoeae,1.4066105107879423e-05
Thermomicrobium roseum,1.4066105107879423e-05
Bacillus sp. Y-01,1.3916086602017153e-05
Paracoccus sp. CBA4604,1.3659399884247137e-05
Marivirga tractuosa,1.3389580432243698e-05
Streptomyces pluripotens,1.338076231580665e-05
Yersinia aleksiciae,1.3233441218996055e-05
Cutibacterium avidum,1.3107713624727069e-05
Yangia pacifica,1.3104731747870524e-05
Streptomyces virus Amela,1.29775237184937e-05
Erwinia gerundensis,1.2816744877341967e-05
Xanthomonas translucens,1.2752339339128228e-05
Citrobacter koseri,1.2709907523023034e-05
Nocardioides sp. 603,1.2696988165994405e-05
Bordetella genomosp. 8,1.2645012161716096e-05
Frondihabitans sp. 762G35,1.2604816343486646e-05
Streptomyces pactum,1.2548208722318321e-05
Enterobacteriaceae bacterium w17,1.2533634610623068e-05
Paraburkholderia fungorum,1.2532825479838472e-05
Sphingopyxis sp. EG6,1.2508548882017578e-05
Rhodoferax ferrireducens,1.2498281566131197e-05
Octadecabacter antarcticus,1.2415196921766735e-05
Cyanobium gracile,1.2341812921023986e-05
Enterobacter sp. HK169,1.2328420174179122e-05
Phytobacter sp. SCO41,1.2328420174179122e-05
Mycobacterium colombiense,1.2135888529418715e-05
Variibacter gotjawalensis,1.2061617744540954e-05
Pectobacterium parmentieri,1.1990986554888395e-05
Pseudomonas sp. Leaf58,1.1545349456953957e-05
Rhizobium jaguaris,1.1486473654875873e-05
Halothermothrix orenii,1.1403829204148508e-05
Rhizobium sp. N324,1.133441619676212e-05
Actinomyces pacaensis,1.1303601295331589e-05
Ammonifex degensii,1.1282418251234993e-05
Corynebacterium provencense,1.1131430391086994e-05
Burkholderia sp. Bp7605,1.0989338933065085e-05
Burkholderiales bacterium YL45,1.0926547287581912e-05
Sphingopyxis sp. WS5A3p,1.0900903478905377e-05
Methanopyrus sp. KOL6,1.064218815058915e-05
Pseudomonas versuta,1.0443475547239345e-05
Chryseobacterium sp. IHB B 17019,1.0358873843419047e-05
Geobacter sulfurreducens,1.0334578920678793e-05
Leptothrix cholodnii,1.030499720646727e-05
Pandoraea apista,1.0274941394672333e-05
Mycolicibacterium smegmatis,1.0204911525368843e-05
Castellaniella defragrans,1.0197601580252958e-05
Paenibacillus sp. JDR-2,1.0096672429327214e-05
Blastochloris viridis,9.978623681372589e-06
Saccharomonospora marina,9.92539081754451e-06
Streptomyces albus,9.674260888892228e-06
Sphingobium hydrophobicum,9.52062335595194e-06
Pontibacter actiniarum,9.388169130830627e-06
Xenorhabdus doucetiae,9.196347669071514e-06
Deinococcus swuensis,9.18444884820957e-06
Azospira oryzae,9.0855133892509e-06
Arachidicoccus sp. BS20,9.042851184637435e-06
Gardnerella vaginalis,9.035366225451646e-06
Streptomyces malaysiensis,9.027051903287564e-06
Pseudomonas sp. R3-52-08,8.989680338289396e-06
Xylella fastidiosa,8.938686040083078e-06
Streptomyces cavourensis,8.774496278740607e-06
Simkania negevensis,8.75649235252407e-06
Mycolicibacterium aurum,8.714751502258977e-06
Edwardsiella piscicida,8.684182696550024e-06
Obesumbacterium proteus,8.603584509292439e-06
Pseudomonas mendocina,8.529728300787909e-06
Isoptericola variabilis,8.518805367030424e-06
Cellulomonas sp. PSBB021,8.518346310615322e-06
Campylobacter curvus,8.250796215691913e-06
Pseudomonas sp. MT-1,8.241519861074132e-06
Chryseobacterium balustinum,8.234308990506812e-06
Azospirillum humicireducens,8.200052554929727e-06
Streptomyces pristinaespiralis,8.085471906937868e-06
Croceicoccus naphthovorans,7.971260589378915e-06
Pseudomonas trivialis,7.947267336461116e-06
Micromonospora sp. WMMA2032,7.924238076739698e-06
Caldilinea aerophila,7.882877550424715e-06
Pseudomonas sp. FDAARGOS_380,7.855708684045836e-06
Agrobacterium sp. RAC06,7.797103245099634e-06
Streptomyces coelicolor,7.7355502717813e-06
Corynebacterium crudilactis,7.73413482213492e-06
Pseudonocardia sp. EC080625-04,7.503642544781641e-06
Steroidobacter denitrificans,7.462376096012413e-06
Candidatus Rhodoluna planktonica,7.33797509817613e-06
Corynebacterium doosanense,7.300307853097543e-06
Salinigranum rubrum,7.268946592087211e-06
soil_total_C,7.216405694787653e-06
Halomonas sp. A3H3,7.2133844121635706e-06
Anaeromyxobacter sp. K,7.190190934980301e-06
Arthrobacter sp. ERGS1:01,7.1832135437377435e-06
Thiomonas intermedia,7.131534197668543e-06
Ramlibacter tataouinensis,7.020674716562425e-06
Hymenobacter sp. DG25A,6.899580273933559e-06
Woeseia oceani,6.895971432996362e-06
Rhodococcus sp. WMMA185,6.8842121583090336e-06
Massilia armeniaca,6.864305980336383e-06
Bordetella genomosp. 13,6.8608373593681545e-06
Christensenella massiliensis,6.8247453570036145e-06
[Polyangium] brachysporum,6.821939100865037e-06
Halomicrobium mukohataei,6.791268809669404e-06
Salinimonas sp. HMF8227,6.6334138410617525e-06
Moraxella osloensis,6.593920469888381e-06
Roseiflexus castenholzii,6.484760114111587e-06
Snodgrassella alvi,6.467540664467641e-06
soil_total_N,6.464429261354709e-06
Pseudomonas sp. K2W31S-8,6.417065613573136e-06
Pseudomonas alcaliphila,6.3927404684305245e-06
Acinetobacter haemolyticus,6.384773578060887e-06
Sphingopyxis sp. MG,6.347920198335188e-06
Streptomyces sp. PVA 94-07,6.278028464157259e-06
Paucimonas lemoignei,6.2601149291463544e-06
Sphingobium sp. SYK-6,6.2531373089091956e-06
Streptomyces sp. fd1-xmd,6.245290897277655e-06
Bifidobacterium kashiwanohense,6.118265946630786e-06
Rhodococcus sp. BH4,5.978144966811705e-06
Methylovorus glucosotrophus,5.9635519003897745e-06
Opitutus terrae,5.9635519003897745e-06
Paraburkholderia caledonica,5.874235123681792e-06
Leptolyngbya boryana,5.864349713635697e-06
Pseudomonas cerasi,5.817749967462759e-06
Novibacillus thermophilus,5.815336112813263e-06
Christensenella sp. Marseille-P3954,5.815336112813263e-06
Propionibacterium freudenreichii,5.815336112813263e-06
Thiolapillus brandeum,5.812598133769775e-06
Streptomyces sp. TLI_053,5.79094395294355e-06
Novosphingobium sp. THN1,5.754399813695521e-06
Streptomyces olivoreticuli,5.732421477655514e-06
Bifidobacterium pseudolongum,5.677479408983111e-06
Enterobacter roggenkampii,5.673108961046225e-06
Neisseria sicca,5.604551189963836e-06
Leptospirillum ferriphilum,5.604551189963836e-06
Planktothrix agardhii,5.604551189963836e-06
Chryseobacterium joostei,5.554542390284744e-06
Xanthomonas campestris,5.518354589839625e-06
Streptomyces nodosus,5.5101490409548145e-06
Bradyrhizobium sp. 2 39S1MB,5.498262992409408e-06
Microbacterium sp. 1.5R,5.368481899625799e-06
Burkholderia glumae,5.275394992176885e-06
Erythrobacter sp. KY5,5.272984870874353e-06
Streptomyces albulus,5.23975994959347e-06
Candidatus Accumulibacter phosphatis,5.209177599319048e-06
Planococcus rifietoensis,5.171978574747271e-06
Parachlamydia acanthamoebae,5.16886814683204e-06
Mycobacterium avium,5.140963452343605e-06
Winogradskyella sp. PC-19,5.125932931671073e-06
Brevundimonas sp. GW460-12-10-14-LB2,5.013295937716933e-06
Aquabacterium olei,4.924226420732758e-06
Chromobacterium sp. ATCC 53434,4.8187605802052506e-06
Wolinella succinogenes,4.812187601088702e-06
Gordonia phthalatica,4.733182447003159e-06
Burkholderia sp. RPE67,4.698333060870752e-06
Zymobacter palmae,4.67512072113152e-06
Salinispira pacifica,4.6399695074583745e-06
Ochrobactrum sp. A44,4.630806738581405e-06
Sphingopyxis fribergensis,4.589948770505892e-06
Pelodictyon phaeoclathratiforme,4.551041231448671e-06
Streptomyces hundungensis,4.502920100124541e-06
Microchaete diplosiphon,4.47266392529233e-06
Burkholderia sp. KK1,4.445084480453332e-06
Endozoicomonas montiporae,4.414683671871699e-06
Streptomyces sp. CC0208,4.299137466201586e-06
Aeromicrobium marinum,4.298011265069235e-06
Micromonospora tulbaghiae,4.26887262146014e-06
Pseudomonas sp. s211(2017),4.242012714539278e-06
Chryseobacterium shandongense,4.191976690193222e-06
Microcella alkaliphila,4.135094517465632e-06
Paraburkholderia aromaticivorans,4.0057270400239984e-06
Nitrosospira lacus,3.951861022599701e-06
Rhodococcus sp. MTM3W5.2,3.933103195263854e-06
Desulfobacter postgatei,3.889664004130821e-06
Jonesia denitrificans,3.8521065349961244e-06
Thauera chlorobenzoica,3.8126537941218785e-06
Nitrospira defluvii,3.7906483011829197e-06
Hoeflea phototrophica,3.7663113433561435e-06
Micromonospora inositola,3.7440559243151484e-06
Streptomyces sp. Z022,3.600987449003945e-06
Saccharomonospora cyanea,3.553454218740981e-06
Azospirillum lipoferum,3.505534050307624e-06
Paraburkholderia sprentiae,3.5036913904162857e-06
Achromobacter denitrificans,3.491813563760715e-06
Sphingomonas sp. NIC1,3.4643139664947143e-06
Actinoalloteichus hoggarensis,3.460883398309633e-06
Burkholderia sp. CCGE1003,3.4461212457426173e-06
Streptomyces sp. 3211,3.4461212457204128e-06
Stenotrophomonas sp. ESTM1D_MKCIP4_1,3.4387771332911044e-06
Corynebacterium resistens,3.423199226415541e-06
Rhodoluna lacicola,3.416970594094515e-06
Hirschia baltica,3.4169705940723107e-06
Kitasatospora setae,3.411830061317289e-06
Hyphomonas sp. Mor2,3.3839254307110876e-06
Octadecabacter arcticus,3.361644019794774e-06
Pusillimonas sp. T7-7,3.350021374370904e-06
Pseudomonas yamanorum,3.3221776054137562e-06
Janthinobacterium sp. B9-8,3.3221776054137562e-06
Azospirillum thiophilum,3.317711278172375e-06
Bifidobacterium choerinum,3.256071452084619e-06
Methanofollis liminatans,3.251113909974457e-06
Cronobacter muytjensii,3.2357339959654396e-06
Planococcus sp. Y42,3.19434034710131e-06
Streptomyces violaceusniger,3.1752650889060876e-06
Streptomyces bacillaris,3.175265088883883e-06
Hartmannibacter diazotrophicus,3.165465939569678e-06
Bradyrhizobium erythrophlei,3.1366464927184977e-06
Paenibacillus beijingensis,3.1208989086151106e-06
Desulfomicrobium orale,3.118506887167527e-06
Caulobacter sp. K31,3.0383443791137666e-06
Marinobacter salarius,2.989449210688555e-06
Edwardsiella hoshinae,2.9642629253867627e-06
Anabaenopsis circularis,2.9618793541352773e-06
Microbacterium foliorum,2.918611078261968e-06
Persephonella marina,2.906931408008795e-06
Marinobacter sp. LQ44,2.880789959203156e-06
Thermobispora bispora,2.8702435552308e-06
Synechococcus sp. KORDI-49,2.8509912113339198e-06
Streptomyces koyangensis,2.8410023334535238e-06
Olsenella sp. Marseille-P2300,2.8118420448031147e-06
Serratia liquefaciens,2.810628161320494e-06
Gordonia terrae,2.733295443557715e-06
Citrobacter rodentium,2.7200278567063307e-06
Halostagnicola larsenii,2.705005737424493e-06
Lactobacillus fermentum,2.6176365957031322e-06
Bacillus horikoshii,2.568993938156794e-06
Sphingorhabdus flavimaris,2.5423012430358936e-06
Dehalogenimonas formicexedens,2.534585197544459e-06
Pseudolabrys taiwanensis,2.5305510622075643e-06
[Eubacterium] rectale,2.488067928307913e-06
Geobacter metallireducens,2.4112883777682726e-06
Libanicoccus massiliensis,2.366054093316805e-06
Gramella sp. MAR_2010_102,2.348628856130297e-06
Elizabethkingia anophelis,2.320353595441915e-06
Methylococcus capsulatus,2.3034794435661256e-06
Dickeya dianthicola,2.30018921754116e-06
Pectobacterium carotovorum,2.2819110501837157e-06
Nocardiopsis alba,2.2574292202870437e-06
Streptomyces sp. CB09001,2.23347668661944e-06
Corynebacterium geronticis,2.2034820836180915e-06
Humibacter sp. BT305,2.1977720289889645e-06
Sulfuritalea hydrogenivorans,2.1568470991661926e-06
Aeromonas dhakensis,2.1489707205279986e-06
Nocardia seriolae,2.137408637503668e-06
Amycolatopsis keratiniphila,2.137408637503668e-06
Corynebacterium aurimucosum,2.137408637503668e-06
Corynebacterium argentoratense,2.137408637503668e-06
Mycobacterium sp. VKM Ac-1817D,2.1360656044411288e-06
Geobacter daltonii,2.127587737077441e-06
Paenalcaligenes hominis,2.108553176038974e-06
Cellvibrio sp. PSBB006,2.105868041990533e-06
Desulfuromonas soudanensis,2.090669429133385e-06
Corynebacterium pseudopelargi,2.0634744675174232e-06
Mycobacterium sp. JLS,2.0459916995507756e-06
Chryseobacterium nakagawai,2.0382218491432623e-06
Corynebacterium epidermidicanis,2.0157718248370317e-06
Pandoraea norimbergensis,1.978955078585365e-06
Cupriavidus pinatubonensis,1.955233270622969e-06
Actinomyces radicidentis,1.925166316807392e-06
Neorhizobium sp. SOG26,1.910986426190142e-06
Pseudomonas azotoformans,1.9084054142748386e-06
Neorhizobium galegae,1.904017434073424e-06
Mycolicibacterium goodii,1.903571661499015e-06
Rhodanobacter denitrificans,1.8830868872665718e-06
Paenibacillus naphthalenovorans,1.851968205723864e-06
Methylovulum psychrotolerans,1.8454569430392809e-06
Paenibacillus ihbetae,1.7438600934172043e-06
Paenibacillus sp. FSL P4-0081,1.7364490513038787e-06
Tamlana sp. UJ94,1.7230606228713087e-06
Rhodococcus sp. PBTS 2,1.7110513423013175e-06
Prochlorococcus marinus,1.6450375736054568e-06
Limnohabitans sp. 63ED37-2,1.64189222982003e-06
Novosphingobium tardaugens,1.6385431267362804e-06
Streptomyces sp. M56,1.6150843454632024e-06
Tsukamurella tyrosinosolvens,1.591066744066616e-06
Corynebacterium imitans,1.5880892141106883e-06
Micromonospora chokoriensis,1.581931702343553e-06
Stenotrophomonas maltophilia,1.5523671111461468e-06
Nitrobacter hamburgensis,1.5464486324390237e-06
Chlorobium limicola,1.5451384769882281e-06
Brachybacterium sp. VM2412,1.5155188574311752e-06
Acidisphaera sp. G45-3,1.5155188574311752e-06
Xanthomonas hortorum,1.5152713076505009e-06
Pontibacter korlensis,1.5039708159747533e-06
Pseudarthrobacter equi,1.5023843116690471e-06
Celeribacter baekdonensis,1.4952458354589026e-06
Chryseobacterium bernardetii,1.4937400393266742e-06
Acidovorax cattleyae,1.4887430360932542e-06
Xanthomonas gardneri,1.4806307471415537e-06
Megasphaera hexanoica,1.4803224690496108e-06
Deinococcus proteolyticus,1.4448055354998602e-06
Rhizorhabdus dicambivorans,1.440911229844133e-06
Acidipropionibacterium virtanenii,1.416045581237313e-06
Nonomuraea sp. ATCC 55076,1.416045581237313e-06
Bifidobacterium bifidum,1.416045581237313e-06
Pragia fontium,1.3940273158041805e-06
Elizabethkingia miricola,1.3822583417200107e-06
Paracoccus zhejiangensis,1.3801371886001946e-06
Paenibacillus mucilaginosus,1.3750890234032197e-06
Yangia sp. CCB-MM3,1.3490929687165476e-06
Thermosulfidibacter takaii,1.3430399681713112e-06
Orrella dioscoreae,1.333698850691789e-06
Streptomyces autolyticus,1.2902678378834408e-06
Xanthomonas fragariae,1.2718737819383818e-06
Yersinia entomophaga,1.2311163728906393e-06
Arthrobacter alpinus,1.1959769339764392e-06
Friedmanniella luteola,1.188215036407314e-06
Sphingobium herbicidovorans,1.1823198174720772e-06
Micromonospora echinofusca,1.1328364649898504e-06
Selenomonas sp. oral taxon 478,1.1328364649898504e-06
Brachybacterium saurashtrense,1.1328364649898504e-06
Methyloceanibacter caenitepidi,1.1328364649898504e-06
Magnetospirillum sp. XM-1,1.1328364649898504e-06
Pseudomonas extremorientalis,1.1265126549142578e-06
Pectobacterium wasabiae,1.102425788634953e-06
Halomonas elongata,1.0881827324560333e-06
Methanolinea tarda,1.082978792421585e-06
Klebsiella pneumoniae,1.070746240428022e-06
Haloferax volcanii,1.06350768080965e-06
Cupriavidus sp. USMAHM13,1.0119936680652585e-06
Megasphaera stantonii,1.0009396675947357e-06
Beggiatoa leptomitoformis,9.999392913240257e-07
Sanguibacter keddieii,9.957800764404112e-07
Corynebacterium renale,9.82963101758827e-07
Chlorobaculum limnaeum,9.810323305714518e-07
Agrococcus carbonis,9.797151381940595e-07
Desulfallas gibsoniae,9.777371381636258e-07
Thermococcus eurythermalis,9.734871504019083e-07
Paenibacillus sp. IHBB 10380,9.61713031966127e-07
Cupriavidus sp. USMAA2-4,9.514891355699717e-07
Sphingobacterium sp. G1-14,9.42544553605984e-07
Thermus thermophilus,9.358587152785703e-07
Enterobacter sp. SA187,9.349300436056751e-07
Lacinutrix sp. Bg11-31,8.916482022502948e-07
Blastomonas fulva,8.878049705396407e-07
Mycobacterium shigaense,8.775241833847148e-07
Geobacter anodireducens,8.703261043629951e-07
Nitratireductor basaltis,8.637955820622878e-07
Halopiger xanaduensis,8.496273487423877e-07
Gramella salexigens,8.496273487423877e-07
Komagataeibacter saccharivorans,8.390305655581187e-07
Lysobacter sp. TY2-98,8.193753699314854e-07
Saccharomonospora viridis,7.947136460240145e-07
Aromatoleum aromaticum,7.841515039741509e-07
Gordonia rubripertincta,7.717490037029151e-07
Thauera sp. K11,7.42410574150476e-07
Halomonas aestuarii,7.145529253405059e-07
Pseudomonas sp. StFLB209,7.118045978193877e-07
Mycobacterium dioxanotrophicus,7.090536922937929e-07
Fimbriimonas ginsengisoli,6.991776696940732e-07
Pandoraea pulmonicola,6.965179432993907e-07
Brevundimonas subvibrioides,6.965179432993907e-07
Acidipropionibacterium acidipropionici,6.922794359098816e-07
Corynebacterium terpenotabidum,6.59745614939311e-07
Planococcus plakortidis,6.561390402337608e-07
Janibacter indicus,6.321792306085428e-07
Natronococcus occultus,6.159816653417138e-07
Aeromonas hydrophila,5.974846825518298e-07
Stenotrophomonas sp. G4,5.964342552289281e-07
Serratia sp. YD25,5.84753564414342e-07
Bifidobacterium animalis,5.821584004639391e-07
Thauera aromatica,5.664182324949252e-07
Ensifer sojae,5.647432797850627e-07
Coraliomargarita akajimensis,5.384908148275969e-07
Komagataeibacter nataicola,5.327470393945432e-07
Niveispirillum cyanobacteriorum,4.83130486994554e-07
Anaerolinea thermophila,4.781260040553903e-07
Chryseobacterium sp. StRB126,4.643452955477301e-07
Maribacter sp. 1_2014MBL_MicDiv,4.6434529552552564e-07
Bacillus halodurans,4.4629103559401526e-07
Burkholderia multivorans,4.453548881677705e-07
Sphingobium japonicum,4.4169790669457143e-07
Xanthomonas albilineans,4.11742063488596e-07
Nitrosospira briensis,4.0798197367131193e-07
Corynebacterium cystitidis,3.9922163002081846e-07
Cryobacterium sp. GCJ02,3.774902482156506e-07
Devriesea agamarum,3.771616629899555e-07
Christensenella minuta,3.542922224930578e-07
Gemmatimonas aurantiaca,3.46729290368053e-07
Candidatus Solibacter usitatus,3.4657406255966805e-07
Clostridiales bacterium CCNA10,3.4209795174433566e-07
Micromonospora siamensis,3.203573454513275e-07
Corynebacterium minutissimum,3.162065560946559e-07
Victivallales bacterium CCUG 44730,3.0629138672022547e-07
Yersinia aldovae,2.9736347419984097e-07
Pseudomonas sp. R4-34-07,2.8455977929553455e-07
Klebsiella quasivariicola,2.769317138495708e-07
Pseudomonas sabulinigri,2.697685998809263e-07
Sinorhizobium sp. CCBAU 05631,2.6909537975683406e-07
Burkholderia diffusa,2.6123882166384507e-07
Methylophaga nitratireducenticrescens,2.601713512184745e-07
Pseudomonas oryzihabitans,2.578521277829537e-07
Pseudomonas sp. NC02,2.546870616848551e-07
Erythrobacter gangjinensis,2.3207898935950766e-07
Olsenella sp. oral taxon 807,2.302689525501833e-07
Lactobacillus zymae,2.1850313325355586e-07
Tenacibaculum maritimum,2.179184226847042e-07
Halorubrum trapanicum,2.1099398062052188e-07
Salinispora arenicola,1.9750092812298447e-07
Streptomyces sp. ADI95-16,1.95387671131364e-07
Acinetobacter nosocomialis,1.798372146755156e-07
Acinetobacter calcoaceticus,1.798372146755156e-07
Corynebacterium variabile,1.798372146755156e-07
Paracoccus yeei,1.7592698728918776e-07
Corynebacterium striatum,1.727876007162621e-07
Sphingobium chlorophenolicum,1.683859345291694e-07
Gemmatirosa kalamazoonesis,1.6524124877292933e-07
Cellulosimicrobium sp. TH-20,1.545555102566709e-07
Selenomonas sputigena,1.513207263714733e-07
Arthrobacter sp. Rue61a,1.468730111975347e-07
Citrobacter amalonaticus,1.440811987274415e-07
Streptomyces sp. WAC00288,1.4386977174041248e-07
Pseudomonas cedrina,1.4386977174041248e-07
Cellulomonas gilvus,1.4386977174041248e-07
Streptomyces sp. CMB-StM0423,1.4386977174041248e-07
Bacillus pseudomycoides,1.4361113149785608e-07
Anabaena cylindrica,1.3446775752878893e-07
Thermococcus celer,1.2410972498599905e-07
Marinifilaceae bacterium SPP2,1.1374327226754133e-07
Corynebacterium maris,1.0584180980544033e-07
Paenibacillus crassostreae,9.174789008525864e-08
Akkermansia glycaniphila,7.582884815615643e-08
Leclercia adecarboxylata,7.455716166671067e-08
Serratia sp. SSNIH1,5.171904504663871e-08
Pseudopropionibacterium propionicum,4.757906721941652e-08
Bacteroides heparinolyticus,3.129204417806619e-08
Bifidobacterium actinocoloniiforme,2.983717000137886e-08
Synechococcus sp. NIES-970,2.1796257776429685e-08
Micromonospora purpureochromogenes,2.0362193686729314e-08
Bradymonas sediminis,7.450954608856364e-09
Pseudodesulfovibrio indicus,0.0
Providencia stuartii,0.0
Providencia rettgeri,0.0
Pseudodesulfovibrio profundus,0.0
Pseudodesulfovibrio aespoeensis,0.0
Pseudoalteromonas spongiae,0.0
Pseudarthrobacter chlorophenolicus,0.0
Pseudodesulfovibrio piezophilus,0.0
Pseudoalteromonas sp. 13-15,0.0
Chlorobium phaeobacteroides,0.0
Pseudarthrobacter phenanthrenivorans,0.0
Pseudoflavitalea sp. 5GH32-13,0.0
Pseudoalteromonas carrageenovora,0.0
Chlorobium chlorochromatii,0.0
Pseudanabaena sp. PCC 7367,0.0
Proteus mirabilis,0.0
Pseudarcicella sp. HME7025,0.0
Pseudoalteromonas piscicida,0.0
Polynucleobacter wuianus,0.0
Prosthecochloris sp. HL-130-GSB,0.0
Prosthecochloris aestuarii,0.0
Chromatiaceae bacterium 2141T.STBD.0c.01a,0.0
Prosthecochloris sp. GSB1,0.0
Polynucleobacter duraquae,0.0
Chloroflexus aurantiacus,0.0
Anoxybacillus amylolyticus,0.0
Streptomyces griseochromogenes,0.0
Streptomyces lavendulae,0.0
Streptomyces lividans,0.0
Candidatus Sodalis pierantonius,0.0
Candidatus Thiodictyon syntrophicum,0.0
Capnocytophaga canimorsus,0.0
Capnocytophaga haemolytica,0.0
Capnocytophaga leadbetteri,0.0
Candidatus Planktophila lacus,0.0
Candidatus Planktophila versatilis,0.0
Candidatus Profftella armatura,0.0
Candidatus Protochlamydia amoebophila,0.0
Candidatus Protochlamydia naegleriophila,0.0
Candidatus Puniceispirillum marinum,0.0
Chlorobium phaeovibrioides,0.0
Calothrix sp. NIES-3974,0.0
Pseudomonas sp. ATCC 13867,0.0
Candidatus Endolissoclinum faulkneri,0.0
Candidatus Desulforudis audaxviator,0.0
Candidatus Desulfofervidus auxilii,0.0
Candidatus Coxiella mudrowiae,0.0
Candidatus Cloacimonas acidaminovorans,0.0
Candidatus Saccharibacteria bacterium YM_S32_TM7_50_20,0.0
Candidatus Azobacteroides pseudotrichonymphae,0.0
Pseudomonas koreensis,0.0
Pseudomonas cremoricolorata,0.0
Candidatus Planktophila dulcis,0.0
Pseudomonas palleroniana,0.0
Pseudomonas oryzae,0.0
Pseudomonas mucidolens,0.0
Pseudomonas monteilii,0.0
Candidatus Babela massiliensis,0.0
Pseudomonas agarici,0.0
Pseudohongiella spirulinae,0.0
Celeribacter marinus,0.0
Celeribacter ethanolicus,0.0
Chania multitudinisentens,0.0
Cellvibrio japonicus,0.0
Cellulophaga lytica,0.0
Aneurinibacillus sp. XH2,0.0
Cellulophaga algicola,0.0
Chitinophaga caeni,0.0
Chelatococcus daeguensis,0.0
Prevotella ruminicola,0.0
Prevotella intermedia,0.0
Prevotella enoeca,0.0
Prevotella denticola,0.0
Prevotella dentalis,0.0
Cellulophaga baltica,0.0
Aneurinibacillus soli,0.0
Anaplasma marginale,0.0
Anaerotignum propionicum,0.0
Anaeromyxobacter sp. Fw109-5,0.0
Anaeromyxobacter dehalogenans,0.0
Arachidicoccus sp. KIS59-12,0.0
Aquitalea magnusonii,0.0
Pseudomonas antarctica,0.0
Aquiflexum balticum,0.0
Aquifex aeolicus,0.0
Antarctobacter heliothermus,0.0
Arthrobacter sp. ATCC 21022,0.0
Arenibacter algicola,0.0
Arcticibacterium luteifluviistationis,0.0
Arcanobacterium phocae,0.0
Pseudomonas avellanae,0.0
Aquimarina sp. AD10,0.0
Chryseobacterium sp. 6424,0.0
Chryseobacterium lactis,0.0
Paraglaciecola psychrophila,0.0
Parageobacillus genomosp. 1,0.0
Citrobacter freundii complex sp. CFNIH4,0.0
Citrobacter freundii complex sp. CFNIH3,0.0
Citrobacter farmeri,0.0
Citrobacter braakii,0.0
Planctopirus limnophila,0.0
Pandoraea faecigallinarum,0.0
Paludibacter propionicigenes,0.0
Paenibacillus yonginensis,0.0
Clostridium drakei,0.0
Clostridium cellulovorans,0.0
Clostridium carboxidivorans,0.0
Clostridium bornimense,0.0
Clostridium baratii,0.0
Parabacteroides distasonis,0.0
Chthonomonas calidirosea,0.0
Streptomyces sp. ICC1,0.0
Streptomyces sp. HNM0039,0.0
Akkermansia muciniphila,0.0
Agrococcus jejuensis,0.0
Streptomyces sp. SM18,0.0
Streptomyces sp. SCSIO 03032,0.0
Algoriphagus sp. M8-2,0.0
Algoriphagus machipongonensis,0.0
Algibacter alginicilyticus,0.0
Paraburkholderia xenovorans,0.0
Alcanivorax dieselolei,0.0
Alcaligenes aquatilis,0.0
Paraburkholderia rhizoxinica,0.0
Cohnella sp. 18JY8-7,0.0
Cobetia marina,0.0
Cnuibacter physcomitrellae,0.0
Paracoccus mutanolyticus,0.0
Paracoccus denitrificans,0.0
Paracoccus contaminans,0.0
Alcanivorax sp. NBRC 101098,0.0
Paenibacillus lautus,0.0
Paenibacillus durus,0.0
Paenibacillus sp. FSL H7-0737,0.0
Paenibacillus sp. FSL H7-0357,0.0
Paenibacillus sp. CAA11,0.0
Paenibacillus sabinae,0.0
Paenibacillus riograndensis,0.0
Paenibacillus physcomitrellae,0.0
Pandoraea thiooxydans,0.0
Paenibacillus swuensis,0.0
Paenibacillus stellifer,0.0
Paenibacillus sp. Y412MC10,0.0
Paenibacillus sp. FSL R5-0345,0.0
Opitutaceae bacterium TAV5,0.0
Olleya sp. Bg11-27,0.0
Oligotropha carboxidovorans,0.0
Oligella urethralis,0.0
Oleiphilus messinensis,0.0
Paenibacillus odorifer,0.0
Clostridium perfringens,0.0
Clostridium pasteurianum,0.0
Clostridium novyi,0.0
Clostridium ljungdahlii,0.0
Clostridium isatidis,0.0
Clostridium tyrobutyricum,0.0
Clostridium tetani,0.0
Clostridium taeniosporum,0.0
Clostridium sp. SY8519,0.0
Paenibacillus lentus,0.0
Clostridium sp. JN500901,0.0
Clostridium septicum,0.0
Clostridium scatologenes,0.0
Corynebacterium diphtheriae,0.0
Corynebacterium deserti,0.0
Corynebacterium choanis,0.0
Corynebacterium casei,0.0
Corynebacterium callunae,0.0
Corynebacterium atypicum,0.0
Clostridium sp. MF28,0.0
Streptomyces sp. 2323.1,0.0
Aminobacterium colombiense,0.0
Alteromonas sp. RKMC-009,0.0
Alteromonas mediterranea,0.0
Alteromonas australica,0.0
Altererythrobacter sp. NS1,0.0
Altererythrobacter namhicola,0.0
Anabaena sp. WA102,0.0
Streptomyces sp. NEAU-S7GS2,0.0
Amycolatopsis japonica,0.0
Amycolatopsis albispora,0.0
Planococcus maritimus,0.0
Calothrix sp. PCC 7507,0.0
Piscirickettsia salmonis,0.0
Phytobacter ursingii,0.0
Phyllobacterium zundukense,0.0
Photorhabdus thracensis,0.0
Pleurocapsa minor,0.0
Anabaena sp. 90,0.0
Chryseobacterium arthrosphaerae,0.0
Chroococcidiopsis thermalis,0.0
Chromohalobacter salexigens,0.0
Chromobacterium violaceum,0.0
Chromobacterium sp. IIBBL 274-1,0.0
Chromobacterium sp. IIBBL 112-1,0.0
Porphyromonas asaccharolytica,0.0
Porphyrobacter sp. LM 6,0.0
Chryseobacterium haifense,0.0
Streptomyces sp. 4F,0.0
Chryseobacterium gallinarum,0.0
Chryseobacterium carnis,0.0
Chryseobacterium camelliae,0.0
Streptomyces roseochromogenus,0.0
Streptomyces qaidamensis,0.0
Streptomyces phage Nanodon,0.0
Altererythrobacter ishigakiensis,0.0
Altererythrobacter epoxidivorans,0.0
Streptomyces sp. 769,0.0
Chryseobacterium glaciei,0.0
Clostridium argentinense,0.0
Clostridium acetobutylicum,0.0
Peptoclostridium acidaminophilum,0.0
Pelosinus fermentans,0.0
Pelodictyon luteolum,0.0
Pedobacter steynii,0.0
Pedobacter sp. eg,0.0
Photorhabdus laumondii,0.0
Photobacterium damselae,0.0
Plesiomonas shigelloides,0.0
Phaeobacter piscinae,0.0
Phaeobacter inhibens,0.0
Persicobacter sp. JZB09,0.0
Streptomyces sp. FR-008,0.0
Streptomyces sp. CdTB01,0.0
Streptomyces sp. CLI2509,0.0
Streptomyces sp. CFMR 7,0.0
Streptomyces sp. S8,0.0
Streptomyces sp. P3,0.0
Phaeobacter porticola,0.0
Plantactinospora sp. KBS50,0.0
Plantactinospora sp. BC1,0.0
Planococcus sp. MB-3u-03,0.0
Polaribacter sp. MED152,0.0
Polaribacter sp. KT25b,0.0
Polaribacter sp. KT 15,0.0
Polaribacter sp. Hel1_33_78,0.0
Polaribacter sp. BM10,0.0
Polaribacter sp. ALD11,0.0
Parvularcula bermudensis,0.0
Pluralibacter gergoviae,0.0
Polynucleobacter difficilis,0.0
Polaribacter sp. SA4-12,0.0
Polaribacter sp. SA4-10,0.0
Citrobacter youngae,0.0
Citrobacter sp. FDAARGOS_156,0.0
Pedobacter ginsengisoli,0.0
Pedobacter cryoconitis,0.0
Pectobacterium polaris,0.0
Polaribacter reichenbachii,0.0
Selenomonas sp. oral taxon 136,0.0
Selenomonas sp. oral taxon 126,0.0
Sediminispirochaeta smaragdinae,0.0
Sediminicola sp. YIK13,0.0
Sedimentisphaera cyanobacteriorum,0.0
Ruminococcaceae bacterium CPB6,0.0
Rufibacter tibetensis,0.0
Rufibacter sp. DG15C,0.0
Ruegeria sp. NKC1-1,0.0
Oleispira antarctica,0.0
Ruegeria pomeroyi,0.0
Rubrobacter xylanophilus,0.0
Bifidobacterium longum,0.0
Bifidobacterium indicum,0.0
Bifidobacterium catenulatum,0.0
Bifidobacterium breve,0.0
Ruminococcus albus,0.0
Bordetella genomosp. 6,0.0
Bordetella avium,0.0
Ruegeria sp. AD91A,0.0
Bernardetia litoralis,0.0
Belliella baltica,0.0
Bathymodiolus septemdierum thioautotrophic gill symbiont,0.0
Salimicrobium jeotgali,0.0
Salegentibacter sp. T436,0.0
Salegentibacter salegens,0.0
Sagittula sp. P11,0.0
Saccharospirillum mangrovi,0.0
Saccharophagus degradans,0.0
Salipiger profundus,0.0
Salinispora tropica,0.0
Salinisphaera sp. LB1,0.0
Salinimonas sp. N102,0.0
Salinicoccus halodurans,0.0
Salinibacterium sp. CGMCC 1.16371,0.0
Salinibacter ruber,0.0
Scytonema sp. NIES-4073,0.0
Scytonema sp. HK-05,0.0
Salmonella enterica,0.0
Salmonella bongori,0.0
Salinivirga cyanobacteriivorans,0.0
Roseiflexus sp. RS-1,0.0
Roseibacterium elongatum,0.0
Roseburia hominis,0.0
Rubrobacter radiotolerans,0.0
Rubrobacter indicoceani,0.0
Rubrivivax gelatinosus,0.0
Rubinisphaera brasiliensis,0.0
Rothia mucilaginosa,0.0
Rothia dentocariosa,0.0
Bifidobacterium thermophilum,0.0
Roseovarius mucosus,0.0
Sinorhizobium sp. RAC02,0.0
Sinorhizobium fredii,0.0
Sinomonas atrocyanea,0.0
Bifidobacterium asteroides,0.0
Bifidobacterium angulatum,0.0
Sphaerochaeta globosa,0.0
Sphaerochaeta coccoides,0.0
Solitalea canadensis,0.0
Solibacillus sp. R5-41,0.0
Roseovarius sp. TM1035,0.0
Saccharomonospora glauca,0.0
Runella sp. HYN0085,0.0
Runella slithyformis,0.0
Ruminococcus champanellensis,0.0
Bordetella sp. H567,0.0
Bordetella petrii,0.0
Bordetella pertussis,0.0
Bordetella holmesii,0.0
Rhodothermaceae bacterium,0.0
Roseobacter denitrificans,0.0
Rhodoferax saidenbachensis,0.0
Rhodoferax antarcticus,0.0
Rivularia sp. PCC 7116,0.0
Rickettsia rickettsii,0.0
Rickettsia helvetica,0.0
Rickettsia endosymbiont of Ixodes scapularis,0.0
Rhodovulum sp. P5,0.0
Rhodothermaceae bacterium RA,0.0
Roseomonas sp. FDAARGOS_362,0.0
Roseobacter litoralis,0.0
Rhodopseudomonas palustris,0.0
Serratia sp. FGI94,0.0
Serratia sp. FDAARGOS_506,0.0
Shewanella loihica,0.0
Shewanella halifaxensis,0.0
Shewanella benthica,0.0
Shewanella baltica,0.0
Gluconobacter albidus,0.0
Gramella forsetii,0.0
Gramella flava,0.0
Beutenbergia cavernae,0.0
Gordonibacter urolithinfaciens,0.0
Gordonia sp. YC-JH1,0.0
Gordonia sp. MMS17-SY073,0.0
Haemophilus influenzae,0.0
Gynuella sunshinyii,0.0
Grimontia hollisae,0.0
Granulicella mallensis,0.0
Gramella sp. SH35,0.0
Xanthomonas axonopodis,0.0
Gottschalkia acidurici,0.0
Yersinia enterocolitica,0.0
Zobellella denitrificans,0.0
Yoonia vestfoldensis,0.0
Yersinia similis,0.0
Yersinia ruckeri,0.0
Yersinia rohdei,0.0
Yersinia pseudotuberculosis,0.0
Acidihalobacter ferrooxidans,0.0
Acetobacter persici,0.0
Serratia sp. FS14,0.0
Zobellia galactanivorans,0.0
Serratia sp. ATCC 39006,0.0
Serratia sp. 3ACOL1,0.0
Serratia rubidaea,0.0
Serratia proteamaculans,0.0
Serratia fonticola,0.0
Seonamhaeicola sp. S2-3,0.0
Serratia sp. SCBI,0.0
Serratia sp. P2ACOL2,0.0
Xanthomonas oryzae,0.0
Acetobacter senegalensis,0.0
Sideroxydans lithotrophicus,0.0
Siansivirga zeaxanthinifaciens,0.0
Shinella sp. HZN7,0.0
Shigella dysenteriae,0.0
Shewanella violacea,0.0
Bacteroides helcogenes,0.0
Bacteroides fragilis,0.0
Bacteroides cellulosilyticus,0.0
Bacteroides caecimuris,0.0
Acinetobacter bereziniae,0.0
Bacteroidales bacterium CF,0.0
Simplicispira suum,0.0
Barnesiella viscericola,0.0
Bacteroidetes bacterium Omega,0.0
Bacteroides zoogleoformans,0.0
Bacteroides vulgatus,0.0
Bacteroides thetaiotaomicron,0.0
Bacteroides salanitronis,0.0
Bacteroides ovatus,0.0
Bifidobacterium adolescentis,0.0
Bacteroides caccae,0.0
Acidovorax sp. KKS102,0.0
Acidovorax sp. JS42,0.0
Xanthomonas phaseoli,0.0
Xanthomonas perforans,0.0
Xanthomonas vasicola,0.0
Acinetobacter schindleri,0.0
Acinetobacter oleivorans,0.0
Acinetobacter lwoffii,0.0
Acinetobacter lactucae,0.0
Simiduia agarivorans,0.0
Shewanella amazonensis,0.0
Shewanella algae,0.0
Shewanella sp. WE21,0.0
Shewanella sp. ANA-3,0.0
Shewanella sediminis,0.0
Shewanella psychrophila,0.0
Shewanella pealeana,0.0
Shewanella oneidensis,0.0
Shewanella marisflavi,0.0
Simonsiella muelleri,0.0
Acinetobacter indicus,0.0
Spirosoma rigui,0.0
Spirosoma radiotolerans,0.0
Spirosoma montaniterrae,0.0
Spirosoma aerolatum,0.0
Spirochaeta africana,0.0
Spiribacter salinus,0.0
Arthrobacter sp. QXT-31,0.0
Stappia sp. ES.058,0.0
Staphylococcus epidermidis,0.0
Solibacillus silvestris,0.0
Aurantimicrobium sp. MWH-Uga1,0.0
Aurantimicrobium sp. MWH-Mo1,0.0
Aurantimicrobium minutum,0.0
Asaia bogorensis,0.0
Candidatus Methylopumilus planktonicus,0.0
Candidatus Methanomethylophilus alvus,0.0
Candidatus Kuenenia stuttgartiensis,0.0
Candidatus Evansia muelleri,0.0
Pseudomonas sp. FGI182,0.0
Aureimonas sp. AU20,0.0
Pseudomonas sp. R5-89-07,0.0
Pseudomonas sp. R2-7-07,0.0
Calothrix parasitica,0.0
Burkholderia ambifaria,0.0
Pseudomonas sp. WCS374,0.0
Pseudomonas sp. TMW 2.1634,0.0
Pseudomonas sp. TCU-HL1,0.0
Pseudomonas sp. SWI6,0.0
Burkholderia seminalis,0.0
Spongiibacter sp. IMCC21906,0.0
Burkholderia oklahomensis,0.0
Burkholderia latens,0.0
Sphingorhabdus sp. YGSMI21,0.0
Sphingorhabdus sp. M41,0.0
Sphingopyxis sp. QXT-31,0.0
Sphingopyxis sp. LPB0140,0.0
Bacillus krulwichiae,0.0
Bacillus kochii,0.0
Bacillus gobiensis,0.0
Sporosarcina ureae,0.0
Burkholderia plantarii,0.0
Stenotrophomonas sp. YAU14D1_LEIMI4_1,0.0
Stenotrophomonas sp. YAU14A_MKIMI4_1,0.0
Streptomyces alfalfae,0.0
Streptomyces alboflavus,0.0
Streptomyces albireticuli,0.0
Streptomyces actuosus,0.0
Streptococcus thermophilus,0.0
Streptococcus suis,0.0
Streptomyces gilvosporeus,0.0
Pseudomonas sp. DY-1,0.0
Streptomyces chartreusis,0.0
Caulobacter vibrioides,0.0
Carboxydothermus hydrogenoformans,0.0
Carboxydocella thermautotrophica,0.0
Capnocytophaga stomatis,0.0
Capnocytophaga sputigena,0.0
Pseudomonas soli,0.0
Pseudomonas salegens,0.0
Pseudomonas psychrotolerans,0.0
Pseudomonas poae,0.0
Streptomyces collinus,0.0
Candidatus Pelagibacter sp. HIMB1321,0.0
Candidatus Nucleicultrix amoebiphila,0.0
Candidatus Nanopelagicus limnes,0.0
Pseudomonas sp. R11-23-07,0.0
Pseudomonas sp. R1-43-08,0.0
Pseudomonas sp. PONIH3,0.0
Pseudomonas sp. MYb193,0.0
Pseudomonas sp. LBUM920,0.0
Burkholderia sp. OLGA172,0.0
Stenotrophomonas sp. ZAC14A_NAIMI4_1,0.0
Burkholderia sp. MSMB0856,0.0
Burkholderia sp. MSMB0852,0.0
Burkholderia sp. MSMB0266,0.0
Pseudomonas sp. R2-37-08W,0.0
Azorhizobium caulinodans,0.0
Azoarcus sp. KH32C,0.0
Azoarcus sp. BH72,0.0
Azoarcus communis,0.0
Streptococcus agalactiae,0.0
Stenotrophomonas sp. ZAC14D2_NAIMI4_7,0.0
Burkholderia sp. MSMB617WGS,0.0
Rhodococcus sp. WB1,0.0
Rhodococcus sp. S2-17,0.0
Rhodococcus sp. P1Y,0.0
Rhodococcus rhodochrous,0.0
Bacterioplanes sanyensis,0.0
Bacillus thermoamylovorans,0.0
Bacillus sp. OxB-1,0.0
Bacillus sp. IHB B 7164,0.0
Bacillus sp. FJAT-45348,0.0
Pseudomonas sp. SWI36,0.0
Bacillus smithii,0.0
Sphingomonas sp. LM7,0.0
Sphingomonas sp. JJ-A5,0.0
Sphingomonas sp. FARSPH,0.0
Sphingomonas melonis,0.0
Sphingobium sp. TKS,0.0
Bacillus anthracis,0.0
Azospirillum sp. TSH58,0.0
Azospirillum sp. M2T2B2,0.0
Bacillus sp. FJAT-42376,0.0
Sodalis glossinidius,0.0
Sphingobium baderi,0.0
Sphingobacterium sp. ML3W,0.0
Sphingobacterium sp. 21,0.0
Sphingobacterium mizutaii,0.0
Sphingobacteriaceae bacterium GW460-11-11-14-LB5,0.0
Sphaerospermopsis kisseleviana,0.0
Bacillus pumilus,0.0
Bacillus phage BM5,0.0
Rhodocyclaceae bacterium,0.0
Sphingobium cloacae,0.0
Rhodobaca barguzinensis,0.0
Rhizobium sp. NXC24,0.0
Rhizobium sp. NT-26,0.0
Bradyrhizobium sp. BTAi1,0.0
Rhodobacteraceae bacterium QY30,0.0
Rhodobacteraceae bacterium BAR1,0.0
Rhodobacter sphaeroides,0.0
Rhodococcus pyridinivorans,0.0
Rhodococcus coprophilus,0.0
Sphingobium indicum,0.0
Pseudomonas veronii,0.0
Psychrobacter alimentarius,0.0
Pseudovibrio sp. FO-BEG1,0.0
Pseudothermotoga hypogea,0.0
Pseudonocardia sp. EC080619-01,0.0
Brevibacillus brevis,0.0
Brevefilum fermentans,0.0
Brenneria sp. EniD312,0.0
Brenneria goodwinii,0.0
Sphingopyxis macrogoltabida,0.0
Brevundimonas sp. LM2,0.0
Brevirhabdus pacifica,0.0
Brevibacterium siliguriense,0.0
Brevibacterium linens,0.0
Brevibacterium aurantiacum,0.0
Calothrix brevissima,0.0
Calditerrivibrio nitroreducens,0.0
Caldisericum exile,0.0
Caldanaerobacter subterraneus,0.0
Burkholderia vietnamiensis,0.0
Psychromonas ingrahamii,0.0
Bacillus cytotoxicus,0.0
Bacillus coagulans,0.0
Bacillus clausii,0.0
Bacillus beveridgei,0.0
Ralstonia mannitolilytica,0.0
Buchnera aphidicola,0.0
Brucella vulpis,0.0
Brucella sp. 141012304,0.0
Brucella melitensis,0.0
Pseudomonas virus PaMx74,0.0
Reinekea forsetii,0.0
Rathayibacter toxicus,0.0
Ralstonia pseudosolanacearum,0.0
Borreliella burgdorferi,0.0
Borreliella bavariensis,0.0
Borrelia parkeri,0.0
Borrelia hermsii,0.0
Bordetella trematum,0.0
Pseudonocardia sp. EC080610-09,0.0
Pseudonocardia dioxanivorans,0.0
Rhizobium sp. CCGE532,0.0
Lentibacillus amyloliquefaciens,0.0
Leminorella richardii,0.0
Lelliottia nimipressuralis,0.0
Lelliottia amnigena,0.0
Legionella waltersii,0.0
Legionella spiritensis,0.0
Legionella oakridgensis,0.0
Labrenzia sp. CP4,0.0
Kushneria marisflavi,0.0
Sulfurovum sp. NBC37-1,0.0
Fischerella sp. NIES-3754,0.0
Fictibacillus phosphorivorans,0.0
Fictibacillus arsenicus,0.0
Fibrella sp. ES10-3-2-2,0.0
Flavobacteriaceae bacterium MAR_2010_188,0.0
Flavobacteriaceae bacterium 3519-10,0.0
Flavobacteriaceae bacterium,0.0
Flavivirga eckloniae,0.0
Flavisolibacter tropicus,0.0
Kushneria konosiri,0.0
Exiguobacterium sp. N4-1P,0.0
Exiguobacterium sp. MH3,0.0
Exiguobacterium sp. AT1b,0.0
Exiguobacterium sibiricum,0.0
Lactobacillus casei,0.0
Lacinutrix venerupis,0.0
Lacinutrix sp. 5H-3-7-4,0.0
Lacimicrobium alkaliphilum,0.0
Lachnospiraceae bacterium oral taxon 500,0.0
Leptolyngbya sp. NIES-3755,0.0
Lactococcus sp. 1JSPR-7,0.0
Lactobacillus sakei,0.0
Lactobacillus pentosus,0.0
Lactobacillus paracollinoides,0.0
Lactobacillus mucosae,0.0
Legionella lansingensis,0.0
Legionella hackeliae,0.0
Legionella anisa,0.0
Leclercia sp. LSNIH1,0.0
Lawsonella clevelandensis,0.0
Lachnospiraceae bacterium GAM79,0.0
Treponema azotonutricium,0.0
Tolumonas auensis,0.0
Variovorax sp. HW608,0.0
Turneriella parva,0.0
Turicibacter sp. H121,0.0
Trueperella pyogenes,0.0
Tropheryma whipplei,0.0
Vibrio breoganii,0.0
Vibrio anguillarum,0.0
Flammeovirgaceae bacterium 311,0.0
Verrucomicrobium sp. GAS474,0.0
Verrucomicrobia bacterium,0.0
Kangiella profundi,0.0
Jonquetella anthropi,0.0
Jeotgalibacillus malaysiensis,0.0
Klebsiella oxytoca,0.0
Klebsiella michiganensis,0.0
Kingella kingae,0.0
Ketogulonicigenium vulgare,0.0
Ketogulonicigenium robustum,0.0
Vibrio alginolyticus,0.0
Flammeovirga sp. MY04,0.0
Flagellimonas sp. HME9304,0.0
Lachnoclostridium sp. YL32,0.0
Lachnoclostridium phytofermentans,0.0
Laceyella sacchari,0.0
Flavobacterium indicum,0.0
Flavobacterium crassostreae,0.0
Flavobacterium columnare,0.0
Flavobacteriaceae bacterium UJ101,0.0
Treponema brennaborense,0.0
Thiomonas arsenitoxydans,0.0
Thiomicrospira cyclica,0.0
Thiomicrospira aerophila,0.0
Aeribacillus pallidus,0.0
Aequorivita sublithincola,0.0
Advenella mimigardefordensis,0.0
Trichodesmium erythraeum,0.0
Treponema pallidum,0.0
Treponema denticola,0.0
Treponema caldarium,0.0
Tistrella mobilis,0.0
Enterobacter sp. Crenshaw,0.0
Enterobacter ludwigii,0.0
Lysinibacillus sp. Marseille-P5727,0.0
Lutibacter sp. LPB0138,0.0
Lutibacter profundi,0.0
Luteitalea pratensis,0.0
Listeria innocua,0.0
Magnetococcus marinus,0.0
Lysobacter capsici,0.0
Faecalibaculum rodentium,0.0
Lysinibacillus sp. YS11,0.0
Maribacter cobaltidurans,0.0
Mahella australiensis,0.0
Magnetospirillum magneticum,0.0
Magnetospirillum gryphiswaldense,0.0
Marinobacter hydrocarbonoclasticus,0.0
Mariniflexile sp. TRM1-10,0.0
Marichromatium purpuratum,0.0
Maribacter sp. T28,0.0
Maribacter sp. HTCC2170,0.0
Lysinibacillus sphaericus,0.0
Methanoregula boonei,0.0
Methanolacinia petrolearia,0.0
Marinobacterium aestuarii,0.0
Marinobacter sp. es.042,0.0
Marinobacter sp. LV10R510-11A,0.0
Marinobacter sp. CP1,0.0
Marinobacter salinus,0.0
Marinobacter psychrophilus,0.0
Martelella mediterranea,0.0
Enterobacter sp. FY-07,0.0
Maritalea myrionectae,0.0
Mariprofundus aestuarium,0.0
Marinovum algicola,0.0
Marinomonas mediterranea,0.0
Enterobacter kobei,0.0
Enterobacter cloacae complex sp. ECNIH7,0.0
Enterobacter cloacae complex sp.,0.0
Enterobacter bugandensis,0.0
Enterobacteriaceae bacterium w6,0.0
Enterobacter sp. R4-368,0.0
Marivivens sp. JLT3646,0.0
Actinoplanes missouriensis,0.0
Limnobaculum parvum,0.0
Leptospirillum ferrooxidans,0.0
Leptospira santarosai,0.0
Leptospira kmetyi,0.0
Leptospira interrogans,0.0
Leptospira biflexa,0.0
Erythrobacter sp. HL-111,0.0
Erythrobacter sp. Alg231-14,0.0
Thioalkalivibrio sulfidiphilus,0.0
Erythrobacter atlanticus,0.0
Erwinia tasmaniensis,0.0
Erwinia pyrifoliae,0.0
Euzebyella marina,0.0
Euzebya sp. DY32-46,0.0
Ethanoligenens harbinense,0.0
Escherichia albertii,0.0
Erythrobacter sp. YH-07,0.0
Fervidobacterium islandicum,0.0
Ferriphaselus amnicola,0.0
Erythrobacter seohaensis,0.0
Thermus scotoductus,0.0
Thermus parvatiensis,0.0
Thermus brockianus,0.0
Thermus aquaticus,0.0
Actinomyces meyeri,0.0
Actinomyces hongkongensis,0.0
Actinomyces gaoshouyii,0.0
Actinobacteria bacterium IMCC26077,0.0
Thioflavicoccus mobilis,0.0
Actinoplanes sp. SE50/110,0.0
Thiobacillus denitrificans,0.0
Actinomyces sp. oral taxon 897,0.0
Actinomyces sp. VUL4_3,0.0
Actinomyces sp. Chiba101,0.0
Actinomyces sp. 2129,0.0
Actinomyces radingae,0.0
Actinomyces oris,0.0
Advenella kashmirensis,0.0
Adlercreutzia equolifaciens,0.0
Actinotignum schaalii,0.0
Thioclava nitratireducens,0.0
Haloarcula taiwanensis,0.0
Haloferax mediterranei,0.0
Haloferax gibbonsii,0.0
Halodesulfurarchaeum formicicum,0.0
Halomonas sp. GFAJ-1,0.0
Halomonas huangheensis,0.0
Halomonas chromatireducens,0.0
Halomonas campaniensis,0.0
Halomonas beimenensis,0.0
Ketobacter alkanivorans,0.0
Gloeomargarita lithophora,0.0
Gloeocapsa sp. PCC 7428,0.0
Gloeobacter kilaueensis,0.0
Glaesserella parasuis,0.0
Glaciecola nitratireducens,0.0
Acetobacterium sp. KB-1,0.0
Gordonia polyisoprenivorans,0.0
Gordonia phage GMA4,0.0
Acidiphilium cryptum,0.0
[Bacillus] selenitireducens,0.0
Gluconacetobacter diazotrophicus,0.0
Halomonas sp. HL-93,0.0
Gemmata obscuriglobus,0.0
Haloplanus sp. CBA1112,0.0
Haloplanus aerogenes,0.0
Geobacillus sp. WCH70,0.0
Geobacillus sp. GHH01,0.0
Geobacillus genomosp. 3,0.0
Geoalkalibacter subterraneus,0.0
Gemmobacter sp. HYN0069,0.0
Haloarculaceae archaeon HArcel1,0.0
Geobacillus thermoleovorans,0.0
Geobacillus thermocatenulatus,0.0
Geobacillus subterraneus,0.0
Haloarcula sp. CBA1115,0.0
Haliscomenobacter hydrossis,0.0
Halioglobus pacificus,0.0
Halanaeroarchaeum sulfurireducens,0.0
Halocynthiibacter arcticus,0.0
Halobacterium sp. DL1,0.0
Halobacterium salinarum,0.0
Gemmatimonas phototrophica,0.0
Yersinia pestis,0.0
Yersinia massiliensis,0.0
Yersinia intermedia,0.0
Yersinia frederiksenii,0.0
Glutamicibacter nicotianae,0.0
Serratia sp. JKS000199,0.0
Acinetobacter wuhouensis,0.0
Acinetobacter sp. WCHAc010034,0.0
Acinetobacter sp. WCHA45,0.0
Zymomonas mobilis,0.0
Acinetobacter sp. ACNIH2,0.0
Acinetobacter sp. ACNIH1,0.0
Acinetobacter soli,0.0
Acetobacter oryzifermentans,0.0
Acidaminococcus intestini,0.0
Acetobacter ascendens,0.0
Achromobacter xylosoxidans,0.0
Achromobacter ruhlandii,0.0
Achromobacter insolitus,0.0
Acetomicrobium mobile,0.0
Acinetobacter sp. TGL-Y2,0.0
Acidobacterium capsulatum,0.0
Acidobacteriaceae bacterium SBC82,0.0
Acidithiobacillus ferrivorans,0.0
[Eubacterium] minutum,0.0
[Eubacterium] cellulosolvens,0.0
[Clostridium] sphenoides,0.0
[Clostridium] saccharolyticum,0.0
[Clostridium] cellulosi,0.0
[Clostridium] bolteae,0.0
Actinoalloteichus sp. ADI127-7,0.0
chem__Mn (Mehlich 1 mg/kg dry weight),0.0
halophilic archaeon DL31,0.0
gamma proteobacterium HdN1,0.0
blood disease bacterium A2-HR MARDI,0.0
alpha proteobacterium HIMB59,0.0
Xenorhabdus hominickii,0.0
Xenorhabdus bovienii,0.0
Acaryochloris marina,0.0
Actinobacillus succinogenes,0.0
Actinoalloteichus sp. AHMU CJ021,0.0
chem__P (Mehlich 1 mg/kg dry weight),0.0
Formosa sp. Hel3_A1_48,0.0
Formosa sp. Hel1_33_131,0.0
Formosa sp. Hel1_31_208,0.0
Formosa agariphila,0.0
Fluviicola taffensis,0.0
Flexistipes sinusarabici,0.0
Flavonifractor plautii,0.0
Gammaproteobacteria bacterium DM2,0.0
Gallionella capsiferriformans,0.0
Halomonas sp. KO116,0.0
Fusobacterium nucleatum,0.0
Francisella tularensis,0.0
Halorhodospira halophila,0.0
Halorhodospira halochloris,0.0
Halorhabdus tiamatea,0.0
Gillisia sp. Hel1_33_143,0.0
Gibbsiella quercinecans,0.0
Georgenia sp. ZLJ0423,0.0
Halothiobacillus sp. LS2,0.0
Halothiobacillus neapolitanus,0.0
Gallaecimonas sp. HK-28,0.0
Kocuria turfanensis,0.0
Kocuria palustris,0.0
Klebsiella variicola,0.0
Kozakia baliensis,0.0
Kosakonia oryzae,0.0
Kordia sp. SMS9,0.0
Komagataeibacter medellinensis,0.0
Indioceanicola profundi,0.0
Ignicoccus hospitalis,0.0
Intestinimonas butyriciproducens,0.0
Idiomarinaceae bacterium HL-53,0.0
Idiomarina sp. OT37-5b,0.0
Idiomarina loihiensis,0.0
Hyphomonas sp. CACIAM 19H1,0.0
Flavobacterium sp. HYN0086,0.0
Flavobacterium sp. HYN0059,0.0
Flavobacterium sp. HYN0049,0.0
Flavobacterium sp. HYN0048,0.0
Isoptericola dokdonensis,0.0
Intrasporangium calvum,0.0
Ignavibacterium album,0.0
Vibrio natriegens,0.0
Vibrio mimicus,0.0
Vibrio mediterranei,0.0
Waddlia chondrophila,0.0
Vulgatibacter incomptus,0.0
Vitreoscilla sp. C1,0.0
Vitreoscilla filiformis,0.0
Virgibacillus sp. Bac332,0.0
Virgibacillus sp. 6R,0.0
Halothece sp. PCC 7418,0.0
Wolbachia endosymbiont of Drosophila simulans,0.0
Wolbachia endosymbiont of Brugia malayi,0.0
Winogradskyella sp. RHA_55,0.0
Winogradskyella sp. PG-2,0.0
Winogradskyella sp. J14-2,0.0
Wenyingzhuangia fucanilytica,0.0
Halopenitus persicus,0.0
Halomonas subglaciescola,0.0
Halomonas sp. hl-4,0.0
Halomonas sp. SF2003,0.0
Virgibacillus necropolis,0.0
Haloterrigena daqingensis,0.0
Halorubrum lacusprofundi,0.0
Halorientalis sp. IM1011,0.0
Hydromonas sp. F02,0.0
Hydrogenophaga crassostreae,0.0
Hoeflea sp. IMCC20628,0.0
Hippea maritima,0.0
Herbaspirillum rubrisubalbicans,0.0
Heliobacterium modesticaldum,0.0
Vibrio owensii,0.0
Hymenobacter sp. sh-6,0.0
Hymenobacter sp. DG25B,0.0
Vibrio harveyi,0.0
Vibrio gazogenes,0.0
Vibrio furnissii,0.0
Vibrio fluvialis,0.0
Vibrio coralliilyticus,0.0
Vibrio campbellii,0.0
Vibrio scophthalmi,0.0
Vibrio parahaemolyticus,0.0
Hymenobacter swuensis,0.0
Mycoplasma pneumoniae,0.0
Mycoplasma haemofelis,0.0
Cytophaga hutchinsonii,0.0
Neisseria cinerea,0.0
Negativicoccus massiliensis,0.0
Ndongobacter massiliensis,0.0
Natronolimnobius aegyptiacus,0.0
Neisseria subflava,0.0
Neisseria sp. KEM232,0.0
Methanosarcina mazei,0.0
Neisseria mucosa,0.0
Neisseria meningitidis,0.0
Neisseria lactamica,0.0
Neomicrococcus aestuarii,0.0
Neisseriaceae bacterium DSM 100970,0.0
Neisseria zoodegmatis,0.0
Neisseria weaveri,0.0
Synechococcus sp. SynAce01,0.0
Synechococcus sp. PCC 7502,0.0
Neisseria polysaccharea,0.0
Nitratiruptor sp. SB155-2,0.0
Niabella soli,0.0
Nitrososphaera viennensis,0.0
Nitrosomonas ureae,0.0
Nitrosomonas sp. Is79A3,0.0
Nitrosomonas sp. AL212,0.0
Corynebacterium ulcerans,0.0
Corynebacterium timonense,0.0
Corynebacterium stationis,0.0
Myroides odoratus,0.0
Cronobacter dublinensis,0.0
Croceicoccus marinus,0.0
Crinalium epipsammum,0.0
Coxiella burnetii,0.0
Corynebacterium xerosis,0.0
Corynebacterium uterequi,0.0
Corynebacterium ureicelerivorans,0.0
Natrinema pellirubrum,0.0
Nakamurella sp. s14-144,0.0
Nakamurella panacisegetis,0.0
Corynebacterium sp. NML98-0116,0.0
Denitrobacterium detoxificans,0.0
Delftia tsuruhatensis,0.0
Delftia sp. HK171,0.0
Delftia sp. Cs1-4,0.0
Deinococcus wulumuqiensis,0.0
Deinococcus soli Cha et al. 2016,0.0
Mycobacteroides immunogenum,0.0
Mycobacterium virus D29,0.0
Mycobacterium ulcerans,0.0
Synechococcus sp. PCC 7336,0.0
Dermabacter vaginalis,0.0
Cupriavidus nantongensis,0.0
Cryptobacterium curtum,0.0
Mycolicibacterium phlei,0.0
Cyclobacterium marinum,0.0
Cyclobacterium amurskyense,0.0
Cyanothece sp. PCC 7822,0.0
Cyanothece sp. PCC 7425,0.0
Cyanothece sp. PCC 7424,0.0
Cyanothece sp. ATCC 51142,0.0
Mycobacterium sp. QIA-37,0.0
Synechococcus sp. PCC 7003,0.0
Synechococcus sp. KORDI-100,0.0
Syntrophus aciditrophicus,0.0
Syntrophothermus lipocalidus,0.0
Syntrophomonas wolfei,0.0
Syntrophobotulus glycolicus,0.0
Syntrophobacter fumaroxidans,0.0
Synechocystis sp. PCC 6714,0.0
Synechococcus sp. WH 7803,0.0
Denitrovibrio acetiphilus,0.0
Tatlockia micdadei,0.0
Tateyamaria omphalii,0.0
Tannerella sp. oral taxon HOT-286,0.0
Tannerella forsythia,0.0
Tessaracoccus flavus,0.0
Teredinibacter turnerae,0.0
Tepidanaerobacter acetatoxydans,0.0
Tenacibaculum todarodis,0.0
Tenacibaculum sp. SZ-18,0.0
Tenacibaculum jejuense,0.0
Tenacibaculum dicentrarchi,0.0
Sulfitobacter sp. D7,0.0
Streptosporangium roseum,0.0
Streptomyces xinghaiensis,0.0
Streptomyces violaceoruber,0.0
Streptomyces vietnamensis,0.0
Streptomyces spongiicola,0.0
Streptomyces sp. ZFG47,0.0
Sulfurihydrogenibium sp. YO3AOP1,0.0
Sulfurifustis variabilis,0.0
Nitrosococcus halophilus,0.0
Sulfuricaulis limicola,0.0
Sulfitobacter sp. SK025,0.0
Sulfitobacter sp. SK011,0.0
Synechococcus sp. JA-3-3Ab,0.0
Synechococcus sp. JA-2-3B'a(2-13),0.0
Synechococcus sp. CC9311,0.0
Synechococcus lividus,0.0
Acetohalobium arabaticum,0.0
Sulfurospirillum multivorans,0.0
Ochrobactrum pseudogrignonense,0.0
Sulfuricella denitrificans,0.0
Odoribacter splanchnicus,0.0
Oscillatoriales cyanobacterium JSC-12,0.0
Oscillatoria nigro-viridis,0.0
Oscillatoria acuminata,0.0
Ornithinimicrobium sp. AMA3305,0.0
Comamonas aquatica,0.0
Comamonadaceae bacterium A1,0.0
Collinsella aerofaciens,0.0
Paenibacillaceae bacterium GAS479,0.0
Alistipes finegoldii,0.0
Owenweeksia hongkongensis,0.0
Ottowia sp. oral taxon 894,0.0
Oscillibacter valericigenes,0.0
Corynebacterium ammoniagenes,0.0
Coriobacterium glomerans,0.0
Coprothermobacter proteolyticus,0.0
Commensalibacter sp. AMU001,0.0
Streptomyces sp. Tu6071,0.0
Alkalitalea saponilacus,0.0
Alistipes sp. Marseille-P5997,0.0
Pacmanvirus A23,0.0
Cronobacter sakazakii,0.0
Cronobacter malonaticus,0.0
Nonlabens sp. Hel1_33_55,0.0
Nonlabens marinus,0.0
Nonlabens dokdonensis,0.0
Nodularia spumigena,0.0
Nocardioides sp. CF8,0.0
Nocardia farcinica,0.0
Nocardia brasiliensis,0.0
Ochrobactrum pituitosum,0.0
Nostoc carneum,0.0
Nonlabens sp. MIC269,0.0
Nonlabens sp. MB-3u-79,0.0
Nostocales cyanobacterium HT-58-2,0.0
Nostoc sphaeroides,0.0
Nostoc sp. PCC 7524,0.0
Nostoc sp. PCC 7107,0.0
Nostoc sp. NIES-4103,0.0
Nostoc sp. CENA543,0.0
Nitrosococcus watsonii,0.0
Nostoc piscinale,0.0
Ochrobactrum anthropi,0.0
Oceanobacillus iheyensis,0.0
Oceanisphaera profunda,0.0
Oceanisphaera avium,0.0
Corynebacterium halotolerans,0.0
Corynebacterium glyciniphilum,0.0
Corynebacterium glutamicum,0.0
Corynebacterium glaucum,0.0
Corynebacterium flavescens,0.0
Cronobacter turicensis,0.0
Corynebacterium mustelae,0.0
Corynebacterium marinum,0.0
Corynebacterium lactis,0.0
Corynebacterium jeikeium,0.0
Corynebacterium singulare,0.0
Corynebacterium simulans,0.0
Corynebacterium pseudotuberculosis,0.0
Corynebacterium phocae,0.0
Corynebacterium mycetoides,0.0
Nitrospira moscoviensis,0.0
Corynebacterium falsenii,0.0
Methylobacterium sp. 17Sr1-43,0.0
Methylobacterium radiotolerans,0.0
Methylobacterium aquaticum,0.0
Methylibium petroleiphilum,0.0
Methylacidiphilum infernorum,0.0
Dolichospermum compactum,0.0
Dokdonella koreensis,0.0
Dinoroseobacter shibae,0.0
Edwardsiella ictaluri,0.0
Cyanobacterium aponinum,0.0
Ectothiorhodospira sp. BSL-9,0.0
Echinicola vietnamensis,0.0
Echinicola strongylocentroti,0.0
Dyella thiooxydans,0.0
Endomicrobium proavitum,0.0
Elizabethkingia ursingii,0.0
Eikenella corrodens,0.0
Thermoanaerobacterales bacterium SK-G1,0.0
Thermoanaerobacter siderophilus,0.0
Thermincola potens,0.0
Edwardsiella anguillarum,0.0
Micromonospora sp. B006,0.0
Micromonospora narathiwatensis,0.0
Methylophaga frappieri,0.0
Methylomonas denitrificans,0.0
Methylomonas clara,0.0
Methylocystis rosea,0.0
Methylocella silvestris,0.0
Micavibrio aeruginosavorus,0.0
Methylovorus sp. MP688,0.0
Methylobacterium sp. AMS5,0.0
Methylophilus sp. TWE2,0.0
Desulfurella acetivorans,0.0
Desulfovibrio sp. FW1012B,0.0
Desulfovibrio salexigens,0.0
Desulfovibrio magneticus,0.0
Desulfovibrio hydrothermalis,0.0
Desulfovibrio gigas,0.0
Diaphorobacter polyhydroxybutyrativorans,0.0
Dialister sp. Marseille-P5638,0.0
Desulfuromonas sp. DDH964,0.0
Methylorubrum zatmanii,0.0
Thermosynechococcus sp. NK55a,0.0
Megasphaera elsdenii,0.0
Massilia violaceinigra,0.0
Erwinia amylovora,0.0
Enterococcus faecium,0.0
Enterococcus faecalis,0.0
Mesorhizobium oceanicum,0.0
Mesorhizobium loti,0.0
Melioribacter roseus,0.0
Thermanaerovibrio velox,0.0
Meiothermus silvanus,0.0
Meiothermus ruber,0.0
Methanoculleus marisnigri,0.0
Methanocorpusculum labreanum,0.0
Methanocella conradii,0.0
Metallosphaera sedula,0.0
Mesotoga prima,0.0
Methylacidiphilum fumariolicum,0.0
Methanothrix soehngenii,0.0
Methanosarcina sp. MTP4,0.0
Melaminivora sp. SC2-9,0.0
Thermanaerovibrio acidaminovorans,0.0
Thermanaeromonas toyohensis,0.0
Thermacetogenium phaeum,0.0
Thermocrinis minervae,0.0
Thermococcus kodakarensis,0.0
Thermoclostridium stercorarium,0.0
Thermobaculum terrenum,0.0
Thermoanaerobacterium thermosaccharolyticum,0.0
Thermoanaerobacterium sp. RBIITD,0.0
Thermotoga maritima,0.0
Thermosediminibacter oceani,0.0
Thermoproteus uzoniensis,0.0
Thermoplasmatales archaeon BRNA1,0.0
Thermodesulfobium acidiphilum,0.0
Thermodesulfobacterium geofontis,0.0
Thermovirga lienii,0.0
Thermovibrio ammonificans,0.0
Thermotoga sp. RQ7,0.0
Thermotoga sp. 2812B,0.0
Thermotoga petrophila,0.0
Thermosynechococcus elongatus,0.0
Moorella thermoacetica,0.0
Moorea producens,0.0
Mollivirus sibericum,0.0
Desulfococcus multivorans,0.0
Desulfobacula toluolica,0.0
Desulfobacterium autotrophicum,0.0
Desulfitobacterium metallireducens,0.0
Desulfitobacterium hafniense,0.0
Desulfotalea psychrophila,0.0
Micromonospora zamorensis,0.0
Desulfosporosinus orientis,0.0
Desulfosporosinus acidiphilus,0.0
Desulfomonile tiedjei,0.0
Desulfomicrobium baculatum,0.0
Desulfohalobium retbaense,0.0
Desulfofarcimen acetoxidans,0.0
Morganella morganii,0.0
Desulfovibrio alaskensis,0.0
Desulfotomaculum ruminis,0.0
Desulfotomaculum reducens,0.0
Desulfosporosinus youngiae,0.0
Muricauda lutaonensis,0.0
Muribaculum intestinale,0.0
Murdochiella vaginalis,0.0
Mucinivorans hirudinis,0.0
Mucilaginibacter sp. HYN0043,0.0
Cytophagales bacterium TFI 002,0.0
Mycobacterium pseudoshottsii,0.0
Mycobacterium marinum,0.0
Mycobacterium liflandii,0.0
Dermatophilus congolensis,0.0
Dehalogenimonas lykanthroporepellens,0.0
Dehalococcoides mccartyi,0.0
Dehalobacter restrictus,0.0
Defluviimonas alba,0.0
Dactylococcopsis salina,0.0
Deinococcus puniceus,0.0
Deinococcus peraridilitoris,0.0
Deinococcus gobiensis,0.0
Deinococcus geothermalis,0.0
Desulfitobacterium dehalogenans,0.0
Deinococcus actinosclerus,0.0
Agrobacterium sp. H13-3,0.0
Aggregatibacter segnis,0.0
Agarivorans gilvus,0.0
Dickeya sp. DW 0440,0.0
Dickeya sp. CSL RW240,0.0
Dickeya solani,0.0
Dickeya fangzhongdai,0.0
Dickeya dadantii,0.0
Dickeya chrysanthemi,0.0
Desulfotomaculum nigrificans,0.0
Microbulbifer agarilyticus,0.0
Microbacterium sp. CGR1,0.0
Dickeya sp. Secpp 1600,0.0
Dickeya sp. NCPPB 3274,0.0
Micromonospora echinaurantiaca,0.0
Micromonospora coxensis,0.0
Micromonospora auratinigra,0.0
Micromonospora aurantiaca,0.0
Microcystis sp. MC19,0.0
Microcoleus sp. PCC 7113,0.0
Microbulbifer aggregans,0.0
Desulfotomaculum ferrireducens,0.0
Aeromicrobium erythreum,0.0
Aeromicrobium choanae,0.0
Aerococcaceae bacterium ZY16052,0.0
Thalassospira marina,0.0
Thalassolituus oleivorans,0.0
Tessaracoccus sp. T2.5-30,0.0
Tessaracoccus sp. Marseille-P5995,0.0
Aeromonas sp. ASNIH1,0.0
Thalassospira xiamenensis,0.0
Aeromonas caviae,0.0
Aeromicrobium sp. A1-2,0.0
Aeromicrobium sp. 592,0.0
Agarilytica rhodophyticola,0.0
Aeromonas veronii,0.0
Aeromonas sp. CU5,0.0
Aeromonas sp. ASNIH7,0.0
Aeromonas sp. ASNIH5,0.0
Aeromonas sp. ASNIH2,0.0
Thauera hydrothermalis,0.0
Aeromonas schubertii,0.0
Rhodopirellula baltica,-3.2990211185079946e-08
Bradyrhizobium oligotrophicum,-3.464094324723277e-08
Pseudomonas parafulva,-3.9404831708722555e-08
Halomonas sp. JS92-SW72,-4.3467401700247875e-08
Pseudomonas arsenicoxydans,-4.355433607106107e-08
Isosphaera pallida,-5.1648622156896806e-08
Altererythrobacter dongtanensis,-5.8569335581459826e-08
Microbacterium sp. str. 'China',-5.933648967726413e-08
Clostridioides difficile,-6.40602857870931e-08
Corynebacterium sp. 2183,-7.224217273282818e-08
Hymenobacter sp. APR13,-8.233699577697706e-08
Acidovorax sp. 1608163,-8.927944576964108e-08
Pseudomonas fulva,-9.190756171673087e-08
Verrucomicrobium spinosum,-9.626079291447099e-08
Hyphomicrobium nitrativorans,-9.722250602361981e-08
Streptomyces sp. Mg1,-1.0966541059698187e-07
Dehalobacterium formicoaceticum,-1.159485482071787e-07
Polynucleobacter necessarius,-1.2601399750344912e-07
Halioglobus japonicus,-1.2601399750344912e-07
Altererythrobacter atlanticus,-1.3232402005236565e-07
Burkholderia sp. NRF60-BP8,-1.323337594616447e-07
Neisseria elongata,-1.326536140044965e-07
Aggregatibacter actinomycetemcomitans,-1.4375986225889648e-07
Halomonas sp. 1513,-1.6882301803189393e-07
Marinithermus hydrothermalis,-1.7329059955883964e-07
Martelella endophytica,-1.7830521763517738e-07
Rhodobacteraceae bacterium,-1.7830521763517738e-07
Methanosphaerula palustris,-1.8051611274660929e-07
Acidihalobacter prosperus,-1.8447936775967121e-07
Brachybacterium sp. VR2415,-2.187188969715592e-07
Pseudomonas thivervalensis,-2.204962316731951e-07
Neisseria sp. 10023,-2.3690644905816073e-07
Synechococcus sp. PCC 6312,-2.4506331364193557e-07
Dietzia timorensis,-2.4548323480644284e-07
Thermodesulfovibrio yellowstonii,-2.6745782646386827e-07
[Mycobacterium] stephanolepidis,-2.8186594311918613e-07
Hyphomicrobium sp. MC1,-2.9691048626379056e-07
Corynebacterium kroppenstedtii,-3.0168205684688586e-07
Lysobacter antibioticus,-3.075977132560581e-07
Bordetella bronchialis,-3.429253276010513e-07
Bradyrhizobium sp. CCGE-LA001,-3.4522217255972266e-07
Fluoribacter dumoffii,-3.515795231612273e-07
Halomonas sp. GT,-3.52056216024188e-07
Azospirillum sp. CFH 70021,-3.571273776703521e-07
Acetobacter pomorum,-3.6417575743907804e-07
Nitrospira japonica,-3.68647189019633e-07
Mycetocola sp. 449,-3.6965578129599665e-07
Curtobacterium sp. MR_MD2014,-3.7794977321148336e-07
Muricauda ruestringensis,-3.8852262771449377e-07
Gordonia sp. 1D,-4.0397327665253614e-07
Natrinema sp. J7-2,-4.449695268027298e-07
Chamaesiphon minutus,-4.46812236276628e-07
Methylobacterium sp. C1,-4.46812236276628e-07
Verrucosispora maris,-4.5509590080872185e-07
Polaromonas sp. JS666,-4.5988611587777226e-07
Caldithrix abyssi,-4.772481523529492e-07
Rhodothermus marinus,-4.790754062566904e-07
Candidatus Koribacter versatilis,-4.812249156715964e-07
Candidatus Desulfovibrio trichonymphae,-5.002209191085072e-07
Acetobacter ghanensis,-5.017109459659608e-07
Streptomyces lunaelactis,-5.092695592789909e-07
Haloarcula hispanica,-5.287227900385715e-07
Bacillus safensis,-5.308868324949145e-07
Streptomyces katrae,-5.339888923705515e-07
Acidovorax sp. T1,-5.462191551286466e-07
Marinobacter sp. Arc7-DN-1,-5.50489228290374e-07
Streptomyces sp. CCM_MD2014,-5.54738050673187e-07
Desulfocapsa sulfexigens,-5.552729223534669e-07
Austwickia chelonae,-5.552729223534669e-07
Streptomyces formicae,-5.658816263354183e-07
Pirellula staleyi,-5.667575341705699e-07
Eggerthella sp. YY7918,-5.738759202733589e-07
Aminomonas paucivorans,-6.039810886093733e-07
Legionella fallonii,-6.27389725016414e-07
Polaribacter vadi,-6.27389725016414e-07
Lysobacter enzymogenes,-6.508104672287018e-07
Streptomyces pratensis,-6.866013862572018e-07
Pseudomonas sp. LTJR-52,-7.163910663132711e-07
Congregibacter litoralis,-7.94602297471414e-07
Kocuria flava,-7.95799356723137e-07
Haliangium ochraceum,-8.086635646886719e-07
Methyloceanibacter sp. wino2,-8.086635647108764e-07
Elusimicrobium minutum,-8.17096817451457e-07
Streptomyces sampsonii,-8.374358135831983e-07
Kitasatospora sp. MMS16-BH015,-8.500221607254943e-07
Pajaroellobacter abortibovis,-8.542798463517797e-07
Ornithobacterium rhinotracheale,-8.694494743055614e-07
Streptomyces leeuwenhoekii,-8.708427907677674e-07
Serinicoccus sp. JLT9,-8.857900275494046e-07
Celeribacter manganoxidans,-9.047041367615804e-07
Rhizobium phage 16-3,-9.050109879282786e-07
Chloroherpeton thalassium,-9.105988412638765e-07
Bosea sp. RAC05,-9.105988412638765e-07
Pedobacter sp. PACM 27299,-9.105988412638765e-07
Jiangella alkaliphila,-9.415022182102106e-07
Dietzia sp. oral taxon 368,-9.731983805938426e-07
Bacillus glycinifermentans,-1.0070588021271476e-06
Pseudopedobacter saltans,-1.0265426795941224e-06
Acidithiobacillus ferrooxidans,-1.035714424890699e-06
Anderseniella sp. Alg231-50,-1.0397840768838762e-06
Propionibacterium sp. oral taxon 193,-1.0434738120457255e-06
Brevibacillus formosus,-1.049565274868769e-06
Rhodococcus sp. 008,-1.0695169938346182e-06
Mordavella sp. Marseille-P3756,-1.1009330342259815e-06
Gemmata sp. SH-PL17,-1.114420688330675e-06
Rhodococcus jostii,-1.1252522960525368e-06
Cloacibacterium normanense,-1.1256648404067704e-06
Lysobacter maris,-1.1581902541690781e-06
Pseudomonas knackmussii,-1.1741627043759805e-06
Halobacterium hubeiense,-1.1778272962281732e-06
Streptomyces rubrolavendulae,-1.1778881816804088e-06
Shewanella denitrificans,-1.1938079575113393e-06
Synechococcus sp. WH 8020,-1.1938079575113393e-06
Deinococcus deserti,-1.2052889976077452e-06
Rhodospirillum rubrum,-1.2120788470015853e-06
Robiginitalea biformata,-1.2120788470237898e-06
Nitrosomonas communis,-1.2120788470237898e-06
Burkholderiales bacterium JOSHI_001,-1.2120788470237898e-06
Glutamicibacter halophytocola,-1.2120788470237898e-06
Sandaracinus amylolyticus,-1.2172465993387504e-06
Anaerolineaceae bacterium oral taxon 439,-1.2499363931439688e-06
Methanoculleus bourgensis,-1.292376043826593e-06
Ruegeria sp. TM1040,-1.3012314558302763e-06
Dichelobacter nodosus,-1.3012314558524806e-06
Enterobacter sp. E20,-1.3709065926903463e-06
Parasaccharibacter apium,-1.3758027226140611e-06
Synechococcus sp. CC9902,-1.445784750253587e-06
Moraxella bovoculi,-1.4501585714477017e-06
[Pseudomonas] mesoacidophila,-1.4573718206012387e-06
Aeromonas rivipollensis,-1.463194127171441e-06
Calothrix sp. NIES-2098,-1.4770170737588018e-06
Chromobacterium rhizoryzae,-1.4902231812774502e-06
Desulfovibrio africanus,-1.5513964065849707e-06
Streptomyces sp. TN58,-1.5747413778077757e-06
Streptomyces lincolnensis,-1.5822628969708318e-06
Bacillus circulans,-1.7003434905848992e-06
Bifidobacterium pseudocatenulatum,-1.7106326904325897e-06
Stenotrophomonas sp. ZAC14D2_NAIMI4_6,-1.714646265926767e-06
Citrobacter freundii complex sp. CFNIH9,-1.733294934269658e-06
Pseudogulbenkiania sp. NH8B,-1.7804322530290407e-06
Eubacterium callanderi,-1.7873643790800032e-06
Kytococcus sedentarius,-1.801991411953807e-06
Fischerella sp. NIES-4106,-1.8032283327640286e-06
Paraburkholderia phymatum,-1.8377439987560251e-06
Pseudomonas entomophila,-1.8471757283311519e-06
Candidatus Promineofilum breve,-1.8497106067272284e-06
Geminocystis herdmanii,-1.8527630337272783e-06
Methylomonas sp. DH-1,-1.8592142316142812e-06
Dietzia lutea,-1.8700720417097471e-06
archaeon AArc-Sl,-1.8958919149492103e-06
Pseudomonas sp. 02C 26,-1.916354680919774e-06
Allochromatium vinosum,-1.927649322497338e-06
Rhodospirillum centenum,-1.9288493047664447e-06
Corynebacterium camporealensis,-1.939927216110249e-06
Actinosynnema mirum,-1.9480814108963075e-06
Luteipulveratus mongoliensis,-1.970878682633348e-06
Halorhabdus utahensis,-2.007597347342127e-06
Halobacteriovorax sp. BALOs_7,-2.015205938432629e-06
Wolbachia endosymbiont of Drosophila melanogaster,-2.020743321939911e-06
Stenotrophomonas sp. WZN-1,-2.0328934480007276e-06
Vibrio cholerae,-2.035984351600462e-06
Verminephrobacter eiseniae,-2.116315901612431e-06
Deinococcus sp. NW-56,-2.120299853491936e-06
Alkalilimnicola ehrlichii,-2.125100488759024e-06
Nostoc linckia,-2.130388354171231e-06
Lacunisphaera limnophila,-2.153852796848987e-06
Pseudomonas sp. R4-35-07,-2.1829988167576532e-06
Nostoc sp. 'Lobaria pulmonaria (5183) cyanobiont',-2.18779883882636e-06
Wenzhouxiangella marina,-2.2015045098022767e-06
Rhodococcus hoagii,-2.2111055225648713e-06
Enterococcus sp. FDAARGOS_553,-2.216991481818198e-06
Gordonia bronchialis,-2.242620696923936e-06
Hymenobacter sp. PAMC 26554,-2.2598199202361615e-06
Pseudomonas sp. A214,-2.2721973953032658e-06
Clavibacter michiganensis,-2.2721973953254703e-06
Desulfovibrio piger,-2.2721973953254703e-06
Pseudomonas sp. 7SR1,-2.2721973953254703e-06
Devosia sp. I507,-2.3004157284622906e-06
Mariprofundus ferrinatatus,-2.3350050852188888e-06
Cyanobium sp. NIES-981,-2.3350050852188888e-06
Massilia sp. YMA4,-2.3432436563108893e-06
Actinoalloteichus hymeniacidonis,-2.3834870075623017e-06
Aeromonas sp. CA23,-2.396855730024683e-06
Nitrosomonas eutropha,-2.4079182303404777e-06
Sulfitobacter pseudonitzschiae,-2.4106266985679524e-06
Candidatus Symbiobacter mobilis,-2.41244958607556e-06
Pseudomonas lurida,-2.462374509093479e-06
Fibrella aestuarina,-2.46483257657637e-06
Clostridium estertheticum,-2.489856889953401e-06
Clostridium kluyveri,-2.489856889953401e-06
Neoasaia chiangmaiensis,-2.4902076902755255e-06
Streptomyces sp. GBA 94-10,-2.550429127801124e-06
Tessaracoccus flavescens,-2.558260617990804e-06
Brevundimonas naejangsanensis,-2.56490675256682e-06
Desulfurispirillum indicum,-2.569258204720981e-06
Thiomonas sp. X19,-2.625467629768785e-06
Pannonibacter phragmitetus,-2.6274250007007894e-06
endosymbiont of Acanthamoeba sp. UWC8,-2.6740314631901187e-06
Acidiphilium multivorum,-2.729065809892184e-06
Alicyclobacillus acidocaldarius,-2.730597054134698e-06
Verrucomicrobia bacterium IMCC26134,-2.7763503817279656e-06
Pseudomonas brenneri,-2.8065505908392297e-06
Calothrix sp. NIES-2100,-2.8589694793801357e-06
Streptomyces sp. Sge12,-2.867332035139114e-06
Nitrospirillum amazonense,-2.869928392512655e-06
Rhodovulum sp. MB263,-2.8719795407861072e-06
Geobacter sp. DSM 9736,-2.9002386474852316e-06
Burkholderia sp. CCGE1001,-2.901553226619669e-06
Thermotoga caldifontis,-2.9279781814439686e-06
Rhodobacter sp. LPB0142,-2.928160902748722e-06
Devosia sp. H5989,-2.928160902748722e-06
Candidatus Filomicrobium marinum,-2.928160902748722e-06
Paracoccus aminovorans,-2.928160902748722e-06
Methylobacterium sp. 17Sr1-1,-2.928160902748722e-06
Magnetospirillum sp. ME-1,-2.928160902748722e-06
Labrenzia aggregata,-2.928160902748722e-06
Methylomicrobium alcaliphilum,-2.956750993621249e-06
Tumebacillus avium,-2.970355282516657e-06
Sphingopyxis granuli,-2.9773300629143406e-06
Methylocaldum marinum,-2.978400165010164e-06
Celeribacter indicus,-2.9869773537694043e-06
Immundisolibacter cernigliae,-3.0209479641163384e-06
Oceanithermus profundus,-3.0338234627835803e-06
Zhongshania aliphaticivorans,-3.047930283450739e-06
Rhodobiaceae bacterium,-3.0673490703847505e-06
Azoarcus sp. DN11,-3.0807347933814455e-06
Jannaschia sp. CCS1,-3.1082057488251992e-06
Corynebacterium aquilae,-3.1082057488251992e-06
Candidatus Methylopumilus turicensis,-3.126650675366882e-06
Sulfurospirillum cavolei,-3.184707602787995e-06
Sphingomonas sanxanigenens,-3.225724477440295e-06
Mycobacterium intracellulare,-3.2261059379923298e-06
Arcanobacterium haemolyticum,-3.240354642075616e-06
Brachybacterium faecium,-3.2511095468645833e-06
Aquaspirillum sp. LM1,-3.311800686489619e-06
Propionibacterium acidifaciens,-3.319722204198072e-06
Microterricola viridarii,-3.326407895754002e-06
Brucella sp. 09RB8910,-3.330237042353801e-06
Salinarchaeum sp. Harcht-Bsk1,-3.3379980915571037e-06
Pseudomonas moraviensis,-3.3568890454027667e-06
Azoarcus olearius,-3.3687787145852967e-06
Saprospira grandis,-3.3687787145852967e-06
Plantactinospora sp. BB1,-3.389509248519218e-06
Confluentimicrobium sp. EMB200-NS6,-3.4769240307763737e-06
Tatumella ptyseos,-3.519525523132394e-06
Hoyosella subflava,-3.5246424998414127e-06
Pseudoalteromonas rubra,-3.57490155651341e-06
Sodalis praecaptivus,-3.6072038767098746e-06
Actinoplanes teichomyceticus,-3.661029974377783e-06
Aeromonas salmonicida,-3.7011085557869807e-06
Komagataeibacter europaeus,-3.7307067595193644e-06
Methyloversatilis sp. RAC08,-3.7889328134532717e-06
Thioalkalivibrio sp. K90mix,-3.808953332362641e-06
Bradyrhizobium diazoefficiens,-3.839978655428844e-06
Chondromyces crocatus,-3.866021801912645e-06
Chlorobaculum parvum,-3.884826435829325e-06
Thioalkalivibrio versutus,-3.901105664505522e-06
Chitinophaga sp. MD30,-3.906601363756756e-06
Halomonas hydrothermalis,-3.967149422035021e-06
Alcanivorax xenomutans,-3.968486384642311e-06
Kyrpidia tusciae,-3.982207931052529e-06
Burkholderia sp. PAMC 28687,-4.015663695899896e-06
Polymorphum gilvum,-4.08376059028992e-06
Rhizobium sp. IRBG74,-4.108761210463996e-06
Geobacter sp. M21,-4.1460946405003085e-06
Streptomyces albidoflavus,-4.175243867621248e-06
Corynebacterium urealyticum,-4.236793402889738e-06
Streptomyces sp. SAT1,-4.253554381583591e-06
Mycobacterium sp. MOTT36Y,-4.275698899691705e-06
Sphingomonas indica,-4.282932689214647e-06
Kiritimatiella glycovorans,-4.302583294024665e-06
Komagataeibacter hansenii,-4.321296515574779e-06
Corynebacterium efficiens,-4.336991241027377e-06
Pseudomonas citronellolis,-4.34868781855613e-06
Natrialba magadii,-4.359325680347581e-06
Phycicoccus dokdonensis,-4.363064273937844e-06
Pseudomonas extremaustralis,-4.379083290872998e-06
Streptomyces ambofaciens,-4.387985236564695e-06
Streptomyces antibioticus,-4.389727841824787e-06
Arthrobacter sp. ZXY-2,-4.4032824674689055e-06
Pseudomonas savastanoi,-4.41558013128951e-06
Campylobacter gracilis,-4.454851399993132e-06
Shewanella sp. FDAARGOS_354,-4.491704952780395e-06
Polynucleobacter acidiphobus,-4.491704952780395e-06
Bordetella sp. HZ20,-4.5804022572815125e-06
Dickeya zeae,-4.634065245801011e-06
Hymenobacter sedentarius,-4.638802320511281e-06
Serratia sp. MYb239,-4.668715711209081e-06
Leptospirillum sp. Group II 'CF-1',-4.771053639429646e-06
Streptomyces davaonensis,-4.79465521350253e-06
Azoarcus sp. SY39,-4.802688661609267e-06
Desulfatibacillum alkenivorans,-4.802688661609267e-06
Hahella chejuensis,-4.802688661609267e-06
Halomicronema hongdechloris,-4.802688661609267e-06
Ferrimonas balearica,-4.802688661609267e-06
Mixta gaviniae,-4.802688661609267e-06
Rhodococcus qingshengii,-4.823599298697801e-06
Thalassococcus sp. SH-1,-4.824570478212387e-06
Candidatus Nitrospira inopinata,-4.849448216748265e-06
Gordonia sp. KTR9,-4.866471389886051e-06
Arthrobacter sp. YC-RL1,-4.874767801799074e-06
Pseudomonas sp. XWY-1,-4.8813732991703775e-06
Niabella ginsenosidivorans,-4.924297971586889e-06
Xanthomonas euvesicatoria,-4.943366841203556e-06
Rhodoferax koreense,-4.998067688477548e-06
Martelella sp. AD-3,-5.025752930154503e-06
Erythrobacter flavus,-5.057986070977627e-06
Psychrobacter sp. AntiMn-1,-5.086265732145989e-06
Pelobacter sp. SFB93,-5.098091851807318e-06
Pelobacter carbinolicus,-5.106387311348825e-06
Acidimicrobium ferrooxidans,-5.1536282403175095e-06
Maricaulis maris,-5.1630693609361344e-06
Haloterrigena turkmenica,-5.1630693609361344e-06
Streptomyces glaucescens,-5.194268929287205e-06
Polynucleobacter asymbioticus,-5.2516338371777495e-06
Aeromonas sp. ASNIH3,-5.267466637670637e-06
Microbulbifer thermotolerans,-5.329512601481845e-06
Geobacter uraniireducens,-5.418186740113739e-06
Paenibacillus sp. RUD330,-5.420502184949605e-06
Nonlabens spongiae,-5.4308687652104835e-06
Deinococcus irradiatisoli,-5.440398764533505e-06
Magnetospira sp. QH-2,-5.456980610119011e-06
Streptomyces sp. 2114.2,-5.524557473379765e-06
Renibacterium salmoninarum,-5.5593736427939074e-06
Geitlerinema sp. PCC 7407,-5.604510948242769e-06
Burkholderia dolosa,-5.646004628356849e-06
Cellulomonas fimi,-5.720982998469459e-06
Novosphingobium sp. PP1Y,-5.802099413076967e-06
Pseudomonas pseudoalcaligenes,-5.858055371876781e-06
Petrimonas mucosa,-5.937489703033982e-06
Chelativorans sp. BNC1,-6.048487896204158e-06
Mesorhizobium sp. WSM1497,-6.0973162640642896e-06
Thauera humireducens,-6.17720709823466e-06
Nitrosococcus oceani,-6.247743425658037e-06
Nitrosomonas europaea,-6.253192814420494e-06
Desulfovibrio fairfieldensis,-6.289415206639504e-06
Hyphomonas neptunium,-6.293576636728915e-06
Frondihabitans sp. PAMC 28766,-6.293576636728915e-06
Halohasta litchfieldiae,-6.293576636728915e-06
Candidatus Nanopelagicus hibericus,-6.293576636728915e-06
Natronobacterium gregoryi,-6.293576636728915e-06
Corynebacterium genitalium,-6.293576636728915e-06
Streptacidiphilus sp. DSM 106435,-6.317314851655987e-06
Gramella sp. MAR_2010_147,-6.357388190791901e-06
Corynebacterium testudinoris,-6.411322613497638e-06
Leclercia sp. LSNIH3,-6.4196784178571775e-06
Chromobacterium vaccinii,-6.50146008511765e-06
Haloplanus sp. CBA1113,-6.51082127136604e-06
Granulosicoccus antarcticus,-6.648379874030219e-06
Actinomyces sp. oral taxon 414,-6.659921220286691e-06
Desulfovibrio sp. G11,-6.671928314627706e-06
Luteimonas sp. JM171,-6.6825484479338115e-06
Deinococcus ficus,-6.695186610339299e-06
Opitutus sp. GAS368,-6.725206818103402e-06
Synechococcus sp. KORDI-52,-6.740602340293833e-06
Rahnella sp. Y9602,-6.8098288462659085e-06
Rhodococcus fascians,-6.926614651581175e-06
Slackia heliotrinireducens,-6.970035072972891e-06
Leptospira alstonii,-7.023489638791069e-06
Bordetella hinzii,-7.060161518701591e-06
Methanocella arvoryzae,-7.083991673240142e-06
Plantibacter flavus,-7.129159148111519e-06
Mycobacterium haemophilum,-7.1561100437822486e-06
Streptomyces lydicus,-7.224000059302682e-06
Burkholderia sp. MSMB1588,-7.251013915787752e-06
Paenibacillus terrae,-7.253470629708935e-06
Streptomyces sp. CNQ-509,-7.3706925785232965e-06
Microvirgula aerodenitrificans,-7.3987402730013585e-06
Jeongeupia sp. USM3,-7.4405862037218995e-06
Cupriavidus gilardii,-7.444276135615269e-06
Pseudomonas kribbensis,-7.512018814481714e-06
Bosea sp. PAMC 26642,-7.54634793471709e-06
Geobacter pickeringii,-7.552233667551533e-06
Psychromicrobium lacuslunae,-7.701266676529705e-06
Singulisphaera acidiphila,-7.744080789517938e-06
Microbulbifer sp. A4B17,-7.746527764962429e-06
Halobacillus halophilus,-7.758149861025742e-06
Chloracidobacterium thermophilum,-7.803272750939172e-06
Pontibacter akesuensis,-7.8065832896268e-06
Vibrio diabolicus,-8.028926562198001e-06
Paraoerskovia marina,-8.064218227921139e-06
Burkholderia sp. BDU6,-8.119481895985103e-06
Epibacterium mobile,-8.130617284241026e-06
Xanthomonas vesicatoria,-8.140974490489229e-06
Kangiella koreensis,-8.155904047368878e-06
Brevundimonas sp. DS20,-8.155904047368878e-06
Dickeya paradisiaca,-8.190159696952471e-06
Marinobacter sp. BSs20148,-8.26134811700019e-06
Zhihengliuella sp. ISTPL4,-8.275068003382735e-06
Phoenicibacter massiliensis,-8.277572248549525e-06
Paraburkholderia phenoliruptrix,-8.325478824988686e-06
Eggerthella lenta,-8.382409458373984e-06
Pseudomonas sihuiensis,-8.551281198099226e-06
Acidovorax ebreus,-8.553290361801302e-06
Blautia hansenii,-8.649057452747578e-06
Pseudomonas sp. CMR5c,-8.871467769600017e-06
Corynebacterium riegelii,-8.963254808525e-06
Aquimarina sp. AD1,-8.978334540343803e-06
Pseudomonas sp. HLS-6,-8.991702264471434e-06
Streptococcus pneumoniae,-9.100666338701658e-06
Rhodococcus biphenylivorans,-9.106940743253134e-06
Rhizobacter gummiphilus,-9.183653708766392e-06
Xanthomonas arboricola,-9.307010220860334e-06
Chloroflexus aggregans,-9.360245747336294e-06
Paenibacillus sp. 32O-W,-9.54040659866262e-06
Rhodococcus aetherivorans,-9.731464913476095e-06
Thermus oshimai,-9.731464913476095e-06
Paracoccus sp. SC2-6,-9.739747752823825e-06
Xanthobacter autotrophicus,-9.851392415716198e-06
Trichormus azollae,-9.898871394509178e-06
Caulobacter mirabilis,-9.90547815882259e-06
Vibrio nigripulchritudo,-1.0083798062998639e-05
Methylobacterium sp. 4-46,-1.009770112831987e-05
Citrobacter freundii,-1.0362835753241485e-05
Enterobacteriaceae bacterium ENNIH1,-1.0362835753241485e-05
Eubacterium limosum,-1.0433076538607366e-05
Arthrobacter sp. PGP41,-1.0511431105197921e-05
Paraburkholderia phytofirmans,-1.0666943384207706e-05
Burkholderia anthina,-1.0814357355637405e-05
Fibrobacter succinogenes,-1.0980131767501788e-05
Chryseobacterium sp. T16E-39,-1.1082596740941143e-05
Nitratifractor salsuginis,-1.1236360530952893e-05
Sulfuriferula sp. AH1,-1.1340473995735678e-05
Kosakonia cowanii,-1.1352237014028432e-05
Zoogloeaceae bacteirum Par-f-2,-1.1490378855305572e-05
Escherichia fergusonii,-1.1725168706466783e-05
Bdellovibrio exovorus,-1.1878154762845484e-05
Sulfuricurvum kujiense,-1.193037839950506e-05
Lactobacillus crispatus,-1.2001254858562405e-05
Xenorhabdus nematophila,-1.207308261774731e-05
Acinetobacter junii,-1.2283817036329303e-05
Pseudonocardia sp. AL041005-10,-1.2383271565341581e-05
Desulfobacca acetoxidans,-1.2401740047685017e-05
Gilvibacter sp. SZ-19,-1.2476539916050911e-05
Capnocytophaga ochracea,-1.260074382654075e-05
Paenibacillus larvae,-1.2604296362894728e-05
Sphingobium sp. EP60837,-1.2632261771994279e-05
Rhodobacter capsulatus,-1.2723518915125354e-05
Rhodobacter sp. CZR27,-1.2812504341441767e-05
Mycolicibacterium gilvum,-1.28157975302301e-05
Lactobacillus curvatus,-1.2988225889021265e-05
Cohaesibacter sp. ES.047,-1.3007489035188336e-05
Brevundimonas diminuta,-1.3123576782314572e-05
Paraburkholderia terrae,-1.325362270170327e-05
Candidatus Aquiluna sp. UB-MaderosW2red,-1.3493060199110119e-05
Vibrio vulnificus,-1.361003276585393e-05
Altererythrobacter marensis,-1.3708052534333603e-05
Gryllotalpicola sp. 2DFW10M-5,-1.3913093261863629e-05
Paludisphaera borealis,-1.447462298769242e-05
Bordetella genomosp. 9,-1.452666433015004e-05
Pandoraea sputorum,-1.4668591221789207e-05
Prosthecochloris sp. CIB 2401,-1.5057908949112075e-05
Natronomonas moolapensis,-1.525798257024924e-05
Acidithiobacillus caldus,-1.534506019038595e-05
Geobacter bemidjiensis,-1.590839985985415e-05
Pseudomonas sp. LPH1,-1.6020168471242435e-05
Zunongwangia profunda,-1.61839544606579e-05
Acidiferrobacter sp. SPIII_3,-1.6347916931080954e-05
Acidaminococcus fermentans,-1.6557039522568928e-05
Labrenzia sp. VG12,-1.6584126226826255e-05
Roseateles depolymerans,-1.6666384560037883e-05
Selenomonas ruminantium,-1.6853669185068475e-05
Staphylococcus aureus,-1.727995754230438e-05
Pandoraea oxalativorans,-1.7456757469447304e-05
Clostridium saccharobutylicum,-1.7549195045973853e-05
Draconibacterium orientale,-1.7964547719673262e-05
Sphingopyxis alaskensis,-1.8417851788887772e-05
Streptomyces phage phiSASD1,-1.85922156125784e-05
Tatumella citrea,-1.8768238312505404e-05
Flavobacterium johnsoniae,-1.8793518599125036e-05
Deinococcus radiodurans,-1.9001843492261196e-05
Bacillus pseudofirmus,-1.9065253063277332e-05
Shimwellia blattae,-1.9634779708699314e-05
Mycobacterium leprae,-1.976498788469616e-05
Komagataeibacter xylinus,-1.9969961284971306e-05
Burkholderia pseudomultivorans,-2.07853154445381e-05
Altererythrobacter sp. B11,-2.111947719627416e-05
Enterobacter hormaechei,-2.1440476169853894e-05
Cloacibacillus porcorum,-2.1496502826567898e-05
Bacillus cellulosilyticus,-2.197573084625759e-05
Starkeya novella,-2.1993350531768208e-05
Chlorobaculum tepidum,-2.2212233119422996e-05
Pseudonocardia sp. HH130630-07,-2.2486517251807393e-05
Halogeometricum borinquense,-2.2702477715341728e-05
Chryseobacterium indoltheticum,-2.270947809279722e-05
Streptomyces nigra,-2.4302659438069084e-05
Filimonas lacunae,-2.569943416510512e-05
Sinorhizobium medicae,-2.5905687083649375e-05
Enterobacter asburiae,-2.6673814595401522e-05
Rhodococcus sp. PBTS 1,-2.8094800754474568e-05
Paucibacter sp. KCTC 42545,-2.839740988096473e-05
Flavobacterium sp. HYN0056,-3.0094749607134652e-05
Azotobacter vinelandii,-3.1255144141817404e-05
Dickeya sp. MK7,-3.1452367771533926e-05
Pseudoclostridium thermosuccinogenes,-3.2128126677255506e-05
Caulobacter segnis,-3.4631446163624344e-05
Bradyrhizobium lablabi,-3.5040878552305975e-05
Cronobacter universalis,-3.544753353550423e-05
Oscillibacter sp. PEA192,-3.831688156763491e-05
Bifidobacterium dentium,-3.8811942912442277e-05
Rhizobium sp. Y9,-4.0779441332827736e-05
Selenomonas sp. oral taxon 920,-4.202414325196191e-05
Novosphingobium aromaticivorans,-4.2880788380128544e-05
Actinoplanes derwentensis,-4.4448370531213756e-05
Pseudoxanthomonas suwonensis,-4.6596855856329e-05
Desulfobulbus sp. ORNL,-4.6621698942050924e-05
Bacillus filamentosus,-5.065943465965006e-05
chem__Zn (Mehlich 1 mg/kg dry weight),-5.8538067626479064e-05
