config_id,mi_k,reduction,n_components,w_mg,model,metabolite,r2,rmse,mae,n_samples,n_features,n_mg_features,n_soil_features
C000,300,sparsepca,50,0.6,rf_strong,C18_negative|IK:AIONOLUJZLIMTK-UHFFFAOYSA-N,0.4701815514436408,4.2269622882785525,3.1472385299141883,105,3059,3039,20
C000,300,sparsepca,50,0.6,rf_strong,C18_negative|IK:BJRNKVDFDLYUGJ-RMPHRYRLSA-N,0.3071207195753973,5.051385950336649,4.417631472016588,105,3059,3039,20
C000,300,sparsepca,50,0.6,rf_strong,C18_negative|IK:CKEXCBVNKRHAMX-UHFFFAOYSA-N,0.3157249880176417,4.455283486342097,3.625469780372785,105,3059,3039,20
C000,300,sparsepca,50,0.6,rf_strong,C18_negative|IK:GHOKWGTUZJEAQD-UHFFFAOYSA-N,0.3439890998077159,4.609323086522972,3.764943046361666,105,3059,3039,20
C000,300,sparsepca,50,0.6,rf_strong,C18_negative|IK:GUNGQVJAKLIYDG-JXMROGBWSA-N,0.3683464254332306,3.990524076719315,2.984646062275106,105,3059,3039,20
C000,300,sparsepca,50,0.6,rf_strong,C18_negative|IK:GYUCMTKUEQLBJW-UHFFFAOYSA-N,0.4231037097501853,3.65678954631311,2.4863612928138035,105,3059,3039,20
C000,300,sparsepca,50,0.6,rf_strong,C18_negative|IK:KDYFGRWQOYBRFD-UHFFFAOYSA-N,0.3429635605976705,4.752919089386928,3.538614641226823,105,3059,3039,20
C000,300,sparsepca,50,0.6,rf_strong,C18_negative|IK:LTSJJOKAWSCMBC-UHFFFAOYSA-N,0.452843487053753,3.970869164137085,3.14892022638142,105,3059,3039,20
C000,300,sparsepca,50,0.6,rf_strong,C18_negative|IK:NGFMICBWJRZIBI-UHFFFAOYSA-N,0.4009438125207355,1.344299875692898,1.135273552082913,105,3059,3039,20
C000,300,sparsepca,50,0.6,rf_strong,C18_negative|IK:OKVJCVWFVRATSG-UHFFFAOYSA-N,0.3093659890399081,4.967710858414379,3.990057037137987,105,3059,3039,20
C000,300,sparsepca,50,0.6,rf_strong,C18_negative|IK:RGHHSNMVTDWUBI-UHFFFAOYSA-N,0.6958272365644098,3.6160528667180527,2.489874943107589,105,3059,3039,20
C000,300,sparsepca,50,0.6,rf_strong,C18_negative|IK:UGAGPNKCDRTDHP-UHFFFAOYSA-N,0.2826274221412744,4.874151088756853,3.8950669545412775,105,3059,3039,20
C000,300,sparsepca,50,0.6,rf_strong,C18_negative|IK:WLJVXDMOQOGPHL-UHFFFAOYSA-N,0.5987318612570797,3.5520248095303275,2.484232868462508,105,3059,3039,20
C000,300,sparsepca,50,0.6,rf_strong,C18_negative|IK:ZWNLSRDFHQCTQW-UHFFFAOYSA-N,0.3420521966484544,4.494483654146975,3.5297694961537784,105,3059,3039,20
C000,300,sparsepca,50,0.6,rf_strong,C18_positive|IK:GHOKWGTUZJEAQD-UHFFFAOYSA-N,0.3525911744405199,4.649653487865049,3.701105821245904,105,3059,3039,20
C000,300,sparsepca,50,0.6,rf_strong,C18_positive|IK:GUMFPOIJOXLCLA-JKSUJKDBSA-N,0.4571229046798809,3.4497395458148232,2.3749526864632022,105,3059,3039,20
C000,300,sparsepca,50,0.6,rf_strong,C18_positive|IK:IBMRTYCHDPMBFN-UHFFFAOYSA-N,0.3664574107111225,4.51488358830758,3.54414473783485,105,3059,3039,20
C000,300,sparsepca,50,0.6,rf_strong,C18_positive|IK:LVGKNOAMLMIIKO-QXMHVHEDSA-N,0.5160055804129986,3.473163493455249,2.3481988291559994,105,3059,3039,20
C000,300,sparsepca,50,0.6,rf_strong,C18_positive|IK:LWYJCVVIVLBLID-UHFFFAOYSA-N,0.3024765537312789,5.171658735654082,4.391130957177727,105,3059,3039,20
C000,300,sparsepca,50,0.6,rf_strong,C18_positive|IK:MBIZFBDREVRUHY-UHFFFAOYSA-N,0.3976078837061082,4.55004256790332,3.643589248841324,105,3059,3039,20
C000,300,sparsepca,50,0.6,rf_strong,C18_positive|IK:MECHNRXZTMCUDQ-UHFFFAOYSA-N,0.4875405986361666,4.291205740108445,3.143472755374907,105,3059,3039,20
C000,300,sparsepca,50,0.6,rf_strong,C18_positive|IK:OVASVJPBDPJABT-UHFFFAOYSA-N,0.3402193413997144,4.391519871899274,3.2293776927057056,105,3059,3039,20
C000,300,sparsepca,50,0.6,rf_strong,C18_positive|IK:OYTCZOJKXCTBHG-UHFFFAOYSA-N,0.4060161810944792,3.806662428270589,2.760460493933518,105,3059,3039,20
C000,300,sparsepca,50,0.6,rf_strong,C18_positive|IK:PUQSUZTXKPLAPR-UJPOAAIJSA-N,0.2918350468927563,5.316557448946027,4.541566879566684,105,3059,3039,20
C000,300,sparsepca,50,0.6,rf_strong,C18_positive|IK:WCGUUGGRBIKTOS-UHFFFAOYSA-N,0.3264500925772643,5.266247866601069,4.131145740299445,105,3059,3039,20
C000,300,sparsepca,50,0.6,rf_strong,C18_positive|NAME:,0.3455244860022568,0.5383582085294771,0.4361488823234268,105,3059,3039,20
C000,300,sparsepca,50,0.6,rf_strong,HILICZ_negative|IK:LWYJCVVIVLBLID-UHFFFAOYSA-N,0.331933437624882,5.590300904152015,4.686780721889742,105,3059,3039,20
C000,300,sparsepca,50,0.6,rf_strong,HILICZ_negative|IK:QZZGJDVWLFXDLK-UHFFFAOYSA-N,0.3159203591051823,5.129302501621241,4.223729401642244,105,3059,3039,20
C000,300,sparsepca,50,0.6,rf_strong,HILICZ_positive|IK:OYTCZOJKXCTBHG-UHFFFAOYSA-N,0.4457551418899905,4.872562878887292,3.5940059655073,105,3059,3039,20
C000,300,sparsepca,50,0.6,rf_strong,HILICZ_positive|IK:XPCTZQVDEJYUGT-UHFFFAOYSA-N,0.3631191095720084,5.271315902380107,4.07754434651873,105,3059,3039,20
C001,300,sparsepca,50,0.7,rf_strong,C18_negative|IK:AIONOLUJZLIMTK-UHFFFAOYSA-N,0.4800479031168692,4.187419796567092,3.082216876993669,105,3059,3039,20
C001,300,sparsepca,50,0.7,rf_strong,C18_negative|IK:BJRNKVDFDLYUGJ-RMPHRYRLSA-N,0.3205938765220034,5.002032315121958,4.347418641318547,105,3059,3039,20
C001,300,sparsepca,50,0.7,rf_strong,C18_negative|IK:CKEXCBVNKRHAMX-UHFFFAOYSA-N,0.3261423377028757,4.4212399754319085,3.562148536512792,105,3059,3039,20
C001,300,sparsepca,50,0.7,rf_strong,C18_negative|IK:GHOKWGTUZJEAQD-UHFFFAOYSA-N,0.3508629161160937,4.585110779375283,3.700020699819412,105,3059,3039,20
C001,300,sparsepca,50,0.7,rf_strong,C18_negative|IK:GUNGQVJAKLIYDG-JXMROGBWSA-N,0.3681007797303758,3.991299944889759,2.96779597221413,105,3059,3039,20
C001,300,sparsepca,50,0.7,rf_strong,C18_negative|IK:GYUCMTKUEQLBJW-UHFFFAOYSA-N,0.4179032195685587,3.673234817893063,2.487657605485746,105,3059,3039,20
C001,300,sparsepca,50,0.7,rf_strong,C18_negative|IK:KDYFGRWQOYBRFD-UHFFFAOYSA-N,0.3504928319754926,4.725607718870738,3.474946052738515,105,3059,3039,20
C001,300,sparsepca,50,0.7,rf_strong,C18_negative|IK:LTSJJOKAWSCMBC-UHFFFAOYSA-N,0.4568541717711871,3.956289061581671,3.1465117958008872,105,3059,3039,20
C001,300,sparsepca,50,0.7,rf_strong,C18_negative|IK:NGFMICBWJRZIBI-UHFFFAOYSA-N,0.4054204792609966,1.3392675700689674,1.130953808505034,105,3059,3039,20
C001,300,sparsepca,50,0.7,rf_strong,C18_negative|IK:OKVJCVWFVRATSG-UHFFFAOYSA-N,0.2941909563795353,5.021991098724278,4.013598515206056,105,3059,3039,20
C001,300,sparsepca,50,0.7,rf_strong,C18_negative|IK:RGHHSNMVTDWUBI-UHFFFAOYSA-N,0.6989393325754121,3.597506767469945,2.44289350471774,105,3059,3039,20
C001,300,sparsepca,50,0.7,rf_strong,C18_negative|IK:UGAGPNKCDRTDHP-UHFFFAOYSA-N,0.2827931031539018,4.873588200694474,3.8589865515220017,105,3059,3039,20
C001,300,sparsepca,50,0.7,rf_strong,C18_negative|IK:WLJVXDMOQOGPHL-UHFFFAOYSA-N,0.604293463401766,3.527323273801852,2.4329012740178926,105,3059,3039,20
C001,300,sparsepca,50,0.7,rf_strong,C18_negative|IK:ZWNLSRDFHQCTQW-UHFFFAOYSA-N,0.3480262547306144,4.474032538085587,3.497110532224984,105,3059,3039,20
C001,300,sparsepca,50,0.7,rf_strong,C18_positive|IK:GHOKWGTUZJEAQD-UHFFFAOYSA-N,0.3515784392938219,4.653288769970913,3.667704490643085,105,3059,3039,20
C001,300,sparsepca,50,0.7,rf_strong,C18_positive|IK:GUMFPOIJOXLCLA-JKSUJKDBSA-N,0.4344819395843817,3.520941322509038,2.430077389516903,105,3059,3039,20
C001,300,sparsepca,50,0.7,rf_strong,C18_positive|IK:IBMRTYCHDPMBFN-UHFFFAOYSA-N,0.36485991984846,4.520572191185501,3.5163186545332783,105,3059,3039,20
C001,300,sparsepca,50,0.7,rf_strong,C18_positive|IK:LVGKNOAMLMIIKO-QXMHVHEDSA-N,0.5128091768658551,3.4846133806289665,2.3517303280995074,105,3059,3039,20
C001,300,sparsepca,50,0.7,rf_strong,C18_positive|IK:LWYJCVVIVLBLID-UHFFFAOYSA-N,0.2979976194884167,5.188236281587549,4.402334777595756,105,3059,3039,20
C001,300,sparsepca,50,0.7,rf_strong,C18_positive|IK:MBIZFBDREVRUHY-UHFFFAOYSA-N,0.3934819319120554,4.565598233050224,3.621037500580777,105,3059,3039,20
C001,300,sparsepca,50,0.7,rf_strong,C18_positive|IK:MECHNRXZTMCUDQ-UHFFFAOYSA-N,0.487125617591437,4.29294286179369,3.1202515327354936,105,3059,3039,20
C001,300,sparsepca,50,0.7,rf_strong,C18_positive|IK:OVASVJPBDPJABT-UHFFFAOYSA-N,0.3315723646992883,4.420203465468479,3.20788812547844,105,3059,3039,20
C001,300,sparsepca,50,0.7,rf_strong,C18_positive|IK:OYTCZOJKXCTBHG-UHFFFAOYSA-N,0.4178946077886343,3.768407588481392,2.7178350013823502,105,3059,3039,20
C001,300,sparsepca,50,0.7,rf_strong,C18_positive|IK:PUQSUZTXKPLAPR-UJPOAAIJSA-N,0.2871420586073637,5.3341446943289,4.533925181510354,105,3059,3039,20
C001,300,sparsepca,50,0.7,rf_strong,C18_positive|IK:WCGUUGGRBIKTOS-UHFFFAOYSA-N,0.3160414864887604,5.306782467977988,4.166339538511997,105,3059,3039,20
C001,300,sparsepca,50,0.7,rf_strong,C18_positive|NAME:,0.3436037383489475,0.539147613690508,0.4347603576565182,105,3059,3039,20
C001,300,sparsepca,50,0.7,rf_strong,HILICZ_negative|IK:LWYJCVVIVLBLID-UHFFFAOYSA-N,0.3330869895098544,5.58547242697504,4.667882602938626,105,3059,3039,20
C001,300,sparsepca,50,0.7,rf_strong,HILICZ_negative|IK:QZZGJDVWLFXDLK-UHFFFAOYSA-N,0.3171451211389272,5.124708746028436,4.194475719249041,105,3059,3039,20
C001,300,sparsepca,50,0.7,rf_strong,HILICZ_positive|IK:OYTCZOJKXCTBHG-UHFFFAOYSA-N,0.4473275036942991,4.865646375168007,3.558992722271106,105,3059,3039,20
C001,300,sparsepca,50,0.7,rf_strong,HILICZ_positive|IK:XPCTZQVDEJYUGT-UHFFFAOYSA-N,0.3694536161648991,5.245035769247853,4.036522273802217,105,3059,3039,20
C002,300,sparsepca,50,0.8,rf_strong,C18_negative|IK:AIONOLUJZLIMTK-UHFFFAOYSA-N,0.4873834937072887,4.157776383621522,3.020204818344288,105,3059,3039,20
C002,300,sparsepca,50,0.8,rf_strong,C18_negative|IK:BJRNKVDFDLYUGJ-RMPHRYRLSA-N,0.3310750702985393,4.963299190852557,4.277205810620505,105,3059,3039,20
C002,300,sparsepca,50,0.8,rf_strong,C18_negative|IK:CKEXCBVNKRHAMX-UHFFFAOYSA-N,0.3325835256113929,4.400058634501318,3.498827292652797,105,3059,3039,20
C002,300,sparsepca,50,0.8,rf_strong,C18_negative|IK:GHOKWGTUZJEAQD-UHFFFAOYSA-N,0.3533052208582492,4.576477171032207,3.635098353277157,105,3059,3039,20
C002,300,sparsepca,50,0.8,rf_strong,C18_negative|IK:GUNGQVJAKLIYDG-JXMROGBWSA-N,0.3650049264038297,4.001065253425874,2.950945882153154,105,3059,3039,20
C002,300,sparsepca,50,0.8,rf_strong,C18_negative|IK:GYUCMTKUEQLBJW-UHFFFAOYSA-N,0.4098471449074722,3.698565803552152,2.4889539181576885,105,3059,3039,20
C002,300,sparsepca,50,0.8,rf_strong,C18_negative|IK:KDYFGRWQOYBRFD-UHFFFAOYSA-N,0.3527197696386822,4.7174995175216266,3.4112774642502077,105,3059,3039,20
C002,300,sparsepca,50,0.8,rf_strong,C18_negative|IK:LTSJJOKAWSCMBC-UHFFFAOYSA-N,0.4584088883876775,3.950622704620011,3.1441033652203547,105,3059,3039,20
C002,300,sparsepca,50,0.8,rf_strong,C18_negative|IK:NGFMICBWJRZIBI-UHFFFAOYSA-N,0.4060201450793331,1.3385920375679914,1.129183743970978,105,3059,3039,20
C002,300,sparsepca,50,0.8,rf_strong,C18_negative|IK:OKVJCVWFVRATSG-UHFFFAOYSA-N,0.2766062313782816,5.084165870536966,4.037139993274123,105,3059,3039,20
C002,300,sparsepca,50,0.8,rf_strong,C18_negative|IK:RGHHSNMVTDWUBI-UHFFFAOYSA-N,0.6981491599961609,3.602224734189309,2.397595245613772,105,3059,3039,20
C002,300,sparsepca,50,0.8,rf_strong,C18_negative|IK:UGAGPNKCDRTDHP-UHFFFAOYSA-N,0.2792363521392768,4.885657731983361,3.822906148502725,105,3059,3039,20
C002,300,sparsepca,50,0.8,rf_strong,C18_negative|IK:WLJVXDMOQOGPHL-UHFFFAOYSA-N,0.6065148450586946,3.5174086551805783,2.3815696795732766,105,3059,3039,20
C002,300,sparsepca,50,0.8,rf_strong,C18_negative|IK:ZWNLSRDFHQCTQW-UHFFFAOYSA-N,0.3514788793357405,4.462170358091766,3.464451568296189,105,3059,3039,20
C002,300,sparsepca,50,0.8,rf_strong,C18_positive|IK:GHOKWGTUZJEAQD-UHFFFAOYSA-N,0.3458829774108998,4.673680354423234,3.634303160040267,105,3059,3039,20
C002,300,sparsepca,50,0.8,rf_strong,C18_positive|IK:GUMFPOIJOXLCLA-JKSUJKDBSA-N,0.408620420454278,3.600548870521481,2.485202092570604,105,3059,3039,20
C002,300,sparsepca,50,0.8,rf_strong,C18_positive|IK:IBMRTYCHDPMBFN-UHFFFAOYSA-N,0.3586930962887393,4.542465179779549,3.4884925712317063,105,3059,3039,20
C002,300,sparsepca,50,0.8,rf_strong,C18_positive|IK:LVGKNOAMLMIIKO-QXMHVHEDSA-N,0.5070341732646899,3.5052052820793933,2.3552618270430146,105,3059,3039,20
C002,300,sparsepca,50,0.8,rf_strong,C18_positive|IK:LWYJCVVIVLBLID-UHFFFAOYSA-N,0.2902825319110629,5.21666803719538,4.413538598013784,105,3059,3039,20
C002,300,sparsepca,50,0.8,rf_strong,C18_positive|IK:MBIZFBDREVRUHY-UHFFFAOYSA-N,0.3853578481619308,4.596073764827577,3.5984857523202294,105,3059,3039,20
C002,300,sparsepca,50,0.8,rf_strong,C18_positive|IK:MECHNRXZTMCUDQ-UHFFFAOYSA-N,0.4832042638589977,4.309323180964934,3.1016247296633885,105,3059,3039,20
C002,300,sparsepca,50,0.8,rf_strong,C18_positive|IK:OVASVJPBDPJABT-UHFFFAOYSA-N,0.3182024219138364,4.464191223705228,3.1878159552039915,105,3059,3039,20
C002,300,sparsepca,50,0.8,rf_strong,C18_positive|IK:OYTCZOJKXCTBHG-UHFFFAOYSA-N,0.4270615629846415,3.7386175299348094,2.6752095088311827,105,3059,3039,20
C002,300,sparsepca,50,0.8,rf_strong,C18_positive|IK:PUQSUZTXKPLAPR-UJPOAAIJSA-N,0.278796566872836,5.365277495562974,4.526283483454025,105,3059,3039,20
C002,300,sparsepca,50,0.8,rf_strong,C18_positive|IK:WCGUUGGRBIKTOS-UHFFFAOYSA-N,0.3010568243289468,5.364599938083992,4.201533336724548,105,3059,3039,20
C002,300,sparsepca,50,0.8,rf_strong,C18_positive|NAME:,0.3373901560741668,0.5416934442483637,0.4340357426583004,105,3059,3039,20
C002,300,sparsepca,50,0.8,rf_strong,HILICZ_negative|IK:LWYJCVVIVLBLID-UHFFFAOYSA-N,0.3309649858776941,5.594351380816632,4.648984483987509,105,3059,3039,20
C002,300,sparsepca,50,0.8,rf_strong,HILICZ_negative|IK:QZZGJDVWLFXDLK-UHFFFAOYSA-N,0.3151232118814018,5.132290179182453,4.16522203685584,105,3059,3039,20
C002,300,sparsepca,50,0.8,rf_strong,HILICZ_positive|IK:OYTCZOJKXCTBHG-UHFFFAOYSA-N,0.4461126350849296,4.870991200753471,3.5239794790349124,105,3059,3039,20
C002,300,sparsepca,50,0.8,rf_strong,HILICZ_positive|IK:XPCTZQVDEJYUGT-UHFFFAOYSA-N,0.3729303023512945,5.230555827904007,3.995500201085704,105,3059,3039,20
C003,300,sparsepca,75,0.6,rf_strong,C18_negative|IK:AIONOLUJZLIMTK-UHFFFAOYSA-N,0.4663216835650348,4.242331617190271,3.175732276367084,105,3059,3039,20
C003,300,sparsepca,75,0.6,rf_strong,C18_negative|IK:BJRNKVDFDLYUGJ-RMPHRYRLSA-N,0.3024742425611708,5.0682950506209545,4.467205198638919,105,3059,3039,20
C003,300,sparsepca,75,0.6,rf_strong,C18_negative|IK:CKEXCBVNKRHAMX-UHFFFAOYSA-N,0.3092320996868021,4.476371031370371,3.644077657602653,105,3059,3039,20
C003,300,sparsepca,75,0.6,rf_strong,C18_negative|IK:GHOKWGTUZJEAQD-UHFFFAOYSA-N,0.3507708915150588,4.58543577085056,3.7334005793430154,105,3059,3039,20
C003,300,sparsepca,75,0.6,rf_strong,C18_negative|IK:GUNGQVJAKLIYDG-JXMROGBWSA-N,0.3524722178728842,4.040356248287987,3.065292378635231,105,3059,3039,20
C003,300,sparsepca,75,0.6,rf_strong,C18_negative|IK:GYUCMTKUEQLBJW-UHFFFAOYSA-N,0.4342026580824352,3.621442091856787,2.4757542878307803,105,3059,3039,20
C003,300,sparsepca,75,0.6,rf_strong,C18_negative|IK:KDYFGRWQOYBRFD-UHFFFAOYSA-N,0.3241898268988528,4.820344256798629,3.607906077525278,105,3059,3039,20
C003,300,sparsepca,75,0.6,rf_strong,C18_negative|IK:LTSJJOKAWSCMBC-UHFFFAOYSA-N,0.447219073763476,3.99122596115886,3.149673407481047,105,3059,3039,20
C003,300,sparsepca,75,0.6,rf_strong,C18_negative|IK:NGFMICBWJRZIBI-UHFFFAOYSA-N,0.4147252255003375,1.328746955686662,1.1199459474921858,105,3059,3039,20
C003,300,sparsepca,75,0.6,rf_strong,C18_negative|IK:OKVJCVWFVRATSG-UHFFFAOYSA-N,0.3320155868208201,4.885572850679189,3.969950053648838,105,3059,3039,20
C003,300,sparsepca,75,0.6,rf_strong,C18_negative|IK:RGHHSNMVTDWUBI-UHFFFAOYSA-N,0.6858338632436141,3.674974207349262,2.5154395960276825,105,3059,3039,20
C003,300,sparsepca,75,0.6,rf_strong,C18_negative|IK:UGAGPNKCDRTDHP-UHFFFAOYSA-N,0.2907863001360912,4.846354289083427,3.9013808792770224,105,3059,3039,20
C003,300,sparsepca,75,0.6,rf_strong,C18_negative|IK:WLJVXDMOQOGPHL-UHFFFAOYSA-N,0.6042251561481361,3.52762770568029,2.4799516938875783,105,3059,3039,20
C003,300,sparsepca,75,0.6,rf_strong,C18_negative|IK:ZWNLSRDFHQCTQW-UHFFFAOYSA-N,0.3401109611924482,4.501109122702882,3.534039253229876,105,3059,3039,20
C003,300,sparsepca,75,0.6,rf_strong,C18_positive|IK:GHOKWGTUZJEAQD-UHFFFAOYSA-N,0.3436086071864523,4.681798516180319,3.712283238803397,105,3059,3039,20
C003,300,sparsepca,75,0.6,rf_strong,C18_positive|IK:GUMFPOIJOXLCLA-JKSUJKDBSA-N,0.4610400716452585,3.4372710970497846,2.379437305458333,105,3059,3039,20
C003,300,sparsepca,75,0.6,rf_strong,C18_positive|IK:IBMRTYCHDPMBFN-UHFFFAOYSA-N,0.348865762784979,4.577137036389524,3.613727608444656,105,3059,3039,20
C003,300,sparsepca,75,0.6,rf_strong,C18_positive|IK:LVGKNOAMLMIIKO-QXMHVHEDSA-N,0.5275076284081467,3.431645764410906,2.329845723922052,105,3059,3039,20
C003,300,sparsepca,75,0.6,rf_strong,C18_positive|IK:LWYJCVVIVLBLID-UHFFFAOYSA-N,0.3106199173750119,5.141381373893703,4.360036019660788,105,3059,3039,20
C003,300,sparsepca,75,0.6,rf_strong,C18_positive|IK:MBIZFBDREVRUHY-UHFFFAOYSA-N,0.4025163001285433,4.531467304494113,3.6285163740802746,105,3059,3039,20
C003,300,sparsepca,75,0.6,rf_strong,C18_positive|IK:MECHNRXZTMCUDQ-UHFFFAOYSA-N,0.4980463155424824,4.246991852592974,3.118474729477569,105,3059,3039,20
C003,300,sparsepca,75,0.6,rf_strong,C18_positive|IK:OVASVJPBDPJABT-UHFFFAOYSA-N,0.3433662539535965,4.381034381747808,3.226289027803978,105,3059,3039,20
C003,300,sparsepca,75,0.6,rf_strong,C18_positive|IK:OYTCZOJKXCTBHG-UHFFFAOYSA-N,0.4031168157528069,3.815941695772002,2.773862531142669,105,3059,3039,20
C003,300,sparsepca,75,0.6,rf_strong,C18_positive|IK:PUQSUZTXKPLAPR-UJPOAAIJSA-N,0.3023853132983863,5.2768057076201975,4.532809873198687,105,3059,3039,20
C003,300,sparsepca,75,0.6,rf_strong,C18_positive|IK:WCGUUGGRBIKTOS-UHFFFAOYSA-N,0.3176292877548461,5.300619073765733,4.176242354955623,105,3059,3039,20
C003,300,sparsepca,75,0.6,rf_strong,C18_positive|NAME:,0.3456435455734787,0.53830923831484,0.4382178471742378,105,3059,3039,20
C003,300,sparsepca,75,0.6,rf_strong,HILICZ_negative|IK:LWYJCVVIVLBLID-UHFFFAOYSA-N,0.3424258664899238,5.546227475240116,4.681433119347811,105,3059,3039,20
C003,300,sparsepca,75,0.6,rf_strong,HILICZ_negative|IK:QZZGJDVWLFXDLK-UHFFFAOYSA-N,0.3059343796019329,5.166604835454008,4.239451733207198,105,3059,3039,20
C003,300,sparsepca,75,0.6,rf_strong,HILICZ_positive|IK:OYTCZOJKXCTBHG-UHFFFAOYSA-N,0.4538393100999031,4.836896952913565,3.572214569446447,105,3059,3039,20
C003,300,sparsepca,75,0.6,rf_strong,HILICZ_positive|IK:XPCTZQVDEJYUGT-UHFFFAOYSA-N,0.3630232368266421,5.271712645725,4.0897606490510485,105,3059,3039,20
C004,300,sparsepca,75,0.7,rf_strong,C18_negative|IK:AIONOLUJZLIMTK-UHFFFAOYSA-N,0.4754877132999744,4.205742391260014,3.1162155481278946,105,3059,3039,20
C004,300,sparsepca,75,0.7,rf_strong,C18_negative|IK:BJRNKVDFDLYUGJ-RMPHRYRLSA-N,0.3153806378600869,5.021186511020114,4.405254655711266,105,3059,3039,20
C004,300,sparsepca,75,0.7,rf_strong,C18_negative|IK:CKEXCBVNKRHAMX-UHFFFAOYSA-N,0.3170652925422668,4.450918016703466,3.583857726614304,105,3059,3039,20
C004,300,sparsepca,75,0.7,rf_strong,C18_negative|IK:GHOKWGTUZJEAQD-UHFFFAOYSA-N,0.3581230006085829,4.559398266217655,3.663221154964317,105,3059,3039,20
C004,300,sparsepca,75,0.7,rf_strong,C18_negative|IK:GUNGQVJAKLIYDG-JXMROGBWSA-N,0.3507693299610805,4.045665484783465,3.061883341300942,105,3059,3039,20
C004,300,sparsepca,75,0.7,rf_strong,C18_negative|IK:GYUCMTKUEQLBJW-UHFFFAOYSA-N,0.4302954862050623,3.633924699813719,2.475282766338886,105,3059,3039,20
C004,300,sparsepca,75,0.7,rf_strong,C18_negative|IK:KDYFGRWQOYBRFD-UHFFFAOYSA-N,0.3303960603214755,4.798159638196525,3.5557860617533783,105,3059,3039,20
C004,300,sparsepca,75,0.7,rf_strong,C18_negative|IK:LTSJJOKAWSCMBC-UHFFFAOYSA-N,0.4498043383157923,3.981881872811275,3.1473905070837858,105,3059,3039,20
C004,300,sparsepca,75,0.7,rf_strong,C18_negative|IK:NGFMICBWJRZIBI-UHFFFAOYSA-N,0.4218710194709848,1.3206105107568733,1.1149548405034635,105,3059,3039,20
C004,300,sparsepca,75,0.7,rf_strong,C18_negative|IK:OKVJCVWFVRATSG-UHFFFAOYSA-N,0.3207776360910058,4.926498078267673,3.9901403678020473,105,3059,3039,20
C004,300,sparsepca,75,0.7,rf_strong,C18_negative|IK:RGHHSNMVTDWUBI-UHFFFAOYSA-N,0.6871821980376667,3.667079620685696,2.4725196862820966,105,3059,3039,20
C004,300,sparsepca,75,0.7,rf_strong,C18_negative|IK:UGAGPNKCDRTDHP-UHFFFAOYSA-N,0.2931113168837926,4.838403861084066,3.866352797047037,105,3059,3039,20
C004,300,sparsepca,75,0.7,rf_strong,C18_negative|IK:WLJVXDMOQOGPHL-UHFFFAOYSA-N,0.6096692709129926,3.503281398802882,2.427906570347141,105,3059,3039,20
C004,300,sparsepca,75,0.7,rf_strong,C18_negative|IK:ZWNLSRDFHQCTQW-UHFFFAOYSA-N,0.3453360932859547,4.483253369390989,3.500591443604248,105,3059,3039,20
C004,300,sparsepca,75,0.7,rf_strong,C18_positive|IK:GHOKWGTUZJEAQD-UHFFFAOYSA-N,0.3411654176743273,4.690503609618699,3.6807448111268286,105,3059,3039,20
C004,300,sparsepca,75,0.7,rf_strong,C18_positive|IK:GUMFPOIJOXLCLA-JKSUJKDBSA-N,0.4384912924996358,3.508437914379253,2.4353094450112227,105,3059,3039,20
C004,300,sparsepca,75,0.7,rf_strong,C18_positive|IK:IBMRTYCHDPMBFN-UHFFFAOYSA-N,0.3441945711703372,4.593525727055027,3.5974986702447187,105,3059,3039,20
C004,300,sparsepca,75,0.7,rf_strong,C18_positive|IK:LVGKNOAMLMIIKO-QXMHVHEDSA-N,0.5258696695071885,3.4375887511016225,2.3303183719932345,105,3059,3039,20
C004,300,sparsepca,75,0.7,rf_strong,C18_positive|IK:LWYJCVVIVLBLID-UHFFFAOYSA-N,0.3072914133161504,5.153778382669301,4.364686267016639,105,3059,3039,20
C004,300,sparsepca,75,0.7,rf_strong,C18_positive|IK:MBIZFBDREVRUHY-UHFFFAOYSA-N,0.3991661134187459,4.54415387657679,3.6041662748516208,105,3059,3039,20
C004,300,sparsepca,75,0.7,rf_strong,C18_positive|IK:MECHNRXZTMCUDQ-UHFFFAOYSA-N,0.4993454506944093,4.241492350159303,3.091087169188598,105,3059,3039,20
C004,300,sparsepca,75,0.7,rf_strong,C18_positive|IK:OVASVJPBDPJABT-UHFFFAOYSA-N,0.3348161257689338,4.409465189142611,3.205985241921113,105,3059,3039,20
C004,300,sparsepca,75,0.7,rf_strong,C18_positive|IK:OYTCZOJKXCTBHG-UHFFFAOYSA-N,0.4145845034704569,3.779106801840312,2.733470711459694,105,3059,3039,20
C004,300,sparsepca,75,0.7,rf_strong,C18_positive|IK:PUQSUZTXKPLAPR-UJPOAAIJSA-N,0.2989998608272585,5.289594109440597,4.523708674081025,105,3059,3039,20
C004,300,sparsepca,75,0.7,rf_strong,C18_positive|IK:WCGUUGGRBIKTOS-UHFFFAOYSA-N,0.3055533681522481,5.347315928875553,4.218952255610871,105,3059,3039,20
C004,300,sparsepca,75,0.7,rf_strong,C18_positive|NAME:,0.3434616762118109,0.539205953692561,0.4371930040186223,105,3059,3039,20
C004,300,sparsepca,75,0.7,rf_strong,HILICZ_negative|IK:LWYJCVVIVLBLID-UHFFFAOYSA-N,0.3452664499162602,5.534235235921923,4.661643733306372,105,3059,3039,20
C004,300,sparsepca,75,0.7,rf_strong,HILICZ_negative|IK:QZZGJDVWLFXDLK-UHFFFAOYSA-N,0.304275739115013,5.172774588039959,4.212818439408155,105,3059,3039,20
C004,300,sparsepca,75,0.7,rf_strong,HILICZ_positive|IK:OYTCZOJKXCTBHG-UHFFFAOYSA-N,0.4569479312224944,4.823112056912652,3.5335694268667783,105,3059,3039,20
C004,300,sparsepca,75,0.7,rf_strong,HILICZ_positive|IK:XPCTZQVDEJYUGT-UHFFFAOYSA-N,0.3689732985049939,5.24703308759671,4.050774626756588,105,3059,3039,20
C005,300,sparsepca,75,0.8,rf_strong,C18_negative|IK:AIONOLUJZLIMTK-UHFFFAOYSA-N,0.4821066932020514,4.179121369419688,3.0569993091047767,105,3059,3039,20
C005,300,sparsepca,75,0.8,rf_strong,C18_negative|IK:BJRNKVDFDLYUGJ-RMPHRYRLSA-N,0.3253543988997935,4.984477170097988,4.343304112783613,105,3059,3039,20
C005,300,sparsepca,75,0.8,rf_strong,C18_negative|IK:CKEXCBVNKRHAMX-UHFFFAOYSA-N,0.3204931782568352,4.439733615281678,3.523637795625954,105,3059,3039,20
C005,300,sparsepca,75,0.8,rf_strong,C18_negative|IK:GHOKWGTUZJEAQD-UHFFFAOYSA-N,0.3608573107551005,4.549676688686598,3.5930417305856204,105,3059,3039,20
C005,300,sparsepca,75,0.8,rf_strong,C18_negative|IK:GUNGQVJAKLIYDG-JXMROGBWSA-N,0.3465557941544736,4.058772526956407,3.058474303966653,105,3059,3039,20
C005,300,sparsepca,75,0.8,rf_strong,C18_negative|IK:GYUCMTKUEQLBJW-UHFFFAOYSA-N,0.4233737280145756,3.6559336597792154,2.4748112448469914,105,3059,3039,20
C005,300,sparsepca,75,0.8,rf_strong,C18_negative|IK:KDYFGRWQOYBRFD-UHFFFAOYSA-N,0.3318159365041142,4.793069757742958,3.503666045981479,105,3059,3039,20
C005,300,sparsepca,75,0.8,rf_strong,C18_negative|IK:LTSJJOKAWSCMBC-UHFFFAOYSA-N,0.4497942010671447,3.9819185553439738,3.145107606686524,105,3059,3039,20
C005,300,sparsepca,75,0.8,rf_strong,C18_negative|IK:NGFMICBWJRZIBI-UHFFFAOYSA-N,0.4252461625388843,1.3167499761479071,1.1114893881333563,105,3059,3039,20
C005,300,sparsepca,75,0.8,rf_strong,C18_negative|IK:OKVJCVWFVRATSG-UHFFFAOYSA-N,0.3071763212966172,4.975579735241386,4.010330681955257,105,3059,3039,20
C005,300,sparsepca,75,0.8,rf_strong,C18_negative|IK:RGHHSNMVTDWUBI-UHFFFAOYSA-N,0.6846002073852325,3.68218251372291,2.430910985109599,105,3059,3039,20
C005,300,sparsepca,75,0.8,rf_strong,C18_negative|IK:UGAGPNKCDRTDHP-UHFFFAOYSA-N,0.2919423366716525,4.842402837238667,3.8313247148170513,105,3059,3039,20
C005,300,sparsepca,75,0.8,rf_strong,C18_negative|IK:WLJVXDMOQOGPHL-UHFFFAOYSA-N,0.61147801189628,3.495155102452816,2.375861446806704,105,3059,3039,20
C005,300,sparsepca,75,0.8,rf_strong,C18_negative|IK:ZWNLSRDFHQCTQW-UHFFFAOYSA-N,0.3479182528321455,4.474403092883191,3.4671436339786195,105,3059,3039,20
C005,300,sparsepca,75,0.8,rf_strong,C18_positive|IK:GHOKWGTUZJEAQD-UHFFFAOYSA-N,0.3340585414765259,4.715734080904945,3.649206383450259,105,3059,3039,20
C005,300,sparsepca,75,0.8,rf_strong,C18_positive|IK:GUMFPOIJOXLCLA-JKSUJKDBSA-N,0.4125617664019747,3.5885305891265915,2.4911815845641123,105,3059,3039,20
C005,300,sparsepca,75,0.8,rf_strong,C18_positive|IK:IBMRTYCHDPMBFN-UHFFFAOYSA-N,0.3349135441640785,4.625915561789845,3.581269732044782,105,3059,3039,20
C005,300,sparsepca,75,0.8,rf_strong,C18_positive|IK:LVGKNOAMLMIIKO-QXMHVHEDSA-N,0.5215506638799206,3.453210306917766,2.3307910200644177,105,3059,3039,20
C005,300,sparsepca,75,0.8,rf_strong,C18_positive|IK:LWYJCVVIVLBLID-UHFFFAOYSA-N,0.3006676710399527,5.178360207023292,4.36933651437249,105,3059,3039,20
C005,300,sparsepca,75,0.8,rf_strong,C18_positive|IK:MBIZFBDREVRUHY-UHFFFAOYSA-N,0.3918057078044532,4.571902814831062,3.581817540591867,105,3059,3039,20
C005,300,sparsepca,75,0.8,rf_strong,C18_positive|IK:MECHNRXZTMCUDQ-UHFFFAOYSA-N,0.4971276884097517,4.250876293237899,3.063699608899628,105,3059,3039,20
C005,300,sparsepca,75,0.8,rf_strong,C18_positive|IK:OVASVJPBDPJABT-UHFFFAOYSA-N,0.3214208495249934,4.453642145385225,3.1860558763213893,105,3059,3039,20
C005,300,sparsepca,75,0.8,rf_strong,C18_positive|IK:OYTCZOJKXCTBHG-UHFFFAOYSA-N,0.4233614307129419,3.750670410089669,2.693078891776719,105,3059,3039,20
C005,300,sparsepca,75,0.8,rf_strong,C18_positive|IK:PUQSUZTXKPLAPR-UJPOAAIJSA-N,0.291833092929851,5.316564783641727,4.514607474963364,105,3059,3039,20
C005,300,sparsepca,75,0.8,rf_strong,C18_positive|IK:WCGUUGGRBIKTOS-UHFFFAOYSA-N,0.2888450555134765,5.411261512328968,4.261662156266119,105,3059,3039,20
C005,300,sparsepca,75,0.8,rf_strong,C18_positive|NAME:,0.3369066965228879,0.5418910259166893,0.4371411084393539,105,3059,3039,20
C005,300,sparsepca,75,0.8,rf_strong,HILICZ_negative|IK:LWYJCVVIVLBLID-UHFFFAOYSA-N,0.3448138473675182,5.536147751511549,4.641854347264934,105,3059,3039,20
C005,300,sparsepca,75,0.8,rf_strong,HILICZ_negative|IK:QZZGJDVWLFXDLK-UHFFFAOYSA-N,0.2990221208786925,5.192268426437141,4.186185145609112,105,3059,3039,20
C005,300,sparsepca,75,0.8,rf_strong,HILICZ_positive|IK:OYTCZOJKXCTBHG-UHFFFAOYSA-N,0.4573232927742552,4.82144488365196,3.494924284287109,105,3059,3039,20
C005,300,sparsepca,75,0.8,rf_strong,HILICZ_positive|IK:XPCTZQVDEJYUGT-UHFFFAOYSA-N,0.3719602637415234,5.234599940072207,4.0117886044621285,105,3059,3039,20
C006,300,sparsepca,100,0.6,rf_strong,C18_negative|IK:AIONOLUJZLIMTK-UHFFFAOYSA-N,0.4668341183478077,4.240294397098768,3.163665863515133,105,3059,3039,20
C006,300,sparsepca,100,0.6,rf_strong,C18_negative|IK:BJRNKVDFDLYUGJ-RMPHRYRLSA-N,0.3162032053951077,5.018169136249566,4.411039353446919,105,3059,3039,20
C006,300,sparsepca,100,0.6,rf_strong,C18_negative|IK:CKEXCBVNKRHAMX-UHFFFAOYSA-N,0.3072387598199745,4.482825081209672,3.661838196834599,105,3059,3039,20
C006,300,sparsepca,100,0.6,rf_strong,C18_negative|IK:GHOKWGTUZJEAQD-UHFFFAOYSA-N,0.3490303865771551,4.591578156988585,3.72659826371751,105,3059,3039,20
C006,300,sparsepca,100,0.6,rf_strong,C18_negative|IK:GUNGQVJAKLIYDG-JXMROGBWSA-N,0.3569509259459452,4.02635918482929,3.0552092383358915,105,3059,3039,20
C006,300,sparsepca,100,0.6,rf_strong,C18_negative|IK:GYUCMTKUEQLBJW-UHFFFAOYSA-N,0.4339822806868734,3.62214729690036,2.483434593564631,105,3059,3039,20
C006,300,sparsepca,100,0.6,rf_strong,C18_negative|IK:KDYFGRWQOYBRFD-UHFFFAOYSA-N,0.3139161550315797,4.85684551366757,3.648738405293013,105,3059,3039,20
C006,300,sparsepca,100,0.6,rf_strong,C18_negative|IK:LTSJJOKAWSCMBC-UHFFFAOYSA-N,0.4464610367365627,3.993961638531796,3.153344319941999,105,3059,3039,20
C006,300,sparsepca,100,0.6,rf_strong,C18_negative|IK:NGFMICBWJRZIBI-UHFFFAOYSA-N,0.4137345510498912,1.3298710423130695,1.1186460654171146,105,3059,3039,20
C006,300,sparsepca,100,0.6,rf_strong,C18_negative|IK:OKVJCVWFVRATSG-UHFFFAOYSA-N,0.3285894616443904,4.898085998759738,3.960154651133186,105,3059,3039,20
C006,300,sparsepca,100,0.6,rf_strong,C18_negative|IK:RGHHSNMVTDWUBI-UHFFFAOYSA-N,0.6893876850861234,3.654129586537122,2.5046572686764974,105,3059,3039,20
C006,300,sparsepca,100,0.6,rf_strong,C18_negative|IK:UGAGPNKCDRTDHP-UHFFFAOYSA-N,0.292575719980048,4.840236500015772,3.894846210896772,105,3059,3039,20
C006,300,sparsepca,100,0.6,rf_strong,C18_negative|IK:WLJVXDMOQOGPHL-UHFFFAOYSA-N,0.6065142738250704,3.5174112083408944,2.4606290019930954,105,3059,3039,20
C006,300,sparsepca,100,0.6,rf_strong,C18_negative|IK:ZWNLSRDFHQCTQW-UHFFFAOYSA-N,0.341684479876594,4.495739427142886,3.537275419610545,105,3059,3039,20
C006,300,sparsepca,100,0.6,rf_strong,C18_positive|IK:GHOKWGTUZJEAQD-UHFFFAOYSA-N,0.3251385590027007,4.74721157974352,3.767750544236109,105,3059,3039,20
C006,300,sparsepca,100,0.6,rf_strong,C18_positive|IK:GUMFPOIJOXLCLA-JKSUJKDBSA-N,0.4577752844059295,3.4476661329845526,2.379288417069525,105,3059,3039,20
C006,300,sparsepca,100,0.6,rf_strong,C18_positive|IK:IBMRTYCHDPMBFN-UHFFFAOYSA-N,0.35639272465603,4.550604811734964,3.584209630913232,105,3059,3039,20
C006,300,sparsepca,100,0.6,rf_strong,C18_positive|IK:LVGKNOAMLMIIKO-QXMHVHEDSA-N,0.5303875948056899,3.421171383159649,2.333260474717725,105,3059,3039,20
C006,300,sparsepca,100,0.6,rf_strong,C18_positive|IK:LWYJCVVIVLBLID-UHFFFAOYSA-N,0.2947463645881452,5.200236805557601,4.393251621198539,105,3059,3039,20
C006,300,sparsepca,100,0.6,rf_strong,C18_positive|IK:MBIZFBDREVRUHY-UHFFFAOYSA-N,0.3921162106962714,4.570735613579626,3.6507511104003534,105,3059,3039,20
C006,300,sparsepca,100,0.6,rf_strong,C18_positive|IK:MECHNRXZTMCUDQ-UHFFFAOYSA-N,0.4919239532347619,4.272813773654903,3.120240842430943,105,3059,3039,20
C006,300,sparsepca,100,0.6,rf_strong,C18_positive|IK:OVASVJPBDPJABT-UHFFFAOYSA-N,0.3409327845472998,4.389144880181059,3.2398974216720675,105,3059,3039,20
C006,300,sparsepca,100,0.6,rf_strong,C18_positive|IK:OYTCZOJKXCTBHG-UHFFFAOYSA-N,0.4116253541839619,3.788646047920024,2.753593240353354,105,3059,3039,20
C006,300,sparsepca,100,0.6,rf_strong,C18_positive|IK:PUQSUZTXKPLAPR-UJPOAAIJSA-N,0.2855622999887498,5.340051900496526,4.585208540655627,105,3059,3039,20
C006,300,sparsepca,100,0.6,rf_strong,C18_positive|IK:WCGUUGGRBIKTOS-UHFFFAOYSA-N,0.3221698215867016,5.282954327590112,4.160201728903505,105,3059,3039,20
C006,300,sparsepca,100,0.6,rf_strong,C18_positive|NAME:,0.3295607190681694,0.5448843866858685,0.4409790690567318,105,3059,3039,20
C006,300,sparsepca,100,0.6,rf_strong,HILICZ_negative|IK:LWYJCVVIVLBLID-UHFFFAOYSA-N,0.3416471636119064,5.549510440025543,4.649153944365023,105,3059,3039,20
C006,300,sparsepca,100,0.6,rf_strong,HILICZ_negative|IK:QZZGJDVWLFXDLK-UHFFFAOYSA-N,0.3061569099355514,5.165776514302092,4.223722571810577,105,3059,3039,20
C006,300,sparsepca,100,0.6,rf_strong,HILICZ_positive|IK:OYTCZOJKXCTBHG-UHFFFAOYSA-N,0.4509781404443663,4.84954991892496,3.58153239525463,105,3059,3039,20
C006,300,sparsepca,100,0.6,rf_strong,HILICZ_positive|IK:XPCTZQVDEJYUGT-UHFFFAOYSA-N,0.3496432245382608,5.326792371797361,4.141576301280734,105,3059,3039,20
C007,300,sparsepca,100,0.7,rf_strong,C18_negative|IK:AIONOLUJZLIMTK-UHFFFAOYSA-N,0.4759726769066064,4.203797628735914,3.103599027310362,105,3059,3039,20
C007,300,sparsepca,100,0.7,rf_strong,C18_negative|IK:BJRNKVDFDLYUGJ-RMPHRYRLSA-N,0.3306251924998001,4.964967915336709,4.3397278363206,105,3059,3039,20
C007,300,sparsepca,100,0.7,rf_strong,C18_negative|IK:CKEXCBVNKRHAMX-UHFFFAOYSA-N,0.3150314012883199,4.4575408702885335,3.60457835571824,105,3059,3039,20
C007,300,sparsepca,100,0.7,rf_strong,C18_negative|IK:GHOKWGTUZJEAQD-UHFFFAOYSA-N,0.3566059096545377,4.564783207226768,3.6552851200678966,105,3059,3039,20
C007,300,sparsepca,100,0.7,rf_strong,C18_negative|IK:GUNGQVJAKLIYDG-JXMROGBWSA-N,0.354825461558332,4.033007840035498,3.05011967761838,105,3059,3039,20
C007,300,sparsepca,100,0.7,rf_strong,C18_negative|IK:GYUCMTKUEQLBJW-UHFFFAOYSA-N,0.4305237256312489,3.6331967013904154,2.484243123028379,105,3059,3039,20
C007,300,sparsepca,100,0.7,rf_strong,C18_negative|IK:KDYFGRWQOYBRFD-UHFFFAOYSA-N,0.3172826935937385,4.844914854579386,3.603423777482404,105,3059,3039,20
C007,300,sparsepca,100,0.7,rf_strong,C18_negative|IK:LTSJJOKAWSCMBC-UHFFFAOYSA-N,0.4482788043068013,3.987398357000525,3.1516732382882284,105,3059,3039,20
C007,300,sparsepca,100,0.7,rf_strong,C18_negative|IK:NGFMICBWJRZIBI-UHFFFAOYSA-N,0.4208492538117412,1.321776996817883,1.1121773330818634,105,3059,3039,20
C007,300,sparsepca,100,0.7,rf_strong,C18_negative|IK:OKVJCVWFVRATSG-UHFFFAOYSA-N,0.3166246802004978,4.941536121565393,3.978712398200455,105,3059,3039,20
C007,300,sparsepca,100,0.7,rf_strong,C18_negative|IK:RGHHSNMVTDWUBI-UHFFFAOYSA-N,0.6917010887492623,3.640496392718069,2.459029190181073,105,3059,3039,20
C007,300,sparsepca,100,0.7,rf_strong,C18_negative|IK:UGAGPNKCDRTDHP-UHFFFAOYSA-N,0.2947805034527831,4.832687988003888,3.858729017270078,105,3059,3039,20
C007,300,sparsepca,100,0.7,rf_strong,C18_negative|IK:WLJVXDMOQOGPHL-UHFFFAOYSA-N,0.6122555217611267,3.4916561003498203,2.405363429803577,105,3059,3039,20
C007,300,sparsepca,100,0.7,rf_strong,C18_negative|IK:ZWNLSRDFHQCTQW-UHFFFAOYSA-N,0.3469524621569464,4.4777153600309765,3.504366971048361,105,3059,3039,20
C007,300,sparsepca,100,0.7,rf_strong,C18_positive|IK:GHOKWGTUZJEAQD-UHFFFAOYSA-N,0.3189274497281158,4.769007103921371,3.745456667464992,105,3059,3039,20
C007,300,sparsepca,100,0.7,rf_strong,C18_positive|IK:GUMFPOIJOXLCLA-JKSUJKDBSA-N,0.4350605776046932,3.519139548100637,2.435135741890947,105,3059,3039,20
C007,300,sparsepca,100,0.7,rf_strong,C18_positive|IK:IBMRTYCHDPMBFN-UHFFFAOYSA-N,0.3534010437347833,4.561168842264702,3.563061029791391,105,3059,3039,20
C007,300,sparsepca,100,0.7,rf_strong,C18_positive|IK:LVGKNOAMLMIIKO-QXMHVHEDSA-N,0.529737560682662,3.423538344805364,2.3343022479215207,105,3059,3039,20
C007,300,sparsepca,100,0.7,rf_strong,C18_positive|IK:LWYJCVVIVLBLID-UHFFFAOYSA-N,0.2886643902213208,5.2226116009271335,4.403437802144015,105,3059,3039,20
C007,300,sparsepca,100,0.7,rf_strong,C18_positive|IK:MBIZFBDREVRUHY-UHFFFAOYSA-N,0.3870009454368889,4.589926407386529,3.629393005732978,105,3059,3039,20
C007,300,sparsepca,100,0.7,rf_strong,C18_positive|IK:MECHNRXZTMCUDQ-UHFFFAOYSA-N,0.4925363435708114,4.270237959641434,3.0931476343008693,105,3059,3039,20
C007,300,sparsepca,100,0.7,rf_strong,C18_positive|IK:OVASVJPBDPJABT-UHFFFAOYSA-N,0.3325938756186173,4.416824631107793,3.2214504843614526,105,3059,3039,20
C007,300,sparsepca,100,0.7,rf_strong,C18_positive|IK:OYTCZOJKXCTBHG-UHFFFAOYSA-N,0.4250786875939674,3.745081409139322,2.709823205538826,105,3059,3039,20
C007,300,sparsepca,100,0.7,rf_strong,C18_positive|IK:PUQSUZTXKPLAPR-UJPOAAIJSA-N,0.2798608528951507,5.361317241228545,4.584840452780789,105,3059,3039,20
C007,300,sparsepca,100,0.7,rf_strong,C18_positive|IK:WCGUUGGRBIKTOS-UHFFFAOYSA-N,0.3102644601019584,5.329147097595714,4.200334363932069,105,3059,3039,20
C007,300,sparsepca,100,0.7,rf_strong,C18_positive|NAME:,0.3242911212604102,0.5470215687005955,0.4409039775646753,105,3059,3039,20
C007,300,sparsepca,100,0.7,rf_strong,HILICZ_negative|IK:LWYJCVVIVLBLID-UHFFFAOYSA-N,0.3448202930202211,5.53612051942389,4.625111502667086,105,3059,3039,20
C007,300,sparsepca,100,0.7,rf_strong,HILICZ_negative|IK:QZZGJDVWLFXDLK-UHFFFAOYSA-N,0.3045335233584,5.171816174339456,4.194467751112096,105,3059,3039,20
C007,300,sparsepca,100,0.7,rf_strong,HILICZ_positive|IK:OYTCZOJKXCTBHG-UHFFFAOYSA-N,0.4535155462809136,4.8383303957120045,3.5444402236429915,105,3059,3039,20
C007,300,sparsepca,100,0.7,rf_strong,HILICZ_positive|IK:XPCTZQVDEJYUGT-UHFFFAOYSA-N,0.3530046162581813,5.313008682097809,4.111226221024556,105,3059,3039,20
C008,300,sparsepca,100,0.8,rf_strong,C18_negative|IK:AIONOLUJZLIMTK-UHFFFAOYSA-N,0.4825319350687508,4.177405280120596,3.044276647628598,105,3059,3039,20
C008,300,sparsepca,100,0.8,rf_strong,C18_negative|IK:BJRNKVDFDLYUGJ-RMPHRYRLSA-N,0.3418938114405558,4.922999051186401,4.268416319194281,105,3059,3039,20
C008,300,sparsepca,100,0.8,rf_strong,C18_negative|IK:CKEXCBVNKRHAMX-UHFFFAOYSA-N,0.3185020704512028,4.446233566169336,3.547318514601882,105,3059,3039,20
C008,300,sparsepca,100,0.8,rf_strong,C18_negative|IK:GHOKWGTUZJEAQD-UHFFFAOYSA-N,0.3597103475392499,4.553757133384324,3.5839719764182822,105,3059,3039,20
C008,300,sparsepca,100,0.8,rf_strong,C18_negative|IK:GUNGQVJAKLIYDG-JXMROGBWSA-N,0.3498553413269673,4.048512232442768,3.045030116900868,105,3059,3039,20
C008,300,sparsepca,100,0.8,rf_strong,C18_negative|IK:GYUCMTKUEQLBJW-UHFFFAOYSA-N,0.4241892546589896,3.65334743851774,2.485051652492126,105,3059,3039,20
C008,300,sparsepca,100,0.8,rf_strong,C18_negative|IK:KDYFGRWQOYBRFD-UHFFFAOYSA-N,0.3155407559970795,4.851091761765223,3.558109149671794,105,3059,3039,20
C008,300,sparsepca,100,0.8,rf_strong,C18_negative|IK:LTSJJOKAWSCMBC-UHFFFAOYSA-N,0.4473179822253355,3.9908688724259167,3.150002156634459,105,3059,3039,20
C008,300,sparsepca,100,0.8,rf_strong,C18_negative|IK:NGFMICBWJRZIBI-UHFFFAOYSA-N,0.4242315974421606,1.3179116382793956,1.108315093937242,105,3059,3039,20
C008,300,sparsepca,100,0.8,rf_strong,C18_negative|IK:OKVJCVWFVRATSG-UHFFFAOYSA-N,0.3022520175916485,4.993230606811913,3.997270145267722,105,3059,3039,20
C008,300,sparsepca,100,0.8,rf_strong,C18_negative|IK:RGHHSNMVTDWUBI-UHFFFAOYSA-N,0.6901906713169625,3.649403253386562,2.4159135414374195,105,3059,3039,20
C008,300,sparsepca,100,0.8,rf_strong,C18_negative|IK:UGAGPNKCDRTDHP-UHFFFAOYSA-N,0.2933717271326409,4.837512570811042,3.822611823643384,105,3059,3039,20
C008,300,sparsepca,100,0.8,rf_strong,C18_negative|IK:WLJVXDMOQOGPHL-UHFFFAOYSA-N,0.6143372855037222,3.482270298437625,2.35009785761406,105,3059,3039,20
C008,300,sparsepca,100,0.8,rf_strong,C18_negative|IK:ZWNLSRDFHQCTQW-UHFFFAOYSA-N,0.3495147853393608,4.468922255650816,3.47265767346765,105,3059,3039,20
C008,300,sparsepca,100,0.8,rf_strong,C18_positive|IK:GHOKWGTUZJEAQD-UHFFFAOYSA-N,0.3078556313682827,4.807614382705292,3.723162790693873,105,3059,3039,20
C008,300,sparsepca,100,0.8,rf_strong,C18_positive|IK:GUMFPOIJOXLCLA-JKSUJKDBSA-N,0.4090731820088296,3.599170312401565,2.490983066712369,105,3059,3039,20
C008,300,sparsepca,100,0.8,rf_strong,C18_positive|IK:IBMRTYCHDPMBFN-UHFFFAOYSA-N,0.3459209608642682,4.5874755778611656,3.5419124286695496,105,3059,3039,20
C008,300,sparsepca,100,0.8,rf_strong,C18_positive|IK:LVGKNOAMLMIIKO-QXMHVHEDSA-N,0.5265516027985642,3.4351157499298526,2.335344021125316,105,3059,3039,20
C008,300,sparsepca,100,0.8,rf_strong,C18_positive|IK:LWYJCVVIVLBLID-UHFFFAOYSA-N,0.2792563553009269,5.257034955726417,4.41362398308949,105,3059,3039,20
C008,300,sparsepca,100,0.8,rf_strong,C18_positive|IK:MBIZFBDREVRUHY-UHFFFAOYSA-N,0.3778663954699039,4.623998134167941,3.6080349010656025,105,3059,3039,20
C008,300,sparsepca,100,0.8,rf_strong,C18_positive|IK:MECHNRXZTMCUDQ-UHFFFAOYSA-N,0.4897271647280121,4.282041077287645,3.0660544261707936,105,3059,3039,20
C008,300,sparsepca,100,0.8,rf_strong,C18_positive|IK:OVASVJPBDPJABT-UHFFFAOYSA-N,0.3195860464850458,4.459659158913023,3.203923905234601,105,3059,3039,20
C008,300,sparsepca,100,0.8,rf_strong,C18_positive|IK:OYTCZOJKXCTBHG-UHFFFAOYSA-N,0.4360034193727589,3.7093284797746575,2.6660531707242985,105,3059,3039,20
C008,300,sparsepca,100,0.8,rf_strong,C18_positive|IK:PUQSUZTXKPLAPR-UJPOAAIJSA-N,0.2705174734978816,5.395985114550882,4.58447236490595,105,3059,3039,20
C008,300,sparsepca,100,0.8,rf_strong,C18_positive|IK:WCGUUGGRBIKTOS-UHFFFAOYSA-N,0.2935592205751024,5.3932963727453584,4.241468026476849,105,3059,3039,20
C008,300,sparsepca,100,0.8,rf_strong,C18_positive|NAME:,0.3145320538791469,0.5509576446876612,0.4428607420570488,105,3059,3039,20
C008,300,sparsepca,100,0.8,rf_strong,HILICZ_negative|IK:LWYJCVVIVLBLID-UHFFFAOYSA-N,0.3448323306805944,5.536069661434856,4.601069060969151,105,3059,3039,20
C008,300,sparsepca,100,0.8,rf_strong,HILICZ_negative|IK:QZZGJDVWLFXDLK-UHFFFAOYSA-N,0.2993146348949427,5.19118496159683,4.165764858073601,105,3059,3039,20
C008,300,sparsepca,100,0.8,rf_strong,HILICZ_positive|IK:OYTCZOJKXCTBHG-UHFFFAOYSA-N,0.4532927343532621,4.839316634069848,3.509630663560437,105,3059,3039,20
C008,300,sparsepca,100,0.8,rf_strong,HILICZ_positive|IK:XPCTZQVDEJYUGT-UHFFFAOYSA-N,0.3533004349904602,5.311793938357017,4.080876140768377,105,3059,3039,20
C009,500,sparsepca,50,0.6,rf_strong,C18_negative|IK:AIONOLUJZLIMTK-UHFFFAOYSA-N,0.4622849668826615,4.258345786067493,3.206586774962364,105,3059,3039,20
C009,500,sparsepca,50,0.6,rf_strong,C18_negative|IK:BJRNKVDFDLYUGJ-RMPHRYRLSA-N,0.292160772653563,5.105626936707585,4.467820434530566,105,3059,3039,20
C009,500,sparsepca,50,0.6,rf_strong,C18_negative|IK:CKEXCBVNKRHAMX-UHFFFAOYSA-N,0.308314474874255,4.479343278542976,3.622914267314677,105,3059,3039,20
C009,500,sparsepca,50,0.6,rf_strong,C18_negative|IK:GHOKWGTUZJEAQD-UHFFFAOYSA-N,0.3467300014421702,4.599683822035827,3.771065750281028,105,3059,3039,20
C009,500,sparsepca,50,0.6,rf_strong,C18_negative|IK:GUNGQVJAKLIYDG-JXMROGBWSA-N,0.3440426696689619,4.066569988418618,3.098932348384253,105,3059,3039,20
C009,500,sparsepca,50,0.6,rf_strong,C18_negative|IK:GYUCMTKUEQLBJW-UHFFFAOYSA-N,0.4435673697048014,3.591347160810169,2.4623130872719483,105,3059,3039,20
C009,500,sparsepca,50,0.6,rf_strong,C18_negative|IK:KDYFGRWQOYBRFD-UHFFFAOYSA-N,0.3207070215264344,4.832749180056111,3.603319616066494,105,3059,3039,20
C009,500,sparsepca,50,0.6,rf_strong,C18_negative|IK:LTSJJOKAWSCMBC-UHFFFAOYSA-N,0.4412914950110866,4.012568250392843,3.247849408437811,105,3059,3039,20
C009,500,sparsepca,50,0.6,rf_strong,C18_negative|IK:NGFMICBWJRZIBI-UHFFFAOYSA-N,0.3944650605145617,1.351549583086606,1.1382648662920916,105,3059,3039,20
C009,500,sparsepca,50,0.6,rf_strong,C18_negative|IK:OKVJCVWFVRATSG-UHFFFAOYSA-N,0.3290225938871709,4.896505846888917,3.953958240522011,105,3059,3039,20
C009,500,sparsepca,50,0.6,rf_strong,C18_negative|IK:RGHHSNMVTDWUBI-UHFFFAOYSA-N,0.6800947783679334,3.7083889129203538,2.5503465675697936,105,3059,3039,20
C009,500,sparsepca,50,0.6,rf_strong,C18_negative|IK:UGAGPNKCDRTDHP-UHFFFAOYSA-N,0.2823165435757198,4.875207098575114,3.946675833686248,105,3059,3039,20
C009,500,sparsepca,50,0.6,rf_strong,C18_negative|IK:WLJVXDMOQOGPHL-UHFFFAOYSA-N,0.5915473885653677,3.5836822057473694,2.541876384198661,105,3059,3039,20
C009,500,sparsepca,50,0.6,rf_strong,C18_negative|IK:ZWNLSRDFHQCTQW-UHFFFAOYSA-N,0.3472893956833178,4.476560094152218,3.5389874114012936,105,3059,3039,20
C009,500,sparsepca,50,0.6,rf_strong,C18_positive|IK:GHOKWGTUZJEAQD-UHFFFAOYSA-N,0.3498180212803677,4.659601161022626,3.667799014488564,105,3059,3039,20
C009,500,sparsepca,50,0.6,rf_strong,C18_positive|IK:GUMFPOIJOXLCLA-JKSUJKDBSA-N,0.4477215843218883,3.4794819113056663,2.425442437566025,105,3059,3039,20
C009,500,sparsepca,50,0.6,rf_strong,C18_positive|IK:IBMRTYCHDPMBFN-UHFFFAOYSA-N,0.3481226212733966,4.579748241860439,3.5879952210266697,105,3059,3039,20
C009,500,sparsepca,50,0.6,rf_strong,C18_positive|IK:LVGKNOAMLMIIKO-QXMHVHEDSA-N,0.5170791067663507,3.4693095209633698,2.387789467094798,105,3059,3039,20
C009,500,sparsepca,50,0.6,rf_strong,C18_positive|IK:LWYJCVVIVLBLID-UHFFFAOYSA-N,0.2923612776339214,5.209022686012979,4.448334260664653,105,3059,3039,20
C009,500,sparsepca,50,0.6,rf_strong,C18_positive|IK:MBIZFBDREVRUHY-UHFFFAOYSA-N,0.4013723342627213,4.535803293069263,3.652927167590253,105,3059,3039,20
C009,500,sparsepca,50,0.6,rf_strong,C18_positive|IK:MECHNRXZTMCUDQ-UHFFFAOYSA-N,0.4885955318923052,4.286786592185687,3.144320696575563,105,3059,3039,20
C009,500,sparsepca,50,0.6,rf_strong,C18_positive|IK:OVASVJPBDPJABT-UHFFFAOYSA-N,0.3597840266881694,4.325918319897737,3.197672442262286,105,3059,3039,20
C009,500,sparsepca,50,0.6,rf_strong,C18_positive|IK:OYTCZOJKXCTBHG-UHFFFAOYSA-N,0.3899479059992721,3.857807202721032,2.824644557928356,105,3059,3039,20
C009,500,sparsepca,50,0.6,rf_strong,C18_positive|IK:PUQSUZTXKPLAPR-UJPOAAIJSA-N,0.3084033256519718,5.2539960782362,4.504101784763579,105,3059,3039,20
C009,500,sparsepca,50,0.6,rf_strong,C18_positive|IK:WCGUUGGRBIKTOS-UHFFFAOYSA-N,0.3298868679427859,5.252795220284521,4.131240262381261,105,3059,3039,20
C009,500,sparsepca,50,0.6,rf_strong,C18_positive|NAME:,0.3415702119591897,0.5399821119451814,0.4404058903363761,105,3059,3039,20
C009,500,sparsepca,50,0.6,rf_strong,HILICZ_negative|IK:LWYJCVVIVLBLID-UHFFFAOYSA-N,0.3487572748283453,5.519462153182818,4.622526469270051,105,3059,3039,20
C009,500,sparsepca,50,0.6,rf_strong,HILICZ_negative|IK:QZZGJDVWLFXDLK-UHFFFAOYSA-N,0.3160472891239171,5.128826612099438,4.2123227518062745,105,3059,3039,20
C009,500,sparsepca,50,0.6,rf_strong,HILICZ_positive|IK:OYTCZOJKXCTBHG-UHFFFAOYSA-N,0.4485660193870862,4.860191463513313,3.6678869241569423,105,3059,3039,20
C009,500,sparsepca,50,0.6,rf_strong,HILICZ_positive|IK:XPCTZQVDEJYUGT-UHFFFAOYSA-N,0.3413999617814169,5.360444580532525,4.161143390980795,105,3059,3039,20
C010,500,sparsepca,50,0.7,rf_strong,C18_negative|IK:AIONOLUJZLIMTK-UHFFFAOYSA-N,0.4703868973005067,4.226143070568198,3.1521418782081185,105,3059,3039,20
C010,500,sparsepca,50,0.7,rf_strong,C18_negative|IK:BJRNKVDFDLYUGJ-RMPHRYRLSA-N,0.3037321339555832,5.06372300326098,4.4072296457059625,105,3059,3039,20
C010,500,sparsepca,50,0.7,rf_strong,C18_negative|IK:CKEXCBVNKRHAMX-UHFFFAOYSA-N,0.3171924279173268,4.45050370515707,3.559167104611665,105,3059,3039,20
C010,500,sparsepca,50,0.7,rf_strong,C18_negative|IK:GHOKWGTUZJEAQD-UHFFFAOYSA-N,0.3543140507845757,4.572906174912272,3.707163854392,105,3059,3039,20
C010,500,sparsepca,50,0.7,rf_strong,C18_negative|IK:GUNGQVJAKLIYDG-JXMROGBWSA-N,0.3408563279664854,4.076434794907573,3.101129972674802,105,3059,3039,20
C010,500,sparsepca,50,0.7,rf_strong,C18_negative|IK:GYUCMTKUEQLBJW-UHFFFAOYSA-N,0.4425703698017522,3.594563156889373,2.4596013656869147,105,3059,3039,20
C010,500,sparsepca,50,0.7,rf_strong,C18_negative|IK:KDYFGRWQOYBRFD-UHFFFAOYSA-N,0.3242773545337286,4.820032092961207,3.550435190051465,105,3059,3039,20
C010,500,sparsepca,50,0.7,rf_strong,C18_negative|IK:LTSJJOKAWSCMBC-UHFFFAOYSA-N,0.4430602074013823,4.006211890269172,3.261929174866675,105,3059,3039,20
C010,500,sparsepca,50,0.7,rf_strong,C18_negative|IK:NGFMICBWJRZIBI-UHFFFAOYSA-N,0.3985372388752335,1.3469973806192057,1.1354028585525395,105,3059,3039,20
C010,500,sparsepca,50,0.7,rf_strong,C18_negative|IK:OKVJCVWFVRATSG-UHFFFAOYSA-N,0.3169731596176661,4.940276021028243,3.971483252487416,105,3059,3039,20
C010,500,sparsepca,50,0.7,rf_strong,C18_negative|IK:RGHHSNMVTDWUBI-UHFFFAOYSA-N,0.6810424538914479,3.702892041153548,2.5133741279441333,105,3059,3039,20
C010,500,sparsepca,50,0.7,rf_strong,C18_negative|IK:UGAGPNKCDRTDHP-UHFFFAOYSA-N,0.2832464025715303,4.872047819609909,3.919196910524467,105,3059,3039,20
C010,500,sparsepca,50,0.7,rf_strong,C18_negative|IK:WLJVXDMOQOGPHL-UHFFFAOYSA-N,0.5960526800381447,3.5638631354703723,2.4997458303809026,105,3059,3039,20
C010,500,sparsepca,50,0.7,rf_strong,C18_negative|IK:ZWNLSRDFHQCTQW-UHFFFAOYSA-N,0.3551070058194573,4.449671131679993,3.507205058169913,105,3059,3039,20
C010,500,sparsepca,50,0.7,rf_strong,C18_positive|IK:GHOKWGTUZJEAQD-UHFFFAOYSA-N,0.3490597418794636,4.662317515915996,3.628846549426189,105,3059,3039,20
C010,500,sparsepca,50,0.7,rf_strong,C18_positive|IK:GUMFPOIJOXLCLA-JKSUJKDBSA-N,0.4216191386080407,3.560758377893666,2.488982099136863,105,3059,3039,20
C010,500,sparsepca,50,0.7,rf_strong,C18_positive|IK:IBMRTYCHDPMBFN-UHFFFAOYSA-N,0.3437915662608303,4.594936914752223,3.5674775515904007,105,3059,3039,20
C010,500,sparsepca,50,0.7,rf_strong,C18_positive|IK:LVGKNOAMLMIIKO-QXMHVHEDSA-N,0.514082436328522,3.480056932294933,2.397919405694772,105,3059,3039,20
C010,500,sparsepca,50,0.7,rf_strong,C18_positive|IK:LWYJCVVIVLBLID-UHFFFAOYSA-N,0.2864518196616806,5.230727618777139,4.467700881521148,105,3059,3039,20
C010,500,sparsepca,50,0.7,rf_strong,C18_positive|IK:MBIZFBDREVRUHY-UHFFFAOYSA-N,0.3973739862908573,4.550925829719692,3.6319317391211934,105,3059,3039,20
C010,500,sparsepca,50,0.7,rf_strong,C18_positive|IK:MECHNRXZTMCUDQ-UHFFFAOYSA-N,0.4888383731698258,4.285768677396149,3.121240797469592,105,3059,3039,20
C010,500,sparsepca,50,0.7,rf_strong,C18_positive|IK:OVASVJPBDPJABT-UHFFFAOYSA-N,0.3549881725684712,4.342090803854352,3.1711348275335616,105,3059,3039,20
C010,500,sparsepca,50,0.7,rf_strong,C18_positive|IK:OYTCZOJKXCTBHG-UHFFFAOYSA-N,0.3986691498796054,3.830132524597051,2.792716409376329,105,3059,3039,20
C010,500,sparsepca,50,0.7,rf_strong,C18_positive|IK:PUQSUZTXKPLAPR-UJPOAAIJSA-N,0.3066655713887374,5.260592716385503,4.490215904240066,105,3059,3039,20
C010,500,sparsepca,50,0.7,rf_strong,C18_positive|IK:WCGUUGGRBIKTOS-UHFFFAOYSA-N,0.3218515380310049,5.284194520339119,4.166449814274114,105,3059,3039,20
C010,500,sparsepca,50,0.7,rf_strong,C18_positive|NAME:,0.3404553794499266,0.5404390589285923,0.4397739936916562,105,3059,3039,20
C010,500,sparsepca,50,0.7,rf_strong,HILICZ_negative|IK:LWYJCVVIVLBLID-UHFFFAOYSA-N,0.3533407612397442,5.500004699747078,4.592919308215653,105,3059,3039,20
C010,500,sparsepca,50,0.7,rf_strong,HILICZ_negative|IK:QZZGJDVWLFXDLK-UHFFFAOYSA-N,0.3157257354091708,5.130032104402267,4.181386260271651,105,3059,3039,20
C010,500,sparsepca,50,0.7,rf_strong,HILICZ_positive|IK:OYTCZOJKXCTBHG-UHFFFAOYSA-N,0.4509931693574638,4.849483542730816,3.6451871740290223,105,3059,3039,20
C010,500,sparsepca,50,0.7,rf_strong,HILICZ_positive|IK:XPCTZQVDEJYUGT-UHFFFAOYSA-N,0.3443932382393706,5.34824934497516,4.134054492341294,105,3059,3039,20
C011,500,sparsepca,50,0.8,rf_strong,C18_negative|IK:AIONOLUJZLIMTK-UHFFFAOYSA-N,0.475829974113099,4.204369977546193,3.098964860330924,105,3059,3039,20
C011,500,sparsepca,50,0.8,rf_strong,C18_negative|IK:BJRNKVDFDLYUGJ-RMPHRYRLSA-N,0.312480540328215,5.031810328165045,4.353062329644423,105,3059,3039,20
C011,500,sparsepca,50,0.8,rf_strong,C18_negative|IK:CKEXCBVNKRHAMX-UHFFFAOYSA-N,0.3220072731498923,4.43478449145449,3.4954199419086533,105,3059,3039,20
C011,500,sparsepca,50,0.8,rf_strong,C18_negative|IK:GHOKWGTUZJEAQD-UHFFFAOYSA-N,0.3575389931593165,4.561471963487158,3.643261958502973,105,3059,3039,20
C011,500,sparsepca,50,0.8,rf_strong,C18_negative|IK:GUNGQVJAKLIYDG-JXMROGBWSA-N,0.3351369014863431,4.0940823217178295,3.1033275969653507,105,3059,3039,20
C011,500,sparsepca,50,0.8,rf_strong,C18_negative|IK:GYUCMTKUEQLBJW-UHFFFAOYSA-N,0.4389443226438547,3.60623541741649,2.456889644101881,105,3059,3039,20
C011,500,sparsepca,50,0.8,rf_strong,C18_negative|IK:KDYFGRWQOYBRFD-UHFFFAOYSA-N,0.3224740637715365,4.8264593809407215,3.497550764036435,105,3059,3039,20
C011,500,sparsepca,50,0.8,rf_strong,C18_negative|IK:LTSJJOKAWSCMBC-UHFFFAOYSA-N,0.4422824830278691,4.009008100660993,3.276008941295541,105,3059,3039,20
C011,500,sparsepca,50,0.8,rf_strong,C18_negative|IK:NGFMICBWJRZIBI-UHFFFAOYSA-N,0.3989253602058198,1.346562704678671,1.1348661919729497,105,3059,3039,20
C011,500,sparsepca,50,0.8,rf_strong,C18_negative|IK:OKVJCVWFVRATSG-UHFFFAOYSA-N,0.3024710323167063,4.992446887699982,3.9890082644528215,105,3059,3039,20
C011,500,sparsepca,50,0.8,rf_strong,C18_negative|IK:RGHHSNMVTDWUBI-UHFFFAOYSA-N,0.6782186196471638,3.719247371183404,2.4781755579390965,105,3059,3039,20
C011,500,sparsepca,50,0.8,rf_strong,C18_negative|IK:UGAGPNKCDRTDHP-UHFFFAOYSA-N,0.2806869698479289,4.880738788585196,3.891717987362685,105,3059,3039,20
C011,500,sparsepca,50,0.8,rf_strong,C18_negative|IK:WLJVXDMOQOGPHL-UHFFFAOYSA-N,0.5972580657212713,3.5585418486524705,2.457615276563144,105,3059,3039,20
C011,500,sparsepca,50,0.8,rf_strong,C18_negative|IK:ZWNLSRDFHQCTQW-UHFFFAOYSA-N,0.3606805212066108,4.430401169071602,3.475921676965553,105,3059,3039,20
C011,500,sparsepca,50,0.8,rf_strong,C18_positive|IK:GHOKWGTUZJEAQD-UHFFFAOYSA-N,0.3438234922963786,4.681032105200748,3.589894084363814,105,3059,3039,20
C011,500,sparsepca,50,0.8,rf_strong,C18_positive|IK:GUMFPOIJOXLCLA-JKSUJKDBSA-N,0.3917548263190126,3.651530089664751,2.5525217607077013,105,3059,3039,20
C011,500,sparsepca,50,0.8,rf_strong,C18_positive|IK:IBMRTYCHDPMBFN-UHFFFAOYSA-N,0.3349832454339819,4.62567315673522,3.546959882154132,105,3059,3039,20
C011,500,sparsepca,50,0.8,rf_strong,C18_positive|IK:LVGKNOAMLMIIKO-QXMHVHEDSA-N,0.5085131121367918,3.499943377495593,2.408049344294746,105,3059,3039,20
C011,500,sparsepca,50,0.8,rf_strong,C18_positive|IK:LWYJCVVIVLBLID-UHFFFAOYSA-N,0.2773791671035714,5.263876519137501,4.488154719398581,105,3059,3039,20
C011,500,sparsepca,50,0.8,rf_strong,C18_positive|IK:MBIZFBDREVRUHY-UHFFFAOYSA-N,0.3892347050475175,4.581555962553669,3.610936310652136,105,3059,3039,20
C011,500,sparsepca,50,0.8,rf_strong,C18_positive|IK:MECHNRXZTMCUDQ-UHFFFAOYSA-N,0.4857125560776065,4.298852710218003,3.101965136100855,105,3059,3039,20
C011,500,sparsepca,50,0.8,rf_strong,C18_positive|IK:OVASVJPBDPJABT-UHFFFAOYSA-N,0.3456380214206958,4.373449244111995,3.146255334184013,105,3059,3039,20
C011,500,sparsepca,50,0.8,rf_strong,C18_positive|IK:OYTCZOJKXCTBHG-UHFFFAOYSA-N,0.4045420259861845,3.811383207912407,2.7607882608243006,105,3059,3039,20
C011,500,sparsepca,50,0.8,rf_strong,C18_positive|IK:PUQSUZTXKPLAPR-UJPOAAIJSA-N,0.3013307005989269,5.280792783008434,4.476330023716552,105,3059,3039,20
C011,500,sparsepca,50,0.8,rf_strong,C18_positive|IK:WCGUUGGRBIKTOS-UHFFFAOYSA-N,0.3097545749857634,5.331116512418519,4.20270534665416,105,3059,3039,20
C011,500,sparsepca,50,0.8,rf_strong,C18_positive|NAME:,0.3354662725528725,0.542479276004454,0.4395053029926352,105,3059,3039,20
C011,500,sparsepca,50,0.8,rf_strong,HILICZ_negative|IK:LWYJCVVIVLBLID-UHFFFAOYSA-N,0.3548275383223482,5.493678348792429,4.563312147161255,105,3059,3039,20
C011,500,sparsepca,50,0.8,rf_strong,HILICZ_negative|IK:QZZGJDVWLFXDLK-UHFFFAOYSA-N,0.3117096616169785,5.145064414748558,4.151361338816925,105,3059,3039,20
C011,500,sparsepca,50,0.8,rf_strong,HILICZ_positive|IK:OYTCZOJKXCTBHG-UHFFFAOYSA-N,0.4507434627950841,4.850586270541891,3.6224874239011022,105,3059,3039,20
C011,500,sparsepca,50,0.8,rf_strong,HILICZ_positive|IK:XPCTZQVDEJYUGT-UHFFFAOYSA-N,0.3446083022423035,5.347372058220319,4.106965593701792,105,3059,3039,20
C012,500,sparsepca,75,0.6,rf_strong,C18_negative|IK:AIONOLUJZLIMTK-UHFFFAOYSA-N,0.4771590988243556,4.199036136735036,3.165689739959118,105,3059,3039,20
C012,500,sparsepca,75,0.6,rf_strong,C18_negative|IK:BJRNKVDFDLYUGJ-RMPHRYRLSA-N,0.2931743661434718,5.101970114681925,4.484180312574898,105,3059,3039,20
C012,500,sparsepca,75,0.6,rf_strong,C18_negative|IK:CKEXCBVNKRHAMX-UHFFFAOYSA-N,0.313816553219972,4.461492026561951,3.614826732439454,105,3059,3039,20
C012,500,sparsepca,75,0.6,rf_strong,C18_negative|IK:GHOKWGTUZJEAQD-UHFFFAOYSA-N,0.3536779642774728,4.575158080728476,3.732168608822231,105,3059,3039,20
C012,500,sparsepca,75,0.6,rf_strong,C18_negative|IK:GUNGQVJAKLIYDG-JXMROGBWSA-N,0.3588535078061312,4.020398401355133,3.0618557825627213,105,3059,3039,20
C012,500,sparsepca,75,0.6,rf_strong,C18_negative|IK:GYUCMTKUEQLBJW-UHFFFAOYSA-N,0.4151329503663333,3.681965128151495,2.528538732155102,105,3059,3039,20
C012,500,sparsepca,75,0.6,rf_strong,C18_negative|IK:KDYFGRWQOYBRFD-UHFFFAOYSA-N,0.3214682358558046,4.8300406365978885,3.627766695438177,105,3059,3039,20
C012,500,sparsepca,75,0.6,rf_strong,C18_negative|IK:LTSJJOKAWSCMBC-UHFFFAOYSA-N,0.4443801179632133,4.001461845350517,3.2325660210176927,105,3059,3039,20
C012,500,sparsepca,75,0.6,rf_strong,C18_negative|IK:NGFMICBWJRZIBI-UHFFFAOYSA-N,0.4006102352115307,1.3446741022985185,1.1359370199228187,105,3059,3039,20
C012,500,sparsepca,75,0.6,rf_strong,C18_negative|IK:OKVJCVWFVRATSG-UHFFFAOYSA-N,0.3283136309110428,4.899092018061336,4.006584172691279,105,3059,3039,20
C012,500,sparsepca,75,0.6,rf_strong,C18_negative|IK:RGHHSNMVTDWUBI-UHFFFAOYSA-N,0.6880481552340336,3.662000410550245,2.529209148660528,105,3059,3039,20
C012,500,sparsepca,75,0.6,rf_strong,C18_negative|IK:UGAGPNKCDRTDHP-UHFFFAOYSA-N,0.2861979284734656,4.862006147128354,3.917610068582323,105,3059,3039,20
C012,500,sparsepca,75,0.6,rf_strong,C18_negative|IK:WLJVXDMOQOGPHL-UHFFFAOYSA-N,0.5928471419066135,3.5779757734434314,2.5160037153012818,105,3059,3039,20
C012,500,sparsepca,75,0.6,rf_strong,C18_negative|IK:ZWNLSRDFHQCTQW-UHFFFAOYSA-N,0.3523208821279542,4.459272703648541,3.528494594269343,105,3059,3039,20
C012,500,sparsepca,75,0.6,rf_strong,C18_positive|IK:GHOKWGTUZJEAQD-UHFFFAOYSA-N,0.3610403201481639,4.619213202075296,3.6765548484100936,105,3059,3039,20
C012,500,sparsepca,75,0.6,rf_strong,C18_positive|IK:GUMFPOIJOXLCLA-JKSUJKDBSA-N,0.4532676674699125,3.4619670243348666,2.431319609860715,105,3059,3039,20
C012,500,sparsepca,75,0.6,rf_strong,C18_positive|IK:IBMRTYCHDPMBFN-UHFFFAOYSA-N,0.3774549731769183,4.475525473919943,3.5341749778098115,105,3059,3039,20
C012,500,sparsepca,75,0.6,rf_strong,C18_positive|IK:LVGKNOAMLMIIKO-QXMHVHEDSA-N,0.5279000058935382,3.430220577169234,2.364660125427585,105,3059,3039,20
C012,500,sparsepca,75,0.6,rf_strong,C18_positive|IK:LWYJCVVIVLBLID-UHFFFAOYSA-N,0.3073666756726922,5.153498397658228,4.382615962428572,105,3059,3039,20
C012,500,sparsepca,75,0.6,rf_strong,C18_positive|IK:MBIZFBDREVRUHY-UHFFFAOYSA-N,0.4057912587735898,4.519031182889104,3.6305584914647,105,3059,3039,20
C012,500,sparsepca,75,0.6,rf_strong,C18_positive|IK:MECHNRXZTMCUDQ-UHFFFAOYSA-N,0.4999179463539492,4.23906659518562,3.1020299848917205,105,3059,3039,20
C012,500,sparsepca,75,0.6,rf_strong,C18_positive|IK:OVASVJPBDPJABT-UHFFFAOYSA-N,0.3420677212426598,4.385364121668008,3.2555644829998105,105,3059,3039,20
C012,500,sparsepca,75,0.6,rf_strong,C18_positive|IK:OYTCZOJKXCTBHG-UHFFFAOYSA-N,0.3899581388784449,3.8577748475820943,2.8130123060253287,105,3059,3039,20
C012,500,sparsepca,75,0.6,rf_strong,C18_positive|IK:PUQSUZTXKPLAPR-UJPOAAIJSA-N,0.3164474473772345,5.223351484000493,4.486004191344503,105,3059,3039,20
C012,500,sparsepca,75,0.6,rf_strong,C18_positive|IK:WCGUUGGRBIKTOS-UHFFFAOYSA-N,0.329646257648545,5.253738167909192,4.143050041507159,105,3059,3039,20
C012,500,sparsepca,75,0.6,rf_strong,C18_positive|NAME:,0.3426703041144453,0.5395308273684469,0.4373948839031048,105,3059,3039,20
C012,500,sparsepca,75,0.6,rf_strong,HILICZ_negative|IK:LWYJCVVIVLBLID-UHFFFAOYSA-N,0.3550142048883634,5.492883553354533,4.616247584867503,105,3059,3039,20
C012,500,sparsepca,75,0.6,rf_strong,HILICZ_negative|IK:QZZGJDVWLFXDLK-UHFFFAOYSA-N,0.3157877073389333,5.129799796098299,4.2092979333860185,105,3059,3039,20
C012,500,sparsepca,75,0.6,rf_strong,HILICZ_positive|IK:OYTCZOJKXCTBHG-UHFFFAOYSA-N,0.4534872455656891,4.838455675065364,3.6375081286300777,105,3059,3039,20
C012,500,sparsepca,75,0.6,rf_strong,HILICZ_positive|IK:XPCTZQVDEJYUGT-UHFFFAOYSA-N,0.359634992366579,5.2857148528770805,4.115325031234098,105,3059,3039,20
C013,500,sparsepca,75,0.7,rf_strong,C18_negative|IK:AIONOLUJZLIMTK-UHFFFAOYSA-N,0.4880129993548908,4.155222673667633,3.105387171313981,105,3059,3039,20
C013,500,sparsepca,75,0.7,rf_strong,C18_negative|IK:BJRNKVDFDLYUGJ-RMPHRYRLSA-N,0.3051100613033717,5.058709919725743,4.425058955303243,105,3059,3039,20
C013,500,sparsepca,75,0.7,rf_strong,C18_negative|IK:CKEXCBVNKRHAMX-UHFFFAOYSA-N,0.3236011771503002,4.42956852099798,3.549731647257238,105,3059,3039,20
C013,500,sparsepca,75,0.7,rf_strong,C18_negative|IK:GHOKWGTUZJEAQD-UHFFFAOYSA-N,0.3632394931089935,4.541190103891911,3.661783856023402,105,3059,3039,20
C013,500,sparsepca,75,0.7,rf_strong,C18_negative|IK:GUNGQVJAKLIYDG-JXMROGBWSA-N,0.3576647859118564,4.024123698549876,3.0578739792163474,105,3059,3039,20
C013,500,sparsepca,75,0.7,rf_strong,C18_negative|IK:GYUCMTKUEQLBJW-UHFFFAOYSA-N,0.4092326789180734,3.700490772326067,2.536864618050595,105,3059,3039,20
C013,500,sparsepca,75,0.7,rf_strong,C18_negative|IK:KDYFGRWQOYBRFD-UHFFFAOYSA-N,0.3265219802368136,4.8120198058408,3.578956782651761,105,3059,3039,20
C013,500,sparsepca,75,0.7,rf_strong,C18_negative|IK:LTSJJOKAWSCMBC-UHFFFAOYSA-N,0.4475026542704845,3.9902020663165656,3.244098556209872,105,3059,3039,20
C013,500,sparsepca,75,0.7,rf_strong,C18_negative|IK:NGFMICBWJRZIBI-UHFFFAOYSA-N,0.4058946515400524,1.3387334361181462,1.1323502460784338,105,3059,3039,20
C013,500,sparsepca,75,0.7,rf_strong,C18_negative|IK:OKVJCVWFVRATSG-UHFFFAOYSA-N,0.3173139624314935,4.9390433681209975,4.032880173351562,105,3059,3039,20
C013,500,sparsepca,75,0.7,rf_strong,C18_negative|IK:RGHHSNMVTDWUBI-UHFFFAOYSA-N,0.6901077018990813,3.64989189037375,2.488652487879246,105,3059,3039,20
C013,500,sparsepca,75,0.7,rf_strong,C18_negative|IK:UGAGPNKCDRTDHP-UHFFFAOYSA-N,0.2879470705015433,4.856045422225114,3.8852868512365535,105,3059,3039,20
C013,500,sparsepca,75,0.7,rf_strong,C18_negative|IK:WLJVXDMOQOGPHL-UHFFFAOYSA-N,0.59736530416021,3.558068049121409,2.4699672619964623,105,3059,3039,20
C013,500,sparsepca,75,0.7,rf_strong,C18_negative|IK:ZWNLSRDFHQCTQW-UHFFFAOYSA-N,0.3604119007979397,4.431331823641662,3.495208798458883,105,3059,3039,20
C013,500,sparsepca,75,0.7,rf_strong,C18_positive|IK:GHOKWGTUZJEAQD-UHFFFAOYSA-N,0.363149524604015,4.611582893804184,3.639061689001306,105,3059,3039,20
C013,500,sparsepca,75,0.7,rf_strong,C18_positive|IK:GUMFPOIJOXLCLA-JKSUJKDBSA-N,0.4286095365229773,3.5391750346220987,2.4958388001473346,105,3059,3039,20
C013,500,sparsepca,75,0.7,rf_strong,C18_positive|IK:IBMRTYCHDPMBFN-UHFFFAOYSA-N,0.3786788554512329,4.471124016340418,3.5046872678374004,105,3059,3039,20
C013,500,sparsepca,75,0.7,rf_strong,C18_positive|IK:LVGKNOAMLMIIKO-QXMHVHEDSA-N,0.5273307827508193,3.4322879069222574,2.3709351737496918,105,3059,3039,20
C013,500,sparsepca,75,0.7,rf_strong,C18_positive|IK:LWYJCVVIVLBLID-UHFFFAOYSA-N,0.3041832855959198,5.165327736479528,4.391029533579053,105,3059,3039,20
C013,500,sparsepca,75,0.7,rf_strong,C18_positive|IK:MBIZFBDREVRUHY-UHFFFAOYSA-N,0.4034172283481634,4.528049582040857,3.605834950308049,105,3059,3039,20
C013,500,sparsepca,75,0.7,rf_strong,C18_positive|IK:MECHNRXZTMCUDQ-UHFFFAOYSA-N,0.5026954466594089,4.227278126964008,3.071901633838442,105,3059,3039,20
C013,500,sparsepca,75,0.7,rf_strong,C18_positive|IK:OVASVJPBDPJABT-UHFFFAOYSA-N,0.3341531648007763,4.41166200674693,3.238729302683107,105,3059,3039,20
C013,500,sparsepca,75,0.7,rf_strong,C18_positive|IK:OYTCZOJKXCTBHG-UHFFFAOYSA-N,0.3993526739529824,3.827955077552225,2.7791454488227965,105,3059,3039,20
C013,500,sparsepca,75,0.7,rf_strong,C18_positive|IK:PUQSUZTXKPLAPR-UJPOAAIJSA-N,0.3160313168615931,5.224941168093082,4.469102045251144,105,3059,3039,20
C013,500,sparsepca,75,0.7,rf_strong,C18_positive|IK:WCGUUGGRBIKTOS-UHFFFAOYSA-N,0.3205949920051112,5.289087815166493,4.180227889921,105,3059,3039,20
C013,500,sparsepca,75,0.7,rf_strong,C18_positive|NAME:,0.340795701029794,0.5402996090713841,0.4358287756450088,105,3059,3039,20
C013,500,sparsepca,75,0.7,rf_strong,HILICZ_negative|IK:LWYJCVVIVLBLID-UHFFFAOYSA-N,0.360061107200686,5.471350916367475,4.585593943079347,105,3059,3039,20
C013,500,sparsepca,75,0.7,rf_strong,HILICZ_negative|IK:QZZGJDVWLFXDLK-UHFFFAOYSA-N,0.3163108614375495,5.127838278449965,4.177639006283445,105,3059,3039,20
C013,500,sparsepca,75,0.7,rf_strong,HILICZ_positive|IK:OYTCZOJKXCTBHG-UHFFFAOYSA-N,0.4569369375646395,4.823160876702175,3.609745245914346,105,3059,3039,20
C013,500,sparsepca,75,0.7,rf_strong,HILICZ_positive|IK:XPCTZQVDEJYUGT-UHFFFAOYSA-N,0.3653993937308086,5.261870748032244,4.08059973930348,105,3059,3039,20
C014,500,sparsepca,75,0.8,rf_strong,C18_negative|IK:AIONOLUJZLIMTK-UHFFFAOYSA-N,0.4962860314580039,4.121514500612063,3.0469844416076017,105,3059,3039,20
C014,500,sparsepca,75,0.8,rf_strong,C18_negative|IK:BJRNKVDFDLYUGJ-RMPHRYRLSA-N,0.3142786305651858,5.025226098225637,4.365937598031587,105,3059,3039,20
C014,500,sparsepca,75,0.8,rf_strong,C18_negative|IK:CKEXCBVNKRHAMX-UHFFFAOYSA-N,0.3293197383643036,4.410804054947601,3.4846365620750217,105,3059,3039,20
C014,500,sparsepca,75,0.8,rf_strong,C18_negative|IK:GHOKWGTUZJEAQD-UHFFFAOYSA-N,0.3686760537394874,4.521762565779357,3.5913991032245742,105,3059,3039,20
C014,500,sparsepca,75,0.8,rf_strong,C18_negative|IK:GUNGQVJAKLIYDG-JXMROGBWSA-N,0.3538084497500128,4.036185275941124,3.053892175869973,105,3059,3039,20
C014,500,sparsepca,75,0.8,rf_strong,C18_negative|IK:GYUCMTKUEQLBJW-UHFFFAOYSA-N,0.4006564454562608,3.727254203931294,2.545190503946088,105,3059,3039,20
C014,500,sparsepca,75,0.8,rf_strong,C18_negative|IK:KDYFGRWQOYBRFD-UHFFFAOYSA-N,0.3265896843679993,4.811777925780139,3.5301468698653453,105,3059,3039,20
C014,500,sparsepca,75,0.8,rf_strong,C18_negative|IK:LTSJJOKAWSCMBC-UHFFFAOYSA-N,0.448318483363934,3.98725497022,3.2556310914020514,105,3059,3039,20
C014,500,sparsepca,75,0.8,rf_strong,C18_negative|IK:NGFMICBWJRZIBI-UHFFFAOYSA-N,0.4075487371770663,1.336868511655126,1.1304016686498377,105,3059,3039,20
C014,500,sparsepca,75,0.8,rf_strong,C18_negative|IK:OKVJCVWFVRATSG-UHFFFAOYSA-N,0.3041952941450543,4.98627251185928,4.059176174011847,105,3059,3039,20
C014,500,sparsepca,75,0.8,rf_strong,C18_negative|IK:RGHHSNMVTDWUBI-UHFFFAOYSA-N,0.6883346840336209,3.660318244457607,2.4524165371020428,105,3059,3039,20
C014,500,sparsepca,75,0.8,rf_strong,C18_negative|IK:UGAGPNKCDRTDHP-UHFFFAOYSA-N,0.2862561738242976,4.86180777628979,3.852963633890785,105,3059,3039,20
C014,500,sparsepca,75,0.8,rf_strong,C18_negative|IK:WLJVXDMOQOGPHL-UHFFFAOYSA-N,0.5985253449738548,3.5529387328310937,2.4253068474967057,105,3059,3039,20
C014,500,sparsepca,75,0.8,rf_strong,C18_negative|IK:ZWNLSRDFHQCTQW-UHFFFAOYSA-N,0.366097346850294,4.411592293362635,3.462688907997303,105,3059,3039,20
C014,500,sparsepca,75,0.8,rf_strong,C18_positive|IK:GHOKWGTUZJEAQD-UHFFFAOYSA-N,0.3610656447954347,4.619121661788934,3.6015685295925195,105,3059,3039,20
C014,500,sparsepca,75,0.8,rf_strong,C18_positive|IK:GUMFPOIJOXLCLA-JKSUJKDBSA-N,0.4003381011653114,3.625674196264223,2.560357990433954,105,3059,3039,20
C014,500,sparsepca,75,0.8,rf_strong,C18_positive|IK:IBMRTYCHDPMBFN-UHFFFAOYSA-N,0.3756158181883021,4.482131513934647,3.4751995578649884,105,3059,3039,20
C014,500,sparsepca,75,0.8,rf_strong,C18_positive|IK:LVGKNOAMLMIIKO-QXMHVHEDSA-N,0.5243671813134118,3.44303119046401,2.3772102220717963,105,3059,3039,20
C014,500,sparsepca,75,0.8,rf_strong,C18_positive|IK:LWYJCVVIVLBLID-UHFFFAOYSA-N,0.2979010347110903,5.18859318024273,4.399443104729535,105,3059,3039,20
C014,500,sparsepca,75,0.8,rf_strong,C18_positive|IK:MBIZFBDREVRUHY-UHFFFAOYSA-N,0.3971559304021075,4.551749115141216,3.5822019377825374,105,3059,3039,20
C014,500,sparsepca,75,0.8,rf_strong,C18_positive|IK:MECHNRXZTMCUDQ-UHFFFAOYSA-N,0.502289314295414,4.229003914582336,3.041773282785164,105,3059,3039,20
C014,500,sparsepca,75,0.8,rf_strong,C18_positive|IK:OVASVJPBDPJABT-UHFFFAOYSA-N,0.3216368871171202,4.452933141346073,3.22337091336944,105,3059,3039,20
C014,500,sparsepca,75,0.8,rf_strong,C18_positive|IK:OYTCZOJKXCTBHG-UHFFFAOYSA-N,0.4060907228864354,3.806423562890128,2.7452785916202647,105,3059,3039,20
C014,500,sparsepca,75,0.8,rf_strong,C18_positive|IK:PUQSUZTXKPLAPR-UJPOAAIJSA-N,0.3120126231889134,5.240268394267159,4.452199899157784,105,3059,3039,20
C014,500,sparsepca,75,0.8,rf_strong,C18_positive|IK:WCGUUGGRBIKTOS-UHFFFAOYSA-N,0.3072032835093748,5.340959885912559,4.217405738334836,105,3059,3039,20
C014,500,sparsepca,75,0.8,rf_strong,C18_positive|NAME:,0.3347773609093716,0.5427603930244447,0.4362156224984352,105,3059,3039,20
C014,500,sparsepca,75,0.8,rf_strong,HILICZ_negative|IK:LWYJCVVIVLBLID-UHFFFAOYSA-N,0.3618457556768576,5.463716394219459,4.554940301291192,105,3059,3039,20
C014,500,sparsepca,75,0.8,rf_strong,HILICZ_negative|IK:QZZGJDVWLFXDLK-UHFFFAOYSA-N,0.3133932015856322,5.138768216548679,4.145989468861891,105,3059,3039,20
C014,500,sparsepca,75,0.8,rf_strong,HILICZ_positive|IK:OYTCZOJKXCTBHG-UHFFFAOYSA-N,0.4577675837923957,4.819470813963463,3.584269784300011,105,3059,3039,20
C014,500,sparsepca,75,0.8,rf_strong,HILICZ_positive|IK:XPCTZQVDEJYUGT-UHFFFAOYSA-N,0.36830899782347,5.249794215437656,4.045874447372862,105,3059,3039,20
C015,500,sparsepca,100,0.6,rf_strong,C18_negative|IK:AIONOLUJZLIMTK-UHFFFAOYSA-N,0.4777062017188304,4.196838617268583,3.170904916880301,105,3059,3039,20
C015,500,sparsepca,100,0.6,rf_strong,C18_negative|IK:BJRNKVDFDLYUGJ-RMPHRYRLSA-N,0.2971101055631383,5.087745916819364,4.457007937903363,105,3059,3039,20
C015,500,sparsepca,100,0.6,rf_strong,C18_negative|IK:CKEXCBVNKRHAMX-UHFFFAOYSA-N,0.3177361405460188,4.448731407167239,3.620798330695121,105,3059,3039,20
C015,500,sparsepca,100,0.6,rf_strong,C18_negative|IK:GHOKWGTUZJEAQD-UHFFFAOYSA-N,0.3487839268834662,4.592447269641698,3.774873079518418,105,3059,3039,20
C015,500,sparsepca,100,0.6,rf_strong,C18_negative|IK:GUNGQVJAKLIYDG-JXMROGBWSA-N,0.3664050959303393,3.9966516276421,3.0510599161970475,105,3059,3039,20
C015,500,sparsepca,100,0.6,rf_strong,C18_negative|IK:GYUCMTKUEQLBJW-UHFFFAOYSA-N,0.4094005674025391,3.699964918990185,2.5364228661908683,105,3059,3039,20
C015,500,sparsepca,100,0.6,rf_strong,C18_negative|IK:KDYFGRWQOYBRFD-UHFFFAOYSA-N,0.3329327051311967,4.789062637044892,3.607919261522837,105,3059,3039,20
C015,500,sparsepca,100,0.6,rf_strong,C18_negative|IK:LTSJJOKAWSCMBC-UHFFFAOYSA-N,0.441859828052124,4.010526885950766,3.214623908653416,105,3059,3039,20
C015,500,sparsepca,100,0.6,rf_strong,C18_negative|IK:NGFMICBWJRZIBI-UHFFFAOYSA-N,0.392720930543834,1.3534946262185688,1.145274373149788,105,3059,3039,20
C015,500,sparsepca,100,0.6,rf_strong,C18_negative|IK:OKVJCVWFVRATSG-UHFFFAOYSA-N,0.3234670202427473,4.916735158418483,4.000496406032824,105,3059,3039,20
C015,500,sparsepca,100,0.6,rf_strong,C18_negative|IK:RGHHSNMVTDWUBI-UHFFFAOYSA-N,0.6896626738609574,3.652511706194728,2.511801996205476,105,3059,3039,20
C015,500,sparsepca,100,0.6,rf_strong,C18_negative|IK:UGAGPNKCDRTDHP-UHFFFAOYSA-N,0.2806734041749296,4.8807848117986365,3.938284601539165,105,3059,3039,20
C015,500,sparsepca,100,0.6,rf_strong,C18_negative|IK:WLJVXDMOQOGPHL-UHFFFAOYSA-N,0.5919049739084039,3.58211317082341,2.5118474792039613,105,3059,3039,20
C015,500,sparsepca,100,0.6,rf_strong,C18_negative|IK:ZWNLSRDFHQCTQW-UHFFFAOYSA-N,0.3557986323150909,4.447284428727554,3.532103560036444,105,3059,3039,20
C015,500,sparsepca,100,0.6,rf_strong,C18_positive|IK:GHOKWGTUZJEAQD-UHFFFAOYSA-N,0.3509609054616733,4.655504056734821,3.699843019682864,105,3059,3039,20
C015,500,sparsepca,100,0.6,rf_strong,C18_positive|IK:GUMFPOIJOXLCLA-JKSUJKDBSA-N,0.4639694408757456,3.4279171962867228,2.39238674823825,105,3059,3039,20
C015,500,sparsepca,100,0.6,rf_strong,C18_positive|IK:IBMRTYCHDPMBFN-UHFFFAOYSA-N,0.3705566304978241,4.500253526307637,3.553309227775581,105,3059,3039,20
C015,500,sparsepca,100,0.6,rf_strong,C18_positive|IK:LVGKNOAMLMIIKO-QXMHVHEDSA-N,0.5262072727495697,3.4363646701925026,2.3583740702023164,105,3059,3039,20
C015,500,sparsepca,100,0.6,rf_strong,C18_positive|IK:LWYJCVVIVLBLID-UHFFFAOYSA-N,0.3046677585632162,5.16352920437352,4.417089178191138,105,3059,3039,20
C015,500,sparsepca,100,0.6,rf_strong,C18_positive|IK:MBIZFBDREVRUHY-UHFFFAOYSA-N,0.3922378951350458,4.570278112290318,3.659831788120816,105,3059,3039,20
C015,500,sparsepca,100,0.6,rf_strong,C18_positive|IK:MECHNRXZTMCUDQ-UHFFFAOYSA-N,0.4968820973754709,4.251914180638969,3.1033051855877742,105,3059,3039,20
C015,500,sparsepca,100,0.6,rf_strong,C18_positive|IK:OVASVJPBDPJABT-UHFFFAOYSA-N,0.3415115577196879,4.3872172488257295,3.2555584856488977,105,3059,3039,20
C015,500,sparsepca,100,0.6,rf_strong,C18_positive|IK:OYTCZOJKXCTBHG-UHFFFAOYSA-N,0.4010426564327721,3.8225661133724023,2.7679693556044027,105,3059,3039,20
C015,500,sparsepca,100,0.6,rf_strong,C18_positive|IK:PUQSUZTXKPLAPR-UJPOAAIJSA-N,0.3097625317480882,5.24883065746012,4.499245111445202,105,3059,3039,20
C015,500,sparsepca,100,0.6,rf_strong,C18_positive|IK:WCGUUGGRBIKTOS-UHFFFAOYSA-N,0.3232341763704018,5.278804949941925,4.165159601436811,105,3059,3039,20
C015,500,sparsepca,100,0.6,rf_strong,C18_positive|NAME:,0.3444310741880744,0.5388077299855185,0.4390047623456117,105,3059,3039,20
C015,500,sparsepca,100,0.6,rf_strong,HILICZ_negative|IK:LWYJCVVIVLBLID-UHFFFAOYSA-N,0.3472965728094926,5.5256486128869575,4.628748167064379,105,3059,3039,20
C015,500,sparsepca,100,0.6,rf_strong,HILICZ_negative|IK:QZZGJDVWLFXDLK-UHFFFAOYSA-N,0.312044635135389,5.143812275952234,4.239969033340358,105,3059,3039,20
C015,500,sparsepca,100,0.6,rf_strong,HILICZ_positive|IK:OYTCZOJKXCTBHG-UHFFFAOYSA-N,0.4310251953922166,4.936886394890612,3.711315476970512,105,3059,3039,20
C015,500,sparsepca,100,0.6,rf_strong,HILICZ_positive|IK:XPCTZQVDEJYUGT-UHFFFAOYSA-N,0.3632319666587,5.270848835679114,4.1044618851350005,105,3059,3039,20
C016,500,sparsepca,100,0.7,rf_strong,C18_negative|IK:AIONOLUJZLIMTK-UHFFFAOYSA-N,0.4884182081988164,4.153578035961446,3.1129485743783025,105,3059,3039,20
C016,500,sparsepca,100,0.7,rf_strong,C18_negative|IK:BJRNKVDFDLYUGJ-RMPHRYRLSA-N,0.3087530415644813,5.045432279463268,4.393357851519784,105,3059,3039,20
C016,500,sparsepca,100,0.7,rf_strong,C18_negative|IK:CKEXCBVNKRHAMX-UHFFFAOYSA-N,0.3280294883587805,4.415044753396286,3.55669851188885,105,3059,3039,20
C016,500,sparsepca,100,0.7,rf_strong,C18_negative|IK:GHOKWGTUZJEAQD-UHFFFAOYSA-N,0.3576028272861346,4.561245346766599,3.7116057385022887,105,3059,3039,20
C016,500,sparsepca,100,0.7,rf_strong,C18_negative|IK:GUNGQVJAKLIYDG-JXMROGBWSA-N,0.3662669161474166,3.997087415827786,3.0452788017897285,105,3059,3039,20
C016,500,sparsepca,100,0.7,rf_strong,C18_negative|IK:GYUCMTKUEQLBJW-UHFFFAOYSA-N,0.4030356918074144,3.719848706358741,2.5460627744256548,105,3059,3039,20
C016,500,sparsepca,100,0.7,rf_strong,C18_negative|IK:KDYFGRWQOYBRFD-UHFFFAOYSA-N,0.3385737679206996,4.768770261713765,3.555801443083864,105,3059,3039,20
C016,500,sparsepca,100,0.7,rf_strong,C18_negative|IK:LTSJJOKAWSCMBC-UHFFFAOYSA-N,0.4438487830722579,4.003374671284069,3.223166091784883,105,3059,3039,20
C016,500,sparsepca,100,0.7,rf_strong,C18_negative|IK:NGFMICBWJRZIBI-UHFFFAOYSA-N,0.3968731295847941,1.3488595096462912,1.1433392893681953,105,3059,3039,20
C016,500,sparsepca,100,0.7,rf_strong,C18_negative|IK:OKVJCVWFVRATSG-UHFFFAOYSA-N,0.3104711940281736,4.963734412853225,4.0257777789167,105,3059,3039,20
C016,500,sparsepca,100,0.7,rf_strong,C18_negative|IK:RGHHSNMVTDWUBI-UHFFFAOYSA-N,0.692494436826552,3.635809316073714,2.46992097827341,105,3059,3039,20
C016,500,sparsepca,100,0.7,rf_strong,C18_negative|IK:UGAGPNKCDRTDHP-UHFFFAOYSA-N,0.2819450029060748,4.876468868875578,3.9094071396862025,105,3059,3039,20
C016,500,sparsepca,100,0.7,rf_strong,C18_negative|IK:WLJVXDMOQOGPHL-UHFFFAOYSA-N,0.5956692175028518,3.565554301314766,2.464712107887086,105,3059,3039,20
C016,500,sparsepca,100,0.7,rf_strong,C18_negative|IK:ZWNLSRDFHQCTQW-UHFFFAOYSA-N,0.3642754060374206,4.41792756653406,3.499011551027189,105,3059,3039,20
C016,500,sparsepca,100,0.7,rf_strong,C18_positive|IK:GHOKWGTUZJEAQD-UHFFFAOYSA-N,0.3506419602086893,4.656647800276814,3.666231222152872,105,3059,3039,20
C016,500,sparsepca,100,0.7,rf_strong,C18_positive|IK:GUMFPOIJOXLCLA-JKSUJKDBSA-N,0.4411618264496338,3.500084910035354,2.45041712825446,105,3059,3039,20
C016,500,sparsepca,100,0.7,rf_strong,C18_positive|IK:IBMRTYCHDPMBFN-UHFFFAOYSA-N,0.3701449347125946,4.501725010992751,3.527010559464132,105,3059,3039,20
C016,500,sparsepca,100,0.7,rf_strong,C18_positive|IK:LVGKNOAMLMIIKO-QXMHVHEDSA-N,0.5252552243931966,3.4398154866575803,2.363601442653543,105,3059,3039,20
C016,500,sparsepca,100,0.7,rf_strong,C18_positive|IK:LWYJCVVIVLBLID-UHFFFAOYSA-N,0.3004780867465578,5.179062068780332,4.431248285302048,105,3059,3039,20
C016,500,sparsepca,100,0.7,rf_strong,C18_positive|IK:MBIZFBDREVRUHY-UHFFFAOYSA-N,0.3875834975213036,4.5877449140026325,3.639987129740184,105,3059,3039,20
C016,500,sparsepca,100,0.7,rf_strong,C18_positive|IK:MECHNRXZTMCUDQ-UHFFFAOYSA-N,0.4996520197606546,4.240193540961497,3.073389367983838,105,3059,3039,20
C016,500,sparsepca,100,0.7,rf_strong,C18_positive|IK:OVASVJPBDPJABT-UHFFFAOYSA-N,0.333294683072433,4.414505086454892,3.238722305773708,105,3059,3039,20
C016,500,sparsepca,100,0.7,rf_strong,C18_positive|IK:OYTCZOJKXCTBHG-UHFFFAOYSA-N,0.4122165410591022,3.7867421923216646,2.726595339998383,105,3059,3039,20
C016,500,sparsepca,100,0.7,rf_strong,C18_positive|IK:PUQSUZTXKPLAPR-UJPOAAIJSA-N,0.3094007104070884,5.250206191401944,4.484549785368626,105,3059,3039,20
C016,500,sparsepca,100,0.7,rf_strong,C18_positive|IK:WCGUUGGRBIKTOS-UHFFFAOYSA-N,0.3120328765935002,5.322310999206048,4.20602237650559,105,3059,3039,20
C016,500,sparsepca,100,0.7,rf_strong,C18_positive|NAME:,0.3440862436794805,0.5389494183040422,0.4373860422567464,105,3059,3039,20
C016,500,sparsepca,100,0.7,rf_strong,HILICZ_negative|IK:LWYJCVVIVLBLID-UHFFFAOYSA-N,0.3514744507482533,5.507935709101593,4.600177955642369,105,3059,3039,20
C016,500,sparsepca,100,0.7,rf_strong,HILICZ_negative|IK:QZZGJDVWLFXDLK-UHFFFAOYSA-N,0.3121013355097124,5.14360029847076,4.213421956230175,105,3059,3039,20
C016,500,sparsepca,100,0.7,rf_strong,HILICZ_positive|IK:OYTCZOJKXCTBHG-UHFFFAOYSA-N,0.4299821015197704,4.941409686499616,3.695853818978187,105,3059,3039,20
C016,500,sparsepca,100,0.7,rf_strong,HILICZ_positive|IK:XPCTZQVDEJYUGT-UHFFFAOYSA-N,0.3695838017821597,5.244494283732027,4.067926068854533,105,3059,3039,20
C017,500,sparsepca,100,0.8,rf_strong,C18_negative|IK:AIONOLUJZLIMTK-UHFFFAOYSA-N,0.4964827525752958,4.120709611165628,3.0549922318763034,105,3059,3039,20
C017,500,sparsepca,100,0.8,rf_strong,C18_negative|IK:BJRNKVDFDLYUGJ-RMPHRYRLSA-N,0.317357790031024,5.013930780033896,4.329707765136207,105,3059,3039,20
C017,500,sparsepca,100,0.8,rf_strong,C18_negative|IK:CKEXCBVNKRHAMX-UHFFFAOYSA-N,0.3342154761203866,4.394675883937492,3.4925986930825785,105,3059,3039,20
C017,500,sparsepca,100,0.8,rf_strong,C18_negative|IK:GHOKWGTUZJEAQD-UHFFFAOYSA-N,0.3623176293363898,4.544476146683431,3.648338397486159,105,3059,3039,20
C017,500,sparsepca,100,0.8,rf_strong,C18_negative|IK:GUNGQVJAKLIYDG-JXMROGBWSA-N,0.3634016775513968,4.00611305588277,3.03949768738241,105,3059,3039,20
C017,500,sparsepca,100,0.8,rf_strong,C18_negative|IK:GYUCMTKUEQLBJW-UHFFFAOYSA-N,0.3941350807740991,3.747477180755806,2.555702682660442,105,3059,3039,20
C017,500,sparsepca,100,0.8,rf_strong,C18_negative|IK:KDYFGRWQOYBRFD-UHFFFAOYSA-N,0.3388506686115965,4.767771953855168,3.503683624644892,105,3059,3039,20
C017,500,sparsepca,100,0.8,rf_strong,C18_negative|IK:LTSJJOKAWSCMBC-UHFFFAOYSA-N,0.4433271643161064,4.005251630139105,3.2317082749163486,105,3059,3039,20
C017,500,sparsepca,100,0.8,rf_strong,C18_negative|IK:NGFMICBWJRZIBI-UHFFFAOYSA-N,0.3974471884553102,1.3482174315498143,1.1433668026566404,105,3059,3039,20
C017,500,sparsepca,100,0.8,rf_strong,C18_negative|IK:OKVJCVWFVRATSG-UHFFFAOYSA-N,0.2950168282094793,5.01905210623974,4.051059151800573,105,3059,3039,20
C017,500,sparsepca,100,0.8,rf_strong,C18_negative|IK:RGHHSNMVTDWUBI-UHFFFAOYSA-N,0.6916373866509886,3.6408724811055393,2.4313340305371764,105,3059,3039,20
C017,500,sparsepca,100,0.8,rf_strong,C18_negative|IK:UGAGPNKCDRTDHP-UHFFFAOYSA-N,0.2799031945755604,4.883397131146167,3.8805296778332417,105,3059,3039,20
C017,500,sparsepca,100,0.8,rf_strong,C18_negative|IK:WLJVXDMOQOGPHL-UHFFFAOYSA-N,0.5959047994689348,3.5645154208764915,2.4200617182007047,105,3059,3039,20
C017,500,sparsepca,100,0.8,rf_strong,C18_negative|IK:ZWNLSRDFHQCTQW-UHFFFAOYSA-N,0.3702912157195918,4.396974636672264,3.4664847299146584,105,3059,3039,20
C017,500,sparsepca,100,0.8,rf_strong,C18_positive|IK:GHOKWGTUZJEAQD-UHFFFAOYSA-N,0.3459161457595348,4.673561858634843,3.632619424622881,105,3059,3039,20
C017,500,sparsepca,100,0.8,rf_strong,C18_positive|IK:GUMFPOIJOXLCLA-JKSUJKDBSA-N,0.4147600183613202,3.5818099777762,2.508447508270668,105,3059,3039,20
C017,500,sparsepca,100,0.8,rf_strong,C18_positive|IK:IBMRTYCHDPMBFN-UHFFFAOYSA-N,0.3653075038816349,4.518979083944795,3.5007118911526813,105,3059,3039,20
C017,500,sparsepca,100,0.8,rf_strong,C18_positive|IK:LVGKNOAMLMIIKO-QXMHVHEDSA-N,0.521880025449851,3.452021517963001,2.36882881510477,105,3059,3039,20
C017,500,sparsepca,100,0.8,rf_strong,C18_positive|IK:LWYJCVVIVLBLID-UHFFFAOYSA-N,0.2930305649156596,5.2065587469573495,4.445407392412957,105,3059,3039,20
C017,500,sparsepca,100,0.8,rf_strong,C18_positive|IK:MBIZFBDREVRUHY-UHFFFAOYSA-N,0.3790356971730575,4.619650682277263,3.6204388378972654,105,3059,3039,20
C017,500,sparsepca,100,0.8,rf_strong,C18_positive|IK:MECHNRXZTMCUDQ-UHFFFAOYSA-N,0.4993807085933753,4.241342996935667,3.0434735503799013,105,3059,3039,20
C017,500,sparsepca,100,0.8,rf_strong,C18_positive|IK:OVASVJPBDPJABT-UHFFFAOYSA-N,0.3204161945305839,4.456937795522838,3.22188612589852,105,3059,3039,20
C017,500,sparsepca,100,0.8,rf_strong,C18_positive|IK:OYTCZOJKXCTBHG-UHFFFAOYSA-N,0.4207144909613205,3.759268891296366,2.685221324392362,105,3059,3039,20
C017,500,sparsepca,100,0.8,rf_strong,C18_positive|IK:PUQSUZTXKPLAPR-UJPOAAIJSA-N,0.3057701721317641,5.263988488194834,4.4698544592920495,105,3059,3039,20
C017,500,sparsepca,100,0.8,rf_strong,C18_positive|IK:WCGUUGGRBIKTOS-UHFFFAOYSA-N,0.2961821757013118,5.383274633989148,4.246885151574371,105,3059,3039,20
C017,500,sparsepca,100,0.8,rf_strong,C18_positive|NAME:,0.3399509078200078,0.5406457045830064,0.4361494824328297,105,3059,3039,20
C017,500,sparsepca,100,0.8,rf_strong,HILICZ_negative|IK:LWYJCVVIVLBLID-UHFFFAOYSA-N,0.3525092884621725,5.503539509762359,4.571607744220358,105,3059,3039,20
C017,500,sparsepca,100,0.8,rf_strong,HILICZ_negative|IK:QZZGJDVWLFXDLK-UHFFFAOYSA-N,0.3087621909743493,5.156069019145376,4.186874879119993,105,3059,3039,20
C017,500,sparsepca,100,0.8,rf_strong,HILICZ_positive|IK:OYTCZOJKXCTBHG-UHFFFAOYSA-N,0.4261059302068493,4.958182229058275,3.681000581068119,105,3059,3039,20
C017,500,sparsepca,100,0.8,rf_strong,HILICZ_positive|IK:XPCTZQVDEJYUGT-UHFFFAOYSA-N,0.3730773933608732,5.229942329226759,4.031390252574065,105,3059,3039,20
C018,800,sparsepca,50,0.6,rf_strong,C18_negative|IK:AIONOLUJZLIMTK-UHFFFAOYSA-N,0.4641281470269254,4.251041139940249,3.223767985876268,105,3059,3039,20
C018,800,sparsepca,50,0.6,rf_strong,C18_negative|IK:BJRNKVDFDLYUGJ-RMPHRYRLSA-N,0.2733081733446139,5.173171811909291,4.560747653150888,105,3059,3039,20
C018,800,sparsepca,50,0.6,rf_strong,C18_negative|IK:CKEXCBVNKRHAMX-UHFFFAOYSA-N,0.3008886975780434,4.503323689808527,3.684156677507163,105,3059,3039,20
C018,800,sparsepca,50,0.6,rf_strong,C18_negative|IK:GHOKWGTUZJEAQD-UHFFFAOYSA-N,0.3437412678300916,4.610193674028593,3.7847255638894577,105,3059,3039,20
C018,800,sparsepca,50,0.6,rf_strong,C18_negative|IK:GUNGQVJAKLIYDG-JXMROGBWSA-N,0.3557114949039601,4.030237576400549,3.040015645169903,105,3059,3039,20
C018,800,sparsepca,50,0.6,rf_strong,C18_negative|IK:GYUCMTKUEQLBJW-UHFFFAOYSA-N,0.4438316065620262,3.5904943361171684,2.4692292212242823,105,3059,3039,20
C018,800,sparsepca,50,0.6,rf_strong,C18_negative|IK:KDYFGRWQOYBRFD-UHFFFAOYSA-N,0.3256960460747591,4.814969563405271,3.5999527389032626,105,3059,3039,20
C018,800,sparsepca,50,0.6,rf_strong,C18_negative|IK:LTSJJOKAWSCMBC-UHFFFAOYSA-N,0.4416701537807194,4.011208282118878,3.225378844969858,105,3059,3039,20
C018,800,sparsepca,50,0.6,rf_strong,C18_negative|IK:NGFMICBWJRZIBI-UHFFFAOYSA-N,0.3883639983850858,1.3583412816980394,1.145451799231859,105,3059,3039,20
C018,800,sparsepca,50,0.6,rf_strong,C18_negative|IK:OKVJCVWFVRATSG-UHFFFAOYSA-N,0.3546405854811416,4.802121611995871,3.8854980734442535,105,3059,3039,20
C018,800,sparsepca,50,0.6,rf_strong,C18_negative|IK:RGHHSNMVTDWUBI-UHFFFAOYSA-N,0.6832671615377358,3.689955731492109,2.5622680032721448,105,3059,3039,20
C018,800,sparsepca,50,0.6,rf_strong,C18_negative|IK:UGAGPNKCDRTDHP-UHFFFAOYSA-N,0.2984911433918469,4.819957188580815,3.909969438957616,105,3059,3039,20
C018,800,sparsepca,50,0.6,rf_strong,C18_negative|IK:WLJVXDMOQOGPHL-UHFFFAOYSA-N,0.5819133401266028,3.625699502574594,2.5647966945175704,105,3059,3039,20
C018,800,sparsepca,50,0.6,rf_strong,C18_negative|IK:ZWNLSRDFHQCTQW-UHFFFAOYSA-N,0.3405089144341299,4.499751696682778,3.574923053929427,105,3059,3039,20
C018,800,sparsepca,50,0.6,rf_strong,C18_positive|IK:GHOKWGTUZJEAQD-UHFFFAOYSA-N,0.3440469661467065,4.680234928421754,3.680498709720604,105,3059,3039,20
C018,800,sparsepca,50,0.6,rf_strong,C18_positive|IK:GUMFPOIJOXLCLA-JKSUJKDBSA-N,0.4506181315470661,3.470345456874412,2.4450949159882445,105,3059,3039,20
C018,800,sparsepca,50,0.6,rf_strong,C18_positive|IK:IBMRTYCHDPMBFN-UHFFFAOYSA-N,0.3541471061889032,4.558536686005397,3.5856669877186103,105,3059,3039,20
C018,800,sparsepca,50,0.6,rf_strong,C18_positive|IK:LVGKNOAMLMIIKO-QXMHVHEDSA-N,0.5262107089016148,3.436352209160263,2.387517786613812,105,3059,3039,20
C018,800,sparsepca,50,0.6,rf_strong,C18_positive|IK:LWYJCVVIVLBLID-UHFFFAOYSA-N,0.3007175121385984,5.178175674040933,4.431262774969698,105,3059,3039,20
C018,800,sparsepca,50,0.6,rf_strong,C18_positive|IK:MBIZFBDREVRUHY-UHFFFAOYSA-N,0.3952421024713778,4.558968529037335,3.697230462469901,105,3059,3039,20
C018,800,sparsepca,50,0.6,rf_strong,C18_positive|IK:MECHNRXZTMCUDQ-UHFFFAOYSA-N,0.491280026859181,4.275520559671298,3.172655497155163,105,3059,3039,20
C018,800,sparsepca,50,0.6,rf_strong,C18_positive|IK:OVASVJPBDPJABT-UHFFFAOYSA-N,0.3535163883041629,4.347041860005915,3.238392017497922,105,3059,3039,20
C018,800,sparsepca,50,0.6,rf_strong,C18_positive|IK:OYTCZOJKXCTBHG-UHFFFAOYSA-N,0.3904402359415208,3.856250206710985,2.8193608174069205,105,3059,3039,20
C018,800,sparsepca,50,0.6,rf_strong,C18_positive|IK:PUQSUZTXKPLAPR-UJPOAAIJSA-N,0.3186420734804754,5.214959649794418,4.5105248201034005,105,3059,3039,20
C018,800,sparsepca,50,0.6,rf_strong,C18_positive|IK:WCGUUGGRBIKTOS-UHFFFAOYSA-N,0.3276583201920128,5.261522394863583,4.161020545900194,105,3059,3039,20
C018,800,sparsepca,50,0.6,rf_strong,C18_positive|NAME:,0.321157198276892,0.5482886382686311,0.4443675589670259,105,3059,3039,20
C018,800,sparsepca,50,0.6,rf_strong,HILICZ_negative|IK:LWYJCVVIVLBLID-UHFFFAOYSA-N,0.350273532636957,5.513033056787898,4.691189154442338,105,3059,3039,20
C018,800,sparsepca,50,0.6,rf_strong,HILICZ_negative|IK:QZZGJDVWLFXDLK-UHFFFAOYSA-N,0.2955272847070498,5.205195771691811,4.306745154710594,105,3059,3039,20
C018,800,sparsepca,50,0.6,rf_strong,HILICZ_positive|IK:OYTCZOJKXCTBHG-UHFFFAOYSA-N,0.4659457750314981,4.782988024287819,3.5980288241528786,105,3059,3039,20
C018,800,sparsepca,50,0.6,rf_strong,HILICZ_positive|IK:XPCTZQVDEJYUGT-UHFFFAOYSA-N,0.3565457787182853,5.298449040895813,4.12896864212238,105,3059,3039,20
C019,800,sparsepca,50,0.7,rf_strong,C18_negative|IK:AIONOLUJZLIMTK-UHFFFAOYSA-N,0.4725937531594346,4.217328877218058,3.172290493418625,105,3059,3039,20
C019,800,sparsepca,50,0.7,rf_strong,C18_negative|IK:BJRNKVDFDLYUGJ-RMPHRYRLSA-N,0.2813085297362019,5.144616543403452,4.514387519308563,105,3059,3039,20
C019,800,sparsepca,50,0.7,rf_strong,C18_negative|IK:CKEXCBVNKRHAMX-UHFFFAOYSA-N,0.3093495285179087,4.475990529207859,3.630616583169565,105,3059,3039,20
C019,800,sparsepca,50,0.7,rf_strong,C18_negative|IK:GHOKWGTUZJEAQD-UHFFFAOYSA-N,0.3530991774402282,4.577206168646404,3.7231003036018353,105,3059,3039,20
C019,800,sparsepca,50,0.7,rf_strong,C18_negative|IK:GUNGQVJAKLIYDG-JXMROGBWSA-N,0.3548503509146122,4.032930047181668,3.032393818924727,105,3059,3039,20
C019,800,sparsepca,50,0.7,rf_strong,C18_negative|IK:GYUCMTKUEQLBJW-UHFFFAOYSA-N,0.442429600434325,3.595017001117144,2.467670188631305,105,3059,3039,20
C019,800,sparsepca,50,0.7,rf_strong,C18_negative|IK:KDYFGRWQOYBRFD-UHFFFAOYSA-N,0.3301987880727917,4.798866379883782,3.5465071666943606,105,3059,3039,20
C019,800,sparsepca,50,0.7,rf_strong,C18_negative|IK:LTSJJOKAWSCMBC-UHFFFAOYSA-N,0.443077972352174,4.006147995818117,3.235713517487398,105,3059,3039,20
C019,800,sparsepca,50,0.7,rf_strong,C18_negative|IK:NGFMICBWJRZIBI-UHFFFAOYSA-N,0.3916728134634223,1.3546621366164089,1.142627525111828,105,3059,3039,20
C019,800,sparsepca,50,0.7,rf_strong,C18_negative|IK:OKVJCVWFVRATSG-UHFFFAOYSA-N,0.34790372326046,4.827121046953843,3.8916130575633656,105,3059,3039,20
C019,800,sparsepca,50,0.7,rf_strong,C18_negative|IK:RGHHSNMVTDWUBI-UHFFFAOYSA-N,0.6851927302369577,3.678722138998193,2.5295884785542064,105,3059,3039,20
C019,800,sparsepca,50,0.7,rf_strong,C18_negative|IK:UGAGPNKCDRTDHP-UHFFFAOYSA-N,0.3024393813530708,4.806374188124858,3.876372783341063,105,3059,3039,20
C019,800,sparsepca,50,0.7,rf_strong,C18_negative|IK:WLJVXDMOQOGPHL-UHFFFAOYSA-N,0.5845327245040506,3.614323843449141,2.5265733029552915,105,3059,3039,20
C019,800,sparsepca,50,0.7,rf_strong,C18_negative|IK:ZWNLSRDFHQCTQW-UHFFFAOYSA-N,0.3458781087711676,4.4813970764906665,3.549129974452736,105,3059,3039,20
C019,800,sparsepca,50,0.7,rf_strong,C18_positive|IK:GHOKWGTUZJEAQD-UHFFFAOYSA-N,0.3415848275020049,4.689010399830768,3.643662860530236,105,3059,3039,20
C019,800,sparsepca,50,0.7,rf_strong,C18_positive|IK:GUMFPOIJOXLCLA-JKSUJKDBSA-N,0.4259180167502864,3.5475008370510954,2.5119099906294524,105,3059,3039,20
C019,800,sparsepca,50,0.7,rf_strong,C18_positive|IK:IBMRTYCHDPMBFN-UHFFFAOYSA-N,0.3515052025458763,4.567850667585567,3.5647612793976653,105,3059,3039,20
C019,800,sparsepca,50,0.7,rf_strong,C18_positive|IK:LVGKNOAMLMIIKO-QXMHVHEDSA-N,0.5241715517066359,3.443739183653664,2.397602445133621,105,3059,3039,20
C019,800,sparsepca,50,0.7,rf_strong,C18_positive|IK:LWYJCVVIVLBLID-UHFFFAOYSA-N,0.2966090978421595,5.1933647682097535,4.447784148210367,105,3059,3039,20
C019,800,sparsepca,50,0.7,rf_strong,C18_positive|IK:MBIZFBDREVRUHY-UHFFFAOYSA-N,0.3927876564344496,4.568210584169047,3.683618916480783,105,3059,3039,20
C019,800,sparsepca,50,0.7,rf_strong,C18_positive|IK:MECHNRXZTMCUDQ-UHFFFAOYSA-N,0.4924302808534165,4.270684188029736,3.154298064812458,105,3059,3039,20
C019,800,sparsepca,50,0.7,rf_strong,C18_positive|IK:OVASVJPBDPJABT-UHFFFAOYSA-N,0.3476052259567973,4.366870358609217,3.2181889988822987,105,3059,3039,20
C019,800,sparsepca,50,0.7,rf_strong,C18_positive|IK:OYTCZOJKXCTBHG-UHFFFAOYSA-N,0.3999746062315831,3.82597276171292,2.7865520454346537,105,3059,3039,20
C019,800,sparsepca,50,0.7,rf_strong,C18_positive|IK:PUQSUZTXKPLAPR-UJPOAAIJSA-N,0.318883756749158,5.214034673191997,4.497709445469857,105,3059,3039,20
C019,800,sparsepca,50,0.7,rf_strong,C18_positive|IK:WCGUUGGRBIKTOS-UHFFFAOYSA-N,0.3189429696625762,5.295514310412816,4.201496950870823,105,3059,3039,20
C019,800,sparsepca,50,0.7,rf_strong,C18_positive|NAME:,0.3163757477418746,0.5502161941223677,0.445218925217432,105,3059,3039,20
C019,800,sparsepca,50,0.7,rf_strong,HILICZ_negative|IK:LWYJCVVIVLBLID-UHFFFAOYSA-N,0.3540267655864888,5.497086603102032,4.673025774249987,105,3059,3039,20
C019,800,sparsepca,50,0.7,rf_strong,HILICZ_negative|IK:QZZGJDVWLFXDLK-UHFFFAOYSA-N,0.2919142160814953,5.21852679004263,4.291327431162117,105,3059,3039,20
C019,800,sparsepca,50,0.7,rf_strong,HILICZ_positive|IK:OYTCZOJKXCTBHG-UHFFFAOYSA-N,0.4719124912493251,4.756194028952929,3.563686057357616,105,3059,3039,20
C019,800,sparsepca,50,0.7,rf_strong,HILICZ_positive|IK:XPCTZQVDEJYUGT-UHFFFAOYSA-N,0.3605741730637013,5.28183732770188,4.096517285339809,105,3059,3039,20
C020,800,sparsepca,50,0.8,rf_strong,C18_negative|IK:AIONOLUJZLIMTK-UHFFFAOYSA-N,0.4784166425506778,4.193983308496672,3.1224670156797965,105,3059,3039,20
C020,800,sparsepca,50,0.8,rf_strong,C18_negative|IK:BJRNKVDFDLYUGJ-RMPHRYRLSA-N,0.2863633869053705,5.126492500647628,4.46802738546624,105,3059,3039,20
C020,800,sparsepca,50,0.8,rf_strong,C18_negative|IK:CKEXCBVNKRHAMX-UHFFFAOYSA-N,0.3139816823461709,4.460955168225096,3.577076488831968,105,3059,3039,20
C020,800,sparsepca,50,0.8,rf_strong,C18_negative|IK:GHOKWGTUZJEAQD-UHFFFAOYSA-N,0.358747117950246,4.557181103442444,3.661475043314212,105,3059,3039,20
C020,800,sparsepca,50,0.8,rf_strong,C18_negative|IK:GUNGQVJAKLIYDG-JXMROGBWSA-N,0.3515648060068258,4.04318623008486,3.024771992679551,105,3059,3039,20
C020,800,sparsepca,50,0.8,rf_strong,C18_negative|IK:GYUCMTKUEQLBJW-UHFFFAOYSA-N,0.4382702482801022,3.608401103679839,2.4661111560383264,105,3059,3039,20
C020,800,sparsepca,50,0.8,rf_strong,C18_negative|IK:KDYFGRWQOYBRFD-UHFFFAOYSA-N,0.3293567362725809,4.80188192000263,3.4930615944854595,105,3059,3039,20
C020,800,sparsepca,50,0.8,rf_strong,C18_negative|IK:LTSJJOKAWSCMBC-UHFFFAOYSA-N,0.4418182102701689,4.010676405847889,3.246048190004938,105,3059,3039,20
C020,800,sparsepca,50,0.8,rf_strong,C18_negative|IK:NGFMICBWJRZIBI-UHFFFAOYSA-N,0.3913699944847911,1.3549992630640555,1.140949893175324,105,3059,3039,20
C020,800,sparsepca,50,0.8,rf_strong,C18_negative|IK:OKVJCVWFVRATSG-UHFFFAOYSA-N,0.3390121413749412,4.859919440752401,3.897728041682479,105,3059,3039,20
C020,800,sparsepca,50,0.8,rf_strong,C18_negative|IK:RGHHSNMVTDWUBI-UHFFFAOYSA-N,0.6834751213533543,3.688744160697946,2.4977103146838786,105,3059,3039,20
C020,800,sparsepca,50,0.8,rf_strong,C18_negative|IK:UGAGPNKCDRTDHP-UHFFFAOYSA-N,0.3029905025461376,4.804475128734604,3.842776127724509,105,3059,3039,20
C020,800,sparsepca,50,0.8,rf_strong,C18_negative|IK:WLJVXDMOQOGPHL-UHFFFAOYSA-N,0.5837721367045525,3.61763066662291,2.489212878548954,105,3059,3039,20
C020,800,sparsepca,50,0.8,rf_strong,C18_negative|IK:ZWNLSRDFHQCTQW-UHFFFAOYSA-N,0.348626541047533,4.471972394549183,3.524040705603721,105,3059,3039,20
C020,800,sparsepca,50,0.8,rf_strong,C18_positive|IK:GHOKWGTUZJEAQD-UHFFFAOYSA-N,0.3344327138975455,4.714409080381621,3.606827011339867,105,3059,3039,20
C020,800,sparsepca,50,0.8,rf_strong,C18_positive|IK:GUMFPOIJOXLCLA-JKSUJKDBSA-N,0.3977187705343845,3.633584063064164,2.5787250652706604,105,3059,3039,20
C020,800,sparsepca,50,0.8,rf_strong,C18_positive|IK:IBMRTYCHDPMBFN-UHFFFAOYSA-N,0.3445817675315069,4.592169487099844,3.543855571076721,105,3059,3039,20
C020,800,sparsepca,50,0.8,rf_strong,C18_positive|IK:LVGKNOAMLMIIKO-QXMHVHEDSA-N,0.5193984777730809,3.4609682989682407,2.4076871036534317,105,3059,3039,20
C020,800,sparsepca,50,0.8,rf_strong,C18_positive|IK:LWYJCVVIVLBLID-UHFFFAOYSA-N,0.2894541569384296,5.219711570158248,4.464305521451036,105,3059,3039,20
C020,800,sparsepca,50,0.8,rf_strong,C18_positive|IK:MBIZFBDREVRUHY-UHFFFAOYSA-N,0.3869253077641869,4.59020957311091,3.670007370491666,105,3059,3039,20
C020,800,sparsepca,50,0.8,rf_strong,C18_positive|IK:MECHNRXZTMCUDQ-UHFFFAOYSA-N,0.4903433041604559,4.279455077126944,3.1359406324697527,105,3059,3039,20
C020,800,sparsepca,50,0.8,rf_strong,C18_positive|IK:OVASVJPBDPJABT-UHFFFAOYSA-N,0.3371195660584023,4.401823882396848,3.199185459667301,105,3059,3039,20
C020,800,sparsepca,50,0.8,rf_strong,C18_positive|IK:OYTCZOJKXCTBHG-UHFFFAOYSA-N,0.4068694862962784,3.803927158236613,2.753743273462385,105,3059,3039,20
C020,800,sparsepca,50,0.8,rf_strong,C18_positive|IK:PUQSUZTXKPLAPR-UJPOAAIJSA-N,0.3156063176514073,5.22656423291854,4.484894070836314,105,3059,3039,20
C020,800,sparsepca,50,0.8,rf_strong,C18_positive|IK:WCGUUGGRBIKTOS-UHFFFAOYSA-N,0.3060778157160996,5.345296395369923,4.241973355841449,105,3059,3039,20
C020,800,sparsepca,50,0.8,rf_strong,C18_positive|NAME:,0.3076444659394372,0.5537187397717855,0.4475150903346785,105,3059,3039,20
C020,800,sparsepca,50,0.8,rf_strong,HILICZ_negative|IK:LWYJCVVIVLBLID-UHFFFAOYSA-N,0.3543738711796154,5.495609509476205,4.654862394057637,105,3059,3039,20
C020,800,sparsepca,50,0.8,rf_strong,HILICZ_negative|IK:QZZGJDVWLFXDLK-UHFFFAOYSA-N,0.2846433376143056,5.245251212455327,4.27590970761364,105,3059,3039,20
C020,800,sparsepca,50,0.8,rf_strong,HILICZ_positive|IK:OYTCZOJKXCTBHG-UHFFFAOYSA-N,0.4753860481648844,4.740526012615543,3.529343290562351,105,3059,3039,20
C020,800,sparsepca,50,0.8,rf_strong,HILICZ_positive|IK:XPCTZQVDEJYUGT-UHFFFAOYSA-N,0.3613988735439969,5.278430099668503,4.064065928557238,105,3059,3039,20
C021,800,sparsepca,75,0.6,rf_strong,C18_negative|IK:AIONOLUJZLIMTK-UHFFFAOYSA-N,0.468879833297819,4.232151743265966,3.196885631089691,105,3059,3039,20
C021,800,sparsepca,75,0.6,rf_strong,C18_negative|IK:BJRNKVDFDLYUGJ-RMPHRYRLSA-N,0.2780401359879164,5.15630136200043,4.523313449208304,105,3059,3039,20
C021,800,sparsepca,75,0.6,rf_strong,C18_negative|IK:CKEXCBVNKRHAMX-UHFFFAOYSA-N,0.2814259385928634,4.565578041368976,3.737387993391245,105,3059,3039,20
C021,800,sparsepca,75,0.6,rf_strong,C18_negative|IK:GHOKWGTUZJEAQD-UHFFFAOYSA-N,0.3397605858817314,4.6241546080544085,3.788407893726448,105,3059,3039,20
C021,800,sparsepca,75,0.6,rf_strong,C18_negative|IK:GUNGQVJAKLIYDG-JXMROGBWSA-N,0.3523117169591732,4.040856953206106,3.072072775909468,105,3059,3039,20
C021,800,sparsepca,75,0.6,rf_strong,C18_negative|IK:GYUCMTKUEQLBJW-UHFFFAOYSA-N,0.4375427993660428,3.610736815982337,2.505901097643669,105,3059,3039,20
C021,800,sparsepca,75,0.6,rf_strong,C18_negative|IK:KDYFGRWQOYBRFD-UHFFFAOYSA-N,0.3053346014675959,4.887125892403716,3.682008755690677,105,3059,3039,20
C021,800,sparsepca,75,0.6,rf_strong,C18_negative|IK:LTSJJOKAWSCMBC-UHFFFAOYSA-N,0.4301749476928715,4.052290400044237,3.2780018497259125,105,3059,3039,20
C021,800,sparsepca,75,0.6,rf_strong,C18_negative|IK:NGFMICBWJRZIBI-UHFFFAOYSA-N,0.4072775640718727,1.337174428221483,1.1282692788998558,105,3059,3039,20
C021,800,sparsepca,75,0.6,rf_strong,C18_negative|IK:OKVJCVWFVRATSG-UHFFFAOYSA-N,0.3425897821237157,4.846749276866173,3.9288353283340944,105,3059,3039,20
C021,800,sparsepca,75,0.6,rf_strong,C18_negative|IK:RGHHSNMVTDWUBI-UHFFFAOYSA-N,0.6838672840209286,3.686458343385154,2.560945660387824,105,3059,3039,20
C021,800,sparsepca,75,0.6,rf_strong,C18_negative|IK:UGAGPNKCDRTDHP-UHFFFAOYSA-N,0.2896658465226929,4.850181042692511,3.944468847750779,105,3059,3039,20
C021,800,sparsepca,75,0.6,rf_strong,C18_negative|IK:WLJVXDMOQOGPHL-UHFFFAOYSA-N,0.5878911466329615,3.599686041957687,2.570942727035599,105,3059,3039,20
C021,800,sparsepca,75,0.6,rf_strong,C18_negative|IK:ZWNLSRDFHQCTQW-UHFFFAOYSA-N,0.3454152844803417,4.48298220358918,3.560052622049477,105,3059,3039,20
C021,800,sparsepca,75,0.6,rf_strong,C18_positive|IK:GHOKWGTUZJEAQD-UHFFFAOYSA-N,0.3464151976620776,4.671778604870758,3.710560748385402,105,3059,3039,20
C021,800,sparsepca,75,0.6,rf_strong,C18_positive|IK:GUMFPOIJOXLCLA-JKSUJKDBSA-N,0.4622050670793495,3.433554149640837,2.4291042224062647,105,3059,3039,20
C021,800,sparsepca,75,0.6,rf_strong,C18_positive|IK:IBMRTYCHDPMBFN-UHFFFAOYSA-N,0.3461657370167746,4.586617111505917,3.628914782159389,105,3059,3039,20
C021,800,sparsepca,75,0.6,rf_strong,C18_positive|IK:LVGKNOAMLMIIKO-QXMHVHEDSA-N,0.5193975577050567,3.460971611821606,2.4211350949135984,105,3059,3039,20
C021,800,sparsepca,75,0.6,rf_strong,C18_positive|IK:LWYJCVVIVLBLID-UHFFFAOYSA-N,0.3049283127127518,5.162561677672883,4.440448994296511,105,3059,3039,20
C021,800,sparsepca,75,0.6,rf_strong,C18_positive|IK:MBIZFBDREVRUHY-UHFFFAOYSA-N,0.4041018918392637,4.525450546022698,3.667395140277098,105,3059,3039,20
C021,800,sparsepca,75,0.6,rf_strong,C18_positive|IK:MECHNRXZTMCUDQ-UHFFFAOYSA-N,0.4950775966613426,4.259532389766161,3.161088840515061,105,3059,3039,20
C021,800,sparsepca,75,0.6,rf_strong,C18_positive|IK:OVASVJPBDPJABT-UHFFFAOYSA-N,0.3453627870459964,4.374368916294968,3.2607300493637847,105,3059,3039,20
C021,800,sparsepca,75,0.6,rf_strong,C18_positive|IK:OYTCZOJKXCTBHG-UHFFFAOYSA-N,0.3916150283571183,3.8525323773406375,2.838273417244468,105,3059,3039,20
C021,800,sparsepca,75,0.6,rf_strong,C18_positive|IK:PUQSUZTXKPLAPR-UJPOAAIJSA-N,0.3101089662612691,5.247513281630712,4.540893175506764,105,3059,3039,20
C021,800,sparsepca,75,0.6,rf_strong,C18_positive|IK:WCGUUGGRBIKTOS-UHFFFAOYSA-N,0.32330162896612,5.278541876692332,4.203618615711827,105,3059,3039,20
C021,800,sparsepca,75,0.6,rf_strong,C18_positive|NAME:,0.338269112402137,0.5413340450592946,0.4387867217113825,105,3059,3039,20
C021,800,sparsepca,75,0.6,rf_strong,HILICZ_negative|IK:LWYJCVVIVLBLID-UHFFFAOYSA-N,0.3465364180313373,5.5288653310582445,4.719469085040591,105,3059,3039,20
C021,800,sparsepca,75,0.6,rf_strong,HILICZ_negative|IK:QZZGJDVWLFXDLK-UHFFFAOYSA-N,0.2966685078547224,5.200977937917637,4.306734125290294,105,3059,3039,20
C021,800,sparsepca,75,0.6,rf_strong,HILICZ_positive|IK:OYTCZOJKXCTBHG-UHFFFAOYSA-N,0.4430562557335241,4.884411903863724,3.667559109564126,105,3059,3039,20
C021,800,sparsepca,75,0.6,rf_strong,HILICZ_positive|IK:XPCTZQVDEJYUGT-UHFFFAOYSA-N,0.3312875943572381,5.401440850633999,4.208955829265579,105,3059,3039,20
C022,800,sparsepca,75,0.7,rf_strong,C18_negative|IK:AIONOLUJZLIMTK-UHFFFAOYSA-N,0.4781823100109006,4.19492532129932,3.13882824813489,105,3059,3039,20
C022,800,sparsepca,75,0.7,rf_strong,C18_negative|IK:BJRNKVDFDLYUGJ-RMPHRYRLSA-N,0.2869020526324388,5.124557351121074,4.47071428137555,105,3059,3039,20
C022,800,sparsepca,75,0.7,rf_strong,C18_negative|IK:CKEXCBVNKRHAMX-UHFFFAOYSA-N,0.2871524390575799,4.547349522281681,3.692719785034327,105,3059,3039,20
C022,800,sparsepca,75,0.7,rf_strong,C18_negative|IK:GHOKWGTUZJEAQD-UHFFFAOYSA-N,0.3473743974182087,4.597414661465258,3.7273963550783216,105,3059,3039,20
C022,800,sparsepca,75,0.7,rf_strong,C18_negative|IK:GUNGQVJAKLIYDG-JXMROGBWSA-N,0.3506195988073893,4.04613198095035,3.069793804787552,105,3059,3039,20
C022,800,sparsepca,75,0.7,rf_strong,C18_negative|IK:GYUCMTKUEQLBJW-UHFFFAOYSA-N,0.4350917064029254,3.6185957522444863,2.5104540444539225,105,3059,3039,20
C022,800,sparsepca,75,0.7,rf_strong,C18_negative|IK:KDYFGRWQOYBRFD-UHFFFAOYSA-N,0.3083206840691279,4.876610701815978,3.6422391862796784,105,3059,3039,20
C022,800,sparsepca,75,0.7,rf_strong,C18_negative|IK:LTSJJOKAWSCMBC-UHFFFAOYSA-N,0.4287477294142614,4.057362032123359,3.297107023036129,105,3059,3039,20
C022,800,sparsepca,75,0.7,rf_strong,C18_negative|IK:NGFMICBWJRZIBI-UHFFFAOYSA-N,0.4146024192403003,1.3288863516527736,1.122350287256847,105,3059,3039,20
C022,800,sparsepca,75,0.7,rf_strong,C18_negative|IK:OKVJCVWFVRATSG-UHFFFAOYSA-N,0.3339985308253896,4.878315931519347,3.942173188268181,105,3059,3039,20
C022,800,sparsepca,75,0.7,rf_strong,C18_negative|IK:RGHHSNMVTDWUBI-UHFFFAOYSA-N,0.6857423296529754,3.675509527753397,2.5267776468932257,105,3059,3039,20
C022,800,sparsepca,75,0.7,rf_strong,C18_negative|IK:UGAGPNKCDRTDHP-UHFFFAOYSA-N,0.2926190738091047,4.840088183081476,3.9166220935997536,105,3059,3039,20
C022,800,sparsepca,75,0.7,rf_strong,C18_negative|IK:WLJVXDMOQOGPHL-UHFFFAOYSA-N,0.5918404304608047,3.582396429351541,2.5336565636906627,105,3059,3039,20
C022,800,sparsepca,75,0.7,rf_strong,C18_negative|IK:ZWNLSRDFHQCTQW-UHFFFAOYSA-N,0.3516542298581351,4.461567064863652,3.5317811372594616,105,3059,3039,20
C022,800,sparsepca,75,0.7,rf_strong,C18_positive|IK:GHOKWGTUZJEAQD-UHFFFAOYSA-N,0.3440491106796859,4.680227277777699,3.6787352389725,105,3059,3039,20
C022,800,sparsepca,75,0.7,rf_strong,C18_positive|IK:GUMFPOIJOXLCLA-JKSUJKDBSA-N,0.4394499150966138,3.5054417858138374,2.4932541814504763,105,3059,3039,20
C022,800,sparsepca,75,0.7,rf_strong,C18_positive|IK:IBMRTYCHDPMBFN-UHFFFAOYSA-N,0.3428527284262912,4.598222729539751,3.615217039578573,105,3059,3039,20
C022,800,sparsepca,75,0.7,rf_strong,C18_positive|IK:LVGKNOAMLMIIKO-QXMHVHEDSA-N,0.5161071056835531,3.472799199630189,2.43682263815004,105,3059,3039,20
C022,800,sparsepca,75,0.7,rf_strong,C18_positive|IK:LWYJCVVIVLBLID-UHFFFAOYSA-N,0.3010959067099933,5.176774481578311,4.458501404091648,105,3059,3039,20
C022,800,sparsepca,75,0.7,rf_strong,C18_positive|IK:MBIZFBDREVRUHY-UHFFFAOYSA-N,0.4025727131189319,4.531253374259769,3.64881104058918,105,3059,3039,20
C022,800,sparsepca,75,0.7,rf_strong,C18_positive|IK:MECHNRXZTMCUDQ-UHFFFAOYSA-N,0.4975635599420082,4.249033640950682,3.1408036320656727,105,3059,3039,20
C022,800,sparsepca,75,0.7,rf_strong,C18_positive|IK:OVASVJPBDPJABT-UHFFFAOYSA-N,0.3381514839559074,4.398396348735655,3.2445399579206806,105,3059,3039,20
C022,800,sparsepca,75,0.7,rf_strong,C18_positive|IK:OYTCZOJKXCTBHG-UHFFFAOYSA-N,0.4016136339373333,3.8207436800287295,2.8086167452451254,105,3059,3039,20
C022,800,sparsepca,75,0.7,rf_strong,C18_positive|IK:PUQSUZTXKPLAPR-UJPOAAIJSA-N,0.3085818332154203,5.253317981738873,4.533139193440449,105,3059,3039,20
C022,800,sparsepca,75,0.7,rf_strong,C18_positive|IK:WCGUUGGRBIKTOS-UHFFFAOYSA-N,0.3142670016550363,5.313662055636672,4.2511601804412935,105,3059,3039,20
C022,800,sparsepca,75,0.7,rf_strong,C18_positive|NAME:,0.3372317023337747,0.5417582095264004,0.4376429767337429,105,3059,3039,20
C022,800,sparsepca,75,0.7,rf_strong,HILICZ_negative|IK:LWYJCVVIVLBLID-UHFFFAOYSA-N,0.3507657944500261,5.510944200927934,4.706019026614615,105,3059,3039,20
C022,800,sparsepca,75,0.7,rf_strong,HILICZ_negative|IK:QZZGJDVWLFXDLK-UHFFFAOYSA-N,0.2931798903237248,5.21386075292339,4.291314563505101,105,3059,3039,20
C022,800,sparsepca,75,0.7,rf_strong,HILICZ_positive|IK:OYTCZOJKXCTBHG-UHFFFAOYSA-N,0.4454280224156579,4.874000578370843,3.644804723670737,105,3059,3039,20
C022,800,sparsepca,75,0.7,rf_strong,HILICZ_positive|IK:XPCTZQVDEJYUGT-UHFFFAOYSA-N,0.3315547817789286,5.400361656327081,4.189835670340209,105,3059,3039,20
C023,800,sparsepca,75,0.8,rf_strong,C18_negative|IK:AIONOLUJZLIMTK-UHFFFAOYSA-N,0.4848549050880749,4.168018321815787,3.083354240806111,105,3059,3039,20
C023,800,sparsepca,75,0.8,rf_strong,C18_negative|IK:BJRNKVDFDLYUGJ-RMPHRYRLSA-N,0.2928392985723657,5.103179254605919,4.418115113542795,105,3059,3039,20
C023,800,sparsepca,75,0.8,rf_strong,C18_negative|IK:CKEXCBVNKRHAMX-UHFFFAOYSA-N,0.2891958231789926,4.540827335234426,3.648051576677409,105,3059,3039,20
C023,800,sparsepca,75,0.8,rf_strong,C18_negative|IK:GHOKWGTUZJEAQD-UHFFFAOYSA-N,0.3509694824024912,4.584734404110419,3.6663848164301975,105,3059,3039,20
C023,800,sparsepca,75,0.8,rf_strong,C18_negative|IK:GUNGQVJAKLIYDG-JXMROGBWSA-N,0.3464275527357465,4.059170783767956,3.067514833665637,105,3059,3039,20
C023,800,sparsepca,75,0.8,rf_strong,C18_negative|IK:GYUCMTKUEQLBJW-UHFFFAOYSA-N,0.429882995326786,3.6352400216381793,2.515006991264176,105,3059,3039,20
C023,800,sparsepca,75,0.8,rf_strong,C18_negative|IK:KDYFGRWQOYBRFD-UHFFFAOYSA-N,0.306498234216615,4.883030968976505,3.602469616868679,105,3059,3039,20
C023,800,sparsepca,75,0.8,rf_strong,C18_negative|IK:LTSJJOKAWSCMBC-UHFFFAOYSA-N,0.4243903107196889,4.072807081299649,3.3162121963463447,105,3059,3039,20
C023,800,sparsepca,75,0.8,rf_strong,C18_negative|IK:NGFMICBWJRZIBI-UHFFFAOYSA-N,0.4185624343924151,1.3243839928343808,1.11652306793275,105,3059,3039,20
C023,800,sparsepca,75,0.8,rf_strong,C18_negative|IK:OKVJCVWFVRATSG-UHFFFAOYSA-N,0.3232965821903958,4.917354452685776,3.9555110482022666,105,3059,3039,20
C023,800,sparsepca,75,0.8,rf_strong,C18_negative|IK:RGHHSNMVTDWUBI-UHFFFAOYSA-N,0.6839311852790426,3.68608574475872,2.494106786993173,105,3059,3039,20
C023,800,sparsepca,75,0.8,rf_strong,C18_negative|IK:UGAGPNKCDRTDHP-UHFFFAOYSA-N,0.2923111477949919,4.841141524251039,3.888775339448727,105,3059,3039,20
C023,800,sparsepca,75,0.8,rf_strong,C18_negative|IK:WLJVXDMOQOGPHL-UHFFFAOYSA-N,0.5925050559305598,3.579478548537914,2.4963704003457274,105,3059,3039,20
C023,800,sparsepca,75,0.8,rf_strong,C18_negative|IK:ZWNLSRDFHQCTQW-UHFFFAOYSA-N,0.3552872768037476,4.449049165968612,3.503509652469444,105,3059,3039,20
C023,800,sparsepca,75,0.8,rf_strong,C18_positive|IK:GHOKWGTUZJEAQD-UHFFFAOYSA-N,0.3369077191403214,4.705635320689955,3.646909729559597,105,3059,3039,20
C023,800,sparsepca,75,0.8,rf_strong,C18_positive|IK:GUMFPOIJOXLCLA-JKSUJKDBSA-N,0.4131995765210409,3.586581939384017,2.5574041404946866,105,3059,3039,20
C023,800,sparsepca,75,0.8,rf_strong,C18_positive|IK:IBMRTYCHDPMBFN-UHFFFAOYSA-N,0.3354465093924361,4.624061707872837,3.601519296997759,105,3059,3039,20
C023,800,sparsepca,75,0.8,rf_strong,C18_positive|IK:LVGKNOAMLMIIKO-QXMHVHEDSA-N,0.5100496598871598,3.494468114522782,2.4525101813864807,105,3059,3039,20
C023,800,sparsepca,75,0.8,rf_strong,C18_positive|IK:LWYJCVVIVLBLID-UHFFFAOYSA-N,0.2940953192993695,5.202636515763267,4.476553813886786,105,3059,3039,20
C023,800,sparsepca,75,0.8,rf_strong,C18_positive|IK:MBIZFBDREVRUHY-UHFFFAOYSA-N,0.3974780991239176,4.550532691822692,3.6302269409012617,105,3059,3039,20
C023,800,sparsepca,75,0.8,rf_strong,C18_positive|IK:MECHNRXZTMCUDQ-UHFFFAOYSA-N,0.4970130871029258,4.251360639080154,3.120518423616284,105,3059,3039,20
C023,800,sparsepca,75,0.8,rf_strong,C18_positive|IK:OVASVJPBDPJABT-UHFFFAOYSA-N,0.326382481257733,4.437330213813898,3.2292872264315995,105,3059,3039,20
C023,800,sparsepca,75,0.8,rf_strong,C18_positive|IK:OYTCZOJKXCTBHG-UHFFFAOYSA-N,0.4090494454505295,3.7969303514329193,2.7789600732457838,105,3059,3039,20
C023,800,sparsepca,75,0.8,rf_strong,C18_positive|IK:PUQSUZTXKPLAPR-UJPOAAIJSA-N,0.3034365401522816,5.272828432438214,4.525385211374132,105,3059,3039,20
C023,800,sparsepca,75,0.8,rf_strong,C18_positive|IK:WCGUUGGRBIKTOS-UHFFFAOYSA-N,0.3011988104762463,5.364055017129683,4.2995546739159645,105,3059,3039,20
C023,800,sparsepca,75,0.8,rf_strong,C18_positive|NAME:,0.3324993337920261,0.5436889289084237,0.4383190372669438,105,3059,3039,20
C023,800,sparsepca,75,0.8,rf_strong,HILICZ_negative|IK:LWYJCVVIVLBLID-UHFFFAOYSA-N,0.3519030423418601,5.506115391384984,4.692568968188639,105,3059,3039,20
C023,800,sparsepca,75,0.8,rf_strong,HILICZ_negative|IK:QZZGJDVWLFXDLK-UHFFFAOYSA-N,0.2860146764472669,5.240221226983495,4.275895001719906,105,3059,3039,20
C023,800,sparsepca,75,0.8,rf_strong,HILICZ_positive|IK:OYTCZOJKXCTBHG-UHFFFAOYSA-N,0.4453694784661816,4.874257835972113,3.622050337777348,105,3059,3039,20
C023,800,sparsepca,75,0.8,rf_strong,HILICZ_positive|IK:XPCTZQVDEJYUGT-UHFFFAOYSA-N,0.3287464154697221,5.411694146340813,4.170715511414837,105,3059,3039,20
C024,800,sparsepca,100,0.6,rf_strong,C18_negative|IK:AIONOLUJZLIMTK-UHFFFAOYSA-N,0.470271488821941,4.226603506848769,3.199643757223264,105,3059,3039,20
C024,800,sparsepca,100,0.6,rf_strong,C18_negative|IK:BJRNKVDFDLYUGJ-RMPHRYRLSA-N,0.2842470979562891,5.134088178793015,4.49987523816186,105,3059,3039,20
C024,800,sparsepca,100,0.6,rf_strong,C18_negative|IK:CKEXCBVNKRHAMX-UHFFFAOYSA-N,0.2950246289796884,4.5221709417083416,3.700297039660412,105,3059,3039,20
C024,800,sparsepca,100,0.6,rf_strong,C18_negative|IK:GHOKWGTUZJEAQD-UHFFFAOYSA-N,0.3450447656838912,4.605612885787029,3.7812239027601824,105,3059,3039,20
C024,800,sparsepca,100,0.6,rf_strong,C18_negative|IK:GUNGQVJAKLIYDG-JXMROGBWSA-N,0.367033235440675,3.9946700166011473,3.0537030818423,105,3059,3039,20
C024,800,sparsepca,100,0.6,rf_strong,C18_negative|IK:GYUCMTKUEQLBJW-UHFFFAOYSA-N,0.4273728313964691,3.643234017786945,2.517330433331287,105,3059,3039,20
C024,800,sparsepca,100,0.6,rf_strong,C18_negative|IK:KDYFGRWQOYBRFD-UHFFFAOYSA-N,0.3271706556951168,4.809701845161672,3.621112435953154,105,3059,3039,20
C024,800,sparsepca,100,0.6,rf_strong,C18_negative|IK:LTSJJOKAWSCMBC-UHFFFAOYSA-N,0.4292251933539575,4.05566606597462,3.3016949038275545,105,3059,3039,20
C024,800,sparsepca,100,0.6,rf_strong,C18_negative|IK:NGFMICBWJRZIBI-UHFFFAOYSA-N,0.3882419999990901,1.358476743950821,1.1529873976366227,105,3059,3039,20
C024,800,sparsepca,100,0.6,rf_strong,C18_negative|IK:OKVJCVWFVRATSG-UHFFFAOYSA-N,0.3513534538820383,4.814335857206453,3.921631640693418,105,3059,3039,20
C024,800,sparsepca,100,0.6,rf_strong,C18_negative|IK:RGHHSNMVTDWUBI-UHFFFAOYSA-N,0.6816847602746312,3.69916178016388,2.56837680413393,105,3059,3039,20
C024,800,sparsepca,100,0.6,rf_strong,C18_negative|IK:UGAGPNKCDRTDHP-UHFFFAOYSA-N,0.2921192326056193,4.841797904247089,3.92182396692271,105,3059,3039,20
C024,800,sparsepca,100,0.6,rf_strong,C18_negative|IK:WLJVXDMOQOGPHL-UHFFFAOYSA-N,0.5880901304722607,3.598816895582245,2.581968289550529,105,3059,3039,20
C024,800,sparsepca,100,0.6,rf_strong,C18_negative|IK:ZWNLSRDFHQCTQW-UHFFFAOYSA-N,0.347865350180366,4.474584590823448,3.562764880812849,105,3059,3039,20
C024,800,sparsepca,100,0.6,rf_strong,C18_positive|IK:GHOKWGTUZJEAQD-UHFFFAOYSA-N,0.3547966582118702,4.641726901649081,3.702961429660808,105,3059,3039,20
C024,800,sparsepca,100,0.6,rf_strong,C18_positive|IK:GUMFPOIJOXLCLA-JKSUJKDBSA-N,0.4418088591794032,3.498058093061005,2.46120185400656,105,3059,3039,20
C024,800,sparsepca,100,0.6,rf_strong,C18_positive|IK:IBMRTYCHDPMBFN-UHFFFAOYSA-N,0.353040739189004,4.56243947607591,3.6139902179114207,105,3059,3039,20
C024,800,sparsepca,100,0.6,rf_strong,C18_positive|IK:LVGKNOAMLMIIKO-QXMHVHEDSA-N,0.5163814904002373,3.4718144588396616,2.417923453911566,105,3059,3039,20
C024,800,sparsepca,100,0.6,rf_strong,C18_positive|IK:LWYJCVVIVLBLID-UHFFFAOYSA-N,0.3104250350851865,5.142108036440558,4.4383010271264585,105,3059,3039,20
C024,800,sparsepca,100,0.6,rf_strong,C18_positive|IK:MBIZFBDREVRUHY-UHFFFAOYSA-N,0.4042756789811418,4.524790598915403,3.666280987335565,105,3059,3039,20
C024,800,sparsepca,100,0.6,rf_strong,C18_positive|IK:MECHNRXZTMCUDQ-UHFFFAOYSA-N,0.4948456413288201,4.2605106666262165,3.1593626363077507,105,3059,3039,20
C024,800,sparsepca,100,0.6,rf_strong,C18_positive|IK:OVASVJPBDPJABT-UHFFFAOYSA-N,0.3446980476697107,4.376589289205439,3.254673597391996,105,3059,3039,20
C024,800,sparsepca,100,0.6,rf_strong,C18_positive|IK:OYTCZOJKXCTBHG-UHFFFAOYSA-N,0.3845909439160347,3.874708183064556,2.863435260327152,105,3059,3039,20
C024,800,sparsepca,100,0.6,rf_strong,C18_positive|IK:PUQSUZTXKPLAPR-UJPOAAIJSA-N,0.3095762751751809,5.249538792929432,4.526270173351544,105,3059,3039,20
C024,800,sparsepca,100,0.6,rf_strong,C18_positive|IK:WCGUUGGRBIKTOS-UHFFFAOYSA-N,0.3319419771766284,5.2447343744634685,4.159551215475371,105,3059,3039,20
C024,800,sparsepca,100,0.6,rf_strong,C18_positive|NAME:,0.330635413718498,0.5444474946294116,0.4416102760327528,105,3059,3039,20
C024,800,sparsepca,100,0.6,rf_strong,HILICZ_negative|IK:LWYJCVVIVLBLID-UHFFFAOYSA-N,0.3415673315002855,5.549846897683768,4.719222608303935,105,3059,3039,20
C024,800,sparsepca,100,0.6,rf_strong,HILICZ_negative|IK:QZZGJDVWLFXDLK-UHFFFAOYSA-N,0.2962134091058029,5.202660342168696,4.312068742659231,105,3059,3039,20
C024,800,sparsepca,100,0.6,rf_strong,HILICZ_positive|IK:OYTCZOJKXCTBHG-UHFFFAOYSA-N,0.4553526972216307,4.830190890350274,3.6450559228799126,105,3059,3039,20
C024,800,sparsepca,100,0.6,rf_strong,HILICZ_positive|IK:XPCTZQVDEJYUGT-UHFFFAOYSA-N,0.3340126776812795,5.390423855358569,4.208471803158679,105,3059,3039,20
C025,800,sparsepca,100,0.7,rf_strong,C18_negative|IK:AIONOLUJZLIMTK-UHFFFAOYSA-N,0.4795245955162608,4.189526488254993,3.1476910625167944,105,3059,3039,20
C025,800,sparsepca,100,0.7,rf_strong,C18_negative|IK:BJRNKVDFDLYUGJ-RMPHRYRLSA-N,0.2945273048862356,5.097084921666756,4.443369701821365,105,3059,3039,20
C025,800,sparsepca,100,0.7,rf_strong,C18_negative|IK:CKEXCBVNKRHAMX-UHFFFAOYSA-N,0.3032494055143865,4.495714013320108,3.649447005681689,105,3059,3039,20
C025,800,sparsepca,100,0.7,rf_strong,C18_negative|IK:GHOKWGTUZJEAQD-UHFFFAOYSA-N,0.3528744526520344,4.57800113004921,3.719015032284347,105,3059,3039,20
C025,800,sparsepca,100,0.7,rf_strong,C18_negative|IK:GUNGQVJAKLIYDG-JXMROGBWSA-N,0.3676001034819012,3.9928808563190006,3.048362495042523,105,3059,3039,20
C025,800,sparsepca,100,0.7,rf_strong,C18_negative|IK:GYUCMTKUEQLBJW-UHFFFAOYSA-N,0.4225498632648435,3.658544466747172,2.5237882694228104,105,3059,3039,20
C025,800,sparsepca,100,0.7,rf_strong,C18_negative|IK:KDYFGRWQOYBRFD-UHFFFAOYSA-N,0.3336213605758816,4.786589973708148,3.571193479919234,105,3059,3039,20
C025,800,sparsepca,100,0.7,rf_strong,C18_negative|IK:LTSJJOKAWSCMBC-UHFFFAOYSA-N,0.4279218193221951,4.060294016888579,3.324748919488044,105,3059,3039,20
C025,800,sparsepca,100,0.7,rf_strong,C18_negative|IK:NGFMICBWJRZIBI-UHFFFAOYSA-N,0.3927836558729565,1.353424723769638,1.1504203797327792,105,3059,3039,20
C025,800,sparsepca,100,0.7,rf_strong,C18_negative|IK:OKVJCVWFVRATSG-UHFFFAOYSA-N,0.3435315730371481,4.843276361271945,3.933768886020725,105,3059,3039,20
C025,800,sparsepca,100,0.7,rf_strong,C18_negative|IK:RGHHSNMVTDWUBI-UHFFFAOYSA-N,0.6831253741364485,3.690781554759214,2.535447314597016,105,3059,3039,20
C025,800,sparsepca,100,0.7,rf_strong,C18_negative|IK:UGAGPNKCDRTDHP-UHFFFAOYSA-N,0.2944199223201368,4.833923315038678,3.8902030659670057,105,3059,3039,20
C025,800,sparsepca,100,0.7,rf_strong,C18_negative|IK:WLJVXDMOQOGPHL-UHFFFAOYSA-N,0.5916116573170418,3.5834002540153795,2.5469259319539166,105,3059,3039,20
C025,800,sparsepca,100,0.7,rf_strong,C18_negative|IK:ZWNLSRDFHQCTQW-UHFFFAOYSA-N,0.3555405014126135,4.448175350902657,3.535095879369887,105,3059,3039,20
C025,800,sparsepca,100,0.7,rf_strong,C18_positive|IK:GHOKWGTUZJEAQD-UHFFFAOYSA-N,0.3554709076477855,4.6393009224161,3.669869367127141,105,3059,3039,20
C025,800,sparsepca,100,0.7,rf_strong,C18_positive|IK:GUMFPOIJOXLCLA-JKSUJKDBSA-N,0.4152724074949291,3.5802416618281567,2.5307014183174874,105,3059,3039,20
C025,800,sparsepca,100,0.7,rf_strong,C18_positive|IK:IBMRTYCHDPMBFN-UHFFFAOYSA-N,0.3512955093029752,4.568589123780556,3.597805047955944,105,3059,3039,20
C025,800,sparsepca,100,0.7,rf_strong,C18_positive|IK:LVGKNOAMLMIIKO-QXMHVHEDSA-N,0.5130935289108269,3.483596323742969,2.433075723647668,105,3059,3039,20
C025,800,sparsepca,100,0.7,rf_strong,C18_positive|IK:LWYJCVVIVLBLID-UHFFFAOYSA-N,0.3074931180935212,5.153027982409763,4.455995442393255,105,3059,3039,20
C025,800,sparsepca,100,0.7,rf_strong,C18_positive|IK:MBIZFBDREVRUHY-UHFFFAOYSA-N,0.4030289256697656,4.529522946555386,3.647511195490725,105,3059,3039,20
C025,800,sparsepca,100,0.7,rf_strong,C18_positive|IK:MECHNRXZTMCUDQ-UHFFFAOYSA-N,0.4967525746468899,4.252461452047652,3.1387897271571434,105,3059,3039,20
C025,800,sparsepca,100,0.7,rf_strong,C18_positive|IK:OVASVJPBDPJABT-UHFFFAOYSA-N,0.3364305331218225,4.404111032329607,3.2375741843520967,105,3059,3039,20
C025,800,sparsepca,100,0.7,rf_strong,C18_positive|IK:OYTCZOJKXCTBHG-UHFFFAOYSA-N,0.3934036329453745,3.8468651359018415,2.8379722288415907,105,3059,3039,20
C025,800,sparsepca,100,0.7,rf_strong,C18_positive|IK:PUQSUZTXKPLAPR-UJPOAAIJSA-N,0.3081138694402514,5.255095449274522,4.516079024259357,105,3059,3039,20
C025,800,sparsepca,100,0.7,rf_strong,C18_positive|IK:WCGUUGGRBIKTOS-UHFFFAOYSA-N,0.323889202475081,5.276249714439084,4.198518694557607,105,3059,3039,20
C025,800,sparsepca,100,0.7,rf_strong,C18_positive|NAME:,0.3282492336831727,0.5454170663779789,0.4414073921931161,105,3059,3039,20
C025,800,sparsepca,100,0.7,rf_strong,HILICZ_negative|IK:LWYJCVVIVLBLID-UHFFFAOYSA-N,0.3446328421350553,5.536912421603263,4.70573147042185,105,3059,3039,20
C025,800,sparsepca,100,0.7,rf_strong,HILICZ_negative|IK:QZZGJDVWLFXDLK-UHFFFAOYSA-N,0.2930004893939072,5.214522386703413,4.29753828376886,105,3059,3039,20
C025,800,sparsepca,100,0.7,rf_strong,HILICZ_positive|IK:OYTCZOJKXCTBHG-UHFFFAOYSA-N,0.4592167842775702,4.813026112217669,3.618551005872489,105,3059,3039,20
C025,800,sparsepca,100,0.7,rf_strong,HILICZ_positive|IK:XPCTZQVDEJYUGT-UHFFFAOYSA-N,0.3354080122474849,5.384774056761748,4.18927097321549,105,3059,3039,20
C026,800,sparsepca,100,0.8,rf_strong,C18_negative|IK:AIONOLUJZLIMTK-UHFFFAOYSA-N,0.4860674455443549,4.1631101237808,3.096911802325775,105,3059,3039,20
C026,800,sparsepca,100,0.8,rf_strong,C18_negative|IK:BJRNKVDFDLYUGJ-RMPHRYRLSA-N,0.3019924972898805,5.070044954274658,4.38686416548087,105,3059,3039,20
C026,800,sparsepca,100,0.8,rf_strong,C18_negative|IK:CKEXCBVNKRHAMX-UHFFFAOYSA-N,0.3078573021835459,4.480823355164118,3.5985969717029667,105,3059,3039,20
C026,800,sparsepca,100,0.8,rf_strong,C18_negative|IK:GHOKWGTUZJEAQD-UHFFFAOYSA-N,0.3564954641531184,4.565174987430772,3.656806161808511,105,3059,3039,20
C026,800,sparsepca,100,0.8,rf_strong,C18_negative|IK:GUNGQVJAKLIYDG-JXMROGBWSA-N,0.3656114435402475,3.999153983174648,3.043021908242747,105,3059,3039,20
C026,800,sparsepca,100,0.8,rf_strong,C18_negative|IK:GYUCMTKUEQLBJW-UHFFFAOYSA-N,0.4147758825896497,3.6830888967949726,2.530246105514334,105,3059,3039,20
C026,800,sparsepca,100,0.8,rf_strong,C18_negative|IK:KDYFGRWQOYBRFD-UHFFFAOYSA-N,0.3352136129763098,4.780867988434928,3.5212745238853147,105,3059,3039,20
C026,800,sparsepca,100,0.8,rf_strong,C18_negative|IK:LTSJJOKAWSCMBC-UHFFFAOYSA-N,0.4237688553420898,4.075005085531676,3.347802935148533,105,3059,3039,20
C026,800,sparsepca,100,0.8,rf_strong,C18_negative|IK:NGFMICBWJRZIBI-UHFFFAOYSA-N,0.3940717273641024,1.3519884701932336,1.149672330300761,105,3059,3039,20
C026,800,sparsepca,100,0.8,rf_strong,C18_negative|IK:OKVJCVWFVRATSG-UHFFFAOYSA-N,0.3334014972823661,4.880502012139145,3.945906131348032,105,3059,3039,20
C026,800,sparsepca,100,0.8,rf_strong,C18_negative|IK:RGHHSNMVTDWUBI-UHFFFAOYSA-N,0.680859604331568,3.7039532719966055,2.5052500559049355,105,3059,3039,20
C026,800,sparsepca,100,0.8,rf_strong,C18_negative|IK:UGAGPNKCDRTDHP-UHFFFAOYSA-N,0.2931561915191634,4.838250283116161,3.8585821650113017,105,3059,3039,20
C026,800,sparsepca,100,0.8,rf_strong,C18_negative|IK:WLJVXDMOQOGPHL-UHFFFAOYSA-N,0.591716834101941,3.582938787871937,2.5118835743573045,105,3059,3039,20
C026,800,sparsepca,100,0.8,rf_strong,C18_negative|IK:ZWNLSRDFHQCTQW-UHFFFAOYSA-N,0.3609034289472849,4.4296287408528014,3.5078633936046493,105,3059,3039,20
C026,800,sparsepca,100,0.8,rf_strong,C18_positive|IK:GHOKWGTUZJEAQD-UHFFFAOYSA-N,0.3518394029057778,4.652352294903043,3.6367773045934726,105,3059,3039,20
C026,800,sparsepca,100,0.8,rf_strong,C18_positive|IK:GUMFPOIJOXLCLA-JKSUJKDBSA-N,0.3851316458694991,3.6713570137973472,2.6002009826284143,105,3059,3039,20
C026,800,sparsepca,100,0.8,rf_strong,C18_positive|IK:IBMRTYCHDPMBFN-UHFFFAOYSA-N,0.3455776246904563,4.58867943823647,3.581619878000467,105,3059,3039,20
C026,800,sparsepca,100,0.8,rf_strong,C18_positive|IK:LVGKNOAMLMIIKO-QXMHVHEDSA-N,0.5071829074797354,3.504676459128666,2.4482279933837705,105,3059,3039,20
C026,800,sparsepca,100,0.8,rf_strong,C18_positive|IK:LWYJCVVIVLBLID-UHFFFAOYSA-N,0.3013885535841869,5.175690552105099,4.473689857660051,105,3059,3039,20
C026,800,sparsepca,100,0.8,rf_strong,C18_positive|IK:MBIZFBDREVRUHY-UHFFFAOYSA-N,0.3982891544795092,4.547468922051864,3.628741403645886,105,3059,3039,20
C026,800,sparsepca,100,0.8,rf_strong,C18_positive|IK:MECHNRXZTMCUDQ-UHFFFAOYSA-N,0.4954686802050666,4.257882477126202,3.118216818006536,105,3059,3039,20
C026,800,sparsepca,100,0.8,rf_strong,C18_positive|IK:OVASVJPBDPJABT-UHFFFAOYSA-N,0.3233351985196341,4.447355592862079,3.2227430381604774,105,3059,3039,20
C026,800,sparsepca,100,0.8,rf_strong,C18_positive|IK:OYTCZOJKXCTBHG-UHFFFAOYSA-N,0.3996491748189257,3.82701015359374,2.812509197356029,105,3059,3039,20
C026,800,sparsepca,100,0.8,rf_strong,C18_positive|IK:PUQSUZTXKPLAPR-UJPOAAIJSA-N,0.3030771634476326,5.274188457379456,4.505887875167171,105,3059,3039,20
C026,800,sparsepca,100,0.8,rf_strong,C18_positive|IK:WCGUUGGRBIKTOS-UHFFFAOYSA-N,0.3116719480699564,5.323706939434254,4.237509349204712,105,3059,3039,20
C026,800,sparsepca,100,0.8,rf_strong,C18_positive|NAME:,0.3221462417878825,0.5478890767041851,0.4413068818972086,105,3059,3039,20
C026,800,sparsepca,100,0.8,rf_strong,HILICZ_negative|IK:LWYJCVVIVLBLID-UHFFFAOYSA-N,0.3445103143299959,5.537429989512286,4.692457398457677,105,3059,3039,20
C026,800,sparsepca,100,0.8,rf_strong,HILICZ_negative|IK:QZZGJDVWLFXDLK-UHFFFAOYSA-N,0.2862114155110047,5.239499204265454,4.2830078248784895,105,3059,3039,20
C026,800,sparsepca,100,0.8,rf_strong,HILICZ_positive|IK:OYTCZOJKXCTBHG-UHFFFAOYSA-N,0.4604913931187914,4.807350691307941,3.592046088865064,105,3059,3039,20
C026,800,sparsepca,100,0.8,rf_strong,HILICZ_positive|IK:XPCTZQVDEJYUGT-UHFFFAOYSA-N,0.3339203549657958,5.390797467066654,4.1700701432723015,105,3059,3039,20
C027,1000,sparsepca,50,0.6,rf_strong,C18_negative|IK:AIONOLUJZLIMTK-UHFFFAOYSA-N,0.4633555163894562,4.254104653681119,3.2168004481735464,105,3059,3039,20
C027,1000,sparsepca,50,0.6,rf_strong,C18_negative|IK:BJRNKVDFDLYUGJ-RMPHRYRLSA-N,0.2844713526205378,5.133283827588646,4.5259997099129645,105,3059,3039,20
C027,1000,sparsepca,50,0.6,rf_strong,C18_negative|IK:CKEXCBVNKRHAMX-UHFFFAOYSA-N,0.2928211830679694,4.529232596317589,3.722658462129581,105,3059,3039,20
C027,1000,sparsepca,50,0.6,rf_strong,C18_negative|IK:GHOKWGTUZJEAQD-UHFFFAOYSA-N,0.3439475383342624,4.609469095701259,3.754376064607962,105,3059,3039,20
C027,1000,sparsepca,50,0.6,rf_strong,C18_negative|IK:GUNGQVJAKLIYDG-JXMROGBWSA-N,0.3650240205646831,4.001005097401812,3.0415391794218247,105,3059,3039,20
C027,1000,sparsepca,50,0.6,rf_strong,C18_negative|IK:GYUCMTKUEQLBJW-UHFFFAOYSA-N,0.4396853923258772,3.60385298470259,2.4874163452297293,105,3059,3039,20
C027,1000,sparsepca,50,0.6,rf_strong,C18_negative|IK:KDYFGRWQOYBRFD-UHFFFAOYSA-N,0.2975522734709201,4.9144248537841415,3.660929528643327,105,3059,3039,20
C027,1000,sparsepca,50,0.6,rf_strong,C18_negative|IK:LTSJJOKAWSCMBC-UHFFFAOYSA-N,0.4417833173677281,4.010801761024425,3.244273522897516,105,3059,3039,20
C027,1000,sparsepca,50,0.6,rf_strong,C18_negative|IK:NGFMICBWJRZIBI-UHFFFAOYSA-N,0.3897576129819934,1.3567929067110958,1.1556846275803971,105,3059,3039,20
C027,1000,sparsepca,50,0.6,rf_strong,C18_negative|IK:OKVJCVWFVRATSG-UHFFFAOYSA-N,0.3493609083672231,4.821724648351362,3.8766648183363865,105,3059,3039,20
C027,1000,sparsepca,50,0.6,rf_strong,C18_negative|IK:RGHHSNMVTDWUBI-UHFFFAOYSA-N,0.6836266286548953,3.687861230785103,2.527674332354628,105,3059,3039,20
C027,1000,sparsepca,50,0.6,rf_strong,C18_negative|IK:UGAGPNKCDRTDHP-UHFFFAOYSA-N,0.3118777559669408,4.773747017794416,3.8677234669145295,105,3059,3039,20
C027,1000,sparsepca,50,0.6,rf_strong,C18_negative|IK:WLJVXDMOQOGPHL-UHFFFAOYSA-N,0.5767010071622046,3.648230495797744,2.6201844715727804,105,3059,3039,20
C027,1000,sparsepca,50,0.6,rf_strong,C18_negative|IK:ZWNLSRDFHQCTQW-UHFFFAOYSA-N,0.3156486115028649,4.583778898680273,3.6353118003213103,105,3059,3039,20
C027,1000,sparsepca,50,0.6,rf_strong,C18_positive|IK:GHOKWGTUZJEAQD-UHFFFAOYSA-N,0.3413579921480169,4.689818052649313,3.713210198546921,105,3059,3039,20
C027,1000,sparsepca,50,0.6,rf_strong,C18_positive|IK:GUMFPOIJOXLCLA-JKSUJKDBSA-N,0.4478602986134966,3.479044917784541,2.4420278040534624,105,3059,3039,20
C027,1000,sparsepca,50,0.6,rf_strong,C18_positive|IK:IBMRTYCHDPMBFN-UHFFFAOYSA-N,0.3727288965793275,4.492481423684427,3.539073250851548,105,3059,3039,20
C027,1000,sparsepca,50,0.6,rf_strong,C18_positive|IK:LVGKNOAMLMIIKO-QXMHVHEDSA-N,0.5250482096656935,3.4405653789063275,2.388106456717737,105,3059,3039,20
C027,1000,sparsepca,50,0.6,rf_strong,C18_positive|IK:LWYJCVVIVLBLID-UHFFFAOYSA-N,0.298917885372678,5.18483449637372,4.428013160390708,105,3059,3039,20
C027,1000,sparsepca,50,0.6,rf_strong,C18_positive|IK:MBIZFBDREVRUHY-UHFFFAOYSA-N,0.392184716311644,4.570478056227601,3.726650374744565,105,3059,3039,20
C027,1000,sparsepca,50,0.6,rf_strong,C18_positive|IK:MECHNRXZTMCUDQ-UHFFFAOYSA-N,0.4845315642175481,4.303785748006459,3.199735277439185,105,3059,3039,20
C027,1000,sparsepca,50,0.6,rf_strong,C18_positive|IK:OVASVJPBDPJABT-UHFFFAOYSA-N,0.329882603370113,4.425786997662573,3.278081743717466,105,3059,3039,20
C027,1000,sparsepca,50,0.6,rf_strong,C18_positive|IK:OYTCZOJKXCTBHG-UHFFFAOYSA-N,0.4144144163907544,3.779655754304117,2.7976302725396685,105,3059,3039,20
C027,1000,sparsepca,50,0.6,rf_strong,C18_positive|IK:PUQSUZTXKPLAPR-UJPOAAIJSA-N,0.3235703911483177,5.196065306648091,4.4615138402102295,105,3059,3039,20
C027,1000,sparsepca,50,0.6,rf_strong,C18_positive|IK:WCGUUGGRBIKTOS-UHFFFAOYSA-N,0.3233839989215018,5.278220606160735,4.173716221940722,105,3059,3039,20
C027,1000,sparsepca,50,0.6,rf_strong,C18_positive|NAME:,0.3188206995387431,0.549231400917375,0.4454435815976317,105,3059,3039,20
C027,1000,sparsepca,50,0.6,rf_strong,HILICZ_negative|IK:LWYJCVVIVLBLID-UHFFFAOYSA-N,0.3449351860360286,5.535635088126851,4.689062584610564,105,3059,3039,20
C027,1000,sparsepca,50,0.6,rf_strong,HILICZ_negative|IK:QZZGJDVWLFXDLK-UHFFFAOYSA-N,0.304950889282235,5.170264076680572,4.258086926027023,105,3059,3039,20
C027,1000,sparsepca,50,0.6,rf_strong,HILICZ_positive|IK:OYTCZOJKXCTBHG-UHFFFAOYSA-N,0.4422806503972525,4.887811760636831,3.675496827152428,105,3059,3039,20
C027,1000,sparsepca,50,0.6,rf_strong,HILICZ_positive|IK:XPCTZQVDEJYUGT-UHFFFAOYSA-N,0.3419516491373142,5.358198977062501,4.164193788720768,105,3059,3039,20
C028,1000,sparsepca,50,0.7,rf_strong,C18_negative|IK:AIONOLUJZLIMTK-UHFFFAOYSA-N,0.4716703275472688,4.221019283201065,3.163199855358189,105,3059,3039,20
C028,1000,sparsepca,50,0.7,rf_strong,C18_negative|IK:BJRNKVDFDLYUGJ-RMPHRYRLSA-N,0.2942123543688274,5.098222563430944,4.473848252197653,105,3059,3039,20
C028,1000,sparsepca,50,0.7,rf_strong,C18_negative|IK:CKEXCBVNKRHAMX-UHFFFAOYSA-N,0.3002239366995893,4.505464208853217,3.67553533189572,105,3059,3039,20
C028,1000,sparsepca,50,0.7,rf_strong,C18_negative|IK:GHOKWGTUZJEAQD-UHFFFAOYSA-N,0.3505595423353684,4.586182078445749,3.687692554440088,105,3059,3039,20
C028,1000,sparsepca,50,0.7,rf_strong,C18_negative|IK:GUNGQVJAKLIYDG-JXMROGBWSA-N,0.3656422451257668,3.999056896162754,3.034171275551968,105,3059,3039,20
C028,1000,sparsepca,50,0.7,rf_strong,C18_negative|IK:GYUCMTKUEQLBJW-UHFFFAOYSA-N,0.4359112158107988,3.615970060981226,2.488888499970993,105,3059,3039,20
C028,1000,sparsepca,50,0.7,rf_strong,C18_negative|IK:KDYFGRWQOYBRFD-UHFFFAOYSA-N,0.2984651577525304,4.911230481055017,3.617646754724436,105,3059,3039,20
C028,1000,sparsepca,50,0.7,rf_strong,C18_negative|IK:LTSJJOKAWSCMBC-UHFFFAOYSA-N,0.4431486553759359,4.005893763066332,3.257757308402999,105,3059,3039,20
C028,1000,sparsepca,50,0.7,rf_strong,C18_negative|IK:NGFMICBWJRZIBI-UHFFFAOYSA-N,0.3935879782499489,1.3525280495212326,1.1543233611367123,105,3059,3039,20
C028,1000,sparsepca,50,0.7,rf_strong,C18_negative|IK:OKVJCVWFVRATSG-UHFFFAOYSA-N,0.3413500942141738,4.851316916997971,3.881307593270855,105,3059,3039,20
C028,1000,sparsepca,50,0.7,rf_strong,C18_negative|IK:RGHHSNMVTDWUBI-UHFFFAOYSA-N,0.6855007133846206,3.676922209685298,2.487961097521164,105,3059,3039,20
C028,1000,sparsepca,50,0.7,rf_strong,C18_negative|IK:UGAGPNKCDRTDHP-UHFFFAOYSA-N,0.3172883776775339,4.754942283222322,3.8270858159574623,105,3059,3039,20
C028,1000,sparsepca,50,0.7,rf_strong,C18_negative|IK:WLJVXDMOQOGPHL-UHFFFAOYSA-N,0.5782081359710346,3.641730059652311,2.5911052656507088,105,3059,3039,20
C028,1000,sparsepca,50,0.7,rf_strong,C18_negative|IK:ZWNLSRDFHQCTQW-UHFFFAOYSA-N,0.3172400693173816,4.578446012042634,3.6189349410014464,105,3059,3039,20
C028,1000,sparsepca,50,0.7,rf_strong,C18_positive|IK:GHOKWGTUZJEAQD-UHFFFAOYSA-N,0.3382997986322269,4.700693278473058,3.6818262641609394,105,3059,3039,20
C028,1000,sparsepca,50,0.7,rf_strong,C18_positive|IK:GUMFPOIJOXLCLA-JKSUJKDBSA-N,0.4224475947260102,3.558207300077601,2.5083316933722064,105,3059,3039,20
C028,1000,sparsepca,50,0.7,rf_strong,C18_positive|IK:IBMRTYCHDPMBFN-UHFFFAOYSA-N,0.373661318734784,4.489141203629419,3.510401919719425,105,3059,3039,20
C028,1000,sparsepca,50,0.7,rf_strong,C18_positive|IK:LVGKNOAMLMIIKO-QXMHVHEDSA-N,0.521844005748491,3.452151546459021,2.398289226921534,105,3059,3039,20
C028,1000,sparsepca,50,0.7,rf_strong,C18_positive|IK:LWYJCVVIVLBLID-UHFFFAOYSA-N,0.2941327262548618,5.20249866615254,4.443992931201545,105,3059,3039,20
C028,1000,sparsepca,50,0.7,rf_strong,C18_positive|IK:MBIZFBDREVRUHY-UHFFFAOYSA-N,0.3888279987515946,4.58308112907401,3.717942147467893,105,3059,3039,20
C028,1000,sparsepca,50,0.7,rf_strong,C18_positive|IK:MECHNRXZTMCUDQ-UHFFFAOYSA-N,0.4847653319480973,4.302809742251794,3.185891141810484,105,3059,3039,20
C028,1000,sparsepca,50,0.7,rf_strong,C18_positive|IK:OVASVJPBDPJABT-UHFFFAOYSA-N,0.3189635632440912,4.461698673561222,3.264493679471766,105,3059,3039,20
C028,1000,sparsepca,50,0.7,rf_strong,C18_positive|IK:OYTCZOJKXCTBHG-UHFFFAOYSA-N,0.427741925197757,3.7363970735000662,2.761199743089526,105,3059,3039,20
C028,1000,sparsepca,50,0.7,rf_strong,C18_positive|IK:PUQSUZTXKPLAPR-UJPOAAIJSA-N,0.3238832340290462,5.1948635999130905,4.440529968927824,105,3059,3039,20
C028,1000,sparsepca,50,0.7,rf_strong,C18_positive|IK:WCGUUGGRBIKTOS-UHFFFAOYSA-N,0.3136479714477932,5.316059909704382,4.217446686200251,105,3059,3039,20
C028,1000,sparsepca,50,0.7,rf_strong,C18_positive|NAME:,0.3138015984799873,0.551251125097586,0.4469052510014952,105,3059,3039,20
C028,1000,sparsepca,50,0.7,rf_strong,HILICZ_negative|IK:LWYJCVVIVLBLID-UHFFFAOYSA-N,0.3480841766658814,5.522313763059369,4.6705447761129175,105,3059,3039,20
C028,1000,sparsepca,50,0.7,rf_strong,HILICZ_negative|IK:QZZGJDVWLFXDLK-UHFFFAOYSA-N,0.3033268592831282,5.17630089099396,4.23455949769795,105,3059,3039,20
C028,1000,sparsepca,50,0.7,rf_strong,HILICZ_positive|IK:OYTCZOJKXCTBHG-UHFFFAOYSA-N,0.4438889179113392,4.88075930308028,3.654715366588635,105,3059,3039,20
C028,1000,sparsepca,50,0.7,rf_strong,HILICZ_positive|IK:XPCTZQVDEJYUGT-UHFFFAOYSA-N,0.3436995496573558,5.351078051800112,4.137613289704594,105,3059,3039,20
C029,1000,sparsepca,50,0.8,rf_strong,C18_negative|IK:AIONOLUJZLIMTK-UHFFFAOYSA-N,0.4773361296204477,4.19832519231266,3.1124701117801123,105,3059,3039,20
C029,1000,sparsepca,50,0.8,rf_strong,C18_negative|IK:BJRNKVDFDLYUGJ-RMPHRYRLSA-N,0.3009736041739497,5.073744019179144,4.421696794482342,105,3059,3039,20
C029,1000,sparsepca,50,0.8,rf_strong,C18_negative|IK:CKEXCBVNKRHAMX-UHFFFAOYSA-N,0.3038798727748727,4.493679539291578,3.6284122016618574,105,3059,3039,20
C029,1000,sparsepca,50,0.8,rf_strong,C18_negative|IK:GHOKWGTUZJEAQD-UHFFFAOYSA-N,0.3526672103716718,4.578734124944788,3.621009044272216,105,3059,3039,20
C029,1000,sparsepca,50,0.8,rf_strong,C18_negative|IK:GUNGQVJAKLIYDG-JXMROGBWSA-N,0.3638152918942152,4.004811406950863,3.026803371682112,105,3059,3039,20
C029,1000,sparsepca,50,0.8,rf_strong,C18_negative|IK:GYUCMTKUEQLBJW-UHFFFAOYSA-N,0.4288993690745274,3.6383746207789,2.4903606547122563,105,3059,3039,20
C029,1000,sparsepca,50,0.8,rf_strong,C18_negative|IK:KDYFGRWQOYBRFD-UHFFFAOYSA-N,0.2943477542504359,4.925621736064018,3.574363980805545,105,3059,3039,20
C029,1000,sparsepca,50,0.8,rf_strong,C18_negative|IK:LTSJJOKAWSCMBC-UHFFFAOYSA-N,0.4418288866846601,4.010638049304158,3.271241093908482,105,3059,3039,20
C029,1000,sparsepca,50,0.8,rf_strong,C18_negative|IK:NGFMICBWJRZIBI-UHFFFAOYSA-N,0.3938893612009753,1.352191908795022,1.1532464804260285,105,3059,3039,20
C029,1000,sparsepca,50,0.8,rf_strong,C18_negative|IK:OKVJCVWFVRATSG-UHFFFAOYSA-N,0.3310719873257975,4.889022330258814,3.8859503682053234,105,3059,3039,20
C029,1000,sparsepca,50,0.8,rf_strong,C18_negative|IK:RGHHSNMVTDWUBI-UHFFFAOYSA-N,0.6836997933441809,3.687434777665031,2.44936534708509,105,3059,3039,20
C029,1000,sparsepca,50,0.8,rf_strong,C18_negative|IK:UGAGPNKCDRTDHP-UHFFFAOYSA-N,0.3190822488066904,4.748691207435924,3.7864481650003934,105,3059,3039,20
C029,1000,sparsepca,50,0.8,rf_strong,C18_negative|IK:WLJVXDMOQOGPHL-UHFFFAOYSA-N,0.5762657116292371,3.650105825539213,2.562026059728636,105,3059,3039,20
C029,1000,sparsepca,50,0.8,rf_strong,C18_negative|IK:ZWNLSRDFHQCTQW-UHFFFAOYSA-N,0.3163152357281847,4.581545833475928,3.604754102499042,105,3059,3039,20
C029,1000,sparsepca,50,0.8,rf_strong,C18_positive|IK:GHOKWGTUZJEAQD-UHFFFAOYSA-N,0.3305093751458297,4.728283745429614,3.650442329774957,105,3059,3039,20
C029,1000,sparsepca,50,0.8,rf_strong,C18_positive|IK:GUMFPOIJOXLCLA-JKSUJKDBSA-N,0.3934634879141316,3.646397605741616,2.5746355826909504,105,3059,3039,20
C029,1000,sparsepca,50,0.8,rf_strong,C18_positive|IK:IBMRTYCHDPMBFN-UHFFFAOYSA-N,0.3704485982998726,4.50063970197056,3.481730588587302,105,3059,3039,20
C029,1000,sparsepca,50,0.8,rf_strong,C18_positive|IK:LVGKNOAMLMIIKO-QXMHVHEDSA-N,0.5156283717071213,3.4745166623037207,2.408471997125332,105,3059,3039,20
C029,1000,sparsepca,50,0.8,rf_strong,C18_positive|IK:LWYJCVVIVLBLID-UHFFFAOYSA-N,0.286193381379167,5.2316747852883685,4.459972702012383,105,3059,3039,20
C029,1000,sparsepca,50,0.8,rf_strong,C18_positive|IK:MBIZFBDREVRUHY-UHFFFAOYSA-N,0.3819511765115917,4.608793099800815,3.7092339201912186,105,3059,3039,20
C029,1000,sparsepca,50,0.8,rf_strong,C18_positive|IK:MECHNRXZTMCUDQ-UHFFFAOYSA-N,0.4818213711371414,4.315084983869426,3.1720470061817823,105,3059,3039,20
C029,1000,sparsepca,50,0.8,rf_strong,C18_positive|IK:OVASVJPBDPJABT-UHFFFAOYSA-N,0.3031646216747593,4.513154053187333,3.2509056152260656,105,3059,3039,20
C029,1000,sparsepca,50,0.8,rf_strong,C18_positive|IK:OYTCZOJKXCTBHG-UHFFFAOYSA-N,0.4383720700009356,3.701531138584501,2.724769213639384,105,3059,3039,20
C029,1000,sparsepca,50,0.8,rf_strong,C18_positive|IK:PUQSUZTXKPLAPR-UJPOAAIJSA-N,0.3204626040673618,5.207988024856213,4.419546097645419,105,3059,3039,20
C029,1000,sparsepca,50,0.8,rf_strong,C18_positive|IK:WCGUUGGRBIKTOS-UHFFFAOYSA-N,0.2996740576810865,5.369903891880437,4.261897289458609,105,3059,3039,20
C029,1000,sparsepca,50,0.8,rf_strong,C18_positive|NAME:,0.3048760278488455,0.5548246793071974,0.449101188754601,105,3059,3039,20
C029,1000,sparsepca,50,0.8,rf_strong,HILICZ_negative|IK:LWYJCVVIVLBLID-UHFFFAOYSA-N,0.3479086062575602,5.52305733268718,4.652026967615271,105,3059,3039,20
C029,1000,sparsepca,50,0.8,rf_strong,HILICZ_negative|IK:QZZGJDVWLFXDLK-UHFFFAOYSA-N,0.2981645731177911,5.195443460443297,4.211032069368877,105,3059,3039,20
C029,1000,sparsepca,50,0.8,rf_strong,HILICZ_positive|IK:OYTCZOJKXCTBHG-UHFFFAOYSA-N,0.4428856657618155,4.88515988595602,3.638300713953438,105,3059,3039,20
C029,1000,sparsepca,50,0.8,rf_strong,HILICZ_positive|IK:XPCTZQVDEJYUGT-UHFFFAOYSA-N,0.3422871451993591,5.35683290431167,4.111032790688421,105,3059,3039,20
C030,1000,sparsepca,75,0.6,rf_strong,C18_negative|IK:AIONOLUJZLIMTK-UHFFFAOYSA-N,0.4814314337866233,4.18184497266583,3.17805767292007,105,3059,3039,20
C030,1000,sparsepca,75,0.6,rf_strong,C18_negative|IK:BJRNKVDFDLYUGJ-RMPHRYRLSA-N,0.2784422384773708,5.154865236190326,4.538740527421751,105,3059,3039,20
C030,1000,sparsepca,75,0.6,rf_strong,C18_negative|IK:CKEXCBVNKRHAMX-UHFFFAOYSA-N,0.292715926505085,4.529569649483145,3.717823571345608,105,3059,3039,20
C030,1000,sparsepca,75,0.6,rf_strong,C18_negative|IK:GHOKWGTUZJEAQD-UHFFFAOYSA-N,0.3394864203950262,4.625114602252446,3.787145599074009,105,3059,3039,20
C030,1000,sparsepca,75,0.6,rf_strong,C18_negative|IK:GUNGQVJAKLIYDG-JXMROGBWSA-N,0.3628511748174218,4.00784483834248,3.058799285662547,105,3059,3039,20
C030,1000,sparsepca,75,0.6,rf_strong,C18_negative|IK:GYUCMTKUEQLBJW-UHFFFAOYSA-N,0.4396241612727845,3.604049893441112,2.4932385872052847,105,3059,3039,20
C030,1000,sparsepca,75,0.6,rf_strong,C18_negative|IK:KDYFGRWQOYBRFD-UHFFFAOYSA-N,0.3124641047669619,4.86198239040256,3.6480047313683137,105,3059,3039,20
C030,1000,sparsepca,75,0.6,rf_strong,C18_negative|IK:LTSJJOKAWSCMBC-UHFFFAOYSA-N,0.4329335625766648,4.042469604260795,3.284380911966766,105,3059,3039,20
C030,1000,sparsepca,75,0.6,rf_strong,C18_negative|IK:NGFMICBWJRZIBI-UHFFFAOYSA-N,0.3937725560502481,1.352322194720513,1.1495355969073495,105,3059,3039,20
C030,1000,sparsepca,75,0.6,rf_strong,C18_negative|IK:OKVJCVWFVRATSG-UHFFFAOYSA-N,0.3427485541227235,4.846163969155329,3.91858828574746,105,3059,3039,20
C030,1000,sparsepca,75,0.6,rf_strong,C18_negative|IK:RGHHSNMVTDWUBI-UHFFFAOYSA-N,0.6720079378158976,3.7549683108042937,2.6296447868363377,105,3059,3039,20
C030,1000,sparsepca,75,0.6,rf_strong,C18_negative|IK:UGAGPNKCDRTDHP-UHFFFAOYSA-N,0.2908171842636304,4.846248765844446,3.942093277624328,105,3059,3039,20
C030,1000,sparsepca,75,0.6,rf_strong,C18_negative|IK:WLJVXDMOQOGPHL-UHFFFAOYSA-N,0.5827542797137357,3.6220513008184634,2.5911666649538154,105,3059,3039,20
C030,1000,sparsepca,75,0.6,rf_strong,C18_negative|IK:ZWNLSRDFHQCTQW-UHFFFAOYSA-N,0.3396102064771524,4.50281662506,3.5831041522504727,105,3059,3039,20
C030,1000,sparsepca,75,0.6,rf_strong,C18_positive|IK:GHOKWGTUZJEAQD-UHFFFAOYSA-N,0.3451492224869094,4.6763009671580695,3.736122952382326,105,3059,3039,20
C030,1000,sparsepca,75,0.6,rf_strong,C18_positive|IK:GUMFPOIJOXLCLA-JKSUJKDBSA-N,0.4476836658296419,3.4796013568964868,2.486986400120038,105,3059,3039,20
C030,1000,sparsepca,75,0.6,rf_strong,C18_positive|IK:IBMRTYCHDPMBFN-UHFFFAOYSA-N,0.3614415270129055,4.532720971655851,3.5813244167108915,105,3059,3039,20
C030,1000,sparsepca,75,0.6,rf_strong,C18_positive|IK:LVGKNOAMLMIIKO-QXMHVHEDSA-N,0.5206847543137936,3.456333747495211,2.425308723548645,105,3059,3039,20
C030,1000,sparsepca,75,0.6,rf_strong,C18_positive|IK:LWYJCVVIVLBLID-UHFFFAOYSA-N,0.2971291164013816,5.19144467982853,4.449667058432603,105,3059,3039,20
C030,1000,sparsepca,75,0.6,rf_strong,C18_positive|IK:MBIZFBDREVRUHY-UHFFFAOYSA-N,0.4032293764237868,4.528762421833741,3.689620749078767,105,3059,3039,20
C030,1000,sparsepca,75,0.6,rf_strong,C18_positive|IK:MECHNRXZTMCUDQ-UHFFFAOYSA-N,0.4942386902285032,4.263069434359594,3.1618771801230623,105,3059,3039,20
C030,1000,sparsepca,75,0.6,rf_strong,C18_positive|IK:OVASVJPBDPJABT-UHFFFAOYSA-N,0.348224011797588,4.364798914526442,3.226654705702874,105,3059,3039,20
C030,1000,sparsepca,75,0.6,rf_strong,C18_positive|IK:OYTCZOJKXCTBHG-UHFFFAOYSA-N,0.3844330957320554,3.875205069184713,2.877266531949168,105,3059,3039,20
C030,1000,sparsepca,75,0.6,rf_strong,C18_positive|IK:PUQSUZTXKPLAPR-UJPOAAIJSA-N,0.3255178575736785,5.1885800809404525,4.492917001118105,105,3059,3039,20
C030,1000,sparsepca,75,0.6,rf_strong,C18_positive|IK:WCGUUGGRBIKTOS-UHFFFAOYSA-N,0.3166133267772166,5.304563571277948,4.197708449440749,105,3059,3039,20
C030,1000,sparsepca,75,0.6,rf_strong,C18_positive|NAME:,0.3223537925462608,0.547805191723198,0.4417776998901617,105,3059,3039,20
C030,1000,sparsepca,75,0.6,rf_strong,HILICZ_negative|IK:LWYJCVVIVLBLID-UHFFFAOYSA-N,0.3463790573896061,5.529530994340099,4.686714506965953,105,3059,3039,20
C030,1000,sparsepca,75,0.6,rf_strong,HILICZ_negative|IK:QZZGJDVWLFXDLK-UHFFFAOYSA-N,0.2986759423324726,5.193550371363972,4.303273061786813,105,3059,3039,20
C030,1000,sparsepca,75,0.6,rf_strong,HILICZ_positive|IK:OYTCZOJKXCTBHG-UHFFFAOYSA-N,0.4479833033495884,4.86275873703328,3.683967786114743,105,3059,3039,20
C030,1000,sparsepca,75,0.6,rf_strong,HILICZ_positive|IK:XPCTZQVDEJYUGT-UHFFFAOYSA-N,0.3290391915686751,5.410513826755982,4.22736586296478,105,3059,3039,20
C031,1000,sparsepca,75,0.7,rf_strong,C18_negative|IK:AIONOLUJZLIMTK-UHFFFAOYSA-N,0.4925520553455095,4.136762461214756,3.121920092864233,105,3059,3039,20
C031,1000,sparsepca,75,0.7,rf_strong,C18_negative|IK:BJRNKVDFDLYUGJ-RMPHRYRLSA-N,0.2870499813687903,5.124025791175735,4.488712539291236,105,3059,3039,20
C031,1000,sparsepca,75,0.7,rf_strong,C18_negative|IK:CKEXCBVNKRHAMX-UHFFFAOYSA-N,0.300679109778656,4.503998668864379,3.669894625981085,105,3059,3039,20
C031,1000,sparsepca,75,0.7,rf_strong,C18_negative|IK:GHOKWGTUZJEAQD-UHFFFAOYSA-N,0.3461435353414464,4.601748017152075,3.7259236779838103,105,3059,3039,20
C031,1000,sparsepca,75,0.7,rf_strong,C18_negative|IK:GUNGQVJAKLIYDG-JXMROGBWSA-N,0.3628901257732556,4.007722330250919,3.0543080661661435,105,3059,3039,20
C031,1000,sparsepca,75,0.7,rf_strong,C18_negative|IK:GYUCMTKUEQLBJW-UHFFFAOYSA-N,0.4370126915421054,3.612437949018236,2.495681115609141,105,3059,3039,20
C031,1000,sparsepca,75,0.7,rf_strong,C18_negative|IK:KDYFGRWQOYBRFD-UHFFFAOYSA-N,0.3164057626137804,4.848025433766001,3.602567824570255,105,3059,3039,20
C031,1000,sparsepca,75,0.7,rf_strong,C18_negative|IK:LTSJJOKAWSCMBC-UHFFFAOYSA-N,0.4327172077143087,4.043240699576915,3.304549262317124,105,3059,3039,20
C031,1000,sparsepca,75,0.7,rf_strong,C18_negative|IK:NGFMICBWJRZIBI-UHFFFAOYSA-N,0.3987546787572755,1.3467538764102658,1.1456718516807427,105,3059,3039,20
C031,1000,sparsepca,75,0.7,rf_strong,C18_negative|IK:OKVJCVWFVRATSG-UHFFFAOYSA-N,0.3340205932234684,4.8782351297160735,3.93021830525044,105,3059,3039,20
C031,1000,sparsepca,75,0.7,rf_strong,C18_negative|IK:RGHHSNMVTDWUBI-UHFFFAOYSA-N,0.6714572024490217,3.758119494504119,2.60698338808556,105,3059,3039,20
C031,1000,sparsepca,75,0.7,rf_strong,C18_negative|IK:UGAGPNKCDRTDHP-UHFFFAOYSA-N,0.2936253369250688,4.8366443981773655,3.913850595118894,105,3059,3039,20
C031,1000,sparsepca,75,0.7,rf_strong,C18_negative|IK:WLJVXDMOQOGPHL-UHFFFAOYSA-N,0.5855608905617149,3.609848849556701,2.557251157928582,105,3059,3039,20
C031,1000,sparsepca,75,0.7,rf_strong,C18_negative|IK:ZWNLSRDFHQCTQW-UHFFFAOYSA-N,0.3453613669222065,4.483166829406638,3.5605773225798654,105,3059,3039,20
C031,1000,sparsepca,75,0.7,rf_strong,C18_positive|IK:GHOKWGTUZJEAQD-UHFFFAOYSA-N,0.3431252548143954,4.6835219863522415,3.708557810302245,105,3059,3039,20
C031,1000,sparsepca,75,0.7,rf_strong,C18_positive|IK:GUMFPOIJOXLCLA-JKSUJKDBSA-N,0.4217926810455266,3.560224137318265,2.5607833887832108,105,3059,3039,20
C031,1000,sparsepca,75,0.7,rf_strong,C18_positive|IK:IBMRTYCHDPMBFN-UHFFFAOYSA-N,0.3602536925805759,4.5369348539669225,3.559694946555327,105,3059,3039,20
C031,1000,sparsepca,75,0.7,rf_strong,C18_positive|IK:LVGKNOAMLMIIKO-QXMHVHEDSA-N,0.5180146195190409,3.4659475245132163,2.441691871557594,105,3059,3039,20
C031,1000,sparsepca,75,0.7,rf_strong,C18_positive|IK:LWYJCVVIVLBLID-UHFFFAOYSA-N,0.2930404794938422,5.20652223829645,4.469255812250424,105,3059,3039,20
C031,1000,sparsepca,75,0.7,rf_strong,C18_positive|IK:MBIZFBDREVRUHY-UHFFFAOYSA-N,0.4017213434955577,4.534480878387031,3.6747409175244607,105,3059,3039,20
C031,1000,sparsepca,75,0.7,rf_strong,C18_positive|IK:MECHNRXZTMCUDQ-UHFFFAOYSA-N,0.496513173789043,4.253472805333602,3.1417233616083395,105,3059,3039,20
C031,1000,sparsepca,75,0.7,rf_strong,C18_positive|IK:OVASVJPBDPJABT-UHFFFAOYSA-N,0.3409875343489237,4.388962569639212,3.204785390316285,105,3059,3039,20
C031,1000,sparsepca,75,0.7,rf_strong,C18_positive|IK:OYTCZOJKXCTBHG-UHFFFAOYSA-N,0.3934754742694104,3.84663733032722,2.854108712400608,105,3059,3039,20
C031,1000,sparsepca,75,0.7,rf_strong,C18_positive|IK:PUQSUZTXKPLAPR-UJPOAAIJSA-N,0.3259712049878904,5.1868360579295,4.477166989987012,105,3059,3039,20
C031,1000,sparsepca,75,0.7,rf_strong,C18_positive|IK:WCGUUGGRBIKTOS-UHFFFAOYSA-N,0.3061885466807532,5.34486989694268,4.243430017524391,105,3059,3039,20
C031,1000,sparsepca,75,0.7,rf_strong,C18_positive|NAME:,0.3183091130231781,0.5494376070089398,0.4421811559948253,105,3059,3039,20
C031,1000,sparsepca,75,0.7,rf_strong,HILICZ_negative|IK:LWYJCVVIVLBLID-UHFFFAOYSA-N,0.3509345463946927,5.510227939383103,4.668932159034839,105,3059,3039,20
C031,1000,sparsepca,75,0.7,rf_strong,HILICZ_negative|IK:QZZGJDVWLFXDLK-UHFFFAOYSA-N,0.2964560452564981,5.201763435126456,4.287276656084372,105,3059,3039,20
C031,1000,sparsepca,75,0.7,rf_strong,HILICZ_positive|IK:OYTCZOJKXCTBHG-UHFFFAOYSA-N,0.4510610074169963,4.849183920123107,3.663948179646456,105,3059,3039,20
C031,1000,sparsepca,75,0.7,rf_strong,HILICZ_positive|IK:XPCTZQVDEJYUGT-UHFFFAOYSA-N,0.3299956687468257,5.406656016773722,4.211314042989274,105,3059,3039,20
C032,1000,sparsepca,75,0.8,rf_strong,C18_negative|IK:AIONOLUJZLIMTK-UHFFFAOYSA-N,0.5009645699630607,4.10232935844033,3.066998413573305,105,3059,3039,20
C032,1000,sparsepca,75,0.8,rf_strong,C18_negative|IK:BJRNKVDFDLYUGJ-RMPHRYRLSA-N,0.2926412847457064,5.103893681554444,4.438684551160721,105,3059,3039,20
C032,1000,sparsepca,75,0.8,rf_strong,C18_negative|IK:CKEXCBVNKRHAMX-UHFFFAOYSA-N,0.3050606104680134,4.489866900909542,3.6219656806165608,105,3059,3039,20
C032,1000,sparsepca,75,0.8,rf_strong,C18_negative|IK:GHOKWGTUZJEAQD-UHFFFAOYSA-N,0.348521637352165,4.593372023826323,3.6647017568936135,105,3059,3039,20
C032,1000,sparsepca,75,0.8,rf_strong,C18_negative|IK:GUNGQVJAKLIYDG-JXMROGBWSA-N,0.3604218610372047,4.015478101824469,3.0498168466697413,105,3059,3039,20
C032,1000,sparsepca,75,0.8,rf_strong,C18_negative|IK:GYUCMTKUEQLBJW-UHFFFAOYSA-N,0.4314986692930659,3.630085351892122,2.498123644012997,105,3059,3039,20
C032,1000,sparsepca,75,0.8,rf_strong,C18_negative|IK:KDYFGRWQOYBRFD-UHFFFAOYSA-N,0.3154724093480938,4.851333958501027,3.5571309177721946,105,3059,3039,20
C032,1000,sparsepca,75,0.8,rf_strong,C18_negative|IK:LTSJJOKAWSCMBC-UHFFFAOYSA-N,0.429785250798549,4.053675820952306,3.324717612667482,105,3059,3039,20
C032,1000,sparsepca,75,0.8,rf_strong,C18_negative|IK:NGFMICBWJRZIBI-UHFFFAOYSA-N,0.4003457049362396,1.3449707938619466,1.1421777873796228,105,3059,3039,20
C032,1000,sparsepca,75,0.8,rf_strong,C18_negative|IK:OKVJCVWFVRATSG-UHFFFAOYSA-N,0.3231353145301848,4.917940354120202,3.941848324753421,105,3059,3039,20
C032,1000,sparsepca,75,0.8,rf_strong,C18_negative|IK:RGHHSNMVTDWUBI-UHFFFAOYSA-N,0.6670919275624277,3.783003757181858,2.58785467908569,105,3059,3039,20
C032,1000,sparsepca,75,0.8,rf_strong,C18_negative|IK:UGAGPNKCDRTDHP-UHFFFAOYSA-N,0.293076060786422,4.8385245173591,3.885607912613459,105,3059,3039,20
C032,1000,sparsepca,75,0.8,rf_strong,C18_negative|IK:WLJVXDMOQOGPHL-UHFFFAOYSA-N,0.5850009777677982,3.612286503608228,2.523490406756646,105,3059,3039,20
C032,1000,sparsepca,75,0.8,rf_strong,C18_negative|IK:ZWNLSRDFHQCTQW-UHFFFAOYSA-N,0.3486436940973063,4.471913512452422,3.5381376866007503,105,3059,3039,20
C032,1000,sparsepca,75,0.8,rf_strong,C18_positive|IK:GHOKWGTUZJEAQD-UHFFFAOYSA-N,0.3364840154913102,4.707138487380386,3.680992668222163,105,3059,3039,20
C032,1000,sparsepca,75,0.8,rf_strong,C18_positive|IK:GUMFPOIJOXLCLA-JKSUJKDBSA-N,0.3922020527372134,3.650187406573693,2.634580377446384,105,3059,3039,20
C032,1000,sparsepca,75,0.8,rf_strong,C18_positive|IK:IBMRTYCHDPMBFN-UHFFFAOYSA-N,0.3548524217502458,4.55604688904193,3.5380654763997623,105,3059,3039,20
C032,1000,sparsepca,75,0.8,rf_strong,C18_positive|IK:LVGKNOAMLMIIKO-QXMHVHEDSA-N,0.5126934293661496,3.485027295786742,2.4580750195665435,105,3059,3039,20
C032,1000,sparsepca,75,0.8,rf_strong,C18_positive|IK:LWYJCVVIVLBLID-UHFFFAOYSA-N,0.2860818426490416,5.232083517536649,4.488844566068244,105,3059,3039,20
C032,1000,sparsepca,75,0.8,rf_strong,C18_positive|IK:MBIZFBDREVRUHY-UHFFFAOYSA-N,0.3966954653006507,4.55348714463276,3.6598610859701535,105,3059,3039,20
C032,1000,sparsepca,75,0.8,rf_strong,C18_positive|IK:MECHNRXZTMCUDQ-UHFFFAOYSA-N,0.4957307463780298,4.25677650822074,3.121569543093618,105,3059,3039,20
C032,1000,sparsepca,75,0.8,rf_strong,C18_positive|IK:OVASVJPBDPJABT-UHFFFAOYSA-N,0.3290499158206006,4.428535884366397,3.1829160749296954,105,3059,3039,20
C032,1000,sparsepca,75,0.8,rf_strong,C18_positive|IK:OYTCZOJKXCTBHG-UHFFFAOYSA-N,0.4000238478048855,3.8258157677043743,2.8309508928520493,105,3059,3039,20
C032,1000,sparsepca,75,0.8,rf_strong,C18_positive|IK:PUQSUZTXKPLAPR-UJPOAAIJSA-N,0.3226384872156675,5.199643333847994,4.462768799478594,105,3059,3039,20
C032,1000,sparsepca,75,0.8,rf_strong,C18_positive|IK:WCGUUGGRBIKTOS-UHFFFAOYSA-N,0.2916515067868991,5.400573648741955,4.290925481770606,105,3059,3039,20
C032,1000,sparsepca,75,0.8,rf_strong,C18_positive|NAME:,0.3104681275565907,0.5525884593954485,0.442692488019443,105,3059,3039,20
C032,1000,sparsepca,75,0.8,rf_strong,HILICZ_negative|IK:LWYJCVVIVLBLID-UHFFFAOYSA-N,0.3524985752615017,5.503585039588681,4.65357173207097,105,3059,3039,20
C032,1000,sparsepca,75,0.8,rf_strong,HILICZ_negative|IK:QZZGJDVWLFXDLK-UHFFFAOYSA-N,0.290826451275653,5.222533614854128,4.27128025038193,105,3059,3039,20
C032,1000,sparsepca,75,0.8,rf_strong,HILICZ_positive|IK:OYTCZOJKXCTBHG-UHFFFAOYSA-N,0.4516754759335361,4.846469132870528,3.643928573178171,105,3059,3039,20
C032,1000,sparsepca,75,0.8,rf_strong,HILICZ_positive|IK:XPCTZQVDEJYUGT-UHFFFAOYSA-N,0.3281805989239519,5.413974492521669,4.195262223013771,105,3059,3039,20
C033,1000,sparsepca,100,0.6,rf_strong,C18_negative|IK:AIONOLUJZLIMTK-UHFFFAOYSA-N,0.474224249984762,4.210804813238131,3.20804651961884,105,3059,3039,20
C033,1000,sparsepca,100,0.6,rf_strong,C18_negative|IK:BJRNKVDFDLYUGJ-RMPHRYRLSA-N,0.2948626292427873,5.095873407824562,4.4946050113888,105,3059,3039,20
C033,1000,sparsepca,100,0.6,rf_strong,C18_negative|IK:CKEXCBVNKRHAMX-UHFFFAOYSA-N,0.2942736921200549,4.524578799593352,3.7147811808687288,105,3059,3039,20
C033,1000,sparsepca,100,0.6,rf_strong,C18_negative|IK:GHOKWGTUZJEAQD-UHFFFAOYSA-N,0.3488798410828543,4.592109058453808,3.764938114389044,105,3059,3039,20
C033,1000,sparsepca,100,0.6,rf_strong,C18_negative|IK:GUNGQVJAKLIYDG-JXMROGBWSA-N,0.3563316705058785,4.028297407700863,3.086222039220996,105,3059,3039,20
C033,1000,sparsepca,100,0.6,rf_strong,C18_negative|IK:GYUCMTKUEQLBJW-UHFFFAOYSA-N,0.4360987191548827,3.615369036063411,2.5190491820162686,105,3059,3039,20
C033,1000,sparsepca,100,0.6,rf_strong,C18_negative|IK:KDYFGRWQOYBRFD-UHFFFAOYSA-N,0.3150970424283043,4.852663912715832,3.647930211090963,105,3059,3039,20
C033,1000,sparsepca,100,0.6,rf_strong,C18_negative|IK:LTSJJOKAWSCMBC-UHFFFAOYSA-N,0.4325585550409622,4.043806049091058,3.2951536835259763,105,3059,3039,20
C033,1000,sparsepca,100,0.6,rf_strong,C18_negative|IK:NGFMICBWJRZIBI-UHFFFAOYSA-N,0.3935023233329481,1.3526235675708569,1.143973732655823,105,3059,3039,20
C033,1000,sparsepca,100,0.6,rf_strong,C18_negative|IK:OKVJCVWFVRATSG-UHFFFAOYSA-N,0.3389198656551576,4.860258657962237,3.93181629332628,105,3059,3039,20
C033,1000,sparsepca,100,0.6,rf_strong,C18_negative|IK:RGHHSNMVTDWUBI-UHFFFAOYSA-N,0.6750510155119298,3.737508608027501,2.627341549610116,105,3059,3039,20
C033,1000,sparsepca,100,0.6,rf_strong,C18_negative|IK:UGAGPNKCDRTDHP-UHFFFAOYSA-N,0.2908687578689906,4.846072546779355,3.946764765146552,105,3059,3039,20
C033,1000,sparsepca,100,0.6,rf_strong,C18_negative|IK:WLJVXDMOQOGPHL-UHFFFAOYSA-N,0.5788743133213505,3.638853052097162,2.632166023620332,105,3059,3039,20
C033,1000,sparsepca,100,0.6,rf_strong,C18_negative|IK:ZWNLSRDFHQCTQW-UHFFFAOYSA-N,0.3490864277073892,4.4703934512019945,3.5559507459429587,105,3059,3039,20
C033,1000,sparsepca,100,0.6,rf_strong,C18_positive|IK:GHOKWGTUZJEAQD-UHFFFAOYSA-N,0.3519168629627438,4.652074291085145,3.695981401641888,105,3059,3039,20
C033,1000,sparsepca,100,0.6,rf_strong,C18_positive|IK:GUMFPOIJOXLCLA-JKSUJKDBSA-N,0.447698947801152,3.4795532182363185,2.4978147575277854,105,3059,3039,20
C033,1000,sparsepca,100,0.6,rf_strong,C18_positive|IK:IBMRTYCHDPMBFN-UHFFFAOYSA-N,0.3659848311759864,4.516567171924528,3.553179245309836,105,3059,3039,20
C033,1000,sparsepca,100,0.6,rf_strong,C18_positive|IK:LVGKNOAMLMIIKO-QXMHVHEDSA-N,0.5288892937748082,3.4266246702471577,2.4094035629593167,105,3059,3039,20
C033,1000,sparsepca,100,0.6,rf_strong,C18_positive|IK:LWYJCVVIVLBLID-UHFFFAOYSA-N,0.2950826763379932,5.198996748647863,4.467991399814237,105,3059,3039,20
C033,1000,sparsepca,100,0.6,rf_strong,C18_positive|IK:MBIZFBDREVRUHY-UHFFFAOYSA-N,0.3965301217290536,4.554111073516626,3.717999941551251,105,3059,3039,20
C033,1000,sparsepca,100,0.6,rf_strong,C18_positive|IK:MECHNRXZTMCUDQ-UHFFFAOYSA-N,0.4913474609598514,4.275237176420958,3.1803868784043425,105,3059,3039,20
C033,1000,sparsepca,100,0.6,rf_strong,C18_positive|IK:OVASVJPBDPJABT-UHFFFAOYSA-N,0.3388993657438423,4.395910575752499,3.2645231706708597,105,3059,3039,20
C033,1000,sparsepca,100,0.6,rf_strong,C18_positive|IK:OYTCZOJKXCTBHG-UHFFFAOYSA-N,0.3912541530183206,3.853674810080065,2.8636563910112707,105,3059,3039,20
C033,1000,sparsepca,100,0.6,rf_strong,C18_positive|IK:PUQSUZTXKPLAPR-UJPOAAIJSA-N,0.3179316917924648,5.217677492057328,4.519033717984296,105,3059,3039,20
C033,1000,sparsepca,100,0.6,rf_strong,C18_positive|IK:WCGUUGGRBIKTOS-UHFFFAOYSA-N,0.3406740375622358,5.210345164331858,4.152617453747335,105,3059,3039,20
C033,1000,sparsepca,100,0.6,rf_strong,C18_positive|NAME:,0.3303775035497965,0.5445523739617261,0.4403120846421947,105,3059,3039,20
C033,1000,sparsepca,100,0.6,rf_strong,HILICZ_negative|IK:LWYJCVVIVLBLID-UHFFFAOYSA-N,0.3442679324430993,5.538453688822234,4.72755626422666,105,3059,3039,20
C033,1000,sparsepca,100,0.6,rf_strong,HILICZ_negative|IK:QZZGJDVWLFXDLK-UHFFFAOYSA-N,0.2950012042772971,5.207138955954926,4.309640837558006,105,3059,3039,20
C033,1000,sparsepca,100,0.6,rf_strong,HILICZ_positive|IK:OYTCZOJKXCTBHG-UHFFFAOYSA-N,0.4549818020406275,4.831835247740094,3.6454760523289953,105,3059,3039,20
C033,1000,sparsepca,100,0.6,rf_strong,HILICZ_positive|IK:XPCTZQVDEJYUGT-UHFFFAOYSA-N,0.3383886930845644,5.372685188769013,4.209822755296818,105,3059,3039,20
C034,1000,sparsepca,100,0.7,rf_strong,C18_negative|IK:AIONOLUJZLIMTK-UHFFFAOYSA-N,0.484396115778439,4.169873931715832,3.153661151975287,105,3059,3039,20
C034,1000,sparsepca,100,0.7,rf_strong,C18_negative|IK:BJRNKVDFDLYUGJ-RMPHRYRLSA-N,0.305890488363052,5.055868417069863,4.437221103919462,105,3059,3039,20
C034,1000,sparsepca,100,0.7,rf_strong,C18_negative|IK:CKEXCBVNKRHAMX-UHFFFAOYSA-N,0.3027173969389374,4.497430052057799,3.6663451704247247,105,3059,3039,20
C034,1000,sparsepca,100,0.7,rf_strong,C18_negative|IK:GHOKWGTUZJEAQD-UHFFFAOYSA-N,0.3567461604757462,4.564285650988455,3.700014945851352,105,3059,3039,20
C034,1000,sparsepca,100,0.7,rf_strong,C18_negative|IK:GUNGQVJAKLIYDG-JXMROGBWSA-N,0.3549078299411958,4.032750388045876,3.0863012786510007,105,3059,3039,20
C034,1000,sparsepca,100,0.7,rf_strong,C18_negative|IK:GYUCMTKUEQLBJW-UHFFFAOYSA-N,0.4329704427161321,3.625383405566081,2.5257934762219554,105,3059,3039,20
C034,1000,sparsepca,100,0.7,rf_strong,C18_negative|IK:KDYFGRWQOYBRFD-UHFFFAOYSA-N,0.3201467458783956,4.834741776533525,3.602480884246678,105,3059,3039,20
C034,1000,sparsepca,100,0.7,rf_strong,C18_negative|IK:LTSJJOKAWSCMBC-UHFFFAOYSA-N,0.4324398781445757,4.044228895594442,3.317117495802869,105,3059,3039,20
C034,1000,sparsepca,100,0.7,rf_strong,C18_negative|IK:NGFMICBWJRZIBI-UHFFFAOYSA-N,0.3975146063378226,1.348142005375322,1.1390272865505693,105,3059,3039,20
C034,1000,sparsepca,100,0.7,rf_strong,C18_negative|IK:OKVJCVWFVRATSG-UHFFFAOYSA-N,0.3292642031213026,4.895624187137807,3.945650980759064,105,3059,3039,20
C034,1000,sparsepca,100,0.7,rf_strong,C18_negative|IK:RGHHSNMVTDWUBI-UHFFFAOYSA-N,0.6750340263798013,3.7376063098217536,2.6042395176525663,105,3059,3039,20
C034,1000,sparsepca,100,0.7,rf_strong,C18_negative|IK:UGAGPNKCDRTDHP-UHFFFAOYSA-N,0.2932649841938649,4.837877933215016,3.919300663894821,105,3059,3039,20
C034,1000,sparsepca,100,0.7,rf_strong,C18_negative|IK:WLJVXDMOQOGPHL-UHFFFAOYSA-N,0.5815080492323981,3.627456443401341,2.6050837430395184,105,3059,3039,20
C034,1000,sparsepca,100,0.7,rf_strong,C18_negative|IK:ZWNLSRDFHQCTQW-UHFFFAOYSA-N,0.3566467611414334,4.444355909321897,3.527731236961801,105,3059,3039,20
C034,1000,sparsepca,100,0.7,rf_strong,C18_positive|IK:GHOKWGTUZJEAQD-UHFFFAOYSA-N,0.3514559909990999,4.653728114073623,3.661726001105067,105,3059,3039,20
C034,1000,sparsepca,100,0.7,rf_strong,C18_positive|IK:GUMFPOIJOXLCLA-JKSUJKDBSA-N,0.4220101615982295,3.5595545225376406,2.5734164724255835,105,3059,3039,20
C034,1000,sparsepca,100,0.7,rf_strong,C18_positive|IK:IBMRTYCHDPMBFN-UHFFFAOYSA-N,0.3657590086828551,4.5173714520940855,3.5268589132540957,105,3059,3039,20
C034,1000,sparsepca,100,0.7,rf_strong,C18_positive|IK:LVGKNOAMLMIIKO-QXMHVHEDSA-N,0.5267869239059765,3.434261954967597,2.423135850870044,105,3059,3039,20
C034,1000,sparsepca,100,0.7,rf_strong,C18_positive|IK:LWYJCVVIVLBLID-UHFFFAOYSA-N,0.2897177878290912,5.218743156306121,4.490634210528997,105,3059,3039,20
C034,1000,sparsepca,100,0.7,rf_strong,C18_positive|IK:MBIZFBDREVRUHY-UHFFFAOYSA-N,0.393307338818973,4.566255315338724,3.707849975409025,105,3059,3039,20
C034,1000,sparsepca,100,0.7,rf_strong,C18_positive|IK:MECHNRXZTMCUDQ-UHFFFAOYSA-N,0.4935659895975928,4.265903593961183,3.1633180096031674,105,3059,3039,20
C034,1000,sparsepca,100,0.7,rf_strong,C18_positive|IK:OVASVJPBDPJABT-UHFFFAOYSA-N,0.3299236970308634,4.425651294143555,3.2489652661122683,105,3059,3039,20
C034,1000,sparsepca,100,0.7,rf_strong,C18_positive|IK:OYTCZOJKXCTBHG-UHFFFAOYSA-N,0.4017814040392741,3.820208029879233,2.8382302146397285,105,3059,3039,20
C034,1000,sparsepca,100,0.7,rf_strong,C18_positive|IK:PUQSUZTXKPLAPR-UJPOAAIJSA-N,0.3181045288470425,5.2170163668183305,4.50763649299757,105,3059,3039,20
C034,1000,sparsepca,100,0.7,rf_strong,C18_positive|IK:WCGUUGGRBIKTOS-UHFFFAOYSA-N,0.3337482202545516,5.237639424043699,4.191389870867869,105,3059,3039,20
C034,1000,sparsepca,100,0.7,rf_strong,C18_positive|NAME:,0.3278913601094629,0.5455623318355115,0.4401941885225756,105,3059,3039,20
C034,1000,sparsepca,100,0.7,rf_strong,HILICZ_negative|IK:LWYJCVVIVLBLID-UHFFFAOYSA-N,0.347856061853238,5.523279847440889,4.716580875838997,105,3059,3039,20
C034,1000,sparsepca,100,0.7,rf_strong,HILICZ_negative|IK:QZZGJDVWLFXDLK-UHFFFAOYSA-N,0.2923052866527406,5.217085514028879,4.294705727817431,105,3059,3039,20
C034,1000,sparsepca,100,0.7,rf_strong,HILICZ_positive|IK:OYTCZOJKXCTBHG-UHFFFAOYSA-N,0.4595275220558303,4.811643114462717,3.619041156896418,105,3059,3039,20
C034,1000,sparsepca,100,0.7,rf_strong,HILICZ_positive|IK:XPCTZQVDEJYUGT-UHFFFAOYSA-N,0.3405414599646391,5.363937180312949,4.19084708404332,105,3059,3039,20
C035,1000,sparsepca,100,0.8,rf_strong,C18_negative|IK:AIONOLUJZLIMTK-UHFFFAOYSA-N,0.4919320007836676,4.139289060629274,3.10007204406087,105,3059,3039,20
C035,1000,sparsepca,100,0.8,rf_strong,C18_negative|IK:BJRNKVDFDLYUGJ-RMPHRYRLSA-N,0.3138114463787016,5.026937658148104,4.381749662842192,105,3059,3039,20
C035,1000,sparsepca,100,0.8,rf_strong,C18_negative|IK:CKEXCBVNKRHAMX-UHFFFAOYSA-N,0.3076425317286972,4.481518496376337,3.617909159980721,105,3059,3039,20
C035,1000,sparsepca,100,0.8,rf_strong,C18_negative|IK:GHOKWGTUZJEAQD-UHFFFAOYSA-N,0.3602316481706038,4.551903003899814,3.63509177731366,105,3059,3039,20
C035,1000,sparsepca,100,0.8,rf_strong,C18_negative|IK:GUNGQVJAKLIYDG-JXMROGBWSA-N,0.350869285836459,4.045354036464843,3.086380518081007,105,3059,3039,20
C035,1000,sparsepca,100,0.8,rf_strong,C18_negative|IK:GYUCMTKUEQLBJW-UHFFFAOYSA-N,0.4269598328956624,3.6445475941122414,2.532537770427642,105,3059,3039,20
C035,1000,sparsepca,100,0.8,rf_strong,C18_negative|IK:KDYFGRWQOYBRFD-UHFFFAOYSA-N,0.3205126446901869,4.833440566052919,3.557031557402394,105,3059,3039,20
C035,1000,sparsepca,100,0.8,rf_strong,C18_negative|IK:LTSJJOKAWSCMBC-UHFFFAOYSA-N,0.4296513646867631,4.054151693455059,3.3390813080797623,105,3059,3039,20
C035,1000,sparsepca,100,0.8,rf_strong,C18_negative|IK:NGFMICBWJRZIBI-UHFFFAOYSA-N,0.3978715639815092,1.3477425758630652,1.13585505964208,105,3059,3039,20
C035,1000,sparsepca,100,0.8,rf_strong,C18_negative|IK:OKVJCVWFVRATSG-UHFFFAOYSA-N,0.3173684836819886,4.938846141150987,3.959485668191848,105,3059,3039,20
C035,1000,sparsepca,100,0.8,rf_strong,C18_negative|IK:RGHHSNMVTDWUBI-UHFFFAOYSA-N,0.6712100881904525,3.75953256816897,2.582739949744034,105,3059,3039,20
C035,1000,sparsepca,100,0.8,rf_strong,C18_negative|IK:UGAGPNKCDRTDHP-UHFFFAOYSA-N,0.2921836325936661,4.84157765612504,3.8918365626430913,105,3059,3039,20
C035,1000,sparsepca,100,0.8,rf_strong,C18_negative|IK:WLJVXDMOQOGPHL-UHFFFAOYSA-N,0.5809106289668259,3.630044716748115,2.578001462458704,105,3059,3039,20
C035,1000,sparsepca,100,0.8,rf_strong,C18_negative|IK:ZWNLSRDFHQCTQW-UHFFFAOYSA-N,0.3618039192437948,4.426506956178247,3.500228265394919,105,3059,3039,20
C035,1000,sparsepca,100,0.8,rf_strong,C18_positive|IK:GHOKWGTUZJEAQD-UHFFFAOYSA-N,0.3465021775647603,4.671467731387106,3.6274706005682464,105,3059,3039,20
C035,1000,sparsepca,100,0.8,rf_strong,C18_positive|IK:GUMFPOIJOXLCLA-JKSUJKDBSA-N,0.3926787751813778,3.648755625158444,2.6490181873233816,105,3059,3039,20
C035,1000,sparsepca,100,0.8,rf_strong,C18_positive|IK:IBMRTYCHDPMBFN-UHFFFAOYSA-N,0.3613782625284907,4.532945503288532,3.5005385811983545,105,3059,3039,20
C035,1000,sparsepca,100,0.8,rf_strong,C18_positive|IK:LVGKNOAMLMIIKO-QXMHVHEDSA-N,0.5218050248739825,3.452292259056312,2.436868138780772,105,3059,3039,20
C035,1000,sparsepca,100,0.8,rf_strong,C18_positive|IK:LWYJCVVIVLBLID-UHFFFAOYSA-N,0.2812157055950803,5.249884436248159,4.513277021243756,105,3059,3039,20
C035,1000,sparsepca,100,0.8,rf_strong,C18_positive|IK:MBIZFBDREVRUHY-UHFFFAOYSA-N,0.3863957942042915,4.592191430823748,3.6977000092668,105,3059,3039,20
C035,1000,sparsepca,100,0.8,rf_strong,C18_positive|IK:MECHNRXZTMCUDQ-UHFFFAOYSA-N,0.4928492977272026,4.268921023144138,3.1462491408019924,105,3059,3039,20
C035,1000,sparsepca,100,0.8,rf_strong,C18_positive|IK:OVASVJPBDPJABT-UHFFFAOYSA-N,0.3161940062128857,4.470761618528828,3.233407361553677,105,3059,3039,20
C035,1000,sparsepca,100,0.8,rf_strong,C18_positive|IK:OYTCZOJKXCTBHG-UHFFFAOYSA-N,0.4099140870876483,3.794151619952753,2.8128040382681867,105,3059,3039,20
C035,1000,sparsepca,100,0.8,rf_strong,C18_positive|IK:PUQSUZTXKPLAPR-UJPOAAIJSA-N,0.314772400887729,5.229747483117854,4.496239268010842,105,3059,3039,20
C035,1000,sparsepca,100,0.8,rf_strong,C18_positive|IK:WCGUUGGRBIKTOS-UHFFFAOYSA-N,0.3225640986707938,5.281417622024336,4.230162287988403,105,3059,3039,20
C035,1000,sparsepca,100,0.8,rf_strong,C18_positive|NAME:,0.3216721252729098,0.548080650366138,0.4405746388928259,105,3059,3039,20
C035,1000,sparsepca,100,0.8,rf_strong,HILICZ_negative|IK:LWYJCVVIVLBLID-UHFFFAOYSA-N,0.3482768724287574,5.521497549468914,4.705605487451333,105,3059,3039,20
C035,1000,sparsepca,100,0.8,rf_strong,HILICZ_negative|IK:QZZGJDVWLFXDLK-UHFFFAOYSA-N,0.2862386537787269,5.239399233316991,4.279770618076856,105,3059,3039,20
C035,1000,sparsepca,100,0.8,rf_strong,HILICZ_positive|IK:OYTCZOJKXCTBHG-UHFFFAOYSA-N,0.461696177805676,4.801980008162148,3.59260626146384,105,3059,3039,20
C035,1000,sparsepca,100,0.8,rf_strong,HILICZ_positive|IK:XPCTZQVDEJYUGT-UHFFFAOYSA-N,0.3398192625434832,5.366873499545166,4.171871412789822,105,3059,3039,20
C036,500,sparsepca,75,0.7,rf_regularized,C18_negative|IK:AIONOLUJZLIMTK-UHFFFAOYSA-N,0.488957349838733,4.151388789566985,3.0830148676365856,105,3059,3039,20
C036,500,sparsepca,75,0.7,rf_regularized,C18_negative|IK:BJRNKVDFDLYUGJ-RMPHRYRLSA-N,0.3107086406343017,5.038290236388296,4.38316152102048,105,3059,3039,20
C036,500,sparsepca,75,0.7,rf_regularized,C18_negative|IK:CKEXCBVNKRHAMX-UHFFFAOYSA-N,0.3180641151037261,4.447661992389581,3.553045979755389,105,3059,3039,20
C036,500,sparsepca,75,0.7,rf_regularized,C18_negative|IK:GHOKWGTUZJEAQD-UHFFFAOYSA-N,0.3649717147121882,4.535009047873056,3.645158537231551,105,3059,3039,20
C036,500,sparsepca,75,0.7,rf_regularized,C18_negative|IK:GUNGQVJAKLIYDG-JXMROGBWSA-N,0.3462991307495286,4.0595695621833645,3.044411640133295,105,3059,3039,20
C036,500,sparsepca,75,0.7,rf_regularized,C18_negative|IK:GYUCMTKUEQLBJW-UHFFFAOYSA-N,0.4076289210961282,3.705510234757734,2.5048731367266788,105,3059,3039,20
C036,500,sparsepca,75,0.7,rf_regularized,C18_negative|IK:KDYFGRWQOYBRFD-UHFFFAOYSA-N,0.3248454845917916,4.818005387945252,3.5569819086842056,105,3059,3039,20
C036,500,sparsepca,75,0.7,rf_regularized,C18_negative|IK:LTSJJOKAWSCMBC-UHFFFAOYSA-N,0.47677601684738,3.883055630769856,3.0698092970111457,105,3059,3039,20
C036,500,sparsepca,75,0.7,rf_regularized,C18_negative|IK:NGFMICBWJRZIBI-UHFFFAOYSA-N,0.420218452918123,1.3224966291464737,1.1116796186964766,105,3059,3039,20
C036,500,sparsepca,75,0.7,rf_regularized,C18_negative|IK:OKVJCVWFVRATSG-UHFFFAOYSA-N,0.2817353269816481,5.066109617882334,4.117455834300577,105,3059,3039,20
C036,500,sparsepca,75,0.7,rf_regularized,C18_negative|IK:RGHHSNMVTDWUBI-UHFFFAOYSA-N,0.6758354769345793,3.732994510280609,2.5242276470583827,105,3059,3039,20
C036,500,sparsepca,75,0.7,rf_regularized,C18_negative|IK:UGAGPNKCDRTDHP-UHFFFAOYSA-N,0.288955178591561,4.852606666196187,3.8658958053110326,105,3059,3039,20
C036,500,sparsepca,75,0.7,rf_regularized,C18_negative|IK:WLJVXDMOQOGPHL-UHFFFAOYSA-N,0.5942802336071487,3.5716733648649903,2.4398945119086104,105,3059,3039,20
C036,500,sparsepca,75,0.7,rf_regularized,C18_negative|IK:ZWNLSRDFHQCTQW-UHFFFAOYSA-N,0.3529139749824636,4.4572305129657614,3.49909009875637,105,3059,3039,20
C036,500,sparsepca,75,0.7,rf_regularized,C18_positive|IK:GHOKWGTUZJEAQD-UHFFFAOYSA-N,0.3581119211132353,4.629786198017501,3.667243457023985,105,3059,3039,20
C036,500,sparsepca,75,0.7,rf_regularized,C18_positive|IK:GUMFPOIJOXLCLA-JKSUJKDBSA-N,0.4375997211915106,3.5112221827658625,2.41074374370688,105,3059,3039,20
C036,500,sparsepca,75,0.7,rf_regularized,C18_positive|IK:IBMRTYCHDPMBFN-UHFFFAOYSA-N,0.3871289707899998,4.440615756326087,3.472562810062917,105,3059,3039,20
C036,500,sparsepca,75,0.7,rf_regularized,C18_positive|IK:LVGKNOAMLMIIKO-QXMHVHEDSA-N,0.551652301664139,3.342816388182416,2.235164090629991,105,3059,3039,20
C036,500,sparsepca,75,0.7,rf_regularized,C18_positive|IK:LWYJCVVIVLBLID-UHFFFAOYSA-N,0.3012780474384371,5.176099880496212,4.357200260868523,105,3059,3039,20
C036,500,sparsepca,75,0.7,rf_regularized,C18_positive|IK:MBIZFBDREVRUHY-UHFFFAOYSA-N,0.4007392509138249,4.53820109632739,3.5758871990335352,105,3059,3039,20
C036,500,sparsepca,75,0.7,rf_regularized,C18_positive|IK:MECHNRXZTMCUDQ-UHFFFAOYSA-N,0.5076878646565612,4.206005877213443,3.007587128868344,105,3059,3039,20
C036,500,sparsepca,75,0.7,rf_regularized,C18_positive|IK:OVASVJPBDPJABT-UHFFFAOYSA-N,0.304868798459847,4.5076320025280685,3.2923352568354853,105,3059,3039,20
C036,500,sparsepca,75,0.7,rf_regularized,C18_positive|IK:OYTCZOJKXCTBHG-UHFFFAOYSA-N,0.3851397246785264,3.8729801945508298,2.7647991945021837,105,3059,3039,20
C036,500,sparsepca,75,0.7,rf_regularized,C18_positive|IK:PUQSUZTXKPLAPR-UJPOAAIJSA-N,0.2975675866437975,5.294995166257396,4.481613985358074,105,3059,3039,20
C036,500,sparsepca,75,0.7,rf_regularized,C18_positive|IK:WCGUUGGRBIKTOS-UHFFFAOYSA-N,0.3185582079717187,5.297009943861035,4.122134083760194,105,3059,3039,20
C036,500,sparsepca,75,0.7,rf_regularized,C18_positive|NAME:,0.3407669777740785,0.5403113800768294,0.4354316950020114,105,3059,3039,20
C036,500,sparsepca,75,0.7,rf_regularized,HILICZ_negative|IK:LWYJCVVIVLBLID-UHFFFAOYSA-N,0.3844416687598735,5.366114362022145,4.394495356109128,105,3059,3039,20
C036,500,sparsepca,75,0.7,rf_regularized,HILICZ_negative|IK:QZZGJDVWLFXDLK-UHFFFAOYSA-N,0.3147275880883993,5.133772316554182,4.15147920943939,105,3059,3039,20
C036,500,sparsepca,75,0.7,rf_regularized,HILICZ_positive|IK:OYTCZOJKXCTBHG-UHFFFAOYSA-N,0.4751537218412008,4.741575572077634,3.445964739629226,105,3059,3039,20
C036,500,sparsepca,75,0.7,rf_regularized,HILICZ_positive|IK:XPCTZQVDEJYUGT-UHFFFAOYSA-N,0.360765315469842,5.281047823655735,4.080183879389595,105,3059,3039,20
C037,500,sparsepca,75,0.8,rf_regularized,C18_negative|IK:AIONOLUJZLIMTK-UHFFFAOYSA-N,0.4997527043253746,4.107307419258781,3.011162503476617,105,3059,3039,20
C037,500,sparsepca,75,0.8,rf_regularized,C18_negative|IK:BJRNKVDFDLYUGJ-RMPHRYRLSA-N,0.3210471860062446,5.000363322925191,4.317800156493677,105,3059,3039,20
C037,500,sparsepca,75,0.8,rf_regularized,C18_negative|IK:CKEXCBVNKRHAMX-UHFFFAOYSA-N,0.3241651148897325,4.427721591598359,3.489525588338222,105,3059,3039,20
C037,500,sparsepca,75,0.8,rf_regularized,C18_negative|IK:GHOKWGTUZJEAQD-UHFFFAOYSA-N,0.3709105633865511,4.513753303296888,3.571030664168419,105,3059,3039,20
C037,500,sparsepca,75,0.8,rf_regularized,C18_negative|IK:GUNGQVJAKLIYDG-JXMROGBWSA-N,0.3439214997846558,4.0669455639622285,3.0348409751569827,105,3059,3039,20
C037,500,sparsepca,75,0.8,rf_regularized,C18_negative|IK:GYUCMTKUEQLBJW-UHFFFAOYSA-N,0.3989298748621048,3.7326190230053897,2.5136448281105777,105,3059,3039,20
C037,500,sparsepca,75,0.8,rf_regularized,C18_negative|IK:KDYFGRWQOYBRFD-UHFFFAOYSA-N,0.3262785917695687,4.812889236093488,3.503842932929293,105,3059,3039,20
C037,500,sparsepca,75,0.8,rf_regularized,C18_negative|IK:LTSJJOKAWSCMBC-UHFFFAOYSA-N,0.4798488512351757,3.871636470251085,3.0615883384575038,105,3059,3039,20
C037,500,sparsepca,75,0.8,rf_regularized,C18_negative|IK:NGFMICBWJRZIBI-UHFFFAOYSA-N,0.4216020644904592,1.3209176597550554,1.108063801617702,105,3059,3039,20
C037,500,sparsepca,75,0.8,rf_regularized,C18_negative|IK:OKVJCVWFVRATSG-UHFFFAOYSA-N,0.2650064461805939,5.124766640787932,4.147719389864448,105,3059,3039,20
C037,500,sparsepca,75,0.8,rf_regularized,C18_negative|IK:RGHHSNMVTDWUBI-UHFFFAOYSA-N,0.6765063059796488,3.729129963328712,2.476635411735034,105,3059,3039,20
C037,500,sparsepca,75,0.8,rf_regularized,C18_negative|IK:UGAGPNKCDRTDHP-UHFFFAOYSA-N,0.2857896726332747,4.863396349500428,3.8350398553739513,105,3059,3039,20
C037,500,sparsepca,75,0.8,rf_regularized,C18_negative|IK:WLJVXDMOQOGPHL-UHFFFAOYSA-N,0.598086909236561,3.5548782204663167,2.38729907745718,105,3059,3039,20
C037,500,sparsepca,75,0.8,rf_regularized,C18_negative|IK:ZWNLSRDFHQCTQW-UHFFFAOYSA-N,0.3594981726751174,4.434496037777358,3.459120788330269,105,3059,3039,20
C037,500,sparsepca,75,0.8,rf_regularized,C18_positive|IK:GHOKWGTUZJEAQD-UHFFFAOYSA-N,0.3546769955844838,4.642157320595599,3.631175280750844,105,3059,3039,20
C037,500,sparsepca,75,0.8,rf_regularized,C18_positive|IK:GUMFPOIJOXLCLA-JKSUJKDBSA-N,0.4060197448142215,3.60845714797185,2.4756503636287666,105,3059,3039,20
C037,500,sparsepca,75,0.8,rf_regularized,C18_positive|IK:IBMRTYCHDPMBFN-UHFFFAOYSA-N,0.3868770701438939,4.441528247705221,3.4373858405064723,105,3059,3039,20
C037,500,sparsepca,75,0.8,rf_regularized,C18_positive|IK:LVGKNOAMLMIIKO-QXMHVHEDSA-N,0.5515198016320526,3.343310302348735,2.2280533950089643,105,3059,3039,20
C037,500,sparsepca,75,0.8,rf_regularized,C18_positive|IK:LWYJCVVIVLBLID-UHFFFAOYSA-N,0.2966969943297357,5.1930402738341295,4.35795690380418,105,3059,3039,20
C037,500,sparsepca,75,0.8,rf_regularized,C18_positive|IK:MBIZFBDREVRUHY-UHFFFAOYSA-N,0.3931599185352951,4.566810058958728,3.550811472809124,105,3059,3039,20
C037,500,sparsepca,75,0.8,rf_regularized,C18_positive|IK:MECHNRXZTMCUDQ-UHFFFAOYSA-N,0.5047058415974545,4.218724912573273,2.9819040724353574,105,3059,3039,20
C037,500,sparsepca,75,0.8,rf_regularized,C18_positive|IK:OVASVJPBDPJABT-UHFFFAOYSA-N,0.2898258155021374,4.556144640760647,3.2778827915679005,105,3059,3039,20
C037,500,sparsepca,75,0.8,rf_regularized,C18_positive|IK:OYTCZOJKXCTBHG-UHFFFAOYSA-N,0.3897609181295429,3.858398388203169,2.733970057237169,105,3059,3039,20
C037,500,sparsepca,75,0.8,rf_regularized,C18_positive|IK:PUQSUZTXKPLAPR-UJPOAAIJSA-N,0.2899166167744567,5.32375389775196,4.466441324270288,105,3059,3039,20
C037,500,sparsepca,75,0.8,rf_regularized,C18_positive|IK:WCGUUGGRBIKTOS-UHFFFAOYSA-N,0.2990466412752344,5.372308780327184,4.164367404119221,105,3059,3039,20
C037,500,sparsepca,75,0.8,rf_regularized,C18_positive|NAME:,0.3350697675759968,0.5426410914611959,0.4362440012155191,105,3059,3039,20
C037,500,sparsepca,75,0.8,rf_regularized,HILICZ_negative|IK:LWYJCVVIVLBLID-UHFFFAOYSA-N,0.3896829285487712,5.343220248453879,4.345965403373083,105,3059,3039,20
C037,500,sparsepca,75,0.8,rf_regularized,HILICZ_negative|IK:QZZGJDVWLFXDLK-UHFFFAOYSA-N,0.3108125475139726,5.148416348188746,4.120139584103881,105,3059,3039,20
C037,500,sparsepca,75,0.8,rf_regularized,HILICZ_positive|IK:OYTCZOJKXCTBHG-UHFFFAOYSA-N,0.4762787962535713,4.736490762008494,3.408640180858998,105,3059,3039,20
C037,500,sparsepca,75,0.8,rf_regularized,HILICZ_positive|IK:XPCTZQVDEJYUGT-UHFFFAOYSA-N,0.3648236451223632,5.264257152884516,4.040267044951978,105,3059,3039,20
C038,500,sparsepca,100,0.7,rf_regularized,C18_negative|IK:AIONOLUJZLIMTK-UHFFFAOYSA-N,0.4951122610457035,4.1263137489034944,3.0895701000561044,105,3059,3039,20
C038,500,sparsepca,100,0.7,rf_regularized,C18_negative|IK:BJRNKVDFDLYUGJ-RMPHRYRLSA-N,0.2986277947844566,5.082250184229808,4.381006054528748,105,3059,3039,20
C038,500,sparsepca,100,0.7,rf_regularized,C18_negative|IK:CKEXCBVNKRHAMX-UHFFFAOYSA-N,0.3268346441719412,4.418968249684116,3.5265298595078,105,3059,3039,20
C038,500,sparsepca,100,0.7,rf_regularized,C18_negative|IK:GHOKWGTUZJEAQD-UHFFFAOYSA-N,0.3582284167337695,4.559023853491976,3.693607662178577,105,3059,3039,20
C038,500,sparsepca,100,0.7,rf_regularized,C18_negative|IK:GUNGQVJAKLIYDG-JXMROGBWSA-N,0.3612004748188865,4.013033163105528,3.0290878431143766,105,3059,3039,20
C038,500,sparsepca,100,0.7,rf_regularized,C18_negative|IK:GYUCMTKUEQLBJW-UHFFFAOYSA-N,0.4086359190334647,3.7023593142822566,2.492157254506029,105,3059,3039,20
C038,500,sparsepca,100,0.7,rf_regularized,C18_negative|IK:KDYFGRWQOYBRFD-UHFFFAOYSA-N,0.3364561775652228,4.776397894076707,3.5411819835023763,105,3059,3039,20
C038,500,sparsepca,100,0.7,rf_regularized,C18_negative|IK:LTSJJOKAWSCMBC-UHFFFAOYSA-N,0.4609784308295706,3.9412398310167904,3.0906774881897,105,3059,3039,20
C038,500,sparsepca,100,0.7,rf_regularized,C18_negative|IK:NGFMICBWJRZIBI-UHFFFAOYSA-N,0.3941321828684377,1.3519210222894456,1.1421584184314593,105,3059,3039,20
C038,500,sparsepca,100,0.7,rf_regularized,C18_negative|IK:OKVJCVWFVRATSG-UHFFFAOYSA-N,0.2877287149634963,5.044928870155576,4.062123863778299,105,3059,3039,20
C038,500,sparsepca,100,0.7,rf_regularized,C18_negative|IK:RGHHSNMVTDWUBI-UHFFFAOYSA-N,0.678738572578977,3.71624126902106,2.529462672384522,105,3059,3039,20
C038,500,sparsepca,100,0.7,rf_regularized,C18_negative|IK:UGAGPNKCDRTDHP-UHFFFAOYSA-N,0.2814645220698125,4.878100121371807,3.8779846745130784,105,3059,3039,20
C038,500,sparsepca,100,0.7,rf_regularized,C18_negative|IK:WLJVXDMOQOGPHL-UHFFFAOYSA-N,0.5917139801409294,3.582951310491766,2.438813995557381,105,3059,3039,20
C038,500,sparsepca,100,0.7,rf_regularized,C18_negative|IK:ZWNLSRDFHQCTQW-UHFFFAOYSA-N,0.3538484304410911,4.454011011998579,3.501994799123212,105,3059,3039,20
C038,500,sparsepca,100,0.7,rf_regularized,C18_positive|IK:GHOKWGTUZJEAQD-UHFFFAOYSA-N,0.3473969696880612,4.668268467200417,3.6656126186853135,105,3059,3039,20
C038,500,sparsepca,100,0.7,rf_regularized,C18_positive|IK:GUMFPOIJOXLCLA-JKSUJKDBSA-N,0.4454569512472414,3.486608469515445,2.389501411278681,105,3059,3039,20
C038,500,sparsepca,100,0.7,rf_regularized,C18_positive|IK:IBMRTYCHDPMBFN-UHFFFAOYSA-N,0.3691526124716984,4.505269797725234,3.495147316154311,105,3059,3039,20
C038,500,sparsepca,100,0.7,rf_regularized,C18_positive|IK:LVGKNOAMLMIIKO-QXMHVHEDSA-N,0.5498893533855769,3.34938208552471,2.2349381478213592,105,3059,3039,20
C038,500,sparsepca,100,0.7,rf_regularized,C18_positive|IK:LWYJCVVIVLBLID-UHFFFAOYSA-N,0.3027179774676303,5.170763662350742,4.3780959251638585,105,3059,3039,20
C038,500,sparsepca,100,0.7,rf_regularized,C18_positive|IK:MBIZFBDREVRUHY-UHFFFAOYSA-N,0.3802181900647671,4.615250020931408,3.639050839999917,105,3059,3039,20
C038,500,sparsepca,100,0.7,rf_regularized,C18_positive|IK:MECHNRXZTMCUDQ-UHFFFAOYSA-N,0.4958823383057388,4.25613663036196,3.055376101649536,105,3059,3039,20
C038,500,sparsepca,100,0.7,rf_regularized,C18_positive|IK:OVASVJPBDPJABT-UHFFFAOYSA-N,0.313173707985496,4.480624178953278,3.267595963207514,105,3059,3039,20
C038,500,sparsepca,100,0.7,rf_regularized,C18_positive|IK:OYTCZOJKXCTBHG-UHFFFAOYSA-N,0.3916091529817168,3.852550979887027,2.717853834146443,105,3059,3039,20
C038,500,sparsepca,100,0.7,rf_regularized,C18_positive|IK:PUQSUZTXKPLAPR-UJPOAAIJSA-N,0.3034718975935578,5.272694606808316,4.4613305244848265,105,3059,3039,20
C038,500,sparsepca,100,0.7,rf_regularized,C18_positive|IK:WCGUUGGRBIKTOS-UHFFFAOYSA-N,0.3229322980853716,5.279982151023712,4.113974755751472,105,3059,3039,20
C038,500,sparsepca,100,0.7,rf_regularized,C18_positive|NAME:,0.3451446513511104,0.5385144079878794,0.4370121702669065,105,3059,3039,20
C038,500,sparsepca,100,0.7,rf_regularized,HILICZ_negative|IK:LWYJCVVIVLBLID-UHFFFAOYSA-N,0.3635323554765309,5.45649149534469,4.445649077193142,105,3059,3039,20
C038,500,sparsepca,100,0.7,rf_regularized,HILICZ_negative|IK:QZZGJDVWLFXDLK-UHFFFAOYSA-N,0.3159769870858115,5.129090195891991,4.169203431725844,105,3059,3039,20
C038,500,sparsepca,100,0.7,rf_regularized,HILICZ_positive|IK:OYTCZOJKXCTBHG-UHFFFAOYSA-N,0.442788533845077,4.885585726967157,3.576182350666675,105,3059,3039,20
C038,500,sparsepca,100,0.7,rf_regularized,HILICZ_positive|IK:XPCTZQVDEJYUGT-UHFFFAOYSA-N,0.3646312832368485,5.265054227402806,4.04904731040624,105,3059,3039,20
C039,500,sparsepca,100,0.8,rf_regularized,C18_negative|IK:AIONOLUJZLIMTK-UHFFFAOYSA-N,0.5065415949188677,4.079341938475424,3.0183268656602107,105,3059,3039,20
C039,500,sparsepca,100,0.8,rf_regularized,C18_negative|IK:BJRNKVDFDLYUGJ-RMPHRYRLSA-N,0.3058909168218018,5.055866856630652,4.315336766217412,105,3059,3039,20
C039,500,sparsepca,100,0.8,rf_regularized,C18_negative|IK:CKEXCBVNKRHAMX-UHFFFAOYSA-N,0.3340438183986114,4.395242382109469,3.4592214509124064,105,3059,3039,20
C039,500,sparsepca,100,0.8,rf_regularized,C18_negative|IK:GHOKWGTUZJEAQD-UHFFFAOYSA-N,0.3626139870565943,4.543420019710036,3.625624705764277,105,3059,3039,20
C039,500,sparsepca,100,0.8,rf_regularized,C18_negative|IK:GUNGQVJAKLIYDG-JXMROGBWSA-N,0.3605603096646181,4.015043465705164,3.017328064278219,105,3059,3039,20
C039,500,sparsepca,100,0.8,rf_regularized,C18_negative|IK:GYUCMTKUEQLBJW-UHFFFAOYSA-N,0.3998852496365803,3.7296514256688464,2.4991123912869777,105,3059,3039,20
C039,500,sparsepca,100,0.8,rf_regularized,C18_negative|IK:KDYFGRWQOYBRFD-UHFFFAOYSA-N,0.336531465088002,4.776126914712521,3.485785875578632,105,3059,3039,20
C039,500,sparsepca,100,0.8,rf_regularized,C18_negative|IK:LTSJJOKAWSCMBC-UHFFFAOYSA-N,0.4609476962992413,3.941352192409531,3.085437699804422,105,3059,3039,20
C039,500,sparsepca,100,0.8,rf_regularized,C18_negative|IK:NGFMICBWJRZIBI-UHFFFAOYSA-N,0.392438183027061,1.3538096812965696,1.144253903417319,105,3059,3039,20
C039,500,sparsepca,100,0.8,rf_regularized,C18_negative|IK:OKVJCVWFVRATSG-UHFFFAOYSA-N,0.2708006050955034,5.104526691113156,4.084482852124703,105,3059,3039,20
C039,500,sparsepca,100,0.8,rf_regularized,C18_negative|IK:RGHHSNMVTDWUBI-UHFFFAOYSA-N,0.6794184289585313,3.712307014561567,2.4775426831189056,105,3059,3039,20
C039,500,sparsepca,100,0.8,rf_regularized,C18_negative|IK:UGAGPNKCDRTDHP-UHFFFAOYSA-N,0.2770494696358258,4.89306395128381,3.848855705890576,105,3059,3039,20
C039,500,sparsepca,100,0.8,rf_regularized,C18_negative|IK:WLJVXDMOQOGPHL-UHFFFAOYSA-N,0.5945404375846386,3.5705278541579064,2.3868861148522336,105,3059,3039,20
C039,500,sparsepca,100,0.8,rf_regularized,C18_negative|IK:ZWNLSRDFHQCTQW-UHFFFAOYSA-N,0.3611462069284599,4.428787304266679,3.4613466835845927,105,3059,3039,20
C039,500,sparsepca,100,0.8,rf_regularized,C18_positive|IK:GHOKWGTUZJEAQD-UHFFFAOYSA-N,0.3424467756279297,4.685940143000537,3.629311465506649,105,3059,3039,20
C039,500,sparsepca,100,0.8,rf_regularized,C18_positive|IK:GUMFPOIJOXLCLA-JKSUJKDBSA-N,0.4135521690961804,3.585504237208976,2.451373412282254,105,3059,3039,20
C039,500,sparsepca,100,0.8,rf_regularized,C18_positive|IK:IBMRTYCHDPMBFN-UHFFFAOYSA-N,0.3655743856181607,4.518028891685996,3.4631967046109224,105,3059,3039,20
C039,500,sparsepca,100,0.8,rf_regularized,C18_positive|IK:LVGKNOAMLMIIKO-QXMHVHEDSA-N,0.5498503905177123,3.349527048445031,2.227795174656241,105,3059,3039,20
C039,500,sparsepca,100,0.8,rf_regularized,C18_positive|IK:LWYJCVVIVLBLID-UHFFFAOYSA-N,0.2974172566618684,5.190380460499496,4.38183766299885,105,3059,3039,20
C039,500,sparsepca,100,0.8,rf_regularized,C18_positive|IK:MBIZFBDREVRUHY-UHFFFAOYSA-N,0.3693012449401867,4.655719499984537,3.62085500257203,105,3059,3039,20
C039,500,sparsepca,100,0.8,rf_regularized,C18_positive|IK:MECHNRXZTMCUDQ-UHFFFAOYSA-N,0.4923101815021277,4.271189415237211,3.0365200413281497,105,3059,3039,20
C039,500,sparsepca,100,0.8,rf_regularized,C18_positive|IK:OVASVJPBDPJABT-UHFFFAOYSA-N,0.2993188851027974,4.52559064947926,3.2496093131359336,105,3059,3039,20
C039,500,sparsepca,100,0.8,rf_regularized,C18_positive|IK:OYTCZOJKXCTBHG-UHFFFAOYSA-N,0.3961754839590624,3.838065918968851,2.680318216830609,105,3059,3039,20
C039,500,sparsepca,100,0.8,rf_regularized,C18_positive|IK:PUQSUZTXKPLAPR-UJPOAAIJSA-N,0.2981702637140371,5.292723163355775,4.443260226129432,105,3059,3039,20
C039,500,sparsepca,100,0.8,rf_regularized,C18_positive|IK:WCGUUGGRBIKTOS-UHFFFAOYSA-N,0.3032496136855758,5.356178167262847,4.155448834900155,105,3059,3039,20
C039,500,sparsepca,100,0.8,rf_regularized,C18_positive|NAME:,0.3426530670246216,0.5395379013531042,0.4368742648229041,105,3059,3039,20
C039,500,sparsepca,100,0.8,rf_regularized,HILICZ_negative|IK:LWYJCVVIVLBLID-UHFFFAOYSA-N,0.3668086884447286,5.442429233752123,4.404426798897672,105,3059,3039,20
C039,500,sparsepca,100,0.8,rf_regularized,HILICZ_negative|IK:QZZGJDVWLFXDLK-UHFFFAOYSA-N,0.3119831100202012,5.14404228111213,4.13942153153365,105,3059,3039,20
C039,500,sparsepca,100,0.8,rf_regularized,HILICZ_positive|IK:OYTCZOJKXCTBHG-UHFFFAOYSA-N,0.4381216063655524,4.906002689614327,3.5574603077589395,105,3059,3039,20
C039,500,sparsepca,100,0.8,rf_regularized,HILICZ_positive|IK:XPCTZQVDEJYUGT-UHFFFAOYSA-N,0.3684393885067333,5.24925236856941,4.004682394685286,105,3059,3039,20
C040,800,sparsepca,75,0.7,rf_regularized,C18_negative|IK:AIONOLUJZLIMTK-UHFFFAOYSA-N,0.4744499629337494,4.209900877294001,3.0901460371376603,105,3059,3039,20
C040,800,sparsepca,75,0.7,rf_regularized,C18_negative|IK:BJRNKVDFDLYUGJ-RMPHRYRLSA-N,0.2849638396699189,5.131516944478123,4.434525110203296,105,3059,3039,20
C040,800,sparsepca,75,0.7,rf_regularized,C18_negative|IK:CKEXCBVNKRHAMX-UHFFFAOYSA-N,0.2760919735743385,4.582491822085074,3.7054610545399207,105,3059,3039,20
C040,800,sparsepca,75,0.7,rf_regularized,C18_negative|IK:GHOKWGTUZJEAQD-UHFFFAOYSA-N,0.3442047439569973,4.6085654350466525,3.717168489329194,105,3059,3039,20
C040,800,sparsepca,75,0.7,rf_regularized,C18_negative|IK:GUNGQVJAKLIYDG-JXMROGBWSA-N,0.3557892282490282,4.02999444518236,3.0012147318571936,105,3059,3039,20
C040,800,sparsepca,75,0.7,rf_regularized,C18_negative|IK:GYUCMTKUEQLBJW-UHFFFAOYSA-N,0.4433394292419726,3.592082676190804,2.465660568287317,105,3059,3039,20
C040,800,sparsepca,75,0.7,rf_regularized,C18_negative|IK:KDYFGRWQOYBRFD-UHFFFAOYSA-N,0.3019194203744909,4.899124443425973,3.645149923498356,105,3059,3039,20
C040,800,sparsepca,75,0.7,rf_regularized,C18_negative|IK:LTSJJOKAWSCMBC-UHFFFAOYSA-N,0.440885278637664,4.014026680632346,3.218327828799016,105,3059,3039,20
C040,800,sparsepca,75,0.7,rf_regularized,C18_negative|IK:NGFMICBWJRZIBI-UHFFFAOYSA-N,0.4036466962097379,1.34126377153434,1.128444065038119,105,3059,3039,20
C040,800,sparsepca,75,0.7,rf_regularized,C18_negative|IK:OKVJCVWFVRATSG-UHFFFAOYSA-N,0.3191033405670919,4.932566294842849,3.958206043627993,105,3059,3039,20
C040,800,sparsepca,75,0.7,rf_regularized,C18_negative|IK:RGHHSNMVTDWUBI-UHFFFAOYSA-N,0.6715044960479909,3.7578489949006326,2.5386173301503674,105,3059,3039,20
C040,800,sparsepca,75,0.7,rf_regularized,C18_negative|IK:UGAGPNKCDRTDHP-UHFFFAOYSA-N,0.2966392132842753,4.826315155679676,3.876400046427531,105,3059,3039,20
C040,800,sparsepca,75,0.7,rf_regularized,C18_negative|IK:WLJVXDMOQOGPHL-UHFFFAOYSA-N,0.594095836810852,3.5724849229459514,2.4783254043157843,105,3059,3039,20
C040,800,sparsepca,75,0.7,rf_regularized,C18_negative|IK:ZWNLSRDFHQCTQW-UHFFFAOYSA-N,0.3585661708984516,4.437721208747503,3.493110506440459,105,3059,3039,20
C040,800,sparsepca,75,0.7,rf_regularized,C18_positive|IK:GHOKWGTUZJEAQD-UHFFFAOYSA-N,0.336323980748532,4.707706115212486,3.687217917234047,105,3059,3039,20
C040,800,sparsepca,75,0.7,rf_regularized,C18_positive|IK:GUMFPOIJOXLCLA-JKSUJKDBSA-N,0.4473001205607458,3.480809317753242,2.4185996993257106,105,3059,3039,20
C040,800,sparsepca,75,0.7,rf_regularized,C18_positive|IK:IBMRTYCHDPMBFN-UHFFFAOYSA-N,0.3304239300245157,4.641502741751287,3.615910512901639,105,3059,3039,20
C040,800,sparsepca,75,0.7,rf_regularized,C18_positive|IK:LVGKNOAMLMIIKO-QXMHVHEDSA-N,0.5340313392837552,3.4078730233954926,2.3154947446381144,105,3059,3039,20
C040,800,sparsepca,75,0.7,rf_regularized,C18_positive|IK:LWYJCVVIVLBLID-UHFFFAOYSA-N,0.2950964271790489,5.198946039916367,4.443481896680351,105,3059,3039,20
C040,800,sparsepca,75,0.7,rf_regularized,C18_positive|IK:MBIZFBDREVRUHY-UHFFFAOYSA-N,0.4026472861775779,4.53097056162594,3.6002705639847368,105,3059,3039,20
C040,800,sparsepca,75,0.7,rf_regularized,C18_positive|IK:MECHNRXZTMCUDQ-UHFFFAOYSA-N,0.4802375050327203,4.321674701998836,3.16474190752568,105,3059,3039,20
C040,800,sparsepca,75,0.7,rf_regularized,C18_positive|IK:OVASVJPBDPJABT-UHFFFAOYSA-N,0.3134134472764915,4.479842121372259,3.29592034350241,105,3059,3039,20
C040,800,sparsepca,75,0.7,rf_regularized,C18_positive|IK:OYTCZOJKXCTBHG-UHFFFAOYSA-N,0.3956246261084211,3.839816217866581,2.7846615050987134,105,3059,3039,20
C040,800,sparsepca,75,0.7,rf_regularized,C18_positive|IK:PUQSUZTXKPLAPR-UJPOAAIJSA-N,0.2966525432450295,5.298442881219195,4.516720321775004,105,3059,3039,20
C040,800,sparsepca,75,0.7,rf_regularized,C18_positive|IK:WCGUUGGRBIKTOS-UHFFFAOYSA-N,0.3293000022257268,5.2550948400425535,4.165158599384269,105,3059,3039,20
C040,800,sparsepca,75,0.7,rf_regularized,C18_positive|NAME:,0.3472916880499936,0.5376308850419215,0.4337618698052595,105,3059,3039,20
C040,800,sparsepca,75,0.7,rf_regularized,HILICZ_negative|IK:LWYJCVVIVLBLID-UHFFFAOYSA-N,0.3656480980078209,5.447414725083664,4.576467176675816,105,3059,3039,20
C040,800,sparsepca,75,0.7,rf_regularized,HILICZ_negative|IK:QZZGJDVWLFXDLK-UHFFFAOYSA-N,0.2835058909699516,5.249419639174554,4.276211853906768,105,3059,3039,20
C040,800,sparsepca,75,0.7,rf_regularized,HILICZ_positive|IK:OYTCZOJKXCTBHG-UHFFFAOYSA-N,0.471307683775658,4.75891683388251,3.44516911867522,105,3059,3039,20
C040,800,sparsepca,75,0.7,rf_regularized,HILICZ_positive|IK:XPCTZQVDEJYUGT-UHFFFAOYSA-N,0.3149575458249994,5.466995016793505,4.205267953270411,105,3059,3039,20
C041,800,sparsepca,75,0.8,rf_regularized,C18_negative|IK:AIONOLUJZLIMTK-UHFFFAOYSA-N,0.4827053910411045,4.176705085581608,3.018130572344943,105,3059,3039,20
C041,800,sparsepca,75,0.8,rf_regularized,C18_negative|IK:BJRNKVDFDLYUGJ-RMPHRYRLSA-N,0.2911776105361005,5.109171468414912,4.376501401274038,105,3059,3039,20
C041,800,sparsepca,75,0.8,rf_regularized,C18_negative|IK:CKEXCBVNKRHAMX-UHFFFAOYSA-N,0.277746311114359,4.577252672835027,3.663714245234831,105,3059,3039,20
C041,800,sparsepca,75,0.8,rf_regularized,C18_negative|IK:GHOKWGTUZJEAQD-UHFFFAOYSA-N,0.3478051668407886,4.595897135523061,3.652551365364982,105,3059,3039,20
C041,800,sparsepca,75,0.8,rf_regularized,C18_negative|IK:GUNGQVJAKLIYDG-JXMROGBWSA-N,0.3547591576952633,4.033215068555688,2.9854730799842955,105,3059,3039,20
C041,800,sparsepca,75,0.8,rf_regularized,C18_negative|IK:GYUCMTKUEQLBJW-UHFFFAOYSA-N,0.4387889380891376,3.606734756889397,2.4688304641798786,105,3059,3039,20
C041,800,sparsepca,75,0.8,rf_regularized,C18_negative|IK:KDYFGRWQOYBRFD-UHFFFAOYSA-N,0.29968713704468,4.906951265482816,3.60460637843118,105,3059,3039,20
C041,800,sparsepca,75,0.8,rf_regularized,C18_negative|IK:LTSJJOKAWSCMBC-UHFFFAOYSA-N,0.43528960345261,4.034063061053829,3.231323803357925,105,3059,3039,20
C041,800,sparsepca,75,0.8,rf_regularized,C18_negative|IK:NGFMICBWJRZIBI-UHFFFAOYSA-N,0.4039070334143453,1.3409709761598296,1.127467051102087,105,3059,3039,20
C041,800,sparsepca,75,0.8,rf_regularized,C18_negative|IK:OKVJCVWFVRATSG-UHFFFAOYSA-N,0.307494260800951,4.974437947702984,3.965719629095783,105,3059,3039,20
C041,800,sparsepca,75,0.8,rf_regularized,C18_negative|IK:RGHHSNMVTDWUBI-UHFFFAOYSA-N,0.6713902777598464,3.7585022424656263,2.491193665007255,105,3059,3039,20
C041,800,sparsepca,75,0.8,rf_regularized,C18_negative|IK:UGAGPNKCDRTDHP-UHFFFAOYSA-N,0.2950351804543638,4.831815291183731,3.847044702364237,105,3059,3039,20
C041,800,sparsepca,75,0.8,rf_regularized,C18_negative|IK:WLJVXDMOQOGPHL-UHFFFAOYSA-N,0.5974696726531756,3.557606868959972,2.429179482367204,105,3059,3039,20
C041,800,sparsepca,75,0.8,rf_regularized,C18_negative|IK:ZWNLSRDFHQCTQW-UHFFFAOYSA-N,0.3649983341019811,4.415414880726966,3.4516853007682826,105,3059,3039,20
C041,800,sparsepca,75,0.8,rf_regularized,C18_positive|IK:GHOKWGTUZJEAQD-UHFFFAOYSA-N,0.325930000641212,4.744427124392454,3.654003235276629,105,3059,3039,20
C041,800,sparsepca,75,0.8,rf_regularized,C18_positive|IK:GUMFPOIJOXLCLA-JKSUJKDBSA-N,0.4165342234784617,3.5763765748688914,2.4846285986217165,105,3059,3039,20
C041,800,sparsepca,75,0.8,rf_regularized,C18_positive|IK:IBMRTYCHDPMBFN-UHFFFAOYSA-N,0.3221734385253292,4.670011402277237,3.601211786607869,105,3059,3039,20
C041,800,sparsepca,75,0.8,rf_regularized,C18_positive|IK:LVGKNOAMLMIIKO-QXMHVHEDSA-N,0.5301456210113948,3.4220526707926378,2.3198598567325344,105,3059,3039,20
C041,800,sparsepca,75,0.8,rf_regularized,C18_positive|IK:LWYJCVVIVLBLID-UHFFFAOYSA-N,0.2886026097514216,5.222838391480643,4.457050956334788,105,3059,3039,20
C041,800,sparsepca,75,0.8,rf_regularized,C18_positive|IK:MBIZFBDREVRUHY-UHFFFAOYSA-N,0.395954600381463,4.556282154156866,3.575706616536819,105,3059,3039,20
C041,800,sparsepca,75,0.8,rf_regularized,C18_positive|IK:MECHNRXZTMCUDQ-UHFFFAOYSA-N,0.4742207146345923,4.346616662732708,3.161509533758028,105,3059,3039,20
C041,800,sparsepca,75,0.8,rf_regularized,C18_positive|IK:OVASVJPBDPJABT-UHFFFAOYSA-N,0.2990188357598773,4.52655953185038,3.28257642523894,105,3059,3039,20
C041,800,sparsepca,75,0.8,rf_regularized,C18_positive|IK:OYTCZOJKXCTBHG-UHFFFAOYSA-N,0.4016779924587255,3.820538207411082,2.7566698407760604,105,3059,3039,20
C041,800,sparsepca,75,0.8,rf_regularized,C18_positive|IK:PUQSUZTXKPLAPR-UJPOAAIJSA-N,0.2884644983761026,5.329194648005045,4.506562851603921,105,3059,3039,20
C041,800,sparsepca,75,0.8,rf_regularized,C18_positive|IK:WCGUUGGRBIKTOS-UHFFFAOYSA-N,0.3150857752339351,5.3104888194223925,4.213011044276631,105,3059,3039,20
C041,800,sparsepca,75,0.8,rf_regularized,C18_positive|NAME:,0.3448465203932321,0.538636976695558,0.4327406553843978,105,3059,3039,20
C041,800,sparsepca,75,0.8,rf_regularized,HILICZ_negative|IK:LWYJCVVIVLBLID-UHFFFAOYSA-N,0.3689336398879048,5.433289328693683,4.553933198306442,105,3059,3039,20
C041,800,sparsepca,75,0.8,rf_regularized,HILICZ_negative|IK:QZZGJDVWLFXDLK-UHFFFAOYSA-N,0.2734915845797913,5.285977428491866,4.261491938082645,105,3059,3039,20
C041,800,sparsepca,75,0.8,rf_regularized,HILICZ_positive|IK:OYTCZOJKXCTBHG-UHFFFAOYSA-N,0.4726542879842598,4.752852377245944,3.4025537375515595,105,3059,3039,20
C041,800,sparsepca,75,0.8,rf_regularized,HILICZ_positive|IK:XPCTZQVDEJYUGT-UHFFFAOYSA-N,0.3112661791486361,5.481704740319464,4.18322027224434,105,3059,3039,20
C042,800,sparsepca,100,0.7,rf_regularized,C18_negative|IK:AIONOLUJZLIMTK-UHFFFAOYSA-N,0.4747935527130603,4.208524495117805,3.1264247703948347,105,3059,3039,20
C042,800,sparsepca,100,0.7,rf_regularized,C18_negative|IK:BJRNKVDFDLYUGJ-RMPHRYRLSA-N,0.2845474934568879,5.133010698816172,4.441377984447732,105,3059,3039,20
C042,800,sparsepca,100,0.7,rf_regularized,C18_negative|IK:CKEXCBVNKRHAMX-UHFFFAOYSA-N,0.2865293117413384,4.549336594199221,3.65883911002907,105,3059,3039,20
C042,800,sparsepca,100,0.7,rf_regularized,C18_negative|IK:GHOKWGTUZJEAQD-UHFFFAOYSA-N,0.340801591144613,4.620507697436996,3.74431507948648,105,3059,3039,20
C042,800,sparsepca,100,0.7,rf_regularized,C18_negative|IK:GUNGQVJAKLIYDG-JXMROGBWSA-N,0.3768192797401329,3.963669736760836,2.9538274386776613,105,3059,3039,20
C042,800,sparsepca,100,0.7,rf_regularized,C18_negative|IK:GYUCMTKUEQLBJW-UHFFFAOYSA-N,0.4309060856828326,3.6319767888121626,2.488410974167589,105,3059,3039,20
C042,800,sparsepca,100,0.7,rf_regularized,C18_negative|IK:KDYFGRWQOYBRFD-UHFFFAOYSA-N,0.328864315804629,4.803644489752363,3.570679844156036,105,3059,3039,20
C042,800,sparsepca,100,0.7,rf_regularized,C18_negative|IK:LTSJJOKAWSCMBC-UHFFFAOYSA-N,0.4311042026768493,4.048984870125666,3.2912480530927875,105,3059,3039,20
C042,800,sparsepca,100,0.7,rf_regularized,C18_negative|IK:NGFMICBWJRZIBI-UHFFFAOYSA-N,0.3895167100552911,1.3570606881186384,1.151172149891678,105,3059,3039,20
C042,800,sparsepca,100,0.7,rf_regularized,C18_negative|IK:OKVJCVWFVRATSG-UHFFFAOYSA-N,0.3387540707036308,4.860868081684281,3.92545537829004,105,3059,3039,20
C042,800,sparsepca,100,0.7,rf_regularized,C18_negative|IK:RGHHSNMVTDWUBI-UHFFFAOYSA-N,0.6638037165527513,3.801640657113671,2.572978694938533,105,3059,3039,20
C042,800,sparsepca,100,0.7,rf_regularized,C18_negative|IK:UGAGPNKCDRTDHP-UHFFFAOYSA-N,0.3077856714121598,4.787920095961999,3.835150220966277,105,3059,3039,20
C042,800,sparsepca,100,0.7,rf_regularized,C18_negative|IK:WLJVXDMOQOGPHL-UHFFFAOYSA-N,0.5980266268362495,3.555144806156057,2.4674850423945918,105,3059,3039,20
C042,800,sparsepca,100,0.7,rf_regularized,C18_negative|IK:ZWNLSRDFHQCTQW-UHFFFAOYSA-N,0.3538403869055317,4.454038734506851,3.525400985332579,105,3059,3039,20
C042,800,sparsepca,100,0.7,rf_regularized,C18_positive|IK:GHOKWGTUZJEAQD-UHFFFAOYSA-N,0.3594092072193261,4.625105323532626,3.6502202570072617,105,3059,3039,20
C042,800,sparsepca,100,0.7,rf_regularized,C18_positive|IK:GUMFPOIJOXLCLA-JKSUJKDBSA-N,0.4248144822451624,3.550908808552144,2.453269506743979,105,3059,3039,20
C042,800,sparsepca,100,0.7,rf_regularized,C18_positive|IK:IBMRTYCHDPMBFN-UHFFFAOYSA-N,0.349014098657326,4.576615644448275,3.583886979769765,105,3059,3039,20
C042,800,sparsepca,100,0.7,rf_regularized,C18_positive|IK:LVGKNOAMLMIIKO-QXMHVHEDSA-N,0.5284326641238484,3.4282849163840794,2.3206622480147607,105,3059,3039,20
C042,800,sparsepca,100,0.7,rf_regularized,C18_positive|IK:LWYJCVVIVLBLID-UHFFFAOYSA-N,0.3061427452047791,5.158049680051476,4.417465737489041,105,3059,3039,20
C042,800,sparsepca,100,0.7,rf_regularized,C18_positive|IK:MBIZFBDREVRUHY-UHFFFAOYSA-N,0.404442777213857,4.524155961791404,3.5775303854444505,105,3059,3039,20
C042,800,sparsepca,100,0.7,rf_regularized,C18_positive|IK:MECHNRXZTMCUDQ-UHFFFAOYSA-N,0.4821303819414329,4.313798162435964,3.169595128011348,105,3059,3039,20
C042,800,sparsepca,100,0.7,rf_regularized,C18_positive|IK:OVASVJPBDPJABT-UHFFFAOYSA-N,0.3230564729135512,4.448271455676508,3.257867495951757,105,3059,3039,20
C042,800,sparsepca,100,0.7,rf_regularized,C18_positive|IK:OYTCZOJKXCTBHG-UHFFFAOYSA-N,0.3816238485545614,3.884037591353213,2.831524426718261,105,3059,3039,20
C042,800,sparsepca,100,0.7,rf_regularized,C18_positive|IK:PUQSUZTXKPLAPR-UJPOAAIJSA-N,0.2986889334125626,5.290767074605685,4.508700476550679,105,3059,3039,20
C042,800,sparsepca,100,0.7,rf_regularized,C18_positive|IK:WCGUUGGRBIKTOS-UHFFFAOYSA-N,0.3479754446842168,5.181415042669829,4.084988222749534,105,3059,3039,20
C042,800,sparsepca,100,0.7,rf_regularized,C18_positive|NAME:,0.3333373761275566,0.5433475229262867,0.4374494853861135,105,3059,3039,20
C042,800,sparsepca,100,0.7,rf_regularized,HILICZ_negative|IK:LWYJCVVIVLBLID-UHFFFAOYSA-N,0.3571068463439453,5.483965547254873,4.561294871433582,105,3059,3039,20
C042,800,sparsepca,100,0.7,rf_regularized,HILICZ_negative|IK:QZZGJDVWLFXDLK-UHFFFAOYSA-N,0.2866792934928445,5.23778171520753,4.2984717039110745,105,3059,3039,20
C042,800,sparsepca,100,0.7,rf_regularized,HILICZ_positive|IK:OYTCZOJKXCTBHG-UHFFFAOYSA-N,0.4876253158713547,4.684901320986846,3.4319432230155,105,3059,3039,20
C042,800,sparsepca,100,0.7,rf_regularized,HILICZ_positive|IK:XPCTZQVDEJYUGT-UHFFFAOYSA-N,0.3118683614028367,5.479307800404079,4.25515853621657,105,3059,3039,20
C043,800,sparsepca,100,0.8,rf_regularized,C18_negative|IK:AIONOLUJZLIMTK-UHFFFAOYSA-N,0.4830901708052336,4.175151415259239,3.06266087933816,105,3059,3039,20
C043,800,sparsepca,100,0.8,rf_regularized,C18_negative|IK:BJRNKVDFDLYUGJ-RMPHRYRLSA-N,0.2904062567456362,5.111950660535617,4.384333257553394,105,3059,3039,20
C043,800,sparsepca,100,0.8,rf_regularized,C18_negative|IK:CKEXCBVNKRHAMX-UHFFFAOYSA-N,0.2898237343357766,4.538821251000321,3.6104320229367146,105,3059,3039,20
C043,800,sparsepca,100,0.8,rf_regularized,C18_negative|IK:GHOKWGTUZJEAQD-UHFFFAOYSA-N,0.3427387529251514,4.613713645579257,3.6835760398304505,105,3059,3039,20
C043,800,sparsepca,100,0.8,rf_regularized,C18_negative|IK:GUNGQVJAKLIYDG-JXMROGBWSA-N,0.3785680835561538,3.958104296121863,2.931316173493401,105,3059,3039,20
C043,800,sparsepca,100,0.8,rf_regularized,C18_negative|IK:GYUCMTKUEQLBJW-UHFFFAOYSA-N,0.4238408818891392,3.654452432068963,2.4948309280430463,105,3059,3039,20
C043,800,sparsepca,100,0.8,rf_regularized,C18_negative|IK:KDYFGRWQOYBRFD-UHFFFAOYSA-N,0.329672831312149,4.800750148439133,3.5194977163256707,105,3059,3039,20
C043,800,sparsepca,100,0.8,rf_regularized,C18_negative|IK:LTSJJOKAWSCMBC-UHFFFAOYSA-N,0.4247029490708164,4.071700872822657,3.314661202550808,105,3059,3039,20
C043,800,sparsepca,100,0.8,rf_regularized,C18_negative|IK:NGFMICBWJRZIBI-UHFFFAOYSA-N,0.3887092897007087,1.3579578104332846,1.1532341447850645,105,3059,3039,20
C043,800,sparsepca,100,0.8,rf_regularized,C18_negative|IK:OKVJCVWFVRATSG-UHFFFAOYSA-N,0.3303389978488565,4.8917002124013775,3.928290297280979,105,3059,3039,20
C043,800,sparsepca,100,0.8,rf_regularized,C18_negative|IK:RGHHSNMVTDWUBI-UHFFFAOYSA-N,0.6613960805850116,3.815228906946533,2.5313499076858403,105,3059,3039,20
C043,800,sparsepca,100,0.8,rf_regularized,C18_negative|IK:UGAGPNKCDRTDHP-UHFFFAOYSA-N,0.3063290751970801,4.792954953701599,3.799902044694232,105,3059,3039,20
C043,800,sparsepca,100,0.8,rf_regularized,C18_negative|IK:WLJVXDMOQOGPHL-UHFFFAOYSA-N,0.6019893476760062,3.53757779782006,2.417037589188712,105,3059,3039,20
C043,800,sparsepca,100,0.8,rf_regularized,C18_negative|IK:ZWNLSRDFHQCTQW-UHFFFAOYSA-N,0.3609087661641472,4.42961024447867,3.488817143272981,105,3059,3039,20
C043,800,sparsepca,100,0.8,rf_regularized,C18_positive|IK:GHOKWGTUZJEAQD-UHFFFAOYSA-N,0.355122065286631,4.6405562309695085,3.611720195017447,105,3059,3039,20
C043,800,sparsepca,100,0.8,rf_regularized,C18_positive|IK:GUMFPOIJOXLCLA-JKSUJKDBSA-N,0.3903828871754011,3.655645909685769,2.524251235671166,105,3059,3039,20
C043,800,sparsepca,100,0.8,rf_regularized,C18_positive|IK:IBMRTYCHDPMBFN-UHFFFAOYSA-N,0.344477794989528,4.592533713007153,3.5646134630285835,105,3059,3039,20
C043,800,sparsepca,100,0.8,rf_regularized,C18_positive|IK:LVGKNOAMLMIIKO-QXMHVHEDSA-N,0.5241704556410317,3.443743149959072,2.325765574877272,105,3059,3039,20
C043,800,sparsepca,100,0.8,rf_regularized,C18_positive|IK:LWYJCVVIVLBLID-UHFFFAOYSA-N,0.3006230448890713,5.1785254264675045,4.426831734227631,105,3059,3039,20
C043,800,sparsepca,100,0.8,rf_regularized,C18_positive|IK:MBIZFBDREVRUHY-UHFFFAOYSA-N,0.3983563146032671,4.547215131464236,3.549717841062206,105,3059,3039,20
C043,800,sparsepca,100,0.8,rf_regularized,C18_positive|IK:MECHNRXZTMCUDQ-UHFFFAOYSA-N,0.4756612434963897,4.340658153550153,3.1670560714559346,105,3059,3039,20
C043,800,sparsepca,100,0.8,rf_regularized,C18_positive|IK:OVASVJPBDPJABT-UHFFFAOYSA-N,0.3095252294643968,4.492509140966341,3.239850120793496,105,3059,3039,20
C043,800,sparsepca,100,0.8,rf_regularized,C18_positive|IK:OYTCZOJKXCTBHG-UHFFFAOYSA-N,0.3862297831877986,3.86954555419697,2.810227465484116,105,3059,3039,20
C043,800,sparsepca,100,0.8,rf_regularized,C18_positive|IK:PUQSUZTXKPLAPR-UJPOAAIJSA-N,0.2915762031194618,5.317528996646133,4.497397314204691,105,3059,3039,20
C043,800,sparsepca,100,0.8,rf_regularized,C18_positive|IK:WCGUUGGRBIKTOS-UHFFFAOYSA-N,0.3344202666258419,5.2349971611922665,4.121890176940901,105,3059,3039,20
C043,800,sparsepca,100,0.8,rf_regularized,C18_positive|NAME:,0.328946328885267,0.5451339953875861,0.4381642327911542,105,3059,3039,20
C043,800,sparsepca,100,0.8,rf_regularized,HILICZ_negative|IK:LWYJCVVIVLBLID-UHFFFAOYSA-N,0.3591013233318034,5.475452360190649,4.536593420886746,105,3059,3039,20
C043,800,sparsepca,100,0.8,rf_regularized,HILICZ_negative|IK:QZZGJDVWLFXDLK-UHFFFAOYSA-N,0.2775269805633501,5.271276486978163,4.286931766658994,105,3059,3039,20
C043,800,sparsepca,100,0.8,rf_regularized,HILICZ_positive|IK:OYTCZOJKXCTBHG-UHFFFAOYSA-N,0.4907934861751843,4.670394768507632,3.387438428226166,105,3059,3039,20
C043,800,sparsepca,100,0.8,rf_regularized,HILICZ_positive|IK:XPCTZQVDEJYUGT-UHFFFAOYSA-N,0.3088057314429548,5.491487491796671,4.240238081325664,105,3059,3039,20
C044,500,sparsepca,75,0.7,et_strong,C18_negative|IK:AIONOLUJZLIMTK-UHFFFAOYSA-N,0.4923521213432201,4.137577321175289,3.122292148972676,105,3059,3039,20
C044,500,sparsepca,75,0.7,et_strong,C18_negative|IK:BJRNKVDFDLYUGJ-RMPHRYRLSA-N,0.3358648715540724,4.945497547201219,4.276600679192659,105,3059,3039,20
C044,500,sparsepca,75,0.7,et_strong,C18_negative|IK:CKEXCBVNKRHAMX-UHFFFAOYSA-N,0.2975191764832426,4.514163025678776,3.6423074660500143,105,3059,3039,20
C044,500,sparsepca,75,0.7,et_strong,C18_negative|IK:GHOKWGTUZJEAQD-UHFFFAOYSA-N,0.3516323132435736,4.582392696320787,3.684506638159407,105,3059,3039,20
C044,500,sparsepca,75,0.7,et_strong,C18_negative|IK:GUNGQVJAKLIYDG-JXMROGBWSA-N,0.359837575504973,4.017311849746027,3.003873894921038,105,3059,3039,20
C044,500,sparsepca,75,0.7,et_strong,C18_negative|IK:GYUCMTKUEQLBJW-UHFFFAOYSA-N,0.4275841203465216,3.642561812420208,2.495546272883148,105,3059,3039,20
C044,500,sparsepca,75,0.7,et_strong,C18_negative|IK:KDYFGRWQOYBRFD-UHFFFAOYSA-N,0.3356470739583154,4.779309098475958,3.55387144907188,105,3059,3039,20
C044,500,sparsepca,75,0.7,et_strong,C18_negative|IK:LTSJJOKAWSCMBC-UHFFFAOYSA-N,0.4335374976622383,4.040316382485075,3.212929841781802,105,3059,3039,20
C044,500,sparsepca,75,0.7,et_strong,C18_negative|IK:NGFMICBWJRZIBI-UHFFFAOYSA-N,0.4081097279427903,1.3362354228614657,1.1256594408560674,105,3059,3039,20
C044,500,sparsepca,75,0.7,et_strong,C18_negative|IK:OKVJCVWFVRATSG-UHFFFAOYSA-N,0.3322794128694873,4.88460795640177,3.95819214322182,105,3059,3039,20
C044,500,sparsepca,75,0.7,et_strong,C18_negative|IK:RGHHSNMVTDWUBI-UHFFFAOYSA-N,0.6834070301019921,3.689140903128292,2.5588774221762227,105,3059,3039,20
C044,500,sparsepca,75,0.7,et_strong,C18_negative|IK:UGAGPNKCDRTDHP-UHFFFAOYSA-N,0.291250577688576,4.844767727888324,3.874738871406684,105,3059,3039,20
C044,500,sparsepca,75,0.7,et_strong,C18_negative|IK:WLJVXDMOQOGPHL-UHFFFAOYSA-N,0.5874047057071292,3.601809896109579,2.5643315456804787,105,3059,3039,20
C044,500,sparsepca,75,0.7,et_strong,C18_negative|IK:ZWNLSRDFHQCTQW-UHFFFAOYSA-N,0.3698298823523108,4.398584984010701,3.46695649040736,105,3059,3039,20
C044,500,sparsepca,75,0.7,et_strong,C18_positive|IK:GHOKWGTUZJEAQD-UHFFFAOYSA-N,0.3430320601651557,4.683854213851898,3.6683194729061888,105,3059,3039,20
C044,500,sparsepca,75,0.7,et_strong,C18_positive|IK:GUMFPOIJOXLCLA-JKSUJKDBSA-N,0.3811839407501143,3.68312396010821,2.565775155951822,105,3059,3039,20
C044,500,sparsepca,75,0.7,et_strong,C18_positive|IK:IBMRTYCHDPMBFN-UHFFFAOYSA-N,0.3585686474308969,4.542905902604881,3.5696141026896973,105,3059,3039,20
C044,500,sparsepca,75,0.7,et_strong,C18_positive|IK:LVGKNOAMLMIIKO-QXMHVHEDSA-N,0.5166287144711759,3.47092695576947,2.4211118214076355,105,3059,3039,20
C044,500,sparsepca,75,0.7,et_strong,C18_positive|IK:LWYJCVVIVLBLID-UHFFFAOYSA-N,0.2926511897590637,5.2079555358593685,4.448132809808526,105,3059,3039,20
C044,500,sparsepca,75,0.7,et_strong,C18_positive|IK:MBIZFBDREVRUHY-UHFFFAOYSA-N,0.3684118622449698,4.659000985471656,3.713016475309395,105,3059,3039,20
C044,500,sparsepca,75,0.7,et_strong,C18_positive|IK:MECHNRXZTMCUDQ-UHFFFAOYSA-N,0.5060069706347265,4.21318001053924,3.061980738635307,105,3059,3039,20
C044,500,sparsepca,75,0.7,et_strong,C18_positive|IK:OVASVJPBDPJABT-UHFFFAOYSA-N,0.3388798659771277,4.395975405972136,3.2002801433640404,105,3059,3039,20
C044,500,sparsepca,75,0.7,et_strong,C18_positive|IK:OYTCZOJKXCTBHG-UHFFFAOYSA-N,0.4204412681975797,3.7601553253063673,2.735831999266203,105,3059,3039,20
C044,500,sparsepca,75,0.7,et_strong,C18_positive|IK:PUQSUZTXKPLAPR-UJPOAAIJSA-N,0.3324703067384759,5.161769303695746,4.4266963970822575,105,3059,3039,20
C044,500,sparsepca,75,0.7,et_strong,C18_positive|IK:WCGUUGGRBIKTOS-UHFFFAOYSA-N,0.3001944181389362,5.367908531771217,4.227982653970267,105,3059,3039,20
C044,500,sparsepca,75,0.7,et_strong,C18_positive|NAME:,0.3297245860593205,0.5448177930180328,0.4435253501624808,105,3059,3039,20
C044,500,sparsepca,75,0.7,et_strong,HILICZ_negative|IK:LWYJCVVIVLBLID-UHFFFAOYSA-N,0.3434942030975799,5.541720267512269,4.696451956361272,105,3059,3039,20
C044,500,sparsepca,75,0.7,et_strong,HILICZ_negative|IK:QZZGJDVWLFXDLK-UHFFFAOYSA-N,0.3076585380422648,5.16018355181003,4.22261805760338,105,3059,3039,20
C044,500,sparsepca,75,0.7,et_strong,HILICZ_positive|IK:OYTCZOJKXCTBHG-UHFFFAOYSA-N,0.4497206198513476,4.855100627621512,3.6694996835532807,105,3059,3039,20
C044,500,sparsepca,75,0.7,et_strong,HILICZ_positive|IK:XPCTZQVDEJYUGT-UHFFFAOYSA-N,0.3552897678666226,5.303617757544743,4.121498753318501,105,3059,3039,20
C045,500,sparsepca,75,0.7,et_regularized,C18_negative|IK:AIONOLUJZLIMTK-UHFFFAOYSA-N,0.4992229381087583,4.109481680827034,3.0788300232511703,105,3059,3039,20
C045,500,sparsepca,75,0.7,et_regularized,C18_negative|IK:BJRNKVDFDLYUGJ-RMPHRYRLSA-N,0.3435870273709436,4.916661875573658,4.201446577577733,105,3059,3039,20
C045,500,sparsepca,75,0.7,et_regularized,C18_negative|IK:CKEXCBVNKRHAMX-UHFFFAOYSA-N,0.3087035681655349,4.478083220662466,3.5446367803299337,105,3059,3039,20
C045,500,sparsepca,75,0.7,et_regularized,C18_negative|IK:GHOKWGTUZJEAQD-UHFFFAOYSA-N,0.3479551214426742,4.595368753888365,3.659827914711724,105,3059,3039,20
C045,500,sparsepca,75,0.7,et_regularized,C18_negative|IK:GUNGQVJAKLIYDG-JXMROGBWSA-N,0.3666263112096893,3.9959538650928734,2.929770490470631,105,3059,3039,20
C045,500,sparsepca,75,0.7,et_regularized,C18_negative|IK:GYUCMTKUEQLBJW-UHFFFAOYSA-N,0.4533036977152757,3.5597882225483843,2.3790942436135976,105,3059,3039,20
C045,500,sparsepca,75,0.7,et_regularized,C18_negative|IK:KDYFGRWQOYBRFD-UHFFFAOYSA-N,0.3236450217555954,4.8222868283912055,3.5443401843139206,105,3059,3039,20
C045,500,sparsepca,75,0.7,et_regularized,C18_negative|IK:LTSJJOKAWSCMBC-UHFFFAOYSA-N,0.4549881470707186,3.963079321916109,3.0478043545897697,105,3059,3039,20
C045,500,sparsepca,75,0.7,et_regularized,C18_negative|IK:NGFMICBWJRZIBI-UHFFFAOYSA-N,0.4204140106780888,1.3222735741945153,1.115939044731552,105,3059,3039,20
C045,500,sparsepca,75,0.7,et_regularized,C18_negative|IK:OKVJCVWFVRATSG-UHFFFAOYSA-N,0.3212063338687517,4.924943129369757,3.9490847287562136,105,3059,3039,20
C045,500,sparsepca,75,0.7,et_regularized,C18_negative|IK:RGHHSNMVTDWUBI-UHFFFAOYSA-N,0.6721706539422159,3.754036779579285,2.5704183349735272,105,3059,3039,20
C045,500,sparsepca,75,0.7,et_regularized,C18_negative|IK:UGAGPNKCDRTDHP-UHFFFAOYSA-N,0.2926584104929672,4.839953605190953,3.791556165417959,105,3059,3039,20
C045,500,sparsepca,75,0.7,et_regularized,C18_negative|IK:WLJVXDMOQOGPHL-UHFFFAOYSA-N,0.594719915001521,3.5697375163445644,2.510680885647928,105,3059,3039,20
C045,500,sparsepca,75,0.7,et_regularized,C18_negative|IK:ZWNLSRDFHQCTQW-UHFFFAOYSA-N,0.3790219412499191,4.366386869404177,3.427402378037445,105,3059,3039,20
C045,500,sparsepca,75,0.7,et_regularized,C18_positive|IK:GHOKWGTUZJEAQD-UHFFFAOYSA-N,0.3325476929525923,4.721080439284921,3.653507363589584,105,3059,3039,20
C045,500,sparsepca,75,0.7,et_regularized,C18_positive|IK:GUMFPOIJOXLCLA-JKSUJKDBSA-N,0.3945156928380851,3.6432333915002073,2.466540113378327,105,3059,3039,20
C045,500,sparsepca,75,0.7,et_regularized,C18_positive|IK:IBMRTYCHDPMBFN-UHFFFAOYSA-N,0.3710859800676875,4.498360815666757,3.4778549908117777,105,3059,3039,20
C045,500,sparsepca,75,0.7,et_regularized,C18_positive|IK:LVGKNOAMLMIIKO-QXMHVHEDSA-N,0.5396617189851061,3.3872214910130003,2.278696478417653,105,3059,3039,20
C045,500,sparsepca,75,0.7,et_regularized,C18_positive|IK:LWYJCVVIVLBLID-UHFFFAOYSA-N,0.291475383807682,5.212282257265261,4.374173238680324,105,3059,3039,20
C045,500,sparsepca,75,0.7,et_regularized,C18_positive|IK:MBIZFBDREVRUHY-UHFFFAOYSA-N,0.3502905465240694,4.725365573641612,3.708322807036872,105,3059,3039,20
C045,500,sparsepca,75,0.7,et_regularized,C18_positive|IK:MECHNRXZTMCUDQ-UHFFFAOYSA-N,0.497900875278067,4.247607087524414,3.005943800087765,105,3059,3039,20
C045,500,sparsepca,75,0.7,et_regularized,C18_positive|IK:OVASVJPBDPJABT-UHFFFAOYSA-N,0.2987563878565314,4.527406826288648,3.2690450360561414,105,3059,3039,20
C045,500,sparsepca,75,0.7,et_regularized,C18_positive|IK:OYTCZOJKXCTBHG-UHFFFAOYSA-N,0.4165121403916995,3.772879812223532,2.711793504666837,105,3059,3039,20
C045,500,sparsepca,75,0.7,et_regularized,C18_positive|IK:PUQSUZTXKPLAPR-UJPOAAIJSA-N,0.3302727273352454,5.170258871602196,4.351594459197614,105,3059,3039,20
C045,500,sparsepca,75,0.7,et_regularized,C18_positive|IK:WCGUUGGRBIKTOS-UHFFFAOYSA-N,0.3049895409498238,5.349486254370905,4.141031333922363,105,3059,3039,20
C045,500,sparsepca,75,0.7,et_regularized,C18_positive|NAME:,0.332051681557711,0.5438712079563287,0.4438799170762124,105,3059,3039,20
C045,500,sparsepca,75,0.7,et_regularized,HILICZ_negative|IK:LWYJCVVIVLBLID-UHFFFAOYSA-N,0.3567910053359009,5.485312465103391,4.576858724203663,105,3059,3039,20
C045,500,sparsepca,75,0.7,et_regularized,HILICZ_negative|IK:QZZGJDVWLFXDLK-UHFFFAOYSA-N,0.3035571717683194,5.175445206169747,4.179000445763113,105,3059,3039,20
C045,500,sparsepca,75,0.7,et_regularized,HILICZ_positive|IK:OYTCZOJKXCTBHG-UHFFFAOYSA-N,0.4595607809764426,4.811495065741554,3.552545008527972,105,3059,3039,20
C045,500,sparsepca,75,0.7,et_regularized,HILICZ_positive|IK:XPCTZQVDEJYUGT-UHFFFAOYSA-N,0.3416268332017361,5.359521230733853,4.1311438306928405,105,3059,3039,20
C046,500,sparsepca,100,0.7,et_strong,C18_negative|IK:AIONOLUJZLIMTK-UHFFFAOYSA-N,0.4840097825864338,4.171435846881958,3.1319689956162757,105,3059,3039,20
C046,500,sparsepca,100,0.7,et_strong,C18_negative|IK:BJRNKVDFDLYUGJ-RMPHRYRLSA-N,0.3415660509329193,4.924224813717499,4.234069277559625,105,3059,3039,20
C046,500,sparsepca,100,0.7,et_strong,C18_negative|IK:CKEXCBVNKRHAMX-UHFFFAOYSA-N,0.295568693766254,4.520425612050586,3.64510065845214,105,3059,3039,20
C046,500,sparsepca,100,0.7,et_strong,C18_negative|IK:GHOKWGTUZJEAQD-UHFFFAOYSA-N,0.3501736316170259,4.587544477381882,3.6856416354277313,105,3059,3039,20
C046,500,sparsepca,100,0.7,et_strong,C18_negative|IK:GUNGQVJAKLIYDG-JXMROGBWSA-N,0.3681734474264329,3.9910704408003648,2.9856934570257017,105,3059,3039,20
C046,500,sparsepca,100,0.7,et_strong,C18_negative|IK:GYUCMTKUEQLBJW-UHFFFAOYSA-N,0.4207098424854616,3.6643687304297616,2.508041268071016,105,3059,3039,20
C046,500,sparsepca,100,0.7,et_strong,C18_negative|IK:KDYFGRWQOYBRFD-UHFFFAOYSA-N,0.3450316713588506,4.745432967086855,3.524875564540443,105,3059,3039,20
C046,500,sparsepca,100,0.7,et_strong,C18_negative|IK:LTSJJOKAWSCMBC-UHFFFAOYSA-N,0.4310680068623326,4.049113675765429,3.199157036944558,105,3059,3039,20
C046,500,sparsepca,100,0.7,et_strong,C18_negative|IK:NGFMICBWJRZIBI-UHFFFAOYSA-N,0.4060758341107592,1.338529285741676,1.1266869071246854,105,3059,3039,20
C046,500,sparsepca,100,0.7,et_strong,C18_negative|IK:OKVJCVWFVRATSG-UHFFFAOYSA-N,0.3189576316205283,4.933094040560309,3.988285441767927,105,3059,3039,20
C046,500,sparsepca,100,0.7,et_strong,C18_negative|IK:RGHHSNMVTDWUBI-UHFFFAOYSA-N,0.6766829579519298,3.7281116310820943,2.5631925971903398,105,3059,3039,20
C046,500,sparsepca,100,0.7,et_strong,C18_negative|IK:UGAGPNKCDRTDHP-UHFFFAOYSA-N,0.2807355007188883,4.880574138085491,3.889416544862531,105,3059,3039,20
C046,500,sparsepca,100,0.7,et_strong,C18_negative|IK:WLJVXDMOQOGPHL-UHFFFAOYSA-N,0.5851989095077854,3.611424969740314,2.560324967566737,105,3059,3039,20
C046,500,sparsepca,100,0.7,et_strong,C18_negative|IK:ZWNLSRDFHQCTQW-UHFFFAOYSA-N,0.3460527626718419,4.480798758544772,3.546854588365082,105,3059,3039,20
C046,500,sparsepca,100,0.7,et_strong,C18_positive|IK:GHOKWGTUZJEAQD-UHFFFAOYSA-N,0.3425987928201732,4.685398449482127,3.662752778108807,105,3059,3039,20
C046,500,sparsepca,100,0.7,et_strong,C18_positive|IK:GUMFPOIJOXLCLA-JKSUJKDBSA-N,0.404563558280624,3.612877640151265,2.5021511241081456,105,3059,3039,20
C046,500,sparsepca,100,0.7,et_strong,C18_positive|IK:IBMRTYCHDPMBFN-UHFFFAOYSA-N,0.350235698559683,4.572319531037135,3.5912287231980144,105,3059,3039,20
C046,500,sparsepca,100,0.7,et_strong,C18_positive|IK:LVGKNOAMLMIIKO-QXMHVHEDSA-N,0.5151859005638009,3.4761032771411315,2.4063124762582158,105,3059,3039,20
C046,500,sparsepca,100,0.7,et_strong,C18_positive|IK:LWYJCVVIVLBLID-UHFFFAOYSA-N,0.289099646731891,5.221013534200317,4.455408703489454,105,3059,3039,20
C046,500,sparsepca,100,0.7,et_strong,C18_positive|IK:MBIZFBDREVRUHY-UHFFFAOYSA-N,0.3617132050116596,4.683642625746427,3.750518829508157,105,3059,3039,20
C046,500,sparsepca,100,0.7,et_strong,C18_positive|IK:MECHNRXZTMCUDQ-UHFFFAOYSA-N,0.5022596690842351,4.229129859082753,3.066478203750281,105,3059,3039,20
C046,500,sparsepca,100,0.7,et_strong,C18_positive|IK:OVASVJPBDPJABT-UHFFFAOYSA-N,0.341403980071587,4.38757560533455,3.2131566213001634,105,3059,3039,20
C046,500,sparsepca,100,0.7,et_strong,C18_positive|IK:OYTCZOJKXCTBHG-UHFFFAOYSA-N,0.4158571298496611,3.774996893881052,2.735055453032502,105,3059,3039,20
C046,500,sparsepca,100,0.7,et_strong,C18_positive|IK:PUQSUZTXKPLAPR-UJPOAAIJSA-N,0.3351396535127914,5.151438411633175,4.402112347313564,105,3059,3039,20
C046,500,sparsepca,100,0.7,et_strong,C18_positive|IK:WCGUUGGRBIKTOS-UHFFFAOYSA-N,0.2827229981000045,5.434503326585064,4.2833348055649205,105,3059,3039,20
C046,500,sparsepca,100,0.7,et_strong,C18_positive|NAME:,0.3232949319804927,0.5474246537711006,0.4454468832768324,105,3059,3039,20
C046,500,sparsepca,100,0.7,et_strong,HILICZ_negative|IK:LWYJCVVIVLBLID-UHFFFAOYSA-N,0.3407811773754329,5.553159106869704,4.680191578870841,105,3059,3039,20
C046,500,sparsepca,100,0.7,et_strong,HILICZ_negative|IK:QZZGJDVWLFXDLK-UHFFFAOYSA-N,0.3037242517556715,5.174824361821167,4.235727920421279,105,3059,3039,20
C046,500,sparsepca,100,0.7,et_strong,HILICZ_positive|IK:OYTCZOJKXCTBHG-UHFFFAOYSA-N,0.445967171037602,4.8716307780617285,3.651444452301384,105,3059,3039,20
C046,500,sparsepca,100,0.7,et_strong,HILICZ_positive|IK:XPCTZQVDEJYUGT-UHFFFAOYSA-N,0.3675322491828913,5.253020886179404,4.077089768547679,105,3059,3039,20
C047,500,sparsepca,100,0.7,et_regularized,C18_negative|IK:AIONOLUJZLIMTK-UHFFFAOYSA-N,0.480846784202587,4.184201676633344,3.118705932464701,105,3059,3039,20
C047,500,sparsepca,100,0.7,et_regularized,C18_negative|IK:BJRNKVDFDLYUGJ-RMPHRYRLSA-N,0.3425891976118008,4.920397426762654,4.1839714303278495,105,3059,3039,20
C047,500,sparsepca,100,0.7,et_regularized,C18_negative|IK:CKEXCBVNKRHAMX-UHFFFAOYSA-N,0.3160833870391962,4.454116573659434,3.5322836552311627,105,3059,3039,20
C047,500,sparsepca,100,0.7,et_regularized,C18_negative|IK:GHOKWGTUZJEAQD-UHFFFAOYSA-N,0.3477151163810814,4.596214409092214,3.649579404539464,105,3059,3039,20
C047,500,sparsepca,100,0.7,et_regularized,C18_negative|IK:GUNGQVJAKLIYDG-JXMROGBWSA-N,0.3797114294098443,3.954461446846895,2.881984004310159,105,3059,3039,20
C047,500,sparsepca,100,0.7,et_regularized,C18_negative|IK:GYUCMTKUEQLBJW-UHFFFAOYSA-N,0.4415658145295108,3.5978006166541925,2.3944229919913798,105,3059,3039,20
C047,500,sparsepca,100,0.7,et_regularized,C18_negative|IK:KDYFGRWQOYBRFD-UHFFFAOYSA-N,0.3361824011832118,4.777383156868209,3.5209321360741,105,3059,3039,20
C047,500,sparsepca,100,0.7,et_regularized,C18_negative|IK:LTSJJOKAWSCMBC-UHFFFAOYSA-N,0.4320639585062985,4.045568007828881,3.108928701001762,105,3059,3039,20
C047,500,sparsepca,100,0.7,et_regularized,C18_negative|IK:NGFMICBWJRZIBI-UHFFFAOYSA-N,0.4054741793400976,1.33920709001889,1.127221502766472,105,3059,3039,20
C047,500,sparsepca,100,0.7,et_regularized,C18_negative|IK:OKVJCVWFVRATSG-UHFFFAOYSA-N,0.3111025839302567,4.961461288412296,3.965237716164845,105,3059,3039,20
C047,500,sparsepca,100,0.7,et_regularized,C18_negative|IK:RGHHSNMVTDWUBI-UHFFFAOYSA-N,0.6683608918509163,3.7757869300925977,2.557428864234307,105,3059,3039,20
C047,500,sparsepca,100,0.7,et_regularized,C18_negative|IK:UGAGPNKCDRTDHP-UHFFFAOYSA-N,0.2772906620478097,4.892247665593435,3.855385609999791,105,3059,3039,20
C047,500,sparsepca,100,0.7,et_regularized,C18_negative|IK:WLJVXDMOQOGPHL-UHFFFAOYSA-N,0.5909169678415673,3.586446732641376,2.51562476349864,105,3059,3039,20
C047,500,sparsepca,100,0.7,et_regularized,C18_negative|IK:ZWNLSRDFHQCTQW-UHFFFAOYSA-N,0.3479101592265984,4.474430860829065,3.513963082433507,105,3059,3039,20
C047,500,sparsepca,100,0.7,et_regularized,C18_positive|IK:GHOKWGTUZJEAQD-UHFFFAOYSA-N,0.3381045991229952,4.701386572323347,3.645929387278727,105,3059,3039,20
C047,500,sparsepca,100,0.7,et_regularized,C18_positive|IK:GUMFPOIJOXLCLA-JKSUJKDBSA-N,0.415813287990349,3.5785853940774195,2.4191585807005644,105,3059,3039,20
C047,500,sparsepca,100,0.7,et_regularized,C18_positive|IK:IBMRTYCHDPMBFN-UHFFFAOYSA-N,0.3744151133919591,4.4864390638033695,3.46734297728331,105,3059,3039,20
C047,500,sparsepca,100,0.7,et_regularized,C18_positive|IK:LVGKNOAMLMIIKO-QXMHVHEDSA-N,0.5291523780726097,3.425667764551429,2.2846454803325686,105,3059,3039,20
C047,500,sparsepca,100,0.7,et_regularized,C18_positive|IK:LWYJCVVIVLBLID-UHFFFAOYSA-N,0.2826700164617289,5.2445707212039245,4.399993346697539,105,3059,3039,20
C047,500,sparsepca,100,0.7,et_regularized,C18_positive|IK:MBIZFBDREVRUHY-UHFFFAOYSA-N,0.3469991855108207,4.737319560418352,3.737633942750745,105,3059,3039,20
C047,500,sparsepca,100,0.7,et_regularized,C18_positive|IK:MECHNRXZTMCUDQ-UHFFFAOYSA-N,0.4863002219966422,4.296395901913417,3.043667748519164,105,3059,3039,20
C047,500,sparsepca,100,0.7,et_regularized,C18_positive|IK:OVASVJPBDPJABT-UHFFFAOYSA-N,0.3029665676479585,4.513795370246143,3.2769356368406,105,3059,3039,20
C047,500,sparsepca,100,0.7,et_regularized,C18_positive|IK:OYTCZOJKXCTBHG-UHFFFAOYSA-N,0.4132835060208732,3.783303718189823,2.7009492489875577,105,3059,3039,20
C047,500,sparsepca,100,0.7,et_regularized,C18_positive|IK:PUQSUZTXKPLAPR-UJPOAAIJSA-N,0.3228908810981007,5.198674515560549,4.351152424365206,105,3059,3039,20
C047,500,sparsepca,100,0.7,et_regularized,C18_positive|IK:WCGUUGGRBIKTOS-UHFFFAOYSA-N,0.2944669899695888,5.389830092681673,4.180091426991778,105,3059,3039,20
C047,500,sparsepca,100,0.7,et_regularized,C18_positive|NAME:,0.3271825689852127,0.5458499251059027,0.4454540704974465,105,3059,3039,20
C047,500,sparsepca,100,0.7,et_regularized,HILICZ_negative|IK:LWYJCVVIVLBLID-UHFFFAOYSA-N,0.3461870808708571,5.530342980390427,4.582036084052809,105,3059,3039,20
C047,500,sparsepca,100,0.7,et_regularized,HILICZ_negative|IK:QZZGJDVWLFXDLK-UHFFFAOYSA-N,0.286074057055362,5.240003313545503,4.250207101922347,105,3059,3039,20
C047,500,sparsepca,100,0.7,et_regularized,HILICZ_positive|IK:OYTCZOJKXCTBHG-UHFFFAOYSA-N,0.4433578212111291,4.883089356058711,3.571611027004967,105,3059,3039,20
C047,500,sparsepca,100,0.7,et_regularized,HILICZ_positive|IK:XPCTZQVDEJYUGT-UHFFFAOYSA-N,0.3547716583836642,5.305748406845224,4.067553300149388,105,3059,3039,20
C048,800,sparsepca,75,0.7,et_strong,C18_negative|IK:AIONOLUJZLIMTK-UHFFFAOYSA-N,0.4701172844137337,4.227218645975338,3.208107903214136,105,3059,3039,20
C048,800,sparsepca,75,0.7,et_strong,C18_negative|IK:BJRNKVDFDLYUGJ-RMPHRYRLSA-N,0.306496899975704,5.05365939442748,4.40566571208107,105,3059,3039,20
C048,800,sparsepca,75,0.7,et_strong,C18_negative|IK:CKEXCBVNKRHAMX-UHFFFAOYSA-N,0.2915354165693686,4.533348168480164,3.697566832814212,105,3059,3039,20
C048,800,sparsepca,75,0.7,et_strong,C18_negative|IK:GHOKWGTUZJEAQD-UHFFFAOYSA-N,0.3478278306806284,4.595817280872106,3.705742022787342,105,3059,3039,20
C048,800,sparsepca,75,0.7,et_strong,C18_negative|IK:GUNGQVJAKLIYDG-JXMROGBWSA-N,0.356181234642292,4.0287681198422085,3.04929395811734,105,3059,3039,20
C048,800,sparsepca,75,0.7,et_strong,C18_negative|IK:GYUCMTKUEQLBJW-UHFFFAOYSA-N,0.4260758811497915,3.647357486827768,2.532622182059276,105,3059,3039,20
C048,800,sparsepca,75,0.7,et_strong,C18_negative|IK:KDYFGRWQOYBRFD-UHFFFAOYSA-N,0.3090547456079102,4.874022303878361,3.634202784561941,105,3059,3039,20
C048,800,sparsepca,75,0.7,et_strong,C18_negative|IK:LTSJJOKAWSCMBC-UHFFFAOYSA-N,0.4299185276766143,4.05320205836417,3.251170297991796,105,3059,3039,20
C048,800,sparsepca,75,0.7,et_strong,C18_negative|IK:NGFMICBWJRZIBI-UHFFFAOYSA-N,0.4119556250693794,1.331887151445844,1.1256368591115915,105,3059,3039,20
C048,800,sparsepca,75,0.7,et_strong,C18_negative|IK:OKVJCVWFVRATSG-UHFFFAOYSA-N,0.3413361339312872,4.851368329286256,3.930680844716675,105,3059,3039,20
C048,800,sparsepca,75,0.7,et_strong,C18_negative|IK:RGHHSNMVTDWUBI-UHFFFAOYSA-N,0.6800090484335183,3.708885776710268,2.558880303564986,105,3059,3039,20
C048,800,sparsepca,75,0.7,et_strong,C18_negative|IK:UGAGPNKCDRTDHP-UHFFFAOYSA-N,0.2943606221537554,4.834126443247143,3.8765582518394304,105,3059,3039,20
C048,800,sparsepca,75,0.7,et_strong,C18_negative|IK:WLJVXDMOQOGPHL-UHFFFAOYSA-N,0.5804461668160633,3.632055685783394,2.630245493685633,105,3059,3039,20
C048,800,sparsepca,75,0.7,et_strong,C18_negative|IK:ZWNLSRDFHQCTQW-UHFFFAOYSA-N,0.3441365164051402,4.487358946074834,3.558756662353342,105,3059,3039,20
C048,800,sparsepca,75,0.7,et_strong,C18_positive|IK:GHOKWGTUZJEAQD-UHFFFAOYSA-N,0.3386037212159182,4.699613627199396,3.6779038911276376,105,3059,3039,20
C048,800,sparsepca,75,0.7,et_strong,C18_positive|IK:GUMFPOIJOXLCLA-JKSUJKDBSA-N,0.4075214916058035,3.6038926709453714,2.533638243606744,105,3059,3039,20
C048,800,sparsepca,75,0.7,et_strong,C18_positive|IK:IBMRTYCHDPMBFN-UHFFFAOYSA-N,0.3395859152418922,4.609637912077693,3.6356816277699258,105,3059,3039,20
C048,800,sparsepca,75,0.7,et_strong,C18_positive|IK:LVGKNOAMLMIIKO-QXMHVHEDSA-N,0.5209078601585274,3.455529247719641,2.412188234014899,105,3059,3039,20
C048,800,sparsepca,75,0.7,et_strong,C18_positive|IK:LWYJCVVIVLBLID-UHFFFAOYSA-N,0.2934074531939395,5.205170743133872,4.47662911436942,105,3059,3039,20
C048,800,sparsepca,75,0.7,et_strong,C18_positive|IK:MBIZFBDREVRUHY-UHFFFAOYSA-N,0.3798130088369877,4.616758380091468,3.7508164068368126,105,3059,3039,20
C048,800,sparsepca,75,0.7,et_strong,C18_positive|IK:MECHNRXZTMCUDQ-UHFFFAOYSA-N,0.4976203944499485,4.248793313471829,3.120625617569377,105,3059,3039,20
C048,800,sparsepca,75,0.7,et_strong,C18_positive|IK:OVASVJPBDPJABT-UHFFFAOYSA-N,0.3393303971642077,4.3944772958358165,3.2369285949582545,105,3059,3039,20
C048,800,sparsepca,75,0.7,et_strong,C18_positive|IK:OYTCZOJKXCTBHG-UHFFFAOYSA-N,0.4183983948777875,3.766776538455868,2.7929437572904936,105,3059,3039,20
C048,800,sparsepca,75,0.7,et_strong,C18_positive|IK:PUQSUZTXKPLAPR-UJPOAAIJSA-N,0.3472988154905846,5.104115537580378,4.408302371295076,105,3059,3039,20
C048,800,sparsepca,75,0.7,et_strong,C18_positive|IK:WCGUUGGRBIKTOS-UHFFFAOYSA-N,0.2859562802266036,5.422240889077029,4.328953644089328,105,3059,3039,20
C048,800,sparsepca,75,0.7,et_strong,C18_positive|NAME:,0.3256968740270967,0.5464522573657318,0.4455493369859117,105,3059,3039,20
C048,800,sparsepca,75,0.7,et_strong,HILICZ_negative|IK:LWYJCVVIVLBLID-UHFFFAOYSA-N,0.3524198588481947,5.503919563415376,4.675714200514079,105,3059,3039,20
C048,800,sparsepca,75,0.7,et_strong,HILICZ_negative|IK:QZZGJDVWLFXDLK-UHFFFAOYSA-N,0.3107292953625751,5.148727296822932,4.229713264773107,105,3059,3039,20
C048,800,sparsepca,75,0.7,et_strong,HILICZ_positive|IK:OYTCZOJKXCTBHG-UHFFFAOYSA-N,0.4554022033407638,4.829971363476168,3.626195180378112,105,3059,3039,20
C048,800,sparsepca,75,0.7,et_strong,HILICZ_positive|IK:XPCTZQVDEJYUGT-UHFFFAOYSA-N,0.3421127479968224,5.357543058253335,4.172011872826912,105,3059,3039,20
C049,800,sparsepca,75,0.7,et_regularized,C18_negative|IK:AIONOLUJZLIMTK-UHFFFAOYSA-N,0.455576869098952,4.284825296477789,3.204543272346994,105,3059,3039,20
C049,800,sparsepca,75,0.7,et_regularized,C18_negative|IK:BJRNKVDFDLYUGJ-RMPHRYRLSA-N,0.2929905801000223,5.102633368751815,4.402979720625376,105,3059,3039,20
C049,800,sparsepca,75,0.7,et_regularized,C18_negative|IK:CKEXCBVNKRHAMX-UHFFFAOYSA-N,0.2939838274354893,4.5255078998330935,3.637632224040043,105,3059,3039,20
C049,800,sparsepca,75,0.7,et_regularized,C18_negative|IK:GHOKWGTUZJEAQD-UHFFFAOYSA-N,0.3430554765031607,4.612601874587509,3.6822524597131214,105,3059,3039,20
C049,800,sparsepca,75,0.7,et_regularized,C18_negative|IK:GUNGQVJAKLIYDG-JXMROGBWSA-N,0.3650264128887485,4.000997560337336,2.961311969496554,105,3059,3039,20
C049,800,sparsepca,75,0.7,et_regularized,C18_negative|IK:GYUCMTKUEQLBJW-UHFFFAOYSA-N,0.4468120450418477,3.5808609024123315,2.4275018351239206,105,3059,3039,20
C049,800,sparsepca,75,0.7,et_regularized,C18_negative|IK:KDYFGRWQOYBRFD-UHFFFAOYSA-N,0.3010807443084385,4.902066471324563,3.603803664570461,105,3059,3039,20
C049,800,sparsepca,75,0.7,et_regularized,C18_negative|IK:LTSJJOKAWSCMBC-UHFFFAOYSA-N,0.4388998794947255,4.021147207553874,3.14271624672144,105,3059,3039,20
C049,800,sparsepca,75,0.7,et_regularized,C18_negative|IK:NGFMICBWJRZIBI-UHFFFAOYSA-N,0.4106348088686,1.3333820993445529,1.1260939597319424,105,3059,3039,20
C049,800,sparsepca,75,0.7,et_regularized,C18_negative|IK:OKVJCVWFVRATSG-UHFFFAOYSA-N,0.3464075780933191,4.832655456760227,3.86539119432065,105,3059,3039,20
C049,800,sparsepca,75,0.7,et_regularized,C18_negative|IK:RGHHSNMVTDWUBI-UHFFFAOYSA-N,0.6714161331326136,3.758354378021073,2.548825055526936,105,3059,3039,20
C049,800,sparsepca,75,0.7,et_regularized,C18_negative|IK:UGAGPNKCDRTDHP-UHFFFAOYSA-N,0.2935247125763586,4.836988880282205,3.8344523253647136,105,3059,3039,20
C049,800,sparsepca,75,0.7,et_regularized,C18_negative|IK:WLJVXDMOQOGPHL-UHFFFAOYSA-N,0.5968428700501812,3.560375666349007,2.5178964545557,105,3059,3039,20
C049,800,sparsepca,75,0.7,et_regularized,C18_negative|IK:ZWNLSRDFHQCTQW-UHFFFAOYSA-N,0.3545274898366437,4.4516699721949164,3.50068022142154,105,3059,3039,20
C049,800,sparsepca,75,0.7,et_regularized,C18_positive|IK:GHOKWGTUZJEAQD-UHFFFAOYSA-N,0.321944875420896,4.758431065821187,3.6716955512292913,105,3059,3039,20
C049,800,sparsepca,75,0.7,et_regularized,C18_positive|IK:GUMFPOIJOXLCLA-JKSUJKDBSA-N,0.4188007056813139,3.5694235698409638,2.445990794057196,105,3059,3039,20
C049,800,sparsepca,75,0.7,et_regularized,C18_positive|IK:IBMRTYCHDPMBFN-UHFFFAOYSA-N,0.3460528319988862,4.587013106150441,3.570210837658434,105,3059,3039,20
C049,800,sparsepca,75,0.7,et_regularized,C18_positive|IK:LVGKNOAMLMIIKO-QXMHVHEDSA-N,0.540873879770231,3.3827589428422806,2.2838402414111854,105,3059,3039,20
C049,800,sparsepca,75,0.7,et_regularized,C18_positive|IK:LWYJCVVIVLBLID-UHFFFAOYSA-N,0.2834328234897013,5.241781447356125,4.44808799049133,105,3059,3039,20
C049,800,sparsepca,75,0.7,et_regularized,C18_positive|IK:MBIZFBDREVRUHY-UHFFFAOYSA-N,0.3671400343064607,4.663689537431868,3.719730261852728,105,3059,3039,20
C049,800,sparsepca,75,0.7,et_regularized,C18_positive|IK:MECHNRXZTMCUDQ-UHFFFAOYSA-N,0.4793691577602589,4.325283223588166,3.1211703674152225,105,3059,3039,20
C049,800,sparsepca,75,0.7,et_regularized,C18_positive|IK:OVASVJPBDPJABT-UHFFFAOYSA-N,0.3131287395483365,4.48077085604711,3.278768351583548,105,3059,3039,20
C049,800,sparsepca,75,0.7,et_regularized,C18_positive|IK:OYTCZOJKXCTBHG-UHFFFAOYSA-N,0.411663557214145,3.7885230479659344,2.754466312358187,105,3059,3039,20
C049,800,sparsepca,75,0.7,et_regularized,C18_positive|IK:PUQSUZTXKPLAPR-UJPOAAIJSA-N,0.3486832471716128,5.098699544436801,4.338393547148061,105,3059,3039,20
C049,800,sparsepca,75,0.7,et_regularized,C18_positive|IK:WCGUUGGRBIKTOS-UHFFFAOYSA-N,0.2938666359418036,5.392122769350752,4.255646886174144,105,3059,3039,20
C049,800,sparsepca,75,0.7,et_regularized,C18_positive|NAME:,0.3205572143485539,0.548530882654885,0.4490133103703037,105,3059,3039,20
C049,800,sparsepca,75,0.7,et_regularized,HILICZ_negative|IK:LWYJCVVIVLBLID-UHFFFAOYSA-N,0.3629563827392589,5.45895986877448,4.573856804232011,105,3059,3039,20
C049,800,sparsepca,75,0.7,et_regularized,HILICZ_negative|IK:QZZGJDVWLFXDLK-UHFFFAOYSA-N,0.2982375026136764,5.195173517589452,4.237858860762074,105,3059,3039,20
C049,800,sparsepca,75,0.7,et_regularized,HILICZ_positive|IK:OYTCZOJKXCTBHG-UHFFFAOYSA-N,0.4508526216971742,4.850104245344286,3.5617884641479627,105,3059,3039,20
C049,800,sparsepca,75,0.7,et_regularized,HILICZ_positive|IK:XPCTZQVDEJYUGT-UHFFFAOYSA-N,0.3217357114589046,5.439881137108233,4.204317655582869,105,3059,3039,20
C050,800,sparsepca,100,0.7,et_strong,C18_negative|IK:AIONOLUJZLIMTK-UHFFFAOYSA-N,0.475788177258012,4.204537600579767,3.1919140096127063,105,3059,3039,20
C050,800,sparsepca,100,0.7,et_strong,C18_negative|IK:BJRNKVDFDLYUGJ-RMPHRYRLSA-N,0.3126921386487254,5.031035946774967,4.352935732348805,105,3059,3039,20
C050,800,sparsepca,100,0.7,et_strong,C18_negative|IK:CKEXCBVNKRHAMX-UHFFFAOYSA-N,0.3012061390138772,4.502301174619645,3.670527921567244,105,3059,3039,20
C050,800,sparsepca,100,0.7,et_strong,C18_negative|IK:GHOKWGTUZJEAQD-UHFFFAOYSA-N,0.3451601721120141,4.605207101757305,3.725630724373288,105,3059,3039,20
C050,800,sparsepca,100,0.7,et_strong,C18_negative|IK:GUNGQVJAKLIYDG-JXMROGBWSA-N,0.3610032835668698,4.013652507628087,3.017970485326932,105,3059,3039,20
C050,800,sparsepca,100,0.7,et_strong,C18_negative|IK:GYUCMTKUEQLBJW-UHFFFAOYSA-N,0.415424923292267,3.681045971965968,2.542266784678346,105,3059,3039,20
C050,800,sparsepca,100,0.7,et_strong,C18_negative|IK:KDYFGRWQOYBRFD-UHFFFAOYSA-N,0.3309419310767347,4.796203475093762,3.561553241869626,105,3059,3039,20
C050,800,sparsepca,100,0.7,et_strong,C18_negative|IK:LTSJJOKAWSCMBC-UHFFFAOYSA-N,0.4250890093676838,4.070334460594228,3.247394905698974,105,3059,3039,20
C050,800,sparsepca,100,0.7,et_strong,C18_negative|IK:NGFMICBWJRZIBI-UHFFFAOYSA-N,0.4053171473982916,1.3393839405423196,1.1325552111773654,105,3059,3039,20
C050,800,sparsepca,100,0.7,et_strong,C18_negative|IK:OKVJCVWFVRATSG-UHFFFAOYSA-N,0.3383921764938307,4.862198055385036,3.934434824389148,105,3059,3039,20
C050,800,sparsepca,100,0.7,et_strong,C18_negative|IK:RGHHSNMVTDWUBI-UHFFFAOYSA-N,0.6802977092312238,3.7072125239551705,2.5676788042248995,105,3059,3039,20
C050,800,sparsepca,100,0.7,et_strong,C18_negative|IK:UGAGPNKCDRTDHP-UHFFFAOYSA-N,0.301993672630337,4.807909467464067,3.851832917804027,105,3059,3039,20
C050,800,sparsepca,100,0.7,et_strong,C18_negative|IK:WLJVXDMOQOGPHL-UHFFFAOYSA-N,0.5797572655675564,3.6350363538489607,2.629547022244612,105,3059,3039,20
C050,800,sparsepca,100,0.7,et_strong,C18_negative|IK:ZWNLSRDFHQCTQW-UHFFFAOYSA-N,0.3419531465474806,4.494821950212408,3.5709259982037307,105,3059,3039,20
C050,800,sparsepca,100,0.7,et_strong,C18_positive|IK:GHOKWGTUZJEAQD-UHFFFAOYSA-N,0.3415670766691675,4.6890736071217525,3.6807117759250834,105,3059,3039,20
C050,800,sparsepca,100,0.7,et_strong,C18_positive|IK:GUMFPOIJOXLCLA-JKSUJKDBSA-N,0.3841716970831683,3.674221806069747,2.5847016443570587,105,3059,3039,20
C050,800,sparsepca,100,0.7,et_strong,C18_positive|IK:IBMRTYCHDPMBFN-UHFFFAOYSA-N,0.343047506968778,4.597541222108719,3.617020288059584,105,3059,3039,20
C050,800,sparsepca,100,0.7,et_strong,C18_positive|IK:LVGKNOAMLMIIKO-QXMHVHEDSA-N,0.5202710170879148,3.457825151629663,2.4162733140391803,105,3059,3039,20
C050,800,sparsepca,100,0.7,et_strong,C18_positive|IK:LWYJCVVIVLBLID-UHFFFAOYSA-N,0.2943265104097284,5.201784487263858,4.470020192812179,105,3059,3039,20
C050,800,sparsepca,100,0.7,et_strong,C18_positive|IK:MBIZFBDREVRUHY-UHFFFAOYSA-N,0.3735972779029223,4.639836084636152,3.760877375020088,105,3059,3039,20
C050,800,sparsepca,100,0.7,et_strong,C18_positive|IK:MECHNRXZTMCUDQ-UHFFFAOYSA-N,0.5041812102436182,4.220958625147973,3.086607147018041,105,3059,3039,20
C050,800,sparsepca,100,0.7,et_strong,C18_positive|IK:OVASVJPBDPJABT-UHFFFAOYSA-N,0.349775916787837,4.35959943626077,3.204261932126912,105,3059,3039,20
C050,800,sparsepca,100,0.7,et_strong,C18_positive|IK:OYTCZOJKXCTBHG-UHFFFAOYSA-N,0.4161252361221353,3.774130482121114,2.7981755322633832,105,3059,3039,20
C050,800,sparsepca,100,0.7,et_strong,C18_positive|IK:PUQSUZTXKPLAPR-UJPOAAIJSA-N,0.345475253896869,5.1112406794131005,4.39973177568642,105,3059,3039,20
C050,800,sparsepca,100,0.7,et_strong,C18_positive|IK:WCGUUGGRBIKTOS-UHFFFAOYSA-N,0.2832357409617788,5.432560561837949,4.326533388486117,105,3059,3039,20
C050,800,sparsepca,100,0.7,et_strong,C18_positive|NAME:,0.313821923260034,0.5512429611753087,0.4499388128230115,105,3059,3039,20
C050,800,sparsepca,100,0.7,et_strong,HILICZ_negative|IK:LWYJCVVIVLBLID-UHFFFAOYSA-N,0.3414302192254284,5.550424718741664,4.707857716058961,105,3059,3039,20
C050,800,sparsepca,100,0.7,et_strong,HILICZ_negative|IK:QZZGJDVWLFXDLK-UHFFFAOYSA-N,0.3138775424414701,5.136955421740613,4.240019342984479,105,3059,3039,20
C050,800,sparsepca,100,0.7,et_strong,HILICZ_positive|IK:OYTCZOJKXCTBHG-UHFFFAOYSA-N,0.4614953209234907,4.802875804121596,3.6229071127186097,105,3059,3039,20
C050,800,sparsepca,100,0.7,et_strong,HILICZ_positive|IK:XPCTZQVDEJYUGT-UHFFFAOYSA-N,0.3438521507221108,5.3504559071096764,4.174780483701574,105,3059,3039,20
C051,800,sparsepca,100,0.7,et_regularized,C18_negative|IK:AIONOLUJZLIMTK-UHFFFAOYSA-N,0.4655065505740015,4.245570220774998,3.1863658537716324,105,3059,3039,20
C051,800,sparsepca,100,0.7,et_regularized,C18_negative|IK:BJRNKVDFDLYUGJ-RMPHRYRLSA-N,0.3077003369555012,5.049272679132227,4.330047982550324,105,3059,3039,20
C051,800,sparsepca,100,0.7,et_regularized,C18_negative|IK:CKEXCBVNKRHAMX-UHFFFAOYSA-N,0.3087332722416911,4.47798701102806,3.5928347976854846,105,3059,3039,20
C051,800,sparsepca,100,0.7,et_regularized,C18_negative|IK:GHOKWGTUZJEAQD-UHFFFAOYSA-N,0.3417328537317341,4.617242802779543,3.697041605289116,105,3059,3039,20
C051,800,sparsepca,100,0.7,et_regularized,C18_negative|IK:GUNGQVJAKLIYDG-JXMROGBWSA-N,0.3725545440522142,3.9772092937014816,2.9249464812570687,105,3059,3039,20
C051,800,sparsepca,100,0.7,et_regularized,C18_negative|IK:GYUCMTKUEQLBJW-UHFFFAOYSA-N,0.4371799896611829,3.6119011705070423,2.4390633444806915,105,3059,3039,20
C051,800,sparsepca,100,0.7,et_regularized,C18_negative|IK:KDYFGRWQOYBRFD-UHFFFAOYSA-N,0.3232207790492375,4.823798977611549,3.5451620958817074,105,3059,3039,20
C051,800,sparsepca,100,0.7,et_regularized,C18_negative|IK:LTSJJOKAWSCMBC-UHFFFAOYSA-N,0.4291634717713553,4.055885342787744,3.1514400833959626,105,3059,3039,20
C051,800,sparsepca,100,0.7,et_regularized,C18_negative|IK:NGFMICBWJRZIBI-UHFFFAOYSA-N,0.402562632796003,1.3424823065780045,1.1344964844610013,105,3059,3039,20
C051,800,sparsepca,100,0.7,et_regularized,C18_negative|IK:OKVJCVWFVRATSG-UHFFFAOYSA-N,0.3530904795930248,4.807885324677212,3.8545953488654616,105,3059,3039,20
C051,800,sparsepca,100,0.7,et_regularized,C18_negative|IK:RGHHSNMVTDWUBI-UHFFFAOYSA-N,0.671222884290013,3.75945940926203,2.550600909673997,105,3059,3039,20
C051,800,sparsepca,100,0.7,et_regularized,C18_negative|IK:UGAGPNKCDRTDHP-UHFFFAOYSA-N,0.3053567496340551,4.796312944139893,3.7889776079264617,105,3059,3039,20
C051,800,sparsepca,100,0.7,et_regularized,C18_negative|IK:WLJVXDMOQOGPHL-UHFFFAOYSA-N,0.5948893918033017,3.568991056081248,2.524025431166881,105,3059,3039,20
C051,800,sparsepca,100,0.7,et_regularized,C18_negative|IK:ZWNLSRDFHQCTQW-UHFFFAOYSA-N,0.3661437769408404,4.411430727245621,3.4896607115880496,105,3059,3039,20
C051,800,sparsepca,100,0.7,et_regularized,C18_positive|IK:GHOKWGTUZJEAQD-UHFFFAOYSA-N,0.326862637654798,4.74114381557712,3.6655865806227776,105,3059,3039,20
C051,800,sparsepca,100,0.7,et_regularized,C18_positive|IK:GUMFPOIJOXLCLA-JKSUJKDBSA-N,0.398792903953089,3.630342474577794,2.492394111765775,105,3059,3039,20
C051,800,sparsepca,100,0.7,et_regularized,C18_positive|IK:IBMRTYCHDPMBFN-UHFFFAOYSA-N,0.3500253222310159,4.573059668612321,3.5644004483824863,105,3059,3039,20
C051,800,sparsepca,100,0.7,et_regularized,C18_positive|IK:LVGKNOAMLMIIKO-QXMHVHEDSA-N,0.5338240404230021,3.4086309817108047,2.2920802469285206,105,3059,3039,20
C051,800,sparsepca,100,0.7,et_regularized,C18_positive|IK:LWYJCVVIVLBLID-UHFFFAOYSA-N,0.288050745741148,5.224863797964492,4.437626183319856,105,3059,3039,20
C051,800,sparsepca,100,0.7,et_regularized,C18_positive|IK:MBIZFBDREVRUHY-UHFFFAOYSA-N,0.3639962977980047,4.675258643769357,3.7298832043954704,105,3059,3039,20
C051,800,sparsepca,100,0.7,et_regularized,C18_positive|IK:MECHNRXZTMCUDQ-UHFFFAOYSA-N,0.4885389679354137,4.287023655921612,3.0743509188958136,105,3059,3039,20
C051,800,sparsepca,100,0.7,et_regularized,C18_positive|IK:OVASVJPBDPJABT-UHFFFAOYSA-N,0.3316136970763835,4.420066801205066,3.2325424829924496,105,3059,3039,20
C051,800,sparsepca,100,0.7,et_regularized,C18_positive|IK:OYTCZOJKXCTBHG-UHFFFAOYSA-N,0.4178924840607466,3.768414462721947,2.7435332274550026,105,3059,3039,20
C051,800,sparsepca,100,0.7,et_regularized,C18_positive|IK:PUQSUZTXKPLAPR-UJPOAAIJSA-N,0.3499494747406382,5.093740931907233,4.330079194782684,105,3059,3039,20
C051,800,sparsepca,100,0.7,et_regularized,C18_positive|IK:WCGUUGGRBIKTOS-UHFFFAOYSA-N,0.2925480482918386,5.397154871476191,4.2353245922508105,105,3059,3039,20
C051,800,sparsepca,100,0.7,et_regularized,C18_positive|NAME:,0.3114518656251934,0.5521941365585135,0.4517417271741769,105,3059,3039,20
C051,800,sparsepca,100,0.7,et_regularized,HILICZ_negative|IK:LWYJCVVIVLBLID-UHFFFAOYSA-N,0.353021002187153,5.501364348564797,4.606441466420476,105,3059,3039,20
C051,800,sparsepca,100,0.7,et_regularized,HILICZ_negative|IK:QZZGJDVWLFXDLK-UHFFFAOYSA-N,0.3069723713899834,5.1627399991775125,4.203414476739034,105,3059,3039,20
C051,800,sparsepca,100,0.7,et_regularized,HILICZ_positive|IK:OYTCZOJKXCTBHG-UHFFFAOYSA-N,0.4712200760502911,4.759311109150155,3.5013162797669306,105,3059,3039,20
C051,800,sparsepca,100,0.7,et_regularized,HILICZ_positive|IK:XPCTZQVDEJYUGT-UHFFFAOYSA-N,0.3226926946504505,5.436042137711131,4.19905206245562,105,3059,3039,20
C052,500,sparsepca,50,0.7,xgb_light,C18_negative|IK:AIONOLUJZLIMTK-UHFFFAOYSA-N,0.433354691958363,4.371399350785056,3.1840238976975326,105,3059,3039,20
C052,500,sparsepca,50,0.7,xgb_light,C18_negative|IK:BJRNKVDFDLYUGJ-RMPHRYRLSA-N,0.2503976230322643,5.2540867872614765,4.399598015012893,105,3059,3039,20
C052,500,sparsepca,50,0.7,xgb_light,C18_negative|IK:CKEXCBVNKRHAMX-UHFFFAOYSA-N,0.2795988068332279,4.571378846765935,3.573279815764542,105,3059,3039,20
C052,500,sparsepca,50,0.7,xgb_light,C18_negative|IK:GHOKWGTUZJEAQD-UHFFFAOYSA-N,0.3271772451288286,4.66801194099569,3.7041295426728578,105,3059,3039,20
C052,500,sparsepca,50,0.7,xgb_light,C18_negative|IK:GUNGQVJAKLIYDG-JXMROGBWSA-N,0.2480444075825375,4.35398123700268,3.153030451339728,105,3059,3039,20
C052,500,sparsepca,50,0.7,xgb_light,C18_negative|IK:GYUCMTKUEQLBJW-UHFFFAOYSA-N,0.4528235843573402,3.561350997710426,2.3737328042414543,105,3059,3039,20
C052,500,sparsepca,50,0.7,xgb_light,C18_negative|IK:KDYFGRWQOYBRFD-UHFFFAOYSA-N,0.2953201122008122,4.922226920458026,3.5295545492484472,105,3059,3039,20
C052,500,sparsepca,50,0.7,xgb_light,C18_negative|IK:LTSJJOKAWSCMBC-UHFFFAOYSA-N,0.4764742243289008,3.884175331167475,2.8413655599603267,105,3059,3039,20
C052,500,sparsepca,50,0.7,xgb_light,C18_negative|IK:NGFMICBWJRZIBI-UHFFFAOYSA-N,0.3677760422230685,1.3810132771748236,1.1459284765013686,105,3059,3039,20
C052,500,sparsepca,50,0.7,xgb_light,C18_negative|IK:OKVJCVWFVRATSG-UHFFFAOYSA-N,0.2833813616017686,5.06030133077278,3.9697073547907817,105,3059,3039,20
C052,500,sparsepca,50,0.7,xgb_light,C18_negative|IK:RGHHSNMVTDWUBI-UHFFFAOYSA-N,0.6472285235173725,3.894227693743292,2.562693868623981,105,3059,3039,20
C052,500,sparsepca,50,0.7,xgb_light,C18_negative|IK:UGAGPNKCDRTDHP-UHFFFAOYSA-N,0.3021992625535873,4.8072013574547805,3.668971246006155,105,3059,3039,20
C052,500,sparsepca,50,0.7,xgb_light,C18_negative|IK:WLJVXDMOQOGPHL-UHFFFAOYSA-N,0.5919292578165103,3.5820065914783976,2.4762994657688795,105,3059,3039,20
C052,500,sparsepca,50,0.7,xgb_light,C18_negative|IK:ZWNLSRDFHQCTQW-UHFFFAOYSA-N,0.2850877574576773,4.685009239877799,3.6254437243016246,105,3059,3039,20
C052,500,sparsepca,50,0.7,xgb_light,C18_positive|IK:GHOKWGTUZJEAQD-UHFFFAOYSA-N,0.266607869850012,4.948794312594116,3.651494745796388,105,3059,3039,20
C052,500,sparsepca,50,0.7,xgb_light,C18_positive|IK:GUMFPOIJOXLCLA-JKSUJKDBSA-N,0.3894089793702044,3.658564824853761,2.403224417856608,105,3059,3039,20
C052,500,sparsepca,50,0.7,xgb_light,C18_positive|IK:IBMRTYCHDPMBFN-UHFFFAOYSA-N,0.2931296062290999,4.769013430157089,3.5026053622729987,105,3059,3039,20
C052,500,sparsepca,50,0.7,xgb_light,C18_positive|IK:LVGKNOAMLMIIKO-QXMHVHEDSA-N,0.538721372866467,3.390679312975691,2.163360879285662,105,3059,3039,20
C052,500,sparsepca,50,0.7,xgb_light,C18_positive|IK:LWYJCVVIVLBLID-UHFFFAOYSA-N,0.2177347016039622,5.476807626976233,4.499827313724833,105,3059,3039,20
C052,500,sparsepca,50,0.7,xgb_light,C18_positive|IK:MBIZFBDREVRUHY-UHFFFAOYSA-N,0.4031632516650242,4.529013318087519,3.4527108728700298,105,3059,3039,20
C052,500,sparsepca,50,0.7,xgb_light,C18_positive|IK:MECHNRXZTMCUDQ-UHFFFAOYSA-N,0.4056943785938912,4.621197436209177,3.191858351218573,105,3059,3039,20
C052,500,sparsepca,50,0.7,xgb_light,C18_positive|IK:OVASVJPBDPJABT-UHFFFAOYSA-N,0.3186169721273383,4.462833846620261,3.129016172490164,105,3059,3039,20
C052,500,sparsepca,50,0.7,xgb_light,C18_positive|IK:OYTCZOJKXCTBHG-UHFFFAOYSA-N,0.3228824949912441,4.064331088705879,2.8362086067941994,105,3059,3039,20
C052,500,sparsepca,50,0.7,xgb_light,C18_positive|IK:PUQSUZTXKPLAPR-UJPOAAIJSA-N,0.2752834819687179,5.378329137166208,4.387309901322432,105,3059,3039,20
C052,500,sparsepca,50,0.7,xgb_light,C18_positive|IK:WCGUUGGRBIKTOS-UHFFFAOYSA-N,0.3195922574487049,5.292989461184218,3.9809890801814007,105,3059,3039,20
C052,500,sparsepca,50,0.7,xgb_light,C18_positive|NAME:,0.312850895290837,0.5516328622197875,0.44554364068154,105,3059,3039,20
C052,500,sparsepca,50,0.7,xgb_light,HILICZ_negative|IK:LWYJCVVIVLBLID-UHFFFAOYSA-N,0.3377830645771383,5.56577260478852,4.383873482014478,105,3059,3039,20
C052,500,sparsepca,50,0.7,xgb_light,HILICZ_negative|IK:QZZGJDVWLFXDLK-UHFFFAOYSA-N,0.2877091597205111,5.233999291084621,4.099042400835086,105,3059,3039,20
C052,500,sparsepca,50,0.7,xgb_light,HILICZ_positive|IK:OYTCZOJKXCTBHG-UHFFFAOYSA-N,0.3800345221396924,5.153358661310199,3.6153414110763,105,3059,3039,20
C052,500,sparsepca,50,0.7,xgb_light,HILICZ_positive|IK:XPCTZQVDEJYUGT-UHFFFAOYSA-N,0.2700908728177493,5.643185569381576,4.272070753341464,105,3059,3039,20
C053,500,sparsepca,50,0.7,xgb_medium,C18_negative|IK:AIONOLUJZLIMTK-UHFFFAOYSA-N,0.4241658154053214,4.4067007207221085,3.1519822855894386,105,3059,3039,20
C053,500,sparsepca,50,0.7,xgb_medium,C18_negative|IK:BJRNKVDFDLYUGJ-RMPHRYRLSA-N,0.2658761761990257,5.199557960249855,4.327983801471951,105,3059,3039,20
C053,500,sparsepca,50,0.7,xgb_medium,C18_negative|IK:CKEXCBVNKRHAMX-UHFFFAOYSA-N,0.2774514817745762,4.578186811845026,3.568807391106971,105,3059,3039,20
C053,500,sparsepca,50,0.7,xgb_medium,C18_negative|IK:GHOKWGTUZJEAQD-UHFFFAOYSA-N,0.2918679050288856,4.788933012172982,3.790895436254724,105,3059,3039,20
C053,500,sparsepca,50,0.7,xgb_medium,C18_negative|IK:GUNGQVJAKLIYDG-JXMROGBWSA-N,0.2489198610191437,4.3514459689941445,3.151326496260987,105,3059,3039,20
C053,500,sparsepca,50,0.7,xgb_medium,C18_negative|IK:GYUCMTKUEQLBJW-UHFFFAOYSA-N,0.4410582069714759,3.5994354162498765,2.35365709231872,105,3059,3039,20
C053,500,sparsepca,50,0.7,xgb_medium,C18_negative|IK:KDYFGRWQOYBRFD-UHFFFAOYSA-N,0.3002957546039388,4.904818571654718,3.49628084771016,105,3059,3039,20
C053,500,sparsepca,50,0.7,xgb_medium,C18_negative|IK:LTSJJOKAWSCMBC-UHFFFAOYSA-N,0.4749961822990274,3.889654457813829,2.9001507665719943,105,3059,3039,20
C053,500,sparsepca,50,0.7,xgb_medium,C18_negative|IK:NGFMICBWJRZIBI-UHFFFAOYSA-N,0.3801607368490595,1.3674199782800376,1.1325672803485374,105,3059,3039,20
C053,500,sparsepca,50,0.7,xgb_medium,C18_negative|IK:OKVJCVWFVRATSG-UHFFFAOYSA-N,0.27291091219868,5.097135075081366,3.999675941780593,105,3059,3039,20
C053,500,sparsepca,50,0.7,xgb_medium,C18_negative|IK:RGHHSNMVTDWUBI-UHFFFAOYSA-N,0.6264905468306758,4.007055968489778,2.554103958842058,105,3059,3039,20
C053,500,sparsepca,50,0.7,xgb_medium,C18_negative|IK:UGAGPNKCDRTDHP-UHFFFAOYSA-N,0.2916144548796412,4.84352389844288,3.75193098351453,105,3059,3039,20
C053,500,sparsepca,50,0.7,xgb_medium,C18_negative|IK:WLJVXDMOQOGPHL-UHFFFAOYSA-N,0.5955190023151737,3.566216569307948,2.4090924315701807,105,3059,3039,20
C053,500,sparsepca,50,0.7,xgb_medium,C18_negative|IK:ZWNLSRDFHQCTQW-UHFFFAOYSA-N,0.2675661405567944,4.742073609743232,3.6519913719789385,105,3059,3039,20
C053,500,sparsepca,50,0.7,xgb_medium,C18_positive|IK:GHOKWGTUZJEAQD-UHFFFAOYSA-N,0.2470006985904138,5.014510759673883,3.6061881681919465,105,3059,3039,20
C053,500,sparsepca,50,0.7,xgb_medium,C18_positive|IK:GUMFPOIJOXLCLA-JKSUJKDBSA-N,0.3824144470429159,3.679460219977652,2.3655668246765567,105,3059,3039,20
C053,500,sparsepca,50,0.7,xgb_medium,C18_positive|IK:IBMRTYCHDPMBFN-UHFFFAOYSA-N,0.2844179768058982,4.798310636307136,3.5146984571412943,105,3059,3039,20
C053,500,sparsepca,50,0.7,xgb_medium,C18_positive|IK:LVGKNOAMLMIIKO-QXMHVHEDSA-N,0.5470461147766352,3.359944045216672,2.102487614209056,105,3059,3039,20
C053,500,sparsepca,50,0.7,xgb_medium,C18_positive|IK:LWYJCVVIVLBLID-UHFFFAOYSA-N,0.1963676102920643,5.551101523110841,4.5798979014086685,105,3059,3039,20
C053,500,sparsepca,50,0.7,xgb_medium,C18_positive|IK:MBIZFBDREVRUHY-UHFFFAOYSA-N,0.3972153108564504,4.551524934793201,3.452874375952078,105,3059,3039,20
C053,500,sparsepca,50,0.7,xgb_medium,C18_positive|IK:MECHNRXZTMCUDQ-UHFFFAOYSA-N,0.4433286145867627,4.472486656703929,3.0875944004378733,105,3059,3039,20
C053,500,sparsepca,50,0.7,xgb_medium,C18_positive|IK:OVASVJPBDPJABT-UHFFFAOYSA-N,0.3199562570628468,4.45844575226253,3.0696654040297497,105,3059,3039,20
C053,500,sparsepca,50,0.7,xgb_medium,C18_positive|IK:OYTCZOJKXCTBHG-UHFFFAOYSA-N,0.3324622279616935,4.03547797153787,2.743029444774601,105,3059,3039,20
C053,500,sparsepca,50,0.7,xgb_medium,C18_positive|IK:PUQSUZTXKPLAPR-UJPOAAIJSA-N,0.3000452426770981,5.285648526226064,4.26246247993848,105,3059,3039,20
C053,500,sparsepca,50,0.7,xgb_medium,C18_positive|IK:WCGUUGGRBIKTOS-UHFFFAOYSA-N,0.2944426125840589,5.38992320585237,4.063245251015657,105,3059,3039,20
C053,500,sparsepca,50,0.7,xgb_medium,C18_positive|NAME:,0.3298554247249451,0.544764615838511,0.4360144685118796,105,3059,3039,20
C053,500,sparsepca,50,0.7,xgb_medium,HILICZ_negative|IK:LWYJCVVIVLBLID-UHFFFAOYSA-N,0.3403793527025509,5.554851304007833,4.338866939309067,105,3059,3039,20
C053,500,sparsepca,50,0.7,xgb_medium,HILICZ_negative|IK:QZZGJDVWLFXDLK-UHFFFAOYSA-N,0.2418546211917025,5.399844154249067,4.262131127354128,105,3059,3039,20
C053,500,sparsepca,50,0.7,xgb_medium,HILICZ_positive|IK:OYTCZOJKXCTBHG-UHFFFAOYSA-N,0.3688964941451276,5.199444086367228,3.693740280477255,105,3059,3039,20
C053,500,sparsepca,50,0.7,xgb_medium,HILICZ_positive|IK:XPCTZQVDEJYUGT-UHFFFAOYSA-N,0.3058813635885536,5.503092173688613,4.174741194412657,105,3059,3039,20
C054,500,sparsepca,75,0.7,xgb_light,C18_negative|IK:AIONOLUJZLIMTK-UHFFFAOYSA-N,0.4700622155335678,4.227438300384039,3.130868076560756,105,3059,3039,20
C054,500,sparsepca,75,0.7,xgb_light,C18_negative|IK:BJRNKVDFDLYUGJ-RMPHRYRLSA-N,0.239508901379446,5.292109628833581,4.443931567344968,105,3059,3039,20
C054,500,sparsepca,75,0.7,xgb_light,C18_negative|IK:CKEXCBVNKRHAMX-UHFFFAOYSA-N,0.2655742484817173,4.615661494031292,3.623925861284734,105,3059,3039,20
C054,500,sparsepca,75,0.7,xgb_light,C18_negative|IK:GHOKWGTUZJEAQD-UHFFFAOYSA-N,0.3499135539241116,4.588462413838763,3.6218787186632935,105,3059,3039,20
C054,500,sparsepca,75,0.7,xgb_light,C18_negative|IK:GUNGQVJAKLIYDG-JXMROGBWSA-N,0.2746765962136327,4.276183188943716,3.124390997450724,105,3059,3039,20
C054,500,sparsepca,75,0.7,xgb_light,C18_negative|IK:GYUCMTKUEQLBJW-UHFFFAOYSA-N,0.3561158453008861,3.863269118436455,2.4903985888569458,105,3059,3039,20
C054,500,sparsepca,75,0.7,xgb_light,C18_negative|IK:KDYFGRWQOYBRFD-UHFFFAOYSA-N,0.3112127001235919,4.8664050986137015,3.524616942287203,105,3059,3039,20
C054,500,sparsepca,75,0.7,xgb_light,C18_negative|IK:LTSJJOKAWSCMBC-UHFFFAOYSA-N,0.4509191320607053,3.977845828788108,2.8982843775171934,105,3059,3039,20
C054,500,sparsepca,75,0.7,xgb_light,C18_negative|IK:NGFMICBWJRZIBI-UHFFFAOYSA-N,0.3938008994897305,1.3522905812471444,1.1261096837893312,105,3059,3039,20
C054,500,sparsepca,75,0.7,xgb_light,C18_negative|IK:OKVJCVWFVRATSG-UHFFFAOYSA-N,0.2664452323117166,5.119748191894375,4.05818848541914,105,3059,3039,20
C054,500,sparsepca,75,0.7,xgb_light,C18_negative|IK:RGHHSNMVTDWUBI-UHFFFAOYSA-N,0.6639605000798035,3.8007541152840334,2.531471105092131,105,3059,3039,20
C054,500,sparsepca,75,0.7,xgb_light,C18_negative|IK:UGAGPNKCDRTDHP-UHFFFAOYSA-N,0.3064604065863433,4.792501211727609,3.6645527472888566,105,3059,3039,20
C054,500,sparsepca,75,0.7,xgb_light,C18_negative|IK:WLJVXDMOQOGPHL-UHFFFAOYSA-N,0.5996658937468214,3.547888374109775,2.4179636176402477,105,3059,3039,20
C054,500,sparsepca,75,0.7,xgb_light,C18_negative|IK:ZWNLSRDFHQCTQW-UHFFFAOYSA-N,0.3034413394409794,4.624480290255494,3.5290471387775293,105,3059,3039,20
C054,500,sparsepca,75,0.7,xgb_light,C18_positive|IK:GHOKWGTUZJEAQD-UHFFFAOYSA-N,0.3693778347043536,4.588977164404827,3.51268432888222,105,3059,3039,20
C054,500,sparsepca,75,0.7,xgb_light,C18_positive|IK:GUMFPOIJOXLCLA-JKSUJKDBSA-N,0.4422243128450875,3.496756073496392,2.2836421927088595,105,3059,3039,20
C054,500,sparsepca,75,0.7,xgb_light,C18_positive|IK:IBMRTYCHDPMBFN-UHFFFAOYSA-N,0.3840408931756927,4.451789180207812,3.279471470672689,105,3059,3039,20
C054,500,sparsepca,75,0.7,xgb_light,C18_positive|IK:LVGKNOAMLMIIKO-QXMHVHEDSA-N,0.557099525296301,3.3224474701999003,2.114098848250962,105,3059,3039,20
C054,500,sparsepca,75,0.7,xgb_light,C18_positive|IK:LWYJCVVIVLBLID-UHFFFAOYSA-N,0.2605672422030872,5.3247570498960055,4.278645876255713,105,3059,3039,20
C054,500,sparsepca,75,0.7,xgb_light,C18_positive|IK:MBIZFBDREVRUHY-UHFFFAOYSA-N,0.3862235508114338,4.592835917224639,3.542615887508564,105,3059,3039,20
C054,500,sparsepca,75,0.7,xgb_light,C18_positive|IK:MECHNRXZTMCUDQ-UHFFFAOYSA-N,0.4478855768345361,4.4541429488509285,3.051609845517665,105,3059,3039,20
C054,500,sparsepca,75,0.7,xgb_light,C18_positive|IK:OVASVJPBDPJABT-UHFFFAOYSA-N,0.2989813493219641,4.526680563864511,3.2376054923908484,105,3059,3039,20
C054,500,sparsepca,75,0.7,xgb_light,C18_positive|IK:OYTCZOJKXCTBHG-UHFFFAOYSA-N,0.341840841055113,4.007029347098415,2.698563951013421,105,3059,3039,20
C054,500,sparsepca,75,0.7,xgb_light,C18_positive|IK:PUQSUZTXKPLAPR-UJPOAAIJSA-N,0.2976869887940833,5.294545115358372,4.244038127858012,105,3059,3039,20
C054,500,sparsepca,75,0.7,xgb_light,C18_positive|IK:WCGUUGGRBIKTOS-UHFFFAOYSA-N,0.2595290687503065,5.521669557004472,4.086100664485217,105,3059,3039,20
C054,500,sparsepca,75,0.7,xgb_light,C18_positive|NAME:,0.2994400698643653,0.5569898543882458,0.4427637985661485,105,3059,3039,20
C054,500,sparsepca,75,0.7,xgb_light,HILICZ_negative|IK:LWYJCVVIVLBLID-UHFFFAOYSA-N,0.3324014253363234,5.588342528593426,4.3294956318175375,105,3059,3039,20
C054,500,sparsepca,75,0.7,xgb_light,HILICZ_negative|IK:QZZGJDVWLFXDLK-UHFFFAOYSA-N,0.282318941606415,5.253765953304115,4.089539769206195,105,3059,3039,20
C054,500,sparsepca,75,0.7,xgb_light,HILICZ_positive|IK:OYTCZOJKXCTBHG-UHFFFAOYSA-N,0.4648321199252763,4.787972373076746,3.315844806150721,105,3059,3039,20
C054,500,sparsepca,75,0.7,xgb_light,HILICZ_positive|IK:XPCTZQVDEJYUGT-UHFFFAOYSA-N,0.3213505134056391,5.441425619278284,4.12345006098552,105,3059,3039,20
C055,500,sparsepca,75,0.7,xgb_medium,C18_negative|IK:AIONOLUJZLIMTK-UHFFFAOYSA-N,0.4608805903694219,4.263903024340794,3.089672080661575,105,3059,3039,20
C055,500,sparsepca,75,0.7,xgb_medium,C18_negative|IK:BJRNKVDFDLYUGJ-RMPHRYRLSA-N,0.2732217846369502,5.173479294620558,4.371541833155812,105,3059,3039,20
C055,500,sparsepca,75,0.7,xgb_medium,C18_negative|IK:CKEXCBVNKRHAMX-UHFFFAOYSA-N,0.2704475869347555,4.600322217356585,3.5970883553168904,105,3059,3039,20
C055,500,sparsepca,75,0.7,xgb_medium,C18_negative|IK:GHOKWGTUZJEAQD-UHFFFAOYSA-N,0.3325142117624106,4.64946127181774,3.623317697000724,105,3059,3039,20
C055,500,sparsepca,75,0.7,xgb_medium,C18_negative|IK:GUNGQVJAKLIYDG-JXMROGBWSA-N,0.2914479092451854,4.226455963354415,3.084515983511565,105,3059,3039,20
C055,500,sparsepca,75,0.7,xgb_medium,C18_negative|IK:GYUCMTKUEQLBJW-UHFFFAOYSA-N,0.3552333195508294,3.8659157645643103,2.4454541975903696,105,3059,3039,20
C055,500,sparsepca,75,0.7,xgb_medium,C18_negative|IK:KDYFGRWQOYBRFD-UHFFFAOYSA-N,0.2829942407388304,4.965088741721159,3.5306972022553302,105,3059,3039,20
C055,500,sparsepca,75,0.7,xgb_medium,C18_negative|IK:LTSJJOKAWSCMBC-UHFFFAOYSA-N,0.4463080864869091,3.994513393040221,2.8803892742245605,105,3059,3039,20
C055,500,sparsepca,75,0.7,xgb_medium,C18_negative|IK:NGFMICBWJRZIBI-UHFFFAOYSA-N,0.37556786076816,1.3724767725983733,1.160746151630876,105,3059,3039,20
C055,500,sparsepca,75,0.7,xgb_medium,C18_negative|IK:OKVJCVWFVRATSG-UHFFFAOYSA-N,0.2780740954948293,5.079005019970586,4.046786211957207,105,3059,3039,20
C055,500,sparsepca,75,0.7,xgb_medium,C18_negative|IK:RGHHSNMVTDWUBI-UHFFFAOYSA-N,0.6631158639876586,3.8055277198599007,2.468924932930927,105,3059,3039,20
C055,500,sparsepca,75,0.7,xgb_medium,C18_negative|IK:UGAGPNKCDRTDHP-UHFFFAOYSA-N,0.2869469655257121,4.859454474334641,3.773092727867847,105,3059,3039,20
C055,500,sparsepca,75,0.7,xgb_medium,C18_negative|IK:WLJVXDMOQOGPHL-UHFFFAOYSA-N,0.5898644362754608,3.591057561173996,2.395078672299697,105,3059,3039,20
C055,500,sparsepca,75,0.7,xgb_medium,C18_negative|IK:ZWNLSRDFHQCTQW-UHFFFAOYSA-N,0.2766235721701446,4.712661656976831,3.591404634615188,105,3059,3039,20
C055,500,sparsepca,75,0.7,xgb_medium,C18_positive|IK:GHOKWGTUZJEAQD-UHFFFAOYSA-N,0.3511418517744306,4.654855054986304,3.538884598967328,105,3059,3039,20
C055,500,sparsepca,75,0.7,xgb_medium,C18_positive|IK:GUMFPOIJOXLCLA-JKSUJKDBSA-N,0.4233951557280038,3.555287216557637,2.328381877788813,105,3059,3039,20
C055,500,sparsepca,75,0.7,xgb_medium,C18_positive|IK:IBMRTYCHDPMBFN-UHFFFAOYSA-N,0.399434428162349,4.395809521605695,3.2068277274224792,105,3059,3039,20
C055,500,sparsepca,75,0.7,xgb_medium,C18_positive|IK:LVGKNOAMLMIIKO-QXMHVHEDSA-N,0.5595892945995078,3.313095723646174,2.0790628770491835,105,3059,3039,20
C055,500,sparsepca,75,0.7,xgb_medium,C18_positive|IK:LWYJCVVIVLBLID-UHFFFAOYSA-N,0.2503657381102306,5.361362444247953,4.344176931214986,105,3059,3039,20
C055,500,sparsepca,75,0.7,xgb_medium,C18_positive|IK:MBIZFBDREVRUHY-UHFFFAOYSA-N,0.379788751951774,4.616848665025428,3.515163039448908,105,3059,3039,20
C055,500,sparsepca,75,0.7,xgb_medium,C18_positive|IK:MECHNRXZTMCUDQ-UHFFFAOYSA-N,0.4546143924037528,4.426917628305013,2.986023338481093,105,3059,3039,20
C055,500,sparsepca,75,0.7,xgb_medium,C18_positive|IK:OVASVJPBDPJABT-UHFFFAOYSA-N,0.293410319368027,4.544631846882128,3.2307255857903727,105,3059,3039,20
C055,500,sparsepca,75,0.7,xgb_medium,C18_positive|IK:OYTCZOJKXCTBHG-UHFFFAOYSA-N,0.3839437051249781,3.876745204106931,2.567854466634215,105,3059,3039,20
C055,500,sparsepca,75,0.7,xgb_medium,C18_positive|IK:PUQSUZTXKPLAPR-UJPOAAIJSA-N,0.3090403383776748,5.251575857376176,4.224930329262236,105,3059,3039,20
C055,500,sparsepca,75,0.7,xgb_medium,C18_positive|IK:WCGUUGGRBIKTOS-UHFFFAOYSA-N,0.2280394032449347,5.637855913093943,4.173391724808911,105,3059,3039,20
C055,500,sparsepca,75,0.7,xgb_medium,C18_positive|NAME:,0.2925662099014304,0.5597157627714424,0.4441858770661873,105,3059,3039,20
C055,500,sparsepca,75,0.7,xgb_medium,HILICZ_negative|IK:LWYJCVVIVLBLID-UHFFFAOYSA-N,0.3481003442991575,5.522245285432255,4.3456710131593805,105,3059,3039,20
C055,500,sparsepca,75,0.7,xgb_medium,HILICZ_negative|IK:QZZGJDVWLFXDLK-UHFFFAOYSA-N,0.2553901306634992,5.351424145159546,4.1855590213653215,105,3059,3039,20
C055,500,sparsepca,75,0.7,xgb_medium,HILICZ_positive|IK:OYTCZOJKXCTBHG-UHFFFAOYSA-N,0.4606363923078088,4.806704632297172,3.29828385005336,105,3059,3039,20
C055,500,sparsepca,75,0.7,xgb_medium,HILICZ_positive|IK:XPCTZQVDEJYUGT-UHFFFAOYSA-N,0.3098670928577599,5.487269652916514,4.108350444658951,105,3059,3039,20
C056,800,sparsepca,50,0.7,xgb_light,C18_negative|IK:AIONOLUJZLIMTK-UHFFFAOYSA-N,0.4602433731089428,4.266422160337528,3.093732179526456,105,3059,3039,20
C056,800,sparsepca,50,0.7,xgb_light,C18_negative|IK:BJRNKVDFDLYUGJ-RMPHRYRLSA-N,0.2688720516482961,5.18893771318341,4.385459180753639,105,3059,3039,20
C056,800,sparsepca,50,0.7,xgb_light,C18_negative|IK:CKEXCBVNKRHAMX-UHFFFAOYSA-N,0.2549408515034345,4.64895538617971,3.6969755853867543,105,3059,3039,20
C056,800,sparsepca,50,0.7,xgb_light,C18_negative|IK:GHOKWGTUZJEAQD-UHFFFAOYSA-N,0.3169657047516245,4.703302132206005,3.67866475515892,105,3059,3039,20
C056,800,sparsepca,50,0.7,xgb_light,C18_negative|IK:GUNGQVJAKLIYDG-JXMROGBWSA-N,0.2808044844576689,4.258081226702053,3.103524688283984,105,3059,3039,20
C056,800,sparsepca,50,0.7,xgb_light,C18_negative|IK:GYUCMTKUEQLBJW-UHFFFAOYSA-N,0.4763448681761837,3.483964937563985,2.281634948593946,105,3059,3039,20
C056,800,sparsepca,50,0.7,xgb_light,C18_negative|IK:KDYFGRWQOYBRFD-UHFFFAOYSA-N,0.3150564259874862,4.8528077980739175,3.501087370495713,105,3059,3039,20
C056,800,sparsepca,50,0.7,xgb_light,C18_negative|IK:LTSJJOKAWSCMBC-UHFFFAOYSA-N,0.5055467532583362,3.7747866260518994,2.7816442772387826,105,3059,3039,20
C056,800,sparsepca,50,0.7,xgb_light,C18_negative|IK:NGFMICBWJRZIBI-UHFFFAOYSA-N,0.3529668011424021,1.397094109832262,1.17235426765051,105,3059,3039,20
C056,800,sparsepca,50,0.7,xgb_light,C18_negative|IK:OKVJCVWFVRATSG-UHFFFAOYSA-N,0.3465464362108104,4.832142071764894,3.689671817451389,105,3059,3039,20
C056,800,sparsepca,50,0.7,xgb_light,C18_negative|IK:RGHHSNMVTDWUBI-UHFFFAOYSA-N,0.6519654824753274,3.867993796682352,2.597634113750301,105,3059,3039,20
C056,800,sparsepca,50,0.7,xgb_light,C18_negative|IK:UGAGPNKCDRTDHP-UHFFFAOYSA-N,0.3513069024941377,4.634962662652256,3.626160135163664,105,3059,3039,20
C056,800,sparsepca,50,0.7,xgb_light,C18_negative|IK:WLJVXDMOQOGPHL-UHFFFAOYSA-N,0.5723674197403009,3.666857598321353,2.5341557496788503,105,3059,3039,20
C056,800,sparsepca,50,0.7,xgb_light,C18_negative|IK:ZWNLSRDFHQCTQW-UHFFFAOYSA-N,0.2746194409589338,4.719185410892303,3.652062847718119,105,3059,3039,20
C056,800,sparsepca,50,0.7,xgb_light,C18_positive|IK:GHOKWGTUZJEAQD-UHFFFAOYSA-N,0.3508934522913497,4.655745968471786,3.456116728087019,105,3059,3039,20
C056,800,sparsepca,50,0.7,xgb_light,C18_positive|IK:GUMFPOIJOXLCLA-JKSUJKDBSA-N,0.4037487098931314,3.615348887132057,2.407433171051829,105,3059,3039,20
C056,800,sparsepca,50,0.7,xgb_light,C18_positive|IK:IBMRTYCHDPMBFN-UHFFFAOYSA-N,0.374631516548806,4.485663019197986,3.328701590808661,105,3059,3039,20
C056,800,sparsepca,50,0.7,xgb_light,C18_positive|IK:LVGKNOAMLMIIKO-QXMHVHEDSA-N,0.5364922096996008,3.39886229326612,2.19636794885851,105,3059,3039,20
C056,800,sparsepca,50,0.7,xgb_light,C18_positive|IK:LWYJCVVIVLBLID-UHFFFAOYSA-N,0.1892895267574488,5.575493909707705,4.6901477853789615,105,3059,3039,20
C056,800,sparsepca,50,0.7,xgb_light,C18_positive|IK:MBIZFBDREVRUHY-UHFFFAOYSA-N,0.393197142611341,4.5666699908443205,3.625599008701881,105,3059,3039,20
C056,800,sparsepca,50,0.7,xgb_light,C18_positive|IK:MECHNRXZTMCUDQ-UHFFFAOYSA-N,0.3913982053208442,4.676449178450556,3.278900922556027,105,3059,3039,20
C056,800,sparsepca,50,0.7,xgb_light,C18_positive|IK:OVASVJPBDPJABT-UHFFFAOYSA-N,0.3209984869564252,4.455027952128454,3.196772335103001,105,3059,3039,20
C056,800,sparsepca,50,0.7,xgb_light,C18_positive|IK:OYTCZOJKXCTBHG-UHFFFAOYSA-N,0.3481673300374754,3.987724258926459,2.736704725691328,105,3059,3039,20
C056,800,sparsepca,50,0.7,xgb_light,C18_positive|IK:PUQSUZTXKPLAPR-UJPOAAIJSA-N,0.3086940624924191,5.252891611682493,4.267136454237685,105,3059,3039,20
C056,800,sparsepca,50,0.7,xgb_light,C18_positive|IK:WCGUUGGRBIKTOS-UHFFFAOYSA-N,0.3068603559041049,5.342281583854112,4.085024801975273,105,3059,3039,20
C056,800,sparsepca,50,0.7,xgb_light,C18_positive|NAME:,0.2458388872726113,0.5779053370587567,0.4706022573226772,105,3059,3039,20
C056,800,sparsepca,50,0.7,xgb_light,HILICZ_negative|IK:LWYJCVVIVLBLID-UHFFFAOYSA-N,0.3282163190543219,5.6058315323263725,4.486752896530758,105,3059,3039,20
C056,800,sparsepca,50,0.7,xgb_light,HILICZ_negative|IK:QZZGJDVWLFXDLK-UHFFFAOYSA-N,0.2606149354044251,5.332616063121293,4.1419938391869895,105,3059,3039,20
C056,800,sparsepca,50,0.7,xgb_light,HILICZ_positive|IK:OYTCZOJKXCTBHG-UHFFFAOYSA-N,0.4946740481503047,4.652564656907924,3.2380841806241256,105,3059,3039,20
C056,800,sparsepca,50,0.7,xgb_light,HILICZ_positive|IK:XPCTZQVDEJYUGT-UHFFFAOYSA-N,0.3161837466099217,5.4620999653685685,4.057615341475215,105,3059,3039,20
C057,800,sparsepca,50,0.7,xgb_medium,C18_negative|IK:AIONOLUJZLIMTK-UHFFFAOYSA-N,0.4098854038848829,4.461008115270392,3.184355967168887,105,3059,3039,20
C057,800,sparsepca,50,0.7,xgb_medium,C18_negative|IK:BJRNKVDFDLYUGJ-RMPHRYRLSA-N,0.2742086549149576,5.169965645484761,4.381428623181299,105,3059,3039,20
C057,800,sparsepca,50,0.7,xgb_medium,C18_negative|IK:CKEXCBVNKRHAMX-UHFFFAOYSA-N,0.2665524952867982,4.612586465227992,3.681451470789344,105,3059,3039,20
C057,800,sparsepca,50,0.7,xgb_medium,C18_negative|IK:GHOKWGTUZJEAQD-UHFFFAOYSA-N,0.3113435385385829,4.722619284861704,3.688410915055884,105,3059,3039,20
C057,800,sparsepca,50,0.7,xgb_medium,C18_negative|IK:GUNGQVJAKLIYDG-JXMROGBWSA-N,0.237134169356147,4.38545377662651,3.175945397527117,105,3059,3039,20
C057,800,sparsepca,50,0.7,xgb_medium,C18_negative|IK:GYUCMTKUEQLBJW-UHFFFAOYSA-N,0.4638262400509267,3.525363239882501,2.263777508469762,105,3059,3039,20
C057,800,sparsepca,50,0.7,xgb_medium,C18_negative|IK:KDYFGRWQOYBRFD-UHFFFAOYSA-N,0.3304029777830224,4.798134854015498,3.4371023069786903,105,3059,3039,20
C057,800,sparsepca,50,0.7,xgb_medium,C18_negative|IK:LTSJJOKAWSCMBC-UHFFFAOYSA-N,0.4906577436794852,3.831198421753747,2.816713410448964,105,3059,3039,20
C057,800,sparsepca,50,0.7,xgb_medium,C18_negative|IK:NGFMICBWJRZIBI-UHFFFAOYSA-N,0.3423106852724429,1.4085516360271098,1.1823475779386317,105,3059,3039,20
C057,800,sparsepca,50,0.7,xgb_medium,C18_negative|IK:OKVJCVWFVRATSG-UHFFFAOYSA-N,0.3557768682547774,4.7978922074964805,3.677911182274095,105,3059,3039,20
C057,800,sparsepca,50,0.7,xgb_medium,C18_negative|IK:RGHHSNMVTDWUBI-UHFFFAOYSA-N,0.6487706064058141,3.885706881566197,2.5097239756151977,105,3059,3039,20
C057,800,sparsepca,50,0.7,xgb_medium,C18_negative|IK:UGAGPNKCDRTDHP-UHFFFAOYSA-N,0.3000673984301719,4.814539042877764,3.763815121218789,105,3059,3039,20
C057,800,sparsepca,50,0.7,xgb_medium,C18_negative|IK:WLJVXDMOQOGPHL-UHFFFAOYSA-N,0.593731781326357,3.5740866449223514,2.4310952512225605,105,3059,3039,20
C057,800,sparsepca,50,0.7,xgb_medium,C18_negative|IK:ZWNLSRDFHQCTQW-UHFFFAOYSA-N,0.2611163499350202,4.762907124510414,3.6392507087497328,105,3059,3039,20
C057,800,sparsepca,50,0.7,xgb_medium,C18_positive|IK:GHOKWGTUZJEAQD-UHFFFAOYSA-N,0.3199526762601106,4.76541633082135,3.476009152715867,105,3059,3039,20
C057,800,sparsepca,50,0.7,xgb_medium,C18_positive|IK:GUMFPOIJOXLCLA-JKSUJKDBSA-N,0.398399885010212,3.631528887934895,2.3855504445060034,105,3059,3039,20
C057,800,sparsepca,50,0.7,xgb_medium,C18_positive|IK:IBMRTYCHDPMBFN-UHFFFAOYSA-N,0.3604754260780951,4.53614854414013,3.3793183722576954,105,3059,3039,20
C057,800,sparsepca,50,0.7,xgb_medium,C18_positive|IK:LVGKNOAMLMIIKO-QXMHVHEDSA-N,0.5390062716623731,3.389632061271238,2.1361634378646093,105,3059,3039,20
C057,800,sparsepca,50,0.7,xgb_medium,C18_positive|IK:LWYJCVVIVLBLID-UHFFFAOYSA-N,0.1839054136658428,5.593977335452388,4.683406859455875,105,3059,3039,20
C057,800,sparsepca,50,0.7,xgb_medium,C18_positive|IK:MBIZFBDREVRUHY-UHFFFAOYSA-N,0.3752272877566864,4.633795318263207,3.62989244340984,105,3059,3039,20
C057,800,sparsepca,50,0.7,xgb_medium,C18_positive|IK:MECHNRXZTMCUDQ-UHFFFAOYSA-N,0.4294806488735035,4.5277745542142736,3.20509496179154,105,3059,3039,20
C057,800,sparsepca,50,0.7,xgb_medium,C18_positive|IK:OVASVJPBDPJABT-UHFFFAOYSA-N,0.2923050612151607,4.548184848584072,3.217770865561644,105,3059,3039,20
C057,800,sparsepca,50,0.7,xgb_medium,C18_positive|IK:OYTCZOJKXCTBHG-UHFFFAOYSA-N,0.3595023723090537,3.952899941072386,2.647586745102568,105,3059,3039,20
C057,800,sparsepca,50,0.7,xgb_medium,C18_positive|IK:PUQSUZTXKPLAPR-UJPOAAIJSA-N,0.3102683079079714,5.246907247016144,4.288025519191126,105,3059,3039,20
C057,800,sparsepca,50,0.7,xgb_medium,C18_positive|IK:WCGUUGGRBIKTOS-UHFFFAOYSA-N,0.2651171395297427,5.500795061102068,4.23559326435345,105,3059,3039,20
C057,800,sparsepca,50,0.7,xgb_medium,C18_positive|NAME:,0.2662382671866879,0.5700358467491802,0.4590394474210832,105,3059,3039,20
C057,800,sparsepca,50,0.7,xgb_medium,HILICZ_negative|IK:LWYJCVVIVLBLID-UHFFFAOYSA-N,0.320254176453875,5.638954511345446,4.503672671749893,105,3059,3039,20
C057,800,sparsepca,50,0.7,xgb_medium,HILICZ_negative|IK:QZZGJDVWLFXDLK-UHFFFAOYSA-N,0.2281333264947375,5.448489580599252,4.277079666880457,105,3059,3039,20
C057,800,sparsepca,50,0.7,xgb_medium,HILICZ_positive|IK:OYTCZOJKXCTBHG-UHFFFAOYSA-N,0.4933709704311165,4.658559549836346,3.189198242169884,105,3059,3039,20
C057,800,sparsepca,50,0.7,xgb_medium,HILICZ_positive|IK:XPCTZQVDEJYUGT-UHFFFAOYSA-N,0.2966923897824624,5.539398294599578,4.146629840896845,105,3059,3039,20
C058,800,sparsepca,75,0.7,xgb_light,C18_negative|IK:AIONOLUJZLIMTK-UHFFFAOYSA-N,0.4346139184380327,4.366539482295082,3.1406445410534096,105,3059,3039,20
C058,800,sparsepca,75,0.7,xgb_light,C18_negative|IK:BJRNKVDFDLYUGJ-RMPHRYRLSA-N,0.2545728212891236,5.239434028365101,4.277762183484671,105,3059,3039,20
C058,800,sparsepca,75,0.7,xgb_light,C18_negative|IK:CKEXCBVNKRHAMX-UHFFFAOYSA-N,0.1825963868088905,4.869431705504699,3.8880822511598057,105,3059,3039,20
C058,800,sparsepca,75,0.7,xgb_light,C18_negative|IK:GHOKWGTUZJEAQD-UHFFFAOYSA-N,0.3248099560564813,4.6762167991619,3.667639752036843,105,3059,3039,20
C058,800,sparsepca,75,0.7,xgb_light,C18_negative|IK:GUNGQVJAKLIYDG-JXMROGBWSA-N,0.281027379414322,4.257421337729861,2.9873397987765484,105,3059,3039,20
C058,800,sparsepca,75,0.7,xgb_light,C18_negative|IK:GYUCMTKUEQLBJW-UHFFFAOYSA-N,0.502962882564014,3.394263114043836,2.2339750933687927,105,3059,3039,20
C058,800,sparsepca,75,0.7,xgb_light,C18_negative|IK:KDYFGRWQOYBRFD-UHFFFAOYSA-N,0.2351581386316803,5.128041343736558,3.750535320365005,105,3059,3039,20
C058,800,sparsepca,75,0.7,xgb_light,C18_negative|IK:LTSJJOKAWSCMBC-UHFFFAOYSA-N,0.4529768488167008,3.970385212679037,3.054493875961928,105,3059,3039,20
C058,800,sparsepca,75,0.7,xgb_light,C18_negative|IK:NGFMICBWJRZIBI-UHFFFAOYSA-N,0.3900579951309748,1.3564589356994523,1.1141004244378374,105,3059,3039,20
C058,800,sparsepca,75,0.7,xgb_light,C18_negative|IK:OKVJCVWFVRATSG-UHFFFAOYSA-N,0.3482288498734125,4.825917527439316,3.6687573298397096,105,3059,3039,20
C058,800,sparsepca,75,0.7,xgb_light,C18_negative|IK:RGHHSNMVTDWUBI-UHFFFAOYSA-N,0.6385311827683432,3.941940171849659,2.5957250349014056,105,3059,3039,20
C058,800,sparsepca,75,0.7,xgb_light,C18_negative|IK:UGAGPNKCDRTDHP-UHFFFAOYSA-N,0.2826591555891691,4.874043281924713,3.725954979963877,105,3059,3039,20
C058,800,sparsepca,75,0.7,xgb_light,C18_negative|IK:WLJVXDMOQOGPHL-UHFFFAOYSA-N,0.5744520334795327,3.657909121830434,2.528239295152807,105,3059,3039,20
C058,800,sparsepca,75,0.7,xgb_light,C18_negative|IK:ZWNLSRDFHQCTQW-UHFFFAOYSA-N,0.3562068928925236,4.445874979169608,3.4393533633115,105,3059,3039,20
C058,800,sparsepca,75,0.7,xgb_light,C18_positive|IK:GHOKWGTUZJEAQD-UHFFFAOYSA-N,0.3319959715740369,4.723031277518846,3.550359206923169,105,3059,3039,20
C058,800,sparsepca,75,0.7,xgb_light,C18_positive|IK:GUMFPOIJOXLCLA-JKSUJKDBSA-N,0.4478030304812812,3.479225337013436,2.320243660186977,105,3059,3039,20
C058,800,sparsepca,75,0.7,xgb_light,C18_positive|IK:IBMRTYCHDPMBFN-UHFFFAOYSA-N,0.3662718454632003,4.515544746820865,3.4511329518453024,105,3059,3039,20
C058,800,sparsepca,75,0.7,xgb_light,C18_positive|IK:LVGKNOAMLMIIKO-QXMHVHEDSA-N,0.537478231375638,3.3952451629837017,2.178815576907105,105,3059,3039,20
C058,800,sparsepca,75,0.7,xgb_light,C18_positive|IK:LWYJCVVIVLBLID-UHFFFAOYSA-N,0.2667580214905932,5.302419871222011,4.379814275989732,105,3059,3039,20
C058,800,sparsepca,75,0.7,xgb_light,C18_positive|IK:MBIZFBDREVRUHY-UHFFFAOYSA-N,0.41267581275049,4.492775969052538,3.4073823024388967,105,3059,3039,20
C058,800,sparsepca,75,0.7,xgb_light,C18_positive|IK:MECHNRXZTMCUDQ-UHFFFAOYSA-N,0.3973416930195694,4.653558504676131,3.3657961583258325,105,3059,3039,20
C058,800,sparsepca,75,0.7,xgb_light,C18_positive|IK:OVASVJPBDPJABT-UHFFFAOYSA-N,0.3316596773980633,4.419914763687313,3.1902212969851926,105,3059,3039,20
C058,800,sparsepca,75,0.7,xgb_light,C18_positive|IK:OYTCZOJKXCTBHG-UHFFFAOYSA-N,0.3815625200509781,3.884230189585736,2.703071835574017,105,3059,3039,20
C058,800,sparsepca,75,0.7,xgb_light,C18_positive|IK:PUQSUZTXKPLAPR-UJPOAAIJSA-N,0.2662036243805664,5.411916376028424,4.365576435849758,105,3059,3039,20
C058,800,sparsepca,75,0.7,xgb_light,C18_positive|IK:WCGUUGGRBIKTOS-UHFFFAOYSA-N,0.3316762038171804,5.245777526419796,4.128216328160392,105,3059,3039,20
C058,800,sparsepca,75,0.7,xgb_light,C18_positive|NAME:,0.3212351148170494,0.548257171499359,0.4388670028014348,105,3059,3039,20
C058,800,sparsepca,75,0.7,xgb_light,HILICZ_negative|IK:LWYJCVVIVLBLID-UHFFFAOYSA-N,0.3046833770547748,5.703174020182617,4.654470842020333,105,3059,3039,20
C058,800,sparsepca,75,0.7,xgb_light,HILICZ_negative|IK:QZZGJDVWLFXDLK-UHFFFAOYSA-N,0.2659200513327547,5.313450761870448,4.138503276770272,105,3059,3039,20
C058,800,sparsepca,75,0.7,xgb_light,HILICZ_positive|IK:OYTCZOJKXCTBHG-UHFFFAOYSA-N,0.441189583317663,4.892590440855172,3.279382615259129,105,3059,3039,20
C058,800,sparsepca,75,0.7,xgb_light,HILICZ_positive|IK:XPCTZQVDEJYUGT-UHFFFAOYSA-N,0.266705883967104,5.656255706455803,4.277723544366484,105,3059,3039,20
C059,800,sparsepca,75,0.7,xgb_medium,C18_negative|IK:AIONOLUJZLIMTK-UHFFFAOYSA-N,0.430972227402682,4.380579502497238,3.103588828129329,105,3059,3039,20
C059,800,sparsepca,75,0.7,xgb_medium,C18_negative|IK:BJRNKVDFDLYUGJ-RMPHRYRLSA-N,0.2876703090460587,5.121796135068426,4.209284232609614,105,3059,3039,20
C059,800,sparsepca,75,0.7,xgb_medium,C18_negative|IK:CKEXCBVNKRHAMX-UHFFFAOYSA-N,0.1699720465176677,4.90689044797425,3.869457586858343,105,3059,3039,20
C059,800,sparsepca,75,0.7,xgb_medium,C18_negative|IK:GHOKWGTUZJEAQD-UHFFFAOYSA-N,0.3076252991893997,4.73535146052861,3.670277835239815,105,3059,3039,20
C059,800,sparsepca,75,0.7,xgb_medium,C18_negative|IK:GUNGQVJAKLIYDG-JXMROGBWSA-N,0.2871790209020334,4.2391686312706245,3.022251730223767,105,3059,3039,20
C059,800,sparsepca,75,0.7,xgb_medium,C18_negative|IK:GYUCMTKUEQLBJW-UHFFFAOYSA-N,0.464009468858493,3.5247608201578,2.29616573164736,105,3059,3039,20
C059,800,sparsepca,75,0.7,xgb_medium,C18_negative|IK:KDYFGRWQOYBRFD-UHFFFAOYSA-N,0.2511664153024699,5.074092149101966,3.644704100160019,105,3059,3039,20
C059,800,sparsepca,75,0.7,xgb_medium,C18_negative|IK:LTSJJOKAWSCMBC-UHFFFAOYSA-N,0.4496587931400611,3.982408508529408,2.9961702904538026,105,3059,3039,20
C059,800,sparsepca,75,0.7,xgb_medium,C18_negative|IK:NGFMICBWJRZIBI-UHFFFAOYSA-N,0.3729464366784512,1.375354647817565,1.1444208256490085,105,3059,3039,20
C059,800,sparsepca,75,0.7,xgb_medium,C18_negative|IK:OKVJCVWFVRATSG-UHFFFAOYSA-N,0.3550425060740355,4.800626032849699,3.628697959043824,105,3059,3039,20
C059,800,sparsepca,75,0.7,xgb_medium,C18_negative|IK:RGHHSNMVTDWUBI-UHFFFAOYSA-N,0.641276748250377,3.926940973799885,2.486317345567376,105,3059,3039,20
C059,800,sparsepca,75,0.7,xgb_medium,C18_negative|IK:UGAGPNKCDRTDHP-UHFFFAOYSA-N,0.2375085786208732,5.025092755178759,3.851646031638618,105,3059,3039,20
C059,800,sparsepca,75,0.7,xgb_medium,C18_negative|IK:WLJVXDMOQOGPHL-UHFFFAOYSA-N,0.5931587991359228,3.576606121400279,2.41905342477185,105,3059,3039,20
C059,800,sparsepca,75,0.7,xgb_medium,C18_negative|IK:ZWNLSRDFHQCTQW-UHFFFAOYSA-N,0.3290358865110715,4.538723548891744,3.465552677382304,105,3059,3039,20
C059,800,sparsepca,75,0.7,xgb_medium,C18_positive|IK:GHOKWGTUZJEAQD-UHFFFAOYSA-N,0.3080990575893476,4.80676889268122,3.5604608369296877,105,3059,3039,20
C059,800,sparsepca,75,0.7,xgb_medium,C18_positive|IK:GUMFPOIJOXLCLA-JKSUJKDBSA-N,0.4444279007538544,3.489841972510439,2.300957340857352,105,3059,3039,20
C059,800,sparsepca,75,0.7,xgb_medium,C18_positive|IK:IBMRTYCHDPMBFN-UHFFFAOYSA-N,0.3382607856162526,4.614260244370179,3.479973321647448,105,3059,3039,20
C059,800,sparsepca,75,0.7,xgb_medium,C18_positive|IK:LVGKNOAMLMIIKO-QXMHVHEDSA-N,0.5410476329156226,3.382118791258698,2.159596347397051,105,3059,3039,20
C059,800,sparsepca,75,0.7,xgb_medium,C18_positive|IK:LWYJCVVIVLBLID-UHFFFAOYSA-N,0.2078286003951098,5.511375906415739,4.580055152125103,105,3059,3039,20
C059,800,sparsepca,75,0.7,xgb_medium,C18_positive|IK:MBIZFBDREVRUHY-UHFFFAOYSA-N,0.3947839494662536,4.560695095734024,3.4763924723558954,105,3059,3039,20
C059,800,sparsepca,75,0.7,xgb_medium,C18_positive|IK:MECHNRXZTMCUDQ-UHFFFAOYSA-N,0.4441487117338577,4.469190973171283,3.271946971762057,105,3059,3039,20
C059,800,sparsepca,75,0.7,xgb_medium,C18_positive|IK:OVASVJPBDPJABT-UHFFFAOYSA-N,0.2920163724490261,4.549112420567411,3.2376234581947245,105,3059,3039,20
C059,800,sparsepca,75,0.7,xgb_medium,C18_positive|IK:OYTCZOJKXCTBHG-UHFFFAOYSA-N,0.3682458005099599,3.92582672613968,2.6722996357375024,105,3059,3039,20
C059,800,sparsepca,75,0.7,xgb_medium,C18_positive|IK:PUQSUZTXKPLAPR-UJPOAAIJSA-N,0.2666790382896308,5.410162948732548,4.38044989008006,105,3059,3039,20
C059,800,sparsepca,75,0.7,xgb_medium,C18_positive|IK:WCGUUGGRBIKTOS-UHFFFAOYSA-N,0.295956705431104,5.384136839485626,4.1608512153839845,105,3059,3039,20
C059,800,sparsepca,75,0.7,xgb_medium,C18_positive|NAME:,0.3346441802755222,0.5428147218696536,0.4258398686412096,105,3059,3039,20
C059,800,sparsepca,75,0.7,xgb_medium,HILICZ_negative|IK:LWYJCVVIVLBLID-UHFFFAOYSA-N,0.3132310223342029,5.668010575266235,4.6394507837642704,105,3059,3039,20
C059,800,sparsepca,75,0.7,xgb_medium,HILICZ_negative|IK:QZZGJDVWLFXDLK-UHFFFAOYSA-N,0.2609846769930434,5.331282565472578,4.198498214462527,105,3059,3039,20
C059,800,sparsepca,75,0.7,xgb_medium,HILICZ_positive|IK:OYTCZOJKXCTBHG-UHFFFAOYSA-N,0.4248489414738408,4.963609162872604,3.340999864828852,105,3059,3039,20
C059,800,sparsepca,75,0.7,xgb_medium,HILICZ_positive|IK:XPCTZQVDEJYUGT-UHFFFAOYSA-N,0.264251469293941,5.665713848347997,4.298046781742039,105,3059,3039,20
C060,500,svd,75,0.7,rf_strong,C18_negative|IK:AIONOLUJZLIMTK-UHFFFAOYSA-N,0.3516145627971976,4.676074921029327,4.304624933872049,105,3059,3039,20
C060,500,svd,75,0.7,rf_strong,C18_negative|IK:BJRNKVDFDLYUGJ-RMPHRYRLSA-N,0.2526642084355271,5.246137337887281,4.979038912442008,105,3059,3039,20
C060,500,svd,75,0.7,rf_strong,C18_negative|IK:CKEXCBVNKRHAMX-UHFFFAOYSA-N,0.2233028489728216,4.746635234376727,4.395391724016838,105,3059,3039,20
C060,500,svd,75,0.7,rf_strong,C18_negative|IK:GHOKWGTUZJEAQD-UHFFFAOYSA-N,0.2523641296299788,4.920697729654179,4.344682076899456,105,3059,3039,20
C060,500,svd,75,0.7,rf_strong,C18_negative|IK:GUNGQVJAKLIYDG-JXMROGBWSA-N,0.2609232974236768,4.316534462774851,3.806550409365552,105,3059,3039,20
C060,500,svd,75,0.7,rf_strong,C18_negative|IK:GYUCMTKUEQLBJW-UHFFFAOYSA-N,0.2782596858199003,4.090172042002156,3.333544061461954,105,3059,3039,20
C060,500,svd,75,0.7,rf_strong,C18_negative|IK:KDYFGRWQOYBRFD-UHFFFAOYSA-N,0.2327585887967992,5.1360791848462135,4.269962320137961,105,3059,3039,20
C060,500,svd,75,0.7,rf_strong,C18_negative|IK:LTSJJOKAWSCMBC-UHFFFAOYSA-N,0.320157107277632,4.426230964546431,3.9922928715943775,105,3059,3039,20
C060,500,svd,75,0.7,rf_strong,C18_negative|IK:NGFMICBWJRZIBI-UHFFFAOYSA-N,0.319205011761548,1.43308039364655,1.2219396292823466,105,3059,3039,20
C060,500,svd,75,0.7,rf_strong,C18_negative|IK:OKVJCVWFVRATSG-UHFFFAOYSA-N,0.2864010862907865,5.049628395603542,4.457807314445441,105,3059,3039,20
C060,500,svd,75,0.7,rf_strong,C18_negative|IK:RGHHSNMVTDWUBI-UHFFFAOYSA-N,0.5393640399822521,4.449933581195865,4.013316802762705,105,3059,3039,20
C060,500,svd,75,0.7,rf_strong,C18_negative|IK:UGAGPNKCDRTDHP-UHFFFAOYSA-N,0.2497740924177605,4.9845118222256914,4.473112747996944,105,3059,3039,20
C060,500,svd,75,0.7,rf_strong,C18_negative|IK:WLJVXDMOQOGPHL-UHFFFAOYSA-N,0.4433596163953877,4.183560049487046,3.818767381656215,105,3059,3039,20
C060,500,svd,75,0.7,rf_strong,C18_negative|IK:ZWNLSRDFHQCTQW-UHFFFAOYSA-N,0.2571777736924016,4.7755844524727,4.280764072833292,105,3059,3039,20
C060,500,svd,75,0.7,rf_strong,C18_positive|IK:GHOKWGTUZJEAQD-UHFFFAOYSA-N,0.2673709281231199,4.946219154612222,4.279957989349899,105,3059,3039,20
C060,500,svd,75,0.7,rf_strong,C18_positive|IK:GUMFPOIJOXLCLA-JKSUJKDBSA-N,0.2555175342313702,4.03982716067172,3.2322516606520937,105,3059,3039,20
C060,500,svd,75,0.7,rf_strong,C18_positive|IK:IBMRTYCHDPMBFN-UHFFFAOYSA-N,0.240353462468135,4.943840269274851,4.272584381527443,105,3059,3039,20
C060,500,svd,75,0.7,rf_strong,C18_positive|IK:LVGKNOAMLMIIKO-QXMHVHEDSA-N,0.404303250327736,3.853165521870081,3.259159398673521,105,3059,3039,20
C060,500,svd,75,0.7,rf_strong,C18_positive|IK:LWYJCVVIVLBLID-UHFFFAOYSA-N,0.2226405365406472,5.459607214403669,5.164360110114947,105,3059,3039,20
C060,500,svd,75,0.7,rf_strong,C18_positive|IK:MBIZFBDREVRUHY-UHFFFAOYSA-N,0.2945093886145435,4.924038492487023,4.597422952527995,105,3059,3039,20
C060,500,svd,75,0.7,rf_strong,C18_positive|IK:MECHNRXZTMCUDQ-UHFFFAOYSA-N,0.4189230283921688,4.569476381109256,4.186338722425148,105,3059,3039,20
C060,500,svd,75,0.7,rf_strong,C18_positive|IK:OVASVJPBDPJABT-UHFFFAOYSA-N,0.253188438483434,4.6721908935712895,3.892053540326104,105,3059,3039,20
C060,500,svd,75,0.7,rf_strong,C18_positive|IK:OYTCZOJKXCTBHG-UHFFFAOYSA-N,0.2842647431337678,4.178623708172124,3.6425880341368577,105,3059,3039,20
C060,500,svd,75,0.7,rf_strong,C18_positive|IK:PUQSUZTXKPLAPR-UJPOAAIJSA-N,0.2619309615310851,5.427649440782863,5.143882757447782,105,3059,3039,20
C060,500,svd,75,0.7,rf_strong,C18_positive|IK:WCGUUGGRBIKTOS-UHFFFAOYSA-N,0.2688480958001821,5.48681368933336,4.849611482122209,105,3059,3039,20
C060,500,svd,75,0.7,rf_strong,C18_positive|NAME:,0.2831662467663545,0.5634220781043626,0.4713347671828272,105,3059,3039,20
C060,500,svd,75,0.7,rf_strong,HILICZ_negative|IK:LWYJCVVIVLBLID-UHFFFAOYSA-N,0.2522691960875628,5.914226507953495,5.618184744861375,105,3059,3039,20
C060,500,svd,75,0.7,rf_strong,HILICZ_negative|IK:QZZGJDVWLFXDLK-UHFFFAOYSA-N,0.256711111949982,5.346675168890357,4.927018890363116,105,3059,3039,20
C060,500,svd,75,0.7,rf_strong,HILICZ_positive|IK:OYTCZOJKXCTBHG-UHFFFAOYSA-N,0.296073154039045,5.49123942726947,4.989508371324107,105,3059,3039,20
C060,500,svd,75,0.7,rf_strong,HILICZ_positive|IK:XPCTZQVDEJYUGT-UHFFFAOYSA-N,0.2641739087075335,5.666012472463256,5.188318075413818,105,3059,3039,20
C061,500,svd,100,0.7,rf_strong,C18_negative|IK:AIONOLUJZLIMTK-UHFFFAOYSA-N,0.3520833557904563,4.674384177060344,4.3205044757159925,105,3059,3039,20
C061,500,svd,100,0.7,rf_strong,C18_negative|IK:BJRNKVDFDLYUGJ-RMPHRYRLSA-N,0.2535951622489415,5.242868771379507,4.9861888561369705,105,3059,3039,20
C061,500,svd,100,0.7,rf_strong,C18_negative|IK:CKEXCBVNKRHAMX-UHFFFAOYSA-N,0.2194031923857458,4.758536315334459,4.41240419601584,105,3059,3039,20
C061,500,svd,100,0.7,rf_strong,C18_negative|IK:GHOKWGTUZJEAQD-UHFFFAOYSA-N,0.2501084616644303,4.92811517799141,4.40119439049685,105,3059,3039,20
C061,500,svd,100,0.7,rf_strong,C18_negative|IK:GUNGQVJAKLIYDG-JXMROGBWSA-N,0.2480043543295583,4.354097193843428,3.9064627438211055,105,3059,3039,20
C061,500,svd,100,0.7,rf_strong,C18_negative|IK:GYUCMTKUEQLBJW-UHFFFAOYSA-N,0.2673350346098005,4.121011306929543,3.430941634220383,105,3059,3039,20
C061,500,svd,100,0.7,rf_strong,C18_negative|IK:KDYFGRWQOYBRFD-UHFFFAOYSA-N,0.2360057591361295,5.125199032047708,4.296244831064568,105,3059,3039,20
C061,500,svd,100,0.7,rf_strong,C18_negative|IK:LTSJJOKAWSCMBC-UHFFFAOYSA-N,0.2689310953484209,4.589960490170899,4.227093000263428,105,3059,3039,20
C061,500,svd,100,0.7,rf_strong,C18_negative|IK:NGFMICBWJRZIBI-UHFFFAOYSA-N,0.3136756244028834,1.4388883329295603,1.229176887915913,105,3059,3039,20
C061,500,svd,100,0.7,rf_strong,C18_negative|IK:OKVJCVWFVRATSG-UHFFFAOYSA-N,0.2801378494363532,5.071740203508504,4.510855114920485,105,3059,3039,20
C061,500,svd,100,0.7,rf_strong,C18_negative|IK:RGHHSNMVTDWUBI-UHFFFAOYSA-N,0.5358719043403587,4.466769468873011,4.05120076904974,105,3059,3039,20
C061,500,svd,100,0.7,rf_strong,C18_negative|IK:UGAGPNKCDRTDHP-UHFFFAOYSA-N,0.2414837272761004,5.011976808473095,4.522016088530449,105,3059,3039,20
C061,500,svd,100,0.7,rf_strong,C18_negative|IK:WLJVXDMOQOGPHL-UHFFFAOYSA-N,0.4421248031842311,4.1881977416266105,3.83288554532758,105,3059,3039,20
C061,500,svd,100,0.7,rf_strong,C18_negative|IK:ZWNLSRDFHQCTQW-UHFFFAOYSA-N,0.2494015456819153,4.800515955679467,4.303778171131135,105,3059,3039,20
C061,500,svd,100,0.7,rf_strong,C18_positive|IK:GHOKWGTUZJEAQD-UHFFFAOYSA-N,0.2548692035439455,4.988242261826166,4.335828761834743,105,3059,3039,20
C061,500,svd,100,0.7,rf_strong,C18_positive|IK:GUMFPOIJOXLCLA-JKSUJKDBSA-N,0.2426771345680055,4.074516516836142,3.3424306145125646,105,3059,3039,20
C061,500,svd,100,0.7,rf_strong,C18_positive|IK:IBMRTYCHDPMBFN-UHFFFAOYSA-N,0.2193939205859956,5.011579383432417,4.392273308398169,105,3059,3039,20
C061,500,svd,100,0.7,rf_strong,C18_positive|IK:LVGKNOAMLMIIKO-QXMHVHEDSA-N,0.395360106326342,3.881981393296055,3.325135842776149,105,3059,3039,20
C061,500,svd,100,0.7,rf_strong,C18_positive|IK:LWYJCVVIVLBLID-UHFFFAOYSA-N,0.2169961981928937,5.479392227737304,5.194226077583755,105,3059,3039,20
C061,500,svd,100,0.7,rf_strong,C18_positive|IK:MBIZFBDREVRUHY-UHFFFAOYSA-N,0.2939824357607709,4.925877107879239,4.609771412988664,105,3059,3039,20
C061,500,svd,100,0.7,rf_strong,C18_positive|IK:MECHNRXZTMCUDQ-UHFFFAOYSA-N,0.4116602109098491,4.597944395326127,4.237645936643919,105,3059,3039,20
C061,500,svd,100,0.7,rf_strong,C18_positive|IK:OVASVJPBDPJABT-UHFFFAOYSA-N,0.2476440362892793,4.689502224184605,3.991815015239776,105,3059,3039,20
C061,500,svd,100,0.7,rf_strong,C18_positive|IK:OYTCZOJKXCTBHG-UHFFFAOYSA-N,0.2780732913453536,4.196658335459875,3.696715574045212,105,3059,3039,20
C061,500,svd,100,0.7,rf_strong,C18_positive|IK:PUQSUZTXKPLAPR-UJPOAAIJSA-N,0.2522768226085584,5.463031662120767,5.200067846042426,105,3059,3039,20
C061,500,svd,100,0.7,rf_strong,C18_positive|IK:WCGUUGGRBIKTOS-UHFFFAOYSA-N,0.2609762634881878,5.51627107407396,4.927249654699236,105,3059,3039,20
C061,500,svd,100,0.7,rf_strong,C18_positive|NAME:,0.2774766744578745,0.5656536240625741,0.4739412410186962,105,3059,3039,20
C061,500,svd,100,0.7,rf_strong,HILICZ_negative|IK:LWYJCVVIVLBLID-UHFFFAOYSA-N,0.2432165593452198,5.949920015421281,5.679731677788185,105,3059,3039,20
C061,500,svd,100,0.7,rf_strong,HILICZ_negative|IK:QZZGJDVWLFXDLK-UHFFFAOYSA-N,0.258384202852707,5.340654284339335,4.9341056912689565,105,3059,3039,20
C061,500,svd,100,0.7,rf_strong,HILICZ_positive|IK:OYTCZOJKXCTBHG-UHFFFAOYSA-N,0.2840759659315853,5.537835959253465,5.10176325374243,105,3059,3039,20
C061,500,svd,100,0.7,rf_strong,HILICZ_positive|IK:XPCTZQVDEJYUGT-UHFFFAOYSA-N,0.2789600742724379,5.608795313826308,5.162934911110344,105,3059,3039,20
C062,800,svd,75,0.7,rf_strong,C18_negative|IK:AIONOLUJZLIMTK-UHFFFAOYSA-N,0.3639316452054338,4.631447331108528,4.224060951258045,105,3059,3039,20
C062,800,svd,75,0.7,rf_strong,C18_negative|IK:BJRNKVDFDLYUGJ-RMPHRYRLSA-N,0.2302510261430439,5.324224064318174,5.031263094901959,105,3059,3039,20
C062,800,svd,75,0.7,rf_strong,C18_negative|IK:CKEXCBVNKRHAMX-UHFFFAOYSA-N,0.2250246761180824,4.74137100755214,4.34724060681607,105,3059,3039,20
C062,800,svd,75,0.7,rf_strong,C18_negative|IK:GHOKWGTUZJEAQD-UHFFFAOYSA-N,0.274915157292361,4.845917723746293,4.187340579017713,105,3059,3039,20
C062,800,svd,75,0.7,rf_strong,C18_negative|IK:GUNGQVJAKLIYDG-JXMROGBWSA-N,0.2886023478025066,4.234934231681698,3.70600770468577,105,3059,3039,20
C062,800,svd,75,0.7,rf_strong,C18_negative|IK:GYUCMTKUEQLBJW-UHFFFAOYSA-N,0.2830175825991615,4.076668019506279,3.23570077907145,105,3059,3039,20
C062,800,svd,75,0.7,rf_strong,C18_negative|IK:KDYFGRWQOYBRFD-UHFFFAOYSA-N,0.2444787239060661,5.096699665038147,4.1255407744683215,105,3059,3039,20
C062,800,svd,75,0.7,rf_strong,C18_negative|IK:LTSJJOKAWSCMBC-UHFFFAOYSA-N,0.3165417612098207,4.437984517077481,3.960555361540101,105,3059,3039,20
C062,800,svd,75,0.7,rf_strong,C18_negative|IK:NGFMICBWJRZIBI-UHFFFAOYSA-N,0.3256626596075549,1.4262674920017269,1.2118579103552838,105,3059,3039,20
C062,800,svd,75,0.7,rf_strong,C18_negative|IK:OKVJCVWFVRATSG-UHFFFAOYSA-N,0.2950780857594971,5.018834043222855,4.341427559084687,105,3059,3039,20
C062,800,svd,75,0.7,rf_strong,C18_negative|IK:RGHHSNMVTDWUBI-UHFFFAOYSA-N,0.5548472000713612,4.3745074875184615,3.9334766975899713,105,3059,3039,20
C062,800,svd,75,0.7,rf_strong,C18_negative|IK:UGAGPNKCDRTDHP-UHFFFAOYSA-N,0.258234018261578,4.956328208737644,4.369190915519975,105,3059,3039,20
C062,800,svd,75,0.7,rf_strong,C18_negative|IK:WLJVXDMOQOGPHL-UHFFFAOYSA-N,0.4334602005253821,4.220596787042552,3.8544160407627546,105,3059,3039,20
C062,800,svd,75,0.7,rf_strong,C18_negative|IK:ZWNLSRDFHQCTQW-UHFFFAOYSA-N,0.2666909429205373,4.744905955967663,4.147888682754161,105,3059,3039,20
C062,800,svd,75,0.7,rf_strong,C18_positive|IK:GHOKWGTUZJEAQD-UHFFFAOYSA-N,0.2775836341409454,4.9116235033807305,4.153957074031705,105,3059,3039,20
C062,800,svd,75,0.7,rf_strong,C18_positive|IK:GUMFPOIJOXLCLA-JKSUJKDBSA-N,0.2678340558951901,4.006270877473616,3.0657917699482486,105,3059,3039,20
C062,800,svd,75,0.7,rf_strong,C18_positive|IK:IBMRTYCHDPMBFN-UHFFFAOYSA-N,0.2372929512656977,4.9537892840786535,4.200455198080153,105,3059,3039,20
C062,800,svd,75,0.7,rf_strong,C18_positive|IK:LVGKNOAMLMIIKO-QXMHVHEDSA-N,0.4009145847146662,3.864109490494392,3.239395276981054,105,3059,3039,20
C062,800,svd,75,0.7,rf_strong,C18_positive|IK:LWYJCVVIVLBLID-UHFFFAOYSA-N,0.2466875841360991,5.374499374694614,5.086701703279454,105,3059,3039,20
C062,800,svd,75,0.7,rf_strong,C18_positive|IK:MBIZFBDREVRUHY-UHFFFAOYSA-N,0.3054402463490681,4.885743098339357,4.560460689968814,105,3059,3039,20
C062,800,svd,75,0.7,rf_strong,C18_positive|IK:MECHNRXZTMCUDQ-UHFFFAOYSA-N,0.4334152380580075,4.512134633921948,4.096473274916355,105,3059,3039,20
C062,800,svd,75,0.7,rf_strong,C18_positive|IK:OVASVJPBDPJABT-UHFFFAOYSA-N,0.2601713206460316,4.650296494319915,3.8415195425549498,105,3059,3039,20
C062,800,svd,75,0.7,rf_strong,C18_positive|IK:OYTCZOJKXCTBHG-UHFFFAOYSA-N,0.289052989279277,4.164622822533716,3.622628085171108,105,3059,3039,20
C062,800,svd,75,0.7,rf_strong,C18_positive|IK:PUQSUZTXKPLAPR-UJPOAAIJSA-N,0.2731963481209073,5.386068178644096,5.099360720162997,105,3059,3039,20
C062,800,svd,75,0.7,rf_strong,C18_positive|IK:WCGUUGGRBIKTOS-UHFFFAOYSA-N,0.2596807523984868,5.521103977827859,4.779611773490797,105,3059,3039,20
C062,800,svd,75,0.7,rf_strong,C18_positive|NAME:,0.2755141107823885,0.566421335211918,0.4723272519764545,105,3059,3039,20
C062,800,svd,75,0.7,rf_strong,HILICZ_negative|IK:LWYJCVVIVLBLID-UHFFFAOYSA-N,0.2822664583435361,5.794379537335916,5.457671567832499,105,3059,3039,20
C062,800,svd,75,0.7,rf_strong,HILICZ_negative|IK:QZZGJDVWLFXDLK-UHFFFAOYSA-N,0.2658325921260525,5.313767278040529,4.853732787746731,105,3059,3039,20
C062,800,svd,75,0.7,rf_strong,HILICZ_positive|IK:OYTCZOJKXCTBHG-UHFFFAOYSA-N,0.3141833764630188,5.420141440932591,4.894111513354989,105,3059,3039,20
C062,800,svd,75,0.7,rf_strong,HILICZ_positive|IK:XPCTZQVDEJYUGT-UHFFFAOYSA-N,0.2876041981892189,5.575073666461321,4.994999727064446,105,3059,3039,20
C063,800,svd,100,0.7,rf_strong,C18_negative|IK:AIONOLUJZLIMTK-UHFFFAOYSA-N,0.3574567824508478,4.654960571343999,4.260825986335408,105,3059,3039,20
C063,800,svd,100,0.7,rf_strong,C18_negative|IK:BJRNKVDFDLYUGJ-RMPHRYRLSA-N,0.2346976694768623,5.308823449076596,5.025701458073383,105,3059,3039,20
C063,800,svd,100,0.7,rf_strong,C18_negative|IK:CKEXCBVNKRHAMX-UHFFFAOYSA-N,0.2005857947409117,4.81555040712961,4.449207678931645,105,3059,3039,20
C063,800,svd,100,0.7,rf_strong,C18_negative|IK:GHOKWGTUZJEAQD-UHFFFAOYSA-N,0.266339625196814,4.87448967202379,4.240277007097749,105,3059,3039,20
C063,800,svd,100,0.7,rf_strong,C18_negative|IK:GUNGQVJAKLIYDG-JXMROGBWSA-N,0.2449888520000718,4.362818423825047,3.8977444081664663,105,3059,3039,20
C063,800,svd,100,0.7,rf_strong,C18_negative|IK:GYUCMTKUEQLBJW-UHFFFAOYSA-N,0.2664447594485127,4.123514306484794,3.372976820590714,105,3059,3039,20
C063,800,svd,100,0.7,rf_strong,C18_negative|IK:KDYFGRWQOYBRFD-UHFFFAOYSA-N,0.2362921440465591,5.124238345982877,4.175521381114823,105,3059,3039,20
C063,800,svd,100,0.7,rf_strong,C18_negative|IK:LTSJJOKAWSCMBC-UHFFFAOYSA-N,0.2589398834455696,4.621218586613367,4.187872986185657,105,3059,3039,20
C063,800,svd,100,0.7,rf_strong,C18_negative|IK:NGFMICBWJRZIBI-UHFFFAOYSA-N,0.3237546194296538,1.4282838814251675,1.2118977610884654,105,3059,3039,20
C063,800,svd,100,0.7,rf_strong,C18_negative|IK:OKVJCVWFVRATSG-UHFFFAOYSA-N,0.287480041238033,5.045809455828118,4.379611769664362,105,3059,3039,20
C063,800,svd,100,0.7,rf_strong,C18_negative|IK:RGHHSNMVTDWUBI-UHFFFAOYSA-N,0.5510198660293577,4.393272805533246,3.958115704891452,105,3059,3039,20
C063,800,svd,100,0.7,rf_strong,C18_negative|IK:UGAGPNKCDRTDHP-UHFFFAOYSA-N,0.2559690799248786,4.963889368046727,4.386887052767923,105,3059,3039,20
C063,800,svd,100,0.7,rf_strong,C18_negative|IK:WLJVXDMOQOGPHL-UHFFFAOYSA-N,0.4323572903165982,4.224703008698994,3.869777492334466,105,3059,3039,20
C063,800,svd,100,0.7,rf_strong,C18_negative|IK:ZWNLSRDFHQCTQW-UHFFFAOYSA-N,0.2637399659260537,4.75444357837884,4.172283160754036,105,3059,3039,20
C063,800,svd,100,0.7,rf_strong,C18_positive|IK:GHOKWGTUZJEAQD-UHFFFAOYSA-N,0.2638849683016369,4.957972619060351,4.235156690717626,105,3059,3039,20
C063,800,svd,100,0.7,rf_strong,C18_positive|IK:GUMFPOIJOXLCLA-JKSUJKDBSA-N,0.2445717800450447,4.069416579309762,3.231798424831093,105,3059,3039,20
C063,800,svd,100,0.7,rf_strong,C18_positive|IK:IBMRTYCHDPMBFN-UHFFFAOYSA-N,0.2401049545143667,4.944648857944869,4.229629731869404,105,3059,3039,20
C063,800,svd,100,0.7,rf_strong,C18_positive|IK:LVGKNOAMLMIIKO-QXMHVHEDSA-N,0.3866625009416208,3.9098024042228983,3.331196151869016,105,3059,3039,20
C063,800,svd,100,0.7,rf_strong,C18_positive|IK:LWYJCVVIVLBLID-UHFFFAOYSA-N,0.2375158234939172,5.407118303349187,5.155053173567902,105,3059,3039,20
C063,800,svd,100,0.7,rf_strong,C18_positive|IK:MBIZFBDREVRUHY-UHFFFAOYSA-N,0.3005621622834966,4.902870037524076,4.594983509196132,105,3059,3039,20
C063,800,svd,100,0.7,rf_strong,C18_positive|IK:MECHNRXZTMCUDQ-UHFFFAOYSA-N,0.4260796756193021,4.541249959939529,4.13653402143117,105,3059,3039,20
C063,800,svd,100,0.7,rf_strong,C18_positive|IK:OVASVJPBDPJABT-UHFFFAOYSA-N,0.2431312351394029,4.703545544147931,3.898192493286704,105,3059,3039,20
C063,800,svd,100,0.7,rf_strong,C18_positive|IK:OYTCZOJKXCTBHG-UHFFFAOYSA-N,0.2765357936000744,4.201124800606072,3.706470103558445,105,3059,3039,20
C063,800,svd,100,0.7,rf_strong,C18_positive|IK:PUQSUZTXKPLAPR-UJPOAAIJSA-N,0.2698600074315033,5.398416206440284,5.122262881230776,105,3059,3039,20
C063,800,svd,100,0.7,rf_strong,C18_positive|IK:WCGUUGGRBIKTOS-UHFFFAOYSA-N,0.2553232393099485,5.537328724797057,4.833484487795381,105,3059,3039,20
C063,800,svd,100,0.7,rf_strong,C18_positive|NAME:,0.2666950916470411,0.5698583730203745,0.4748219726908161,105,3059,3039,20
C063,800,svd,100,0.7,rf_strong,HILICZ_negative|IK:LWYJCVVIVLBLID-UHFFFAOYSA-N,0.2516271329440341,5.916765183652826,5.585223879372856,105,3059,3039,20
C063,800,svd,100,0.7,rf_strong,HILICZ_negative|IK:QZZGJDVWLFXDLK-UHFFFAOYSA-N,0.2542888665121631,5.355380011439456,4.894754390155248,105,3059,3039,20
C063,800,svd,100,0.7,rf_strong,HILICZ_positive|IK:OYTCZOJKXCTBHG-UHFFFAOYSA-N,0.3056079840451007,5.453922662166813,4.999123549359794,105,3059,3039,20
C063,800,svd,100,0.7,rf_strong,HILICZ_positive|IK:XPCTZQVDEJYUGT-UHFFFAOYSA-N,0.2862568112738377,5.5803433724323686,5.039465932803317,105,3059,3039,20
