metabolite,mg_feature,rho,pvalue,abs_rho,mi_score,direction,putative_role,qvalue_fdr,significant
C18_negative|IK:RGHHSNMVTDWUBI-UHFFFAOYSA-N,Bradyrhizobium erythrophlei,0.74859568188672,4.3125346123353683e-20,0.74859568188672,0.446816170826442,positive,putative_production_like,2.5875207674012213e-16,True
C18_negative|IK:RGHHSNMVTDWUBI-UHFFFAOYSA-N,Streptacidiphilus sp. DSM 106435,0.741386886367059,1.5090558966116511e-19,0.741386886367059,0.440083287523124,positive,putative_production_like,3.5038183679979715e-16,True
C18_negative|IK:RGHHSNMVTDWUBI-UHFFFAOYSA-N,Kutzneria albida,0.7382809924042412,2.555955138350408e-19,0.7382809924042412,0.462424620949124,positive,putative_production_like,3.5038183679979715e-16,True
C18_negative|IK:RGHHSNMVTDWUBI-UHFFFAOYSA-N,Kocuria sp. BT304,0.7355010555077636,4.070573553311615e-19,0.7355010555077636,0.3944837607271259,positive,putative_production_like,3.5038183679979715e-16,True
C18_negative|IK:RGHHSNMVTDWUBI-UHFFFAOYSA-N,Streptosporangium sp. 'caverna',0.7346673258610676,4.674917716301783e-19,0.7346673258610676,0.4404643624985778,positive,putative_production_like,3.5038183679979715e-16,True
C18_negative|IK:RGHHSNMVTDWUBI-UHFFFAOYSA-N,Saccharothrix espanaensis,0.7346081257034999,4.721001849466268e-19,0.7346081257034999,0.5671432982898428,positive,putative_production_like,3.5038183679979715e-16,True
C18_negative|IK:RGHHSNMVTDWUBI-UHFFFAOYSA-N,Kitasatospora setae,0.7345314087204223,4.781379733164716e-19,0.7345314087204223,0.4603946203961637,positive,putative_production_like,3.5038183679979715e-16,True
C18_negative|IK:RGHHSNMVTDWUBI-UHFFFAOYSA-N,Kitasatospora aureofaciens,0.7327921417687202,6.3704106178597875e-19,0.7327921417687202,0.4154539975923139,positive,putative_production_like,3.5038183679979715e-16,True
C18_negative|IK:RGHHSNMVTDWUBI-UHFFFAOYSA-N,Corynebacterium callunae,0.7322689021312332,6.941707297280577e-19,0.7322689021312332,0.4053912368107188,positive,putative_production_like,3.5038183679979715e-16,True
C18_negative|IK:RGHHSNMVTDWUBI-UHFFFAOYSA-N,Nonomuraea sp. ATCC 55076,0.7314019912853409,7.9996628862891345e-19,0.7314019912853409,0.4826250927658613,positive,putative_production_like,3.5038183679979715e-16,True
C18_negative|IK:RGHHSNMVTDWUBI-UHFFFAOYSA-N,Nocardiopsis dassonvillei,0.7310381546789004,8.488990454192204e-19,0.7310381546789004,0.480198132874595,positive,putative_production_like,3.5038183679979715e-16,True
C18_negative|IK:RGHHSNMVTDWUBI-UHFFFAOYSA-N,Amycolatopsis albispora,0.730782698812912,8.849825083267044e-19,0.730782698812912,0.5184941561736074,positive,putative_production_like,3.5038183679979715e-16,True
C18_negative|IK:RGHHSNMVTDWUBI-UHFFFAOYSA-N,Frankia symbiont of Datisca glomerata,0.7305008376684035,9.265271651967453e-19,0.7305008376684035,0.5111161209914274,positive,putative_production_like,3.5038183679979715e-16,True
C18_negative|IK:RGHHSNMVTDWUBI-UHFFFAOYSA-N,Frankia sp. QA3,0.7299259802581753,1.0172196796119968e-18,0.7299259802581753,0.4773424730170439,positive,putative_production_like,3.5038183679979715e-16,True
C18_negative|IK:RGHHSNMVTDWUBI-UHFFFAOYSA-N,Kitasatospora sp. MMS16-BH015,0.7295339687754037,1.0839569295388353e-18,0.7295339687754037,0.3952481969115848,positive,putative_production_like,3.5038183679979715e-16,True
C18_negative|IK:RGHHSNMVTDWUBI-UHFFFAOYSA-N,Frankia inefficax,0.7294432094272395,1.1000047370644136e-18,0.7294432094272395,0.4616093298409809,positive,putative_production_like,3.5038183679979715e-16,True
C18_negative|IK:RGHHSNMVTDWUBI-UHFFFAOYSA-N,Frankia casuarinae,0.7294276602952064,1.102777176231421e-18,0.7294276602952064,0.4921285396064494,positive,putative_production_like,3.5038183679979715e-16,True
C18_negative|IK:RGHHSNMVTDWUBI-UHFFFAOYSA-N,Nocardiopsis alba,0.7287780960441159,1.2248682289808757e-18,0.7287780960441159,0.4736313623526769,positive,putative_production_like,3.5038183679979715e-16,True
C18_negative|IK:RGHHSNMVTDWUBI-UHFFFAOYSA-N,Nocardiopsis gilva,0.7287448371897529,1.2314611615088169e-18,0.7287448371897529,0.4624415502664902,positive,putative_production_like,3.5038183679979715e-16,True
C18_negative|IK:RGHHSNMVTDWUBI-UHFFFAOYSA-N,Nakamurella panacisegetis,0.7286433930009032,1.2517844169436065e-18,0.7286433930009032,0.5259974822363858,positive,putative_production_like,3.5038183679979715e-16,True
C18_negative|IK:RGHHSNMVTDWUBI-UHFFFAOYSA-N,Amycolatopsis methanolica,0.7286224516129154,1.256020232988278e-18,0.7286224516129154,0.563798313616374,positive,putative_production_like,3.5038183679979715e-16,True
C18_negative|IK:RGHHSNMVTDWUBI-UHFFFAOYSA-N,Actinomadura amylolytica,0.7280186708791779,1.38432270638081e-18,0.7280186708791779,0.4974116594554427,positive,putative_production_like,3.5038183679979715e-16,True
C18_negative|IK:RGHHSNMVTDWUBI-UHFFFAOYSA-N,Streptomyces sp. TLI_053,0.7279372865117092,1.4025630450913692e-18,0.7279372865117092,0.4306546165409002,positive,putative_production_like,3.5038183679979715e-16,True
C18_negative|IK:RGHHSNMVTDWUBI-UHFFFAOYSA-N,Thermomonospora curvata,0.7274082022519617,1.5269730608420258e-18,0.7274082022519617,0.4737537787921915,positive,putative_production_like,3.5038183679979715e-16,True
C18_negative|IK:RGHHSNMVTDWUBI-UHFFFAOYSA-N,Plantactinospora sp. BC1,0.7271890812502106,1.5815831771906428e-18,0.7271890812502106,0.5088790995290231,positive,putative_production_like,3.5038183679979715e-16,True
C18_negative|IK:RGHHSNMVTDWUBI-UHFFFAOYSA-N,Jatrophihabitans sp. GAS493,0.7271482861536109,1.5919578976527861e-18,0.7271482861536109,0.4919719354803811,positive,putative_production_like,3.5038183679979715e-16,True
C18_negative|IK:RGHHSNMVTDWUBI-UHFFFAOYSA-N,Streptomyces sp. SCSIO 03032,0.7271458338306287,1.5925836593750396e-18,0.7271458338306287,0.4069356205104881,positive,putative_production_like,3.5038183679979715e-16,True
C18_negative|IK:RGHHSNMVTDWUBI-UHFFFAOYSA-N,Saccharopolyspora erythraea,0.726981313636248,1.6351152383990533e-18,0.726981313636248,0.5032312947132649,positive,putative_production_like,3.5038183679979715e-16,True
C18_negative|IK:RGHHSNMVTDWUBI-UHFFFAOYSA-N,Paludisphaera borealis,0.7267327143518706,1.7014858115828337e-18,0.7267327143518706,0.425144583121487,positive,putative_production_like,3.520315472240345e-16,True
C18_negative|IK:RGHHSNMVTDWUBI-UHFFFAOYSA-N,Plantactinospora sp. KBS50,0.7262303973388721,1.843683272494861e-18,0.7262303973388721,0.5496985380966106,positive,putative_production_like,3.545780055486735e-16,True
C18_negative|IK:RGHHSNMVTDWUBI-UHFFFAOYSA-N,Streptosporangium roseum,0.7262002951166284,1.852562174917469e-18,0.7262002951166284,0.4285450045986869,positive,putative_production_like,3.545780055486735e-16,True
C18_negative|IK:RGHHSNMVTDWUBI-UHFFFAOYSA-N,Actinosynnema mirum,0.726071302709538,1.891082696259592e-18,0.726071302709538,0.4676530784999029,positive,putative_production_like,3.545780055486735e-16,True
C18_negative|IK:RGHHSNMVTDWUBI-UHFFFAOYSA-N,Actinosynnema pretiosum,0.7257617712443452,1.986721093766996e-18,0.7257617712443452,0.5345199704734189,positive,putative_production_like,3.612220170485447e-16,True
C18_negative|IK:RGHHSNMVTDWUBI-UHFFFAOYSA-N,Verrucosispora maris,0.7251008583334699,2.2069329807392013e-18,0.7251008583334699,0.508628294419716,positive,putative_production_like,3.8460348506587584e-16,True
C18_negative|IK:RGHHSNMVTDWUBI-UHFFFAOYSA-N,Micromonospora rifamycinica,0.724997305489719,2.2435203295509425e-18,0.724997305489719,0.4928088757180786,positive,putative_production_like,3.8460348506587584e-16,True
C18_negative|IK:RGHHSNMVTDWUBI-UHFFFAOYSA-N,Thermobifida fusca,0.7246869761668531,2.3567335390588725e-18,0.7246869761668531,0.5089929949759346,positive,putative_production_like,3.9278892317647876e-16,True
C18_negative|IK:RGHHSNMVTDWUBI-UHFFFAOYSA-N,Kibdelosporangium phytohabitans,0.7242639764420671,2.520035737104426e-18,0.7242639764420671,0.5474535578636854,positive,putative_production_like,4.04545382222734e-16,True
C18_negative|IK:RGHHSNMVTDWUBI-UHFFFAOYSA-N,Frankia alni,0.7241592854613369,2.562120754077316e-18,0.7241592854613369,0.4495208869365545,positive,putative_production_like,4.04545382222734e-16,True
C18_negative|IK:RGHHSNMVTDWUBI-UHFFFAOYSA-N,Thermobispora bispora,0.7237010353082566,2.7545163601163862e-18,0.7237010353082566,0.4633327760100947,positive,putative_production_like,4.073865299189175e-16,True
C18_negative|IK:RGHHSNMVTDWUBI-UHFFFAOYSA-N,Catenulispora acidiphila,0.7235190020862756,2.8347792714410952e-18,0.7235190020862756,0.4604010016519773,positive,putative_production_like,4.073865299189175e-16,True
C18_negative|IK:RGHHSNMVTDWUBI-UHFFFAOYSA-N,Frankia sp. EAN1pec,0.7235097700313906,2.838909930116629e-18,0.7235097700313906,0.4546438000686623,positive,putative_production_like,4.073865299189175e-16,True
C18_negative|IK:RGHHSNMVTDWUBI-UHFFFAOYSA-N,Frankineae bacterium MT45,0.7234756752381157,2.8542155923288677e-18,0.7234756752381157,0.5240103318817217,positive,putative_production_like,4.073865299189175e-16,True
C18_negative|IK:RGHHSNMVTDWUBI-UHFFFAOYSA-N,Actinomyces sp. VUL4_3,0.7233319917277349,2.9196034644189085e-18,0.7233319917277349,0.4294183864262635,positive,putative_production_like,4.073865299189175e-16,True
C18_negative|IK:RGHHSNMVTDWUBI-UHFFFAOYSA-N,Granulibacter bethesdensis,0.722718408208706,3.215604647189515e-18,0.722718408208706,0.4477587544580985,positive,putative_production_like,4.384915427985701e-16,True
C18_negative|IK:RGHHSNMVTDWUBI-UHFFFAOYSA-N,Saccharomonospora marina,0.7217043996792841,3.769860451082152e-18,0.7217043996792841,0.4757919434342268,positive,putative_production_like,5.026480601442869e-16,True
C18_negative|IK:RGHHSNMVTDWUBI-UHFFFAOYSA-N,Amycolatopsis sp. AA4,0.7210494014284498,4.176135091559289e-18,0.7210494014284498,0.5505186757117606,positive,putative_production_like,5.447132728120812e-16,True
C18_negative|IK:RGHHSNMVTDWUBI-UHFFFAOYSA-N,Allokutzneria albata,0.7204513747945284,4.58402904177174e-18,0.7204513747945284,0.5300874765962016,positive,putative_production_like,5.7469143768456625e-16,True
C18_negative|IK:RGHHSNMVTDWUBI-UHFFFAOYSA-N,Micromonospora echinaurantiaca,0.7204324753422988,4.59753150147653e-18,0.7204324753422988,0.4411244861333472,positive,putative_production_like,5.7469143768456625e-16,True
C18_negative|IK:RGHHSNMVTDWUBI-UHFFFAOYSA-N,Micromonospora coxensis,0.720106080104264,4.836912389379016e-18,0.720106080104264,0.5041365929923098,positive,putative_production_like,5.910363106682979e-16,True
C18_negative|IK:RGHHSNMVTDWUBI-UHFFFAOYSA-N,Alloactinosynnema sp. L-07,0.7199895168271704,4.925302588902482e-18,0.7199895168271704,0.4616333312280645,positive,putative_production_like,5.910363106682979e-16,True
C18_negative|IK:RGHHSNMVTDWUBI-UHFFFAOYSA-N,Rhodococcus sp. 2G,0.7194467819242796,5.357964548563954e-18,0.7194467819242796,0.4167946378736049,positive,putative_production_like,6.303487704192887e-16,True
C18_negative|IK:RGHHSNMVTDWUBI-UHFFFAOYSA-N,Micromonospora echinospora,0.7193122912289812,5.470763256372175e-18,0.7193122912289812,0.4880793467404642,positive,putative_production_like,6.312419141967894e-16,True
C18_negative|IK:RGHHSNMVTDWUBI-UHFFFAOYSA-N,Plantactinospora sp. BB1,0.7184718520028702,6.229755045176054e-18,0.7184718520028702,0.4827273980384827,positive,putative_production_like,7.052552881331382e-16,True
C18_negative|IK:RGHHSNMVTDWUBI-UHFFFAOYSA-N,Stackebrandtia nassauensis,0.7179777901839732,6.722712722263704e-18,0.7179777901839732,0.4637125887495092,positive,putative_production_like,7.284280216686886e-16,True
C18_negative|IK:RGHHSNMVTDWUBI-UHFFFAOYSA-N,Salinispora tropica,0.7179401874350564,6.761746448855862e-18,0.7179401874350564,0.5004076207310453,positive,putative_production_like,7.284280216686886e-16,True
C18_negative|IK:RGHHSNMVTDWUBI-UHFFFAOYSA-N,Actinoalloteichus sp. AHMU CJ021,0.7178570244460011,6.848858200446858e-18,0.7178570244460011,0.503295555015312,positive,putative_production_like,7.284280216686886e-16,True
C18_negative|IK:RGHHSNMVTDWUBI-UHFFFAOYSA-N,Actinomyces sp. 2129,0.7177898045058433,6.920066205852539e-18,0.7177898045058433,0.4146886519057671,positive,putative_production_like,7.284280216686886e-16,True
C18_negative|IK:RGHHSNMVTDWUBI-UHFFFAOYSA-N,Actinoalloteichus hymeniacidonis,0.7176733511408209,7.045135443594234e-18,0.7176733511408209,0.4577508030866246,positive,putative_production_like,7.288071148545759e-16,True
C18_negative|IK:RGHHSNMVTDWUBI-UHFFFAOYSA-N,Actinopolyspora erythraea,0.7171007949550547,7.692712962720955e-18,0.7171007949550547,0.4793808947054536,positive,putative_production_like,7.767331974342093e-16,True
C18_negative|IK:RGHHSNMVTDWUBI-UHFFFAOYSA-N,Mycobacterium paragordonae,0.7169183869380269,7.910913392678796e-18,0.7169183869380269,0.4272674429361003,positive,putative_production_like,7.767331974342093e-16,True
C18_negative|IK:RGHHSNMVTDWUBI-UHFFFAOYSA-N,Micromonospora echinofusca,0.7168361778547079,8.011209164381328e-18,0.7168361778547079,0.4716305400083778,positive,putative_production_like,7.767331974342093e-16,True
C18_negative|IK:RGHHSNMVTDWUBI-UHFFFAOYSA-N,Micromonospora chokoriensis,0.7168239413835542,8.026243040153496e-18,0.7168239413835542,0.4039255036876508,positive,putative_production_like,7.767331974342093e-16,True
C18_negative|IK:RGHHSNMVTDWUBI-UHFFFAOYSA-N,Corynebacterium terpenotabidum,0.7152999427627693,1.0129509228772944e-17,0.7152999427627693,0.4598706301100201,positive,putative_production_like,9.647151646450425e-16,True
C18_negative|IK:RGHHSNMVTDWUBI-UHFFFAOYSA-N,Micromonospora sp. L5,0.7148765936231902,1.0803122873332133e-17,0.7148765936231902,0.4534946634931991,positive,putative_production_like,1.0127927693748874e-15,True
C18_negative|IK:RGHHSNMVTDWUBI-UHFFFAOYSA-N,Actinopolymorpha singaporensis,0.7146640368374443,1.1157553396009257e-17,0.7146640368374443,0.4658321430732659,positive,putative_production_like,1.0299280057854701e-15,True
C18_negative|IK:RGHHSNMVTDWUBI-UHFFFAOYSA-N,Planctomyces sp. SH-PL62,0.7142615736799615,1.1859858317004642e-17,0.7142615736799615,0.3944858729972131,positive,putative_production_like,1.075884534640604e-15,True
C18_negative|IK:RGHHSNMVTDWUBI-UHFFFAOYSA-N,Nocardia sp. Y48,0.714124487784903,1.2108742766301357e-17,0.714124487784903,0.440345993447464,positive,putative_production_like,1.075884534640604e-15,True
C18_negative|IK:RGHHSNMVTDWUBI-UHFFFAOYSA-N,Salinispora arenicola,0.714078504663808,1.219335805926018e-17,0.714078504663808,0.4668089746970447,positive,putative_production_like,1.075884534640604e-15,True
C18_negative|IK:RGHHSNMVTDWUBI-UHFFFAOYSA-N,Actinoplanes teichomyceticus,0.7136383083132577,1.3033009559162992e-17,0.7136383083132577,0.3920193252411752,positive,putative_production_like,1.1333051790576514e-15,True
C18_negative|IK:RGHHSNMVTDWUBI-UHFFFAOYSA-N,Gordonia iterans,0.7133651742187925,1.3581967208041716e-17,0.7133651742187925,0.3955581933056722,positive,putative_production_like,1.164168617832147e-15,True
C18_negative|IK:RGHHSNMVTDWUBI-UHFFFAOYSA-N,Micromonospora siamensis,0.7130510978590219,1.4241009498811218e-17,0.7130510978590219,0.4780567060660132,positive,putative_production_like,1.203465591448835e-15,True
C18_negative|IK:RGHHSNMVTDWUBI-UHFFFAOYSA-N,Micromonospora krabiensis,0.7128757159392162,1.46224363542293e-17,0.7128757159392162,0.528484542429235,positive,putative_production_like,1.2185363628524417e-15,True
C18_negative|IK:RGHHSNMVTDWUBI-UHFFFAOYSA-N,Rhodococcus ruber,0.7122015544955042,1.6183217663822946e-17,0.7122015544955042,0.458816481221004,positive,putative_production_like,1.3301274792183245e-15,True
C18_negative|IK:RGHHSNMVTDWUBI-UHFFFAOYSA-N,Micromonospora sp. B006,0.711920923275363,1.687960529110764e-17,0.711920923275363,0.4353997883277749,positive,putative_production_like,1.3525363454524766e-15,True
C18_negative|IK:RGHHSNMVTDWUBI-UHFFFAOYSA-N,Amycolatopsis orientalis,0.7119102316912831,1.6906704318155958e-17,0.7119102316912831,0.3977092735405487,positive,putative_production_like,1.3525363454524766e-15,True
C18_negative|IK:RGHHSNMVTDWUBI-UHFFFAOYSA-N,Micromonospora sp. WMMA2032,0.7115428214495417,1.7864072030554637e-17,0.7115428214495417,0.4807976181708602,positive,putative_production_like,1.3937426363381782e-15,True
C18_negative|IK:RGHHSNMVTDWUBI-UHFFFAOYSA-N,Desulfobacula toluolica,0.7115344963995593,1.788636383300662e-17,0.7115344963995593,0.412537599669327,positive,putative_production_like,1.3937426363381782e-15,True
C18_negative|IK:RGHHSNMVTDWUBI-UHFFFAOYSA-N,Brachybacterium sp. VR2415,0.711263094540181,1.8628079616692604e-17,0.711263094540181,0.4851364902316604,positive,putative_production_like,1.4324782178776274e-15,True
C18_negative|IK:RGHHSNMVTDWUBI-UHFFFAOYSA-N,Gordonia bronchialis,0.7111023270205248,1.9081447568865445e-17,0.7111023270205248,0.4266072032908683,positive,putative_production_like,1.4324782178776274e-15,True
C18_negative|IK:RGHHSNMVTDWUBI-UHFFFAOYSA-N,Acidothermus cellulolyticus,0.7110959292202803,1.9099709571701698e-17,0.7110959292202803,0.4845750335850591,positive,putative_production_like,1.4324782178776274e-15,True
C18_negative|IK:RGHHSNMVTDWUBI-UHFFFAOYSA-N,Micromonospora narathiwatensis,0.7109688130865385,1.9466093123678322e-17,0.7109688130865385,0.5240596142659761,positive,putative_production_like,1.4419328239761714e-15,True
C18_negative|IK:RGHHSNMVTDWUBI-UHFFFAOYSA-N,Singulisphaera acidiphila,0.7107879901024057,1.9999064818672352e-17,0.7107879901024057,0.3939212417702902,positive,putative_production_like,1.4633462062443185e-15,True
C18_negative|IK:RGHHSNMVTDWUBI-UHFFFAOYSA-N,Micromonospora auratinigra,0.7106455304497566,2.042892160769195e-17,0.7106455304497566,0.5059442260586802,positive,putative_production_like,1.4767895138090565e-15,True
C18_negative|IK:RGHHSNMVTDWUBI-UHFFFAOYSA-N,Micromonospora zamorensis,0.7104344226871763,2.1082469171446884e-17,0.7104344226871763,0.4453252643765961,positive,putative_production_like,1.505890655103349e-15,True
C18_negative|IK:RGHHSNMVTDWUBI-UHFFFAOYSA-N,Acidisphaera sp. G45-3,0.7093919333855178,2.461941892707687e-17,0.7093919333855178,0.415454027045826,positive,putative_production_like,1.7378413360289553e-15,True
C18_negative|IK:RGHHSNMVTDWUBI-UHFFFAOYSA-N,Micromonospora coriariae,0.708924022546624,2.6388449235905402e-17,0.708924022546624,0.4454150019780196,positive,putative_production_like,1.841054597853865e-15,True
C18_negative|IK:RGHHSNMVTDWUBI-UHFFFAOYSA-N,Actinoalloteichus hoggarensis,0.7075543804916351,3.2306230413839015e-17,0.7075543804916351,0.4559553496899196,positive,putative_production_like,2.228015890609588e-15,True
C18_negative|IK:RGHHSNMVTDWUBI-UHFFFAOYSA-N,Saccharomonospora glauca,0.707457651870255,3.276974300978604e-17,0.707457651870255,0.4460217524421273,positive,putative_production_like,2.234300659758139e-15,True
C18_negative|IK:RGHHSNMVTDWUBI-UHFFFAOYSA-N,Austwickia chelonae,0.7072292585788066,3.388996207341938e-17,0.7072292585788066,0.4558424309997799,positive,putative_production_like,2.284716544275464e-15,True
C18_negative|IK:RGHHSNMVTDWUBI-UHFFFAOYSA-N,Micromonospora viridifaciens,0.7070721863754196,3.46818649540016e-17,0.7070721863754196,0.4072441427409776,positive,putative_production_like,2.2881902309345444e-15,True
C18_negative|IK:RGHHSNMVTDWUBI-UHFFFAOYSA-N,Komagataeibacter xylinus,0.7070678033408679,3.4704218502507254e-17,0.7070678033408679,0.4347125595216248,positive,putative_production_like,2.2881902309345444e-15,True
C18_negative|IK:RGHHSNMVTDWUBI-UHFFFAOYSA-N,Candidatus Solibacter usitatus,0.7068508500002879,3.582835000682699e-17,0.7068508500002879,0.3917287046456881,positive,putative_production_like,2.3302950451569803e-15,True
C18_negative|IK:RGHHSNMVTDWUBI-UHFFFAOYSA-N,Micromonospora aurantiaca,0.706795723588664,3.6119573199933193e-17,0.706795723588664,0.4333084176839725,positive,putative_production_like,2.3302950451569803e-15,True
C18_negative|IK:RGHHSNMVTDWUBI-UHFFFAOYSA-N,Pseudonocardia sp. HH130630-07,0.7064988705432522,3.7727765707338245e-17,0.7064988705432522,0.4168718580550488,positive,putative_production_like,2.3832166919491407e-15,True
C18_negative|IK:RGHHSNMVTDWUBI-UHFFFAOYSA-N,Dietzia lutea,0.7064976961036412,3.7734264289194726e-17,0.7064976961036412,0.4474248561545084,positive,putative_production_like,2.3832166919491407e-15,True
C18_negative|IK:RGHHSNMVTDWUBI-UHFFFAOYSA-N,Nakamurella sp. s14-144,0.7062417515030147,3.917674287664825e-17,0.7062417515030147,0.3990853951483455,positive,putative_production_like,2.448546429790516e-15,True
C18_negative|IK:RGHHSNMVTDWUBI-UHFFFAOYSA-N,Tsukamurella paurometabola,0.7060788909625442,4.0122346061844745e-17,0.7060788909625442,0.4672661934600146,positive,putative_production_like,2.4817946017635924e-15,True
C18_negative|IK:RGHHSNMVTDWUBI-UHFFFAOYSA-N,Rhodococcus rhodochrous,0.7056122472539155,4.2956216762509115e-17,0.7056122472539155,0.4281363534149323,positive,putative_production_like,2.6299724548474974e-15,True
C18_negative|IK:RGHHSNMVTDWUBI-UHFFFAOYSA-N,Micromonospora purpureochromogenes,0.7052875591264939,4.5041735591914455e-17,0.7052875591264939,0.4801271369889166,positive,putative_production_like,2.729802157085725e-15,True
C18_negative|IK:RGHHSNMVTDWUBI-UHFFFAOYSA-N,Rhodococcus sp. p52,0.7051511674275694,4.594684084423477e-17,0.7051511674275694,0.4357748480513428,positive,putative_production_like,2.7568104506540866e-15,True
C18_negative|IK:RGHHSNMVTDWUBI-UHFFFAOYSA-N,Brachybacterium sp. VM2412,0.7043499166693519,5.163171287552973e-17,0.7043499166693519,0.4078900130825897,positive,putative_production_like,3.0672304678532518e-15,True
C18_negative|IK:RGHHSNMVTDWUBI-UHFFFAOYSA-N,Mycobacteroides saopaulense,0.7040205553417359,5.4161684310922006e-17,0.7040205553417359,0.412384992475185,positive,putative_production_like,3.185981430054235e-15,True
C18_negative|IK:RGHHSNMVTDWUBI-UHFFFAOYSA-N,Micromonospora tulbaghiae,0.7036231694135135,5.737475207771323e-17,0.7036231694135135,0.4575537596783303,positive,putative_production_like,3.3422185676337805e-15,True
C18_negative|IK:WLJVXDMOQOGPHL-UHFFFAOYSA-N,Saccharothrix espanaensis,0.7032017900679428,6.098394991431194e-17,0.7032017900679428,0.4497256561566281,positive,putative_production_like,3.5183048027487664e-15,True
C18_negative|IK:RGHHSNMVTDWUBI-UHFFFAOYSA-N,Pseudonocardia sp. AL041005-10,0.702906665413962,6.364206746039526e-17,0.702906665413962,0.4755809704794949,positive,putative_production_like,3.636689569165443e-15,True
C18_negative|IK:RGHHSNMVTDWUBI-UHFFFAOYSA-N,Rhodococcus aetherivorans,0.7026738392568841,6.581816013483727e-17,0.7026738392568841,0.4452457038304165,positive,putative_production_like,3.725556234047393e-15,True
C18_negative|IK:RGHHSNMVTDWUBI-UHFFFAOYSA-N,Nakamurella multipartita,0.7023623565789877,6.884272142721741e-17,0.7023623565789877,0.4455923535136623,positive,putative_production_like,3.8186762783875705e-15,True
C18_negative|IK:RGHHSNMVTDWUBI-UHFFFAOYSA-N,Serinicoccus sp. JLT9,0.702322076455605,6.924357303119336e-17,0.702322076455605,0.412647323765869,positive,putative_production_like,3.8186762783875705e-15,True
C18_negative|IK:RGHHSNMVTDWUBI-UHFFFAOYSA-N,Brachybacterium sp. P6-10-X1,0.7023091572686445,6.937261905737421e-17,0.7023091572686445,0.4371827952557638,positive,putative_production_like,3.8186762783875705e-15,True
C18_negative|IK:RGHHSNMVTDWUBI-UHFFFAOYSA-N,Komagataeibacter europaeus,0.7021609139897537,7.087019817377666e-17,0.7021609139897537,0.4096766102883178,positive,putative_production_like,3.83417667609113e-15,True
C18_negative|IK:WLJVXDMOQOGPHL-UHFFFAOYSA-N,Amycolatopsis albispora,0.7021548356007412,7.093226850768592e-17,0.7021548356007412,0.4047078332756344,positive,putative_production_like,3.83417667609113e-15,True
C18_negative|IK:RGHHSNMVTDWUBI-UHFFFAOYSA-N,Halomonas sp. JS92-SW72,0.70206233731357,7.188336859128662e-17,0.70206233731357,0.4097786000568049,positive,putative_production_like,3.843276903202434e-15,True
C18_negative|IK:RGHHSNMVTDWUBI-UHFFFAOYSA-N,Nocardia seriolae,0.7020143446364132,7.238171501031251e-17,0.7020143446364132,0.4347461532134908,positive,putative_production_like,3.843276903202434e-15,True
C18_negative|IK:RGHHSNMVTDWUBI-UHFFFAOYSA-N,Saccharomonospora cyanea,0.701895729191812,7.362783263355978e-17,0.701895729191812,0.401488330240713,positive,putative_production_like,3.875149085976831e-15,True
C18_negative|IK:WLJVXDMOQOGPHL-UHFFFAOYSA-N,Actinosynnema pretiosum,0.7012480823082656,8.080795438040033e-17,0.7012480823082656,0.3701091852895652,positive,putative_production_like,4.216067185064365e-15,True
C18_negative|IK:RGHHSNMVTDWUBI-UHFFFAOYSA-N,Saccharomonospora viridis,0.7006544799681226,8.798305392726144e-17,0.7006544799681226,0.4240046503647257,positive,putative_production_like,4.550847616927316e-15,True
C18_negative|IK:WLJVXDMOQOGPHL-UHFFFAOYSA-N,Kocuria sp. BT304,0.7005053814974685,8.988029307567771e-17,0.7005053814974685,0.3600020506621142,positive,putative_production_like,4.609245798752703e-15,True
C18_negative|IK:RGHHSNMVTDWUBI-UHFFFAOYSA-N,Devriesea agamarum,0.7002984856045262,9.257893987636904e-17,0.7002984856045262,0.4372843449530394,positive,putative_production_like,4.659895204263576e-15,True
C18_negative|IK:RGHHSNMVTDWUBI-UHFFFAOYSA-N,Nocardia terpenica,0.7002874365505124,9.272525022892684e-17,0.7002874365505124,0.4537039405758958,positive,putative_production_like,4.659895204263576e-15,True
C18_negative|IK:RGHHSNMVTDWUBI-UHFFFAOYSA-N,Gordonia polyisoprenivorans,0.7002518580532832,9.319790408527152e-17,0.7002518580532832,0.3943555506683438,positive,putative_production_like,4.659895204263576e-15,True
C18_positive|IK:MECHNRXZTMCUDQ-UHFFFAOYSA-N,Sulfurihydrogenibium sp. YO3AOP1,-0.7001574089840797,9.44640213019308e-17,0.7001574089840797,0.319041322200007,negative,putative_consumption_like,4.684166345550288e-15,True
C18_negative|IK:RGHHSNMVTDWUBI-UHFFFAOYSA-N,Brachybacterium saurashtrense,0.6998641980009936,9.850193714732914e-17,0.6998641980009936,0.4323893374121499,positive,putative_production_like,4.844357564622744e-15,True
C18_negative|IK:RGHHSNMVTDWUBI-UHFFFAOYSA-N,Gluconacetobacter diazotrophicus,0.6990950395242197,1.0990728635660811e-16,0.6990950395242197,0.3989683601456417,positive,putative_production_like,5.361331041785762e-15,True
C18_negative|IK:RGHHSNMVTDWUBI-UHFFFAOYSA-N,Ornithinimicrobium sp. AMA3305,0.6988072548679485,1.1449611897933406e-16,0.6988072548679485,0.4121513367047678,positive,putative_production_like,5.540134789322616e-15,True
C18_negative|IK:WLJVXDMOQOGPHL-UHFFFAOYSA-N,Saccharopolyspora erythraea,0.6986030079538179,1.1786523184648823e-16,0.6986030079538179,0.3871116454605561,positive,putative_production_like,5.657531128631436e-15,True
C18_negative|IK:RGHHSNMVTDWUBI-UHFFFAOYSA-N,Komagataeibacter hansenii,0.6984237479837712,1.209013452727749e-16,0.6984237479837712,0.5466732324099506,positive,putative_production_like,5.757206917751185e-15,True
C18_negative|IK:RGHHSNMVTDWUBI-UHFFFAOYSA-N,Kocuria flava,0.6982345267526541,1.2418853864432663e-16,0.6982345267526541,0.4731852393949882,positive,putative_production_like,5.8671750540626756e-15,True
C18_negative|IK:RGHHSNMVTDWUBI-UHFFFAOYSA-N,Sulfurihydrogenibium sp. YO3AOP1,0.6979452198659625,1.2938284940415166e-16,0.6979452198659625,0.4327747469494913,positive,putative_production_like,6.0648210658196095e-15,True
C18_negative|IK:RGHHSNMVTDWUBI-UHFFFAOYSA-N,Actinoalloteichus sp. GBA129-24,0.6975067907246343,1.3765886154272361e-16,0.6975067907246343,0.4719065394711679,positive,putative_production_like,6.363467195035377e-15,True
C18_negative|IK:RGHHSNMVTDWUBI-UHFFFAOYSA-N,Brevibacterium linens,0.6974956805326217,1.3787512255909983e-16,0.6974956805326217,0.4344026164905679,positive,putative_production_like,6.363467195035377e-15,True
C18_negative|IK:RGHHSNMVTDWUBI-UHFFFAOYSA-N,Komagataeibacter nataicola,0.6974219383160241,1.3931890662355906e-16,0.6974219383160241,0.3920149949040485,positive,putative_production_like,6.381018623979804e-15,True
C18_negative|IK:RGHHSNMVTDWUBI-UHFFFAOYSA-N,Methylocella silvestris,0.6972626248530865,1.4248836608905154e-16,0.6972626248530865,0.4054778020239222,positive,putative_production_like,6.476743913138708e-15,True
C18_negative|IK:RGHHSNMVTDWUBI-UHFFFAOYSA-N,Beijerinckia indica,0.6968746885564095,1.5050177841665108e-16,0.6968746885564095,0.4216989039507841,positive,putative_production_like,6.7895539135331314e-15,True
C18_negative|IK:WLJVXDMOQOGPHL-UHFFFAOYSA-N,Kutzneria albida,0.6965289669304864,1.580106389980287e-16,0.6965289669304864,0.3544434821157192,positive,putative_production_like,7.0187248486148136e-15,True
C18_negative|IK:WLJVXDMOQOGPHL-UHFFFAOYSA-N,Streptosporangium sp. 'caverna',0.6964704589049031,1.5931687733232474e-16,0.6964704589049031,0.4098620669506583,positive,putative_production_like,7.0187248486148136e-15,True
C18_negative|IK:RGHHSNMVTDWUBI-UHFFFAOYSA-N,Corynebacterium doosanense,0.6964696019382303,1.5933608748904362e-16,0.6964696019382303,0.4304991766405797,positive,putative_production_like,7.0187248486148136e-15,True
C18_negative|IK:RGHHSNMVTDWUBI-UHFFFAOYSA-N,Nocardia sp. CFHS0054,0.6963755441448385,1.614582563401024e-16,0.6963755441448385,0.4549398781000575,positive,putative_production_like,7.0187248486148136e-15,True
C18_positive|IK:MECHNRXZTMCUDQ-UHFFFAOYSA-N,Alcanivorax sp. N3-2A,-0.6963409513214149,1.6224563509983434e-16,0.6963409513214149,0.3530044926418001,negative,putative_consumption_like,7.0187248486148136e-15,True
C18_negative|IK:RGHHSNMVTDWUBI-UHFFFAOYSA-N,Actinoplanes derwentensis,0.6963010117401329,1.631593507462491e-16,0.6963010117401329,0.4218805562958874,positive,putative_production_like,7.0187248486148136e-15,True
C18_negative|IK:WLJVXDMOQOGPHL-UHFFFAOYSA-N,Kibdelosporangium phytohabitans,0.6962744297266825,1.6377024646767902e-16,0.6962744297266825,0.4112885185049562,positive,putative_production_like,7.0187248486148136e-15,True
C18_negative|IK:RGHHSNMVTDWUBI-UHFFFAOYSA-N,Streptomyces sp. CMB-StM0423,0.6962233789310129,1.6494970676626302e-16,0.6962233789310129,0.448413180608926,positive,putative_production_like,7.019136458138853e-15,True
C18_negative|IK:WLJVXDMOQOGPHL-UHFFFAOYSA-N,Amycolatopsis methanolica,0.6950869464253664,1.9344634905057507e-16,0.6950869464253664,0.4053793426670626,positive,putative_production_like,8.173789396503173e-15,True
C18_negative|IK:WLJVXDMOQOGPHL-UHFFFAOYSA-N,Amycolatopsis sp. AA4,0.6949862535514006,1.9619019703257024e-16,0.6949862535514006,0.4028413524517304,positive,putative_production_like,8.231756518849102e-15,True
C18_negative|IK:WLJVXDMOQOGPHL-UHFFFAOYSA-N,Actinoalloteichus hymeniacidonis,0.6948291350574061,2.0054725995919834e-16,0.6948291350574061,0.3830758515960744,positive,putative_production_like,8.342322458463858e-15,True
C18_negative|IK:RGHHSNMVTDWUBI-UHFFFAOYSA-N,Streptomyces sp. CNQ-509,0.6947914523748311,2.0160612607954323e-16,0.6947914523748311,0.4363733542768546,positive,putative_production_like,8.342322458463858e-15,True
C18_negative|IK:RGHHSNMVTDWUBI-UHFFFAOYSA-N,Luteipulveratus mongoliensis,0.6945534232471734,2.0842115441304102e-16,0.6945534232471734,0.4360495645604052,positive,putative_production_like,8.565252921083879e-15,True
C18_negative|IK:RGHHSNMVTDWUBI-UHFFFAOYSA-N,Tessaracoccus sp. T2.5-30,0.6942054787955857,2.187871598053765e-16,0.6942054787955857,0.4201077478622261,positive,putative_production_like,8.930088155321493e-15,True
C18_negative|IK:RGHHSNMVTDWUBI-UHFFFAOYSA-N,Dietzia sp. JS16-p6b,0.6934392349390198,2.434105093331256e-16,0.6934392349390198,0.4001577352955321,positive,putative_production_like,9.8679936216132e-15,True
C18_negative|IK:WLJVXDMOQOGPHL-UHFFFAOYSA-N,Alloactinosynnema sp. L-07,0.6932753021402924,2.4901754339746413e-16,0.6932753021402924,0.3298615430622638,positive,putative_production_like,1.0027552083119361e-14,True
C18_negative|IK:RGHHSNMVTDWUBI-UHFFFAOYSA-N,Corynebacterium glyciniphilum,0.6931513450972091,2.5334032556858657e-16,0.6931513450972091,0.4388835495977981,positive,putative_production_like,1.0133613022743462e-14,True
C18_negative|IK:WLJVXDMOQOGPHL-UHFFFAOYSA-N,Mycobacterium colombiense,0.6930300201851504,2.5764181681888093e-16,0.6930300201851504,0.3340701149323331,positive,putative_production_like,1.0237423184856194e-14,True
C18_negative|IK:RGHHSNMVTDWUBI-UHFFFAOYSA-N,Corynebacterium jeikeium,0.6929550753137597,2.603342718993121e-16,0.6929550753137597,0.3919893917280954,positive,putative_production_like,1.027635283813074e-14,True
C18_negative|IK:RGHHSNMVTDWUBI-UHFFFAOYSA-N,Acidipropionibacterium acidipropionici,0.6925445855503861,2.7557298773635073e-16,0.6925445855503861,0.4167131259952081,positive,putative_production_like,1.0785962815521018e-14,True
C18_negative|IK:RGHHSNMVTDWUBI-UHFFFAOYSA-N,Corynebacterium epidermidicanis,0.6925057890911324,2.7705722655943184e-16,0.6925057890911324,0.4347529802704057,positive,putative_production_like,1.0785962815521018e-14,True
C18_negative|IK:RGHHSNMVTDWUBI-UHFFFAOYSA-N,Corynebacterium sp. 2183,0.6924278407650545,2.800627960852477e-16,0.6924278407650545,0.4164358595362181,positive,putative_production_like,1.0785962815521018e-14,True
C18_negative|IK:WLJVXDMOQOGPHL-UHFFFAOYSA-N,Jatrophihabitans sp. GAS493,0.692418243502621,2.8043503320354647e-16,0.692418243502621,0.3964125157804381,positive,putative_production_like,1.0785962815521018e-14,True
C18_negative|IK:RGHHSNMVTDWUBI-UHFFFAOYSA-N,Amycolatopsis sp. BJA-103,0.691883230994234,3.0196313749841592e-16,0.691883230994234,0.4146130262176442,positive,putative_production_like,1.1539992515863028e-14,True
C18_negative|IK:RGHHSNMVTDWUBI-UHFFFAOYSA-N,Nocardia cyriacigeorgica,0.6916623939617731,3.1130960662219823e-16,0.6916623939617731,0.4097494123664686,positive,putative_production_like,1.1821883795779678e-14,True
C18_negative|IK:WLJVXDMOQOGPHL-UHFFFAOYSA-N,Saccharomonospora marina,0.6916095048760488,3.135893671258489e-16,0.6916095048760488,0.3449432453984911,positive,putative_production_like,1.1833561023616944e-14,True
C18_negative|IK:WLJVXDMOQOGPHL-UHFFFAOYSA-N,Nocardia sp. Y48,0.691491349914465,3.187410793130255e-16,0.691491349914465,0.4036802791033005,positive,putative_production_like,1.1952790474238456e-14,True
C18_negative|IK:WLJVXDMOQOGPHL-UHFFFAOYSA-N,Nocardiopsis alba,0.6911895452451328,3.322758949870256e-16,0.6911895452451328,0.4278490882188066,positive,putative_production_like,1.2382952608212135e-14,True
C18_negative|IK:WLJVXDMOQOGPHL-UHFFFAOYSA-N,Nonomuraea sp. ATCC 55076,0.691055633747682,3.3845848720272354e-16,0.691055633747682,0.4093371638576482,positive,putative_production_like,1.25354995260268e-14,True
C18_negative|IK:RGHHSNMVTDWUBI-UHFFFAOYSA-N,Amycolatopsis japonica,0.6909847646715144,3.4177549557947033e-16,0.6909847646715144,0.4254667017348521,positive,putative_production_like,1.2580693088814856e-14,True
C18_negative|IK:WLJVXDMOQOGPHL-UHFFFAOYSA-N,Corynebacterium minutissimum,0.6909331235248096,3.4421239733184097e-16,0.6909331235248096,0.3246815682455675,positive,putative_production_like,1.259313648775028e-14,True
C18_positive|IK:LVGKNOAMLMIIKO-QXMHVHEDSA-N,Catenulispora acidiphila,0.6907530294508136,3.5284355992364904e-16,0.6907530294508136,0.309329203232346,positive,putative_production_like,1.2830674906314512e-14,True
C18_negative|IK:WLJVXDMOQOGPHL-UHFFFAOYSA-N,Mycobacterium shigaense,0.6906795816185786,3.564235960096687e-16,0.6906795816185786,0.3630198571926661,positive,putative_production_like,1.2882780578662724e-14,True
C18_negative|IK:WLJVXDMOQOGPHL-UHFFFAOYSA-N,Actinoalloteichus sp. AHMU CJ021,0.6906158800732173,3.5955710268735096e-16,0.6906158800732173,0.399466531128362,positive,putative_production_like,1.2918219258228178e-14,True
C18_negative|IK:WLJVXDMOQOGPHL-UHFFFAOYSA-N,Actinosynnema mirum,0.6905122006550386,3.647143994373698e-16,0.6905122006550386,0.3799001352230027,positive,putative_production_like,1.3025514265620352e-14,True
C18_negative|IK:RGHHSNMVTDWUBI-UHFFFAOYSA-N,Aeromicrobium marinum,0.690275049472683,3.767823434127032e-16,0.690275049472683,0.3984606202838243,positive,putative_production_like,1.3376887931811948e-14,True
C18_negative|IK:WLJVXDMOQOGPHL-UHFFFAOYSA-N,Allokutzneria albata,0.6896600354482942,4.09912694558787e-16,0.6896600354482942,0.369429341826005,positive,putative_production_like,1.4467506866780718e-14,True
C18_negative|IK:WLJVXDMOQOGPHL-UHFFFAOYSA-N,Frankia symbiont of Datisca glomerata,0.6892368418293853,4.3433413598110684e-16,0.6892368418293853,0.376917381448667,positive,putative_production_like,1.523979424495112e-14,True
C18_negative|IK:WLJVXDMOQOGPHL-UHFFFAOYSA-N,Streptosporangium roseum,0.6884684012537021,4.823373457503691e-16,0.6884684012537021,0.3657283727889902,positive,putative_production_like,1.6825721363384967e-14,True
C18_negative|IK:RGHHSNMVTDWUBI-UHFFFAOYSA-N,Spirosoma pollinicola,0.688399115300983,4.869102233179379e-16,0.688399115300983,0.4516717783476736,positive,putative_production_like,1.6887059768252183e-14,True
C18_negative|IK:WLJVXDMOQOGPHL-UHFFFAOYSA-N,Nakamurella panacisegetis,0.6881138121843086,5.061875971714059e-16,0.6881138121843086,0.3823335067245317,positive,putative_production_like,1.7454744730048477e-14,True
C18_negative|IK:WLJVXDMOQOGPHL-UHFFFAOYSA-N,Actinopolyspora erythraea,0.6878346490750928,5.25766045806136e-16,0.6878346490750928,0.3919962036902227,positive,putative_production_like,1.7969300182370667e-14,True
C18_negative|IK:RGHHSNMVTDWUBI-UHFFFAOYSA-N,Brevibacterium aurantiacum,0.6878160048871456,5.270994720162062e-16,0.6878160048871456,0.4212081771990936,positive,putative_production_like,1.7969300182370667e-14,True
C18_negative|IK:WLJVXDMOQOGPHL-UHFFFAOYSA-N,Nocardiopsis dassonvillei,0.6876075961070873,5.422299896846183e-16,0.6876075961070873,0.3795682426596962,positive,putative_production_like,1.8380677616427742e-14,True
C18_negative|IK:WLJVXDMOQOGPHL-UHFFFAOYSA-N,Frankia sp. QA3,0.6874385573412891,5.548110408808353e-16,0.6874385573412891,0.4105140058946399,positive,putative_production_like,1.870149576002816e-14,True
C18_negative|IK:WLJVXDMOQOGPHL-UHFFFAOYSA-N,Frankia inefficax,0.6872950090563987,5.657169504017641e-16,0.6872950090563987,0.3796192015191511,positive,putative_production_like,1.896257934307589e-14,True
C18_negative|IK:RGHHSNMVTDWUBI-UHFFFAOYSA-N,Auraticoccus monumenti,0.6872337351672266,5.704352578496282e-16,0.6872337351672266,0.3996920047261847,positive,putative_production_like,1.9014508594987608e-14,True
C18_negative|IK:WLJVXDMOQOGPHL-UHFFFAOYSA-N,Plantactinospora sp. BC1,0.6870856975959019,5.8199281433759705e-16,0.6870856975959019,0.4014571476370685,positive,putative_production_like,1.929257948080432e-14,True
C18_negative|IK:WLJVXDMOQOGPHL-UHFFFAOYSA-N,Corynebacterium terpenotabidum,0.6867878249294083,6.059409292534282e-16,0.6867878249294083,0.4475725106080785,positive,putative_production_like,1.9976074590772363e-14,True
C18_negative|IK:RGHHSNMVTDWUBI-UHFFFAOYSA-N,Haematospirillum jordaniae,0.6865564369040891,6.252011466234543e-16,0.6865564369040891,0.4546134454468675,positive,putative_production_like,2.0478954444132215e-14,True
C18_negative|IK:WLJVXDMOQOGPHL-UHFFFAOYSA-N,Kytococcus sedentarius,0.6865231385397595,6.280212696200547e-16,0.6865231385397595,0.3522438125540268,positive,putative_production_like,2.0478954444132215e-14,True
C18_negative|IK:WLJVXDMOQOGPHL-UHFFFAOYSA-N,Nocardiopsis gilva,0.6861742178592302,6.583245846757888e-16,0.6861742178592302,0.4364472984167373,positive,putative_production_like,2.130537836055745e-14,True
C18_negative|IK:WLJVXDMOQOGPHL-UHFFFAOYSA-N,Stackebrandtia nassauensis,0.6861501459416565,6.604667291772809e-16,0.6861501459416565,0.3479575429425008,positive,putative_production_like,2.130537836055745e-14,True
C18_negative|IK:RGHHSNMVTDWUBI-UHFFFAOYSA-N,Alcanivorax sp. N3-2A,0.6858838985933713,6.84615672760908e-16,0.6858838985933713,0.4238599004886287,positive,putative_production_like,2.188044048916455e-14,True
C18_negative|IK:WLJVXDMOQOGPHL-UHFFFAOYSA-N,Frankineae bacterium MT45,0.6858579512838521,6.870144292081006e-16,0.6858579512838521,0.4068909672730747,positive,putative_production_like,2.188044048916455e-14,True
C18_negative|IK:WLJVXDMOQOGPHL-UHFFFAOYSA-N,Verrucosispora maris,0.6858308575776735,6.895278706694364e-16,0.6858308575776735,0.3696955104364527,positive,putative_production_like,2.188044048916455e-14,True
C18_negative|IK:WLJVXDMOQOGPHL-UHFFFAOYSA-N,Rhodococcus sp. 2G,0.6857948653801664,6.928806154902108e-16,0.6857948653801664,0.3410109115734219,positive,putative_production_like,2.188044048916455e-14,True
C18_negative|IK:WLJVXDMOQOGPHL-UHFFFAOYSA-N,Actinopolymorpha singaporensis,0.6856097327108075,7.103775964571419e-16,0.6856097327108075,0.349459542573844,positive,putative_production_like,2.2315526590276712e-14,True
C18_negative|IK:RGHHSNMVTDWUBI-UHFFFAOYSA-N,Xylanimonas cellulosilytica,0.6852278047916142,7.478387887508623e-16,0.6852278047916142,0.4082823743940396,positive,putative_production_like,2.336996214846445e-14,True
C18_negative|IK:RGHHSNMVTDWUBI-UHFFFAOYSA-N,Gloeomargarita lithophora,0.6851249244116917,7.582531127344754e-16,0.6851249244116917,0.400201359759579,positive,putative_production_like,2.3572635629051043e-14,True
C18_negative|IK:WLJVXDMOQOGPHL-UHFFFAOYSA-N,Plantactinospora sp. KBS50,0.6850351247563982,7.674582227407432e-16,0.6850351247563982,0.3612564282886361,positive,putative_production_like,2.3735821321878653e-14,True
C18_negative|IK:AIONOLUJZLIMTK-UHFFFAOYSA-N,Mycobacterium marseillense,0.6846717510669166,8.058262798786106e-16,0.6846717510669166,0.3162366397594613,positive,putative_production_like,2.4794654765495703e-14,True
C18_negative|IK:WLJVXDMOQOGPHL-UHFFFAOYSA-N,Frankia alni,0.6845944780054708,8.142221613552738e-16,0.6845944780054708,0.3746448730819023,positive,putative_production_like,2.492516820475328e-14,True
C18_negative|IK:WLJVXDMOQOGPHL-UHFFFAOYSA-N,Bradyrhizobium erythrophlei,0.6845552010920143,8.185221552089419e-16,0.6845552010920143,0.3375348340631037,positive,putative_production_like,2.49296087880896e-14,True
C18_negative|IK:RGHHSNMVTDWUBI-UHFFFAOYSA-N,Pseudomonas fulva,-0.684424073193673,8.33038067970353e-16,0.684424073193673,0.3985610994082909,negative,putative_consumption_like,2.5243577817283423e-14,True
C18_negative|IK:WLJVXDMOQOGPHL-UHFFFAOYSA-N,Corynebacterium efficiens,0.6842956216230629,8.47499745702331e-16,0.6842956216230629,0.3302961593844764,positive,putative_production_like,2.5552756151829072e-14,True
C18_positive|IK:MECHNRXZTMCUDQ-UHFFFAOYSA-N,Thermobifida fusca,-0.6839119479349904,8.92160956374934e-16,0.6839119479349904,0.2865520240563559,negative,putative_consumption_like,2.6764828691248023e-14,True
C18_negative|IK:WLJVXDMOQOGPHL-UHFFFAOYSA-N,Pseudonocardia sp. HH130630-07,0.6838226205732667,9.02882199786759e-16,0.6838226205732667,0.3369103338045218,positive,putative_production_like,2.6951707456321163e-14,True
C18_negative|IK:RGHHSNMVTDWUBI-UHFFFAOYSA-N,Methylosinus trichosporium,0.6836101009785844,9.288941349338475e-16,0.6836101009785844,0.4364861168139953,positive,putative_production_like,2.759091489902518e-14,True
C18_negative|IK:RGHHSNMVTDWUBI-UHFFFAOYSA-N,Brevibacterium sandarakinum,0.683274347201676,9.714779280099324e-16,0.683274347201676,0.4595275945218184,positive,putative_production_like,2.8713633340195054e-14,True
C18_negative|IK:WLJVXDMOQOGPHL-UHFFFAOYSA-N,Corynebacterium sphenisci,0.6829855349038596,1.009618453817149e-15,0.6829855349038596,0.3249308507396038,positive,putative_production_like,2.969466040638673e-14,True
C18_negative|IK:WLJVXDMOQOGPHL-UHFFFAOYSA-N,Frankia sp. EAN1pec,0.6829390928919847,1.0158856445167186e-15,0.6829390928919847,0.3776888965638645,positive,putative_production_like,2.973323837609908e-14,True
C18_negative|IK:RGHHSNMVTDWUBI-UHFFFAOYSA-N,Clostridium sp. SY8519,0.6824322347855375,1.0867857448868685e-15,0.6824322347855375,0.4291894707597516,positive,putative_production_like,3.1653953734568984e-14,True
C18_negative|IK:WLJVXDMOQOGPHL-UHFFFAOYSA-N,Brachybacterium sp. VR2415,0.6822328132820047,1.1159774945632281e-15,0.6822328132820047,0.3779565124998369,positive,putative_production_like,3.2302411417586745e-14,True
C18_positive|IK:MECHNRXZTMCUDQ-UHFFFAOYSA-N,Frankia symbiont of Datisca glomerata,-0.6822069618923013,1.1198169291430068e-15,0.6822069618923013,0.2874220834867507,negative,putative_consumption_like,3.2302411417586745e-14,True
C18_positive|IK:MECHNRXZTMCUDQ-UHFFFAOYSA-N,Candidatus Solibacter usitatus,-0.682053534903524,1.1428689366156498e-15,0.682053534903524,0.3504123271643995,negative,putative_consumption_like,3.2809634543989945e-14,True
C18_negative|IK:WLJVXDMOQOGPHL-UHFFFAOYSA-N,Actinoalloteichus hoggarensis,0.6820028341005915,1.1505873115337565e-15,0.6820028341005915,0.3214954997949615,positive,putative_production_like,3.2873923186678755e-14,True
C18_negative|IK:WLJVXDMOQOGPHL-UHFFFAOYSA-N,Plantactinospora sp. BB1,0.6816301298357959,1.2088984594139113e-15,0.6816301298357959,0.3969635014199304,positive,putative_production_like,3.4376259509400315e-14,True
C18_negative|IK:WLJVXDMOQOGPHL-UHFFFAOYSA-N,Hoyosella subflava,0.6815744767532368,1.2178480228585513e-15,0.6815744767532368,0.3448129423716235,positive,putative_production_like,3.446739687335521e-14,True
C18_negative|IK:WLJVXDMOQOGPHL-UHFFFAOYSA-N,Frankia casuarinae,0.6812918607703385,1.2642966402689289e-15,0.6812918607703385,0.4800087201548724,positive,putative_production_like,3.5613989866730394e-14,True
C18_negative|IK:WLJVXDMOQOGPHL-UHFFFAOYSA-N,Mycobacterium paragordonae,0.6809871968731895,1.3162934576788562e-15,0.6809871968731895,0.3567678550634832,positive,putative_production_like,3.687219269541261e-14,True
C18_negative|IK:RGHHSNMVTDWUBI-UHFFFAOYSA-N,Methylocystis bryophila,0.680958746871608,1.3212535715856186e-15,0.680958746871608,0.4143675517416572,positive,putative_production_like,3.687219269541261e-14,True
C18_negative|IK:WLJVXDMOQOGPHL-UHFFFAOYSA-N,Dietzia lutea,0.6808899330783937,1.3333259952629658e-15,0.6808899330783937,0.3716862253212554,positive,putative_production_like,3.703683320174905e-14,True
C18_negative|IK:WLJVXDMOQOGPHL-UHFFFAOYSA-N,Actinomyces sp. Z16,0.6806610923727845,1.374247481731252e-15,0.6806610923727845,0.3965971589993957,positive,putative_production_like,3.7997626222983924e-14,True
C18_negative|IK:WLJVXDMOQOGPHL-UHFFFAOYSA-N,Gordonia iterans,0.6806108979833579,1.3833848602928896e-15,0.6806108979833579,0.3792779180662831,positive,putative_production_like,3.800021283629314e-14,True
C18_negative|IK:WLJVXDMOQOGPHL-UHFFFAOYSA-N,Salinispora tropica,0.6805910852403413,1.3870077685246996e-15,0.6805910852403413,0.3907259371400826,positive,putative_production_like,3.800021283629314e-14,True
C18_negative|IK:WLJVXDMOQOGPHL-UHFFFAOYSA-N,Gordonia bronchialis,0.6805087847326662,1.4021558053377956e-15,0.6805087847326662,0.3354153823508188,positive,putative_production_like,3.8240612872848976e-14,True
C18_negative|IK:AIONOLUJZLIMTK-UHFFFAOYSA-N,Mycobacterium colombiense,0.6802488437044275,1.4510613351799434e-15,0.6802488437044275,0.4566785877909849,positive,putative_production_like,3.9395330366876295e-14,True
C18_negative|IK:WLJVXDMOQOGPHL-UHFFFAOYSA-N,Pseudonocardia sp. AL041005-10,0.6800648883431994,1.4866665258339889e-15,0.6800648883431994,0.3875940339998154,positive,putative_production_like,4.018017637389159e-14,True
C18_negative|IK:RGHHSNMVTDWUBI-UHFFFAOYSA-N,Methylocystis rosea,0.6797352294623092,1.552604700374225e-15,0.6797352294623092,0.4128205080209186,positive,putative_production_like,4.150808424361463e-14,True
C18_negative|IK:WLJVXDMOQOGPHL-UHFFFAOYSA-N,Thermobifida fusca,0.6797232635053229,1.5550507125557434e-15,0.6797232635053229,0.4055221183521014,positive,putative_production_like,4.150808424361463e-14,True
C18_negative|IK:WLJVXDMOQOGPHL-UHFFFAOYSA-N,Pseudonocardia sp. HH130629-09,0.6797153078887261,1.5566790223677028e-15,0.6797153078887261,0.3536919593455621,positive,putative_production_like,4.150808424361463e-14,True
C18_negative|IK:WLJVXDMOQOGPHL-UHFFFAOYSA-N,Thermobispora bispora,0.6796822095444589,1.563471173176151e-15,0.6796822095444589,0.3940874210907252,positive,putative_production_like,4.150808424361463e-14,True
C18_negative|IK:RGHHSNMVTDWUBI-UHFFFAOYSA-N,Nocardia nova,0.6795427213599655,1.5924129292383418e-15,0.6795427213599655,0.4196690325135144,positive,putative_production_like,4.2090209583392295e-14,True
C18_negative|IK:WLJVXDMOQOGPHL-UHFFFAOYSA-N,Actinomyces sp. 2129,0.6794552728077737,1.6108215408835947e-15,0.6794552728077737,0.4061209469585667,positive,putative_production_like,4.239004054956828e-14,True
C18_negative|IK:WLJVXDMOQOGPHL-UHFFFAOYSA-N,Kineococcus radiotolerans,0.679184555352027,1.6691278930201577e-15,0.679184555352027,0.3619689779874568,positive,putative_production_like,4.373260855074648e-14,True
C18_negative|IK:RGHHSNMVTDWUBI-UHFFFAOYSA-N,Actinoalloteichus sp. ADI127-7,0.6791271965673179,1.6817419033633836e-15,0.6791271965673179,0.4136784869458894,positive,putative_production_like,4.38715279138274e-14,True
C18_negative|IK:WLJVXDMOQOGPHL-UHFFFAOYSA-N,Rhodococcus sp. WB1,0.678768959506771,1.7626412016430732e-15,0.678768959506771,0.3454947583544894,positive,putative_production_like,4.5782888354365544e-14,True
C18_negative|IK:RGHHSNMVTDWUBI-UHFFFAOYSA-N,Corynebacterium frankenforstense,0.6784142521285099,1.84645675527648e-15,0.6784142521285099,0.421978552524787,positive,putative_production_like,4.7753191946805523e-14,True
HILICZ_positive|IK:OYTCZOJKXCTBHG-UHFFFAOYSA-N,Catenulispora acidiphila,0.6777686780220712,2.0090296537208974e-15,0.6777686780220712,0.2981006817875187,positive,putative_production_like,5.1734669194529555e-14,True
C18_positive|IK:MECHNRXZTMCUDQ-UHFFFAOYSA-N,Halomonas sp. JS92-SW72,-0.677434502838755,2.0985531354420824e-15,0.677434502838755,0.3489202379880374,negative,putative_consumption_like,5.377670135217649e-14,True
C18_negative|IK:WLJVXDMOQOGPHL-UHFFFAOYSA-N,Paludisphaera borealis,0.6774064055143649,2.1062541362935788e-15,0.6774064055143649,0.3466079160845674,positive,putative_production_like,5.377670135217649e-14,True
C18_positive|IK:MECHNRXZTMCUDQ-UHFFFAOYSA-N,Streptacidiphilus sp. DSM 106435,-0.6772240143328312,2.156915087108877e-15,0.6772240143328312,0.3609394992262462,negative,putative_consumption_like,5.4644768552231286e-14,True
C18_negative|IK:WLJVXDMOQOGPHL-UHFFFAOYSA-N,Mycobacterium haemophilum,0.6772184880843721,2.158468357813136e-15,0.6772184880843721,0.3453098241459331,positive,putative_production_like,5.4644768552231286e-14,True
C18_negative|IK:RGHHSNMVTDWUBI-UHFFFAOYSA-N,Actinomyces hongkongensis,0.676835277733467,2.2688650344734478e-15,0.676835277733467,0.464591406696627,positive,putative_production_like,5.694948373462651e-14,True
HILICZ_positive|IK:OYTCZOJKXCTBHG-UHFFFAOYSA-N,Kitasatospora setae,0.6768097817872216,2.2764011728041164e-15,0.6768097817872216,0.329219675708952,positive,putative_production_like,5.694948373462651e-14,True
C18_negative|IK:WLJVXDMOQOGPHL-UHFFFAOYSA-N,Mycobacterium marseillense,0.6768044529345079,2.2779793493850605e-15,0.6768044529345079,0.3931609926583022,positive,putative_production_like,5.694948373462651e-14,True
C18_negative|IK:WLJVXDMOQOGPHL-UHFFFAOYSA-N,Acidothermus cellulolyticus,0.6767009088447131,2.3088561224081483e-15,0.6767009088447131,0.4041724182855457,positive,putative_production_like,5.745971538965352e-14,True
C18_positive|IK:MECHNRXZTMCUDQ-UHFFFAOYSA-N,Opitutus sp. GAS368,-0.6766720235659462,2.317541854049359e-15,0.6766720235659462,0.3668420854001937,negative,putative_consumption_like,5.745971538965352e-14,True
C18_negative|IK:WLJVXDMOQOGPHL-UHFFFAOYSA-N,Micromonospora echinospora,0.676374180564812,2.4089707887610573e-15,0.676374180564812,0.3404480885201302,positive,putative_production_like,5.94807602163224e-14,True
C18_negative|IK:RGHHSNMVTDWUBI-UHFFFAOYSA-N,Komagataeibacter saccharivorans,0.6758986693896246,2.5622337565796604e-15,0.6758986693896246,0.4145918798273458,positive,putative_production_like,6.30057481126146e-14,True
C18_negative|IK:WLJVXDMOQOGPHL-UHFFFAOYSA-N,Rhodococcus ruber,0.6757364197233922,2.616660932972343e-15,0.6757364197233922,0.3341596509105655,positive,putative_production_like,6.408149223605737e-14,True
C18_negative|IK:AIONOLUJZLIMTK-UHFFFAOYSA-N,Kutzneria albida,0.675617896922931,2.657126778725919e-15,0.675617896922931,0.327723598944162,positive,putative_production_like,6.461972558447685e-14,True
C18_positive|IK:MECHNRXZTMCUDQ-UHFFFAOYSA-N,Nocardiopsis gilva,-0.6756090290853676,2.6601787032276303e-15,0.6756090290853676,0.3148821801290071,negative,putative_consumption_like,6.461972558447685e-14,True
C18_negative|IK:WLJVXDMOQOGPHL-UHFFFAOYSA-N,Brachybacterium sp. VM2412,0.6754594140385186,2.7121851478746467e-15,0.6754594140385186,0.329251141738085,positive,putative_production_like,6.561738260987048e-14,True
C18_negative|IK:WLJVXDMOQOGPHL-UHFFFAOYSA-N,Mycolicibacter terrae,0.6754075413527635,2.730445328470235e-15,0.6754075413527635,0.3974702650564694,positive,putative_production_like,6.579386333663217e-14,True
C18_positive|IK:MECHNRXZTMCUDQ-UHFFFAOYSA-N,Actinomadura amylolytica,-0.675310674876355,2.7648639067244565e-15,0.675310674876355,0.3484652057916007,negative,putative_consumption_like,6.635673376138696e-14,True
C18_negative|IK:WLJVXDMOQOGPHL-UHFFFAOYSA-N,Tsukamurella paurometabola,0.6751381970092847,2.8271931082680266e-15,0.6751381970092847,0.3788115366899842,positive,putative_production_like,6.758230537692494e-14,True
C18_negative|IK:WLJVXDMOQOGPHL-UHFFFAOYSA-N,Actinomadura amylolytica,0.6751068860049106,2.8386533299502527e-15,0.6751068860049106,0.3903573519492247,positive,putative_production_like,6.758698404643459e-14,True
C18_negative|IK:WLJVXDMOQOGPHL-UHFFFAOYSA-N,Streptacidiphilus sp. DSM 106435,0.6749044003487216,2.9138607833884272e-15,0.6749044003487216,0.3389118073265869,positive,putative_production_like,6.893997408793743e-14,True
C18_negative|IK:WLJVXDMOQOGPHL-UHFFFAOYSA-N,Thermomonospora curvata,0.6748921855219198,2.9184589030560175e-15,0.6748921855219198,0.3390502690873407,positive,putative_production_like,6.893997408793743e-14,True
C18_positive|IK:MECHNRXZTMCUDQ-UHFFFAOYSA-N,Weeksella virosa,-0.6747844448562894,2.9593224617964853e-15,0.6747844448562894,0.335991979862841,negative,putative_consumption_like,6.963111674815259e-14,True
C18_negative|IK:WLJVXDMOQOGPHL-UHFFFAOYSA-N,Saccharomonospora cyanea,0.6746658783720443,3.0049333088784535e-15,0.6746658783720443,0.3197264224265539,positive,putative_production_like,7.042812442683877e-14,True
HILICZ_positive|IK:OYTCZOJKXCTBHG-UHFFFAOYSA-N,Kitasatospora sp. MMS16-BH015,0.6744492341584565,3.090040301153632e-15,0.6744492341584565,0.2845956996894432,positive,putative_production_like,7.214101870397585e-14,True
C18_positive|IK:MECHNRXZTMCUDQ-UHFFFAOYSA-N,Frankia inefficax,-0.6742812775288625,3.1576247712584632e-15,0.6742812775288625,0.3535605059793232,negative,putative_consumption_like,7.343313421531311e-14,True
C18_negative|IK:WLJVXDMOQOGPHL-UHFFFAOYSA-N,Brachybacterium sp. P6-10-X1,0.6741515376850508,3.210810244930102e-15,0.6741515376850508,0.3450332518127563,positive,putative_production_like,7.438170451575527e-14,True
C18_positive|IK:MECHNRXZTMCUDQ-UHFFFAOYSA-N,Thermobispora bispora,-0.6738346321695091,3.3444007469251148e-15,0.6738346321695091,0.3163719205227724,negative,putative_consumption_like,7.717847877519497e-14,True
C18_negative|IK:RGHHSNMVTDWUBI-UHFFFAOYSA-N,Gordonia rubripertincta,0.6736561977194692,3.4219747432015184e-15,0.6736561977194692,0.3973230882858978,positive,putative_production_like,7.866608605060962e-14,True
C18_negative|IK:WLJVXDMOQOGPHL-UHFFFAOYSA-N,Brachybacterium saurashtrense,0.6736049076678161,3.444593959223388e-15,0.6736049076678161,0.3362715967035514,positive,putative_production_like,7.888383112725317e-14,True
C18_negative|IK:WLJVXDMOQOGPHL-UHFFFAOYSA-N,Nocardia seriolae,0.6733505480268873,3.558927605774731e-15,0.6733505480268873,0.3388999939105832,positive,putative_production_like,8.119226477052619e-14,True
C18_negative|IK:WLJVXDMOQOGPHL-UHFFFAOYSA-N,Micromonospora sp. L5,0.6732759111117949,3.593169184326114e-15,0.6732759111117949,0.3584347023169667,positive,putative_production_like,8.14287437425964e-14,True
HILICZ_positive|IK:OYTCZOJKXCTBHG-UHFFFAOYSA-N,Kitasatospora aureofaciens,0.6732688260639679,3.596436181964674e-15,0.6732688260639679,0.2861939158175648,positive,putative_production_like,8.14287437425964e-14,True
C18_negative|IK:WLJVXDMOQOGPHL-UHFFFAOYSA-N,Nocardia brasiliensis,0.672942346183335,3.750144617168543e-15,0.672942346183335,0.3266485065957711,positive,putative_production_like,8.458972820680923e-14,True
C18_negative|IK:WLJVXDMOQOGPHL-UHFFFAOYSA-N,Nocardia terpenica,0.6728982311447784,3.7713965724142705e-15,0.6728982311447784,0.346178784380541,positive,putative_production_like,8.475048477335438e-14,True
C18_positive|IK:MECHNRXZTMCUDQ-UHFFFAOYSA-N,Thermomonospora curvata,-0.6727265104909075,3.855238730041255e-15,0.6727265104909075,0.3492408128248185,negative,putative_consumption_like,8.63113148516699e-14,True
C18_negative|IK:WLJVXDMOQOGPHL-UHFFFAOYSA-N,Brevibacterium linens,0.6723802918040539,4.029809471922427e-15,0.6723802918040539,0.3557060032984895,positive,putative_production_like,8.940278841483159e-14,True
C18_positive|IK:MECHNRXZTMCUDQ-UHFFFAOYSA-N,Frankineae bacterium MT45,-0.6723726657946073,4.033739654415518e-15,0.6723726657946073,0.3175556178363616,negative,putative_consumption_like,8.940278841483159e-14,True
C18_positive|IK:LVGKNOAMLMIIKO-QXMHVHEDSA-N,Streptacidiphilus sp. DSM 106435,0.6723643570156629,4.038025943403226e-15,0.6723643570156629,0.3538558867538439,positive,putative_production_like,8.940278841483159e-14,True
C18_negative|IK:AIONOLUJZLIMTK-UHFFFAOYSA-N,Mycobacterium avium,0.6721814770411363,4.133495280064802e-15,0.6721814770411363,0.3252900632962623,positive,putative_production_like,9.118004294260593e-14,True
C18_negative|IK:RGHHSNMVTDWUBI-UHFFFAOYSA-N,Lawsonella clevelandensis,0.6720579414773966,4.199219567932823e-15,0.6720579414773966,0.4536023661021873,positive,putative_production_like,9.229053995456753e-14,True
C18_negative|IK:WLJVXDMOQOGPHL-UHFFFAOYSA-N,Streptomyces sp. SCSIO 03032,0.6719213680291215,4.273059754367806e-15,0.6719213680291215,0.3883433672413545,positive,putative_production_like,9.35706515554994e-14,True
C18_positive|IK:MECHNRXZTMCUDQ-UHFFFAOYSA-N,Acidothermus cellulolyticus,-0.671814899194103,4.331495255551826e-15,0.671814899194103,0.3003233723940135,negative,putative_consumption_like,9.450535103022167e-14,True
HILICZ_positive|IK:OYTCZOJKXCTBHG-UHFFFAOYSA-N,Streptomyces sp. TLI_053,0.6713128304883493,4.617660868833495e-15,0.6713128304883493,0.2993639684635245,positive,putative_production_like,1.0038393193116293e-13,True
C18_negative|IK:WLJVXDMOQOGPHL-UHFFFAOYSA-N,Cryobacterium sp. GCJ02,0.6711410472577505,4.7197176061073135e-15,0.6711410472577505,0.3316322656310109,positive,putative_production_like,1.022321503127938e-13,True
C18_negative|IK:RGHHSNMVTDWUBI-UHFFFAOYSA-N,Actinomyces gaoshouyii,0.670935964551496,4.844423427805884e-15,0.670935964551496,0.4028650935740114,positive,putative_production_like,1.0455590131955145e-13,True
C18_positive|IK:MECHNRXZTMCUDQ-UHFFFAOYSA-N,Nocardiopsis alba,-0.67074069317139,4.9661287447979786e-15,0.67074069317139,0.3338527476229469,negative,putative_consumption_like,1.0679846763006405e-13,True
C18_positive|IK:MECHNRXZTMCUDQ-UHFFFAOYSA-N,Desulfitobacterium hafniense,-0.6702465218273173,5.287520210674534e-15,0.6702465218273173,0.2875044557615309,negative,putative_consumption_like,1.1290078741653809e-13,True
C18_positive|IK:MECHNRXZTMCUDQ-UHFFFAOYSA-N,Salinispira pacifica,-0.6702465218273173,5.287520210674534e-15,0.6702465218273173,0.3708721297121262,negative,putative_consumption_like,1.1290078741653809e-13,True
C18_negative|IK:AIONOLUJZLIMTK-UHFFFAOYSA-N,Mycobacterium shigaense,0.6700766635480897,5.402577633030631e-15,0.6700766635480897,0.3840865154520907,positive,putative_production_like,1.1494846027724745e-13,True
C18_negative|IK:WLJVXDMOQOGPHL-UHFFFAOYSA-N,Micromonospora krabiensis,0.6699253621022979,5.5071063084940254e-15,0.6699253621022979,0.3758763573172969,positive,putative_production_like,1.1662870722373498e-13,True
C18_negative|IK:WLJVXDMOQOGPHL-UHFFFAOYSA-N,Dietzia sp. oral taxon 368,0.6699062834181827,5.5204254752567905e-15,0.6699062834181827,0.331965691552508,positive,putative_production_like,1.1662870722373498e-13,True
C18_negative|IK:WLJVXDMOQOGPHL-UHFFFAOYSA-N,Micromonospora coxensis,0.6698079911476869,5.589541476998622e-15,0.6698079911476869,0.3615357801387944,positive,putative_production_like,1.1767455741049731e-13,True
C18_negative|IK:RGHHSNMVTDWUBI-UHFFFAOYSA-N,Corynebacterium humireducens,0.669606323379949,5.733984012852337e-15,0.669606323379949,0.4319737198270372,positive,putative_production_like,1.202933708990001e-13,True
C18_negative|IK:WLJVXDMOQOGPHL-UHFFFAOYSA-N,Rhodococcus rhodochrous,0.6695458602429748,5.777990741991717e-15,0.6695458602429748,0.3192884217175793,positive,putative_production_like,1.2047811211657193e-13,True
C18_negative|IK:WLJVXDMOQOGPHL-UHFFFAOYSA-N,Kitasatospora setae,0.6695390753172683,5.782949381595452e-15,0.6695390753172683,0.333748965186361,positive,putative_production_like,1.2047811211657193e-13,True
C18_negative|IK:WLJVXDMOQOGPHL-UHFFFAOYSA-N,Micromonospora sp. B006,0.6695052900345971,5.807702223142586e-15,0.6695052900345971,0.3459538428778033,positive,putative_production_like,1.205751326603997e-13,True
C18_positive|IK:MECHNRXZTMCUDQ-UHFFFAOYSA-N,Nocardiopsis dassonvillei,-0.6694012251104098,5.884592715280536e-15,0.6694012251104098,0.3205665257616763,negative,putative_consumption_like,1.2175019410925248e-13,True
C18_negative|IK:WLJVXDMOQOGPHL-UHFFFAOYSA-N,Kitasatospora aureofaciens,0.6693359858898826,5.93329834434591e-15,0.6693359858898826,0.3259743583688665,positive,putative_production_like,1.2233604833702911e-13,True
C18_positive|IK:MECHNRXZTMCUDQ-UHFFFAOYSA-N,Jatrophihabitans sp. GAS493,-0.6692514998333868,5.996954141101418e-15,0.6692514998333868,0.2876580611456032,negative,putative_consumption_like,1.2303425278544565e-13,True
C18_negative|IK:WLJVXDMOQOGPHL-UHFFFAOYSA-N,Serinicoccus sp. JLT9,0.6692188328567142,6.021744054007352e-15,0.6692188328567142,0.3733478153598,positive,putative_production_like,1.2303425278544565e-13,True
HILICZ_positive|IK:OYTCZOJKXCTBHG-UHFFFAOYSA-N,Bradyrhizobium erythrophlei,0.6692097184543518,6.028678386486837e-15,0.6692097184543518,0.2869332694157611,positive,putative_production_like,1.2303425278544565e-13,True
C18_negative|IK:WLJVXDMOQOGPHL-UHFFFAOYSA-N,Mycobacteroides saopaulense,0.6688520166753326,6.307020010576773e-15,0.6688520166753326,0.3361666662726472,positive,putative_production_like,1.2810825674992506e-13,True
C18_negative|IK:AIONOLUJZLIMTK-UHFFFAOYSA-N,Streptomyces sp. SCSIO 03032,0.6688357025104826,6.320007332996303e-15,0.6688357025104826,0.3829965267181419,positive,putative_production_like,1.2810825674992506e-13,True
C18_negative|IK:WLJVXDMOQOGPHL-UHFFFAOYSA-N,Gordonia polyisoprenivorans,0.6685438024439043,6.556811680440328e-15,0.6685438024439043,0.3304517049851072,positive,putative_production_like,1.3246084202909754e-13,True
C18_positive|IK:MECHNRXZTMCUDQ-UHFFFAOYSA-N,Sediminispirochaeta smaragdinae,-0.66848180916528,6.6081998714907945e-15,0.66848180916528,0.2864846630597379,negative,putative_consumption_like,1.3305100412397573e-13,True
C18_negative|IK:WLJVXDMOQOGPHL-UHFFFAOYSA-N,Micromonospora sp. WMMA2032,0.6683321243460564,6.733892983982786e-15,0.6683321243460564,0.355815607672616,positive,putative_production_like,1.3512077687296993e-13,True
C18_positive|IK:MECHNRXZTMCUDQ-UHFFFAOYSA-N,Homo sapiens,-0.6683060323326178,6.756038843648496e-15,0.6683060323326178,0.3294776812423703,negative,putative_consumption_like,1.3512077687296993e-13,True
C18_positive|IK:MECHNRXZTMCUDQ-UHFFFAOYSA-N,Beggiatoa leptomitoformis,-0.6681389792498372,6.8995090499856484e-15,0.6681389792498372,0.3201252361577151,negative,putative_consumption_like,1.3753174186017906e-13,True
C18_negative|IK:WLJVXDMOQOGPHL-UHFFFAOYSA-N,Acidipropionibacterium acidipropionici,0.6676730130798889,7.315478925804117e-15,0.6676730130798889,0.3437408014738001,positive,putative_production_like,1.453406409100156e-13,True
C18_positive|IK:MECHNRXZTMCUDQ-UHFFFAOYSA-N,Corynebacterium lactis,-0.6674746398667514,7.499853899289889e-15,0.6674746398667514,0.2948378296942628,negative,putative_consumption_like,1.4851195840177996e-13,True
C18_negative|IK:WLJVXDMOQOGPHL-UHFFFAOYSA-N,Brachybacterium faecium,0.6670410186809669,7.918695222359944e-15,0.6670410186809669,0.3184265411228208,positive,putative_production_like,1.5629003728341997e-13,True
C18_negative|IK:AIONOLUJZLIMTK-UHFFFAOYSA-N,Bradyrhizobium sp. ORS 3257,0.6669974271916927,7.962033852038298e-15,0.6669974271916927,0.3399837911086947,positive,putative_production_like,1.5663017413845833e-13,True
C18_negative|IK:WLJVXDMOQOGPHL-UHFFFAOYSA-N,Nakamurella sp. s14-144,0.6669644237679593,7.994998673057734e-15,0.6669644237679593,0.3349103681212484,positive,putative_production_like,1.5676467986387716e-13,True
C18_negative|IK:WLJVXDMOQOGPHL-UHFFFAOYSA-N,Actinoalloteichus sp. ADI127-7,0.6669035173550908,8.056181532686058e-15,0.6669035173550908,0.4120909343756849,positive,putative_production_like,1.569817704148665e-13,True
HILICZ_positive|IK:OYTCZOJKXCTBHG-UHFFFAOYSA-N,Streptacidiphilus sp. DSM 106435,0.6669013197758751,8.058397547963148e-15,0.6669013197758751,0.2772207638718948,positive,putative_production_like,1.569817704148665e-13,True
C18_positive|IK:MECHNRXZTMCUDQ-UHFFFAOYSA-N,Nakamurella panacisegetis,-0.6668645124647234,8.095601587494229e-15,0.6668645124647234,0.3401002230518726,negative,putative_consumption_like,1.57196147329985e-13,True
C18_positive|IK:MECHNRXZTMCUDQ-UHFFFAOYSA-N,Streptomyces sp. TLI_053,-0.6666693329808023,8.295683985748588e-15,0.6666693329808023,0.3780847942170795,negative,putative_consumption_like,1.6056162553061786e-13,True
C18_positive|IK:MECHNRXZTMCUDQ-UHFFFAOYSA-N,Streptomyces sp. SCSIO 03032,-0.6666114431245455,8.355944043863924e-15,0.6666114431245455,0.3737081694925299,negative,putative_consumption_like,1.6120792367583133e-13,True
C18_positive|IK:MECHNRXZTMCUDQ-UHFFFAOYSA-N,Dermatophilus congolensis,-0.6663951782348828,8.584839331814828e-15,0.6663951782348828,0.309696507557692,negative,putative_consumption_like,1.646893832536945e-13,True
C18_negative|IK:WLJVXDMOQOGPHL-UHFFFAOYSA-N,Nocardia cyriacigeorgica,0.6663891590837089,8.591296159734397e-15,0.6663891590837089,0.3309369705239771,positive,putative_production_like,1.646893832536945e-13,True
C18_negative|IK:WLJVXDMOQOGPHL-UHFFFAOYSA-N,Ornithinimicrobium sp. AMA3305,0.6663005771834848,8.686865326380959e-15,0.6663005771834848,0.3952748339338354,positive,putative_production_like,1.6599105719199285e-13,True
C18_negative|IK:AIONOLUJZLIMTK-UHFFFAOYSA-N,Streptosporangium sp. 'caverna',0.6660668192421434,8.944035911300775e-15,0.6660668192421434,0.3414076121680494,positive,putative_production_like,1.7036258878668146e-13,True
C18_negative|IK:AIONOLUJZLIMTK-UHFFFAOYSA-N,Saccharothrix espanaensis,0.6657950283146117,9.252332245073096e-15,0.6657950283146117,0.3934945220020007,positive,putative_production_like,1.7567719452670433e-13,True
HILICZ_positive|IK:OYTCZOJKXCTBHG-UHFFFAOYSA-N,Granulicella mallensis,0.665666605250943,9.401563718691504e-15,0.665666605250943,0.3374819292584954,positive,putative_production_like,1.776534603045738e-13,True
C18_positive|IK:MECHNRXZTMCUDQ-UHFFFAOYSA-N,Acetobacter pasteurianus,-0.6656545995082442,9.415633396142412e-15,0.6656545995082442,0.3088726813460472,negative,putative_consumption_like,1.776534603045738e-13,True
C18_negative|IK:WLJVXDMOQOGPHL-UHFFFAOYSA-N,Cryobacterium arcticum,0.6653688646014997,9.756576789145334e-15,0.6653688646014997,0.3752595962495979,positive,putative_production_like,1.835092813005392e-13,True
C18_positive|IK:MECHNRXZTMCUDQ-UHFFFAOYSA-N,Actinomyces sp. 2129,-0.6652568880938023,9.893426637744895e-15,0.6652568880938023,0.2842374192583778,negative,putative_consumption_like,1.8504527889252494e-13,True
C18_negative|IK:WLJVXDMOQOGPHL-UHFFFAOYSA-N,Corynebacterium vitaeruminis,0.6652516103543719,9.899922420750084e-15,0.6652516103543719,0.42809926532194,positive,putative_production_like,1.8504527889252494e-13,True
C18_positive|IK:MECHNRXZTMCUDQ-UHFFFAOYSA-N,Kitasatospora aureofaciens,-0.6650013141334427,1.0212776243769231e-14,0.6650013141334427,0.4140669681959363,negative,putative_consumption_like,1.903001784553273e-13,True
C18_negative|IK:WLJVXDMOQOGPHL-UHFFFAOYSA-N,Corynebacterium provencense,0.6648707988576908,1.0379691327532971e-14,0.6648707988576908,0.4256150889865289,positive,putative_production_like,1.9281160360742361e-13,True
C18_positive|IK:LVGKNOAMLMIIKO-QXMHVHEDSA-N,Kitasatospora sp. MMS16-BH015,0.6647884912048436,1.048631023035407e-14,0.6647884912048436,0.3089611587137422,positive,putative_production_like,1.9419093019174205e-13,True
C18_negative|IK:WLJVXDMOQOGPHL-UHFFFAOYSA-N,Devriesea agamarum,0.6646769646479567,1.063247334383776e-14,0.6646769646479567,0.3475296059537887,positive,putative_production_like,1.962918155785433e-13,True
C18_positive|IK:LVGKNOAMLMIIKO-QXMHVHEDSA-N,Mycobacterium marseillense,0.6642522691413406,1.120735557431238e-14,0.6642522691413406,0.2604557109607928,positive,putative_production_like,2.0593949321721129e-13,True
C18_negative|IK:WLJVXDMOQOGPHL-UHFFFAOYSA-N,Kitasatospora sp. MMS16-BH015,0.6642405041058622,1.1223702380338015e-14,0.6642405041058622,0.3443183219097312,positive,putative_production_like,2.0593949321721129e-13,True
HILICZ_positive|IK:OYTCZOJKXCTBHG-UHFFFAOYSA-N,Acidobacterium capsulatum,0.6641541790190393,1.1344354693767924e-14,0.6641541790190393,0.3146092586682751,positive,putative_production_like,2.0731596597242041e-13,True
C18_negative|IK:WLJVXDMOQOGPHL-UHFFFAOYSA-N,Streptomyces sp. TLI_053,0.6641374894310297,1.1367825467487721e-14,0.6641374894310297,0.329750944702972,positive,putative_production_like,2.0731596597242041e-13,True
C18_negative|IK:WLJVXDMOQOGPHL-UHFFFAOYSA-N,Corynebacterium lactis,0.6640508509677818,1.149042447436148e-14,0.6640508509677818,0.3503162888937492,positive,putative_production_like,2.089168086247542e-13,True
C18_positive|IK:MECHNRXZTMCUDQ-UHFFFAOYSA-N,Kitasatospora setae,-0.6640051554279341,1.1555601768590642e-14,0.6640051554279341,0.3492016881101403,negative,putative_consumption_like,2.094671015454497e-13,True
C18_negative|IK:WLJVXDMOQOGPHL-UHFFFAOYSA-N,Corynebacterium doosanense,0.6638389061246157,1.1795766201115671e-14,0.6638389061246157,0.3251504434931274,positive,putative_production_like,2.1317649761052417e-13,True
C18_negative|IK:WLJVXDMOQOGPHL-UHFFFAOYSA-N,Xylanimonas cellulosilytica,0.6637949664456635,1.1860045510255762e-14,0.6637949664456635,0.3824947909066596,positive,putative_production_like,2.13694513698302e-13,True
C18_positive|IK:MECHNRXZTMCUDQ-UHFFFAOYSA-N,Actinosynnema mirum,-0.6636388783277529,1.209114295276258e-14,0.6636388783277529,0.3011210795913621,negative,putative_consumption_like,2.1675577515459855e-13,True
C18_negative|IK:WLJVXDMOQOGPHL-UHFFFAOYSA-N,Nocardia nova,0.6636314845420563,1.2102197446131752e-14,0.6636314845420563,0.3194013665635693,positive,putative_production_like,2.1675577515459855e-13,True
C18_negative|IK:WLJVXDMOQOGPHL-UHFFFAOYSA-N,Brevibacterium sandarakinum,0.6635139857622759,1.2279190746284741e-14,0.6635139857622759,0.3529634996238244,positive,putative_production_like,2.192712633265132e-13,True
HILICZ_positive|IK:OYTCZOJKXCTBHG-UHFFFAOYSA-N,Acidobacteriaceae bacterium SBC82,0.6633839491519558,1.2477994746856071e-14,0.6633839491519558,0.3147810518167229,positive,putative_production_like,2.218587734438951e-13,True
C18_negative|IK:WLJVXDMOQOGPHL-UHFFFAOYSA-N,Micromonospora siamensis,0.6633501758034581,1.2530136610777151e-14,0.6633501758034581,0.3434591002755445,positive,putative_production_like,2.218587734438951e-13,True
C18_positive|IK:MECHNRXZTMCUDQ-UHFFFAOYSA-N,Kitasatospora sp. MMS16-BH015,-0.6633304061048996,1.2560756485716944e-14,0.6633304061048996,0.3609220333960676,negative,putative_consumption_like,2.218587734438951e-13,True
C18_positive|IK:MECHNRXZTMCUDQ-UHFFFAOYSA-N,Streptosporangium roseum,-0.663301029032291,1.2606390510552368e-14,0.663301029032291,0.2945222715694262,negative,putative_consumption_like,2.218587734438951e-13,True
C18_negative|IK:AIONOLUJZLIMTK-UHFFFAOYSA-N,Nonomuraea sp. ATCC 55076,0.6632993692267497,1.2608973624061371e-14,0.6632993692267497,0.3494223306658299,positive,putative_production_like,2.218587734438951e-13,True
C18_negative|IK:AIONOLUJZLIMTK-UHFFFAOYSA-N,Amycolatopsis albispora,0.6626956849551856,1.3583295449241252e-14,0.6626956849551856,0.3821893347055876,positive,putative_production_like,2.383034289340571e-13,True
C18_negative|IK:WLJVXDMOQOGPHL-UHFFFAOYSA-N,Austwickia chelonae,0.6625897697990465,1.3761599286596096e-14,0.6625897697990465,0.4303959871881515,positive,putative_production_like,2.407276843136344e-13,True
C18_negative|IK:WLJVXDMOQOGPHL-UHFFFAOYSA-N,Leifsonia xyli,0.66252559440956,1.3870737195713131e-14,0.66252559440956,0.3698947035869766,positive,putative_production_like,2.4193146271592665e-13,True
C18_positive|IK:MECHNRXZTMCUDQ-UHFFFAOYSA-N,Nakamurella multipartita,-0.662434401578687,1.4027265365172166e-14,0.662434401578687,0.3506599464959996,negative,putative_consumption_like,2.43952441133429e-13,True
C18_negative|IK:AIONOLUJZLIMTK-UHFFFAOYSA-N,Plantactinospora sp. KBS50,0.6623973300381624,1.409138507213155e-14,0.6623973300381624,0.3374332914033777,positive,putative_production_like,2.443592787074835e-13,True
C18_negative|IK:AIONOLUJZLIMTK-UHFFFAOYSA-N,Streptosporangium roseum,0.6623417400526747,1.4188067247355232e-14,0.6623417400526747,0.3069661452485968,positive,putative_production_like,2.453268111934622e-13,True
C18_negative|IK:WLJVXDMOQOGPHL-UHFFFAOYSA-N,Luteipulveratus mongoliensis,0.6622986922117357,1.4263377425035298e-14,0.6622986922117357,0.3844236157934944,positive,putative_production_like,2.4592030043164313e-13,True
C18_negative|IK:AIONOLUJZLIMTK-UHFFFAOYSA-N,Nocardiopsis dassonvillei,0.6622438534990771,1.4359876392121212e-14,0.6622438534990771,0.3596264130841811,positive,putative_production_like,2.468746657671268e-13,True
C18_negative|IK:WLJVXDMOQOGPHL-UHFFFAOYSA-N,Arsenicicoccus sp. oral taxon 190,0.6622139902058813,1.4412692193731102e-14,0.6622139902058813,0.3521292381233514,positive,putative_production_like,2.46970050834924e-13,True
C18_negative|IK:RGHHSNMVTDWUBI-UHFFFAOYSA-N,Gluconobacter albidus,0.6621942273413992,1.444774797384305e-14,0.6621942273413992,0.4112348518639113,positive,putative_production_like,2.46970050834924e-13,True
C18_negative|IK:WLJVXDMOQOGPHL-UHFFFAOYSA-N,Propionibacterium freudenreichii,0.6620527211596213,1.4701179571134556e-14,0.6620527211596213,0.3834828867156767,positive,putative_production_like,2.505882881443391e-13,True
C18_positive|IK:MECHNRXZTMCUDQ-UHFFFAOYSA-N,Nakamurella sp. s14-144,-0.6619644541143658,1.4861438056215063e-14,0.6619644541143658,0.3469217658609662,negative,putative_consumption_like,2.52602346564562e-13,True
C18_negative|IK:AIONOLUJZLIMTK-UHFFFAOYSA-N,Streptomyces xiamenensis,0.6618755407696922,1.5024580931819687e-14,0.6618755407696922,0.400880589827707,positive,putative_production_like,2.5398084918834657e-13,True
C18_negative|IK:WLJVXDMOQOGPHL-UHFFFAOYSA-N,Corynebacterium sp. 2183,0.6618741208812963,1.5027200243643842e-14,0.6618741208812963,0.3288336059512406,positive,putative_production_like,2.5398084918834657e-13,True
C18_negative|IK:WLJVXDMOQOGPHL-UHFFFAOYSA-N,Aeromicrobium marinum,0.6616162051764531,1.5510398098565383e-14,0.6616162051764531,0.3791821195710079,positive,putative_production_like,2.614112039084053e-13,True
C18_positive|IK:MECHNRXZTMCUDQ-UHFFFAOYSA-N,Corynebacterium camporealensis,-0.6615515007096164,1.563396254644119e-14,0.6615515007096164,0.294826899866019,negative,putative_consumption_like,2.627556730494318e-13,True
C18_negative|IK:AIONOLUJZLIMTK-UHFFFAOYSA-N,Saccharopolyspora erythraea,0.6613316640848377,1.6060945464350044e-14,0.6613316640848377,0.4080660369711157,positive,putative_production_like,2.6917785694441413e-13,True
C18_negative|IK:RGHHSNMVTDWUBI-UHFFFAOYSA-N,Corynebacterium imitans,0.661287869006363,1.6147347024990136e-14,0.661287869006363,0.4109293571000192,positive,putative_production_like,2.698720951251833e-13,True
C18_positive|IK:MECHNRXZTMCUDQ-UHFFFAOYSA-N,Gloeomargarita lithophora,-0.6612614208716122,1.6199743436212965e-14,0.6612614208716122,0.3157706284124644,negative,putative_consumption_like,2.699957239368828e-13,True
C18_negative|IK:AIONOLUJZLIMTK-UHFFFAOYSA-N,Nocardiopsis alba,0.660384382594611,1.8033658952878972e-14,0.660384382594611,0.3573888125907403,positive,putative_production_like,2.9972840364895804e-13,True
C18_negative|IK:WLJVXDMOQOGPHL-UHFFFAOYSA-N,Streptomyces xiamenensis,0.6601899550664428,1.84666483694426e-14,0.6601899550664428,0.38361421626582,positive,putative_production_like,3.0607704479739105e-13,True
C18_negative|IK:WLJVXDMOQOGPHL-UHFFFAOYSA-N,Rhodococcus coprophilus,0.6601428134538286,1.857314016227733e-14,0.6601428134538286,0.3292343056282387,positive,putative_production_like,3.069940522690468e-13,True
C18_negative|IK:WLJVXDMOQOGPHL-UHFFFAOYSA-N,Rhodococcus sp. PBTS 1,0.6600884616152993,1.869665823761005e-14,0.6600884616152993,0.3786509820826644,positive,putative_production_like,3.081866742463195e-13,True
C18_negative|IK:AIONOLUJZLIMTK-UHFFFAOYSA-N,Corynebacterium callunae,0.6597338707098738,1.952224444603081e-14,0.6597338707098738,0.3526284551749132,positive,putative_production_like,3.2091360733201344e-13,True
C18_negative|IK:WLJVXDMOQOGPHL-UHFFFAOYSA-N,Corynebacterium halotolerans,0.6596904936867348,1.962563087749905e-14,0.6596904936867348,0.4049038078703333,positive,putative_production_like,3.2173165372949265e-13,True
C18_negative|IK:AIONOLUJZLIMTK-UHFFFAOYSA-N,Streptacidiphilus sp. DSM 106435,0.6593953620001567,2.0343275742570527e-14,0.6593953620001567,0.2981998197449442,positive,putative_production_like,3.3258761431995414e-13,True
C18_negative|IK:RGHHSNMVTDWUBI-UHFFFAOYSA-N,Corynebacterium sp. 2184,0.6592129013693266,2.0799597668274987e-14,0.6592129013693266,0.4734882746445108,positive,putative_production_like,3.385126397758648e-13,True
C18_negative|IK:WLJVXDMOQOGPHL-UHFFFAOYSA-N,Micromonospora viridifaciens,0.6592054163733991,2.0818527346215684e-14,0.6592054163733991,0.3493876470124109,positive,putative_production_like,3.385126397758648e-13,True
C18_positive|IK:LVGKNOAMLMIIKO-QXMHVHEDSA-N,Kitasatospora setae,0.659144494239201,2.0973222469832572e-14,0.659144494239201,0.3219540509270167,positive,putative_production_like,3.4010631032160925e-13,True
C18_positive|IK:MECHNRXZTMCUDQ-UHFFFAOYSA-N,Streptomyces xiamenensis,-0.6589702247971029,2.142190651330192e-14,0.6589702247971029,0.3867523340665264,negative,putative_consumption_like,3.4644592743884497e-13,True
C18_negative|IK:AIONOLUJZLIMTK-UHFFFAOYSA-N,Nocardiopsis gilva,0.6586848725547513,2.2176743067613867e-14,0.6586848725547513,0.3975958874607856,positive,putative_production_like,3.576894043163527e-13,True
C18_positive|IK:MECHNRXZTMCUDQ-UHFFFAOYSA-N,Granulibacter bethesdensis,-0.6585629841685681,2.2506968976373748e-14,0.6585629841685681,0.3126608937627977,negative,putative_consumption_like,3.61165239880819e-13,True
HILICZ_positive|IK:OYTCZOJKXCTBHG-UHFFFAOYSA-N,Komagataeibacter hansenii,0.6585562219825023,2.252542822374676e-14,0.6585562219825023,0.4018781198294179,positive,putative_production_like,3.61165239880819e-13,True
C18_negative|IK:WLJVXDMOQOGPHL-UHFFFAOYSA-N,Mycobacterium chimaera,0.6585388827441984,2.2572827492551185e-14,0.6585388827441984,0.3201923084983793,positive,putative_production_like,3.61165239880819e-13,True
C18_negative|IK:RGHHSNMVTDWUBI-UHFFFAOYSA-N,Corynebacterium geronticis,0.6580500136897237,2.394970606396709e-14,0.6580500136897237,0.4897524613019439,positive,putative_production_like,3.8217616059521964e-13,True
C18_negative|IK:WLJVXDMOQOGPHL-UHFFFAOYSA-N,Corynebacterium urealyticum,0.6578677372201419,2.448362237702111e-14,0.6578677372201419,0.3695559493753944,positive,putative_production_like,3.896597725785853e-13,True
C18_negative|IK:WLJVXDMOQOGPHL-UHFFFAOYSA-N,Granulibacter bethesdensis,0.6578164825105292,2.463582079767328e-14,0.6578164825105292,0.3588124582916898,positive,putative_production_like,3.910447745662425e-13,True
C18_negative|IK:AIONOLUJZLIMTK-UHFFFAOYSA-N,Micromonospora coxensis,0.6577600038191623,2.4804593039216963e-14,0.6577600038191623,0.3312480312614858,positive,putative_production_like,3.926848502250707e-13,True
C18_negative|IK:AIONOLUJZLIMTK-UHFFFAOYSA-N,Kibdelosporangium phytohabitans,0.6576926147385043,2.5007434051684232e-14,0.6576926147385043,0.3795242405500687,positive,putative_production_like,3.948542218686984e-13,True
C18_positive|IK:LVGKNOAMLMIIKO-QXMHVHEDSA-N,Kitasatospora aureofaciens,0.657647364694276,2.5144537384986643e-14,0.657647364694276,0.2752204697543177,positive,putative_production_like,3.959769666927031e-13,True
C18_positive|IK:MECHNRXZTMCUDQ-UHFFFAOYSA-N,Kocuria sp. BT304,-0.6572571110972876,2.635758229146856e-14,0.6572571110972876,0.2987606041123021,negative,putative_consumption_like,4.139934391330141e-13,True
C18_negative|IK:AIONOLUJZLIMTK-UHFFFAOYSA-N,Amycolatopsis methanolica,0.6571818837071314,2.6597845497780235e-14,0.6571818837071314,0.3384404123597231,positive,putative_production_like,4.166764307746251e-13,True
HILICZ_positive|IK:OYTCZOJKXCTBHG-UHFFFAOYSA-N,Granulicella tundricola,0.656982437845188,2.7245155305958628e-14,0.656982437845188,0.3211255507458181,positive,putative_production_like,4.257055516556036e-13,True
C18_negative|IK:WLJVXDMOQOGPHL-UHFFFAOYSA-N,Janibacter indicus,0.656750562312908,2.801691037493089e-14,0.656750562312908,0.3216931922346879,positive,putative_production_like,4.366271746742477e-13,True
C18_positive|IK:MECHNRXZTMCUDQ-UHFFFAOYSA-N,Kutzneria albida,-0.6563986299018305,2.9228863264991254e-14,0.6563986299018305,0.3218502179454536,negative,putative_consumption_like,4.54334662150123e-13,True
C18_negative|IK:NGFMICBWJRZIBI-UHFFFAOYSA-N,Actinomyces sp. VUL4_3,-0.6559027627046012,3.1023027806148364e-14,0.6559027627046012,0.2855582597741193,negative,putative_consumption_like,4.809771752891219e-13,True
C18_negative|IK:AIONOLUJZLIMTK-UHFFFAOYSA-N,Actinomadura amylolytica,0.6558431664400607,3.12457111801143e-14,0.6558431664400607,0.3132731760892575,positive,putative_production_like,4.82537004060358e-13,True
C18_negative|IK:WLJVXDMOQOGPHL-UHFFFAOYSA-N,Micromonospora auratinigra,0.6558328322441538,3.1284482429913215e-14,0.6558328322441538,0.3259737182433744,positive,putative_production_like,4.82537004060358e-13,True
C18_negative|IK:WLJVXDMOQOGPHL-UHFFFAOYSA-N,Amycolatopsis japonica,0.6557835061353157,3.1470184294701795e-14,0.6557835061353157,0.3683548463439661,positive,putative_production_like,4.841566814569506e-13,True
C18_negative|IK:WLJVXDMOQOGPHL-UHFFFAOYSA-N,Rhodococcus aetherivorans,0.6556640450924259,3.192436380821208e-14,0.6556640450924259,0.389878933660734,positive,putative_production_like,4.898879356758887e-13,True
HILICZ_positive|IK:OYTCZOJKXCTBHG-UHFFFAOYSA-N,Candidatus Solibacter usitatus,0.6555815768329019,3.2241597870338795e-14,0.6555815768329019,0.3086087921354239,positive,putative_production_like,4.934938449541652e-13,True
C18_positive|IK:LVGKNOAMLMIIKO-QXMHVHEDSA-N,Streptomyces sp. TLI_053,0.6552890678607797,3.3391614261326965e-14,0.6552890678607797,0.2445570728042154,positive,putative_production_like,5.097956375775108e-13,True
C18_negative|IK:RGHHSNMVTDWUBI-UHFFFAOYSA-N,Asaia bogorensis,0.6552585896946063,3.3513701676597e-14,0.6552585896946063,0.4402869881753464,positive,putative_production_like,5.103609392375177e-13,True
C18_positive|IK:MECHNRXZTMCUDQ-UHFFFAOYSA-N,Rhodococcus sp. p52,-0.6551493656289935,3.3954785392781727e-14,0.6551493656289935,0.3377418099813698,negative,putative_consumption_like,5.154326115881084e-13,True
C18_positive|IK:MECHNRXZTMCUDQ-UHFFFAOYSA-N,Corynebacterium sphenisci,-0.6551336890476797,3.401855236481516e-14,0.6551336890476797,0.279746550846736,negative,putative_consumption_like,5.154326115881084e-13,True
C18_negative|IK:WLJVXDMOQOGPHL-UHFFFAOYSA-N,Micromonospora narathiwatensis,0.6546644010938738,3.59820836675972e-14,0.6546644010938738,0.3370251575434699,positive,putative_production_like,5.431904045627165e-13,True
C18_negative|IK:RGHHSNMVTDWUBI-UHFFFAOYSA-N,Pseudomonas saudiphocaensis,-0.6546528830250281,3.603163016932686e-14,0.6546528830250281,0.4519724060545207,negative,putative_consumption_like,5.431904045627165e-13,True
C18_positive|IK:MECHNRXZTMCUDQ-UHFFFAOYSA-N,Actinopolyspora erythraea,-0.6543282869681297,3.745541342614994e-14,0.6543282869681297,0.3013381233405354,negative,putative_consumption_like,5.632392996413525e-13,True
C18_positive|IK:MECHNRXZTMCUDQ-UHFFFAOYSA-N,Corynebacterium terpenotabidum,-0.6542698886923863,3.771728626994624e-14,0.6542698886923863,0.2990763833549814,negative,putative_consumption_like,5.657592940491937e-13,True
C18_negative|IK:AIONOLUJZLIMTK-UHFFFAOYSA-N,Thermomonospora curvata,0.6542263341904461,3.791374941907872e-14,0.6542263341904461,0.2965176671725129,positive,putative_production_like,5.67288021233098e-13,True
C18_positive|IK:MECHNRXZTMCUDQ-UHFFFAOYSA-N,Saccharomonospora marina,-0.6539223412165923,3.9312849637117745e-14,0.6539223412165923,0.3103055040706599,negative,putative_consumption_like,5.867589498077275e-13,True
C18_negative|IK:RGHHSNMVTDWUBI-UHFFFAOYSA-N,Roseomonas gilardii,0.6536662112323395,4.0530365264899154e-14,0.6536662112323395,0.4316388950292422,positive,putative_production_like,6.034297558049502e-13,True
C18_negative|IK:WLJVXDMOQOGPHL-UHFFFAOYSA-N,Mycobacterium canettii,0.6536081276084507,4.081150362295344e-14,0.6536081276084507,0.3405062820531936,positive,putative_production_like,6.061114399448529e-13,True
C18_negative|IK:WLJVXDMOQOGPHL-UHFFFAOYSA-N,Corynebacterium jeikeium,0.6534318879730681,4.1676152829199936e-14,0.6534318879730681,0.3356046222421924,positive,putative_production_like,6.171317908421651e-13,True
C18_positive|IK:MECHNRXZTMCUDQ-UHFFFAOYSA-N,Intrasporangium calvum,-0.6534028153142477,4.1820480474918607e-14,0.6534028153142477,0.3189543145824589,negative,putative_consumption_like,6.171317908421651e-13,True
C18_negative|IK:WLJVXDMOQOGPHL-UHFFFAOYSA-N,Micromonospora purpureochromogenes,0.6533944484278209,4.186210647879353e-14,0.6533944484278209,0.3397082474329167,positive,putative_production_like,6.171317908421651e-13,True
C18_negative|IK:WLJVXDMOQOGPHL-UHFFFAOYSA-N,Cutibacterium avidum,0.6533068940505238,4.230011127885507e-14,0.6533068940505238,0.3369131249322175,positive,putative_production_like,6.220604599831629e-13,True
C18_negative|IK:AIONOLUJZLIMTK-UHFFFAOYSA-N,Plantactinospora sp. BC1,0.6530458322408635,4.363262412749368e-14,0.6530458322408635,0.2897598360007922,positive,putative_production_like,6.400873955133548e-13,True
C18_negative|IK:AIONOLUJZLIMTK-UHFFFAOYSA-N,Thermobispora bispora,0.6530221325064978,4.3755585500422366e-14,0.6530221325064978,0.3804033533885365,positive,putative_production_like,6.403256414695956e-13,True
C18_negative|IK:RGHHSNMVTDWUBI-UHFFFAOYSA-N,Janthinobacterium sp. LM6,-0.6528154600105487,4.484218401654922e-14,0.6528154600105487,0.425483823683416,negative,putative_consumption_like,6.546304235992587e-13,True
C18_negative|IK:WLJVXDMOQOGPHL-UHFFFAOYSA-N,Corynebacterium striatum,0.6526282380630071,4.5849044953832487e-14,0.6526282380630071,0.3412655368313992,positive,putative_production_like,6.67704538162609e-13,True
C18_positive|IK:MECHNRXZTMCUDQ-UHFFFAOYSA-N,Austwickia chelonae,-0.6523326942191897,4.748315827271836e-14,0.6523326942191897,0.2981669460702556,negative,putative_consumption_like,6.898279652210899e-13,True
C18_negative|IK:AIONOLUJZLIMTK-UHFFFAOYSA-N,Thermobifida fusca,0.6521025111049893,4.8794813591760604e-14,0.6521025111049893,0.3326541012071664,positive,putative_production_like,7.071712114747914e-13,True
C18_negative|IK:WLJVXDMOQOGPHL-UHFFFAOYSA-N,Actinoalloteichus sp. GBA129-24,0.6520065023262559,4.9352210841161095e-14,0.6520065023262559,0.3185850602496787,positive,putative_production_like,7.135259398722088e-13,True
C18_negative|IK:AIONOLUJZLIMTK-UHFFFAOYSA-N,Actinosynnema pretiosum,0.6516817412625858,5.128375138195448e-14,0.6516817412625858,0.3368139467438737,positive,putative_production_like,7.396694910858819e-13,True
C18_negative|IK:AIONOLUJZLIMTK-UHFFFAOYSA-N,Allokutzneria albata,0.6513688231572804,5.3213989951149866e-14,0.6513688231572804,0.3721670042998388,positive,putative_production_like,7.656689201604298e-13,True
C18_negative|IK:AIONOLUJZLIMTK-UHFFFAOYSA-N,Nakamurella panacisegetis,0.6511912783106115,5.4340266285049165e-14,0.6511912783106115,0.3851056266600796,positive,putative_production_like,7.80003822273433e-13,True
C18_negative|IK:AIONOLUJZLIMTK-UHFFFAOYSA-N,Jatrophihabitans sp. GAS493,0.6510413549014968,5.530926838019007e-14,0.6510413549014968,0.4051716912285172,positive,putative_production_like,7.920181629621488e-13,True
C18_negative|IK:WLJVXDMOQOGPHL-UHFFFAOYSA-N,Corynebacterium frankenforstense,0.6508720132034909,5.642390358653928e-14,0.6508720132034909,0.4887645165244643,positive,putative_production_like,8.060557655219895e-13,True
C18_positive|IK:MECHNRXZTMCUDQ-UHFFFAOYSA-N,Hoyosella subflava,-0.6508270369087894,5.6723581742797805e-14,0.6508270369087894,0.2902317251663953,negative,putative_consumption_like,8.084120913462868e-13,True
C18_negative|IK:AIONOLUJZLIMTK-UHFFFAOYSA-N,Mycobacterium haemophilum,0.6507987832569705,5.691262410215047e-14,0.6507987832569705,0.4518630180284857,positive,putative_production_like,8.091842289405278e-13,True
C18_negative|IK:AIONOLUJZLIMTK-UHFFFAOYSA-N,Verrucosispora maris,0.650728510853368,5.73854592023445e-14,0.650728510853368,0.2858550013742835,positive,putative_production_like,8.121540140665472e-13,True
C18_negative|IK:WLJVXDMOQOGPHL-UHFFFAOYSA-N,Gordonia terrae,0.6507275105847149,5.7392216994036e-14,0.6507275105847149,0.3579553269354023,positive,putative_production_like,8.121540140665472e-13,True
HILICZ_positive|IK:OYTCZOJKXCTBHG-UHFFFAOYSA-N,Granulibacter bethesdensis,0.6504003583909872,5.964429100237046e-14,0.6504003583909872,0.3184067657350082,positive,putative_production_like,8.420370494452299e-13,True
HILICZ_positive|IK:OYTCZOJKXCTBHG-UHFFFAOYSA-N,Candidatus Koribacter versatilis,0.6502935226472499,6.03980964810297e-14,0.6502935226472499,0.311815994189542,positive,putative_production_like,8.506774152257702e-13,True
C18_negative|IK:BJRNKVDFDLYUGJ-RMPHRYRLSA-N,Actinomyces sp. VUL4_3,-0.6502624787533076,6.061885839849013e-14,0.6502624787533076,0.2508721402136509,negative,putative_consumption_like,8.517872374495099e-13,True
C18_positive|IK:MECHNRXZTMCUDQ-UHFFFAOYSA-N,Actinopolymorpha singaporensis,-0.6501660574273287,6.130953126856626e-14,0.6501660574273287,0.2843738112135612,negative,putative_consumption_like,8.594794103070037e-13,True
C18_negative|IK:AIONOLUJZLIMTK-UHFFFAOYSA-N,Saccharomonospora marina,0.6501322862516239,6.155323359556974e-14,0.6501322862516239,0.3550532952350322,positive,putative_production_like,8.599084643340132e-13,True
C18_negative|IK:WLJVXDMOQOGPHL-UHFFFAOYSA-N,Tessaracoccus aquimaris,0.6501056432575273,6.174615860137969e-14,0.6501056432575273,0.3200956468482765,positive,putative_production_like,8.599084643340132e-13,True
C18_negative|IK:WLJVXDMOQOGPHL-UHFFFAOYSA-N,Leifsonia sp. 21MFCrub1.1,0.6501023437594549,6.177009135465996e-14,0.6501023437594549,0.4385630794568831,positive,putative_production_like,8.599084643340132e-13,True
HILICZ_negative|IK:LWYJCVVIVLBLID-UHFFFAOYSA-N,Kitasatospora setae,0.6499811102509159,6.265570796574229e-14,0.6499811102509159,0.2711189244476428,positive,putative_production_like,8.702181661908652e-13,True
C18_negative|IK:WLJVXDMOQOGPHL-UHFFFAOYSA-N,Actinomyces sp. Chiba101,0.6497576974538819,6.43200604656549e-14,0.6497576974538819,0.3756929161143016,positive,putative_production_like,8.912710457134626e-13,True
HILICZ_negative|IK:LWYJCVVIVLBLID-UHFFFAOYSA-N,Kitasatospora aureofaciens,0.6496304033478213,6.52874203346775e-14,0.6496304033478213,0.266399113119351,positive,putative_production_like,9.025910645347116e-13,True
HILICZ_positive|IK:XPCTZQVDEJYUGT-UHFFFAOYSA-N,Methylotenera versatilis,-0.6494956643485317,6.632670082402775e-14,0.6494956643485317,0.2392115346207277,negative,putative_consumption_like,9.148510458486585e-13,True
C18_positive|IK:MECHNRXZTMCUDQ-UHFFFAOYSA-N,Paludisphaera borealis,-0.6493089834097937,6.7793132978702e-14,0.6493089834097937,0.3148592839800046,negative,putative_consumption_like,9.32933022642688e-13,True
C18_positive|IK:MECHNRXZTMCUDQ-UHFFFAOYSA-N,Amycolatopsis methanolica,-0.649250311501692,6.826046617801042e-14,0.649250311501692,0.2773509107659757,negative,putative_consumption_like,9.372146385996854e-13,True
HILICZ_negative|IK:LWYJCVVIVLBLID-UHFFFAOYSA-N,Kitasatospora sp. MMS16-BH015,0.6491804367010467,6.882110284848168e-14,0.6491804367010467,0.3021098644292053,positive,putative_production_like,9.427548335408448e-13,True
C18_negative|IK:WLJVXDMOQOGPHL-UHFFFAOYSA-N,Paraoerskovia marina,0.6490114605200019,7.01953631149175e-14,0.6490114605200019,0.321553776077442,positive,putative_production_like,9.59389928677688e-13,True
C18_positive|IK:MECHNRXZTMCUDQ-UHFFFAOYSA-N,Bifidobacterium kashiwanohense,-0.6489011699858775,7.110663179482024e-14,0.6489011699858775,0.311347551526743,negative,putative_consumption_like,9.696358881111852e-13,True
C18_negative|IK:WLJVXDMOQOGPHL-UHFFFAOYSA-N,Corynebacterium epidermidicanis,0.6481042140954153,7.804040800156244e-14,0.6481042140954153,0.3549260025060468,positive,putative_production_like,1.0601017164259006e-12,True
C18_negative|IK:WLJVXDMOQOGPHL-UHFFFAOYSA-N,Nakamurella multipartita,0.6480983079067962,7.809415977670803e-14,0.6480983079067962,0.3402890062035557,positive,putative_production_like,1.0601017164259006e-12,True
C18_negative|IK:WLJVXDMOQOGPHL-UHFFFAOYSA-N,Cutibacterium granulosum,0.6478189204478896,8.067820440633537e-14,0.6478189204478896,0.3459398558120772,positive,putative_production_like,1.0927070574221493e-12,True
HILICZ_positive|IK:OYTCZOJKXCTBHG-UHFFFAOYSA-N,Acidisphaera sp. G45-3,0.6475198709261807,8.353579468534417e-14,0.6475198709261807,0.2587445195488183,positive,putative_production_like,1.1288620903424885e-12,True
C18_negative|IK:WLJVXDMOQOGPHL-UHFFFAOYSA-N,Cellulosimicrobium sp. TH-20,0.6474067582383878,8.464199109943375e-14,0.6474067582383878,0.3677823718432629,positive,putative_production_like,1.1412403294305677e-12,True
C18_negative|IK:WLJVXDMOQOGPHL-UHFFFAOYSA-N,Corynebacterium camporealensis,0.6473602253033823,8.510116975071164e-14,0.6473602253033823,0.3544251901284623,positive,putative_production_like,1.144858785884013e-12,True
C18_positive|IK:MECHNRXZTMCUDQ-UHFFFAOYSA-N,Actinomyces radingae,-0.6472992239777013,8.570677407142977e-14,0.6472992239777013,0.3264247312757442,negative,putative_consumption_like,1.1504264976030842e-12,True
C18_positive|IK:MECHNRXZTMCUDQ-UHFFFAOYSA-N,Salinispora tropica,-0.6471813658037109,8.688867681937477e-14,0.6471813658037109,0.3010770053230915,negative,putative_consumption_like,1.1636876359737693e-12,True
C18_negative|IK:AIONOLUJZLIMTK-UHFFFAOYSA-N,Kitasatospora sp. MMS16-BH015,0.6470926787558134,8.77884345860742e-14,0.6470926787558134,0.3345416826688452,positive,putative_production_like,1.1731193931323946e-12,True
C18_positive|IK:MECHNRXZTMCUDQ-UHFFFAOYSA-N,Saccharopolyspora erythraea,-0.6469012210344317,8.976169238547534e-14,0.6469012210344317,0.2895918117282035,negative,putative_consumption_like,1.196822565139671e-12,True
C18_positive|IK:MECHNRXZTMCUDQ-UHFFFAOYSA-N,Acidobacteriaceae bacterium SBC82,-0.6465925330540393,9.303392870147089e-14,0.6465925330540393,0.279498273187083,negative,putative_consumption_like,1.2377019339441801e-12,True
C18_negative|IK:AIONOLUJZLIMTK-UHFFFAOYSA-N,Frankia symbiont of Datisca glomerata,0.6462664850968641,9.661552529428109e-14,0.6462664850968641,0.4243590487004258,positive,putative_production_like,1.2825069729329348e-12,True
C18_negative|IK:RGHHSNMVTDWUBI-UHFFFAOYSA-N,Marivivens sp. JLT3646,0.6462052164674656,9.730329052731345e-14,0.6462052164674656,0.5118152257462725,positive,putative_production_like,1.2887853049975293e-12,True
C18_negative|IK:WLJVXDMOQOGPHL-UHFFFAOYSA-N,Aeromicrobium sp. 592,0.6460559111110578,9.899920973852269e-14,0.6460559111110578,0.3789029632691734,positive,putative_production_like,1.307609120334595e-12,True
C18_negative|IK:AIONOLUJZLIMTK-UHFFFAOYSA-N,Plantactinospora sp. BB1,0.6460418529680761,9.916035829204013e-14,0.6460418529680761,0.3201764032881247,positive,putative_production_like,1.307609120334595e-12,True
C18_negative|IK:RGHHSNMVTDWUBI-UHFFFAOYSA-N,Pseudomonas sp. TCU-HL1,-0.6459867138728944,9.979487264175217e-14,0.6459867138728944,0.39328445421503,negative,putative_consumption_like,1.3130904294967388e-12,True
C18_negative|IK:RGHHSNMVTDWUBI-UHFFFAOYSA-N,Corynebacterium simulans,0.6458358150731894,1.0155150565309145e-13,0.6458358150731894,0.4354701285696385,positive,putative_production_like,1.3332801617473713e-12,True
C18_negative|IK:AIONOLUJZLIMTK-UHFFFAOYSA-N,Stackebrandtia nassauensis,0.6452594811786974,1.0854029101199969e-13,0.6452594811786974,0.3408505252351586,positive,putative_production_like,1.421925209764188e-12,True
C18_positive|IK:MECHNRXZTMCUDQ-UHFFFAOYSA-N,Actinomyces sp. oral taxon 897,-0.6452155453409404,1.0909176082922948e-13,0.6452155453409404,0.311009422369727,negative,putative_consumption_like,1.4260360892709737e-12,True
C18_negative|IK:AIONOLUJZLIMTK-UHFFFAOYSA-N,Jonesia denitrificans,0.6451588435094622,1.0980747558394237e-13,0.6451588435094622,0.317905705312659,positive,putative_production_like,1.4322714206601177e-12,True
C18_positive|IK:MECHNRXZTMCUDQ-UHFFFAOYSA-N,Streptomyces sp. CNQ-509,-0.6451245553336,1.102424786334292e-13,0.6451245553336,0.2768481785145589,negative,putative_consumption_like,1.4348261861183845e-12,True
C18_positive|IK:MECHNRXZTMCUDQ-UHFFFAOYSA-N,Streptomyces cattleya,-0.644965249220814,1.1228551854829215e-13,0.644965249220814,0.2955150307790553,negative,putative_consumption_like,1.4582534876401576e-12,True
C18_negative|IK:WLJVXDMOQOGPHL-UHFFFAOYSA-N,Sanguibacter keddieii,0.644533128698767,1.180135494681968e-13,0.644533128698767,0.3652180601430776,positive,putative_production_like,1.5278157061260469e-12,True
C18_negative|IK:AIONOLUJZLIMTK-UHFFFAOYSA-N,Parascardovia denticolens,0.6445230048664594,1.1815108127374764e-13,0.6445230048664594,0.3125584628119582,positive,putative_production_like,1.5278157061260469e-12,True
C18_negative|IK:AIONOLUJZLIMTK-UHFFFAOYSA-N,Mycobacterium paragordonae,0.6444252612729695,1.1948692793596997e-13,0.6444252612729695,0.3381908739042822,positive,putative_production_like,1.5417668120770318e-12,True
C18_negative|IK:AIONOLUJZLIMTK-UHFFFAOYSA-N,Actinoalloteichus sp. ADI127-7,0.644385016153864,1.2004119028312292e-13,0.644385016153864,0.320417745481762,positive,putative_production_like,1.5455947246754025e-12,True
C18_positive|IK:MECHNRXZTMCUDQ-UHFFFAOYSA-N,Bifidobacterium adolescentis,-0.643852920727742,1.276073999318755e-13,0.643852920727742,0.3945542761001332,negative,putative_consumption_like,1.6394955023367304e-12,True
C18_positive|IK:MECHNRXZTMCUDQ-UHFFFAOYSA-N,Allokutzneria albata,-0.6438117729802093,1.282113580815495e-13,0.6438117729802093,0.2942843690521792,negative,putative_consumption_like,1.6437353600198653e-12,True
HILICZ_positive|IK:OYTCZOJKXCTBHG-UHFFFAOYSA-N,Acidiphilium multivorum,0.6436407917155267,1.3075075327080465e-13,0.6436407917155267,0.2566866292253347,positive,putative_production_like,1.6708302131247144e-12,True
C18_negative|IK:RGHHSNMVTDWUBI-UHFFFAOYSA-N,Bifidobacterium angulatum,0.6436164674065128,1.311159473246841e-13,0.6436164674065128,0.4301910028824767,positive,putative_production_like,1.6708302131247144e-12,True
C18_negative|IK:AIONOLUJZLIMTK-UHFFFAOYSA-N,Micromonospora zamorensis,0.6436135262246324,1.3116017173029009e-13,0.6436135262246324,0.2832617925718206,positive,putative_production_like,1.6708302131247144e-12,True
C18_negative|IK:WLJVXDMOQOGPHL-UHFFFAOYSA-N,Dermacoccus nishinomiyaensis,0.6435335726585532,1.3236792100196666e-13,0.6435335726585532,0.3640746436907611,positive,putative_production_like,1.6826430635843216e-12,True
C18_negative|IK:AIONOLUJZLIMTK-UHFFFAOYSA-N,Corynebacterium camporealensis,0.6433595018363504,1.3503471307337922e-13,0.6433595018363504,0.3740793972734857,positive,putative_production_like,1.712913907907559e-12,True
C18_positive|IK:MECHNRXZTMCUDQ-UHFFFAOYSA-N,Planctomyces sp. SH-PL62,-0.6432252508857106,1.371269025882909e-13,0.6432252508857106,0.292568665274318,negative,putative_consumption_like,1.7357835770669732e-12,True
C18_negative|IK:AIONOLUJZLIMTK-UHFFFAOYSA-N,Frankineae bacterium MT45,0.643197709265453,1.3755997748783332e-13,0.643197709265453,0.4198598370185702,positive,putative_production_like,1.7375997156357892e-12,True
C18_negative|IK:AIONOLUJZLIMTK-UHFFFAOYSA-N,Alloactinosynnema sp. L-07,0.642821655184694,1.4360727703738172e-13,0.642821655184694,0.2918665103487297,positive,putative_production_like,1.8101757609753997e-12,True
C18_negative|IK:WLJVXDMOQOGPHL-UHFFFAOYSA-N,Corynebacterium humireducens,0.6427540760439402,1.4472094710131564e-13,0.6427540760439402,0.3953926527627538,positive,putative_production_like,1.820389271714662e-12,True
C18_negative|IK:AIONOLUJZLIMTK-UHFFFAOYSA-N,Micromonospora narathiwatensis,0.6426812725046094,1.459300647621397e-13,0.6426812725046094,0.3171719312144985,positive,putative_production_like,1.83175813508962e-12,True
C18_negative|IK:AIONOLUJZLIMTK-UHFFFAOYSA-N,Micromonospora siamensis,0.6425565898510563,1.480235334782576e-13,0.6425565898510563,0.3231280311045621,positive,putative_production_like,1.8541569955522875e-12,True
C18_negative|IK:AIONOLUJZLIMTK-UHFFFAOYSA-N,Kitasatospora aureofaciens,0.6421169748643816,1.5563926231623917e-13,0.6421169748643816,0.3359073089363491,positive,putative_production_like,1.9454907789529888e-12,True
C18_positive|IK:MECHNRXZTMCUDQ-UHFFFAOYSA-N,Spirosoma pollinicola,-0.642064812617997,1.565676801234621e-13,0.642064812617997,0.2954300440678681,negative,putative_consumption_like,1.953027194887261e-12,True
C18_positive|IK:MECHNRXZTMCUDQ-UHFFFAOYSA-N,Actinoalloteichus hymeniacidonis,-0.6419651583933097,1.5835631444110841e-13,0.6419651583933097,0.2820066532518965,negative,putative_consumption_like,1.9712404287274905e-12,True
C18_positive|IK:MECHNRXZTMCUDQ-UHFFFAOYSA-N,Acidobacterium capsulatum,-0.6419346682567543,1.5890750326550804e-13,0.6419346682567543,0.2985624648599811,negative,putative_consumption_like,1.973315085843191e-12,True
C18_negative|IK:WLJVXDMOQOGPHL-UHFFFAOYSA-N,Miniimonas sp. S16,0.6419195909665583,1.591807502580174e-13,0.6419195909665583,0.3433751337741215,positive,putative_production_like,1.973315085843191e-12,True
C18_negative|IK:WLJVXDMOQOGPHL-UHFFFAOYSA-N,Corynebacterium phocae,0.6418112602552861,1.611574510899143e-13,0.6418112602552861,0.3431188434129235,positive,putative_production_like,1.9937004258546094e-12,True
C18_negative|IK:AIONOLUJZLIMTK-UHFFFAOYSA-N,Mycobacterium kansasii,0.6417908876674261,1.615318322740227e-13,0.6417908876674261,0.3056847051216436,positive,putative_production_like,1.9942201515311445e-12,True
C18_positive|IK:MECHNRXZTMCUDQ-UHFFFAOYSA-N,Acidipropionibacterium virtanenii,-0.6416749945092429,1.6367763337701582e-13,0.6416749945092429,0.3239527063672076,negative,putative_consumption_like,2.01656221819732e-12,True
C18_negative|IK:AIONOLUJZLIMTK-UHFFFAOYSA-N,Salinispora tropica,0.6416202852150501,1.6470015433948298e-13,0.6416202852150501,0.3233706799919194,positive,putative_production_like,2.0250018976165936e-12,True
C18_negative|IK:AIONOLUJZLIMTK-UHFFFAOYSA-N,Actinoalloteichus sp. AHMU CJ021,0.6415365300268152,1.6627753125472694e-13,0.6415365300268152,0.3519411708928808,positive,putative_production_like,2.0402151074199623e-12,True
C18_positive|IK:MECHNRXZTMCUDQ-UHFFFAOYSA-N,Burkholderia pseudomallei,-0.6414399887934743,1.681138503344788e-13,0.6414399887934743,0.3439112856227413,negative,putative_consumption_like,2.058536942871169e-12,True
C18_negative|IK:RGHHSNMVTDWUBI-UHFFFAOYSA-N,Massilia armeniaca,-0.6413024297940163,1.70764313233273e-13,0.6413024297940163,0.405607947877578,negative,putative_consumption_like,2.0867329519340893e-12,True
C18_positive|IK:MECHNRXZTMCUDQ-UHFFFAOYSA-N,Actinoalloteichus sp. GBA129-24,-0.6410812126379177,1.7511170185729333e-13,0.6410812126379177,0.3721496014437475,negative,putative_consumption_like,2.135508559235285e-12,True
C18_negative|IK:WLJVXDMOQOGPHL-UHFFFAOYSA-N,Komagataeibacter hansenii,0.640986306714976,1.770094625889169e-13,0.640986306714976,0.3445955686846336,positive,putative_production_like,2.150604449631303e-12,True
C18_positive|IK:MECHNRXZTMCUDQ-UHFFFAOYSA-N,Corynebacterium glyciniphilum,-0.640983472904579,1.77066433019644e-13,0.640983472904579,0.2769656143927759,negative,putative_consumption_like,2.150604449631303e-12,True
C18_positive|IK:MECHNRXZTMCUDQ-UHFFFAOYSA-N,Rhodococcus sp. WB1,-0.6408345906961622,1.8008461845758036e-13,0.6408345906961622,0.302640852666781,negative,putative_consumption_like,2.1828438600918828e-12,True
HILICZ_positive|IK:OYTCZOJKXCTBHG-UHFFFAOYSA-N,Streptomyces xiamenensis,0.6407312267212579,1.82209260940704e-13,0.6407312267212579,0.2723470663213674,positive,putative_production_like,2.2041442855730327e-12,True
C18_positive|IK:MECHNRXZTMCUDQ-UHFFFAOYSA-N,Alloactinosynnema sp. L-07,-0.6405366737132985,1.8627427332050111e-13,0.6405366737132985,0.2850001641778728,negative,putative_consumption_like,2.245644632894995e-12,True
HILICZ_positive|IK:OYTCZOJKXCTBHG-UHFFFAOYSA-N,Bradyrhizobium lablabi,0.6405312661140019,1.8638850453028459e-13,0.6405312661140019,0.3116128294798881,positive,putative_production_like,2.245644632894995e-12,True
C18_negative|IK:AIONOLUJZLIMTK-UHFFFAOYSA-N,Paludisphaera borealis,0.6403995288252037,1.8919238347189529e-13,0.6403995288252037,0.3855973573444302,positive,putative_production_like,2.274858318299342e-12,True
HILICZ_negative|IK:LWYJCVVIVLBLID-UHFFFAOYSA-N,Streptomyces sp. TLI_053,0.6403425599062561,1.9041750432006425e-13,0.6403425599062561,0.2319586203568091,positive,putative_production_like,2.280741712385729e-12,True
C18_negative|IK:AIONOLUJZLIMTK-UHFFFAOYSA-N,Streptomyces cattleya,0.6403414275677203,1.904419329842084e-13,0.6403414275677203,0.2896254169089967,positive,putative_production_like,2.280741712385729e-12,True
C18_positive|IK:LVGKNOAMLMIIKO-QXMHVHEDSA-N,Thermomonospora curvata,0.6402617214282416,1.9216912544665534e-13,0.6402617214282416,0.274202562496495,positive,putative_production_like,2.2968421368126135e-12,True
HILICZ_positive|IK:OYTCZOJKXCTBHG-UHFFFAOYSA-N,Terriglobus roseus,0.6401026431242024,1.9566170225734117e-13,0.6401026431242024,0.275872425767492,positive,putative_production_like,2.3339368062505905e-12,True
HILICZ_negative|IK:LWYJCVVIVLBLID-UHFFFAOYSA-N,Streptacidiphilus sp. DSM 106435,0.639829737463876,2.0179693221388105e-13,0.639829737463876,0.3008007380843436,positive,putative_production_like,2.402344431117632e-12,True
C18_negative|IK:RGHHSNMVTDWUBI-UHFFFAOYSA-N,Bifidobacterium thermophilum,0.6397635263625372,2.0331326022514882e-13,0.6397635263625372,0.5142710468379739,positive,putative_production_like,2.415603091783946e-12,True
C18_negative|IK:WLJVXDMOQOGPHL-UHFFFAOYSA-N,Streptomyces cattleya,0.6395888149994251,2.073675157383803e-13,0.6395888149994251,0.3720366816774123,positive,putative_production_like,2.4589033486764467e-12,True
C18_positive|IK:MECHNRXZTMCUDQ-UHFFFAOYSA-N,Streptosporangium sp. 'caverna',-0.6393871119124033,2.121454448934637e-13,0.6393871119124033,0.3453264729196292,negative,putative_consumption_like,2.510596980987736e-12,True
C18_positive|IK:LVGKNOAMLMIIKO-QXMHVHEDSA-N,Actinomadura amylolytica,0.6393345756606068,2.13407300770639e-13,0.6393345756606068,0.2786978655093199,positive,putative_production_like,2.5183234473201058e-12,True
C18_negative|IK:AIONOLUJZLIMTK-UHFFFAOYSA-N,Frankia sp. QA3,0.6393250126491503,2.1363777244765565e-13,0.6393250126491503,0.3472964251367574,positive,putative_production_like,2.5183234473201058e-12,True
C18_positive|IK:LVGKNOAMLMIIKO-QXMHVHEDSA-N,Thermobifida fusca,0.6391408762822753,2.181227705269061e-13,0.6391408762822753,0.3280024754688191,positive,putative_production_like,2.564297429195109e-12,True
C18_positive|IK:MECHNRXZTMCUDQ-UHFFFAOYSA-N,Komagataeibacter saccharivorans,-0.639129808716492,2.1839522536542239e-13,0.639129808716492,0.3169456886712001,negative,putative_consumption_like,2.564297429195109e-12,True
HILICZ_positive|IK:OYTCZOJKXCTBHG-UHFFFAOYSA-N,Terriglobus saanensis,0.6391125783747306,2.1882004729131598e-13,0.6391125783747306,0.3134346814332449,positive,putative_production_like,2.564297429195109e-12,True
C18_positive|IK:MECHNRXZTMCUDQ-UHFFFAOYSA-N,Gordonia iterans,-0.6390508708876914,2.203480426864019e-13,0.6390508708876914,0.3030430876433505,negative,putative_consumption_like,2.5771700898994374e-12,True
C18_positive|IK:LVGKNOAMLMIIKO-QXMHVHEDSA-N,Bradyrhizobium erythrophlei,0.6385986231103125,2.3186595307120553e-13,0.6385986231103125,0.2793154590165678,positive,putative_production_like,2.7066064560841104e-12,True
C18_positive|IK:MECHNRXZTMCUDQ-UHFFFAOYSA-N,Streptomyces sp. CMB-StM0423,-0.6385767973779783,2.3243630156190986e-13,0.6385767973779783,0.3290050258833634,negative,putative_consumption_like,2.707995746352348e-12,True
C18_negative|IK:AIONOLUJZLIMTK-UHFFFAOYSA-N,Salinispora arenicola,0.6385475596951561,2.3320246614480165e-13,0.6385475596951561,0.2847907174393813,positive,putative_production_like,2.711656583079089e-12,True
C18_negative|IK:AIONOLUJZLIMTK-UHFFFAOYSA-N,Micromonospora sp. WMMA2032,0.6384263149000345,2.364058066570663e-13,0.6384263149000345,0.291011691937602,positive,putative_production_like,2.743587698147772e-12,True
C18_negative|IK:WLJVXDMOQOGPHL-UHFFFAOYSA-N,Cnuibacter physcomitrellae,0.6382567229052847,2.409580135093407e-13,0.6382567229052847,0.4005199446508212,positive,putative_production_like,2.7910194614981547e-12,True
C18_negative|IK:AIONOLUJZLIMTK-UHFFFAOYSA-N,Micromonospora viridifaciens,0.6381365880817012,2.44233881459397e-13,0.6381365880817012,0.328477224301781,positive,putative_production_like,2.8235130804554558e-12,True
C18_negative|IK:AIONOLUJZLIMTK-UHFFFAOYSA-N,Micromonospora auratinigra,0.6381168666814351,2.447757508510759e-13,0.6381168666814351,0.3381099137456869,positive,putative_production_like,2.824335586743183e-12,True
C18_negative|IK:RGHHSNMVTDWUBI-UHFFFAOYSA-N,Acetobacter ghanensis,0.637979734530079,2.485759170263019e-13,0.637979734530079,0.4156575034538101,positive,putative_production_like,2.862678507020751e-12,True
C18_positive|IK:MECHNRXZTMCUDQ-UHFFFAOYSA-N,Arsenicicoccus sp. oral taxon 190,-0.6379189760741155,2.502778274362673e-13,0.6379189760741155,0.2836841284125477,negative,putative_consumption_like,2.8767566371984745e-12,True
C18_positive|IK:MECHNRXZTMCUDQ-UHFFFAOYSA-N,Kibdelosporangium phytohabitans,-0.6377277695482175,2.557076143978719e-13,0.6377277695482175,0.2769685548062663,negative,putative_consumption_like,2.9335481575281666e-12,True
C18_negative|IK:AIONOLUJZLIMTK-UHFFFAOYSA-N,Micromonospora krabiensis,0.6374299031411284,2.643940301876052e-13,0.6374299031411284,0.3459308772615435,positive,putative_production_like,3.022774882067427e-12,True
C18_negative|IK:RGHHSNMVTDWUBI-UHFFFAOYSA-N,Yoonia vestfoldensis,0.6374265708846164,2.644928021808999e-13,0.6374265708846164,0.4504207591705818,positive,putative_production_like,3.022774882067427e-12,True
C18_positive|IK:MECHNRXZTMCUDQ-UHFFFAOYSA-N,Actinomyces sp. oral taxon 414,-0.6373767107673551,2.6597498474335864e-13,0.6373767107673551,0.2991692702423183,negative,putative_consumption_like,3.0339351871866007e-12,True
C18_positive|IK:LVGKNOAMLMIIKO-QXMHVHEDSA-N,Nocardiopsis dassonvillei,0.6373460187025565,2.668913543832159e-13,0.6373460187025565,0.3095797374958677,positive,putative_production_like,3.038611245349706e-12,True
C18_negative|IK:AIONOLUJZLIMTK-UHFFFAOYSA-N,Nocardia seriolae,0.6372004805178404,2.7127841688763337e-13,0.6372004805178404,0.365753736593442,positive,putative_production_like,3.082709282814016e-12,True
C18_positive|IK:MECHNRXZTMCUDQ-UHFFFAOYSA-N,Saccharomonospora viridis,-0.6371617070053497,2.724589138452687e-13,0.6371617070053497,0.3134702335970023,negative,putative_consumption_like,3.0902712345399094e-12,True
C18_positive|IK:PUQSUZTXKPLAPR-UJPOAAIJSA-N,Methylotenera versatilis,-0.6370995692660038,2.743611283794026e-13,0.6370995692660038,0.2566874787275259,negative,putative_consumption_like,3.105975038257388e-12,True
C18_positive|IK:MECHNRXZTMCUDQ-UHFFFAOYSA-N,Brevibacterium linens,-0.6370049300506019,2.772830150068536e-13,0.6370049300506019,0.3238424055494522,negative,putative_consumption_like,3.13314141250682e-12,True
C18_positive|IK:MECHNRXZTMCUDQ-UHFFFAOYSA-N,Singulisphaera acidiphila,-0.6367782919086427,2.844031212985411e-13,0.6367782919086427,0.2858752467039358,negative,putative_consumption_like,3.2075539996076065e-12,True
C18_negative|IK:AIONOLUJZLIMTK-UHFFFAOYSA-N,Micromonospora purpureochromogenes,0.6366126078435876,2.89719867063076e-13,0.6366126078435876,0.320132822076657,positive,putative_production_like,3.2613868712541384e-12,True
C18_positive|IK:MECHNRXZTMCUDQ-UHFFFAOYSA-N,Prauserella marina,-0.6365658599815631,2.91237299877397e-13,0.6365658599815631,0.2787254445094378,negative,putative_consumption_like,3.2690932321335365e-12,True
C18_negative|IK:AIONOLUJZLIMTK-UHFFFAOYSA-N,Frankia casuarinae,0.6365579705791572,2.9149414653190697e-13,0.6365579705791572,0.4353872431903767,positive,putative_production_like,3.2690932321335365e-12,True
C18_positive|IK:MECHNRXZTMCUDQ-UHFFFAOYSA-N,Amycolatopsis sp. BJA-103,-0.6364048781633285,2.965218109413112e-13,0.6364048781633285,0.338461351706687,negative,putative_consumption_like,3.319274003074379e-12,True
C18_negative|IK:AIONOLUJZLIMTK-UHFFFAOYSA-N,Actinosynnema mirum,0.6361814175508267,3.0401129288086544e-13,0.6361814175508267,0.3829104161522108,positive,putative_production_like,3.396774222132575e-12,True
C18_negative|IK:AIONOLUJZLIMTK-UHFFFAOYSA-N,Frankia sp. EAN1pec,0.6360937659069228,3.069987064378164e-13,0.6360937659069228,0.3546592812001958,positive,putative_production_like,3.4237773952172828e-12,True
C18_positive|IK:MECHNRXZTMCUDQ-UHFFFAOYSA-N,Komagataeibacter medellinensis,-0.6360310448738171,3.091538254227552e-13,0.6360310448738171,0.3905803322656767,negative,putative_consumption_like,3.441415496357201e-12,True
C18_positive|IK:MECHNRXZTMCUDQ-UHFFFAOYSA-N,Saccharomonospora cyanea,-0.6358555217906214,3.152629400259097e-13,0.6358555217906214,0.308776501731153,negative,putative_consumption_like,3.5029215558434404e-12,True
C18_positive|IK:MECHNRXZTMCUDQ-UHFFFAOYSA-N,Amycolatopsis albispora,-0.6356831774463537,3.2137495909857855e-13,0.6356831774463537,0.2786513494369589,negative,putative_consumption_like,3.564232448413071e-12,True
C18_negative|IK:AIONOLUJZLIMTK-UHFFFAOYSA-N,Amycolatopsis keratiniphila,0.6354418628448579,3.301258909953375e-13,0.6354418628448579,0.3058193688466972,positive,putative_production_like,3.646271676512318e-12,True
C18_negative|IK:AIONOLUJZLIMTK-UHFFFAOYSA-N,Corynebacterium sphenisci,0.6354353319204862,3.303659003604205e-13,0.6354353319204862,0.3083113162839308,positive,putative_production_like,3.646271676512318e-12,True
C18_negative|IK:AIONOLUJZLIMTK-UHFFFAOYSA-N,Micromonospora sp. B006,0.6354290940232077,3.3059529867045023e-13,0.6354290940232077,0.3308631251385439,positive,putative_production_like,3.646271676512318e-12,True
C18_negative|IK:RGHHSNMVTDWUBI-UHFFFAOYSA-N,Fuerstia marisgermanicae,0.6352165753478853,3.38503367052437e-13,0.6352165753478853,0.419243143001994,positive,putative_production_like,3.7232927739378964e-12,True
C18_negative|IK:AIONOLUJZLIMTK-UHFFFAOYSA-N,Rhodococcus sp. 2G,0.6352081760963667,3.388196424283486e-13,0.6352081760963667,0.3812596926049751,positive,putative_production_like,3.7232927739378964e-12,True
C18_negative|IK:AIONOLUJZLIMTK-UHFFFAOYSA-N,Mycolicibacter terrae,0.6351571006428948,3.407490611797455e-13,0.6351571006428948,0.3339984241223286,positive,putative_production_like,3.737649665591358e-12,True
C18_positive|IK:MECHNRXZTMCUDQ-UHFFFAOYSA-N,Rhodococcus coprophilus,-0.634905010926265,3.5042870457085614e-13,0.634905010926265,0.3076781135966153,negative,putative_consumption_like,3.830054483293481e-12,True
C18_positive|IK:MECHNRXZTMCUDQ-UHFFFAOYSA-N,Plantactinospora sp. BB1,-0.6348923066839662,3.509234921688425e-13,0.6348923066839662,0.3263401288259189,negative,putative_consumption_like,3.830054483293481e-12,True
C18_positive|IK:MECHNRXZTMCUDQ-UHFFFAOYSA-N,Rhodococcus rhodochrous,-0.6348880781905977,3.510883276352359e-13,0.6348880781905977,0.2848590720251605,negative,putative_consumption_like,3.830054483293481e-12,True
C18_positive|IK:MECHNRXZTMCUDQ-UHFFFAOYSA-N,Actinomyces hongkongensis,-0.634823268299265,3.5362414231497293e-13,0.634823268299265,0.2954530062241969,negative,putative_consumption_like,3.850716613230194e-12,True
C18_negative|IK:AIONOLUJZLIMTK-UHFFFAOYSA-N,Frankia inefficax,0.6346372669920333,3.610005845849407e-13,0.6346372669920333,0.3463972519625082,positive,putative_production_like,3.923919397662399e-12,True
C18_positive|IK:MECHNRXZTMCUDQ-UHFFFAOYSA-N,Amycolatopsis sp. AA4,-0.6345154760083979,3.659109717849605e-13,0.6345154760083979,0.2990367562540696,negative,putative_consumption_like,3.970100959692157e-12,True
C18_negative|IK:AIONOLUJZLIMTK-UHFFFAOYSA-N,Frankia alni,0.6343420697880695,3.730140169671188e-13,0.6343420697880695,0.4139001645329165,positive,putative_production_like,4.039862999643887e-12,True
C18_positive|IK:MECHNRXZTMCUDQ-UHFFFAOYSA-N,Cutibacterium avidum,-0.6342064344622279,3.78662672357229e-13,0.6342064344622279,0.2769658440611566,negative,putative_consumption_like,4.093650511970044e-12,True
C18_negative|IK:AIONOLUJZLIMTK-UHFFFAOYSA-N,Corynebacterium efficiens,0.6340893696385929,3.8360438766833737e-13,0.6340893696385929,0.3607265966035338,positive,putative_production_like,4.139615694262633e-12,True
C18_positive|IK:MECHNRXZTMCUDQ-UHFFFAOYSA-N,Luteipulveratus mongoliensis,-0.6339862559273963,3.880088015310919e-13,0.6339862559273963,0.2951652333433379,negative,putative_consumption_like,4.179628023674239e-12,True
C18_negative|IK:AIONOLUJZLIMTK-UHFFFAOYSA-N,Actinomyces sp. oral taxon 897,0.6337734187623814,3.972551656691013e-13,0.6337734187623814,0.3417839278760328,positive,putative_production_like,4.268177363198474e-12,True
HILICZ_positive|IK:XPCTZQVDEJYUGT-UHFFFAOYSA-N,Sulfurihydrogenibium sp. YO3AOP1,-0.6337643950770072,3.9765185767132453e-13,0.6337643950770072,0.2172239030535312,negative,putative_consumption_like,4.268177363198474e-12,True
C18_positive|IK:MECHNRXZTMCUDQ-UHFFFAOYSA-N,Saccharothrix espanaensis,-0.6337349106724651,3.989507003597818e-13,0.6337349106724651,0.3699083834987107,negative,putative_consumption_like,4.27447178956909e-12,True
C18_negative|IK:AIONOLUJZLIMTK-UHFFFAOYSA-N,Acidothermus cellulolyticus,0.6337125489842163,3.999385093643201e-13,0.6337125489842163,0.3760575713820371,positive,putative_production_like,4.277417212452621e-12,True
C18_negative|IK:AIONOLUJZLIMTK-UHFFFAOYSA-N,Nocardia terpenica,0.6335815067079753,4.057749183835144e-13,0.6335815067079753,0.3375560996582409,positive,putative_production_like,4.33211656637204e-12,True
C18_positive|IK:LVGKNOAMLMIIKO-QXMHVHEDSA-N,Nocardiopsis gilva,0.6330127745460458,4.320740535366972e-13,0.6330127745460458,0.2909325482737435,positive,putative_production_like,4.6000887678677694e-12,True
C18_negative|IK:AIONOLUJZLIMTK-UHFFFAOYSA-N,Actinopolymorpha singaporensis,0.633005763053367,4.324083441795704e-13,0.633005763053367,0.3502168480231473,positive,putative_production_like,4.6000887678677694e-12,True
C18_positive|IK:LVGKNOAMLMIIKO-QXMHVHEDSA-N,Mycobacterium sp. JS623,-0.6328749434636609,4.386915665682093e-13,0.6328749434636609,0.3144370537138172,negative,putative_consumption_like,4.658671503379214e-12,True
C18_positive|IK:MECHNRXZTMCUDQ-UHFFFAOYSA-N,Corynebacterium sp. 2183,-0.6325156490080382,4.564060337199875e-13,0.6325156490080382,0.3234452623578856,negative,putative_consumption_like,4.8382265058655895e-12,True
C18_positive|IK:MECHNRXZTMCUDQ-UHFFFAOYSA-N,Amycolatopsis keratiniphila,-0.632437690059177,4.603400172676224e-13,0.632437690059177,0.3183143678514883,negative,putative_consumption_like,4.8713229340489136e-12,True
HILICZ_positive|IK:OYTCZOJKXCTBHG-UHFFFAOYSA-N,Micromonospora narathiwatensis,0.6322096556357525,4.720363209739112e-13,0.6322096556357525,0.2670995170554628,positive,putative_production_like,4.98033354499399e-12,True
C18_negative|IK:AIONOLUJZLIMTK-UHFFFAOYSA-N,Amycolatopsis mediterranei,0.6322045467059239,4.723016311835967e-13,0.6322045467059239,0.3181475543576146,positive,putative_production_like,4.98033354499399e-12,True
C18_negative|IK:GYUCMTKUEQLBJW-UHFFFAOYSA-N,Bradyrhizobium erythrophlei,0.632073224266371,4.791710047387467e-13,0.632073224266371,0.2234475699696245,positive,putative_production_like,5.04390531303944e-12,True
C18_positive|IK:MECHNRXZTMCUDQ-UHFFFAOYSA-N,Lawsonella clevelandensis,-0.6319328095521766,4.86622861044885e-13,0.6319328095521766,0.2827985478506076,negative,putative_consumption_like,5.1133750722755e-12,True
C18_negative|IK:WLJVXDMOQOGPHL-UHFFFAOYSA-N,Corynebacterium argentoratense,0.631587823364778,5.054104475664567e-13,0.631587823364778,0.3595445178480658,positive,putative_production_like,5.301508191256538e-12,True
C18_positive|IK:MECHNRXZTMCUDQ-UHFFFAOYSA-N,Komagataeibacter nataicola,-0.6315004554048431,5.102786119888605e-13,0.6315004554048431,0.3033156295637726,negative,putative_consumption_like,5.343231539150372e-12,True
C18_negative|IK:AIONOLUJZLIMTK-UHFFFAOYSA-N,Gordonia bronchialis,0.6314334593203782,5.140423379181796e-13,0.6314334593203782,0.3017154399550903,positive,putative_production_like,5.373264856287592e-12,True
C18_positive|IK:MECHNRXZTMCUDQ-UHFFFAOYSA-N,Phycicoccus dokdonensis,-0.6312788499363579,5.228307755821336e-13,0.6312788499363579,0.3437880716934316,negative,putative_consumption_like,5.455625484335306e-12,True
C18_negative|IK:WLJVXDMOQOGPHL-UHFFFAOYSA-N,Corynebacterium sp. 2184,0.6307927957177693,5.514161926663307e-13,0.6307927957177693,0.3306784661417414,positive,putative_production_like,5.743918673607612e-12,True
C18_negative|IK:WLJVXDMOQOGPHL-UHFFFAOYSA-N,Streptomyces sp. CNQ-509,0.6307366135967768,5.548161712389323e-13,0.6307366135967768,0.3837333106143115,positive,putative_production_like,5.7597569755763736e-12,True
C18_negative|IK:RGHHSNMVTDWUBI-UHFFFAOYSA-N,Friedmanniella sagamiharensis,0.630722337477941,5.556833452897457e-13,0.630722337477941,0.4066141620562677,positive,putative_production_like,5.7597569755763736e-12,True
C18_positive|IK:MECHNRXZTMCUDQ-UHFFFAOYSA-N,Dermacoccus nishinomiyaensis,-0.6307201464940883,5.558165481431203e-13,0.6307201464940883,0.2851166468113284,negative,putative_consumption_like,5.7597569755763736e-12,True
C18_negative|IK:WLJVXDMOQOGPHL-UHFFFAOYSA-N,Corynebacterium imitans,0.6305503107375625,5.662363655345368e-13,0.6305503107375625,0.3719790731683239,positive,putative_production_like,5.857617574495207e-12,True
HILICZ_negative|IK:QZZGJDVWLFXDLK-UHFFFAOYSA-N,Chryseolinea sp. KIS68-18,-0.6305040039324231,5.691100099286556e-13,0.6305040039324231,0.2255593897305177,negative,putative_consumption_like,5.8772118064921395e-12,True
C18_negative|IK:AIONOLUJZLIMTK-UHFFFAOYSA-N,Pseudonocardia sp. HH130630-07,0.6303172702925736,5.808418286415625e-13,0.6303172702925736,0.2944814696086162,positive,putative_production_like,5.988060089088273e-12,True
C18_positive|IK:MECHNRXZTMCUDQ-UHFFFAOYSA-N,Bifidobacterium breve,-0.6302935486931428,5.823488102802818e-13,0.6302935486931428,0.2836455521923118,negative,putative_consumption_like,5.993298219008046e-12,True
C18_negative|IK:AIONOLUJZLIMTK-UHFFFAOYSA-N,Nocardia sp. CFHS0054,0.6302134229068035,5.8746703132217e-13,0.6302134229068035,0.3114994012954053,positive,putative_production_like,6.035620184816815e-12,True
C18_positive|IK:MECHNRXZTMCUDQ-UHFFFAOYSA-N,Candidatus Koribacter versatilis,-0.6300722778276009,5.965889906964789e-13,0.6300722778276009,0.3127232618547326,negative,putative_consumption_like,6.118861443040809e-12,True
C18_positive|IK:MECHNRXZTMCUDQ-UHFFFAOYSA-N,Micromonospora purpureochromogenes,-0.6298444569027474,6.116023138394034e-13,0.6298444569027474,0.3406904100135794,negative,putative_consumption_like,6.262139732144062e-12,True
C18_positive|IK:MECHNRXZTMCUDQ-UHFFFAOYSA-N,Corynebacterium halotolerans,-0.6298260440681756,6.128315432746356e-13,0.6298260440681756,0.3209806750124677,negative,putative_consumption_like,6.264036217457945e-12,True
C18_negative|IK:AIONOLUJZLIMTK-UHFFFAOYSA-N,Bradyrhizobium sp. BTAi1,0.6297613732607705,6.171678848625726e-13,0.6297613732607705,0.3006732466806627,positive,putative_production_like,6.297631478189515e-12,True
HILICZ_positive|IK:OYTCZOJKXCTBHG-UHFFFAOYSA-N,Streptomyces cattleya,0.6296264732965945,6.26308967538903e-13,0.6296264732965945,0.2472095059583283,positive,putative_production_like,6.38005739428424e-12,True
C18_positive|IK:MECHNRXZTMCUDQ-UHFFFAOYSA-N,Plantactinospora sp. KBS50,-0.6294239687588519,6.402772774291158e-13,0.6294239687588519,0.3505114715203716,negative,putative_consumption_like,6.511294346736771e-12,True
C18_positive|IK:LVGKNOAMLMIIKO-QXMHVHEDSA-N,Thermobispora bispora,0.6291556471921241,6.592501841942027e-13,0.6291556471921241,0.294139246308585,positive,putative_production_like,6.692895271007135e-12,True
HILICZ_positive|IK:OYTCZOJKXCTBHG-UHFFFAOYSA-N,Micromonospora auratinigra,0.6289973113087599,6.706998820772534e-13,0.6289973113087599,0.2447416908708914,positive,putative_production_like,6.7976339399721616e-12,True
C18_negative|IK:RGHHSNMVTDWUBI-UHFFFAOYSA-N,Confluentimicrobium sp. EMB200-NS6,0.6289301860860514,6.756117108604859e-13,0.6289301860860514,0.4152687142536964,positive,putative_production_like,6.8256764642116754e-12,True
C18_negative|IK:WLJVXDMOQOGPHL-UHFFFAOYSA-N,Actinomyces radicidentis,0.6289284123905425,6.757419699569558e-13,0.6289284123905425,0.3438852930410196,positive,putative_production_like,6.8256764642116754e-12,True
C18_positive|IK:MECHNRXZTMCUDQ-UHFFFAOYSA-N,Kineococcus radiotolerans,-0.6286040295026649,6.999772429899493e-13,0.6286040295026649,0.2821845953453303,negative,putative_consumption_like,7.058594046957471e-12,True
C18_negative|IK:WLJVXDMOQOGPHL-UHFFFAOYSA-N,Dietzia timorensis,0.6285039218408577,7.076246874430002e-13,0.6285039218408577,0.3355786807228607,positive,putative_production_like,7.123738464191277e-12,True
C18_negative|IK:AIONOLUJZLIMTK-UHFFFAOYSA-N,Corynebacterium terpenotabidum,0.6284359911358508,7.128600032921946e-13,0.6284359911358508,0.3823523580382022,positive,putative_production_like,7.164422143640147e-12,True
C18_negative|IK:AIONOLUJZLIMTK-UHFFFAOYSA-N,Rhodococcus ruber,0.628299786559711,7.23470136190821e-13,0.628299786559711,0.2904072778704663,positive,putative_production_like,7.258897687533321e-12,True
C18_negative|IK:WLJVXDMOQOGPHL-UHFFFAOYSA-N,Cellulomonas gilvus,0.6281981325464805,7.314881664619615e-13,0.6281981325464805,0.3505697660283009,positive,putative_production_like,7.327093487098111e-12,True
C18_positive|IK:MECHNRXZTMCUDQ-UHFFFAOYSA-N,Actinomyces sp. Z16,-0.628163920901745,7.342059052813217e-13,0.628163920901745,0.2952571222884406,negative,putative_consumption_like,7.342059052813217e-12,True
C18_positive|IK:MECHNRXZTMCUDQ-UHFFFAOYSA-N,Mobiluncus curtisii,-0.6280715446977626,7.415930360575769e-13,0.6280715446977626,0.3076731132903112,negative,putative_consumption_like,7.395585188266605e-12,True
HILICZ_positive|IK:OYTCZOJKXCTBHG-UHFFFAOYSA-N,Nocardiopsis gilva,0.6280661865462532,7.420237138894163e-13,0.6280661865462532,0.2432723988670186,positive,putative_production_like,7.395585188266605e-12,True
HILICZ_positive|IK:OYTCZOJKXCTBHG-UHFFFAOYSA-N,Salinispora tropica,0.6279830213586142,7.487394559231892e-13,0.6279830213586142,0.2501104673013246,positive,putative_production_like,7.450143840031733e-12,True
C18_negative|IK:WLJVXDMOQOGPHL-UHFFFAOYSA-N,Dehalogenimonas lykanthroporepellens,0.6278718429934594,7.578091622761029e-13,0.6278718429934594,0.3184484720687157,positive,putative_production_like,7.527905585524202e-12,True
HILICZ_positive|IK:OYTCZOJKXCTBHG-UHFFFAOYSA-N,Nakamurella panacisegetis,0.6278278702373591,7.614256060371283e-13,0.6278278702373591,0.2687241156116253,positive,putative_production_like,7.550316488760087e-12,True
C18_negative|IK:AIONOLUJZLIMTK-UHFFFAOYSA-N,Pseudonocardia dioxanivorans,0.6278138525277255,7.625819653647688e-13,0.6278138525277255,0.3060325934572914,positive,putative_production_like,7.550316488760087e-12,True
C18_positive|IK:MECHNRXZTMCUDQ-UHFFFAOYSA-N,Actinomyces oris,-0.6277675540726044,7.664133290968537e-13,0.6277675540726044,0.2791566204691369,negative,putative_consumption_like,7.575749546262144e-12,True
C18_positive|IK:MECHNRXZTMCUDQ-UHFFFAOYSA-N,Micromonospora narathiwatensis,-0.6276129848764831,7.793397375541353e-13,0.6276129848764831,0.3672425899123057,negative,putative_consumption_like,7.690852673231598e-12,True
C18_positive|IK:MECHNRXZTMCUDQ-UHFFFAOYSA-N,Actinosynnema pretiosum,-0.6275959524103275,7.807769651879461e-13,0.6275959524103275,0.349038476201811,negative,putative_consumption_like,7.692383893477299e-12,True
C18_negative|IK:WLJVXDMOQOGPHL-UHFFFAOYSA-N,Kozakia baliensis,0.6274969996527475,7.891775869496885e-13,0.6274969996527475,0.3228184795578186,positive,putative_production_like,7.7624024945871e-12,True
HILICZ_negative|IK:QZZGJDVWLFXDLK-UHFFFAOYSA-N,Streptomyces sp. TLI_053,0.6271420631244051,8.200348577024386e-13,0.6271420631244051,0.299634395784889,positive,putative_production_like,8.052715460253081e-12,True
C18_negative|IK:AIONOLUJZLIMTK-UHFFFAOYSA-N,Streptomyces sp. CNQ-509,0.6266872179981984,8.61286631775668e-13,0.6266872179981984,0.3215544353709885,positive,putative_production_like,8.44398658603596e-12,True
C18_negative|IK:WLJVXDMOQOGPHL-UHFFFAOYSA-N,Actinomyces gaoshouyii,0.6265444199378805,8.746463256104319e-13,0.6265444199378805,0.3729204576145188,positive,putative_production_like,8.552738098764915e-12,True
C18_negative|IK:AIONOLUJZLIMTK-UHFFFAOYSA-N,Gordonia iterans,0.6265382272762479,8.752301987736096e-13,0.6265382272762479,0.3238926125600012,positive,putative_production_like,8.552738098764915e-12,True
C18_positive|IK:MECHNRXZTMCUDQ-UHFFFAOYSA-N,Amycolatopsis orientalis,-0.6264278745250422,8.856981756930555e-13,0.6264278745250422,0.3821274361821696,negative,putative_consumption_like,8.640957811639564e-12,True
HILICZ_positive|IK:OYTCZOJKXCTBHG-UHFFFAOYSA-N,Haematospirillum jordaniae,0.6262709412145051,9.007934384012916e-13,0.6262709412145051,0.2749404574412755,positive,putative_production_like,8.770410479750451e-12,True
C18_positive|IK:MECHNRXZTMCUDQ-UHFFFAOYSA-N,Micromonospora siamensis,-0.6262596347945267,9.01890544334338e-13,0.6262596347945267,0.3139847141026384,negative,putative_consumption_like,8.770410479750451e-12,True
C18_negative|IK:AIONOLUJZLIMTK-UHFFFAOYSA-N,Streptomyces sp. CMB-StM0423,0.6261344324626761,9.14126089133786e-13,0.6261344324626761,0.3255631144792485,positive,putative_production_like,8.875010574114426e-12,True
HILICZ_negative|IK:QZZGJDVWLFXDLK-UHFFFAOYSA-N,Kitasatospora sp. MMS16-BH015,0.6258787250528552,9.396158887207468e-13,0.6258787250528552,0.3517161378095168,positive,putative_production_like,9.10774690197816e-12,True
C18_positive|IK:LVGKNOAMLMIIKO-QXMHVHEDSA-N,Streptosporangium roseum,0.6258199036708171,9.455758817715325e-13,0.6258199036708171,0.2404375678484793,positive,putative_production_like,9.150734339724503e-12,True
C18_negative|IK:AIONOLUJZLIMTK-UHFFFAOYSA-N,Janthinobacterium sp. LM6,-0.6255169591007188,9.7685471641917e-13,0.6255169591007188,0.2920908685144967,negative,putative_consumption_like,9.438209820475076e-12,True
C18_negative|IK:AIONOLUJZLIMTK-UHFFFAOYSA-N,Pseudonocardia sp. AL041005-10,0.6252760369729745,1.0024414818312925e-12,0.6252760369729745,0.3013710776244513,positive,putative_production_like,9.66985352248835e-12,True
C18_positive|IK:MECHNRXZTMCUDQ-UHFFFAOYSA-N,Plantactinospora sp. BC1,-0.6251065711541701,1.0208261826721044e-12,0.6251065711541701,0.3451510228844578,negative,putative_consumption_like,9.831391807435995e-12,True
C18_positive|IK:LVGKNOAMLMIIKO-QXMHVHEDSA-N,Nocardiopsis alba,0.6249393743049095,1.0392839140921234e-12,0.6249393743049095,0.2490332748351398,positive,putative_production_like,9.993114558578108e-12,True
C18_positive|IK:LVGKNOAMLMIIKO-QXMHVHEDSA-N,Mycobacterium colombiense,0.6248371550796655,1.0507268867582703e-12,0.6248371550796655,0.2610918152734718,positive,putative_production_like,1.0086978112879396e-11,True
C18_positive|IK:MECHNRXZTMCUDQ-UHFFFAOYSA-N,Micromonospora sp. L5,-0.6247340346298227,1.0623941048429226e-12,0.6247340346298227,0.3225756295158883,negative,putative_consumption_like,1.0182691100730888e-11,True
C18_positive|IK:MECHNRXZTMCUDQ-UHFFFAOYSA-N,Brachybacterium saurashtrense,-0.6247029159518347,1.065939451620627e-12,0.6247029159518347,0.2971229705323144,negative,putative_consumption_like,1.0200377527470116e-11,True
C18_negative|IK:WLJVXDMOQOGPHL-UHFFFAOYSA-N,Lawsonella clevelandensis,0.6246350929495017,1.0737061850843645e-12,0.6246350929495017,0.3777224214209784,positive,putative_production_like,1.0258339347939788e-11,True
HILICZ_negative|IK:QZZGJDVWLFXDLK-UHFFFAOYSA-N,Kitasatospora aureofaciens,0.6245600048273333,1.082368684179658e-12,0.6245600048273333,0.261984911664896,positive,putative_production_like,1.0324661534305165e-11,True
C18_negative|IK:AIONOLUJZLIMTK-UHFFFAOYSA-N,Dietzia lutea,0.6244089017627064,1.1000058142581093e-12,0.6244089017627064,0.35839167820393,positive,putative_production_like,1.0476245850077231e-11,True
C18_positive|IK:MECHNRXZTMCUDQ-UHFFFAOYSA-N,Brevibacterium aurantiacum,-0.6242062801745266,1.1240928298412292e-12,0.6242062801745266,0.3245519650526685,negative,putative_consumption_like,1.0688679840011689e-11,True
HILICZ_positive|IK:OYTCZOJKXCTBHG-UHFFFAOYSA-N,Komagataeibacter medellinensis,0.6239862829199156,1.1508225697241217e-12,0.6239862829199156,0.2949398313748528,positive,putative_production_like,1.0925530725229004e-11,True
C18_positive|IK:MECHNRXZTMCUDQ-UHFFFAOYSA-N,Brachybacterium faecium,-0.623808438397287,1.1728787997176017e-12,0.623808438397287,0.2861992108243361,negative,putative_consumption_like,1.1117334594479638e-11,True
C18_positive|IK:MECHNRXZTMCUDQ-UHFFFAOYSA-N,Corynebacterium callunae,-0.6236487966440707,1.1930250774621825e-12,0.6236487966440707,0.3013129139707455,negative,putative_consumption_like,1.12904581463298e-11,True
C18_positive|IK:MECHNRXZTMCUDQ-UHFFFAOYSA-N,Micromonospora echinaurantiaca,-0.6236009407034265,1.1991292233349906e-12,0.6236009407034265,0.3321868150656781,negative,putative_consumption_like,1.1330354866157392e-11,True
C18_negative|IK:AIONOLUJZLIMTK-UHFFFAOYSA-N,Brachybacterium sp. VR2415,0.623502570989949,1.211771467104033e-12,0.623502570989949,0.2961757229457813,positive,putative_production_like,1.1431806293434272e-11,True
C18_negative|IK:RGHHSNMVTDWUBI-UHFFFAOYSA-N,Synechococcus sp. SynAce01,0.6234720837488331,1.2157156966775157e-12,0.6234720837488331,0.417040717704328,positive,putative_production_like,1.1451011271687744e-11,True
C18_negative|IK:BJRNKVDFDLYUGJ-RMPHRYRLSA-N,Candidatus Solibacter usitatus,-0.6233583831688088,1.2305352148894049e-12,0.6233583831688088,0.3395765210429671,negative,putative_consumption_like,1.1567468837971522e-11,True
HILICZ_negative|IK:QZZGJDVWLFXDLK-UHFFFAOYSA-N,Kitasatospora setae,0.6233477087353543,1.231935431243967e-12,0.6233477087353543,0.2211112238240886,positive,putative_production_like,1.1567468837971522e-11,True
C18_negative|IK:AIONOLUJZLIMTK-UHFFFAOYSA-N,Saccharomonospora glauca,0.6228460389250678,1.2995071818316745e-12,0.6228460389250678,0.2882094955289864,positive,putative_production_like,1.2182879829671948e-11,True
C18_negative|IK:RGHHSNMVTDWUBI-UHFFFAOYSA-N,Labrenzia aggregata,0.6227804491706634,1.3086021836092869e-12,0.6227804491706634,0.4044058838115298,positive,putative_production_like,1.224900639883888e-11,True
HILICZ_negative|IK:QZZGJDVWLFXDLK-UHFFFAOYSA-N,Streptacidiphilus sp. DSM 106435,0.6227510297884388,1.3127015779881368e-12,0.6227510297884388,0.2544739638228539,positive,putative_production_like,1.22682390466181e-11,True
C18_positive|IK:MECHNRXZTMCUDQ-UHFFFAOYSA-N,Corynebacterium xerosis,-0.6227074624468409,1.3187952034350832e-12,0.6227074624468409,0.3212734803237915,negative,putative_consumption_like,1.230602056082504e-11,True
HILICZ_positive|IK:OYTCZOJKXCTBHG-UHFFFAOYSA-N,Jatrophihabitans sp. GAS493,0.6226721203163615,1.3237584694085857e-12,0.6226721203163615,0.2502871820919998,positive,putative_production_like,1.2333153441694896e-11,True
C18_negative|IK:AIONOLUJZLIMTK-UHFFFAOYSA-N,Actinomyces sp. 2129,0.6226270427231799,1.3301151349822266e-12,0.6226270427231799,0.3068639382054594,positive,putative_production_like,1.2373164046346294e-11,True
C18_negative|IK:AIONOLUJZLIMTK-UHFFFAOYSA-N,Kineococcus radiotolerans,0.622316904154802,1.3746562735191498e-12,0.622316904154802,0.3450254485011261,positive,putative_production_like,1.2767705326803248e-11,True
C18_negative|IK:AIONOLUJZLIMTK-UHFFFAOYSA-N,Halomonas sp. JS92-SW72,0.6222541092246896,1.3838485322510553e-12,0.6222541092246896,0.3154465000344433,positive,putative_production_like,1.2833216682390003e-11,True
C18_negative|IK:AIONOLUJZLIMTK-UHFFFAOYSA-N,Pseudonocardia sp. EC080619-01,0.6220761305288935,1.410225950742055e-12,0.6220761305288935,0.3201693209661216,positive,putative_production_like,1.3044129672025264e-11,True
C18_negative|IK:AIONOLUJZLIMTK-UHFFFAOYSA-N,Saccharomonospora viridis,0.6220713572401935,1.4109400261907324e-12,0.6220713572401935,0.2907146953384814,positive,putative_production_like,1.3044129672025264e-11,True
C18_negative|IK:NGFMICBWJRZIBI-UHFFFAOYSA-N,Methylotenera versatilis,-0.6219760148671912,1.4252764870124049e-12,0.6219760148671912,0.2706463398576244,negative,putative_consumption_like,1.3156398341652967e-11,True
C18_positive|IK:MECHNRXZTMCUDQ-UHFFFAOYSA-N,Streptomyces xinghaiensis,-0.6219600628091034,1.4276888759292824e-12,0.6219600628091034,0.2876574203183373,negative,putative_consumption_like,1.3158422819624723e-11,True
C18_positive|IK:MECHNRXZTMCUDQ-UHFFFAOYSA-N,Amycolatopsis japonica,-0.6219173310483649,1.4341705494462877e-12,0.6219173310483649,0.3484207492987616,negative,putative_consumption_like,1.3192501323524719e-11,True
C18_positive|IK:MECHNRXZTMCUDQ-UHFFFAOYSA-N,Verrucosispora maris,-0.6219067237536554,1.435783894043607e-12,0.6219067237536554,0.3348644869803383,negative,putative_consumption_like,1.3192501323524719e-11,True
HILICZ_positive|IK:OYTCZOJKXCTBHG-UHFFFAOYSA-N,Micromonospora siamensis,0.6216904864725721,1.4690579828158134e-12,0.6216904864725721,0.2431701846631089,positive,putative_production_like,1.347759617262214e-11,True
HILICZ_positive|IK:OYTCZOJKXCTBHG-UHFFFAOYSA-N,Gluconacetobacter diazotrophicus,0.6215837697314917,1.4857527331911269e-12,0.6215837697314917,0.2534811053510051,positive,putative_production_like,1.35910698794407e-11,True
C18_positive|IK:MECHNRXZTMCUDQ-UHFFFAOYSA-N,Cutibacterium granulosum,-0.6215824713681712,1.4859569734855166e-12,0.6215824713681712,0.2864910685561295,negative,putative_consumption_like,1.35910698794407e-11,True
C18_positive|IK:OYTCZOJKXCTBHG-UHFFFAOYSA-N,Streptacidiphilus sp. DSM 106435,0.6215119532051829,1.497090748919354e-12,0.6215119532051829,0.3359230099879369,positive,putative_production_like,1.3672061633966702e-11,True
C18_negative|IK:RGHHSNMVTDWUBI-UHFFFAOYSA-N,Acaryochloris marina,0.6214951506966779,1.499755485233043e-12,0.6214951506966779,0.4149409362354248,positive,putative_production_like,1.3675581932216194e-11,True
C18_negative|IK:AIONOLUJZLIMTK-UHFFFAOYSA-N,Corynebacterium minutissimum,0.6213012308209206,1.5308431715378632e-12,0.6213012308209206,0.3459891403508517,positive,putative_production_like,1.3937874095944126e-11,True
C18_positive|IK:MECHNRXZTMCUDQ-UHFFFAOYSA-N,Gordonia sp. KTR9,-0.6208488030833006,1.6058130590378137e-12,0.6208488030833006,0.3040142095074496,negative,putative_consumption_like,1.4598300536707395e-11,True
C18_negative|IK:WLJVXDMOQOGPHL-UHFFFAOYSA-N,Corynebacterium ureicelerivorans,0.6207611442704944,1.6207433374409284e-12,0.6207611442704944,0.341329200770549,positive,putative_production_like,1.471173982548498e-11,True
HILICZ_positive|IK:OYTCZOJKXCTBHG-UHFFFAOYSA-N,Frankineae bacterium MT45,0.6206083438217684,1.6470899985060989e-12,0.6206083438217684,0.274587111815781,positive,putative_production_like,1.4928308143559812e-11,True
C18_positive|IK:MECHNRXZTMCUDQ-UHFFFAOYSA-N,Dietzia timorensis,-0.6205529840625644,1.6567371702086634e-12,0.6205529840625644,0.3191595141209289,negative,putative_consumption_like,1.4993096562974328e-11,True
C18_negative|IK:AIONOLUJZLIMTK-UHFFFAOYSA-N,Planctomyces sp. SH-PL62,0.6203023811336421,1.7010953226455425e-12,0.6203023811336421,0.3332493544163575,positive,putative_production_like,1.5371343276917555e-11,True
C18_positive|IK:MECHNRXZTMCUDQ-UHFFFAOYSA-N,Corynebacterium falsenii,-0.6199345974487804,1.768279296563171e-12,0.6199345974487804,0.2966127997717169,negative,putative_consumption_like,1.5954399668239138e-11,True
HILICZ_positive|IK:OYTCZOJKXCTBHG-UHFFFAOYSA-N,Allokutzneria albata,0.6196416454333767,1.8236210635768814e-12,0.6196416454333767,0.322352280770529,positive,putative_production_like,1.6429018590782714e-11,True
C18_positive|IK:MECHNRXZTMCUDQ-UHFFFAOYSA-N,Kocuria palustris,-0.6195814651375501,1.8351951774951165e-12,0.6195814651375501,0.3050250453044629,negative,putative_consumption_like,1.6508502346282908e-11,True
C18_positive|IK:MECHNRXZTMCUDQ-UHFFFAOYSA-N,Micromonospora coxensis,-0.6192004379362586,1.9101402218361496e-12,0.6192004379362586,0.4217117594279251,negative,putative_consumption_like,1.7156948100324695e-11,True
C18_positive|IK:MECHNRXZTMCUDQ-UHFFFAOYSA-N,Tessaracoccus sp. Marseille-P5995,-0.6183744692894753,2.0828907967592605e-12,0.6183744692894753,0.2842313454319227,negative,putative_consumption_like,1.8680634948513547e-11,True
C18_negative|IK:AIONOLUJZLIMTK-UHFFFAOYSA-N,Streptomyces virus Caliburn,-0.6182634675193107,2.1072270729535697e-12,0.6182634675193107,0.2971955042097258,negative,putative_consumption_like,1.8860241350562527e-11,True
C18_positive|IK:MECHNRXZTMCUDQ-UHFFFAOYSA-N,Micromonospora rifamycinica,-0.6182545064473599,2.109203657704576e-12,0.6182545064473599,0.3269152831323123,negative,putative_consumption_like,1.8860241350562527e-11,True
C18_negative|IK:WLJVXDMOQOGPHL-UHFFFAOYSA-N,Corynebacterium genitalium,0.617783367862046,2.215685883658809e-12,0.617783367862046,0.3264884101015011,positive,putative_production_like,1.9782909675525078e-11,True
C18_negative|IK:AIONOLUJZLIMTK-UHFFFAOYSA-N,Pseudopropionibacterium propionicum,0.6176834376367742,2.238929572117663e-12,0.6176834376367742,0.3268234853214258,positive,putative_production_like,1.996073912734915e-11,True
HILICZ_positive|IK:OYTCZOJKXCTBHG-UHFFFAOYSA-N,Plantactinospora sp. BC1,0.6175890155673238,2.261108402115164e-12,0.6175890155673238,0.3266462949727153,positive,putative_production_like,2.012856144316169e-11,True
C18_negative|IK:GYUCMTKUEQLBJW-UHFFFAOYSA-N,Streptacidiphilus sp. DSM 106435,0.617362728767084,2.3151282591294045e-12,0.617362728767084,0.2759544076476903,positive,putative_production_like,2.057891785892804e-11,True
HILICZ_positive|IK:OYTCZOJKXCTBHG-UHFFFAOYSA-N,Komagataeibacter europaeus,0.6172406412175035,2.3447889895717077e-12,0.6172406412175035,0.3178502257439399,positive,putative_production_like,2.081173659383172e-11,True
C18_negative|IK:AIONOLUJZLIMTK-UHFFFAOYSA-N,Dermatophilus congolensis,0.6171315130419899,2.371611742703737e-12,0.6171315130419899,0.3273322320595135,positive,putative_production_like,2.10187155926476e-11,True
C18_negative|IK:AIONOLUJZLIMTK-UHFFFAOYSA-N,Mycobacterium canettii,0.617091347223611,2.381558581724562e-12,0.617091347223611,0.3581537656909628,positive,putative_production_like,2.107573966127931e-11,True
HILICZ_negative|IK:LWYJCVVIVLBLID-UHFFFAOYSA-N,Candidatus Solibacter usitatus,0.6169120042473174,2.4264657316039336e-12,0.6169120042473174,0.3138050756954369,positive,putative_production_like,2.1441523401507517e-11,True
C18_negative|IK:AIONOLUJZLIMTK-UHFFFAOYSA-N,Nitrobacter hamburgensis,0.6166756349013883,2.486903221389492e-12,0.6166756349013883,0.3127925432547305,positive,putative_production_like,2.1943263718142573e-11,True
HILICZ_positive|IK:OYTCZOJKXCTBHG-UHFFFAOYSA-N,Streptomyces autolyticus,0.6164801185819503,2.537991487945144e-12,0.6164801185819503,0.2862675152116329,positive,putative_production_like,2.2361158484098184e-11,True
HILICZ_positive|IK:OYTCZOJKXCTBHG-UHFFFAOYSA-N,Komagataeibacter saccharivorans,0.616273383046156,2.5931137090978136e-12,0.616273383046156,0.2552116113781659,positive,putative_production_like,2.281331708883707e-11,True
C18_negative|IK:RGHHSNMVTDWUBI-UHFFFAOYSA-N,Octadecabacter arcticus,0.6162423465401073,2.601488222577614e-12,0.6162423465401073,0.4259876548236527,positive,putative_production_like,2.2853483653683284e-11,True
C18_negative|IK:KDYFGRWQOYBRFD-UHFFFAOYSA-N,Neisseria subflava,-0.6157211358024905,2.7460907556886904e-12,0.6157211358024905,0.198241330296065,negative,putative_consumption_like,2.4088515400777983e-11,True
C18_positive|IK:MECHNRXZTMCUDQ-UHFFFAOYSA-N,Pseudomonas asplenii,0.6156216434458206,2.774562325348993e-12,0.6156216434458206,0.307298937114536,positive,putative_production_like,2.4302735696487528e-11,True
C18_negative|IK:AIONOLUJZLIMTK-UHFFFAOYSA-N,Singulisphaera acidiphila,0.6150760743841907,2.935827522102679e-12,0.6150760743841907,0.3330727775058157,positive,putative_production_like,2.5677791738507397e-11,True
C18_negative|IK:GYUCMTKUEQLBJW-UHFFFAOYSA-N,Catenulispora acidiphila,0.6148828353842456,2.9950895663080048e-12,0.6148828353842456,0.2595057336314577,positive,putative_production_like,2.615798747867253e-11,True
C18_positive|IK:MECHNRXZTMCUDQ-UHFFFAOYSA-N,Brevibacterium sandarakinum,-0.6146450312944725,3.0696057740772217e-12,0.6146450312944725,0.2779894106364833,negative,putative_consumption_like,2.6769817797185072e-11,True
C18_positive|IK:MECHNRXZTMCUDQ-UHFFFAOYSA-N,Actinomyces sp. Chiba101,-0.6141918386024268,3.2166025315939802e-12,0.6141918386024268,0.283620878195264,negative,putative_consumption_like,2.8011052524766155e-11,True
C18_positive|IK:MECHNRXZTMCUDQ-UHFFFAOYSA-N,Pseudonocardia sp. EC080619-01,-0.6139390196496677,3.3015369282002438e-12,0.6139390196496677,0.2795162415520349,negative,putative_consumption_like,2.8709016766958647e-11,True
C18_positive|IK:MECHNRXZTMCUDQ-UHFFFAOYSA-N,Micromonospora sp. WMMA2032,-0.6138427075046811,3.3344593234122938e-12,0.6138427075046811,0.3128208211024632,negative,putative_consumption_like,2.895333710632961e-11,True
C18_negative|IK:RGHHSNMVTDWUBI-UHFFFAOYSA-N,Rhodobacter blasticus,0.613816543366871,3.3434576405285605e-12,0.613816543366871,0.4414719850137749,positive,putative_production_like,2.8989517114409484e-11,True
C18_positive|IK:MECHNRXZTMCUDQ-UHFFFAOYSA-N,Pseudonocardia sp. AL041005-10,-0.6137147967351047,3.3786735850452497e-12,0.6137147967351047,0.3148848830744657,negative,putative_consumption_like,2.9252585151906926e-11,True
C18_positive|IK:MECHNRXZTMCUDQ-UHFFFAOYSA-N,Rhodococcus biphenylivorans,-0.6136853944484498,3.388916670996489e-12,0.6136853944484498,0.3545658916512408,negative,putative_consumption_like,2.929899139190048e-11,True
C18_positive|IK:MBIZFBDREVRUHY-UHFFFAOYSA-N,Mycobacterium haemophilum,0.6136161242868955,3.4131675169692054e-12,0.6136161242868955,0.3206050025582314,positive,putative_production_like,2.946619439110105e-11,True
C18_positive|IK:MECHNRXZTMCUDQ-UHFFFAOYSA-N,Micromonospora coriariae,-0.6135505122462266,3.4362921900946254e-12,0.6135505122462266,0.3063838844616402,negative,putative_consumption_like,2.961744533080021e-11,True
C18_positive|IK:MECHNRXZTMCUDQ-UHFFFAOYSA-N,Micromonospora auratinigra,-0.6135384500278497,3.4405598992612917e-12,0.6135384500278497,0.3555653803603449,negative,putative_consumption_like,2.961744533080021e-11,True
C18_positive|IK:LVGKNOAMLMIIKO-QXMHVHEDSA-N,Mycobacterium shigaense,0.6135058800855708,3.4521089922020017e-12,0.6135058800855708,0.2901366263519693,positive,putative_production_like,2.96742893312493e-11,True
C18_negative|IK:WLJVXDMOQOGPHL-UHFFFAOYSA-N,Corynebacterium uterequi,0.6134522240206345,3.471216781311408e-12,0.6134522240206345,0.3977512091618917,positive,putative_production_like,2.9795852200097924e-11,True
C18_negative|IK:AIONOLUJZLIMTK-UHFFFAOYSA-N,Granulibacter bethesdensis,0.6131897417269931,3.566172592121764e-12,0.6131897417269931,0.3034700506714101,positive,putative_production_like,3.0567193646757973e-11,True
C18_negative|IK:RGHHSNMVTDWUBI-UHFFFAOYSA-N,Pseudomonas balearica,-0.6131733738352636,3.572176217426676e-12,0.6131733738352636,0.4365431568938076,negative,putative_consumption_like,3.0574974756861704e-11,True
C18_positive|IK:MECHNRXZTMCUDQ-UHFFFAOYSA-N,Micromonospora sp. B006,-0.6131368757284832,3.585598631586914e-12,0.6131368757284832,0.3026200556132865,negative,putative_consumption_like,3.0646142150315495e-11,True
C18_negative|IK:AIONOLUJZLIMTK-UHFFFAOYSA-N,Mycobacterium intracellulare,0.6128099123878861,3.708034100008933e-12,0.6128099123878861,0.2955526416103198,positive,putative_production_like,3.164751721202503e-11,True
C18_negative|IK:AIONOLUJZLIMTK-UHFFFAOYSA-N,Brachybacterium sp. P6-10-X1,0.6127144979603348,3.744517726626024e-12,0.6127144979603348,0.3282374306452729,positive,putative_production_like,3.191350335192634e-11,True
C18_positive|IK:MECHNRXZTMCUDQ-UHFFFAOYSA-N,Streptomyces phage phiHau3,0.6123523910647174,3.886156744376301e-12,0.6123523910647174,0.3104469775901237,positive,putative_production_like,3.3073674420223846e-11,True
HILICZ_positive|IK:OYTCZOJKXCTBHG-UHFFFAOYSA-N,Beijerinckia indica,0.61199382194294,4.031503008313217e-12,0.61199382194294,0.2709632701761664,positive,putative_production_like,3.426206522645794e-11,True
C18_negative|IK:AIONOLUJZLIMTK-UHFFFAOYSA-N,Bradyrhizobium sp. ORS 285,0.6118769602177455,4.079997055162574e-12,0.6118769602177455,0.2834020105185733,positive,putative_production_like,3.462515181184646e-11,True
C18_negative|IK:AIONOLUJZLIMTK-UHFFFAOYSA-N,Acidisphaera sp. G45-3,0.6116201877564462,4.188536379950309e-12,0.6116201877564462,0.3675707649835051,positive,putative_production_like,3.5496071016528045e-11,True
C18_negative|IK:GYUCMTKUEQLBJW-UHFFFAOYSA-N,Kitasatospora sp. MMS16-BH015,0.6116018259797509,4.1964039356639495e-12,0.6116018259797509,0.2582826123214268,positive,putative_production_like,3.551258619743822e-11,True
C18_negative|IK:WLJVXDMOQOGPHL-UHFFFAOYSA-N,Dermabacter vaginalis,0.611447263949595,4.2631978865655976e-12,0.611447263949595,0.3751052244670516,positive,putative_production_like,3.602702439351209e-11,True
C18_positive|IK:LVGKNOAMLMIIKO-QXMHVHEDSA-N,Nonomuraea sp. ATCC 55076,0.6112505997923364,4.349671605455172e-12,0.6112505997923364,0.2441454360507808,positive,putative_production_like,3.6706089497512e-11,True
C18_negative|IK:WLJVXDMOQOGPHL-UHFFFAOYSA-N,Corynebacterium geronticis,0.6110834934307893,4.424477503121185e-12,0.6110834934307893,0.3437907354845491,positive,putative_production_like,3.728492277911111e-11,True
HILICZ_positive|IK:OYTCZOJKXCTBHG-UHFFFAOYSA-N,Pseudomonas mendocina,-0.6107856392738086,4.5609046892318246e-12,0.6107856392738086,0.2418552565392113,negative,putative_consumption_like,3.8380684621866696e-11,True
C18_positive|IK:LVGKNOAMLMIIKO-QXMHVHEDSA-N,Streptosporangium sp. 'caverna',0.6107172068995783,4.592818055280548e-12,0.6107172068995783,0.2282719966595241,positive,putative_production_like,3.859510970823989e-11,True
C18_negative|IK:AIONOLUJZLIMTK-UHFFFAOYSA-N,Dietzia sp. JS16-p6b,0.6106502292246773,4.624261752240276e-12,0.6106502292246773,0.3002729656900045,positive,putative_production_like,3.880499372509323e-11,True
C18_negative|IK:AIONOLUJZLIMTK-UHFFFAOYSA-N,Brachybacterium saurashtrense,0.6106240964086379,4.6365864897289865e-12,0.6106240964086379,0.3318315684844433,positive,putative_production_like,3.8854076729572506e-11,True
HILICZ_positive|IK:OYTCZOJKXCTBHG-UHFFFAOYSA-N,Amycolatopsis methanolica,0.6104398779476939,4.72437172916932e-12,0.6104398779476939,0.2585418990461074,positive,putative_production_like,3.953449145748385e-11,True
C18_positive|IK:MECHNRXZTMCUDQ-UHFFFAOYSA-N,Pseudomonas sp. Lz4W,0.6095791466041653,5.156249243125488e-12,0.6095791466041653,0.2928029021377747,positive,putative_production_like,4.308843378656397e-11,True
C18_positive|IK:MECHNRXZTMCUDQ-UHFFFAOYSA-N,Micromonospora aurantiaca,-0.6094111866863058,5.244858177856087e-12,0.6094111866863058,0.298198093963125,negative,putative_consumption_like,4.3767940288089735e-11,True
C18_negative|IK:AIONOLUJZLIMTK-UHFFFAOYSA-N,Aeromicrobium marinum,0.6093864365724481,5.258038994776877e-12,0.6093864365724481,0.3069176487942324,positive,putative_production_like,4.381699162314064e-11,True
HILICZ_positive|IK:XPCTZQVDEJYUGT-UHFFFAOYSA-N,Kozakia baliensis,-0.6093643824532741,5.269810984583788e-12,0.6093643824532741,0.2247338211267506,negative,putative_consumption_like,4.385418295076662e-11,True
C18_negative|IK:WLJVXDMOQOGPHL-UHFFFAOYSA-N,Acidimicrobium ferrooxidans,0.6093461382201154,5.279568571353196e-12,0.6093461382201154,0.3313988808429351,positive,putative_production_like,4.3874531063876966e-11,True
HILICZ_positive|IK:OYTCZOJKXCTBHG-UHFFFAOYSA-N,Acetobacter tropicalis,0.6091262704522925,5.398541178543077e-12,0.6091262704522925,0.2455717194286082,positive,putative_production_like,4.480117160616662e-11,True
C18_negative|IK:WLJVXDMOQOGPHL-UHFFFAOYSA-N,Bifidobacterium thermophilum,0.6089806136165543,5.478778429746162e-12,0.6089806136165543,0.3915546565212282,positive,putative_production_like,4.540424113049306e-11,True
C18_positive|IK:MECHNRXZTMCUDQ-UHFFFAOYSA-N,Aeromicrobium marinum,-0.6088996020120192,5.5239018685859504e-12,0.6088996020120192,0.2845618069253945,negative,putative_consumption_like,4.5715049946918215e-11,True
C18_negative|IK:RGHHSNMVTDWUBI-UHFFFAOYSA-N,Deinococcus deserti,0.6088073887991526,5.575701267877645e-12,0.6088073887991526,0.4421203981458927,positive,putative_production_like,4.608017576758385e-11,True
C18_positive|IK:MECHNRXZTMCUDQ-UHFFFAOYSA-N,Rhodococcus sp. WMMA185,-0.6087387119142325,5.6145838432388505e-12,0.6087387119142325,0.2850408321033799,negative,putative_consumption_like,4.633769334172367e-11,True
C18_negative|IK:AIONOLUJZLIMTK-UHFFFAOYSA-N,Acidiphilium cryptum,0.608537614793096,5.729949789412097e-12,0.608537614793096,0.3455907101374387,positive,putative_production_like,4.7224860901748056e-11,True
C18_positive|IK:MBIZFBDREVRUHY-UHFFFAOYSA-N,Mycobacterium colombiense,0.6085226982160358,5.738597746619922e-12,0.6085226982160358,0.260699596259244,positive,putative_production_like,4.723125717382652e-11,True
C18_negative|IK:AIONOLUJZLIMTK-UHFFFAOYSA-N,Kocuria sp. BT304,0.6084115879191597,5.80341214521801e-12,0.6084115879191597,0.2986383914774131,positive,putative_production_like,4.769927790590145e-11,True
C18_positive|IK:OYTCZOJKXCTBHG-UHFFFAOYSA-N,Kitasatospora setae,0.6083706742541815,5.827456036823719e-12,0.6083706742541815,0.3115976361922454,positive,putative_production_like,4.7831376499237095e-11,True
C18_negative|IK:AIONOLUJZLIMTK-UHFFFAOYSA-N,Brachybacterium faecium,0.6083032241947345,5.867304775474019e-12,0.6083032241947345,0.3463053206613087,positive,putative_production_like,4.8092662094049335e-11,True
C18_positive|IK:OYTCZOJKXCTBHG-UHFFFAOYSA-N,Streptomyces sp. TLI_053,0.6082714192309154,5.886185933060173e-12,0.6082714192309154,0.3022970566990395,positive,putative_production_like,4.817138384110979e-11,True
C18_negative|IK:AIONOLUJZLIMTK-UHFFFAOYSA-N,Actinomyces sp. VUL4_3,0.6082600224339932,5.892965956562431e-12,0.6082600224339932,0.3077032999659395,positive,putative_production_like,4.817138384110979e-11,True
C18_positive|IK:MECHNRXZTMCUDQ-UHFFFAOYSA-N,Micromonospora krabiensis,-0.608205594805505,5.92544939611308e-12,0.608205594805505,0.291494127992919,negative,putative_consumption_like,4.8371015478474116e-11,True
C18_positive|IK:MECHNRXZTMCUDQ-UHFFFAOYSA-N,Micrococcus luteus,-0.6081811142454906,5.940116153427463e-12,0.6081811142454906,0.2793871919145858,negative,putative_consumption_like,4.8424859946419525e-11,True
C18_positive|IK:MECHNRXZTMCUDQ-UHFFFAOYSA-N,Microlunatus soli,-0.608105553086331,5.985607610065298e-12,0.608105553086331,0.2991397833137639,negative,putative_consumption_like,4.872950564503635e-11,True
C18_positive|IK:MECHNRXZTMCUDQ-UHFFFAOYSA-N,Corynebacterium aquilae,-0.6079573215614519,6.075829152451851e-12,0.6079573215614519,0.344677049920902,negative,putative_consumption_like,4.9396984979283336e-11,True
C18_negative|IK:AIONOLUJZLIMTK-UHFFFAOYSA-N,Dehalogenimonas lykanthroporepellens,0.607790118304401,6.179173610244149e-12,0.607790118304401,0.3043895730346779,positive,putative_production_like,5.0169203872076976e-11,True
HILICZ_positive|IK:XPCTZQVDEJYUGT-UHFFFAOYSA-N,Alcanivorax sp. N3-2A,-0.6076262842954088,6.2820804156606346e-12,0.6076262842954088,0.2899760639284614,negative,putative_consumption_like,5.093578715400514e-11,True
C18_positive|IK:LVGKNOAMLMIIKO-QXMHVHEDSA-N,Granulibacter bethesdensis,0.6075741382255297,6.31517988205114e-12,0.6075741382255297,0.3288369667113113,positive,putative_production_like,5.113505977369344e-11,True
C18_negative|IK:WLJVXDMOQOGPHL-UHFFFAOYSA-N,Streptomyces albireticuli,0.6074738456364217,6.3793140135088575e-12,0.6074738456364217,0.3484990933316418,positive,putative_production_like,5.15847494353816e-11,True
C18_positive|IK:MECHNRXZTMCUDQ-UHFFFAOYSA-N,Micromonospora tulbaghiae,-0.6074455678965165,6.397510120368569e-12,0.6074455678965165,0.2896887271955948,negative,putative_consumption_like,5.1662262075654656e-11,True
C18_negative|IK:GYUCMTKUEQLBJW-UHFFFAOYSA-N,Kitasatospora setae,0.6070313812190787,6.669840737262585e-12,0.6070313812190787,0.2223948914972497,positive,putative_production_like,5.3789038203730516e-11,True
C18_negative|IK:GUNGQVJAKLIYDG-JXMROGBWSA-N,Streptacidiphilus sp. DSM 106435,0.6069882472643826,6.6988365956362166e-12,0.6069882472643826,0.2588930292479263,positive,putative_production_like,5.395036184405008e-11,True
HILICZ_positive|IK:OYTCZOJKXCTBHG-UHFFFAOYSA-N,Actinosynnema mirum,0.6069273591556735,6.739974490490813e-12,0.6069273591556735,0.2487993725784822,positive,putative_production_like,5.420891011118616e-11,True
C18_negative|IK:AIONOLUJZLIMTK-UHFFFAOYSA-N,Nakamurella multipartita,0.6067246537634764,6.878693261628769e-12,0.6067246537634764,0.3014626803715443,positive,putative_production_like,5.5250548286174845e-11,True
C18_positive|IK:MECHNRXZTMCUDQ-UHFFFAOYSA-N,Micromonospora chokoriensis,-0.6067112507208487,6.8879619509529714e-12,0.6067112507208487,0.2769893351104997,negative,putative_consumption_like,5.525103169213614e-11,True
C18_negative|IK:AIONOLUJZLIMTK-UHFFFAOYSA-N,Tessaracoccus sp. T2.5-30,0.6065892245566689,6.97290382350712e-12,0.6065892245566689,0.3260824502529917,positive,putative_production_like,5.585770753143221e-11,True
C18_negative|IK:AIONOLUJZLIMTK-UHFFFAOYSA-N,Luteipulveratus mongoliensis,0.6065121728828822,7.027058993173591e-12,0.6065121728828822,0.3137049621896448,positive,putative_production_like,5.6134430735127575e-11,True
C18_positive|IK:MECHNRXZTMCUDQ-UHFFFAOYSA-N,Pseudomonas sp. ATCC 13867,0.6065027462382315,7.033712243480147e-12,0.6065027462382315,0.3068565398407794,positive,putative_production_like,5.6134430735127575e-11,True
C18_positive|IK:MECHNRXZTMCUDQ-UHFFFAOYSA-N,Brachybacterium ginsengisoli,-0.6065001930368192,7.035515318802656e-12,0.6065001930368192,0.281451448497076,negative,putative_consumption_like,5.6134430735127575e-11,True
HILICZ_positive|IK:OYTCZOJKXCTBHG-UHFFFAOYSA-N,Micromonospora echinospora,0.6063660894743339,7.130849185011076e-12,0.6063660894743339,0.2535069558565084,positive,putative_production_like,5.681951541841495e-11,True
C18_positive|IK:OYTCZOJKXCTBHG-UHFFFAOYSA-N,Kitasatospora sp. MMS16-BH015,0.6059774861827002,7.41420098667663e-12,0.6059774861827002,0.3050645200939472,positive,putative_production_like,5.899894684358061e-11,True
C18_positive|IK:MECHNRXZTMCUDQ-UHFFFAOYSA-N,Cyanothece sp. PCC 7425,-0.605422805927508,7.83754754228242e-12,0.605422805927508,0.2837553993365307,negative,putative_consumption_like,6.228514603138347e-11,True
C18_positive|IK:LVGKNOAMLMIIKO-QXMHVHEDSA-N,Streptomyces sp. SCSIO 03032,0.6053505285265123,7.894400619994508e-12,0.6053505285265123,0.2319678071352369,positive,putative_production_like,6.265397317455959e-11,True
C18_positive|IK:LVGKNOAMLMIIKO-QXMHVHEDSA-N,Streptomyces cattleya,0.6052676616506154,7.960073158497647e-12,0.6052676616506154,0.2507986083793612,positive,putative_production_like,6.309172912943974e-11,True
C18_positive|IK:MECHNRXZTMCUDQ-UHFFFAOYSA-N,Micromonospora echinofusca,-0.6049273682224078,8.235329286887424e-12,0.6049273682224078,0.2845898511706002,negative,putative_consumption_like,6.518730306243343e-11,True
C18_negative|IK:GUNGQVJAKLIYDG-JXMROGBWSA-N,Kitasatospora sp. MMS16-BH015,0.6048753825979301,8.278180050656793e-12,0.6048753825979301,0.2728645768270041,positive,putative_production_like,6.544015850321576e-11,True
C18_negative|IK:AIONOLUJZLIMTK-UHFFFAOYSA-N,Acidipropionibacterium acidipropionici,0.6048305919642508,8.315272626139938e-12,0.6048305919642508,0.3355353246055728,positive,putative_production_like,6.564688915373636e-11,True
C18_negative|IK:AIONOLUJZLIMTK-UHFFFAOYSA-N,Amycolatopsis sp. BJA-103,0.6046915600217788,8.431434028106163e-12,0.6046915600217788,0.3060261544355516,positive,putative_production_like,6.647648379584359e-11,True
C18_negative|IK:AIONOLUJZLIMTK-UHFFFAOYSA-N,Xylanimonas cellulosilytica,0.6044992655852385,8.594680338803598e-12,0.6044992655852385,0.2879912544360112,positive,putative_production_like,6.767464833703619e-11,True
HILICZ_positive|IK:OYTCZOJKXCTBHG-UHFFFAOYSA-N,Frankia sp. QA3,0.604357520661165,8.71696178901069e-12,0.604357520661165,0.2392690843016041,positive,putative_production_like,6.854753700401589e-11,True
C18_positive|IK:LVGKNOAMLMIIKO-QXMHVHEDSA-N,Mycobacterium avium,0.6038701988556118,9.15030880263415e-12,0.6038701988556118,0.2596680663097257,positive,putative_production_like,7.18610638950326e-11,True
HILICZ_positive|IK:OYTCZOJKXCTBHG-UHFFFAOYSA-N,Nitrobacter hamburgensis,0.6033270415364329,9.657806972609368e-12,0.6033270415364329,0.2647183856240094,positive,putative_production_like,7.574750566752445e-11,True
C18_negative|IK:GHOKWGTUZJEAQD-UHFFFAOYSA-N,Sediminispirochaeta smaragdinae,-0.6032506779806673,9.731299519717978e-12,0.6032506779806673,0.2524000813263622,negative,putative_consumption_like,7.622427822233404e-11,True
C18_positive|IK:MBIZFBDREVRUHY-UHFFFAOYSA-N,Mycobacterium avium,0.6032230705249408,9.758001617642336e-12,0.6032230705249408,0.3060385543447435,positive,putative_production_like,7.633378058129596e-11,True
C18_positive|IK:OYTCZOJKXCTBHG-UHFFFAOYSA-N,Kitasatospora aureofaciens,0.6031622475947659,9.817079632484608e-12,0.6031622475947659,0.2691395571892818,positive,putative_production_like,7.6695934628786e-11,True
HILICZ_positive|IK:OYTCZOJKXCTBHG-UHFFFAOYSA-N,Acidiphilium cryptum,0.6030825228104187,9.895040148791768e-12,0.6030825228104187,0.3261915529250223,positive,putative_production_like,7.720447450292667e-11,True
HILICZ_positive|IK:OYTCZOJKXCTBHG-UHFFFAOYSA-N,Rhodococcus sp. 2G,0.6029133915618032,1.0062411596002162e-11,0.6029133915618032,0.2807105903024736,positive,putative_production_like,7.840840204677007e-11,True
C18_negative|IK:AIONOLUJZLIMTK-UHFFFAOYSA-N,Corynebacterium aurimucosum,0.602845662300178,1.0130199339850166e-11,0.602845662300178,0.2971965839851624,positive,putative_production_like,7.883423610778341e-11,True
C18_positive|IK:MECHNRXZTMCUDQ-UHFFFAOYSA-N,Micromonospora echinospora,-0.602822123584478,1.0153861404937528e-11,0.602822123584478,0.2968648514564864,negative,putative_consumption_like,7.891602128189789e-11,True
C18_negative|IK:AIONOLUJZLIMTK-UHFFFAOYSA-N,Microlunatus soli,0.6027251297855207,1.0251927372179828e-11,0.6027251297855207,0.3022336516233803,positive,putative_production_like,7.957511543735959e-11,True
C18_positive|IK:MECHNRXZTMCUDQ-UHFFFAOYSA-N,Pseudomonas sp. LG1E9,0.6026740379395412,1.0303950847966088e-11,0.6026740379395412,0.3056188631817758,positive,putative_production_like,7.987558796872937e-11,True
C18_positive|IK:MECHNRXZTMCUDQ-UHFFFAOYSA-N,Xylanimonas cellulosilytica,-0.6025751199587467,1.040539751584784e-11,0.6025751199587467,0.3009120662113398,negative,putative_consumption_like,8.055791625172522e-11,True
C18_positive|IK:MECHNRXZTMCUDQ-UHFFFAOYSA-N,Amycolatopsis mediterranei,-0.6024496149779364,1.0535498646234014e-11,0.6024496149779364,0.3131515982030044,negative,putative_consumption_like,8.146004107912898e-11,True
C18_negative|IK:AIONOLUJZLIMTK-UHFFFAOYSA-N,Opitutus sp. GAS368,0.6023484761354433,1.0641482088898882e-11,0.6023484761354433,0.3513073069385681,positive,putative_production_like,8.217360686408402e-11,True
C18_positive|IK:MECHNRXZTMCUDQ-UHFFFAOYSA-N,Pseudomonas fulva,0.6022102475281322,1.0787997074216174e-11,0.6022102475281322,0.2824501575918128,positive,putative_production_like,8.319792088084453e-11,True
C18_negative|IK:GUNGQVJAKLIYDG-JXMROGBWSA-N,Kitasatospora aureofaciens,0.6019656345590557,1.1052057237597674e-11,0.6019656345590557,0.214820385566453,positive,putative_production_like,8.512495946801803e-11,True
C18_negative|IK:WLJVXDMOQOGPHL-UHFFFAOYSA-N,Halopenitus persicus,0.6018499498418662,1.1179100845989712e-11,0.6018499498418662,0.3241981847616455,positive,putative_production_like,8.599308343069009e-11,True
C18_negative|IK:OKVJCVWFVRATSG-UHFFFAOYSA-N,Actinomyces sp. VUL4_3,-0.601729054572985,1.1313371983145574e-11,0.601729054572985,0.1955246594854029,negative,putative_consumption_like,8.691450947358954e-11,True
HILICZ_positive|IK:XPCTZQVDEJYUGT-UHFFFAOYSA-N,Komagataeibacter saccharivorans,-0.601550240281523,1.1514827082673578e-11,0.601550240281523,0.3289785882488147,negative,putative_consumption_like,8.834905690030879e-11,True
HILICZ_positive|IK:OYTCZOJKXCTBHG-UHFFFAOYSA-N,Micromonospora aurantiaca,0.6013313277750587,1.1766172865580809e-11,0.6013313277750587,0.2618010129082235,positive,putative_production_like,9.016224418069585e-11,True
C18_negative|IK:AIONOLUJZLIMTK-UHFFFAOYSA-N,Komagataeibacter xylinus,0.6012936516887508,1.1809961462571848e-11,0.6012936516887508,0.3446226469889124,positive,putative_production_like,9.038235813192743e-11,True
C18_positive|IK:OYTCZOJKXCTBHG-UHFFFAOYSA-N,Catenulispora acidiphila,0.601033895252893,1.2116167964934797e-11,0.601033895252893,0.3014679441695596,positive,putative_production_like,9.26076532351704e-11,True
C18_positive|IK:PUQSUZTXKPLAPR-UJPOAAIJSA-N,Actinomyces sp. VUL4_3,-0.6009266822227743,1.2244773858307566e-11,0.6009266822227743,0.2709693074169701,negative,putative_consumption_like,9.347155617028676e-11,True
C18_negative|IK:RGHHSNMVTDWUBI-UHFFFAOYSA-N,Halocynthiibacter arcticus,0.6008644657468609,1.2320007618445887e-11,0.6008644657468609,0.4291989506141425,positive,putative_production_like,9.392636049641083e-11,True
HILICZ_positive|IK:XPCTZQVDEJYUGT-UHFFFAOYSA-N,Corynebacterium callunae,-0.6008438588386414,1.2345024195422592e-11,0.6008438588386414,0.303324064682454,negative,putative_consumption_like,9.399764615804004e-11,True
HILICZ_negative|IK:LWYJCVVIVLBLID-UHFFFAOYSA-N,Streptomyces xiamenensis,0.6007957719097853,1.2403592007928994e-11,0.6007957719097853,0.2248644751062807,positive,putative_production_like,9.43238935964182e-11,True
C18_negative|IK:AIONOLUJZLIMTK-UHFFFAOYSA-N,Rhodococcus aetherivorans,0.6007686218753362,1.2436777896726936e-11,0.6007686218753362,0.2940786914388615,positive,putative_production_like,9.445654098779952e-11,True
C18_negative|IK:AIONOLUJZLIMTK-UHFFFAOYSA-N,Amycolatopsis japonica,0.6006922149225673,1.2530631664268956e-11,0.6006922149225673,0.2891496420033044,positive,putative_production_like,9.504903917271016e-11,True
HILICZ_positive|IK:OYTCZOJKXCTBHG-UHFFFAOYSA-N,Acidothermus cellulolyticus,0.6005572000065938,1.2698149111206888e-11,0.6005572000065938,0.2739064051041406,positive,putative_production_like,9.619809932732492e-11,True
C18_negative|IK:GHOKWGTUZJEAQD-UHFFFAOYSA-N,Fluviicola taffensis,-0.6004817357142839,1.2792719310043074e-11,0.6004817357142839,0.2281071608419931,negative,putative_consumption_like,9.679232769263359e-11,True
C18_negative|IK:AIONOLUJZLIMTK-UHFFFAOYSA-N,Propionibacterium freudenreichii,0.6003539484072972,1.2954411189070231e-11,0.6003539484072972,0.3279745349746856,positive,putative_production_like,9.789227598793626e-11,True
C18_positive|IK:LVGKNOAMLMIIKO-QXMHVHEDSA-N,Frankia symbiont of Datisca glomerata,0.600207400675568,1.3142268462648703e-11,0.600207400675568,0.2693421452644289,positive,putative_production_like,9.918693179357512e-11,True
